s,q,source_radius,LD_coeff,1.0e-08,1.2e-08,1.5e-08,1.7e-08,2.1e-08,2.5e-08,3.1e-08,3.7e-08,4.4e-08,5.3e-08,6.4e-08,7.7e-08,9.3e-08,1.1e-07,1.4e-07,1.6e-07,2.0e-07,2.4e-07,2.8e-07,3.4e-07,4.1e-07,5.0e-07,6.0e-07,7.2e-07,8.7e-07,1.0e-06,1.3e-06,1.5e-06,1.8e-06,2.2e-06,2.7e-06,3.2e-06,3.9e-06,4.6e-06,5.6e-06,6.7e-06,8.1e-06,9.8e-06,1.2e-05,1.4e-05,1.7e-05,2.1e-05,2.5e-05,3.0e-05,3.6e-05,4.3e-05,5.2e-05,6.3e-05,7.6e-05,9.1e-05,1.1e-04,1.3e-04,1.6e-04,1.9e-04,2.3e-04,2.8e-04,3.4e-04,4.0e-04,4.9e-04,5.9e-04,7.1e-04,8.5e-04,1.0e-03,1.2e-03,1.5e-03,1.8e-03,2.2e-03,2.6e-03,3.1e-03,3.8e-03,4.5e-03,5.5e-03,6.6e-03,7.9e-03,9.5e-03,1.1e-02,1.4e-02,1.7e-02,2.0e-02,2.4e-02,2.9e-02,3.5e-02,4.2e-02,5.1e-02,6.1e-02,7.4e-02,8.9e-02,1.1e-01,1.3e-01,1.6e-01,1.9e-01,2.3e-01,2.7e-01,3.3e-01,3.9e-01,4.8e-01,5.7e-01,6.9e-01,8.3e-01,1.0e+00
0.2,1e-06,0.0015,0.5,0.98155112,0.9777804,0.9732252,0.9677214,0.96113676,0.9532358,0.94373088,0.9322054,0.9183294,0.90175348,0.88188732,0.8580014,0.82938608,0.79523768,0.7545322,0.7064264,0.6501362,0.58505328,0.511359,0.4301804,0.34465492,0.25988048,0.18179992,0.11677536,0.0692316,0.03967704,0.02311076,0.01389164,0.00858092,0.0055176,0.0035162,0.00222472,0.00138068,0.000802,0.00043672,0.0002672,0.00014544,5.432e-05,5.6e-07,0.0,0.0,0.0,0.0,0.0,0.0,0.0,0.0,0.0,0.0,0.0,0.0,0.0,0.0,0.0,0.0,0.0,0.0,0.0,0.0,0.0,0.0,0.0,0.0,0.0,0.0,0.0,0.0,0.0,0.0,0.0,0.0,0.0,0.0,0.0,0.0,0.0,0.0,0.0,0.0,0.0,0.0,0.0,0.0,0.0,0.0,0.0,0.0,0.0,0.0,0.0,0.0,0.0,0.0,0.0,0.0,0.0,0.0,0.0,0.0,0.0
0.3,1e-06,0.0015,0.5,0.99248304,0.9909722,0.98913376,0.98691112,0.9842144,0.98100748,0.9771176,0.97245172,0.96682872,0.96008508,0.95196552,0.94218548,0.93033936,0.91604592,0.89890984,0.87822324,0.85320572,0.82302288,0.78642176,0.74204584,0.68826748,0.623996,0.54895212,0.46466204,0.37502112,0.28722076,0.21066304,0.14958344,0.1005492,0.06647684,0.04348384,0.02910172,0.01970632,0.01330948,0.00905144,0.00606452,0.00407296,0.00269512,0.00173848,0.00108432,0.0006162,0.00036568,0.00021304,9.928e-05,1.976e-05,0.0,0.0,0.0,0.0,0.0,0.0,0.0,0.0,0.0,0.0,0.0,0.0,0.0,0.0,0.0,0.0,0.0,0.0,0.0,0.0,0.0,0.0,0.0,0.0,0.0,0.0,0.0,0.0,0.0,0.0,0.0,0.0,0.0,0.0,0.0,0.0,0.0,0.0,0.0,0.0,0.0,0.0,0.0,0.0,0.0,0.0,0.0,0.0,0.0,0.0,0.0,0.0,0.0,0.0,0.0
0.4,1e-06,0.0015,0.5,0.99749412,0.99697292,0.99634944,0.99560264,0.9947184,0.99363456,0.99232336,0.99075236,0.98888048,0.98658472,0.98385216,0.98053008,0.9765224,0.97167976,0.96580436,0.95870248,0.95007572,0.93949376,0.92644192,0.91027876,0.89010796,0.86453524,0.83195576,0.7898852,0.73539788,0.66529776,0.57869504,0.479591,0.37896252,0.28975368,0.22128816,0.17002,0.125946,0.08916252,0.06199152,0.04272104,0.0297152,0.0205536,0.01400688,0.00938152,0.00618908,0.00403152,0.00258556,0.0016174,0.00097336,0.00054788,0.0003334,0.0001802,6.776e-05,0.0,0.0,0.0,0.0,0.0,0.0,0.0,0.0,0.0,0.0,0.0,0.0,0.0,0.0,0.0,0.0,0.0,0.0,0.0,0.0,0.0,0.0,0.0,0.0,0.0,0.0,0.0,0.0,0.0,0.0,0.0,0.0,0.0,0.0,0.0,0.0,0.0,0.0,0.0,0.0,0.0,0.0,0.0,0.0,0.0,0.0,0.0,0.0,0.0,0.0,0.0
0.5,1e-06,0.0015,0.5,0.99867148,0.99839868,0.99806648,0.99766592,0.99719132,0.99662668,0.99592884,0.99510352,0.99410296,0.99288368,0.99142592,0.98967144,0.9875842,0.98507528,0.98205256,0.97846364,0.97413448,0.9689948,0.96284608,0.95551644,0.946637,0.93587992,0.92254556,0.9057738,0.88399032,0.8553212,0.81729696,0.7654368,0.69475296,0.60484124,0.4991806,0.38943572,0.30227572,0.2390796,0.18947556,0.14660052,0.11189168,0.07960016,0.0532498,0.03588492,0.02443288,0.01660816,0.01129944,0.00766544,0.00516648,0.0034524,0.00226824,0.0014536,0.00088664,0.0005296,0.00031432,0.00015232,3.696e-05,0.0,0.0,0.0,0.0,0.0,0.0,0.0,0.0,0.0,0.0,0.0,0.0,0.0,0.0,0.0,0.0,0.0,0.0,0.0,0.0,0.0,0.0,0.0,0.0,0.0,0.0,0.0,0.0,0.0,0.0,0.0,0.0,0.0,0.0,0.0,0.0,0.0,0.0,0.0,0.0,0.0,0.0,0.0,0.0,0.0,0.0,0.0
0.6,1e-06,0.0015,0.5,0.99924204,0.9990874,0.99890124,0.99867708,0.99840888,0.9980784,0.99768624,0.99721216,0.99663984,0.99594608,0.99511896,0.99412052,0.99292608,0.99150084,0.98977068,0.98771824,0.98528152,0.98240216,0.97897088,0.97485048,0.9699194,0.96400328,0.9568168,0.94782136,0.93641904,0.92210032,0.90457564,0.88297016,0.85498528,0.8169808,0.75930856,0.67588648,0.58057784,0.47120088,0.35916288,0.27952044,0.22414368,0.18231704,0.146819,0.11528524,0.08981036,0.06657,0.04429684,0.02967556,0.02003976,0.01358868,0.00920864,0.00622384,0.00417344,0.00276784,0.00179688,0.00112776,0.00069096,0.0004096,0.00020576,5.256e-05,0.0,0.0,0.0,0.0,0.0,0.0,0.0,0.0,0.0,0.0,0.0,0.0,0.0,0.0,0.0,0.0,0.0,0.0,0.0,0.0,0.0,0.0,0.0,0.0,0.0,0.0,0.0,0.0,0.0,0.0,0.0,0.0,0.0,0.0,0.0,0.0,0.0,0.0,0.0,0.0,0.0,0.0,0.0,0.0
0.7,1e-06,0.0015,0.5,0.99965932,0.99958768,0.99949892,0.99939508,0.99927376,0.99913076,0.998955,0.99874016,0.99849164,0.99818156,0.99781856,0.9973776,0.9968344,0.99616852,0.99536992,0.99440688,0.9932394,0.9918184,0.9901128,0.98797808,0.98535676,0.98209108,0.97794832,0.97267276,0.96595648,0.9573238,0.9462526,0.93205164,0.91412008,0.8918824,0.86432236,0.82889548,0.77831008,0.70298072,0.60627256,0.50567648,0.4141706,0.3250152,0.24909084,0.19795224,0.16149176,0.13334816,0.1090622,0.0874562,0.06981304,0.05450684,0.03924712,0.02595368,0.01711452,0.01140164,0.00764316,0.00511644,0.00340588,0.00223248,0.00142452,0.00088748,0.00052552,0.00025764,4.748e-05,0.0,0.0,0.0,0.0,0.0,0.0,0.0,0.0,0.0,0.0,0.0,0.0,0.0,0.0,0.0,0.0,0.0,0.0,0.0,0.0,0.0,0.0,0.0,0.0,0.0,0.0,0.0,0.0,0.0,0.0,0.0,0.0,0.0,0.0,0.0,0.0,0.0,0.0,0.0,0.0,0.0
0.8,1e-06,0.0015,0.5,0.9996848,0.99962224,0.99954744,0.99945368,0.99934048,0.99920856,0.99905064,0.99886392,0.998628,0.99834296,0.99800816,0.99759824,0.99711088,0.99650872,0.9957864,0.994914,0.99384316,0.99253128,0.99092952,0.98894096,0.98648336,0.98344004,0.97961624,0.97491636,0.96915116,0.96194224,0.95278956,0.94145908,0.92832128,0.91251568,0.89335872,0.86932816,0.8383304,0.79719864,0.737944,0.66540216,0.58513172,0.50254624,0.42248472,0.35420888,0.29624696,0.24545096,0.1967384,0.14935944,0.11979328,0.09901232,0.08285464,0.06829516,0.05563376,0.04552044,0.03715496,0.02974776,0.022396,0.0136904,0.0086248,0.00558552,0.00364296,0.00233904,0.00149136,0.00089912,0.00045544,0.00010576,0.0,0.0,0.0,0.0,0.0,0.0,0.0,0.0,0.0,0.0,0.0,0.0,0.0,0.0,0.0,0.0,0.0,0.0,0.0,0.0,0.0,0.0,0.0,0.0,0.0,0.0,0.0,0.0,0.0,0.0,0.0,0.0,0.0,0.0,0.0,0.0,0.0,0.0
0.9,1e-06,0.0015,0.5,0.9997772,0.99973352,0.99968368,0.9996176,0.99953408,0.99943888,0.99932704,0.99918864,0.99901664,0.99880928,0.99856864,0.99827672,0.99793232,0.99750648,0.996992,0.99633936,0.99555528,0.99457528,0.99337088,0.991904,0.9899996,0.98757,0.98445728,0.98048528,0.97542652,0.96908392,0.96099512,0.95107208,0.9392648,0.92519608,0.90800816,0.88694156,0.86103228,0.82717568,0.78342104,0.72298016,0.6527444,0.58245128,0.5185492,0.4601144,0.40725848,0.35828976,0.31292556,0.268242,0.2296516,0.1975468,0.17048104,0.14764176,0.12791304,0.11060184,0.09502048,0.08045848,0.0659516,0.04705068,0.03437336,0.02821676,0.0236966,0.02018724,0.01733436,0.01492008,0.01277208,0.01075524,0.00867896,0.00619536,0.00216216,0.00060808,2.56e-06,0.0,0.0,0.0,0.0,0.0,0.0,0.0,0.0,0.0,0.0,0.0,0.0,0.0,0.0,0.0,0.0,0.0,0.0,0.0,0.0,0.0,0.0,0.0,0.0,0.0,0.0,0.0,0.0,0.0,0.0,0.0,0.0,0.0
1.0,1e-06,0.0015,0.5,0.99999128,0.99998888,0.99998624,0.99998356,0.99998,0.99997656,0.99997216,0.99996624,0.9999592,0.9999518,0.99994076,0.99992792,0.99991476,0.99989844,0.99987664,0.99985464,0.9998232,0.99978884,0.99974636,0.999696,0.99963784,0.99956024,0.99947216,0.99935916,0.99922588,0.99906876,0.99888048,0.99865044,0.99837488,0.99803872,0.99763336,0.99714904,0.9965622,0.99585304,0.99499148,0.99396204,0.99271204,0.99120288,0.98937048,0.98713736,0.98441716,0.98105052,0.97687808,0.97161072,0.96476948,0.95559668,0.94246244,0.9218092,0.88197496,0.7496444,0.36319648,0.19322316,0.144124,0.11663796,0.09765688,0.08291544,0.07038704,0.05919788,0.05046836,0.04345332,0.03768792,0.03283944,0.02869628,0.02509368,0.02185,0.01865228,0.01560324,0.01280236,0.01042976,0.00839464,0.006625,0.00508068,0.00366208,0.00232956,0.0010934,1.264e-05,0.0,0.0,0.0,0.0,0.0,0.0,0.0,0.0,0.0,0.0,0.0,0.0,0.0,0.0,0.0,0.0,0.0,0.0,0.0,0.0,0.0,0.0,0.0,0.0
1/0.9,1e-06,0.0015,0.5,0.99975904,0.99971104,0.99965368,0.99957712,0.99948784,0.99938976,0.99926784,0.99912384,0.99894376,0.99872192,0.9984556,0.99813184,0.99775056,0.99728608,0.99673184,0.9960564,0.99521648,0.99421096,0.99295552,0.99137384,0.98940408,0.98688832,0.98374528,0.97970936,0.97446312,0.96775224,0.95935168,0.9493258,0.93772052,0.92368584,0.9068328,0.886426,0.86013416,0.82702956,0.78388816,0.7243636,0.65158232,0.58200376,0.5184916,0.46037368,0.4075112,0.3589386,0.31425664,0.2708272,0.23062512,0.19732744,0.169672,0.1463404,0.12630612,0.1088768,0.09316368,0.07843808,0.06335008,0.0441152,0.035253,0.02881996,0.02403272,0.0203036,0.01728224,0.0147336,0.01247144,0.01034016,0.00812344,0.00530784,0.00161252,0.00057256,0.0,0.0,0.0,0.0,0.0,0.0,0.0,0.0,0.0,0.0,0.0,0.0,0.0,0.0,0.0,0.0,0.0,0.0,0.0,0.0,0.0,0.0,0.0,0.0,0.0,0.0,0.0,0.0,0.0,0.0,0.0,0.0,0.0,0.0
1/0.8,1e-06,0.0015,0.5,0.9997598,0.99971124,0.9996538,0.99958228,0.99950012,0.99939996,0.99927532,0.99912572,0.99894864,0.99873024,0.99846784,0.99816056,0.99778392,0.99732048,0.9967578,0.99608724,0.99527224,0.99427288,0.99306336,0.99155564,0.98968928,0.9873562,0.98441796,0.98061872,0.9757158,0.96928652,0.96086264,0.94985556,0.9359118,0.91905904,0.89888972,0.8744444,0.84269704,0.8007012,0.7429626,0.66748296,0.5852174,0.5049728,0.42305632,0.35318952,0.29391312,0.24128188,0.18798008,0.14691412,0.11933832,0.09948608,0.0838912,0.07030168,0.05710464,0.0460692,0.03688612,0.02874052,0.0198924,0.012581,0.00821524,0.00541896,0.00356836,0.00230652,0.0014796,0.00089284,0.00045232,0.0001062,0.0,0.0,0.0,0.0,0.0,0.0,0.0,0.0,0.0,0.0,0.0,0.0,0.0,0.0,0.0,0.0,0.0,0.0,0.0,0.0,0.0,0.0,0.0,0.0,0.0,0.0,0.0,0.0,0.0,0.0,0.0,0.0,0.0,0.0,0.0,0.0,0.0,0.0
1/0.7,1e-06,0.0015,0.5,0.99949784,0.99939296,0.99926856,0.99911928,0.998936,0.99871504,0.9984472,0.99813488,0.99776248,0.99730344,0.99674376,0.99608144,0.99527072,0.99431184,0.9931556,0.99177552,0.99014088,0.98816824,0.98585416,0.98312088,0.9798524,0.97595248,0.97117056,0.96504832,0.95725664,0.9475144,0.93564,0.92161988,0.90476792,0.88408272,0.85813824,0.8234064,0.77343336,0.69869924,0.60143984,0.4991352,0.40801904,0.31759656,0.24653,0.19758848,0.16214344,0.1346776,0.11199472,0.08997096,0.07004512,0.05307008,0.03608404,0.02424008,0.0163828,0.01109872,0.0075146,0.00506252,0.00337824,0.00221952,0.00141912,0.0008844,0.00052408,0.00025592,4.72e-05,0.0,0.0,0.0,0.0,0.0,0.0,0.0,0.0,0.0,0.0,0.0,0.0,0.0,0.0,0.0,0.0,0.0,0.0,0.0,0.0,0.0,0.0,0.0,0.0,0.0,0.0,0.0,0.0,0.0,0.0,0.0,0.0,0.0,0.0,0.0,0.0,0.0,0.0,0.0,0.0,0.0
1/0.6,1e-06,0.0015,0.5,0.99919672,0.99902936,0.99882744,0.99859672,0.9983132,0.9979736,0.99755384,0.99706392,0.99645584,0.99573256,0.99485888,0.99382056,0.99254792,0.99103032,0.98921016,0.98704872,0.98445392,0.98135512,0.97775824,0.9734956,0.96845016,0.96245912,0.95520544,0.94611792,0.93435024,0.91935516,0.9011322,0.87928016,0.85107568,0.81026972,0.74775436,0.66630776,0.57738376,0.47246188,0.36155856,0.28211424,0.22687892,0.18503328,0.15080128,0.11881496,0.08905636,0.06166524,0.04196024,0.0286332,0.01957632,0.01336252,0.00909808,0.00617104,0.00414728,0.00275452,0.00179312,0.00112488,0.0006874,0.00040872,0.00020528,5.312e-05,0.0,0.0,0.0,0.0,0.0,0.0,0.0,0.0,0.0,0.0,0.0,0.0,0.0,0.0,0.0,0.0,0.0,0.0,0.0,0.0,0.0,0.0,0.0,0.0,0.0,0.0,0.0,0.0,0.0,0.0,0.0,0.0,0.0,0.0,0.0,0.0,0.0,0.0,0.0,0.0,0.0,0.0,0.0,0.0
1/0.5,1e-06,0.0015,0.5,0.99874724,0.99849012,0.998178,0.99780232,0.99734464,0.99680452,0.9961402,0.99536496,0.9944152,0.993269,0.99188548,0.99021412,0.98819868,0.985796,0.98287708,0.97934164,0.97505684,0.96988844,0.96361164,0.95592904,0.94655224,0.93490896,0.92055372,0.90254172,0.87944404,0.84901496,0.80771272,0.7522488,0.68418584,0.607224,0.51857964,0.4116322,0.31515668,0.24904268,0.19712584,0.15176772,0.10982908,0.07699044,0.05336208,0.03688872,0.02522744,0.01707408,0.01152264,0.00772448,0.00518168,0.00344544,0.0022666,0.0014492,0.0008848,0.00053136,0.00031368,0.00015128,3.664e-05,0.0,0.0,0.0,0.0,0.0,0.0,0.0,0.0,0.0,0.0,0.0,0.0,0.0,0.0,0.0,0.0,0.0,0.0,0.0,0.0,0.0,0.0,0.0,0.0,0.0,0.0,0.0,0.0,0.0,0.0,0.0,0.0,0.0,0.0,0.0,0.0,0.0,0.0,0.0,0.0,0.0,0.0,0.0,0.0,0.0,0.0,0.0
1/0.4,1e-06,0.0015,0.5,0.996739,0.9960612,0.99524764,0.9942958,0.99312744,0.99171892,0.99001188,0.98795916,0.98551788,0.98254556,0.97896056,0.97465328,0.96948452,0.96322292,0.95565796,0.94656976,0.93558908,0.922262,0.90615992,0.88669416,0.86311368,0.83458008,0.80013012,0.75914096,0.71118444,0.6558514,0.5913144,0.51335624,0.42106976,0.32432724,0.242057,0.17532112,0.12379768,0.08722932,0.06041352,0.04218136,0.0295022,0.02038972,0.01390556,0.00937164,0.00617252,0.00403108,0.00258404,0.00161976,0.00097448,0.00054996,0.0003334,0.00018232,6.752e-05,0.0,0.0,0.0,0.0,0.0,0.0,0.0,0.0,0.0,0.0,0.0,0.0,0.0,0.0,0.0,0.0,0.0,0.0,0.0,0.0,0.0,0.0,0.0,0.0,0.0,0.0,0.0,0.0,0.0,0.0,0.0,0.0,0.0,0.0,0.0,0.0,0.0,0.0,0.0,0.0,0.0,0.0,0.0,0.0,0.0,0.0,0.0,0.0,0.0,0.0,0.0
1/0.3,1e-06,0.0015,0.5,0.99287684,0.99141704,0.989683,0.98759468,0.98508348,0.98203136,0.97838252,0.97394728,0.96864544,0.96224508,0.95456432,0.94532352,0.9341914,0.92084624,0.90483616,0.88570552,0.8629252,0.8358234,0.80385132,0.76625432,0.72248828,0.67188612,0.61346328,0.5455666,0.46673364,0.37756412,0.28356292,0.19457796,0.12035324,0.07277156,0.04650332,0.0301304,0.0200586,0.01349496,0.00916744,0.00610188,0.0040844,0.00270828,0.00174648,0.0010836,0.00062552,0.00036808,0.00021472,0.00010712,2.272e-05,0.0,0.0,0.0,0.0,0.0,0.0,0.0,0.0,0.0,0.0,0.0,0.0,0.0,0.0,0.0,0.0,0.0,0.0,0.0,0.0,0.0,0.0,0.0,0.0,0.0,0.0,0.0,0.0,0.0,0.0,0.0,0.0,0.0,0.0,0.0,0.0,0.0,0.0,0.0,0.0,0.0,0.0,0.0,0.0,0.0,0.0,0.0,0.0,0.0,0.0,0.0,0.0,0.0,0.0,0.0
1/0.2,1e-06,0.0015,0.5,0.99069884,0.98878144,0.98649272,0.98372852,0.98037824,0.97635256,0.97152124,0.96573876,0.95878348,0.95037496,0.94024964,0.92804964,0.91336492,0.89565052,0.87428876,0.84858704,0.81752544,0.77989284,0.7342536,0.6786736,0.61115116,0.52928356,0.43227136,0.32329384,0.21186168,0.11584288,0.05299632,0.02307784,0.01152844,0.00646076,0.00390288,0.00239536,0.00142152,0.00083,0.00045592,0.00026648,0.0001388,5.552e-05,4e-07,0.0,0.0,0.0,0.0,0.0,0.0,0.0,0.0,0.0,0.0,0.0,0.0,0.0,0.0,0.0,0.0,0.0,0.0,0.0,0.0,0.0,0.0,0.0,0.0,0.0,0.0,0.0,0.0,0.0,0.0,0.0,0.0,0.0,0.0,0.0,0.0,0.0,0.0,0.0,0.0,0.0,0.0,0.0,0.0,0.0,0.0,0.0,0.0,0.0,0.0,0.0,0.0,0.0,0.0,0.0,0.0,0.0,0.0,0.0,0.0,0.0
0.2,3e-06,0.0015,0.5,0.99201412,0.99039068,0.98843992,0.9860924,0.98322968,0.97977704,0.97564112,0.9706702,0.96464836,0.95742436,0.94869748,0.93816456,0.92550308,0.91035704,0.89197104,0.86994116,0.84348648,0.81170024,0.7733912,0.72784436,0.6738022,0.61024512,0.5363352,0.45299092,0.36304376,0.27479764,0.19870836,0.1392572,0.09566688,0.06619196,0.04575176,0.03272772,0.02387508,0.01740132,0.01264476,0.00899064,0.00625356,0.00425668,0.00279236,0.00172068,0.00098552,0.00055044,0.00027132,0.00010268,1.708e-05,3.92e-06,8e-07,0.0,0.0,0.0,0.0,0.0,0.0,0.0,0.0,0.0,0.0,0.0,0.0,0.0,0.0,0.0,0.0,0.0,0.0,0.0,0.0,0.0,0.0,0.0,0.0,0.0,0.0,0.0,0.0,0.0,0.0,0.0,0.0,0.0,0.0,0.0,0.0,0.0,0.0,0.0,0.0,0.0,0.0,0.0,0.0,0.0,0.0,0.0,0.0,0.0,0.0,0.0,0.0,0.0
0.3,3e-06,0.0015,0.5,0.99773264,0.9972812,0.9967348,0.9960792,0.99528348,0.99432972,0.99316572,0.99180748,0.99014188,0.98813196,0.98569024,0.98274212,0.97925388,0.97503288,0.969914,0.96377684,0.95636876,0.9474122,0.93665748,0.9236578,0.90799016,0.88866724,0.86471212,0.83437728,0.7953736,0.74472328,0.68010168,0.60184132,0.51389676,0.42029248,0.32334012,0.24185328,0.1837542,0.13425528,0.09040764,0.06048716,0.0406144,0.02752068,0.01877676,0.01274424,0.00865152,0.0058554,0.0039158,0.00258576,0.001666,0.0010284,0.0005832,0.00034784,0.00019976,8.968e-05,1.272e-05,0.0,0.0,0.0,0.0,0.0,0.0,0.0,0.0,0.0,0.0,0.0,0.0,0.0,0.0,0.0,0.0,0.0,0.0,0.0,0.0,0.0,0.0,0.0,0.0,0.0,0.0,0.0,0.0,0.0,0.0,0.0,0.0,0.0,0.0,0.0,0.0,0.0,0.0,0.0,0.0,0.0,0.0,0.0,0.0,0.0,0.0,0.0,0.0,0.0
0.4,3e-06,0.0015,0.5,0.99919028,0.99902908,0.99882492,0.99859372,0.99831092,0.99795824,0.99754084,0.99703184,0.99643284,0.99571312,0.9948392,0.9937716,0.99250256,0.99098228,0.98914816,0.98689888,0.98419036,0.98096588,0.97705692,0.97238364,0.96671188,0.95983696,0.95151432,0.94142828,0.9289794,0.91359316,0.89444144,0.87010224,0.83761452,0.79173948,0.72745172,0.64471932,0.55151832,0.44664492,0.34643304,0.26880172,0.2079774,0.15976904,0.11815024,0.08118772,0.0551752,0.03742636,0.02533368,0.01713272,0.01157836,0.0078368,0.00527432,0.003525,0.0023172,0.00148376,0.000904,0.0005192,0.00031564,0.00016812,5.936e-05,0.0,0.0,0.0,0.0,0.0,0.0,0.0,0.0,0.0,0.0,0.0,0.0,0.0,0.0,0.0,0.0,0.0,0.0,0.0,0.0,0.0,0.0,0.0,0.0,0.0,0.0,0.0,0.0,0.0,0.0,0.0,0.0,0.0,0.0,0.0,0.0,0.0,0.0,0.0,0.0,0.0,0.0,0.0,0.0,0.0
0.5,3e-06,0.0015,0.5,0.99952816,0.99942976,0.9993176,0.99918104,0.99901496,0.99881512,0.99857416,0.99828784,0.99792288,0.99749904,0.99698104,0.99637368,0.99564112,0.99474744,0.99369132,0.99242296,0.99089856,0.98908556,0.98690936,0.98432112,0.98125448,0.97770748,0.97351704,0.96868672,0.96293664,0.95601936,0.947619,0.93722704,0.92421848,0.90764568,0.88634752,0.85907936,0.82261336,0.76724712,0.68506248,0.59537552,0.483195,0.36980848,0.29146712,0.23280104,0.18399208,0.14271144,0.10884348,0.07640104,0.05121044,0.03460208,0.0235026,0.015999,0.01088784,0.00737908,0.0049712,0.0033176,0.002178,0.0013876,0.00084272,0.0005064,0.00029784,0.00013984,2.736e-05,0.0,0.0,0.0,0.0,0.0,0.0,0.0,0.0,0.0,0.0,0.0,0.0,0.0,0.0,0.0,0.0,0.0,0.0,0.0,0.0,0.0,0.0,0.0,0.0,0.0,0.0,0.0,0.0,0.0,0.0,0.0,0.0,0.0,0.0,0.0,0.0,0.0,0.0,0.0,0.0,0.0
0.6,3e-06,0.0015,0.5,0.9997396,0.99968744,0.99962416,0.99954832,0.99945736,0.99934624,0.99921288,0.99904784,0.99884352,0.99860528,0.998322,0.99798648,0.99758616,0.99708968,0.9964916,0.99577632,0.99493536,0.99391696,0.99269008,0.99124992,0.9895364,0.98747008,0.98500856,0.98209576,0.97868144,0.97463716,0.96982856,0.96407148,0.95704952,0.94797532,0.93603448,0.92096424,0.90334176,0.88159324,0.85398744,0.81780832,0.75790832,0.6637132,0.57210344,0.45655328,0.34709876,0.27259768,0.21946656,0.17882776,0.14335096,0.11252068,0.08748456,0.06424532,0.0426084,0.02858628,0.01929788,0.01308312,0.0088638,0.00598424,0.00401464,0.00265696,0.00172224,0.00107632,0.00065928,0.00038608,0.00018872,4.016e-05,0.0,0.0,0.0,0.0,0.0,0.0,0.0,0.0,0.0,0.0,0.0,0.0,0.0,0.0,0.0,0.0,0.0,0.0,0.0,0.0,0.0,0.0,0.0,0.0,0.0,0.0,0.0,0.0,0.0,0.0,0.0,0.0,0.0,0.0,0.0,0.0,0.0,0.0
0.7,3e-06,0.0015,0.5,0.99986936,0.99984216,0.99980896,0.9997708,0.99972112,0.9996584,0.99958712,0.99950472,0.99940192,0.99928412,0.99914012,0.99897148,0.99876132,0.99851108,0.99820652,0.99783692,0.99739244,0.99685292,0.99621024,0.99543992,0.99451184,0.99336444,0.99197348,0.99026212,0.9881804,0.9856198,0.98244008,0.97860164,0.97399028,0.9683512,0.96103188,0.95112004,0.93856264,0.924154,0.90675612,0.88478152,0.85826356,0.8230848,0.7713634,0.69177284,0.59311088,0.4930048,0.40369944,0.31431528,0.24243088,0.19360604,0.15838636,0.13097568,0.10697608,0.08557444,0.06813936,0.05318432,0.03790016,0.0246966,0.0163614,0.01094944,0.00735092,0.00492504,0.0032746,0.00213984,0.0013598,0.00084864,0.0004964,0.00023432,2.956e-05,0.0,0.0,0.0,0.0,0.0,0.0,0.0,0.0,0.0,0.0,0.0,0.0,0.0,0.0,0.0,0.0,0.0,0.0,0.0,0.0,0.0,0.0,0.0,0.0,0.0,0.0,0.0,0.0,0.0,0.0,0.0,0.0,0.0,0.0,0.0
0.8,3e-06,0.0015,0.5,0.99990784,0.99988976,0.99986576,0.99984,0.9998064,0.99976816,0.99972136,0.99966144,0.99959384,0.99951104,0.99941312,0.99928968,0.9991424,0.99896632,0.99874488,0.99850512,0.99819536,0.99781896,0.99736728,0.996814,0.99614668,0.99533544,0.99434752,0.99313896,0.9916474,0.98978792,0.98744032,0.98447456,0.98082456,0.9763428,0.97058128,0.96291848,0.95298396,0.94155712,0.92854128,0.91228432,0.89225792,0.86770348,0.83613676,0.79383204,0.73145604,0.65791976,0.5763504,0.49443864,0.41500992,0.34816748,0.29115536,0.24078672,0.19179156,0.14595268,0.11750852,0.09733456,0.08147516,0.06695876,0.054592,0.04468116,0.0364244,0.029066,0.02160988,0.01305928,0.00826272,0.00535852,0.0034884,0.00223812,0.00142672,0.00084612,0.0004168,7.688e-05,0.0,0.0,0.0,0.0,0.0,0.0,0.0,0.0,0.0,0.0,0.0,0.0,0.0,0.0,0.0,0.0,0.0,0.0,0.0,0.0,0.0,0.0,0.0,0.0,0.0,0.0,0.0,0.0,0.0,0.0,0.0,0.0
0.9,3e-06,0.0015,0.5,0.9999248,0.99991072,0.99989048,0.9998684,0.99984256,0.99981344,0.99977776,0.99972928,0.99967416,0.99960992,0.99952872,0.99943164,0.99931164,0.99916948,0.99900228,0.99879772,0.9985526,0.9982518,0.99789344,0.99744584,0.99691516,0.99626244,0.995471,0.9944706,0.99324956,0.99168368,0.98971492,0.98717216,0.98396556,0.97989492,0.97463988,0.96780996,0.95893196,0.9487412,0.93708708,0.92296508,0.90546584,0.88408972,0.857831,0.82376624,0.77802028,0.7157056,0.64519588,0.57564584,0.51257068,0.45496684,0.40225772,0.35381216,0.30869976,0.26414152,0.22627064,0.194713,0.16816752,0.14562112,0.12617632,0.10906264,0.09361572,0.07912596,0.06453928,0.04505508,0.03373968,0.02777608,0.02336776,0.0199364,0.01712536,0.01474332,0.01259864,0.01058152,0.0084612,0.00586748,0.00183432,0.00051824,0.0,0.0,0.0,0.0,0.0,0.0,0.0,0.0,0.0,0.0,0.0,0.0,0.0,0.0,0.0,0.0,0.0,0.0,0.0,0.0,0.0,0.0,0.0,0.0,0.0,0.0,0.0,0.0
1.0,3e-06,0.0015,0.5,0.9999832,0.99998032,0.99997552,0.99997064,0.99996408,0.99995596,0.99994596,0.99993548,0.999921,0.99990444,0.99988532,0.9998634,0.99983364,0.9998006,0.99976328,0.99971712,0.99966252,0.99959276,0.99950876,0.99941164,0.99929224,0.99914524,0.99897216,0.99875576,0.9985012,0.99819096,0.99782444,0.99738708,0.99685956,0.99621692,0.99544056,0.9945046,0.993364,0.99199244,0.99035664,0.98836072,0.98597656,0.98308836,0.97956184,0.9753116,0.97008192,0.96360408,0.95551984,0.945301,0.93199448,0.91420484,0.8885812,0.84837824,0.7715346,0.65326644,0.541032,0.37163124,0.27929496,0.22848088,0.19429016,0.16857908,0.14791244,0.13050248,0.11531088,0.1016208,0.08867244,0.07610808,0.06511088,0.05600996,0.04843084,0.04207816,0.03669368,0.03211116,0.028128,0.02459148,0.02140008,0.01832276,0.01518864,0.01249048,0.01019348,0.008157,0.00645536,0.00489708,0.00348348,0.00219288,0.00096048,0.0,0.0,0.0,0.0,0.0,0.0,0.0,0.0,0.0,0.0,0.0,0.0,0.0,0.0,0.0,0.0,0.0,0.0,0.0
1/0.9,3e-06,0.0015,0.5,0.99992632,0.99991344,0.99989648,0.9998748,0.99984776,0.99981528,0.99977848,0.99973536,0.99967872,0.9996124,0.99953004,0.99943612,0.99931796,0.9991766,0.99900516,0.99879788,0.99855596,0.99825424,0.99790016,0.9974564,0.99692108,0.9962516,0.99542804,0.99440988,0.99312776,0.99151596,0.98946208,0.9868692,0.98358972,0.9794206,0.97423872,0.96770448,0.95919248,0.9489808,0.93709892,0.92302532,0.90553652,0.88476612,0.8581124,0.82450816,0.77951708,0.718244,0.64412688,0.57529144,0.51228784,0.45488036,0.4024748,0.35458168,0.31014704,0.26664004,0.22716016,0.19447244,0.16726172,0.14428484,0.12454876,0.10729112,0.09171416,0.07700524,0.06171368,0.04294676,0.03449408,0.02826252,0.0235914,0.0199504,0.01698276,0.01447632,0.012237,0.01012876,0.00789916,0.00499976,0.00150256,0.00049528,0.0,0.0,0.0,0.0,0.0,0.0,0.0,0.0,0.0,0.0,0.0,0.0,0.0,0.0,0.0,0.0,0.0,0.0,0.0,0.0,0.0,0.0,0.0,0.0,0.0,0.0,0.0,0.0
1/0.8,3e-06,0.0015,0.5,0.9999084,0.99989136,0.99986904,0.99983968,0.99980656,0.99976832,0.99972192,0.99966304,0.99959504,0.99951336,0.99941536,0.9992924,0.99915032,0.99897768,0.99876948,0.99851204,0.9981982,0.99782452,0.99736324,0.9968232,0.99614128,0.9953234,0.99429628,0.99304828,0.99146596,0.98950608,0.98703648,0.98399928,0.98029124,0.97582024,0.97031748,0.96319016,0.95355428,0.94202048,0.9289796,0.9125398,0.89281872,0.86804204,0.836706,0.7953724,0.73409472,0.65754464,0.57512644,0.49563528,0.41463096,0.34649176,0.28817576,0.2362512,0.183028,0.14368284,0.11717344,0.0978506,0.08256352,0.06918064,0.05588836,0.0450374,0.0360522,0.02798928,0.01895328,0.01206104,0.00789352,0.00520756,0.00342484,0.00221112,0.00141108,0.00084256,0.00041512,7.616e-05,0.0,0.0,0.0,0.0,0.0,0.0,0.0,0.0,0.0,0.0,0.0,0.0,0.0,0.0,0.0,0.0,0.0,0.0,0.0,0.0,0.0,0.0,0.0,0.0,0.0,0.0,0.0,0.0,0.0,0.0,0.0,0.0
1/0.7,3e-06,0.0015,0.5,0.99985704,0.9998276,0.99979056,0.99975056,0.9996972,0.99963624,0.99956576,0.9994796,0.99937472,0.99924648,0.99909456,0.99891704,0.99868936,0.998428,0.99810608,0.99772752,0.99726584,0.99671328,0.99603576,0.9952248,0.99424528,0.99308408,0.99161988,0.98984528,0.98763236,0.98493528,0.9816744,0.97778884,0.97317632,0.96771264,0.96080596,0.9513126,0.93897476,0.9242892,0.90670512,0.88486068,0.858368,0.82279144,0.77074792,0.69109084,0.59007636,0.48879644,0.39920932,0.3084688,0.24086032,0.19365384,0.15921424,0.13244416,0.10987576,0.0878498,0.06841976,0.05140768,0.03478836,0.0233578,0.0157922,0.01069284,0.00723208,0.00487188,0.00324988,0.00213244,0.00135568,0.00084508,0.00049556,0.00023508,2.952e-05,0.0,0.0,0.0,0.0,0.0,0.0,0.0,0.0,0.0,0.0,0.0,0.0,0.0,0.0,0.0,0.0,0.0,0.0,0.0,0.0,0.0,0.0,0.0,0.0,0.0,0.0,0.0,0.0,0.0,0.0,0.0,0.0,0.0,0.0,0.0
1/0.6,3e-06,0.0015,0.5,0.9997548,0.9997064,0.99964936,0.9995748,0.99948856,0.99938416,0.9992556,0.99910104,0.99891848,0.99870248,0.99844416,0.99813032,0.99775128,0.99728752,0.99673712,0.99606392,0.99525916,0.99427872,0.99309312,0.99167948,0.98996136,0.98789812,0.9854106,0.982409,0.97882524,0.97460792,0.96967648,0.96391296,0.95694504,0.94818996,0.9371872,0.92304028,0.90464392,0.88158516,0.85261728,0.81382096,0.74178848,0.65560176,0.57065788,0.4595822,0.34940952,0.27497008,0.22171528,0.18119524,0.14758832,0.11538716,0.08624124,0.0595954,0.04058092,0.02764864,0.01887468,0.01288088,0.00877252,0.00594204,0.00399244,0.00264768,0.00171584,0.00107336,0.0006592,0.0003846,0.00018816,4.028e-05,0.0,0.0,0.0,0.0,0.0,0.0,0.0,0.0,0.0,0.0,0.0,0.0,0.0,0.0,0.0,0.0,0.0,0.0,0.0,0.0,0.0,0.0,0.0,0.0,0.0,0.0,0.0,0.0,0.0,0.0,0.0,0.0,0.0,0.0,0.0,0.0,0.0,0.0
1/0.5,3e-06,0.0015,0.5,0.99953864,0.9994464,0.99933032,0.99919024,0.9990276,0.99883032,0.99859696,0.99830576,0.99796784,0.99755312,0.99704864,0.9964572,0.99573352,0.99485264,0.99379928,0.99252888,0.99101352,0.98919616,0.98697376,0.98430288,0.98109448,0.9772104,0.97252648,0.96688136,0.96008312,0.95199912,0.9424304,0.93114632,0.91757704,0.89981888,0.87566648,0.8428544,0.79748832,0.73379808,0.66343,0.59351128,0.5087144,0.38698296,0.3008976,0.23992888,0.19160184,0.14780756,0.10460792,0.07161224,0.0490348,0.03363892,0.023055,0.01577952,0.0107728,0.00732252,0.0049528,0.00330704,0.00217392,0.00138712,0.00084244,0.000506,0.00029712,0.00013996,2.72e-05,0.0,0.0,0.0,0.0,0.0,0.0,0.0,0.0,0.0,0.0,0.0,0.0,0.0,0.0,0.0,0.0,0.0,0.0,0.0,0.0,0.0,0.0,0.0,0.0,0.0,0.0,0.0,0.0,0.0,0.0,0.0,0.0,0.0,0.0,0.0,0.0,0.0,0.0,0.0,0.0,0.0
1/0.4,3e-06,0.0015,0.5,0.99896176,0.99875344,0.9984968,0.99818008,0.99780384,0.997343,0.99679976,0.9961442,0.99534128,0.9943846,0.99322504,0.99181896,0.9901406,0.98813952,0.985719,0.98278488,0.97926284,0.97501252,0.96989244,0.9636846,0.95617832,0.94704148,0.93591168,0.92223072,0.90524032,0.88408264,0.8579128,0.82532876,0.78513016,0.73668436,0.68471088,0.62976452,0.5715684,0.50016664,0.39855776,0.29777968,0.22721896,0.16596444,0.11270332,0.07653036,0.05235928,0.03581212,0.02454136,0.01676676,0.0114508,0.00777848,0.00525288,0.00351664,0.00231336,0.00148112,0.00090288,0.0005188,0.00031616,0.0001688,5.92e-05,0.0,0.0,0.0,0.0,0.0,0.0,0.0,0.0,0.0,0.0,0.0,0.0,0.0,0.0,0.0,0.0,0.0,0.0,0.0,0.0,0.0,0.0,0.0,0.0,0.0,0.0,0.0,0.0,0.0,0.0,0.0,0.0,0.0,0.0,0.0,0.0,0.0,0.0,0.0,0.0,0.0,0.0,0.0,0.0,0.0
1/0.3,3e-06,0.0015,0.5,0.9966202,0.99594232,0.9951004,0.99411188,0.9929008,0.99144,0.9896872,0.98760212,0.98508184,0.98203316,0.97836872,0.97395472,0.96865844,0.96230868,0.95470804,0.9455636,0.93464776,0.921629,0.90610972,0.8877874,0.86654464,0.84202652,0.81416924,0.78309696,0.74902176,0.71245464,0.67460196,0.63575204,0.59250876,0.5377386,0.4618498,0.36018264,0.24597512,0.16077796,0.10483968,0.06964608,0.046584,0.03164092,0.02141752,0.01435872,0.00956728,0.00630672,0.00413484,0.00267312,0.0016998,0.00103672,0.00058648,0.00034912,0.00020004,9.056e-05,1.332e-05,0.0,0.0,0.0,0.0,0.0,0.0,0.0,0.0,0.0,0.0,0.0,0.0,0.0,0.0,0.0,0.0,0.0,0.0,0.0,0.0,0.0,0.0,0.0,0.0,0.0,0.0,0.0,0.0,0.0,0.0,0.0,0.0,0.0,0.0,0.0,0.0,0.0,0.0,0.0,0.0,0.0,0.0,0.0,0.0,0.0,0.0,0.0,0.0,0.0
1/0.2,3e-06,0.0015,0.5,0.99820024,0.99783048,0.99739028,0.9968546,0.99621368,0.99542612,0.99450104,0.99337008,0.99202448,0.9903908,0.98842756,0.9860716,0.9832068,0.97976332,0.97553616,0.97037188,0.96407616,0.95640768,0.9467622,0.93467404,0.91918716,0.89880296,0.87128364,0.83292352,0.77904096,0.70561276,0.6150642,0.51343808,0.39439844,0.24486884,0.11578284,0.05749932,0.03328352,0.02148816,0.01464992,0.01005024,0.00687044,0.00460336,0.00299664,0.0018572,0.00107136,0.00059308,0.00029072,0.00011404,2.364e-05,5.88e-06,1.2e-06,1.6e-07,0.0,0.0,0.0,0.0,0.0,0.0,0.0,0.0,0.0,0.0,0.0,0.0,0.0,0.0,0.0,0.0,0.0,0.0,0.0,0.0,0.0,0.0,0.0,0.0,0.0,0.0,0.0,0.0,0.0,0.0,0.0,0.0,0.0,0.0,0.0,0.0,0.0,0.0,0.0,0.0,0.0,0.0,0.0,0.0,0.0,0.0,0.0,0.0,0.0,0.0,0.0,0.0
0.2,1e-05,0.0015,0.5,0.99764188,0.9971652,0.99659324,0.99590408,0.99505648,0.99404172,0.99282608,0.99135536,0.98957504,0.9874554,0.98491748,0.98183532,0.97813608,0.97360876,0.96819588,0.96168164,0.95380648,0.94424184,0.93268932,0.91859964,0.90145848,0.8804954,0.85458804,0.8224114,0.78191028,0.73126448,0.66921376,0.59687092,0.51831968,0.43483364,0.34385296,0.2579804,0.19108604,0.13920964,0.09403968,0.06365344,0.04291792,0.02925616,0.01979564,0.0133106,0.00888512,0.0058924,0.0038894,0.0025224,0.00160172,0.00097464,0.00054296,0.00032228,0.00018444,8.512e-05,1.432e-05,0.0,0.0,0.0,0.0,0.0,0.0,0.0,0.0,0.0,0.0,0.0,0.0,0.0,0.0,0.0,0.0,0.0,0.0,0.0,0.0,0.0,0.0,0.0,0.0,0.0,0.0,0.0,0.0,0.0,0.0,0.0,0.0,0.0,0.0,0.0,0.0,0.0,0.0,0.0,0.0,0.0,0.0,0.0,0.0,0.0,0.0,0.0,0.0,0.0
0.3,1e-05,0.0015,0.5,0.99934296,0.99921088,0.99904956,0.998856,0.99862272,0.99834432,0.99800452,0.99759224,0.99710852,0.99651064,0.99580448,0.9949482,0.993921,0.99266712,0.99120412,0.98942004,0.98722744,0.98463748,0.981475,0.9776874,0.97309156,0.96759848,0.96103296,0.95307824,0.94362764,0.93242676,0.91915068,0.90300324,0.88341672,0.85838016,0.82424152,0.77766304,0.71335336,0.63199272,0.5475574,0.46047604,0.35691012,0.27011664,0.20597052,0.1554786,0.10837868,0.07232132,0.04874608,0.0330614,0.02247992,0.0152832,0.0103902,0.00703704,0.0047452,0.00315264,0.00205424,0.00129672,0.00077248,0.00043856,0.00026344,0.0001388,4.52e-05,0.0,0.0,0.0,0.0,0.0,0.0,0.0,0.0,0.0,0.0,0.0,0.0,0.0,0.0,0.0,0.0,0.0,0.0,0.0,0.0,0.0,0.0,0.0,0.0,0.0,0.0,0.0,0.0,0.0,0.0,0.0,0.0,0.0,0.0,0.0,0.0,0.0,0.0,0.0,0.0,0.0,0.0,0.0
0.4,1e-05,0.0015,0.5,0.99973348,0.99968264,0.99961944,0.99954,0.99945208,0.99934192,0.9992012,0.99903824,0.99884112,0.99860248,0.99831284,0.99797236,0.99755648,0.99705176,0.99643336,0.99570944,0.99484992,0.9937974,0.99252792,0.99101924,0.98918884,0.98698884,0.98436724,0.98119936,0.97738428,0.97277748,0.96722668,0.9605324,0.95267644,0.94322744,0.93190192,0.91836216,0.90136204,0.87921588,0.85093752,0.81225132,0.75709816,0.67886672,0.59142396,0.49604056,0.38510588,0.30070696,0.23401452,0.18063588,0.1371406,0.09640968,0.06500232,0.04391108,0.02978268,0.02026576,0.01379904,0.00938548,0.00635128,0.0042708,0.00283008,0.00183736,0.00115,0.0006742,0.00040244,0.00023216,0.00010504,1.576e-05,0.0,0.0,0.0,0.0,0.0,0.0,0.0,0.0,0.0,0.0,0.0,0.0,0.0,0.0,0.0,0.0,0.0,0.0,0.0,0.0,0.0,0.0,0.0,0.0,0.0,0.0,0.0,0.0,0.0,0.0,0.0,0.0,0.0,0.0,0.0,0.0,0.0,0.0
0.5,1e-05,0.0015,0.5,0.99985768,0.99982864,0.99979328,0.9997548,0.9997016,0.99964288,0.99957504,0.99948584,0.9993824,0.99925648,0.99911024,0.99892536,0.99870712,0.99843712,0.99812328,0.99772872,0.99726488,0.99670656,0.99602816,0.9952196,0.99423576,0.9930652,0.9916536,0.98997504,0.988008,0.98564752,0.98287312,0.97961368,0.97574176,0.97120652,0.96591016,0.95951888,0.9519808,0.9425552,0.9307884,0.91545864,0.89582112,0.87155248,0.84124064,0.79842032,0.7250796,0.6362544,0.5431168,0.41623456,0.32466344,0.2583816,0.20642736,0.16075452,0.12410784,0.09203164,0.06166252,0.04158172,0.02818344,0.01916236,0.0130452,0.0088572,0.00599136,0.00401888,0.00266128,0.0017232,0.00107528,0.00063232,0.000388,0.00020624,7.624e-05,0.0,0.0,0.0,0.0,0.0,0.0,0.0,0.0,0.0,0.0,0.0,0.0,0.0,0.0,0.0,0.0,0.0,0.0,0.0,0.0,0.0,0.0,0.0,0.0,0.0,0.0,0.0,0.0,0.0,0.0,0.0,0.0,0.0,0.0,0.0
0.6,1e-05,0.0015,0.5,0.9999196,0.9999048,0.99988296,0.99985848,0.99982704,0.99979392,0.99975056,0.99969976,0.99963592,0.99956176,0.99946856,0.99935952,0.99922536,0.99907184,0.99888608,0.99866032,0.9983952,0.99806904,0.99768328,0.9972132,0.9966448,0.99595776,0.99514448,0.99416648,0.99300104,0.9916484,0.99003456,0.9881448,0.98591512,0.98325648,0.98012776,0.97635256,0.97195616,0.96664076,0.96018744,0.95205688,0.94095968,0.9274032,0.9112448,0.89179848,0.86728296,0.83633712,0.79363848,0.7060184,0.61544912,0.5151092,0.39230448,0.30420744,0.24257024,0.19680128,0.159924,0.1261294,0.09872888,0.07538392,0.05159656,0.03443924,0.02320112,0.01571176,0.01064608,0.007204,0.00484736,0.00323104,0.00211888,0.00135,0.00081992,0.00050632,0.00027408,0.00010552,0.0,0.0,0.0,0.0,0.0,0.0,0.0,0.0,0.0,0.0,0.0,0.0,0.0,0.0,0.0,0.0,0.0,0.0,0.0,0.0,0.0,0.0,0.0,0.0,0.0,0.0,0.0,0.0,0.0,0.0,0.0,0.0
0.7,1e-05,0.0015,0.5,0.99994864,0.99993728,0.99992456,0.99990912,0.99989096,0.9998704,0.999844,0.99981232,0.9997704,0.99972176,0.99966664,0.99960088,0.99952656,0.9994312,0.999316,0.99917992,0.99900248,0.99879928,0.99855072,0.99824592,0.9978888,0.99745848,0.99693456,0.99631296,0.99556248,0.99466728,0.99359072,0.99230432,0.99078552,0.98902496,0.98694488,0.98445672,0.98145488,0.97784832,0.97353696,0.96821504,0.96111528,0.951948,0.94105216,0.92817792,0.9128996,0.89384792,0.87017904,0.8403328,0.79929728,0.73015672,0.639928,0.53846136,0.44440528,0.3582164,0.27248264,0.2144272,0.17367488,0.14316872,0.1183464,0.09507728,0.07588816,0.06000724,0.0455892,0.03007672,0.01979664,0.01321172,0.0088588,0.00594352,0.0039692,0.0026196,0.00169296,0.00105832,0.00064776,0.00034904,0.00012032,0.0,0.0,0.0,0.0,0.0,0.0,0.0,0.0,0.0,0.0,0.0,0.0,0.0,0.0,0.0,0.0,0.0,0.0,0.0,0.0,0.0,0.0,0.0,0.0,0.0,0.0,0.0,0.0,0.0
0.8,1e-05,0.0015,0.5,0.99996472,0.99995824,0.99994872,0.9999368,0.9999252,0.9999096,0.9998904,0.99986792,0.999838,0.99980568,0.99976504,0.99971944,0.99966096,0.99959184,0.99950504,0.99940376,0.9992824,0.9991368,0.99896008,0.99874344,0.99848944,0.99817936,0.9978052,0.99735848,0.99681336,0.99615024,0.99535344,0.99438192,0.99323856,0.99187184,0.99025208,0.98830296,0.98600152,0.98326992,0.97988112,0.97566048,0.97017064,0.9630308,0.9546912,0.94466528,0.93286976,0.9186228,0.90112624,0.87920904,0.8516468,0.81534008,0.76320048,0.69334648,0.61462584,0.53328352,0.45034592,0.37812704,0.31690848,0.26390216,0.215494,0.16431912,0.12955128,0.10614344,0.08862288,0.073916,0.06008512,0.04913352,0.04019272,0.0324892,0.02524744,0.0164836,0.0101642,0.00654224,0.00426424,0.0027592,0.00176224,0.00109712,0.0006056,0.00022608,0.0,0.0,0.0,0.0,0.0,0.0,0.0,0.0,0.0,0.0,0.0,0.0,0.0,0.0,0.0,0.0,0.0,0.0,0.0,0.0,0.0,0.0,0.0,0.0,0.0,0.0
0.9,1e-05,0.0015,0.5,0.99997072,0.99996496,0.99995784,0.99994872,0.999938,0.99992536,0.99990888,0.99989184,0.99986856,0.9998412,0.99980848,0.99976808,0.99972056,0.99966256,0.99959624,0.99951528,0.99941592,0.9992944,0.9991528,0.9989856,0.99877872,0.9985224,0.99821776,0.99785072,0.99740992,0.9968772,0.99621808,0.99541936,0.99443568,0.9932456,0.9917832,0.99001616,0.98790632,0.9854272,0.98243184,0.97861448,0.97359408,0.96734972,0.95988264,0.9510656,0.94076136,0.92830904,0.91295904,0.89402424,0.87043088,0.84042456,0.8013372,0.74678936,0.67895304,0.60738392,0.54148904,0.48136112,0.42642776,0.37616264,0.32967088,0.28454168,0.2432152,0.20886264,0.18011376,0.15580912,0.13500728,0.11690432,0.10078064,0.08597112,0.07164944,0.056064,0.03759036,0.030505,0.02545484,0.0216142,0.01853556,0.0159584,0.01369252,0.01158792,0.00950872,0.00712456,0.00319448,0.00092104,0.00014112,0.0,0.0,0.0,0.0,0.0,0.0,0.0,0.0,0.0,0.0,0.0,0.0,0.0,0.0,0.0,0.0,0.0,0.0,0.0,0.0,0.0
1.0,1e-05,0.0015,0.5,0.9999656,0.99995912,0.99994888,0.99993776,0.999926,0.9999108,0.99989392,0.99987176,0.99984584,0.99981368,0.99977712,0.99973056,0.9996728,0.99960696,0.99952368,0.9994272,0.999306,0.99916776,0.9989924,0.9987848,0.99853464,0.99823752,0.99787736,0.99744456,0.99693016,0.99630236,0.99553708,0.99462204,0.99351928,0.99217676,0.99055144,0.98862104,0.98631068,0.98348652,0.9800892,0.97601712,0.97107564,0.9650154,0.95773764,0.94898864,0.93821792,0.92491616,0.90844116,0.88960104,0.86801676,0.84378,0.81685728,0.78698804,0.75394032,0.71647776,0.67482348,0.62347376,0.5542376,0.463,0.39455352,0.34230264,0.30030196,0.2654304,0.23582328,0.21025468,0.1878676,0.16805416,0.15035148,0.13438608,0.1198706,0.10646792,0.09386336,0.08118344,0.06942164,0.05961152,0.05140744,0.04449948,0.0386844,0.03371616,0.02943912,0.02571144,0.02236244,0.01926508,0.01611004,0.01319576,0.01074868,0.00865308,0.00689692,0.00541596,0.00396344,0.0026852,0.00152152,0.00045128,0.0,0.0,0.0,0.0,0.0,0.0,0.0,0.0,0.0,0.0,0.0,0.0
1/0.9,1e-05,0.0015,0.5,0.99996656,0.99996024,0.99995216,0.99994296,0.99993144,0.99991488,0.99989744,0.99987624,0.99985184,0.99982416,0.99978856,0.99974456,0.999694,0.99963424,0.99956128,0.99946952,0.999362,0.99923192,0.99906848,0.9988824,0.998652,0.99838276,0.99805312,0.99764648,0.99716492,0.996581,0.99588212,0.99503412,0.9940082,0.99278484,0.99133416,0.98958632,0.9874338,0.98493,0.981904,0.97793604,0.97296448,0.96690896,0.95964852,0.950991,0.94076596,0.92827584,0.91304224,0.89422232,0.87064644,0.84110692,0.80221316,0.74964024,0.67871964,0.60683232,0.54118504,0.4812452,0.42663312,0.37667864,0.33072648,0.28747764,0.24480852,0.2091188,0.17949208,0.15462164,0.13346172,0.11511836,0.09881524,0.0837904,0.06899832,0.0500546,0.0380722,0.03079132,0.02548312,0.02142096,0.01818104,0.01549816,0.0131724,0.01104028,0.00896876,0.00659472,0.00270552,0.00095,0.00015728,0.0,0.0,0.0,0.0,0.0,0.0,0.0,0.0,0.0,0.0,0.0,0.0,0.0,0.0,0.0,0.0,0.0,0.0,0.0,0.0,0.0
1/0.8,1e-05,0.0015,0.5,0.9999604,0.99995312,0.99994264,0.99993136,0.99991632,0.99989896,0.9998776,0.99985128,0.99982064,0.99978336,0.9997428,0.99969088,0.99962608,0.99955088,0.99945912,0.99934624,0.99921024,0.9990568,0.99885632,0.99861776,0.99831928,0.99797672,0.99755912,0.9970692,0.99646992,0.99575616,0.99492112,0.99392284,0.99276484,0.99140744,0.98981128,0.98789656,0.98559744,0.982743,0.97923228,0.97496536,0.96958424,0.9626808,0.95441536,0.944498,0.9328306,0.91847924,0.90112288,0.87937388,0.85203628,0.81602132,0.76603708,0.6949344,0.61339756,0.53306912,0.45143296,0.37719568,0.31443872,0.26006608,0.2090106,0.159991,0.1284688,0.10625344,0.08935944,0.0753712,0.06182588,0.04980168,0.04006484,0.03170624,0.02360652,0.01484772,0.0096232,0.00633648,0.00418116,0.00272668,0.00175512,0.00109428,0.00060572,0.00022752,0.0,0.0,0.0,0.0,0.0,0.0,0.0,0.0,0.0,0.0,0.0,0.0,0.0,0.0,0.0,0.0,0.0,0.0,0.0,0.0,0.0,0.0,0.0,0.0,0.0,0.0
1/0.7,1e-05,0.0015,0.5,0.99994456,0.9999348,0.99992048,0.99990224,0.99988096,0.99985696,0.9998268,0.99979376,0.999752,0.99969864,0.99963736,0.99956192,0.99947032,0.99935936,0.99922152,0.99906368,0.99886984,0.99864472,0.99836736,0.99803728,0.99763328,0.99714984,0.99656992,0.9958684,0.99504104,0.99404824,0.99292008,0.99158192,0.9900354,0.98821232,0.98609828,0.98355736,0.98054464,0.97688716,0.97252912,0.96728892,0.96048352,0.95152512,0.9407872,0.92793124,0.91237008,0.89352328,0.86988284,0.83958816,0.7986786,0.72997996,0.63864336,0.53477136,0.44040484,0.35113896,0.26938444,0.21381088,0.17414256,0.1442636,0.12015072,0.098459,0.0770386,0.05928104,0.04201864,0.02811272,0.01897276,0.01284584,0.0087014,0.00587436,0.00393708,0.0026042,0.00168628,0.0010558,0.00064656,0.00034868,0.00012052,0.0,0.0,0.0,0.0,0.0,0.0,0.0,0.0,0.0,0.0,0.0,0.0,0.0,0.0,0.0,0.0,0.0,0.0,0.0,0.0,0.0,0.0,0.0,0.0,0.0,0.0,0.0,0.0,0.0
1/0.6,1e-05,0.0015,0.5,0.99992024,0.99990368,0.99988336,0.99985768,0.99983112,0.99979752,0.99975704,0.99971104,0.99965336,0.99957904,0.99949512,0.99939064,0.99926008,0.99910416,0.99892288,0.99869912,0.99842768,0.99810808,0.99771832,0.99724344,0.99667344,0.99598904,0.99518096,0.99418144,0.99297312,0.99150584,0.98976744,0.98769888,0.9852332,0.98237976,0.97898576,0.97504072,0.97038168,0.9647608,0.95812312,0.94999848,0.93913776,0.92555184,0.90925452,0.88941912,0.8646592,0.83233512,0.78120352,0.693246,0.61058984,0.51527264,0.39465392,0.3064368,0.24461728,0.19912736,0.16298216,0.13110648,0.09956208,0.071182,0.04840548,0.03302692,0.02257676,0.01541176,0.01050968,0.0071416,0.00482088,0.00321752,0.00211288,0.00134776,0.00081728,0.00050672,0.00027384,0.00010592,0.0,0.0,0.0,0.0,0.0,0.0,0.0,0.0,0.0,0.0,0.0,0.0,0.0,0.0,0.0,0.0,0.0,0.0,0.0,0.0,0.0,0.0,0.0,0.0,0.0,0.0,0.0,0.0,0.0,0.0,0.0,0.0
1/0.5,1e-05,0.0015,0.5,0.99986544,0.99983856,0.99980576,0.99976264,0.99971648,0.99965992,0.99958696,0.99950168,0.99939984,0.99928016,0.9991328,0.99895344,0.99873984,0.99848352,0.9981612,0.99777408,0.99730872,0.99676032,0.99610216,0.99530064,0.99433608,0.99317312,0.9917828,0.99009776,0.988056,0.98563544,0.98269904,0.979154,0.97489984,0.96979464,0.96363408,0.95617456,0.94747712,0.93716928,0.9247736,0.90947968,0.88846552,0.8613496,0.82231436,0.76660984,0.69475136,0.62623888,0.55469984,0.43960104,0.33695088,0.26595856,0.21314072,0.16880128,0.12456128,0.08548684,0.05856292,0.04014408,0.02753856,0.01886092,0.01289736,0.00879488,0.0059596,0.0040056,0.00265392,0.00172,0.00107376,0.00063216,0.00038696,0.00020576,7.544e-05,0.0,0.0,0.0,0.0,0.0,0.0,0.0,0.0,0.0,0.0,0.0,0.0,0.0,0.0,0.0,0.0,0.0,0.0,0.0,0.0,0.0,0.0,0.0,0.0,0.0,0.0,0.0,0.0,0.0,0.0,0.0,0.0,0.0,0.0,0.0
1/0.4,1e-05,0.0015,0.5,0.9997024,0.99963796,0.99955896,0.9994704,0.99935676,0.99922264,0.99905764,0.9988616,0.9986304,0.9983504,0.99801252,0.99760496,0.99711012,0.99650588,0.99579556,0.99493712,0.99390184,0.99265164,0.99111412,0.9892724,0.98704004,0.9843344,0.98109164,0.9772212,0.97260272,0.96698096,0.96023356,0.95208964,0.94202264,0.92939872,0.9133246,0.89302524,0.86967424,0.84120236,0.80492472,0.75852012,0.70815924,0.65562768,0.60056036,0.53894136,0.45167072,0.33743012,0.256692,0.19376248,0.13488968,0.09213884,0.06288092,0.04287748,0.02929896,0.02004624,0.0137052,0.0093358,0.00632956,0.00425864,0.00282724,0.00183396,0.00114748,0.00067248,0.00040204,0.00023188,0.00010472,1.576e-05,0.0,0.0,0.0,0.0,0.0,0.0,0.0,0.0,0.0,0.0,0.0,0.0,0.0,0.0,0.0,0.0,0.0,0.0,0.0,0.0,0.0,0.0,0.0,0.0,0.0,0.0,0.0,0.0,0.0,0.0,0.0,0.0,0.0,0.0,0.0,0.0,0.0,0.0
1/0.3,1e-05,0.0015,0.5,0.99879168,0.99853936,0.9982486,0.99787864,0.99745316,0.9969374,0.9963148,0.99556684,0.99468416,0.99358996,0.99227068,0.99069408,0.988778,0.98648744,0.98369156,0.98040028,0.9764158,0.97161848,0.96591996,0.95913748,0.95106128,0.94157328,0.93052688,0.91762668,0.9027226,0.88557108,0.86603932,0.84380604,0.8181116,0.78917436,0.75785436,0.72445272,0.6875898,0.64962056,0.61157088,0.5651822,0.4991618,0.40869732,0.28571368,0.19007176,0.12308376,0.07961144,0.0523458,0.03475744,0.02322912,0.01560976,0.01054292,0.00710564,0.0047684,0.00316676,0.002063,0.00130152,0.00077376,0.000438,0.00026416,0.0001396,4.532e-05,0.0,0.0,0.0,0.0,0.0,0.0,0.0,0.0,0.0,0.0,0.0,0.0,0.0,0.0,0.0,0.0,0.0,0.0,0.0,0.0,0.0,0.0,0.0,0.0,0.0,0.0,0.0,0.0,0.0,0.0,0.0,0.0,0.0,0.0,0.0,0.0,0.0,0.0,0.0,0.0,0.0,0.0,0.0
1/0.2,1e-05,0.0015,0.5,0.99952968,0.99943868,0.999321,0.99918472,0.99902412,0.9988194,0.99858548,0.99829772,0.9979382,0.99751124,0.99700416,0.99640296,0.99566544,0.9947726,0.9936992,0.992422,0.99087388,0.9889694,0.98668604,0.98391316,0.98051956,0.97628856,0.97112612,0.96477896,0.95696752,0.947121,0.93470916,0.91958308,0.90100004,0.87619764,0.83867288,0.77261172,0.66502212,0.55126592,0.45101088,0.3001608,0.13008928,0.060705,0.03280312,0.01916688,0.01162684,0.00715816,0.0044724,0.002797,0.0017238,0.00102876,0.00058532,0.00032976,0.00018832,8.74e-05,1.484e-05,0.0,0.0,0.0,0.0,0.0,0.0,0.0,0.0,0.0,0.0,0.0,0.0,0.0,0.0,0.0,0.0,0.0,0.0,0.0,0.0,0.0,0.0,0.0,0.0,0.0,0.0,0.0,0.0,0.0,0.0,0.0,0.0,0.0,0.0,0.0,0.0,0.0,0.0,0.0,0.0,0.0,0.0,0.0,0.0,0.0,0.0,0.0,0.0,0.0
0.2,3e-05,0.0015,0.5,0.99927552,0.999126,0.99894848,0.99872828,0.99846456,0.99813564,0.99775808,0.99730248,0.99676664,0.99610348,0.99532104,0.99436848,0.9932158,0.99179696,0.99011408,0.98809764,0.98564536,0.98267328,0.97909384,0.97474904,0.96949124,0.96316012,0.95549856,0.94630872,0.93523704,0.92182736,0.90537108,0.88444308,0.85768496,0.8239164,0.77949936,0.72162928,0.65113124,0.57905328,0.50429848,0.42267844,0.32624468,0.2433012,0.18327404,0.132193,0.08752028,0.05838632,0.03909964,0.02626784,0.01770536,0.01196328,0.0080854,0.00544772,0.00363444,0.00238488,0.00152188,0.0009238,0.00050924,0.00030616,0.00017408,7.656e-05,8.8e-06,0.0,0.0,0.0,0.0,0.0,0.0,0.0,0.0,0.0,0.0,0.0,0.0,0.0,0.0,0.0,0.0,0.0,0.0,0.0,0.0,0.0,0.0,0.0,0.0,0.0,0.0,0.0,0.0,0.0,0.0,0.0,0.0,0.0,0.0,0.0,0.0,0.0,0.0,0.0,0.0,0.0,0.0,0.0
0.3,3e-05,0.0015,0.5,0.9997982,0.99975692,0.99970952,0.999646,0.99957392,0.99948356,0.99937292,0.9992428,0.99908404,0.99890104,0.99867396,0.99840188,0.99807448,0.99768228,0.99721248,0.99664852,0.99596552,0.99513168,0.99412816,0.9929126,0.99142648,0.9896542,0.98751016,0.98492408,0.98181992,0.97807116,0.97351252,0.96805892,0.96145168,0.95334316,0.94354132,0.93166492,0.9173812,0.90080844,0.8810958,0.85555552,0.82042032,0.76982956,0.70249344,0.61867272,0.536151,0.44992148,0.34442312,0.26161844,0.19997456,0.15065196,0.10385964,0.0696798,0.04697044,0.03180616,0.02164156,0.01473188,0.01001648,0.0067794,0.00456008,0.00302772,0.00197092,0.0012396,0.00073128,0.00041868,0.00024964,0.0001292,3.812e-05,0.0,0.0,0.0,0.0,0.0,0.0,0.0,0.0,0.0,0.0,0.0,0.0,0.0,0.0,0.0,0.0,0.0,0.0,0.0,0.0,0.0,0.0,0.0,0.0,0.0,0.0,0.0,0.0,0.0,0.0,0.0,0.0,0.0,0.0,0.0,0.0,0.0
0.4,3e-05,0.0015,0.5,0.9999156,0.99989824,0.99987824,0.99985384,0.99982216,0.9997796,0.99973568,0.99968568,0.99962272,0.99954928,0.99945568,0.9993402,0.99921344,0.99905184,0.99885144,0.998614,0.99831664,0.9979844,0.9975688,0.99706872,0.99646688,0.99573928,0.99485144,0.9937852,0.99252184,0.99097888,0.98912768,0.98689752,0.98420176,0.9809544,0.97699164,0.97224448,0.96651016,0.95951456,0.95121872,0.94165544,0.93053376,0.9167468,0.89966984,0.87713376,0.84823688,0.80819944,0.75129064,0.67081432,0.58228552,0.48634032,0.37565896,0.2943184,0.2285518,0.17596604,0.13334528,0.09269408,0.06226864,0.04215952,0.0286584,0.01952292,0.01329984,0.00904052,0.0061164,0.00410688,0.00271848,0.00175872,0.00109656,0.00063624,0.00038352,0.00021936,9.408e-05,8.48e-06,0.0,0.0,0.0,0.0,0.0,0.0,0.0,0.0,0.0,0.0,0.0,0.0,0.0,0.0,0.0,0.0,0.0,0.0,0.0,0.0,0.0,0.0,0.0,0.0,0.0,0.0,0.0,0.0,0.0,0.0,0.0,0.0
0.5,3e-05,0.0015,0.5,0.9999564,0.99994704,0.9999368,0.99992152,0.99990408,0.9998856,0.99986432,0.99983824,0.99980576,0.99976544,0.99971752,0.99966296,0.99958896,0.9995032,0.9994028,0.9992732,0.99912672,0.99894832,0.99873688,0.99847304,0.99816392,0.99779384,0.99734616,0.99680784,0.99616736,0.99538768,0.9944488,0.99330232,0.99193504,0.99028352,0.98828424,0.98588832,0.98301936,0.97950024,0.975322,0.97054388,0.96503072,0.95832368,0.9501104,0.94020384,0.92760344,0.91154856,0.892136,0.86801584,0.83704512,0.79290008,0.71551208,0.62775512,0.53186336,0.40584216,0.31731552,0.25303368,0.20191384,0.15691016,0.12096244,0.08879976,0.05934544,0.04002944,0.02714776,0.01846884,0.01256424,0.00853176,0.00576696,0.00386656,0.00255368,0.00164976,0.00102432,0.0006044,0.00036848,0.00019184,6.6e-05,0.0,0.0,0.0,0.0,0.0,0.0,0.0,0.0,0.0,0.0,0.0,0.0,0.0,0.0,0.0,0.0,0.0,0.0,0.0,0.0,0.0,0.0,0.0,0.0,0.0,0.0,0.0,0.0,0.0
0.6,3e-05,0.0015,0.5,0.99997096,0.99996584,0.9999592,0.99995192,0.99994024,0.9999296,0.99991512,0.99989728,0.99987696,0.99985088,0.9998204,0.99978312,0.9997404,0.9996884,0.999626,0.99955312,0.999464,0.99935576,0.999232,0.9990808,0.99889784,0.99868192,0.99842272,0.9980992,0.99771552,0.99724216,0.9966732,0.99599744,0.99518008,0.994188,0.9930024,0.99156232,0.98985088,0.9878128,0.985446,0.9826944,0.97951768,0.97561664,0.97076512,0.96498712,0.95818776,0.94918684,0.9381328,0.92489664,0.90885112,0.88917632,0.8644424,0.83270176,0.78858424,0.6967916,0.60682416,0.5035296,0.38227952,0.29729352,0.23761536,0.19300656,0.15661024,0.12327836,0.09639636,0.07320876,0.04956888,0.033128,0.0223404,0.01512228,0.01025296,0.00693272,0.00466304,0.0031048,0.00203048,0.00128816,0.000782,0.00047928,0.00025432,9.112e-05,0.0,0.0,0.0,0.0,0.0,0.0,0.0,0.0,0.0,0.0,0.0,0.0,0.0,0.0,0.0,0.0,0.0,0.0,0.0,0.0,0.0,0.0,0.0,0.0,0.0,0.0
0.7,3e-05,0.0015,0.5,0.99998128,0.9999792,0.99997464,0.99996864,0.99996232,0.99995392,0.99994232,0.99993016,0.99991592,0.9998992,0.99987696,0.99985128,0.99982456,0.99979176,0.99974904,0.9997024,0.99964088,0.99957072,0.999482,0.99937448,0.99924264,0.9990956,0.99891328,0.99869616,0.99842432,0.99810512,0.99771728,0.99725608,0.99669592,0.99602224,0.99522712,0.99428344,0.9931564,0.99180488,0.99026872,0.9884864,0.98636584,0.98374616,0.98040576,0.97642472,0.97194408,0.966116,0.95871992,0.949858,0.93934104,0.92650488,0.91097424,0.89175776,0.86758696,0.83671152,0.79445304,0.72263632,0.63042416,0.52888968,0.43610072,0.34967688,0.26591816,0.20996232,0.1704512,0.14066,0.11617056,0.09312868,0.07431296,0.05863368,0.04414264,0.02881236,0.01900644,0.01269176,0.0085184,0.00571272,0.00381024,0.00250908,0.00161592,0.00101248,0.00061344,0.00032416,0.00010024,0.0,0.0,0.0,0.0,0.0,0.0,0.0,0.0,0.0,0.0,0.0,0.0,0.0,0.0,0.0,0.0,0.0,0.0,0.0,0.0,0.0,0.0,0.0
0.8,3e-05,0.0015,0.5,0.99998864,0.99998696,0.99998312,0.9999804,0.99997464,0.99997,0.9999624,0.99995248,0.99994064,0.99992928,0.99991304,0.99989512,0.99987388,0.99984676,0.99981368,0.99977768,0.99973352,0.99968024,0.99961416,0.9995384,0.99943704,0.99932528,0.9991912,0.99902104,0.99881312,0.9985644,0.99827616,0.9979392,0.99752236,0.99703328,0.99644048,0.99573096,0.9948988,0.99392168,0.99275784,0.99133076,0.98951984,0.98728168,0.984692,0.98174568,0.9782652,0.97359336,0.9679088,0.96118892,0.95310352,0.94329624,0.93149456,0.9170044,0.89910708,0.87684704,0.84857036,0.81127664,0.75654248,0.68624096,0.60663904,0.52551328,0.44285772,0.37178888,0.31155568,0.25918112,0.21096688,0.16034232,0.12704888,0.10437264,0.08725824,0.07266364,0.05907252,0.04834336,0.03952508,0.031858,0.02451928,0.01553464,0.0096694,0.00623696,0.0040694,0.00262644,0.00168108,0.0010332,0.00055932,0.0001912,0.0,0.0,0.0,0.0,0.0,0.0,0.0,0.0,0.0,0.0,0.0,0.0,0.0,0.0,0.0,0.0,0.0,0.0,0.0,0.0
0.9,3e-05,0.0015,0.5,0.99998752,0.99998576,0.99998248,0.9999788,0.99997448,0.99996872,0.999962,0.9999548,0.99994504,0.9999336,0.99992024,0.99990344,0.99988288,0.99986016,0.99982992,0.99979432,0.99975016,0.9997012,0.9996416,0.99956584,0.99947736,0.99937496,0.99924792,0.999094,0.99891208,0.99869808,0.99844608,0.99813528,0.997764,0.99733704,0.99683472,0.99623088,0.99551992,0.99468344,0.99368416,0.99245032,0.99088208,0.98889528,0.98646328,0.98379552,0.98073608,0.97668392,0.97163404,0.96566656,0.95852976,0.94989368,0.93948136,0.92679776,0.91120732,0.89194832,0.86791944,0.83718152,0.79679936,0.74057296,0.6721588,0.60081928,0.53547992,0.47589072,0.42144528,0.37155016,0.32533272,0.28017832,0.23960104,0.20586072,0.17760552,0.153712,0.13324264,0.11540616,0.09949824,0.08485752,0.07063984,0.05494704,0.037302,0.0304478,0.02551992,0.02173672,0.0186804,0.01609072,0.01377388,0.0115764,0.00931048,0.00650356,0.00206768,0.00073048,5.888e-05,0.0,0.0,0.0,0.0,0.0,0.0,0.0,0.0,0.0,0.0,0.0,0.0,0.0,0.0,0.0
1.0,3e-05,0.0015,0.5,0.99998736,0.99998504,0.999982,0.99997832,0.99997288,0.99996784,0.99996112,0.99995312,0.99994352,0.99993376,0.99992008,0.99990504,0.99988592,0.99986152,0.9998332,0.99979824,0.99976024,0.99971072,0.99965288,0.99958048,0.99949664,0.99939664,0.9992708,0.99912456,0.99895416,0.99874128,0.9984924,0.99818608,0.99781556,0.99737468,0.9968358,0.99618048,0.9953788,0.99444688,0.99329376,0.99189416,0.99023208,0.9882116,0.9858256,0.98292216,0.97941464,0.97524156,0.97015476,0.96393696,0.95647024,0.94750496,0.93658088,0.92331072,0.9068468,0.88683368,0.8618184,0.83028584,0.79250144,0.75049068,0.70241744,0.64466264,0.57319844,0.50804848,0.45155628,0.40220008,0.35885824,0.32063596,0.28681848,0.25683076,0.2301372,0.20627952,0.18484732,0.16566544,0.14838856,0.13270716,0.11833312,0.10491976,0.09225104,0.079486,0.06776448,0.0580372,0.04995664,0.04316028,0.0373994,0.03248704,0.02822216,0.02448816,0.02112308,0.01796924,0.0147484,0.01198728,0.00986704,0.00795048,0.00620528,0.0044662,0.00304312,0.00188924,0.00076896,0.00038392,0.00010704,0.0,0.0,0.0,0.0,0.0
1/0.9,3e-05,0.0015,0.5,0.99998832,0.9999856,0.99998304,0.99997912,0.9999756,0.99997056,0.99996336,0.99995592,0.99994696,0.99993672,0.9999228,0.99990664,0.99988864,0.99986528,0.99984104,0.99980784,0.99977208,0.99972344,0.9996692,0.9996052,0.99952416,0.99942544,0.99930892,0.99916912,0.99900456,0.99880696,0.9985624,0.99826488,0.99791704,0.9974872,0.99699088,0.996406,0.99569704,0.99483976,0.99377656,0.9924452,0.99078648,0.9887604,0.98638656,0.98378304,0.98062416,0.97655856,0.97158656,0.96567272,0.95859144,0.94998584,0.9396048,0.92691864,0.91137752,0.89219584,0.8682292,0.83779064,0.79791608,0.74365064,0.67154184,0.60029928,0.5351916,0.4758288,0.42165984,0.3721304,0.32651024,0.2833544,0.24112296,0.20606408,0.17691976,0.15242224,0.13152464,0.11335968,0.09714344,0.08208296,0.06704624,0.04727008,0.03678176,0.02977664,0.02462832,0.02067756,0.01753304,0.01492928,0.0126892,0.01066424,0.00870392,0.00651364,0.00307104,0.00093968,0.00015712,0.0,0.0,0.0,0.0,0.0,0.0,0.0,0.0,0.0,0.0,0.0,0.0,0.0,0.0,0.0
1/0.8,3e-05,0.0015,0.5,0.99998696,0.99998384,0.99998016,0.99997704,0.99997152,0.9999656,0.99995696,0.9999472,0.99993752,0.99992376,0.99990688,0.99988912,0.99986584,0.99983784,0.99980672,0.99977072,0.99972488,0.99966664,0.99959792,0.99951352,0.99941704,0.99930036,0.99916068,0.998987,0.99877972,0.9985206,0.99821832,0.99787472,0.99745856,0.99695196,0.99634248,0.99562976,0.99478296,0.9938094,0.99265772,0.99128288,0.98955468,0.9873688,0.98471552,0.9816676,0.9782356,0.97368852,0.96801424,0.96124184,0.95314512,0.94339452,0.93160784,0.91705352,0.89928368,0.87707416,0.84887888,0.81204728,0.76005064,0.68749184,0.60551696,0.52550024,0.44375868,0.37067536,0.30892076,0.2550932,0.20326928,0.15629336,0.12593096,0.10437152,0.0878428,0.07400592,0.06040484,0.04865732,0.0391134,0.03087856,0.02278988,0.01428032,0.00927624,0.00611156,0.0040306,0.00262708,0.00168684,0.00104288,0.00056632,0.00019752,0.0,0.0,0.0,0.0,0.0,0.0,0.0,0.0,0.0,0.0,0.0,0.0,0.0,0.0,0.0,0.0,0.0,0.0,0.0,0.0
1/0.7,3e-05,0.0015,0.5,0.99998064,0.9999768,0.9999728,0.99996808,0.99996072,0.99995344,0.99994424,0.99993464,0.99992128,0.999903,0.99988308,0.99985936,0.9998304,0.9997996,0.9997588,0.99970896,0.9996478,0.99957744,0.99949304,0.99938912,0.99926388,0.99911548,0.99893472,0.99871248,0.99844928,0.99812216,0.99773568,0.99727976,0.99672824,0.9960608,0.99525496,0.99427944,0.99309432,0.99171748,0.99006368,0.98817848,0.98601336,0.98345176,0.98026456,0.97621856,0.97154304,0.96596984,0.95864688,0.94973504,0.93912672,0.92627816,0.91063344,0.8913776,0.8671932,0.83623752,0.793874,0.72236,0.62886788,0.52500192,0.4318896,0.34164684,0.26301712,0.20937504,0.17090584,0.14172296,0.11799384,0.0962648,0.07514964,0.0576622,0.04043932,0.02708028,0.01828216,0.0123856,0.00838496,0.00565824,0.00378896,0.0025032,0.00161432,0.00101136,0.00061472,0.00032464,0.00010224,0.0,0.0,0.0,0.0,0.0,0.0,0.0,0.0,0.0,0.0,0.0,0.0,0.0,0.0,0.0,0.0,0.0,0.0,0.0,0.0,0.0,0.0,0.0
1/0.6,3e-05,0.0015,0.5,0.9999736,0.99996832,0.99995976,0.9999528,0.99994416,0.9999332,0.99992,0.9999044,0.99988648,0.99986504,0.99983432,0.99979976,0.9997592,0.99970992,0.99964976,0.99957592,0.99948808,0.99938536,0.99925408,0.9991024,0.99892408,0.99870432,0.99844008,0.998124,0.99774152,0.99728776,0.99672448,0.9960388,0.99523912,0.9942472,0.99306088,0.99164552,0.98992448,0.98783264,0.98532848,0.98227736,0.9787364,0.97463984,0.96999704,0.96413992,0.95696968,0.94854464,0.93745872,0.92385328,0.9074032,0.88731424,0.86195376,0.8288544,0.77283464,0.68520912,0.60282872,0.50415208,0.38459152,0.29941368,0.23968048,0.19527248,0.1597972,0.12791308,0.09678648,0.06858668,0.04666904,0.03184844,0.02175676,0.01486448,0.01013128,0.00688152,0.00464144,0.0030948,0.0020268,0.00128864,0.00078368,0.00047976,0.00025576,9.152e-05,0.0,0.0,0.0,0.0,0.0,0.0,0.0,0.0,0.0,0.0,0.0,0.0,0.0,0.0,0.0,0.0,0.0,0.0,0.0,0.0,0.0,0.0,0.0,0.0,0.0,0.0
1/0.5,3e-05,0.0015,0.5,0.99995192,0.9999436,0.99993312,0.99991944,0.99990208,0.99988368,0.99986136,0.99983608,0.9997974,0.99975524,0.99970852,0.9996478,0.99957884,0.99949404,0.99939308,0.99926604,0.99912004,0.9989394,0.998715,0.99845032,0.99814128,0.99776288,0.99730792,0.99675872,0.99610096,0.99529856,0.99434608,0.99319308,0.99182084,0.99016588,0.98815736,0.98574568,0.98283224,0.97933764,0.9750414,0.9698828,0.96359452,0.95598896,0.94688176,0.93621736,0.92295016,0.90674652,0.8858492,0.85848596,0.8178132,0.75957744,0.68807864,0.6195592,0.54710016,0.42743208,0.32885112,0.26035816,0.20856,0.16462772,0.12041092,0.08245064,0.0564792,0.038726,0.02654972,0.01818904,0.01243576,0.008475,0.0057404,0.00385476,0.00254824,0.00164852,0.00102124,0.00060276,0.00036904,0.00019216,6.6e-05,0.0,0.0,0.0,0.0,0.0,0.0,0.0,0.0,0.0,0.0,0.0,0.0,0.0,0.0,0.0,0.0,0.0,0.0,0.0,0.0,0.0,0.0,0.0,0.0,0.0,0.0,0.0,0.0,0.0
1/0.4,3e-05,0.0015,0.5,0.99990016,0.99987856,0.99985408,0.99982224,0.99978648,0.9997436,0.99969052,0.99962312,0.9995504,0.99946112,0.99935092,0.99921288,0.99905204,0.99885804,0.99862492,0.9983454,0.99800788,0.99760272,0.99712016,0.99654368,0.99584252,0.99499456,0.993988,0.99276064,0.99126256,0.98944752,0.98726904,0.98462224,0.98149856,0.9777504,0.9731968,0.96771132,0.9609384,0.95273776,0.94256256,0.92976868,0.91370488,0.89338224,0.868848,0.8388528,0.80114256,0.75181864,0.70025324,0.6485624,0.59417036,0.53174252,0.44167528,0.32803484,0.25044288,0.18861124,0.12997852,0.08839472,0.06033232,0.04125548,0.028247,0.0193296,0.01320948,0.0089942,0.00609816,0.00409692,0.00271356,0.0017578,0.00109576,0.00063612,0.00038332,0.00021936,9.392e-05,8.32e-06,0.0,0.0,0.0,0.0,0.0,0.0,0.0,0.0,0.0,0.0,0.0,0.0,0.0,0.0,0.0,0.0,0.0,0.0,0.0,0.0,0.0,0.0,0.0,0.0,0.0,0.0,0.0,0.0,0.0,0.0,0.0,0.0
1/0.3,3e-05,0.0015,0.5,0.99956764,0.99948196,0.99936984,0.999242,0.99908284,0.99889364,0.99865528,0.99838104,0.9980588,0.99766536,0.99718892,0.9966126,0.9959314,0.99508912,0.994094,0.99291112,0.99146408,0.98972968,0.98763944,0.98513588,0.98215396,0.97858048,0.97423788,0.96910228,0.96298404,0.9558196,0.94761468,0.93827048,0.92741972,0.914699,0.89963816,0.88238856,0.86328132,0.84073804,0.81536052,0.78604328,0.75512952,0.72233636,0.68655764,0.64660168,0.60712172,0.5575258,0.49161132,0.39820068,0.2716778,0.1818066,0.11681028,0.07538568,0.04958992,0.03304532,0.02220832,0.01500528,0.01014196,0.00684064,0.00458956,0.0030406,0.00197708,0.00124176,0.00073364,0.00041932,0.00024908,0.00012808,3.836e-05,0.0,0.0,0.0,0.0,0.0,0.0,0.0,0.0,0.0,0.0,0.0,0.0,0.0,0.0,0.0,0.0,0.0,0.0,0.0,0.0,0.0,0.0,0.0,0.0,0.0,0.0,0.0,0.0,0.0,0.0,0.0,0.0,0.0,0.0,0.0,0.0,0.0
1/0.2,3e-05,0.0015,0.5,0.99984068,0.99980692,0.99976836,0.99972276,0.999666,0.99959836,0.99951588,0.99941084,0.99929204,0.99914944,0.99897732,0.99876612,0.99851596,0.99820388,0.99783788,0.99739548,0.9968688,0.9962404,0.99548288,0.99457228,0.9934814,0.99214696,0.99051604,0.98855708,0.98617244,0.98326892,0.97971692,0.9753164,0.96983216,0.96311064,0.95459896,0.94400816,0.93121856,0.91578416,0.89819304,0.87424256,0.83856236,0.77172216,0.65414924,0.54373988,0.4371144,0.27857324,0.1144328,0.05316532,0.02851028,0.01662484,0.01014988,0.00638632,0.00406712,0.0025864,0.00161744,0.00096816,0.00055232,0.00031328,0.0001768,7.896e-05,1.056e-05,0.0,0.0,0.0,0.0,0.0,0.0,0.0,0.0,0.0,0.0,0.0,0.0,0.0,0.0,0.0,0.0,0.0,0.0,0.0,0.0,0.0,0.0,0.0,0.0,0.0,0.0,0.0,0.0,0.0,0.0,0.0,0.0,0.0,0.0,0.0,0.0,0.0,0.0,0.0,0.0,0.0,0.0,0.0
0.2,0.0001,0.0015,0.5,0.9997964,0.9997552,0.99970532,0.99964052,0.99956784,0.99947696,0.99936464,0.99923424,0.99907424,0.9988928,0.99866684,0.99838844,0.99805484,0.99766248,0.99718092,0.99659184,0.9958942,0.99504844,0.99400192,0.99276592,0.99125936,0.98943808,0.9872272,0.98451816,0.98124652,0.97736348,0.97266884,0.96694288,0.96000472,0.951721,0.94159024,0.9296006,0.91514536,0.89720152,0.87435272,0.84516864,0.80415216,0.75158272,0.68224296,0.60934456,0.53673404,0.46109188,0.37338276,0.276192,0.20837152,0.15584532,0.10551936,0.0694454,0.04635832,0.03121992,0.02113396,0.01432936,0.00971312,0.00655944,0.00440072,0.00291408,0.00188736,0.00117744,0.0006848,0.00038744,0.0002304,0.00011992,3.656e-05,0.0,0.0,0.0,0.0,0.0,0.0,0.0,0.0,0.0,0.0,0.0,0.0,0.0,0.0,0.0,0.0,0.0,0.0,0.0,0.0,0.0,0.0,0.0,0.0,0.0,0.0,0.0,0.0,0.0,0.0,0.0,0.0,0.0,0.0,0.0,0.0,0.0
0.3,0.0001,0.0015,0.5,0.99993704,0.99992428,0.99990952,0.99989208,0.99987036,0.9998418,0.99981132,0.99977188,0.99972664,0.99966836,0.9996034,0.99952544,0.99943184,0.99931488,0.9991674,0.99899916,0.99879096,0.99854152,0.99825124,0.99789184,0.99745724,0.99694216,0.99631748,0.99555216,0.99464004,0.99352,0.99218564,0.99056876,0.98865392,0.98632944,0.98355776,0.98019192,0.97615656,0.97125456,0.96531712,0.95809456,0.9493228,0.93884036,0.92587992,0.90994336,0.89107992,0.86769528,0.83733976,0.79290224,0.73579112,0.656254,0.57419824,0.4917422,0.391968,0.29743648,0.22689424,0.17286788,0.12573612,0.08368204,0.05627776,0.038114,0.02590888,0.01763832,0.01200232,0.00814432,0.00549916,0.00367592,0.00241768,0.00154752,0.00094504,0.00052864,0.00032096,0.00018008,7.632e-05,3.44e-06,0.0,0.0,0.0,0.0,0.0,0.0,0.0,0.0,0.0,0.0,0.0,0.0,0.0,0.0,0.0,0.0,0.0,0.0,0.0,0.0,0.0,0.0,0.0,0.0,0.0,0.0,0.0,0.0,0.0,0.0
0.4,0.0001,0.0015,0.5,0.99997504,0.99997064,0.9999644,0.99995712,0.999946,0.99993416,0.99992176,0.99990464,0.99988672,0.99986424,0.9998384,0.9998052,0.99976536,0.9997224,0.9996616,0.9995904,0.99950376,0.99940152,0.99927768,0.99913544,0.998956,0.99874144,0.99847848,0.99817,0.99779752,0.9973452,0.99679872,0.99613576,0.99535312,0.99438304,0.9932368,0.99185288,0.99017456,0.98816344,0.98575376,0.98281072,0.9793052,0.9750412,0.96992824,0.96366584,0.95618664,0.94719608,0.93681736,0.92331388,0.90744104,0.8874888,0.86196648,0.82884384,0.77990008,0.71177984,0.6245608,0.53316592,0.42417128,0.32956472,0.25848072,0.19902096,0.15254632,0.11198968,0.07491884,0.0505666,0.03432448,0.02336744,0.01591776,0.01083384,0.00734936,0.00495536,0.0033044,0.00216336,0.00137688,0.0008304,0.00048184,0.00028872,0.00014904,4.568e-05,0.0,0.0,0.0,0.0,0.0,0.0,0.0,0.0,0.0,0.0,0.0,0.0,0.0,0.0,0.0,0.0,0.0,0.0,0.0,0.0,0.0,0.0,0.0,0.0,0.0,0.0
0.5,0.0001,0.0015,0.5,0.99998792,0.99998592,0.99998136,0.99997696,0.99997176,0.99996656,0.99996024,0.99995232,0.99994192,0.99993112,0.99991392,0.9998968,0.99987536,0.99985192,0.99982224,0.99978936,0.99974632,0.99969456,0.99963184,0.99955792,0.9994648,0.99935976,0.99922464,0.99906544,0.99887392,0.99863896,0.99836184,0.99803992,0.99763488,0.997158,0.99657728,0.99586704,0.99503232,0.99400992,0.99280736,0.99134048,0.98956632,0.98741928,0.9848388,0.98171264,0.9779516,0.9734016,0.96808496,0.96185456,0.95386704,0.94463504,0.93321848,0.91882736,0.90142896,0.87989136,0.85265088,0.81661344,0.75656424,0.6682064,0.58131824,0.4603128,0.35509296,0.28107152,0.2250276,0.17676444,0.13705624,0.10403248,0.07154844,0.0480716,0.03253816,0.02210784,0.01504464,0.0102276,0.006932,0.00466656,0.00310864,0.00203128,0.00128768,0.00077304,0.00046688,0.00026888,0.00011904,1.208e-05,0.0,0.0,0.0,0.0,0.0,0.0,0.0,0.0,0.0,0.0,0.0,0.0,0.0,0.0,0.0,0.0,0.0,0.0,0.0,0.0,0.0,0.0
0.6,0.0001,0.0015,0.5,0.99999248,0.99999112,0.9999892,0.99998768,0.99998536,0.99998312,0.9999784,0.99997328,0.99996816,0.99996104,0.9999532,0.99994328,0.99993096,0.9999168,0.99990016,0.99988224,0.9998564,0.9998284,0.99979128,0.99974824,0.99969584,0.99963452,0.99955616,0.99946232,0.99935224,0.99922032,0.9990572,0.99885768,0.99862992,0.99834336,0.99800728,0.99760288,0.99710544,0.99651968,0.99580392,0.99494868,0.993908,0.9926508,0.99112328,0.98927904,0.98703952,0.98438304,0.98130232,0.97772232,0.97322576,0.96756888,0.96115952,0.95301744,0.9431324,0.9312444,0.91672264,0.8989088,0.87678048,0.84869608,0.81158352,0.741712,0.64852164,0.55779384,0.4356908,0.33332704,0.26334772,0.2126448,0.17320928,0.1382086,0.10848316,0.08392772,0.06005756,0.03989048,0.0268066,0.01812736,0.01228588,0.00832084,0.00561132,0.00375792,0.00248036,0.00159984,0.0009912,0.00061036,0.00035072,0.0001624,1.944e-05,0.0,0.0,0.0,0.0,0.0,0.0,0.0,0.0,0.0,0.0,0.0,0.0,0.0,0.0,0.0,0.0,0.0,0.0,0.0
0.7,0.0001,0.0015,0.5,0.9999948,0.99999352,0.99999184,0.99998928,0.99998744,0.99998536,0.9999836,0.99998096,0.99997696,0.99997224,0.9999656,0.99995792,0.99994976,0.99994064,0.9999296,0.99991592,0.99989976,0.9998764,0.99985184,0.99982312,0.9997872,0.99974344,0.99968808,0.9996252,0.99955552,0.99946808,0.99936048,0.99923168,0.99907248,0.9988856,0.99865488,0.99837756,0.99804912,0.9976412,0.99716144,0.99657464,0.99587392,0.9950152,0.99398328,0.99273692,0.99126888,0.98952624,0.98753544,0.98511512,0.98203024,0.97814224,0.97379416,0.96848336,0.961898,0.953997,0.94445128,0.93283376,0.91869328,0.9012696,0.87962448,0.85227496,0.81621648,0.75896736,0.67711304,0.577052,0.4783878,0.39057012,0.30118632,0.23382664,0.18765184,0.15393984,0.12746784,0.10382168,0.0828914,0.06588332,0.0510222,0.03508672,0.0229298,0.01524632,0.01021872,0.00685856,0.00459024,0.0030406,0.00198312,0.00124964,0.00077528,0.00044664,0.00019584,4.08e-06,0.0,0.0,0.0,0.0,0.0,0.0,0.0,0.0,0.0,0.0,0.0,0.0,0.0,0.0,0.0,0.0
0.8,0.0001,0.0015,0.5,0.99999576,0.99999488,0.99999336,0.999992,0.99999064,0.99998856,0.99998656,0.9999844,0.99998248,0.99997904,0.99997472,0.99996968,0.99996208,0.99995448,0.99994568,0.99993672,0.99992184,0.99990648,0.99988752,0.99986336,0.99983552,0.99980072,0.99976,0.9997124,0.99965088,0.99958184,0.99949432,0.99939112,0.99926504,0.99912152,0.99893728,0.99871792,0.99845664,0.99813608,0.99775696,0.99729328,0.99672896,0.99606368,0.99528496,0.99435256,0.99327176,0.9920484,0.99051504,0.9885316,0.98598664,0.98297392,0.97975928,0.97562576,0.97050616,0.96441416,0.95707192,0.94815384,0.93733992,0.9241764,0.90798224,0.88794384,0.86274592,0.83017896,0.78556936,0.72013864,0.64539784,0.56342616,0.48082432,0.403598,0.3387204,0.28311296,0.2336728,0.18335976,0.1413064,0.114518,0.09522392,0.07987064,0.06557368,0.05359872,0.04391036,0.03566576,0.02807504,0.01929552,0.01167672,0.00747616,0.00486656,0.00316096,0.00202216,0.00127976,0.0007436,0.00034112,2.12e-05,0.0,0.0,0.0,0.0,0.0,0.0,0.0,0.0,0.0,0.0,0.0,0.0,0.0
0.9,0.0001,0.0015,0.5,0.99999664,0.999996,0.99999544,0.9999936,0.9999924,0.99999048,0.99998936,0.99998752,0.99998536,0.99998232,0.99997864,0.99997392,0.99996824,0.99996256,0.99995472,0.99994512,0.99993272,0.99992088,0.99990632,0.999888,0.99986624,0.99984056,0.99980648,0.9997652,0.99971248,0.99965592,0.9995848,0.99949736,0.999396,0.9992716,0.99912232,0.99894416,0.998724,0.99846736,0.99816064,0.99779632,0.99735832,0.99683456,0.99622368,0.9955232,0.99469496,0.99365032,0.99222368,0.99006272,0.98696904,0.9842064,0.98155664,0.97809104,0.9737284,0.968414,0.96196192,0.95412712,0.9446072,0.9330516,0.91890432,0.90149936,0.87985872,0.85253744,0.817174,0.7694148,0.7050516,0.63373112,0.56551808,0.50325696,0.4464264,0.39446072,0.34661656,0.30151864,0.25752976,0.22083512,0.1902432,0.1645296,0.14267992,0.12383992,0.10729488,0.09238216,0.07841224,0.06439504,0.04580044,0.03508384,0.0293006,0.02495656,0.02148436,0.01853524,0.0158772,0.01325744,0.01036304,0.00612352,0.00195116,0.00087936,0.00015904,0.0,0.0,0.0,0.0,0.0,0.0,0.0,0.0,0.0
1.0,0.0001,0.0015,0.5,0.99999712,0.99999664,0.99999568,0.99999448,0.99999328,0.99999224,0.99999048,0.99998856,0.9999868,0.99998416,0.9999812,0.99997664,0.99997024,0.9999624,0.99995448,0.99994608,0.99993472,0.99992112,0.99990376,0.99988568,0.9998644,0.99983672,0.9998024,0.99975848,0.99970872,0.99964852,0.99957424,0.99949176,0.99939008,0.99926872,0.99911968,0.9989336,0.99870984,0.9984532,0.99813408,0.9977492,0.99728712,0.99673904,0.99607304,0.99526224,0.99429288,0.99313164,0.99171992,0.9900292,0.98798192,0.98554544,0.98271464,0.97912332,0.97478416,0.9696942,0.9633936,0.95584412,0.94670264,0.93554936,0.9219734,0.90528672,0.88464536,0.8587602,0.82575176,0.78242808,0.72395752,0.65287424,0.58581816,0.52533756,0.47085668,0.4218852,0.37793544,0.33850888,0.30311248,0.27109408,0.24259624,0.21735504,0.19481456,0.17457712,0.1563,0.13967152,0.12431296,0.109952,0.09664472,0.08346888,0.07115968,0.0606696,0.05190528,0.04456376,0.03840408,0.0332124,0.02885548,0.02538672,0.02254784,0.0193234,0.016205,0.01327136,0.01039388,0.00763948,0.0048704,0.00193144,0.00063784,0.0,0.0,0.0
1/0.9,0.0001,0.0015,0.5,0.99999672,0.999996,0.99999512,0.99999416,0.99999304,0.99999168,0.99998984,0.99998848,0.99998448,0.99998128,0.99997768,0.99997328,0.99996728,0.99996032,0.9999516,0.99994064,0.99992872,0.99991536,0.99989692,0.999874,0.99984744,0.99981776,0.9997812,0.9997384,0.99968568,0.99961992,0.99954208,0.99945304,0.99934312,0.99921216,0.99904688,0.99885548,0.99862184,0.99835896,0.99802856,0.99763276,0.99717416,0.9966328,0.9959836,0.99520888,0.99426344,0.99308008,0.99158672,0.98968676,0.98749648,0.98500808,0.98214032,0.97841056,0.9739382,0.96856288,0.9620968,0.95426216,0.94476768,0.93321536,0.91909168,0.9017584,0.88021824,0.85309712,0.81813528,0.77151904,0.70671192,0.63298344,0.56505792,0.50307704,0.44653072,0.39491552,0.3475828,0.30358344,0.2602132,0.2218268,0.19001344,0.16337184,0.14078224,0.12126852,0.10400472,0.08818968,0.07284216,0.05519848,0.03932304,0.03117936,0.02533376,0.02093876,0.01753648,0.01482296,0.0126084,0.01075256,0.00908508,0.00747068,0.00573588,0.00357616,0.00076196,0.0,0.0,0.0,0.0,0.0,0.0,0.0,0.0,0.0
1/0.8,0.0001,0.0015,0.5,0.99999672,0.99999608,0.99999544,0.99999416,0.99999272,0.9999912,0.9999892,0.99998608,0.99998336,0.99997896,0.9999748,0.99997032,0.99996344,0.9999552,0.99994632,0.9999344,0.9999232,0.99990704,0.99988736,0.99986592,0.99983832,0.99980656,0.99976824,0.999722,0.99966408,0.9995952,0.99950728,0.99940304,0.99927752,0.99913104,0.99895528,0.9987436,0.998486,0.99817368,0.99779296,0.99733056,0.99677616,0.99612152,0.99533,0.9943936,0.99328944,0.99199792,0.99046808,0.9885308,0.98602088,0.98300512,0.97965832,0.97561232,0.97051312,0.96445232,0.95710512,0.94822064,0.93743088,0.92426224,0.90809488,0.8881212,0.86302784,0.83074104,0.78720816,0.72285048,0.64427088,0.56282504,0.48299144,0.40345632,0.3367448,0.2795336,0.22796968,0.17504848,0.13844888,0.11340056,0.09486088,0.07996952,0.0664688,0.05335,0.04296284,0.03433576,0.02662168,0.01800616,0.01147924,0.00750872,0.00495632,0.0032512,0.00209656,0.00134024,0.00078744,0.00037096,5.008e-05,0.0,0.0,0.0,0.0,0.0,0.0,0.0,0.0,0.0,0.0,0.0,0.0,0.0
1/0.7,0.0001,0.0015,0.5,0.99999472,0.99999384,0.99999264,0.99999128,0.99998952,0.99998816,0.99998416,0.99998104,0.9999776,0.99997296,0.99996712,0.99996168,0.9999532,0.999944,0.99993256,0.99991992,0.9999052,0.99988232,0.99985816,0.99982912,0.999792,0.99974976,0.99969736,0.99963568,0.9995628,0.99946808,0.99936328,0.99923192,0.99907424,0.99888032,0.99865608,0.99838024,0.9980408,0.9976436,0.99715776,0.996578,0.99587872,0.99502792,0.99400848,0.99276696,0.9912948,0.98952872,0.98745152,0.98508312,0.982098,0.9780708,0.97350064,0.96840176,0.96178624,0.95386704,0.9442812,0.9326396,0.91844736,0.9009732,0.87928528,0.85179464,0.81570104,0.75905672,0.67650216,0.5729592,0.47431192,0.38532504,0.29584512,0.2320908,0.18741488,0.154434,0.12854336,0.10637168,0.08423624,0.06541008,0.04887096,0.03272552,0.02202024,0.0149012,0.01009576,0.00682472,0.00458776,0.0030516,0.00199616,0.00126184,0.00078736,0.00045312,0.0002024,1.152e-05,0.0,0.0,0.0,0.0,0.0,0.0,0.0,0.0,0.0,0.0,0.0,0.0,0.0,0.0,0.0,0.0
1/0.6,0.0001,0.0015,0.5,0.99999296,0.9999912,0.99998864,0.9999864,0.99998424,0.99998152,0.99997736,0.9999724,0.99996688,0.99995896,0.9999508,0.99994112,0.99992936,0.99991664,0.99989888,0.99987936,0.99985328,0.99982496,0.99978904,0.999744,0.99969128,0.99962656,0.99954384,0.99944752,0.99933984,0.99920512,0.99904064,0.99885344,0.99861352,0.99833216,0.99798936,0.99757944,0.99708072,0.99649096,0.99577424,0.99490808,0.99386656,0.992602,0.99109344,0.98925984,0.98705048,0.98437536,0.98113392,0.97726432,0.97278596,0.967346,0.96019312,0.95230592,0.94232112,0.93021072,0.91544744,0.89727696,0.87458416,0.84562656,0.80627568,0.72529416,0.64154656,0.55681344,0.43781824,0.33540696,0.26528648,0.21463152,0.17562192,0.14282568,0.1105178,0.08201388,0.05591844,0.0381188,0.026036,0.01779168,0.01214348,0.00826476,0.0055914,0.00375236,0.0024812,0.00160244,0.00099332,0.00061168,0.00035152,0.00016408,2.064e-05,0.0,0.0,0.0,0.0,0.0,0.0,0.0,0.0,0.0,0.0,0.0,0.0,0.0,0.0,0.0,0.0,0.0,0.0,0.0
1/0.5,0.0001,0.0015,0.5,0.99998592,0.99998336,0.9999796,0.99997592,0.99997152,0.99996576,0.99995896,0.9999496,0.99993864,0.99992752,0.99991112,0.99989632,0.99987328,0.99984992,0.99981768,0.99978336,0.99973848,0.99968728,0.99961936,0.99953832,0.99944496,0.99932848,0.9991858,0.99902236,0.99882296,0.99858512,0.9982904,0.99794552,0.99753432,0.9970316,0.9964292,0.99570344,0.99483352,0.9937768,0.99251504,0.99100128,0.98916792,0.98696844,0.98430244,0.98109192,0.97723464,0.97256296,0.96690528,0.96005156,0.95163064,0.94172832,0.92969984,0.91450696,0.89596104,0.87216104,0.83894192,0.79019308,0.7210258,0.65178508,0.58257744,0.49062864,0.37019008,0.28971336,0.23139248,0.18482016,0.14070752,0.09853212,0.06745164,0.04623744,0.03170864,0.02173016,0.01487528,0.01015248,0.00690028,0.0046542,0.00310388,0.00203072,0.00128884,0.0007736,0.0004688,0.00027008,0.00011936,1.264e-05,0.0,0.0,0.0,0.0,0.0,0.0,0.0,0.0,0.0,0.0,0.0,0.0,0.0,0.0,0.0,0.0,0.0,0.0,0.0,0.0,0.0,0.0
1/0.4,0.0001,0.0015,0.5,0.99997176,0.99996568,0.99995936,0.99995088,0.9999396,0.99992544,0.99991128,0.9998932,0.99987072,0.99984352,0.99980872,0.99976664,0.9997192,0.99966168,0.99959248,0.99951168,0.99940544,0.9992872,0.99914216,0.99896516,0.99875472,0.99849656,0.99818416,0.99781176,0.99736096,0.9968244,0.9961764,0.99540672,0.99446784,0.99334264,0.99199136,0.99034888,0.98837692,0.98602336,0.98314488,0.97970168,0.97553564,0.9704632,0.9643438,0.95683776,0.9478284,0.93648408,0.92200612,0.90377224,0.88171088,0.85463472,0.82097584,0.77437336,0.72382608,0.67270416,0.62013888,0.56268456,0.4877728,0.37611088,0.28379512,0.2171452,0.15581696,0.10579912,0.07213216,0.04929888,0.033744,0.02310076,0.01580048,0.01078112,0.00732776,0.00494592,0.0033004,0.00216312,0.0013768,0.00083056,0.00048168,0.00028912,0.00014968,4.552e-05,0.0,0.0,0.0,0.0,0.0,0.0,0.0,0.0,0.0,0.0,0.0,0.0,0.0,0.0,0.0,0.0,0.0,0.0,0.0,0.0,0.0,0.0,0.0,0.0,0.0,0.0
1/0.3,0.0001,0.0015,0.5,0.99987168,0.99984424,0.99981368,0.99977464,0.9997284,0.99967176,0.9996068,0.99952272,0.99942656,0.99931296,0.99916864,0.99899568,0.99879392,0.99854328,0.99823456,0.99787688,0.99743912,0.99690552,0.99626216,0.99549008,0.99454168,0.99341328,0.99203384,0.99038528,0.98837768,0.98594704,0.98301064,0.97948536,0.97542324,0.97070444,0.96526148,0.958842,0.95142688,0.94267656,0.932637,0.92078328,0.90701752,0.89126264,0.8729576,0.85202248,0.82798752,0.80027344,0.77020672,0.73882592,0.7050316,0.66790192,0.62694384,0.58107176,0.524176,0.4448668,0.33493528,0.21875588,0.1447042,0.09208712,0.06011556,0.03989136,0.02673944,0.01802696,0.01218744,0.00823608,0.005542,0.00369792,0.0024288,0.00155456,0.0009488,0.00053504,0.00032192,0.00018032,7.632e-05,3.6e-06,0.0,0.0,0.0,0.0,0.0,0.0,0.0,0.0,0.0,0.0,0.0,0.0,0.0,0.0,0.0,0.0,0.0,0.0,0.0,0.0,0.0,0.0,0.0,0.0,0.0,0.0,0.0,0.0,0.0,0.0
1/0.2,0.0001,0.0015,0.5,0.99995164,0.99993944,0.999927,0.99991508,0.9998964,0.99987548,0.9998524,0.99982088,0.99978272,0.99974048,0.999687,0.99962576,0.99955004,0.99946236,0.9993526,0.99922296,0.99906404,0.99886824,0.99863432,0.998355,0.998012,0.99759844,0.99709976,0.99651792,0.99582432,0.99499372,0.99395956,0.99273576,0.99129144,0.98952388,0.98731476,0.98470252,0.981486,0.97766836,0.9728616,0.96688892,0.95936356,0.9498634,0.93756436,0.92355068,0.90729784,0.886665,0.85784848,0.81071708,0.7091614,0.59160408,0.48949804,0.36077676,0.17339732,0.07451804,0.03774932,0.02125412,0.012738,0.00792104,0.0050244,0.00320084,0.00202304,0.0012422,0.00071468,0.00040072,0.00023444,0.00012052,3.792e-05,0.0,0.0,0.0,0.0,0.0,0.0,0.0,0.0,0.0,0.0,0.0,0.0,0.0,0.0,0.0,0.0,0.0,0.0,0.0,0.0,0.0,0.0,0.0,0.0,0.0,0.0,0.0,0.0,0.0,0.0,0.0,0.0,0.0,0.0,0.0,0.0,0.0
0.2,0.0003,0.0015,0.5,0.99993168,0.99991828,0.99989904,0.99987632,0.99985464,0.99982416,0.99978488,0.99974232,0.9996908,0.99962832,0.99955156,0.99945944,0.9993478,0.99921576,0.99904968,0.9988614,0.998626,0.99833856,0.99800448,0.99759124,0.99710496,0.9965092,0.99578064,0.99491488,0.9938788,0.99262432,0.99110472,0.98927844,0.98705568,0.98433644,0.98105464,0.97708944,0.97230476,0.96657392,0.95956148,0.95128348,0.94120816,0.92909776,0.91394788,0.89568552,0.87249248,0.8428384,0.80078788,0.74666884,0.67339864,0.60078304,0.52908388,0.4523648,0.36290816,0.26834616,0.20264908,0.150935,0.1010808,0.06664384,0.04453312,0.0300138,0.02032332,0.01378236,0.00933956,0.00630624,0.00422308,0.00279204,0.00180296,0.00111936,0.00064392,0.00036776,0.00021604,0.00011056,3.076e-05,0.0,0.0,0.0,0.0,0.0,0.0,0.0,0.0,0.0,0.0,0.0,0.0,0.0,0.0,0.0,0.0,0.0,0.0,0.0,0.0,0.0,0.0,0.0,0.0,0.0,0.0,0.0,0.0,0.0,0.0,0.0
0.3,0.0003,0.0015,0.5,0.99997936,0.99997548,0.9999696,0.99996448,0.99995692,0.9999468,0.99993648,0.99992264,0.9999064,0.99988776,0.99986616,0.99983848,0.99980768,0.99976744,0.99971992,0.99966168,0.9995928,0.99951272,0.99941244,0.99929188,0.99914568,0.99897684,0.99877064,0.99852636,0.99821456,0.99785136,0.9973952,0.99685952,0.99622432,0.99546688,0.994542,0.99340568,0.99204808,0.99040852,0.98845424,0.9860984,0.98325152,0.97984112,0.97573384,0.97074752,0.96473804,0.957436,0.94861352,0.93797896,0.92485136,0.90860776,0.88902824,0.86497444,0.83338496,0.78756064,0.72901768,0.64783756,0.56618424,0.4832314,0.3815942,0.28952248,0.22100032,0.1681022,0.12065048,0.08036324,0.05409644,0.03664948,0.02492044,0.01696516,0.01154476,0.00783084,0.00528116,0.00352684,0.00231536,0.00147692,0.00089652,0.00049564,0.00030432,0.0001696,6.872e-05,1.84e-06,0.0,0.0,0.0,0.0,0.0,0.0,0.0,0.0,0.0,0.0,0.0,0.0,0.0,0.0,0.0,0.0,0.0,0.0,0.0,0.0,0.0,0.0,0.0,0.0
0.4,0.0003,0.0015,0.5,0.99999296,0.99999128,0.9999896,0.99998808,0.99998472,0.99998152,0.99997776,0.99997216,0.99996592,0.99995696,0.99994728,0.99993608,0.999924,0.99990896,0.99989,0.999868,0.99984192,0.999806,0.99975968,0.99970952,0.99964912,0.99957784,0.9994936,0.99938912,0.99926416,0.99911376,0.99893704,0.99871736,0.99845328,0.99813696,0.99776216,0.99730296,0.9967608,0.9960972,0.9952968,0.994336,0.99315992,0.99176576,0.99007656,0.98804304,0.98559528,0.982646,0.97909232,0.97480576,0.96965016,0.9634064,0.95588192,0.94679676,0.93614,0.92164408,0.90513004,0.88473168,0.8588972,0.82478592,0.774108,0.70276864,0.61570968,0.52355272,0.413332,0.3218976,0.25212724,0.19408348,0.1484824,0.10747312,0.0719438,0.04859728,0.03299696,0.02246844,0.01530564,0.01041672,0.00706352,0.00475668,0.00316808,0.0020712,0.00131116,0.00078556,0.00045776,0.00027288,0.00013728,3.72e-05,0.0,0.0,0.0,0.0,0.0,0.0,0.0,0.0,0.0,0.0,0.0,0.0,0.0,0.0,0.0,0.0,0.0,0.0,0.0,0.0
0.5,0.0003,0.0015,0.5,0.9999952,0.99999432,0.99999328,0.99999224,0.9999904,0.99998888,0.99998688,0.99998424,0.99998148,0.99997756,0.99997312,0.99996704,0.99995984,0.99995128,0.99994136,0.99993136,0.999916,0.99989816,0.99987952,0.99985688,0.99982604,0.99979136,0.99974952,0.99969452,0.99963064,0.99955456,0.99946064,0.99935312,0.99921952,0.999066,0.99887056,0.9986372,0.99836676,0.99803544,0.99762216,0.99714148,0.9965552,0.99584872,0.99500768,0.99398856,0.99275496,0.991282,0.98950112,0.98735992,0.98476904,0.98165872,0.97790016,0.9733672,0.96799904,0.96163472,0.95293792,0.943062,0.93149176,0.91713968,0.89945944,0.87745704,0.8495552,0.81227024,0.7488138,0.65938216,0.57217344,0.44818112,0.34680528,0.27508408,0.22029848,0.17266016,0.13373808,0.10090808,0.06858032,0.04613084,0.03124356,0.02123384,0.01444772,0.00982256,0.00665232,0.00447724,0.00297656,0.00194128,0.00122516,0.0007274,0.00044368,0.00025072,0.00010728,9.36e-06,0.0,0.0,0.0,0.0,0.0,0.0,0.0,0.0,0.0,0.0,0.0,0.0,0.0,0.0,0.0,0.0
0.6,0.0003,0.0015,0.5,0.99999744,0.99999664,0.999996,0.99999512,0.99999456,0.99999384,0.99999208,0.9999908,0.99998856,0.99998592,0.99998304,0.99998016,0.99997584,0.99997104,0.99996528,0.99995936,0.99995,0.999942,0.99992928,0.99991576,0.9998988,0.999876,0.9998516,0.9998212,0.99978488,0.99974424,0.99968808,0.99962248,0.99954552,0.99945232,0.99934112,0.99920592,0.99904688,0.99885456,0.99861624,0.99833056,0.99799176,0.99757736,0.99708328,0.99649032,0.9957676,0.99490504,0.99386992,0.99261488,0.99110024,0.9892852,0.98709936,0.98446576,0.9813656,0.97768568,0.97275184,0.96662368,0.96003576,0.95190952,0.94199112,0.92990208,0.91511944,0.8969356,0.87428672,0.84548,0.80714568,0.73169944,0.63948192,0.54786872,0.42391896,0.32556064,0.25795376,0.20867048,0.1700356,0.13540064,0.10619936,0.08177588,0.05728888,0.0381264,0.0256504,0.0173532,0.01176392,0.00796112,0.00536912,0.00358936,0.00236392,0.00151976,0.00093608,0.00057384,0.00032464,0.00014488,1.632e-05,0.0,0.0,0.0,0.0,0.0,0.0,0.0,0.0,0.0,0.0,0.0,0.0,0.0
0.7,0.0003,0.0015,0.5,0.99999824,0.99999776,0.99999752,0.99999664,0.99999584,0.99999488,0.99999384,0.9999928,0.99999168,0.99999024,0.9999884,0.99998568,0.99998312,0.99998,0.99997608,0.999972,0.99996648,0.99996032,0.99995312,0.99994208,0.99992944,0.99991568,0.99989832,0.99987608,0.99985192,0.99981888,0.99978232,0.9997416,0.99969128,0.99963,0.99955944,0.99946744,0.99935456,0.9992224,0.99905944,0.99887288,0.9986384,0.99836144,0.99802152,0.997614,0.9971248,0.99653776,0.99582904,0.99497208,0.99394,0.99269136,0.99117536,0.98934296,0.98723568,0.98469168,0.98159352,0.97785544,0.9733976,0.96782472,0.96117064,0.95313792,0.94340568,0.93157088,0.91712424,0.89935104,0.8772176,0.84913192,0.81190264,0.75117312,0.66712944,0.56685104,0.46957624,0.38255472,0.29382776,0.22907216,0.18441424,0.15161464,0.12569272,0.1023064,0.08172344,0.06479372,0.04957656,0.03300976,0.0216668,0.01443688,0.00968248,0.006496,0.00433968,0.00286896,0.00185984,0.0011648,0.00072352,0.0004088,0.00017264,8.4e-06,0.0,0.0,0.0,0.0,0.0,0.0,0.0,0.0,0.0,0.0
0.8,0.0003,0.0015,0.5,0.99999848,0.99999824,0.99999792,0.99999752,0.99999696,0.99999648,0.99999592,0.99999496,0.99999368,0.99999256,0.99999136,0.99999024,0.9999884,0.99998608,0.99998304,0.9999792,0.99997488,0.99996984,0.99996472,0.99995624,0.99994864,0.9999364,0.99992176,0.99990448,0.99988368,0.99986312,0.9998376,0.99980464,0.99976368,0.99971856,0.99966064,0.9995932,0.99950712,0.99940464,0.99928576,0.99913768,0.99896312,0.99874896,0.99849344,0.9981872,0.99782,0.99737256,0.996838,0.99618976,0.9954212,0.9944988,0.99341896,0.99215696,0.99051936,0.9883336,0.98569064,0.98248808,0.97909,0.97496408,0.96988408,0.96371596,0.95624456,0.94717736,0.93615744,0.92271448,0.90620008,0.88570328,0.85988424,0.82637936,0.77987936,0.71297864,0.63750624,0.55554384,0.47241112,0.3966704,0.33299656,0.27837112,0.22967544,0.17953328,0.13939136,0.11350048,0.09474112,0.07974064,0.06577292,0.05391128,0.04414648,0.03555984,0.02707916,0.01659952,0.0103736,0.006686,0.00435568,0.002848,0.00181336,0.00113808,0.00064912,0.00028536,2.944e-05,0.0,0.0,0.0,0.0,0.0,0.0,0.0
0.9,0.0003,0.0015,0.5,0.9999992,0.99999888,0.99999872,0.99999832,0.999998,0.99999728,0.99999696,0.99999624,0.99999568,0.99999424,0.99999288,0.99999112,0.99998928,0.99998712,0.999984,0.99998088,0.99997784,0.99997352,0.99996776,0.9999608,0.99995392,0.99994544,0.9999348,0.99992128,0.99990472,0.9998848,0.99985992,0.99983176,0.99979416,0.99975336,0.99970432,0.99964032,0.99956936,0.99948248,0.9993772,0.99924728,0.99909,0.9989012,0.99867864,0.99840328,0.99806816,0.99766752,0.9971722,0.99656456,0.99587704,0.99505064,0.99404256,0.99279744,0.99130592,0.98951384,0.987336,0.98472608,0.98157584,0.97786648,0.97336608,0.96791832,0.96132056,0.9533308,0.9436376,0.93183632,0.91741136,0.8996452,0.8775396,0.84958032,0.8132796,0.76392888,0.698392,0.62683016,0.55923,0.49751224,0.44115264,0.38956776,0.34196104,0.29654552,0.25311264,0.21724192,0.18739328,0.16236712,0.14117744,0.12299064,0.10711008,0.09291952,0.07982056,0.06701304,0.05201664,0.03894968,0.03307184,0.02866596,0.02494496,0.02120592,0.01674644,0.00824528,0.00335648,0.00190328,0.00104656,0.00052344,5.064e-05,0.0,0.0,0.0
1.0,0.0003,0.0015,0.5,0.99999912,0.99999904,0.9999988,0.99999832,0.99999776,0.9999968,0.99999624,0.9999956,0.99999512,0.9999936,0.99999272,0.9999916,0.99999008,0.9999876,0.9999848,0.99998232,0.99997832,0.9999744,0.99996944,0.9999636,0.99995628,0.99994688,0.99993704,0.99992472,0.9999096,0.99989032,0.99986752,0.9998402,0.99980896,0.99977096,0.99971936,0.99966304,0.99959256,0.99950992,0.99940624,0.99928752,0.99914344,0.99896712,0.99875508,0.99849616,0.9981864,0.99781248,0.99736176,0.99681992,0.996178,0.99540836,0.99447176,0.99334784,0.99197864,0.99033552,0.98834664,0.98597684,0.9830984,0.97962192,0.97543416,0.9703796,0.96428016,0.95688296,0.9479168,0.93699776,0.9236484,0.9072046,0.88674944,0.86094568,0.82771176,0.7836428,0.7230376,0.65202136,0.58651604,0.52686908,0.47257776,0.42309276,0.37712012,0.33638752,0.30067944,0.26900456,0.24076812,0.2154704,0.19264328,0.17189584,0.15303424,0.13560896,0.11975464,0.10511272,0.09137676,0.07860568,0.06749368,0.05813104,0.05149232,0.04681424,0.04246296,0.03812528,0.0327838,0.02632948,0.0194446,0.00961252,0.00432232,0.00277976,0.0014904,0.00088712
1/0.9,0.0003,0.0015,0.5,0.9999984,0.99999816,0.99999792,0.99999752,0.99999696,0.99999608,0.9999956,0.99999496,0.99999416,0.99999336,0.9999924,0.99999056,0.9999888,0.99998568,0.99998312,0.99998016,0.99997656,0.99997184,0.9999656,0.9999584,0.99995128,0.99994088,0.99992952,0.99991704,0.99989904,0.999878,0.99985288,0.99982424,0.9997848,0.99974032,0.99968936,0.99962496,0.99955008,0.99945784,0.99934648,0.99921712,0.9990568,0.998866,0.99863168,0.9983648,0.99803088,0.99763456,0.99716256,0.9966024,0.99592776,0.99509312,0.99405784,0.9928156,0.99132272,0.98953224,0.98736688,0.9848316,0.98173624,0.97797736,0.97345472,0.96799664,0.96141384,0.9534364,0.94376768,0.9320016,0.91761688,0.89992672,0.87793288,0.85018432,0.81434512,0.76638616,0.69972008,0.626172,0.55884944,0.49741408,0.441376,0.390212,0.3432836,0.29961336,0.25651904,0.21869904,0.18722664,0.16073768,0.13807208,0.11827032,0.10044176,0.08361312,0.06625864,0.04374664,0.03330372,0.0257208,0.02025104,0.0163958,0.0136422,0.01141912,0.00959408,0.00807068,0.0069602,0.00606264,0.0052542,0.00450064,0.00355888,0.00214192,0.00028884,0.0
1/0.8,0.0003,0.0015,0.5,0.99999904,0.99999872,0.99999856,0.99999808,0.99999768,0.99999712,0.99999672,0.99999632,0.99999568,0.99999472,0.99999328,0.99999184,0.99998952,0.99998704,0.99998496,0.99998032,0.99997512,0.99996968,0.99996416,0.99995656,0.99994896,0.9999356,0.99992224,0.9999072,0.99988856,0.99986592,0.99983768,0.99980264,0.99976072,0.99970824,0.99964736,0.9995788,0.99949088,0.99938912,0.9992676,0.999112,0.99893272,0.99871352,0.99844864,0.99812992,0.99774256,0.9972636,0.99669344,0.99599168,0.99515504,0.99413944,0.99295016,0.99158104,0.98999008,0.9880716,0.9857648,0.98300192,0.97961136,0.9751384,0.9699556,0.96378,0.95630984,0.94726008,0.93626912,0.92284792,0.90638064,0.8859792,0.86030432,0.8272128,0.78232368,0.71608504,0.63619608,0.5551024,0.47485888,0.39653216,0.3307252,0.27398032,0.22204144,0.16951944,0.13468056,0.11053416,0.09242272,0.07762624,0.06344388,0.05078784,0.04080872,0.03261584,0.02547128,0.01803428,0.01137624,0.00740092,0.00486112,0.00321468,0.00207912,0.00132808,0.00078184,0.0003764,8.408e-05,0.0,0.0,0.0,0.0,0.0,0.0,0.0
1/0.7,0.0003,0.0015,0.5,0.9999984,0.999998,0.99999784,0.99999696,0.999996,0.9999952,0.99999456,0.99999304,0.999992,0.99999032,0.99998824,0.99998664,0.99998376,0.99998056,0.99997624,0.99997152,0.99996704,0.99996032,0.99995176,0.99994136,0.99992928,0.99991504,0.99989824,0.99987768,0.99985112,0.99982144,0.99978648,0.99974136,0.99968984,0.99962792,0.99955336,0.99946648,0.99935392,0.99922328,0.99906112,0.99886872,0.99863416,0.99835936,0.99802064,0.99762232,0.99713072,0.99654976,0.99583968,0.99498928,0.99396632,0.9927304,0.99124176,0.98944328,0.98728232,0.98475816,0.98159752,0.97775128,0.97311864,0.96771728,0.96104984,0.95300328,0.94324456,0.93138744,0.91690424,0.89908568,0.8769196,0.84878736,0.81164256,0.75210536,0.66697912,0.56268016,0.46522056,0.376332,0.28799904,0.226652,0.18343024,0.1513188,0.1258852,0.10372944,0.08154528,0.06327408,0.0472488,0.03165112,0.02130172,0.01441264,0.00976032,0.0065924,0.00442704,0.00293992,0.00191472,0.00120568,0.00075488,0.00043104,0.00018744,1.912e-05,0.0,0.0,0.0,0.0,0.0,0.0,0.0,0.0,0.0,0.0
1/0.6,0.0003,0.0015,0.5,0.99999752,0.99999672,0.99999608,0.99999544,0.9999948,0.9999936,0.99999248,0.9999912,0.99998928,0.99998648,0.99998408,0.99998032,0.99997592,0.999972,0.99996568,0.99995888,0.99995008,0.9999396,0.99992624,0.99991136,0.99989352,0.99987264,0.99984704,0.9998188,0.99978144,0.9997392,0.99968352,0.9996164,0.9995404,0.99944232,0.99932976,0.99919664,0.99902576,0.99882728,0.99859008,0.99830424,0.9979576,0.99753712,0.99703248,0.9964264,0.9956944,0.99481344,0.993752,0.99247552,0.99093016,0.98907976,0.98683768,0.98414304,0.9808864,0.97694488,0.97227744,0.96659424,0.95959776,0.95135216,0.94120984,0.92890552,0.91385168,0.89529208,0.87209664,0.84236856,0.801164,0.71709424,0.63380696,0.54699352,0.42559744,0.32718128,0.25945328,0.21023864,0.17203896,0.13949768,0.10722388,0.07927092,0.05393,0.03677356,0.02511624,0.0171596,0.01170908,0.0079632,0.005386,0.00360672,0.00238144,0.00153316,0.0009458,0.0005812,0.0003308,0.00014968,1.984e-05,0.0,0.0,0.0,0.0,0.0,0.0,0.0,0.0,0.0,0.0,0.0,0.0,0.0
1/0.5,0.0003,0.0015,0.5,0.9999956,0.99999448,0.9999928,0.9999908,0.99998912,0.99998736,0.9999848,0.99998192,0.99997816,0.99997376,0.99996816,0.99996128,0.9999544,0.99994704,0.9999364,0.99992448,0.99990864,0.9998916,0.99987008,0.99984304,0.99981456,0.99977824,0.99973312,0.99968088,0.99961288,0.99953256,0.9994364,0.99932136,0.99918544,0.99902096,0.99881744,0.99857648,0.99828464,0.99793712,0.99751408,0.99700736,0.99639344,0.9956524,0.99476656,0.9936972,0.99241144,0.99085368,0.98898712,0.98673776,0.98402544,0.98075888,0.97681552,0.972054,0.96630624,0.95935568,0.95092952,0.9407612,0.92816896,0.91291096,0.8937944,0.86942808,0.83463388,0.78455672,0.714318,0.64528136,0.57561576,0.47589992,0.3608512,0.28318936,0.22639032,0.18051624,0.1362916,0.09496532,0.06502428,0.04457932,0.03056928,0.02094844,0.01433824,0.00978176,0.00664208,0.00447928,0.00298288,0.00194784,0.00123024,0.00073352,0.00044632,0.00025392,0.00010936,1.088e-05,0.0,0.0,0.0,0.0,0.0,0.0,0.0,0.0,0.0,0.0,0.0,0.0,0.0,0.0,0.0,0.0
1/0.4,0.0003,0.0015,0.5,0.99999048,0.99998864,0.99998728,0.99998472,0.99998104,0.99997568,0.99996992,0.99996344,0.99995568,0.99994584,0.99993384,0.99992112,0.99990528,0.99988392,0.99986192,0.99983624,0.99980072,0.99975936,0.99971352,0.99965528,0.99958304,0.99949792,0.99939752,0.99927416,0.99912536,0.99894784,0.99873328,0.99847576,0.99816712,0.99778272,0.99733456,0.9967864,0.99613056,0.99534096,0.99439464,0.99325992,0.99186168,0.99020484,0.98818904,0.98576912,0.98283592,0.97930944,0.97504568,0.96989832,0.96369944,0.95606464,0.94676768,0.93518552,0.92040448,0.901828,0.87940592,0.85187224,0.81732216,0.76929936,0.7187408,0.66780496,0.6149372,0.55669392,0.4789748,0.36530064,0.27649624,0.21133248,0.14998928,0.10188444,0.0694852,0.04750768,0.03251776,0.02225936,0.0152224,0.01038512,0.00705088,0.00475496,0.00317104,0.00207368,0.00131408,0.00078744,0.00045864,0.00027432,0.00013856,3.784e-05,0.0,0.0,0.0,0.0,0.0,0.0,0.0,0.0,0.0,0.0,0.0,0.0,0.0,0.0,0.0,0.0,0.0,0.0,0.0,0.0
1/0.3,0.0003,0.0015,0.5,0.99995792,0.9999504,0.99994064,0.99992696,0.99991152,0.99989,0.99986696,0.99983816,0.99980976,0.99977088,0.99972368,0.99966448,0.99959312,0.9995064,0.99940352,0.9992832,0.99913728,0.99895336,0.9987424,0.9984816,0.9981728,0.99781584,0.99736544,0.99682424,0.9961772,0.99538352,0.9944416,0.99329928,0.99189312,0.99019472,0.988142,0.98557128,0.9824984,0.97899376,0.97496512,0.97028128,0.96479736,0.95829484,0.9505636,0.94159148,0.931412,0.91946128,0.9056356,0.88956896,0.87118464,0.84991776,0.82565192,0.79755856,0.76738088,0.73582432,0.7017312,0.66450848,0.62328264,0.5756408,0.51789488,0.4356588,0.3200284,0.21067736,0.13823392,0.088249,0.05771744,0.03833828,0.02571736,0.01734948,0.01172912,0.0079232,0.00532808,0.00355016,0.00232744,0.001484,0.00089984,0.00050728,0.00030416,0.0001704,6.856e-05,9.6e-07,0.0,0.0,0.0,0.0,0.0,0.0,0.0,0.0,0.0,0.0,0.0,0.0,0.0,0.0,0.0,0.0,0.0,0.0,0.0,0.0,0.0,0.0,0.0,0.0
1/0.2,0.0003,0.0015,0.5,0.99998572,0.99998212,0.99997868,0.99997476,0.9999696,0.9999624,0.99995312,0.99994376,0.99993172,0.99991776,0.99990088,0.99987948,0.9998532,0.9998224,0.99978564,0.99974068,0.999686,0.9996222,0.99955,0.99945904,0.9993478,0.99921052,0.9990496,0.99885248,0.99862004,0.99834488,0.99801404,0.997595,0.99710596,0.996517,0.99578908,0.99492972,0.993903,0.99264972,0.99113528,0.98931492,0.98709924,0.98441872,0.9811348,0.97716496,0.97222828,0.96608972,0.958366,0.94847608,0.93580356,0.92194372,0.90539952,0.88434628,0.85453212,0.80445904,0.6977652,0.58204816,0.48015208,0.34540112,0.1597288,0.06906848,0.0355012,0.02016224,0.01213964,0.0075704,0.00480628,0.00306264,0.0019312,0.00117944,0.00067816,0.00037688,0.00022104,0.00011256,3.112e-05,0.0,0.0,0.0,0.0,0.0,0.0,0.0,0.0,0.0,0.0,0.0,0.0,0.0,0.0,0.0,0.0,0.0,0.0,0.0,0.0,0.0,0.0,0.0,0.0,0.0,0.0,0.0,0.0,0.0,0.0,0.0
0.2,0.001,0.0015,0.5,0.9999786,0.99997368,0.99996864,0.9999624,0.99995504,0.99994728,0.9999364,0.99992356,0.99990688,0.99988752,0.99986616,0.99983892,0.99980304,0.9997612,0.99971368,0.99965736,0.99958448,0.99949644,0.99939572,0.9992668,0.99911792,0.99893544,0.99871488,0.99845856,0.99814496,0.99775,0.99728736,0.9967264,0.99606392,0.99526116,0.99428688,0.99311736,0.99172584,0.99004656,0.98799944,0.98552896,0.98256456,0.9789352,0.97461456,0.96936632,0.96301504,0.95539472,0.94618456,0.93504552,0.92139792,0.90467224,0.88399648,0.8579122,0.82292344,0.77311616,0.70735456,0.63308688,0.56179468,0.48900508,0.40661352,0.30686576,0.23034528,0.17365464,0.12288488,0.08033176,0.05340596,0.0358766,0.02425148,0.016439,0.01115048,0.00754368,0.00507536,0.00337872,0.00220864,0.00140156,0.00084084,0.00045428,0.0002778,0.00015592,6.8e-05,9.2e-06,2.4e-07,0.0,0.0,0.0,0.0,0.0,0.0,0.0,0.0,0.0,0.0,0.0,0.0,0.0,0.0,0.0,0.0,0.0,0.0,0.0,0.0,0.0,0.0,0.0
0.3,0.001,0.0015,0.5,0.99999408,0.99999264,0.9999912,0.99998992,0.99998784,0.99998564,0.99998192,0.99997792,0.99997296,0.99996672,0.9999584,0.9999508,0.99994264,0.99993,0.99991484,0.99989856,0.99987776,0.9998544,0.9998224,0.99978504,0.99974232,0.999692,0.99963112,0.99955776,0.99946432,0.99935104,0.99921888,0.99905712,0.9988648,0.9986332,0.99835832,0.99801824,0.99761576,0.9971316,0.99654228,0.99582792,0.99498296,0.9939584,0.99271496,0.99121408,0.98941848,0.9872596,0.98464304,0.98150472,0.97771176,0.97313984,0.96762528,0.96094656,0.95288,0.94311336,0.93125792,0.91677176,0.89884696,0.87678056,0.84883504,0.8098584,0.75766216,0.68606368,0.6030896,0.52187256,0.43283768,0.32930872,0.25018536,0.1911196,0.14280588,0.096418,0.06464016,0.04368788,0.02966656,0.02019104,0.01374416,0.00934336,0.00632296,0.00424464,0.00281296,0.00182272,0.00113832,0.00066336,0.00038296,0.0002252,0.00011496,2.992e-05,0.0,0.0,0.0,0.0,0.0,0.0,0.0,0.0,0.0,0.0,0.0,0.0,0.0,0.0,0.0,0.0,0.0,0.0
0.4,0.001,0.0015,0.5,0.99999776,0.99999736,0.99999664,0.99999544,0.99999416,0.9999932,0.99999136,0.99998992,0.99998752,0.99998528,0.99998296,0.99997944,0.99997664,0.9999712,0.99996592,0.99995928,0.99995112,0.99993904,0.99992528,0.99991008,0.99989288,0.99987256,0.999846,0.99981672,0.99977816,0.99973344,0.99967856,0.99961576,0.99953592,0.9994428,0.9993292,0.99918792,0.9990236,0.99882368,0.99858032,0.99829112,0.9979436,0.99752392,0.99701592,0.99640648,0.99566528,0.99478464,0.99371176,0.99242556,0.99087656,0.98900536,0.98676008,0.98404696,0.98077968,0.97683976,0.97209376,0.96636024,0.95944512,0.95108424,0.94098256,0.92860624,0.91323008,0.89472616,0.87153616,0.84176616,0.7994192,0.73938792,0.65517568,0.56611224,0.46790808,0.36055536,0.28300056,0.21930432,0.1686252,0.12659388,0.08598612,0.05788908,0.03923428,0.02669128,0.01818872,0.01239124,0.0084158,0.00569192,0.00381448,0.0025196,0.00162484,0.00100376,0.00057752,0.0003484,0.00019544,7.904e-05,1.664e-05,0.0,0.0,0.0,0.0,0.0,0.0,0.0,0.0,0.0,0.0,0.0,0.0,0.0
0.5,0.001,0.0015,0.5,0.99999848,0.99999848,0.99999816,0.99999784,0.99999768,0.99999728,0.99999608,0.99999512,0.99999408,0.99999232,0.99999056,0.99998872,0.99998528,0.99998224,0.99997824,0.99997368,0.99996968,0.99996336,0.99995672,0.99994784,0.999938,0.99992624,0.99991072,0.9998936,0.99987328,0.99985104,0.99982088,0.9997892,0.99975256,0.99971008,0.99966024,0.999596,0.99950664,0.99940736,0.99928872,0.99914096,0.99896872,0.99875496,0.99849648,0.99818552,0.99781904,0.99737408,0.9968376,0.99618576,0.99540592,0.99446824,0.993336,0.99197232,0.99033072,0.98835384,0.98596816,0.98309464,0.97962744,0.97544536,0.97038104,0.964314,0.95697768,0.94808672,0.93735312,0.92416904,0.90806216,0.88817592,0.86321496,0.8308772,0.78152536,0.69915584,0.61230936,0.51060408,0.38933792,0.30593616,0.24466792,0.19494372,0.15131144,0.11586812,0.08180848,0.05480576,0.03703164,0.025141,0.01710728,0.01163952,0.00790144,0.00533516,0.00356832,0.00235012,0.0015116,0.00093152,0.00054376,0.00032088,0.00016464,6.464e-05,0.0,0.0,0.0,0.0,0.0,0.0,0.0,0.0,0.0,0.0
0.6,0.001,0.0015,0.5,0.99999928,0.99999912,0.99999896,0.99999872,0.99999848,0.99999816,0.99999792,0.9999976,0.99999688,0.99999616,0.9999952,0.99999416,0.9999932,0.99999208,0.99999048,0.99998824,0.99998552,0.9999832,0.99997872,0.99997416,0.99996872,0.9999624,0.99995424,0.99994592,0.99993472,0.99992272,0.99990616,0.99988608,0.99986496,0.99983752,0.9998016,0.99976304,0.99971208,0.99965232,0.99958328,0.9994968,0.99939376,0.99926968,0.99911824,0.99894144,0.99872264,0.99846016,0.99814672,0.99776744,0.9973108,0.99676,0.99609896,0.99530064,0.99433616,0.99318024,0.99178088,0.99009856,0.98807408,0.98563008,0.9826736,0.97908704,0.97485104,0.96972728,0.96353952,0.95598576,0.94685248,0.93578552,0.92229952,0.90576664,0.88531008,0.85958008,0.82620088,0.77611448,0.67982888,0.5911256,0.48450736,0.36707168,0.28724624,0.2306788,0.18797672,0.15268904,0.12012204,0.0933,0.06793728,0.04495452,0.03014352,0.02035592,0.01378516,0.009336,0.00630404,0.00422804,0.00279744,0.00181168,0.00113448,0.00067928,0.00041124,0.000222,0.00010176,0.0,0.0,0.0,0.0,0.0,0.0,0.0
0.7,0.001,0.0015,0.5,0.99999944,0.99999928,0.99999928,0.99999928,0.99999904,0.99999888,0.99999872,0.99999848,0.99999816,0.99999776,0.99999688,0.99999632,0.99999496,0.99999416,0.99999296,0.99999168,0.99998952,0.99998744,0.9999852,0.99998192,0.99997912,0.99997584,0.99997016,0.99996304,0.99995664,0.99994688,0.99993616,0.9999244,0.99990744,0.99989056,0.99986808,0.9998412,0.99980688,0.9997676,0.999722,0.99965976,0.99958816,0.9995076,0.99940832,0.9992844,0.99913784,0.99896176,0.99875248,0.99849896,0.99818904,0.99781888,0.99737536,0.99683744,0.99619224,0.99541296,0.99447184,0.99334184,0.99198024,0.99033832,0.98835528,0.98597816,0.98310096,0.97965544,0.97548672,0.97045328,0.96436912,0.95702112,0.94811208,0.93730944,0.92413392,0.90798504,0.88800312,0.86287736,0.830334,0.78422072,0.70729112,0.61293144,0.51328632,0.42288888,0.3365684,0.2576508,0.20495176,0.16741112,0.138868,0.1152812,0.09291956,0.07382384,0.05670824,0.03778344,0.02465812,0.0163352,0.01089,0.00725448,0.00481572,0.0032076,0.00212624,0.00136032,0.00081968,0.00050472,0.00031336,0.00013584,0.0,0.0,0.0,0.0
0.8,0.001,0.0015,0.5,0.99999928,0.9999992,0.99999904,0.99999904,0.9999988,0.99999864,0.99999816,0.99999784,0.99999784,0.9999972,0.99999672,0.9999964,0.99999568,0.99999504,0.999994,0.99999304,0.999992,0.99999104,0.99998968,0.99998792,0.9999848,0.99998208,0.9999776,0.99997208,0.99996712,0.9999616,0.99995168,0.99994064,0.99992848,0.99991408,0.99989544,0.99987488,0.99985,0.99981616,0.9997784,0.9997364,0.99968456,0.999618,0.99953832,0.99944568,0.99933344,0.99919648,0.99903336,0.99883656,0.99859608,0.9983104,0.9979672,0.99755184,0.9970528,0.99644872,0.99572192,0.9948436,0.9937928,0.992524,0.99099888,0.98915392,0.98691456,0.98423856,0.98100056,0.97711528,0.97242344,0.96675216,0.95989544,0.95159656,0.94152168,0.9292564,0.9142372,0.89569584,0.87250592,0.84284616,0.8031536,0.74375576,0.67327176,0.59344568,0.51139552,0.4294836,0.36112432,0.30333512,0.25324992,0.20739256,0.15971504,0.12811008,0.10644568,0.0900604,0.07639544,0.06323204,0.05148348,0.040344,0.0259822,0.01566696,0.01003512,0.00654488,0.00426472,0.00273176,0.00161192,0.00115364,0.00083724,0.00052792,0.00020904,0.0
0.9,0.001,0.0015,0.5,0.99999984,0.99999984,0.99999984,0.99999984,0.99999944,0.99999928,0.99999912,0.99999888,0.99999848,0.9999984,0.99999832,0.99999768,0.99999728,0.99999632,0.99999536,0.99999448,0.99999336,0.99999232,0.9999904,0.99998816,0.99998584,0.99998272,0.99998048,0.999976,0.9999708,0.99996552,0.99995904,0.99995,0.99993904,0.99992544,0.99990824,0.99989056,0.99986872,0.99984184,0.99981016,0.99977032,0.9997248,0.99966776,0.99959432,0.9995132,0.99941768,0.9992976,0.99915272,0.99898112,0.9987684,0.99852072,0.99822088,0.99785808,0.99742856,0.99689328,0.99624584,0.99546728,0.99453912,0.99339376,0.99204112,0.99040312,0.98842408,0.98606784,0.98322896,0.97979576,0.97565024,0.97064928,0.96460792,0.95730224,0.94844944,0.93769432,0.9245776,0.90848896,0.88857272,0.86359696,0.83159304,0.7891116,0.72966784,0.66069384,0.5902148,0.52576032,0.46685576,0.41292696,0.36322252,0.31638312,0.27007,0.23143304,0.19960952,0.1732932,0.15141136,0.1331032,0.11764976,0.10449512,0.09331728,0.08445024,0.07561648,0.06579384,0.05173184,0.03707036,0.0121156,0.00636076,0.00468952,0.0031996,0.0021,0.00147184
1.0,0.001,0.0015,0.5,0.99999968,0.9999996,0.9999996,0.99999944,0.99999936,0.99999936,0.99999928,0.99999912,0.99999888,0.9999988,0.99999848,0.99999792,0.99999736,0.99999696,0.99999672,0.99999584,0.99999432,0.99999368,0.99999248,0.9999908,0.99998856,0.9999864,0.99998372,0.99998076,0.99997708,0.999972,0.9999654,0.99995804,0.99995028,0.99994192,0.99993056,0.99991608,0.9998992,0.99987856,0.99985556,0.99982888,0.99979296,0.99975112,0.99970028,0.9996372,0.99956332,0.99947528,0.99936848,0.9992366,0.99908224,0.99889576,0.9986704,0.99839888,0.99806984,0.99767416,0.99719944,0.99662768,0.99593704,0.99510608,0.99410476,0.99289508,0.99143816,0.98968908,0.98756824,0.98502116,0.98193868,0.97821012,0.9736944,0.9682004,0.9615144,0.95332224,0.94318352,0.93052344,0.91446196,0.8936828,0.86615656,0.82870552,0.77617612,0.71035436,0.638595,0.56959844,0.50377248,0.44872312,0.40022792,0.35709864,0.31849868,0.28368656,0.25198776,0.22328344,0.19774936,0.17521016,0.15475432,0.13640688,0.12122728,0.11081656,0.10226392,0.0944284,0.08680548,0.07840632,0.06173356,0.02643948,0.0123068,0.00897936,0.00611568,0.00373872
1/0.9,0.001,0.0015,0.5,0.9999996,0.99999952,0.99999952,0.99999952,0.99999944,0.99999936,0.9999992,0.99999888,0.99999848,0.99999816,0.99999784,0.9999976,0.9999972,0.99999656,0.99999568,0.99999456,0.99999344,0.99999216,0.9999904,0.99998768,0.99998608,0.99998344,0.99998096,0.99997696,0.99997152,0.99996544,0.9999576,0.99994904,0.99993888,0.99992648,0.99991072,0.99989224,0.99986976,0.99984252,0.9998104,0.9997716,0.99972376,0.99966808,0.99960328,0.99952056,0.9994212,0.99930528,0.99916224,0.998994,0.998788,0.99854168,0.99824232,0.99788728,0.99746424,0.99694472,0.99629272,0.99549584,0.99455272,0.99341624,0.99204888,0.99038592,0.9883956,0.98605304,0.98325392,0.9798412,0.97571128,0.97072112,0.96469888,0.95741464,0.94859096,0.93787336,0.9248048,0.90878904,0.88898208,0.86419104,0.83258184,0.79110336,0.73422704,0.66001664,0.58980128,0.52568144,0.46719752,0.41384392,0.36506064,0.32014664,0.27780968,0.23645248,0.20158576,0.17202392,0.14643504,0.12372536,0.10273752,0.08211368,0.05870832,0.04858288,0.03955208,0.0320796,0.02581152,0.02043856,0.01572752,0.01190096,0.0100126,0.00778,0.00397352,0.00167424
1/0.8,0.001,0.0015,0.5,0.99999952,0.99999952,0.99999952,0.99999944,0.99999928,0.99999912,0.99999888,0.99999856,0.999998,0.99999776,0.99999752,0.9999968,0.99999592,0.99999464,0.999994,0.99999312,0.99999224,0.99999104,0.99998904,0.9999864,0.99998352,0.99998032,0.99997656,0.99997232,0.9999672,0.9999608,0.9999524,0.9999412,0.99992776,0.9999136,0.99989864,0.99987768,0.99985192,0.99982312,0.99978592,0.9997388,0.99968208,0.99961968,0.99954232,0.9994524,0.99933704,0.99919744,0.99903664,0.99883816,0.9985988,0.99831472,0.99796896,0.99755504,0.99705336,0.9964512,0.99572552,0.99484904,0.9938024,0.99253776,0.99101824,0.98917712,0.9869648,0.984286,0.98108392,0.97720432,0.97251344,0.9668568,0.96001704,0.95174496,0.94171496,0.92949944,0.91455992,0.8961468,0.87318504,0.84399464,0.80561616,0.75090432,0.67525712,0.59244664,0.51285752,0.43151904,0.35988072,0.29853696,0.24356864,0.1866992,0.1455108,0.11763744,0.09709904,0.08048896,0.0644356,0.05042688,0.0397144,0.03138848,0.0248256,0.01962984,0.01511704,0.01027404,0.00659904,0.00427404,0.00267056,0.00187888,0.0013412,0.00088648,0.00045016,1.152e-05
1/0.7,0.001,0.0015,0.5,0.9999996,0.99999952,0.99999944,0.99999912,0.99999888,0.99999864,0.99999832,0.99999792,0.99999776,0.99999744,0.9999968,0.99999576,0.99999488,0.99999424,0.99999272,0.9999916,0.9999892,0.99998792,0.9999852,0.999982,0.9999792,0.9999752,0.9999704,0.99996352,0.99995616,0.9999476,0.99993584,0.9999228,0.99990736,0.9998868,0.99986384,0.99983696,0.99980384,0.99976536,0.99972016,0.99966112,0.99959288,0.9995092,0.99940656,0.99928664,0.99913928,0.99896464,0.99875768,0.99849608,0.99819008,0.99782208,0.99737328,0.99684336,0.99620056,0.99541984,0.9944836,0.99335736,0.9919996,0.99036952,0.98834848,0.98589808,0.98305104,0.97961296,0.97546856,0.97035696,0.96428936,0.95694768,0.94803728,0.93721744,0.92404056,0.9078916,0.88792256,0.86287656,0.83058696,0.78609364,0.7106456,0.61251632,0.50860152,0.4163584,0.32364528,0.25077712,0.20048576,0.1639404,0.1357256,0.1120352,0.08861032,0.06901704,0.0531906,0.0388162,0.0258862,0.01738836,0.0117,0.00785756,0.00525212,0.00351744,0.00235216,0.00152392,0.0009424,0.00059136,0.0003724,0.00017368,0.0,0.0,0.0,0.0
1/0.6,0.001,0.0015,0.5,0.99999928,0.9999992,0.99999912,0.99999896,0.99999848,0.99999816,0.99999784,0.99999736,0.99999696,0.99999624,0.9999952,0.9999936,0.99999216,0.99999024,0.99998856,0.99998592,0.99998288,0.99997992,0.9999768,0.999972,0.99996608,0.99995952,0.9999516,0.99994136,0.99993168,0.99991864,0.99990288,0.99988416,0.99986248,0.9998336,0.9998004,0.99975848,0.99970944,0.99964744,0.99957592,0.99948712,0.99938736,0.99926088,0.99910536,0.99892648,0.9987064,0.9984448,0.99811904,0.99773536,0.99727464,0.9967192,0.99604752,0.99523952,0.99426432,0.99309352,0.99167392,0.98997792,0.9879264,0.98545544,0.98247368,0.9788884,0.97456336,0.96935328,0.96298064,0.95538696,0.9461576,0.9349252,0.92123504,0.90442096,0.88356384,0.85721048,0.82258472,0.75903632,0.67280112,0.58994808,0.483616,0.36711816,0.28729976,0.23072472,0.1881368,0.15342016,0.12035288,0.09105048,0.0647642,0.04406216,0.03006024,0.02052536,0.01401072,0.0095386,0.00646656,0.00435,0.00288568,0.00187688,0.00118024,0.0007148,0.00043552,0.00024088,0.0001128,3.2e-06,0.0,0.0,0.0,0.0,0.0,0.0
1/0.5,0.001,0.0015,0.5,0.9999992,0.99999904,0.99999888,0.99999848,0.99999792,0.9999972,0.99999624,0.99999512,0.99999416,0.99999304,0.99999112,0.99998992,0.99998776,0.99998408,0.99997992,0.9999768,0.99997208,0.999968,0.99996216,0.99995408,0.9999464,0.99993448,0.99992048,0.9999036,0.99988432,0.99986096,0.99983296,0.9997952,0.9997568,0.99970504,0.999646,0.99956976,0.9994844,0.99937904,0.99925552,0.99909904,0.99891504,0.9986976,0.99842824,0.99810548,0.99772208,0.99725344,0.99669312,0.99601448,0.99520168,0.99421948,0.9930412,0.9916152,0.98990296,0.98783328,0.98534456,0.98234432,0.97872704,0.97436336,0.9690896,0.96271976,0.95501496,0.94567032,0.93430352,0.92029,0.90312336,0.88145768,0.85291688,0.80968168,0.74807192,0.6775912,0.60909704,0.53402848,0.40770544,0.3155088,0.25058856,0.2006524,0.15653324,0.11342264,0.07756152,0.05314388,0.0364398,0.02498456,0.01711264,0.01169628,0.00796444,0.00539216,0.00361156,0.0023824,0.00153496,0.00094832,0.00055832,0.00032952,0.00017096,6.84e-05,0.0,0.0,0.0,0.0,0.0,0.0,0.0,0.0,0.0,0.0
1/0.4,0.001,0.0015,0.5,0.99999736,0.9999968,0.99999592,0.99999512,0.99999416,0.99999272,0.9999912,0.99998912,0.99998664,0.99998404,0.99998112,0.99997808,0.99997256,0.99996744,0.99995952,0.99995104,0.99993992,0.99992656,0.9999116,0.99989568,0.99987712,0.99985176,0.99982136,0.99978336,0.99973696,0.99968432,0.99961688,0.99954176,0.9994464,0.99933392,0.99919904,0.99903032,0.99883696,0.9986008,0.99831352,0.99796584,0.99755408,0.99705048,0.99644992,0.99572792,0.9948508,0.99379128,0.992524,0.99099432,0.98915432,0.98692736,0.98423864,0.98101336,0.97710752,0.97237648,0.96665744,0.9596968,0.95120088,0.9407232,0.92755528,0.91062984,0.89017432,0.8652712,0.83442752,0.79271592,0.74239688,0.69188048,0.64024336,0.58521544,0.52004832,0.4216472,0.31342104,0.2398732,0.1790586,0.12178824,0.08292612,0.05664336,0.03876084,0.02653656,0.01816112,0.01241028,0.00844832,0.0057196,0.00383752,0.0025376,0.00163744,0.00101512,0.00058432,0.0003528,0.00019832,8.176e-05,1.808e-05,0.0,0.0,0.0,0.0,0.0,0.0,0.0,0.0,0.0,0.0,0.0,0.0,0.0
1/0.3,0.001,0.0015,0.5,0.9999848,0.999982,0.9999784,0.99997464,0.99996952,0.99996448,0.9999576,0.99994944,0.9999404,0.99992856,0.99991488,0.99989608,0.99987392,0.99984736,0.99981536,0.9997784,0.99973664,0.99968104,0.99961968,0.9995448,0.9994548,0.9993384,0.99920624,0.99904,0.99884552,0.99861016,0.99832872,0.99798192,0.99757008,0.99707096,0.99646928,0.99575536,0.99489128,0.99384,0.9925628,0.99103784,0.9892272,0.98702728,0.98433272,0.98097744,0.97705056,0.97260776,0.96747848,0.96141768,0.95432096,0.94610896,0.93653424,0.92538584,0.91244616,0.89752368,0.8802684,0.86047208,0.83768232,0.8115428,0.78199968,0.75111608,0.71824336,0.6826176,0.64337048,0.59912536,0.5469896,0.4794984,0.3812134,0.25387752,0.17052552,0.10819724,0.0700636,0.04624432,0.03089776,0.02079824,0.0140522,0.00950128,0.00640504,0.00429232,0.00283824,0.00183864,0.00114664,0.00066752,0.00038608,0.00022888,0.000116,2.92e-05,0.0,0.0,0.0,0.0,0.0,0.0,0.0,0.0,0.0,0.0,0.0,0.0,0.0,0.0,0.0,0.0,0.0,0.0
1/0.2,0.001,0.0015,0.5,0.9999952,0.99999412,0.99999292,0.99999144,0.99998972,0.99998704,0.99998536,0.99998276,0.999979,0.99997412,0.99996856,0.9999616,0.99995456,0.9999454,0.99993396,0.9999212,0.99990512,0.99988596,0.99986348,0.99983692,0.99980364,0.99976328,0.99971668,0.9996566,0.99958504,0.99950288,0.99939884,0.99928068,0.99913252,0.99895128,0.99873776,0.99848456,0.9981738,0.9978036,0.99735168,0.99680772,0.99615004,0.9953626,0.99442332,0.99328328,0.9919074,0.99024052,0.98823232,0.98578968,0.98281308,0.97920596,0.97473804,0.96922684,0.96230028,0.95347424,0.94192904,0.928709,0.91379232,0.89529756,0.87038148,0.83224132,0.7583172,0.63663772,0.52857968,0.41665052,0.24076512,0.09922892,0.0475684,0.025953,0.01526,0.00938404,0.00591744,0.00377168,0.00239316,0.00148772,0.0008822,0.00050276,0.00028528,0.00015824,6.792e-05,5.04e-06,0.0,0.0,0.0,0.0,0.0,0.0,0.0,0.0,0.0,0.0,0.0,0.0,0.0,0.0,0.0,0.0,0.0,0.0,0.0,0.0,0.0,0.0,0.0,0.0
