s,q,source_radius,LD_coeff,1.0e-08,1.2e-08,1.5e-08,1.7e-08,2.1e-08,2.5e-08,3.1e-08,3.7e-08,4.4e-08,5.3e-08,6.4e-08,7.7e-08,9.3e-08,1.1e-07,1.4e-07,1.6e-07,2.0e-07,2.4e-07,2.8e-07,3.4e-07,4.1e-07,5.0e-07,6.0e-07,7.2e-07,8.7e-07,1.0e-06,1.3e-06,1.5e-06,1.8e-06,2.2e-06,2.7e-06,3.2e-06,3.9e-06,4.6e-06,5.6e-06,6.7e-06,8.1e-06,9.8e-06,1.2e-05,1.4e-05,1.7e-05,2.1e-05,2.5e-05,3.0e-05,3.6e-05,4.3e-05,5.2e-05,6.3e-05,7.6e-05,9.1e-05,1.1e-04,1.3e-04,1.6e-04,1.9e-04,2.3e-04,2.8e-04,3.4e-04,4.0e-04,4.9e-04,5.9e-04,7.1e-04,8.5e-04,1.0e-03,1.2e-03,1.5e-03,1.8e-03,2.2e-03,2.6e-03,3.1e-03,3.8e-03,4.5e-03,5.5e-03,6.6e-03,7.9e-03,9.5e-03,1.1e-02,1.4e-02,1.7e-02,2.0e-02,2.4e-02,2.9e-02,3.5e-02,4.2e-02,5.1e-02,6.1e-02,7.4e-02,8.9e-02,1.1e-01,1.3e-01,1.6e-01,1.9e-01,2.3e-01,2.7e-01,3.3e-01,3.9e-01,4.8e-01,5.7e-01,6.9e-01,8.3e-01,1.0e+00
0.2,1e-06,0.0005,0.5,0.99433964,0.9931946,0.99179344,0.99011872,0.98810896,0.98566872,0.9827484,0.97922556,0.97493272,0.96977488,0.96355716,0.9561162,0.94719952,0.9364534,0.92352504,0.90795964,0.88929052,0.86691528,0.84020208,0.80830172,0.7704912,0.72600196,0.67414048,0.61459728,0.5474208,0.47383492,0.39627244,0.31820976,0.24474416,0.18038564,0.12768444,0.08729024,0.05765928,0.03671224,0.02229668,0.0127522,0.00675912,0.00327424,0.00147852,0.00065204,0.00027784,0.00012336,5.728e-05,2.112e-05,5.28e-06,8.4e-07,0.0,0.0,0.0,0.0,0.0,0.0,0.0,0.0,0.0,0.0,0.0,0.0,0.0,0.0,0.0,0.0,0.0,0.0,0.0,0.0,0.0,0.0,0.0,0.0,0.0,0.0,0.0,0.0,0.0,0.0,0.0,0.0,0.0,0.0,0.0,0.0,0.0,0.0,0.0,0.0,0.0,0.0,0.0,0.0,0.0,0.0,0.0,0.0,0.0,0.0,0.0,0.0,0.0,0.0
0.3,1e-06,0.0005,0.5,0.99571944,0.99483624,0.99378656,0.9925346,0.9910104,0.98916108,0.98691804,0.9842278,0.98099128,0.97708924,0.97240168,0.9667516,0.9599658,0.95177912,0.94196732,0.93010292,0.91587964,0.8987498,0.87828132,0.85374916,0.82435296,0.789415,0.74806416,0.6994918,0.64303996,0.57830704,0.5058654,0.4270124,0.344787,0.26330704,0.18883084,0.12687012,0.08097556,0.04988296,0.02999152,0.0176436,0.01020896,0.0058496,0.0034288,0.00211332,0.00132584,0.00083768,0.00052512,0.00032396,0.00019976,0.00011976,6.768e-05,3.904e-05,2.312e-05,1.088e-05,2.32e-06,0.0,0.0,0.0,0.0,0.0,0.0,0.0,0.0,0.0,0.0,0.0,0.0,0.0,0.0,0.0,0.0,0.0,0.0,0.0,0.0,0.0,0.0,0.0,0.0,0.0,0.0,0.0,0.0,0.0,0.0,0.0,0.0,0.0,0.0,0.0,0.0,0.0,0.0,0.0,0.0,0.0,0.0,0.0,0.0,0.0,0.0,0.0,0.0,0.0
0.4,1e-06,0.0005,0.5,0.9974628,0.99691764,0.99629388,0.99553008,0.9945908,0.9934956,0.99217448,0.99057296,0.98866444,0.98632584,0.98353272,0.98016912,0.97612732,0.97123208,0.9653718,0.95829824,0.9497748,0.93947332,0.92704588,0.91216288,0.8942024,0.87266976,0.84680556,0.81568364,0.77836904,0.73375204,0.68101808,0.61910188,0.54805904,0.4690534,0.38517392,0.30192208,0.22620692,0.1625252,0.1127424,0.07601716,0.0509726,0.0348598,0.0245896,0.01808592,0.01379484,0.01074908,0.00847228,0.00669764,0.00524648,0.00407,0.00308276,0.00227612,0.00160364,0.00107536,0.00068692,0.00041396,0.00024028,0.00012592,4.852e-05,1.52e-05,4.64e-06,3.2e-07,0.0,0.0,0.0,0.0,0.0,0.0,0.0,0.0,0.0,0.0,0.0,0.0,0.0,0.0,0.0,0.0,0.0,0.0,0.0,0.0,0.0,0.0,0.0,0.0,0.0,0.0,0.0,0.0,0.0,0.0,0.0,0.0,0.0,0.0,0.0,0.0,0.0,0.0,0.0,0.0,0.0,0.0
0.5,1e-06,0.0005,0.5,0.99831784,0.99798756,0.99758424,0.9970962,0.99650164,0.99578104,0.99491324,0.99387928,0.99261272,0.9911176,0.98930624,0.98711596,0.98446092,0.98127968,0.9774472,0.972823,0.96727324,0.96055876,0.95245712,0.9427172,0.93095556,0.91688396,0.8998364,0.87930224,0.85452728,0.8246246,0.7886922,0.7454404,0.69365744,0.63213524,0.5606532,0.4805724,0.39572688,0.31288988,0.23883356,0.17760428,0.12891764,0.09021576,0.05996556,0.03890172,0.02571188,0.01736252,0.01187892,0.00803296,0.00548828,0.00375128,0.0025716,0.0017522,0.0011984,0.00081776,0.00055224,0.0003684,0.0002428,0.00015624,9.472e-05,5.592e-05,3.328e-05,1.664e-05,4.48e-06,0.0,0.0,0.0,0.0,0.0,0.0,0.0,0.0,0.0,0.0,0.0,0.0,0.0,0.0,0.0,0.0,0.0,0.0,0.0,0.0,0.0,0.0,0.0,0.0,0.0,0.0,0.0,0.0,0.0,0.0,0.0,0.0,0.0,0.0,0.0,0.0,0.0,0.0,0.0,0.0,0.0
0.6,1e-06,0.0005,0.5,0.9990568,0.99885792,0.99862484,0.99833436,0.99798596,0.99758568,0.99709124,0.99649172,0.99577144,0.99491992,0.99388944,0.9926518,0.99115212,0.98934992,0.98718912,0.98455748,0.9814144,0.9776456,0.9730596,0.96755584,0.96088104,0.95285848,0.94314616,0.9313956,0.91713988,0.89971364,0.87845528,0.8524688,0.82022548,0.78033972,0.7309708,0.66989064,0.59606196,0.51008096,0.41752628,0.32853528,0.25356244,0.19632104,0.1529766,0.11890276,0.09151756,0.0675812,0.04588892,0.03042036,0.02044256,0.01386252,0.00945068,0.00648348,0.0044346,0.00304664,0.00208396,0.00142384,0.00097032,0.0006632,0.0004444,0.00029592,0.00019368,0.00012056,7.336e-05,4.448e-05,2.216e-05,6.4e-06,0.0,0.0,0.0,0.0,0.0,0.0,0.0,0.0,0.0,0.0,0.0,0.0,0.0,0.0,0.0,0.0,0.0,0.0,0.0,0.0,0.0,0.0,0.0,0.0,0.0,0.0,0.0,0.0,0.0,0.0,0.0,0.0,0.0,0.0,0.0,0.0,0.0,0.0
0.7,1e-06,0.0005,0.5,0.99954,0.99944876,0.99933536,0.99920164,0.99903768,0.99883688,0.99859812,0.9983112,0.9979634,0.9975466,0.99704692,0.9964472,0.99571808,0.99483384,0.9937706,0.99249784,0.99095676,0.98909848,0.98685076,0.98415156,0.9808862,0.97693616,0.97209824,0.96619048,0.95894272,0.9499728,0.93879828,0.92465484,0.9066776,0.88340984,0.85353,0.81463496,0.76466612,0.7012162,0.62355124,0.53448256,0.44130264,0.35115692,0.2706144,0.20946292,0.16667792,0.13629596,0.1112238,0.09001948,0.07219788,0.05618856,0.0408438,0.02805428,0.01908744,0.01304076,0.00885748,0.00595316,0.00397176,0.00264828,0.0017714,0.00119048,0.00080252,0.00053904,0.00036088,0.00023724,0.00015068,9.376e-05,5.716e-05,2.84e-05,5.68e-06,0.0,0.0,0.0,0.0,0.0,0.0,0.0,0.0,0.0,0.0,0.0,0.0,0.0,0.0,0.0,0.0,0.0,0.0,0.0,0.0,0.0,0.0,0.0,0.0,0.0,0.0,0.0,0.0,0.0,0.0,0.0,0.0,0.0,0.0,0.0
0.8,1e-06,0.0005,0.5,0.9996366,0.99956172,0.99947632,0.99936236,0.99923268,0.99907004,0.99887756,0.99864048,0.99836648,0.99803768,0.99763252,0.99714808,0.99655736,0.9958496,0.99499752,0.99396788,0.99274356,0.99125872,0.98944984,0.98727076,0.98464312,0.98144248,0.97754964,0.97275756,0.96691684,0.95969972,0.95080996,0.93969168,0.92583312,0.9083902,0.88671692,0.85981752,0.82643368,0.78492512,0.73342688,0.67081344,0.59794476,0.51820516,0.43670568,0.36293072,0.30074112,0.24763692,0.1972264,0.15093336,0.12037776,0.09911832,0.082563,0.06827712,0.05589976,0.04568184,0.03725284,0.02986444,0.02225864,0.01422228,0.00892928,0.005868,0.0039288,0.00265416,0.00180016,0.00122432,0.00082864,0.000558,0.00037096,0.0002424,0.00015728,9.584e-05,4.8e-05,1.288e-05,0.0,0.0,0.0,0.0,0.0,0.0,0.0,0.0,0.0,0.0,0.0,0.0,0.0,0.0,0.0,0.0,0.0,0.0,0.0,0.0,0.0,0.0,0.0,0.0,0.0,0.0,0.0,0.0,0.0,0.0,0.0,0.0
0.9,1e-06,0.0005,0.5,0.99968388,0.99961544,0.99953628,0.99944432,0.99933312,0.99920248,0.99904436,0.99884644,0.9986074,0.99832796,0.9979866,0.99758204,0.99707796,0.99648028,0.99577156,0.99490548,0.99385824,0.99260028,0.99106832,0.98923612,0.98701652,0.98429876,0.98099216,0.97694644,0.97204516,0.96593572,0.95833652,0.94886504,0.93705128,0.92232752,0.90387548,0.88117948,0.85316576,0.81870296,0.776389,0.72476288,0.6637976,0.59752992,0.53117312,0.46857468,0.41209648,0.36121168,0.3146152,0.27044432,0.23068072,0.19804152,0.17087096,0.14781956,0.12800176,0.11057632,0.09506592,0.08055704,0.06613728,0.04827632,0.034482,0.0282228,0.02362016,0.02007036,0.01722488,0.01484264,0.01275284,0.01080988,0.00889352,0.0067948,0.003553,0.00153152,0.00096464,0.00062456,0.00040488,0.00024936,0.00013888,5.248e-05,0.0,0.0,0.0,0.0,0.0,0.0,0.0,0.0,0.0,0.0,0.0,0.0,0.0,0.0,0.0,0.0,0.0,0.0,0.0,0.0,0.0,0.0,0.0,0.0,0.0,0.0,0.0,0.0
1.0,1e-06,0.0005,0.5,0.99998912,0.99998688,0.9999852,0.99998288,0.99997944,0.9999744,0.99996912,0.99996472,0.99995872,0.99994936,0.9999396,0.99992512,0.99991216,0.99989336,0.99987144,0.99984552,0.99981232,0.9997752,0.99972976,0.99967384,0.99960728,0.99953008,0.99943312,0.9993234,0.99917908,0.9990066,0.998807,0.9985654,0.99827812,0.99793388,0.99751832,0.99704096,0.996469,0.99578296,0.99495464,0.99395232,0.99274432,0.99127232,0.98942544,0.98710588,0.9842922,0.98098324,0.97689064,0.97161672,0.96477024,0.95545116,0.9423038,0.92157552,0.88117552,0.743833,0.36911912,0.1935332,0.1440066,0.11656,0.09742036,0.0826694,0.07016372,0.05895608,0.0501602,0.04308328,0.03727008,0.03240004,0.02825008,0.024648,0.02143996,0.01846852,0.015585,0.01293504,0.01072548,0.00889572,0.0073798,0.00612152,0.00506716,0.00419256,0.00347128,0.00286136,0.00235896,0.00191336,0.00155492,0.00121052,0.00095328,0.00067912,0.00044224,0.00021976,2.44e-05,0.0,0.0,0.0,0.0,0.0,0.0,0.0,0.0,0.0,0.0,0.0,0.0,0.0,0.0,0.0
1/0.9,1e-06,0.0005,0.5,0.99968964,0.99962612,0.999551,0.99946436,0.99935476,0.99922908,0.99906908,0.9988792,0.9986408,0.99836412,0.99802192,0.99760728,0.9971072,0.99651528,0.99580672,0.99494344,0.99390696,0.99266004,0.99112964,0.9892962,0.9870614,0.98436304,0.9810634,0.97706252,0.97212372,0.96596796,0.95833544,0.94882204,0.93693296,0.92201112,0.90359776,0.8809574,0.85314792,0.81900432,0.77670712,0.72469504,0.6632988,0.59648152,0.52980824,0.46761992,0.41161696,0.36082388,0.31570032,0.2719352,0.23115488,0.19732384,0.16989416,0.146348,0.1264012,0.10892336,0.09322736,0.07855512,0.06372648,0.04442384,0.035264,0.0287908,0.02392952,0.0201808,0.01717228,0.01466464,0.01247012,0.01043552,0.00840232,0.0060756,0.00258204,0.00146896,0.00094136,0.0006184,0.0004016,0.00024872,0.00013864,5.272e-05,0.0,0.0,0.0,0.0,0.0,0.0,0.0,0.0,0.0,0.0,0.0,0.0,0.0,0.0,0.0,0.0,0.0,0.0,0.0,0.0,0.0,0.0,0.0,0.0,0.0,0.0,0.0,0.0
1/0.8,1e-06,0.0005,0.5,0.99969484,0.99962964,0.99955164,0.99945596,0.99934776,0.9992178,0.99905824,0.99887084,0.99864336,0.99835436,0.99800492,0.99760604,0.99712684,0.9965462,0.9958266,0.99495872,0.99393888,0.99268212,0.9911728,0.9893588,0.98713976,0.98446588,0.98119528,0.97719876,0.97224364,0.96613048,0.9585,0.948846,0.93648392,0.92051392,0.89988716,0.87312532,0.83918508,0.79610968,0.74239448,0.67714536,0.60195184,0.52152772,0.440685,0.3658432,0.30116076,0.24594088,0.19286492,0.1498706,0.12132064,0.10089268,0.0846678,0.07060632,0.05767536,0.04669296,0.03739104,0.02904548,0.02026596,0.01334,0.00881372,0.00581328,0.0038786,0.00262096,0.0017828,0.00121396,0.00082452,0.0005554,0.00037192,0.00024156,0.00015752,9.584e-05,4.796e-05,1.28e-05,0.0,0.0,0.0,0.0,0.0,0.0,0.0,0.0,0.0,0.0,0.0,0.0,0.0,0.0,0.0,0.0,0.0,0.0,0.0,0.0,0.0,0.0,0.0,0.0,0.0,0.0,0.0,0.0,0.0,0.0,0.0,0.0
1/0.7,1e-06,0.0005,0.5,0.99942456,0.99930424,0.99916448,0.99898836,0.99879076,0.99854888,0.99824708,0.99787964,0.99745628,0.99692948,0.99629692,0.99553096,0.99461708,0.99350064,0.99216472,0.990548,0.98860528,0.98626752,0.98345184,0.9800718,0.97596296,0.97100904,0.96506384,0.957787,0.94888964,0.9381054,0.92494532,0.90885612,0.889061,0.86467748,0.83438756,0.79628492,0.74801584,0.68689136,0.61178108,0.5247098,0.43215552,0.34213792,0.26379916,0.20530728,0.16459848,0.13482948,0.112,0.09077728,0.07040836,0.05275516,0.03689,0.02470556,0.01666272,0.011343,0.00775512,0.00531328,0.00364588,0.00250008,0.00171032,0.00116808,0.00079688,0.00053848,0.00036056,0.00023592,0.00015056,9.368e-05,5.72e-05,2.84e-05,5.68e-06,0.0,0.0,0.0,0.0,0.0,0.0,0.0,0.0,0.0,0.0,0.0,0.0,0.0,0.0,0.0,0.0,0.0,0.0,0.0,0.0,0.0,0.0,0.0,0.0,0.0,0.0,0.0,0.0,0.0,0.0,0.0,0.0,0.0,0.0,0.0
1/0.6,1e-06,0.0005,0.5,0.99901864,0.99882196,0.99858656,0.99829892,0.99794252,0.99752384,0.99700444,0.99639644,0.99566524,0.99477952,0.99370428,0.99240984,0.99087564,0.98901164,0.98676664,0.98408664,0.9808188,0.97687796,0.97215496,0.96648424,0.95962996,0.95128016,0.941237,0.92911528,0.91443368,0.89649876,0.87469504,0.84800368,0.81520816,0.77484948,0.72527288,0.66476188,0.59191536,0.50818172,0.41783476,0.33058384,0.25661224,0.19946324,0.15592268,0.12082804,0.0910174,0.06378128,0.0430394,0.02920784,0.01989532,0.01359736,0.00936324,0.006411,0.00441604,0.00302684,0.00208144,0.00142336,0.00096816,0.00066064,0.0004452,0.00029464,0.00019336,0.00012,7.312e-05,4.416e-05,2.224e-05,6.4e-06,0.0,0.0,0.0,0.0,0.0,0.0,0.0,0.0,0.0,0.0,0.0,0.0,0.0,0.0,0.0,0.0,0.0,0.0,0.0,0.0,0.0,0.0,0.0,0.0,0.0,0.0,0.0,0.0,0.0,0.0,0.0,0.0,0.0,0.0,0.0,0.0,0.0,0.0
1/0.5,1e-06,0.0005,0.5,0.99846732,0.99815184,0.99776896,0.99729828,0.9967536,0.9960958,0.99529584,0.99433144,0.9931772,0.9917806,0.99008948,0.98806368,0.98562536,0.98265992,0.97910136,0.97479064,0.96962556,0.96341084,0.9558884,0.946819,0.93594284,0.92280888,0.90689548,0.88769468,0.86443052,0.83609732,0.80183872,0.76015152,0.70984152,0.64944164,0.57844912,0.49777964,0.4115304,0.32614308,0.24925304,0.18573028,0.13517936,0.09624916,0.06689728,0.04657612,0.0329668,0.02363908,0.01730852,0.01285564,0.0095946,0.00711404,0.0051896,0.00370324,0.00258372,0.00175812,0.00115156,0.00073576,0.00045356,0.00026812,0.00013904,7.256e-05,3.852e-05,1.724e-05,4.4e-06,0.0,0.0,0.0,0.0,0.0,0.0,0.0,0.0,0.0,0.0,0.0,0.0,0.0,0.0,0.0,0.0,0.0,0.0,0.0,0.0,0.0,0.0,0.0,0.0,0.0,0.0,0.0,0.0,0.0,0.0,0.0,0.0,0.0,0.0,0.0,0.0,0.0,0.0,0.0,0.0,0.0
1/0.4,1e-06,0.0005,0.5,0.99742308,0.99688788,0.99625316,0.99549128,0.9945844,0.99347096,0.99214544,0.9905364,0.98862124,0.98628372,0.98348096,0.98008692,0.97603196,0.97114844,0.96529568,0.95819876,0.94968664,0.93940188,0.92700996,0.91214004,0.89427688,0.87277472,0.84702992,0.81618076,0.7793,0.73543304,0.683632,0.62309516,0.55354784,0.47599332,0.39293516,0.30912116,0.23125188,0.1649244,0.1132918,0.07584436,0.0507448,0.03463468,0.02444652,0.01804552,0.013756,0.01072388,0.0084754,0.00671824,0.00526624,0.0040988,0.00310856,0.00229404,0.00162,0.00108852,0.00069512,0.00041936,0.00024484,0.00013044,5.204e-05,1.636e-05,5.4e-06,7.2e-07,0.0,0.0,0.0,0.0,0.0,0.0,0.0,0.0,0.0,0.0,0.0,0.0,0.0,0.0,0.0,0.0,0.0,0.0,0.0,0.0,0.0,0.0,0.0,0.0,0.0,0.0,0.0,0.0,0.0,0.0,0.0,0.0,0.0,0.0,0.0,0.0,0.0,0.0,0.0,0.0,0.0,0.0
1/0.3,1e-06,0.0005,0.5,0.99611568,0.9953254,0.9943692,0.99321932,0.99184064,0.99020156,0.98820764,0.98579676,0.98287592,0.97937084,0.97514616,0.970064,0.96396308,0.95658612,0.94768008,0.93698,0.92411384,0.90865004,0.89002564,0.86784548,0.84125468,0.8093244,0.77134748,0.72647156,0.67395692,0.61313044,0.54390696,0.46683628,0.3845066,0.30077936,0.22158552,0.1536896,0.10155316,0.06481104,0.03985276,0.02352612,0.01319196,0.00700348,0.00371412,0.00204664,0.00120104,0.00072588,0.00046384,0.00029528,0.0001892,0.00011632,6.776e-05,4.024e-05,2.384e-05,1.224e-05,3.04e-06,0.0,0.0,0.0,0.0,0.0,0.0,0.0,0.0,0.0,0.0,0.0,0.0,0.0,0.0,0.0,0.0,0.0,0.0,0.0,0.0,0.0,0.0,0.0,0.0,0.0,0.0,0.0,0.0,0.0,0.0,0.0,0.0,0.0,0.0,0.0,0.0,0.0,0.0,0.0,0.0,0.0,0.0,0.0,0.0,0.0,0.0,0.0,0.0,0.0
1/0.2,1e-06,0.0005,0.5,0.9950694,0.99406952,0.99286728,0.99141684,0.98967004,0.98754272,0.98500356,0.98197724,0.97827524,0.97379812,0.96845808,0.96197236,0.95421524,0.94488316,0.93364348,0.92008832,0.90378836,0.88426164,0.86084364,0.83287572,0.7995068,0.7599012,0.7132376,0.65872064,0.5963896,0.52618008,0.44975848,0.37000652,0.29072664,0.21751884,0.1550096,0.10548508,0.0685832,0.042542,0.02484996,0.01339092,0.0065482,0.00283288,0.00111308,0.00043912,0.00017104,7.648e-05,3.416e-05,1.112e-05,5.6e-07,0.0,0.0,0.0,0.0,0.0,0.0,0.0,0.0,0.0,0.0,0.0,0.0,0.0,0.0,0.0,0.0,0.0,0.0,0.0,0.0,0.0,0.0,0.0,0.0,0.0,0.0,0.0,0.0,0.0,0.0,0.0,0.0,0.0,0.0,0.0,0.0,0.0,0.0,0.0,0.0,0.0,0.0,0.0,0.0,0.0,0.0,0.0,0.0,0.0,0.0,0.0,0.0,0.0,0.0,0.0
0.2,3e-06,0.0005,0.5,0.99604608,0.9952384,0.99427108,0.9931124,0.99171148,0.99000888,0.9879888,0.98555072,0.9825968,0.97904256,0.97474044,0.96957836,0.96339296,0.955877,0.94682432,0.93603824,0.92301076,0.90731748,0.88845564,0.86579168,0.8387758,0.80650824,0.76827468,0.72297676,0.66997752,0.60875572,0.5393208,0.46284344,0.38203096,0.30124696,0.2260522,0.16209312,0.1125784,0.07673384,0.05218904,0.0357478,0.02484112,0.0177812,0.01334848,0.01050552,0.008495,0.00701236,0.00584932,0.00484868,0.00398644,0.0032072,0.0024848,0.00185688,0.00131996,0.0008866,0.00055956,0.00033816,0.00019136,9.132e-05,3.62e-05,1.212e-05,3.84e-06,3.2e-07,0.0,0.0,0.0,0.0,0.0,0.0,0.0,0.0,0.0,0.0,0.0,0.0,0.0,0.0,0.0,0.0,0.0,0.0,0.0,0.0,0.0,0.0,0.0,0.0,0.0,0.0,0.0,0.0,0.0,0.0,0.0,0.0,0.0,0.0,0.0,0.0,0.0,0.0,0.0,0.0,0.0,0.0
0.3,3e-06,0.0005,0.5,0.9977444,0.99728792,0.9967438,0.99607496,0.99526656,0.9943024,0.99313156,0.99173888,0.99004164,0.98799396,0.98552,0.98258384,0.97898404,0.97471064,0.96953592,0.96331876,0.95582656,0.94684632,0.93594708,0.92286016,0.90717652,0.88830644,0.86573592,0.838629,0.80626712,0.76772236,0.72184032,0.66762956,0.604387,0.53162692,0.4508284,0.3649176,0.27993688,0.2028398,0.13873812,0.09016768,0.05653752,0.03567704,0.02328056,0.01551832,0.01057528,0.0072548,0.00500816,0.00343108,0.0023198,0.00157776,0.00104928,0.00069016,0.0004524,0.00029288,0.00018568,0.00011336,6.336e-05,3.736e-05,2.096e-05,9.44e-06,1.6e-06,0.0,0.0,0.0,0.0,0.0,0.0,0.0,0.0,0.0,0.0,0.0,0.0,0.0,0.0,0.0,0.0,0.0,0.0,0.0,0.0,0.0,0.0,0.0,0.0,0.0,0.0,0.0,0.0,0.0,0.0,0.0,0.0,0.0,0.0,0.0,0.0,0.0,0.0,0.0,0.0,0.0,0.0,0.0
0.4,3e-06,0.0005,0.5,0.99906772,0.99888116,0.998653,0.99837776,0.99805032,0.99764216,0.99716328,0.99658804,0.99588852,0.99503976,0.99401608,0.99279592,0.99131324,0.98953384,0.98738852,0.9848154,0.98170364,0.97797088,0.9734644,0.96799656,0.96145468,0.95351864,0.94392212,0.93229984,0.91814496,0.90079116,0.87941732,0.85305308,0.82004568,0.7788618,0.72720108,0.66304668,0.58543312,0.49689776,0.40361444,0.31493028,0.23910504,0.17819972,0.12982988,0.0916822,0.06381332,0.04392208,0.0307134,0.0217888,0.01559904,0.01113412,0.00790336,0.00551924,0.00378492,0.00255612,0.00168612,0.00109732,0.00069872,0.00043604,0.00026404,0.00016252,9.768e-05,5.596e-05,3.344e-05,1.8e-05,6.88e-06,0.0,0.0,0.0,0.0,0.0,0.0,0.0,0.0,0.0,0.0,0.0,0.0,0.0,0.0,0.0,0.0,0.0,0.0,0.0,0.0,0.0,0.0,0.0,0.0,0.0,0.0,0.0,0.0,0.0,0.0,0.0,0.0,0.0,0.0,0.0,0.0,0.0,0.0,0.0
0.5,3e-06,0.0005,0.5,0.99954844,0.99945268,0.9993392,0.99920616,0.99904216,0.99884112,0.998594,0.99830628,0.9979668,0.99755236,0.99705064,0.99644936,0.99572248,0.99486072,0.99380312,0.9925292,0.99099272,0.98914868,0.98694356,0.98426056,0.98105252,0.9771484,0.97242488,0.96676396,0.95990848,0.951692,0.9416648,0.92950988,0.91464464,0.89613132,0.87296476,0.84324716,0.80447392,0.7535144,0.68729236,0.60326116,0.50396732,0.40064348,0.31124384,0.24219928,0.18866484,0.14565264,0.1099026,0.07908972,0.05290072,0.03537992,0.02402632,0.016357,0.01120008,0.00765672,0.00525696,0.00360312,0.00247192,0.00169024,0.00115056,0.00078592,0.00053152,0.00035496,0.00023344,0.0001484,9.048e-05,5.424e-05,3.144e-05,1.544e-05,3.04e-06,0.0,0.0,0.0,0.0,0.0,0.0,0.0,0.0,0.0,0.0,0.0,0.0,0.0,0.0,0.0,0.0,0.0,0.0,0.0,0.0,0.0,0.0,0.0,0.0,0.0,0.0,0.0,0.0,0.0,0.0,0.0,0.0,0.0,0.0,0.0
0.6,3e-06,0.0005,0.5,0.99976644,0.99972148,0.99966388,0.99959244,0.99950952,0.99940616,0.99928692,0.9991408,0.99896176,0.99874768,0.9984932,0.9981882,0.99781508,0.99737084,0.99683548,0.99618456,0.99541568,0.99446672,0.99332676,0.99195992,0.9903206,0.98832616,0.98594568,0.9830172,0.97951152,0.97530768,0.97019844,0.9639548,0.95634208,0.947111,0.93558216,0.92121548,0.90289508,0.87932468,0.84861568,0.80715176,0.7492968,0.67105632,0.5752958,0.46756816,0.361625,0.2798814,0.22238184,0.1794228,0.14397116,0.1135992,0.08821164,0.06411336,0.04324652,0.0289336,0.01955756,0.01332928,0.00910312,0.0062342,0.00427656,0.00293192,0.002012,0.00137456,0.00093872,0.00063504,0.000428,0.00028408,0.00018448,0.0001152,6.96e-05,4.184e-05,2.104e-05,4.96e-06,0.0,0.0,0.0,0.0,0.0,0.0,0.0,0.0,0.0,0.0,0.0,0.0,0.0,0.0,0.0,0.0,0.0,0.0,0.0,0.0,0.0,0.0,0.0,0.0,0.0,0.0,0.0,0.0,0.0,0.0,0.0,0.0
0.7,3e-06,0.0005,0.5,0.99987692,0.9998532,0.99982464,0.9997876,0.9997426,0.99969444,0.99963448,0.99955536,0.99946396,0.999361,0.99923376,0.99908528,0.99890084,0.99867724,0.99841608,0.9981006,0.99771112,0.99723652,0.9966694,0.99599564,0.99517892,0.99419272,0.99297712,0.9915032,0.98972508,0.9875556,0.9848964,0.98161676,0.97755836,0.972412,0.96581544,0.95725432,0.9459854,0.9312296,0.91218148,0.88833624,0.85877288,0.82014888,0.76695612,0.69373272,0.6001816,0.50100724,0.40876844,0.31939868,0.24584196,0.19518924,0.15913708,0.13149124,0.10707272,0.08599236,0.06851996,0.05340104,0.03816768,0.02531624,0.01693372,0.01133608,0.00764064,0.00518536,0.00354256,0.00242268,0.00165672,0.00112732,0.0007694,0.00051932,0.00034692,0.00022744,0.00014488,9.024e-05,5.38e-05,2.616e-05,4.08e-06,0.0,0.0,0.0,0.0,0.0,0.0,0.0,0.0,0.0,0.0,0.0,0.0,0.0,0.0,0.0,0.0,0.0,0.0,0.0,0.0,0.0,0.0,0.0,0.0,0.0,0.0,0.0,0.0,0.0
0.8,3e-06,0.0005,0.5,0.99991992,0.99990328,0.9998832,0.99986088,0.99983148,0.9997978,0.99976068,0.9997078,0.99965088,0.99958188,0.9994968,0.99938924,0.99925556,0.9991028,0.99892608,0.99871172,0.99844808,0.99812868,0.99774556,0.99727348,0.99670468,0.99601756,0.9951816,0.99418152,0.99293888,0.99144112,0.989576,0.98728208,0.98439096,0.98070116,0.97588772,0.9695246,0.9610606,0.9498386,0.93535884,0.91743844,0.89604564,0.8699736,0.83695664,0.79340736,0.73438916,0.66110956,0.58045996,0.49810024,0.41792692,0.35029124,0.2924632,0.24182388,0.19193704,0.14633376,0.1177868,0.09736664,0.08132656,0.0669008,0.0547238,0.04486568,0.03657624,0.02919776,0.0216294,0.01347812,0.0085786,0.00564176,0.0037814,0.00255156,0.00172872,0.00117712,0.00079768,0.00053604,0.00035724,0.00023128,0.00014908,9.124e-05,4.496e-05,9.04e-06,0.0,0.0,0.0,0.0,0.0,0.0,0.0,0.0,0.0,0.0,0.0,0.0,0.0,0.0,0.0,0.0,0.0,0.0,0.0,0.0,0.0,0.0,0.0,0.0,0.0,0.0
0.9,3e-06,0.0005,0.5,0.9999394,0.99992516,0.999909,0.99988964,0.99986604,0.99983892,0.99980228,0.9997626,0.99971572,0.99965412,0.99958224,0.99949556,0.99938568,0.99925768,0.99910736,0.99891896,0.99869476,0.99842568,0.9980984,0.99770176,0.99723084,0.99666456,0.99598088,0.99514608,0.99413764,0.9928886,0.99134236,0.98941832,0.98700312,0.9838916,0.97980312,0.97433904,0.96695144,0.95705772,0.94424,0.92848,0.90974912,0.88748672,0.86005832,0.8251062,0.77924024,0.71865664,0.64878432,0.57938212,0.51499644,0.4567114,0.40371324,0.35468664,0.30904028,0.26479396,0.22647912,0.19486128,0.1681898,0.14562576,0.12615024,0.10906308,0.09366112,0.079237,0.06481508,0.04584664,0.03379568,0.02773696,0.02327364,0.01981256,0.01702492,0.01466788,0.01259416,0.01065592,0.00871324,0.0065404,0.00302628,0.00145128,0.00091456,0.00059376,0.0003818,0.0002362,0.00012928,4.44e-05,0.0,0.0,0.0,0.0,0.0,0.0,0.0,0.0,0.0,0.0,0.0,0.0,0.0,0.0,0.0,0.0,0.0,0.0,0.0,0.0,0.0,0.0
1.0,3e-06,0.0005,0.5,0.99998088,0.99997712,0.99997344,0.99996848,0.9999608,0.99995304,0.99994456,0.99993152,0.99991976,0.99990496,0.99988616,0.99986288,0.99983272,0.99979864,0.99975776,0.99971064,0.99965632,0.99958752,0.99950776,0.99940976,0.99928304,0.99914096,0.99896544,0.99875492,0.99848956,0.99817944,0.99780464,0.99735768,0.99681496,0.99618048,0.99541176,0.9944964,0.99337808,0.99200872,0.99034552,0.98836248,0.98594296,0.98298656,0.97954828,0.9752612,0.96992424,0.96351736,0.95545832,0.94525076,0.93192072,0.91393628,0.88821056,0.84768964,0.77045208,0.65191556,0.54195872,0.37230148,0.27928168,0.22836008,0.19397876,0.16831648,0.1476296,0.13021212,0.11503492,0.1013818,0.08853088,0.07605032,0.06500132,0.055851,0.04821696,0.04179512,0.0363648,0.03172232,0.02770896,0.02419004,0.02105552,0.01813604,0.015191,0.01258052,0.01041996,0.00862028,0.00712688,0.0058942,0.00485436,0.00397752,0.00326188,0.00266944,0.00217104,0.00176152,0.00142352,0.00113124,0.00085352,0.00059128,0.00038456,0.00017832,7.232e-05,0.0,0.0,0.0,0.0,0.0,0.0,0.0,0.0,0.0
1/0.9,3e-06,0.0005,0.5,0.99993584,0.99992232,0.99990648,0.99988384,0.99985864,0.9998292,0.99979232,0.99974976,0.9996984,0.99963584,0.9995604,0.99947648,0.99936656,0.99923568,0.99907696,0.99889104,0.99866168,0.99837896,0.99804728,0.99765416,0.99715936,0.99658608,0.99587844,0.99500196,0.99394412,0.99265124,0.99103732,0.98901876,0.98643812,0.9831542,0.97886256,0.97324912,0.96593168,0.95644816,0.9444064,0.92921376,0.91061884,0.88825648,0.8607056,0.82593688,0.78043444,0.72012468,0.64875056,0.57884744,0.51489472,0.45669436,0.40368072,0.3552718,0.31054016,0.2671584,0.22740912,0.19448704,0.16727968,0.1442676,0.12456136,0.10730272,0.09176976,0.077151,0.06210176,0.0431288,0.03449408,0.02820256,0.02347956,0.01982212,0.01687796,0.01440888,0.0122378,0.0102212,0.00819576,0.00585736,0.00236904,0.00141172,0.00090992,0.00059216,0.00038376,0.00023888,0.00013024,4.536e-05,0.0,0.0,0.0,0.0,0.0,0.0,0.0,0.0,0.0,0.0,0.0,0.0,0.0,0.0,0.0,0.0,0.0,0.0,0.0,0.0,0.0,0.0
1/0.8,3e-06,0.0005,0.5,0.99991416,0.99989784,0.99987864,0.99985288,0.99982296,0.99978688,0.99974192,0.99969008,0.99962232,0.99954384,0.99945616,0.99935192,0.99922352,0.99906536,0.99886504,0.99863176,0.99834952,0.99800864,0.99760772,0.99711964,0.99651472,0.995791,0.99492308,0.9938654,0.99257376,0.9909674,0.98899592,0.9865284,0.98344712,0.97956216,0.97459036,0.96815832,0.95988304,0.94921316,0.93571216,0.91855512,0.89735456,0.87122408,0.83829344,0.795039,0.73606448,0.66168312,0.58015956,0.49848584,0.41825592,0.34843544,0.2893708,0.23746476,0.18416672,0.144229,0.11744612,0.09790336,0.08248536,0.06892868,0.05593688,0.04523432,0.03623132,0.02809932,0.0192334,0.0124102,0.00817692,0.00548236,0.00371504,0.00252724,0.00172124,0.00117036,0.00079332,0.00053564,0.00035608,0.00023136,0.00014892,9.136e-05,4.504e-05,9.2e-06,0.0,0.0,0.0,0.0,0.0,0.0,0.0,0.0,0.0,0.0,0.0,0.0,0.0,0.0,0.0,0.0,0.0,0.0,0.0,0.0,0.0,0.0,0.0,0.0,0.0,0.0
1/0.7,3e-06,0.0005,0.5,0.9998848,0.9998612,0.99983356,0.99979748,0.9997542,0.99970016,0.99963648,0.99956264,0.99947116,0.99936468,0.99923472,0.9990744,0.99888592,0.998658,0.9983802,0.99803992,0.99763168,0.99713372,0.99654836,0.99583488,0.99499132,0.99395912,0.99273108,0.99120492,0.98936308,0.98713744,0.98435732,0.98099172,0.9767104,0.97134256,0.96458676,0.95598568,0.94492288,0.93072624,0.91242016,0.88909488,0.85937028,0.82079512,0.76721284,0.69243564,0.59773796,0.4976544,0.40406928,0.31415576,0.24405308,0.19541492,0.1602732,0.13274444,0.11012968,0.08813464,0.06871324,0.05156076,0.03546544,0.02408832,0.01632832,0.01104616,0.00750116,0.00513316,0.00351776,0.00241032,0.00165076,0.00112708,0.000767,0.0005192,0.00034688,0.00022784,0.000145,9.028e-05,5.388e-05,2.608e-05,4e-06,0.0,0.0,0.0,0.0,0.0,0.0,0.0,0.0,0.0,0.0,0.0,0.0,0.0,0.0,0.0,0.0,0.0,0.0,0.0,0.0,0.0,0.0,0.0,0.0,0.0,0.0,0.0,0.0,0.0
1/0.6,3e-06,0.0005,0.5,0.99978496,0.99974104,0.99969344,0.99963172,0.999558,0.99946348,0.999353,0.9992208,0.99905932,0.99886188,0.99863004,0.99834992,0.99800992,0.99760892,0.99711764,0.99652468,0.99580608,0.99493336,0.99389308,0.9926622,0.99114556,0.98932848,0.98711596,0.98446868,0.981244,0.9773152,0.97247968,0.96657472,0.95926904,0.95018036,0.93882764,0.9244722,0.90597048,0.88154836,0.8485414,0.80368716,0.74314128,0.66561792,0.57440224,0.47086488,0.36443472,0.2835558,0.22574908,0.18324652,0.1481948,0.1162038,0.08718232,0.06115112,0.04226188,0.02922028,0.0201004,0.0137426,0.00932244,0.00632428,0.00429716,0.00293176,0.00200896,0.00137356,0.00093764,0.00063572,0.00042684,0.0002838,0.00018464,0.00011488,6.952e-05,4.172e-05,2.08e-05,4.96e-06,0.0,0.0,0.0,0.0,0.0,0.0,0.0,0.0,0.0,0.0,0.0,0.0,0.0,0.0,0.0,0.0,0.0,0.0,0.0,0.0,0.0,0.0,0.0,0.0,0.0,0.0,0.0,0.0,0.0,0.0,0.0,0.0
1/0.5,3e-06,0.0005,0.5,0.999505,0.99940552,0.99928544,0.99913684,0.99896108,0.99875496,0.99850028,0.9981978,0.99783236,0.99738676,0.99685084,0.99621052,0.99543824,0.99450632,0.99337644,0.991995,0.9903512,0.98837332,0.98600512,0.98314388,0.97971144,0.97552424,0.97052896,0.96443976,0.95710128,0.94817172,0.93729976,0.9239772,0.90746444,0.88672136,0.86064456,0.82798108,0.786749,0.7353176,0.67245084,0.59764812,0.5099676,0.412017,0.3202582,0.2487346,0.19369016,0.14715896,0.10690968,0.0737818,0.04975836,0.03405064,0.0233398,0.01601296,0.0110116,0.00758876,0.00522008,0.00358384,0.00246024,0.0016872,0.00115536,0.00078496,0.00053136,0.00035488,0.00023376,0.00014832,9.08e-05,5.392e-05,3.152e-05,1.56e-05,3.12e-06,0.0,0.0,0.0,0.0,0.0,0.0,0.0,0.0,0.0,0.0,0.0,0.0,0.0,0.0,0.0,0.0,0.0,0.0,0.0,0.0,0.0,0.0,0.0,0.0,0.0,0.0,0.0,0.0,0.0,0.0,0.0,0.0,0.0,0.0,0.0
1/0.4,3e-06,0.0005,0.5,0.99889468,0.99866352,0.99839608,0.998072,0.99766772,0.99718856,0.9965984,0.99590028,0.99506864,0.9940614,0.9928436,0.99138176,0.9896264,0.98751872,0.98494484,0.98185944,0.97814868,0.97366768,0.96834024,0.96190256,0.95415068,0.94473388,0.93342812,0.91987624,0.90356344,0.88395884,0.86037392,0.83203564,0.7979748,0.75708464,0.70846064,0.65142572,0.58549788,0.5105406,0.42709452,0.33814932,0.25376608,0.18231124,0.12480784,0.08314676,0.05495244,0.03687772,0.02504636,0.01711684,0.0117406,0.00807604,0.00551784,0.00381136,0.00261064,0.00178704,0.00122336,0.00083484,0.0005644,0.0003776,0.00024912,0.00015832,9.76e-05,5.6e-05,3.384e-05,1.784e-05,6.88e-06,0.0,0.0,0.0,0.0,0.0,0.0,0.0,0.0,0.0,0.0,0.0,0.0,0.0,0.0,0.0,0.0,0.0,0.0,0.0,0.0,0.0,0.0,0.0,0.0,0.0,0.0,0.0,0.0,0.0,0.0,0.0,0.0,0.0,0.0,0.0,0.0,0.0,0.0,0.0
1/0.3,3e-06,0.0005,0.5,0.997899,0.997475,0.99696476,0.99635888,0.9956132,0.99470928,0.99363296,0.992331,0.9907526,0.98886808,0.9865946,0.983845,0.98053288,0.97655596,0.97173492,0.96599172,0.95905196,0.95069316,0.9406592,0.92859708,0.914179,0.89680072,0.87604724,0.85128188,0.82185124,0.78712008,0.74616092,0.69858916,0.64342788,0.57992868,0.5076454,0.42657376,0.33858204,0.25060952,0.17313828,0.11431132,0.07404096,0.04849832,0.03294152,0.02335656,0.01723144,0.01304264,0.01003632,0.00781124,0.00602904,0.00461028,0.00345876,0.0025394,0.00178624,0.00120444,0.00077196,0.0004742,0.00027276,0.0001494,6.552e-05,2.676e-05,6.96e-06,8e-07,0.0,0.0,0.0,0.0,0.0,0.0,0.0,0.0,0.0,0.0,0.0,0.0,0.0,0.0,0.0,0.0,0.0,0.0,0.0,0.0,0.0,0.0,0.0,0.0,0.0,0.0,0.0,0.0,0.0,0.0,0.0,0.0,0.0,0.0,0.0,0.0,0.0,0.0,0.0,0.0,0.0,0.0
1/0.2,3e-06,0.0005,0.5,0.99717592,0.99660812,0.9959144,0.9950752,0.9940764,0.99287608,0.99141672,0.98964728,0.98753032,0.98501204,0.98193168,0.97819544,0.97372032,0.96831048,0.961873,0.9540492,0.944668,0.93335196,0.91973364,0.90335088,0.88360588,0.8600424,0.83169144,0.79772952,0.7572258,0.70911248,0.65240512,0.586119,0.50978044,0.42433416,0.33243652,0.24162268,0.16223192,0.1026842,0.06426688,0.04094812,0.02710528,0.01881208,0.01385032,0.01078848,0.00868464,0.0071562,0.00595612,0.00497124,0.00408888,0.00328996,0.0025532,0.00192204,0.00137448,0.00092552,0.0005932,0.00036072,0.00020832,0.00011096,4.512e-05,1.644e-05,5.56e-06,5.6e-07,0.0,0.0,0.0,0.0,0.0,0.0,0.0,0.0,0.0,0.0,0.0,0.0,0.0,0.0,0.0,0.0,0.0,0.0,0.0,0.0,0.0,0.0,0.0,0.0,0.0,0.0,0.0,0.0,0.0,0.0,0.0,0.0,0.0,0.0,0.0,0.0,0.0,0.0,0.0,0.0,0.0,0.0
0.2,1e-05,0.0005,0.5,0.99785504,0.99741764,0.99686824,0.99622564,0.99545408,0.99451492,0.99337844,0.99202596,0.99040404,0.98844476,0.98607096,0.98322408,0.97981964,0.97567964,0.97072808,0.96481152,0.95763656,0.94896552,0.93849996,0.92594992,0.91085668,0.8927532,0.87094632,0.84473956,0.81324496,0.7755234,0.73051016,0.67714112,0.61444304,0.54215492,0.46146672,0.3757888,0.29046952,0.21292088,0.1486304,0.0998058,0.0656502,0.04334424,0.02974804,0.02099568,0.015376,0.011529,0.00873932,0.00660064,0.00493272,0.003659,0.00265288,0.0018798,0.00127692,0.00082824,0.00049808,0.00028304,0.000143,6.756e-05,3e-05,1.124e-05,1.76e-06,0.0,0.0,0.0,0.0,0.0,0.0,0.0,0.0,0.0,0.0,0.0,0.0,0.0,0.0,0.0,0.0,0.0,0.0,0.0,0.0,0.0,0.0,0.0,0.0,0.0,0.0,0.0,0.0,0.0,0.0,0.0,0.0,0.0,0.0,0.0,0.0,0.0,0.0,0.0,0.0,0.0,0.0,0.0
0.3,1e-05,0.0005,0.5,0.99929276,0.999141,0.99897396,0.9987594,0.9985146,0.99822064,0.99785984,0.99742568,0.99689836,0.99626168,0.99549688,0.99458132,0.99347656,0.99213656,0.99052348,0.98857456,0.9862442,0.9834232,0.98006096,0.97599548,0.9711046,0.96519976,0.95807372,0.94949884,0.93913992,0.9266388,0.91150492,0.8932088,0.87088244,0.8435172,0.80991976,0.7681516,0.71593672,0.65108052,0.57264968,0.483339,0.3886602,0.29828636,0.22301668,0.16321316,0.11544824,0.07833492,0.052524,0.03560084,0.024521,0.0169718,0.01172792,0.00810172,0.00558468,0.00383816,0.00261584,0.00177584,0.0011964,0.00079448,0.00052608,0.00034576,0.00022344,0.00013976,8.352e-05,4.744e-05,2.84e-05,1.408e-05,4.72e-06,0.0,0.0,0.0,0.0,0.0,0.0,0.0,0.0,0.0,0.0,0.0,0.0,0.0,0.0,0.0,0.0,0.0,0.0,0.0,0.0,0.0,0.0,0.0,0.0,0.0,0.0,0.0,0.0,0.0,0.0,0.0,0.0,0.0,0.0,0.0,0.0,0.0
0.4,1e-05,0.0005,0.5,0.99975152,0.99969976,0.9996372,0.99956148,0.99947412,0.99936412,0.99923296,0.99907888,0.99889424,0.99867356,0.99841536,0.99809296,0.9976908,0.99721408,0.99664812,0.99596016,0.99513984,0.99416152,0.99294428,0.99149408,0.98975448,0.98767744,0.98515908,0.98212224,0.97845212,0.97403892,0.96869048,0.96223296,0.95438764,0.94475776,0.93290072,0.9181946,0.8997328,0.87621852,0.84569528,0.80551612,0.75216776,0.68281376,0.596943,0.49875012,0.3962028,0.30627784,0.23606504,0.18204812,0.13735024,0.09763468,0.06676976,0.0454032,0.03112528,0.0213674,0.01459864,0.00993836,0.0067472,0.00459916,0.0031394,0.00214632,0.0014636,0.00099968,0.0006786,0.0004556,0.00030356,0.00019772,0.00012424,7.312e-05,4.348e-05,2.408e-05,1.136e-05,2.08e-06,0.0,0.0,0.0,0.0,0.0,0.0,0.0,0.0,0.0,0.0,0.0,0.0,0.0,0.0,0.0,0.0,0.0,0.0,0.0,0.0,0.0,0.0,0.0,0.0,0.0,0.0,0.0,0.0,0.0,0.0,0.0,0.0
0.5,1e-05,0.0005,0.5,0.99987688,0.99985128,0.9998212,0.99978424,0.99974464,0.99969232,0.99962776,0.99955264,0.99946216,0.999352,0.9992208,0.99906424,0.99887152,0.9986448,0.9983668,0.99803336,0.99763256,0.99715024,0.9965728,0.99589008,0.99505816,0.99405024,0.992822,0.99135628,0.98959792,0.98745704,0.98488912,0.9818192,0.97812192,0.97365336,0.96827488,0.96185736,0.95410244,0.94479448,0.93337488,0.91907016,0.90031944,0.87493616,0.84162264,0.795786,0.72825128,0.64164056,0.54274552,0.42368956,0.32898704,0.26048892,0.20721808,0.16205192,0.12513724,0.09195048,0.06251864,0.0420324,0.02851856,0.01943076,0.01329708,0.00910528,0.006252,0.00428952,0.00294304,0.00201944,0.00137952,0.00094136,0.00063912,0.00043016,0.00028504,0.00018536,0.0001156,6.808e-05,4.08e-05,2.248e-05,8.72e-06,0.0,0.0,0.0,0.0,0.0,0.0,0.0,0.0,0.0,0.0,0.0,0.0,0.0,0.0,0.0,0.0,0.0,0.0,0.0,0.0,0.0,0.0,0.0,0.0,0.0,0.0,0.0,0.0,0.0
0.6,1e-05,0.0005,0.5,0.99993456,0.99992056,0.99990592,0.99988656,0.99986496,0.99983504,0.99980104,0.99976304,0.99971648,0.999654,0.99958416,0.9995,0.99939688,0.99927008,0.9991252,0.99894768,0.99872648,0.9984668,0.99815208,0.99777528,0.99733424,0.99679848,0.99614256,0.995352,0.994378,0.99321928,0.99178592,0.99005152,0.98793792,0.98536592,0.98224536,0.97854336,0.97417888,0.9690584,0.96294496,0.95544556,0.94574096,0.93241488,0.91519648,0.89491968,0.87015528,0.83814472,0.79090144,0.71041344,0.61794656,0.51605696,0.39554628,0.30572296,0.24339036,0.1973394,0.15991248,0.126658,0.09897036,0.07549156,0.0519598,0.03471732,0.02342472,0.0159358,0.010884,0.00744864,0.00510896,0.00350168,0.00240016,0.00164416,0.0011236,0.0007644,0.000516,0.00034432,0.00022712,0.00014392,8.72e-05,5.312e-05,3e-05,1.176e-05,0.0,0.0,0.0,0.0,0.0,0.0,0.0,0.0,0.0,0.0,0.0,0.0,0.0,0.0,0.0,0.0,0.0,0.0,0.0,0.0,0.0,0.0,0.0,0.0,0.0,0.0
0.7,1e-05,0.0005,0.5,0.99995952,0.99995088,0.99994008,0.99992688,0.99991232,0.99989632,0.9998756,0.99984904,0.99981952,0.99978392,0.99973936,0.9996856,0.99962272,0.99954752,0.99944704,0.99933624,0.99920376,0.99903984,0.99884664,0.99861216,0.99832872,0.99798384,0.99757448,0.99708064,0.99649152,0.99574824,0.99485736,0.99376688,0.99245616,0.99085936,0.98889048,0.98648856,0.98363536,0.98024256,0.9762264,0.9713434,0.96511492,0.95674388,0.94537176,0.93160864,0.91594696,0.89673592,0.87241528,0.84172856,0.79943496,0.73153472,0.64159416,0.53990288,0.44544524,0.35872564,0.27299728,0.21474704,0.17385696,0.14327568,0.11830432,0.09521732,0.07603048,0.06015044,0.0456746,0.03036084,0.02002932,0.0134392,0.00910176,0.00619548,0.00423284,0.00289504,0.00197968,0.0013528,0.00092192,0.00062392,0.00041896,0.00027792,0.00017984,0.0001128,6.88e-05,3.84e-05,1.4e-05,0.0,0.0,0.0,0.0,0.0,0.0,0.0,0.0,0.0,0.0,0.0,0.0,0.0,0.0,0.0,0.0,0.0,0.0,0.0,0.0,0.0,0.0,0.0
0.8,1e-05,0.0005,0.5,0.99997312,0.9999664,0.9999592,0.9999516,0.99994136,0.99993128,0.99991696,0.9999,0.99988056,0.99985696,0.99982672,0.99979184,0.99975072,0.99969888,0.9996348,0.9995604,0.9994664,0.99935416,0.9992228,0.9990592,0.99886896,0.99863224,0.99834688,0.99800248,0.99758904,0.9970816,0.9964604,0.99570656,0.99475664,0.99361336,0.99219288,0.99044856,0.98827088,0.98568216,0.98259208,0.97886548,0.97416656,0.96781284,0.9590376,0.9482284,0.93594816,0.92147872,0.90337472,0.88107656,0.85309224,0.81611832,0.7637828,0.69428296,0.6154896,0.53395064,0.45054592,0.37837232,0.31711048,0.26381992,0.21562208,0.16445352,0.1296164,0.10616576,0.0886448,0.07384392,0.06014392,0.04919164,0.04026248,0.03258864,0.02541104,0.0168302,0.01044404,0.00681936,0.00454928,0.00306472,0.00207616,0.00141036,0.0009536,0.00064552,0.00043184,0.00028376,0.00018368,0.00011624,6.52e-05,2.544e-05,0.0,0.0,0.0,0.0,0.0,0.0,0.0,0.0,0.0,0.0,0.0,0.0,0.0,0.0,0.0,0.0,0.0,0.0,0.0,0.0
0.9,1e-05,0.0005,0.5,0.99997832,0.99997392,0.99996896,0.99996328,0.9999556,0.99994424,0.99993304,0.9999204,0.99990456,0.9998844,0.99985896,0.99983112,0.99979864,0.9997592,0.99970712,0.99964784,0.99957672,0.9994848,0.99938104,0.99925344,0.99910144,0.99891272,0.9986856,0.99841304,0.9980792,0.99766576,0.99716688,0.9965372,0.99577248,0.99480448,0.99360656,0.99210856,0.99025128,0.98800216,0.98528328,0.98197064,0.97774472,0.97200168,0.96418108,0.954638,0.94373128,0.93103912,0.91515,0.89587312,0.8720104,0.84143128,0.80187128,0.74748376,0.679604,0.60772432,0.541944,0.481628,0.42664512,0.37612608,0.3295692,0.28454848,0.24319448,0.20883344,0.1800684,0.15578016,0.13497072,0.116882,0.10079512,0.08603936,0.07184736,0.05660944,0.0378562,0.03049588,0.0253922,0.02151396,0.0184334,0.01589016,0.0136814,0.01166284,0.00969496,0.00759192,0.00481624,0.00178272,0.00110932,0.00071232,0.0004608,0.000292,0.00017192,8.04e-05,4.72e-06,0.0,0.0,0.0,0.0,0.0,0.0,0.0,0.0,0.0,0.0,0.0,0.0,0.0,0.0,0.0
1.0,1e-05,0.0005,0.5,0.99996396,0.99995616,0.9999472,0.99993584,0.99992256,0.999906,0.99988764,0.9998678,0.99984248,0.99980784,0.99977208,0.99971968,0.99966216,0.99958784,0.99950656,0.99940416,0.99928304,0.99913864,0.99895816,0.99875512,0.99849992,0.9981954,0.99783172,0.99738696,0.99684364,0.9962064,0.9954262,0.99449928,0.9933898,0.99203556,0.99041432,0.98848524,0.986164,0.98346456,0.98011528,0.97595856,0.97098924,0.96497584,0.9576104,0.94889568,0.938218,0.92449956,0.90855216,0.88952288,0.868132,0.84355816,0.81652192,0.78641768,0.75300448,0.71446008,0.67629056,0.6239676,0.55422692,0.46332088,0.39441168,0.34209344,0.3001656,0.265253,0.23561288,0.21002008,0.18760208,0.16779404,0.15006768,0.13407564,0.1195716,0.10624832,0.09375264,0.0812648,0.06950368,0.0596904,0.05143792,0.04450688,0.0386412,0.03364448,0.02935464,0.025628,0.02232488,0.01930632,0.01636588,0.01350228,0.01114492,0.00916536,0.0075242,0.00617104,0.00504384,0.00410944,0.00336156,0.00280548,0.00230976,0.001866,0.00146216,0.00109472,0.00073632,0.00049776,0.00025352,3.3e-05,0.0,0.0,0.0,0.0
1/0.9,1e-05,0.0005,0.5,0.99996952,0.99996312,0.9999556,0.99994792,0.99993968,0.99992416,0.99990848,0.99988816,0.99986416,0.99983968,0.9998076,0.99976768,0.99972504,0.99966936,0.99960168,0.99952456,0.99942872,0.99931432,0.99917704,0.9990156,0.99882016,0.99858416,0.9982936,0.99793576,0.99751128,0.9970084,0.99639592,0.99566,0.99478872,0.9937256,0.99246056,0.99094856,0.98914936,0.98697048,0.98435528,0.98112088,0.97696536,0.97148848,0.96401456,0.95411788,0.94285072,0.9302036,0.91461536,0.89521504,0.87164136,0.84134456,0.80242152,0.7494824,0.6790068,0.60673944,0.54121944,0.48112272,0.42637,0.37666168,0.33072736,0.28739192,0.24479336,0.20909424,0.17946312,0.15459456,0.13344616,0.11511112,0.09884752,0.08387368,0.06924216,0.05125512,0.03809568,0.03073792,0.02536684,0.02127816,0.01804268,0.01538616,0.013111,0.01107012,0.00911372,0.00704992,0.004324,0.00179992,0.00113064,0.00073584,0.00047992,0.00030532,0.00018056,8.368e-05,9.52e-06,0.0,0.0,0.0,0.0,0.0,0.0,0.0,0.0,0.0,0.0,0.0,0.0,0.0,0.0,0.0
1/0.8,1e-05,0.0005,0.5,0.99996792,0.99996,0.99995184,0.9999408,0.99992808,0.9999148,0.99989536,0.9998736,0.99984248,0.99980992,0.9997708,0.9997216,0.99966776,0.99959824,0.99952048,0.99942376,0.99930312,0.99915856,0.99897896,0.99876928,0.99852032,0.99821584,0.99785288,0.99741088,0.9968792,0.9962424,0.99548312,0.994572,0.99350608,0.99226184,0.99076608,0.98901088,0.98692168,0.98448472,0.98155216,0.97793392,0.97332248,0.96725528,0.95894128,0.94779544,0.9350696,0.9207872,0.90279224,0.88054624,0.85284968,0.81632136,0.76569056,0.6953088,0.61365296,0.53314032,0.45199592,0.37727096,0.31435808,0.26032488,0.20905832,0.16013564,0.12850376,0.10628212,0.0893498,0.0753396,0.0618462,0.04988296,0.0401516,0.03182376,0.02378524,0.01512816,0.00988936,0.00660796,0.0044574,0.00303064,0.00205952,0.00140316,0.00095528,0.00064492,0.00043288,0.00028448,0.0001844,0.00011608,6.552e-05,2.544e-05,0.0,0.0,0.0,0.0,0.0,0.0,0.0,0.0,0.0,0.0,0.0,0.0,0.0,0.0,0.0,0.0,0.0,0.0,0.0,0.0
1/0.7,1e-05,0.0005,0.5,0.99995128,0.99994024,0.99992664,0.99991144,0.99989408,0.99987184,0.99984776,0.99981864,0.9997792,0.9997304,0.9996776,0.99961424,0.999532,0.9994376,0.99932768,0.99918688,0.99902272,0.998818,0.9985804,0.99829096,0.99794392,0.9975148,0.9969984,0.99638536,0.99563456,0.99476608,0.99372088,0.99245144,0.99097488,0.9892028,0.98714684,0.9847446,0.9819498,0.97865796,0.9747838,0.9699978,0.9640232,0.956115,0.94530976,0.9310608,0.91507076,0.8959642,0.87149212,0.8406074,0.79836044,0.73073,0.63948844,0.53570712,0.44106204,0.35151972,0.26972884,0.21401164,0.17422568,0.14432876,0.1201186,0.09826568,0.07718924,0.05944676,0.04224,0.02841088,0.01921448,0.0130734,0.00893796,0.00612672,0.00419856,0.0028804,0.0019738,0.00134984,0.00091996,0.00062368,0.00041892,0.0002772,0.0001802,0.00011312,6.904e-05,3.856e-05,1.4e-05,0.0,0.0,0.0,0.0,0.0,0.0,0.0,0.0,0.0,0.0,0.0,0.0,0.0,0.0,0.0,0.0,0.0,0.0,0.0,0.0,0.0,0.0,0.0
1/0.6,1e-05,0.0005,0.5,0.99992992,0.9999172,0.99990072,0.99987992,0.99985784,0.99983096,0.99979672,0.99975392,0.99970144,0.99964248,0.9995652,0.99947568,0.99936768,0.99923784,0.99908136,0.9989,0.99867544,0.99839304,0.99805904,0.99765576,0.99716616,0.99659536,0.99590232,0.9950508,0.99405752,0.99284392,0.99137168,0.98959792,0.9874736,0.98490168,0.98179872,0.97804144,0.97346008,0.96787096,0.96105384,0.95263248,0.94196536,0.92851968,0.91207624,0.89209348,0.86625752,0.83187736,0.778396,0.69658612,0.61204852,0.51534884,0.39710644,0.30741568,0.2452108,0.19938536,0.1630672,0.13078804,0.09985512,0.0713944,0.0487336,0.0332624,0.02279012,0.01563992,0.0107466,0.00738784,0.00507904,0.0034876,0.00239388,0.00164096,0.0011224,0.00076304,0.00051696,0.0003448,0.0002272,0.00014376,8.72e-05,5.312e-05,3.016e-05,1.208e-05,0.0,0.0,0.0,0.0,0.0,0.0,0.0,0.0,0.0,0.0,0.0,0.0,0.0,0.0,0.0,0.0,0.0,0.0,0.0,0.0,0.0,0.0,0.0,0.0,0.0,0.0
1/0.5,1e-05,0.0005,0.5,0.99987096,0.99984464,0.9998116,0.99977584,0.99972696,0.99967144,0.9996064,0.99952568,0.99942544,0.99930824,0.99916448,0.9989828,0.99877432,0.99852528,0.99822024,0.99785344,0.99742912,0.99689432,0.99624832,0.99545176,0.99452976,0.99341928,0.99208784,0.99046864,0.98852584,0.98618128,0.983362,0.97996864,0.97591792,0.9709848,0.96502824,0.95785464,0.94916848,0.93857296,0.9256336,0.90927792,0.88807176,0.85997888,0.82148424,0.76784332,0.70048588,0.62960992,0.5526712,0.44481016,0.3396596,0.26742456,0.21353524,0.1682988,0.12422564,0.08651384,0.05896816,0.0404362,0.027754,0.01910204,0.01314396,0.0090388,0.00622192,0.00427704,0.00293864,0.00201552,0.00138072,0.0009416,0.0006392,0.00043056,0.0002836,0.00018552,0.00011552,6.768e-05,4.088e-05,2.24e-05,8.8e-06,0.0,0.0,0.0,0.0,0.0,0.0,0.0,0.0,0.0,0.0,0.0,0.0,0.0,0.0,0.0,0.0,0.0,0.0,0.0,0.0,0.0,0.0,0.0,0.0,0.0,0.0,0.0,0.0,0.0
1/0.4,1e-05,0.0005,0.5,0.99965244,0.99957936,0.99949756,0.99940228,0.99928632,0.99914444,0.99896596,0.9987594,0.99850528,0.99820068,0.99783292,0.99740008,0.99686528,0.99622872,0.99544904,0.99452452,0.99338516,0.99200852,0.99039852,0.98842688,0.98606152,0.98317452,0.97970228,0.97552948,0.9704922,0.96441088,0.95708976,0.94830704,0.93770324,0.9248788,0.90937656,0.89067888,0.86811372,0.84065432,0.80707324,0.76648472,0.71942636,0.6659358,0.60617808,0.53858588,0.45242596,0.3486788,0.26214132,0.1953828,0.13791596,0.09551476,0.0657702,0.04534124,0.03133504,0.02158516,0.01479772,0.01007192,0.00683972,0.00465284,0.00315872,0.00215376,0.00146812,0.00099952,0.00067836,0.00045592,0.00030312,0.00019784,0.00012388,7.268e-05,4.348e-05,2.4e-05,1.136e-05,2.08e-06,0.0,0.0,0.0,0.0,0.0,0.0,0.0,0.0,0.0,0.0,0.0,0.0,0.0,0.0,0.0,0.0,0.0,0.0,0.0,0.0,0.0,0.0,0.0,0.0,0.0,0.0,0.0,0.0,0.0,0.0,0.0,0.0
1/0.3,1e-05,0.0005,0.5,0.99911224,0.9989262,0.9987074,0.99844332,0.9981284,0.99774888,0.99728972,0.99672888,0.99604832,0.99524184,0.994273,0.99312336,0.99170472,0.9900118,0.98798336,0.98549112,0.98251828,0.97895332,0.97466044,0.96951332,0.96327956,0.95575184,0.94677036,0.93600408,0.9231826,0.9078866,0.88973976,0.86829468,0.8431766,0.81414664,0.78114532,0.74458708,0.70510012,0.66305516,0.61779008,0.56546312,0.49978228,0.4127582,0.30802352,0.208436,0.13571,0.08814668,0.05888256,0.03986368,0.02764844,0.01935444,0.0135802,0.00947204,0.00652876,0.0044406,0.00299176,0.00199576,0.001322,0.000863,0.00054948,0.00035364,0.00022528,0.00013996,8.316e-05,4.744e-05,2.848e-05,1.416e-05,4.72e-06,0.0,0.0,0.0,0.0,0.0,0.0,0.0,0.0,0.0,0.0,0.0,0.0,0.0,0.0,0.0,0.0,0.0,0.0,0.0,0.0,0.0,0.0,0.0,0.0,0.0,0.0,0.0,0.0,0.0,0.0,0.0,0.0,0.0,0.0,0.0,0.0,0.0
1/0.2,1e-05,0.0005,0.5,0.99932052,0.99917632,0.99900612,0.99880972,0.99856632,0.99827144,0.99791124,0.99748472,0.99696908,0.9963412,0.9955924,0.99468704,0.9935956,0.9923112,0.99070816,0.98880548,0.9865132,0.98376028,0.9804292,0.97641652,0.97158452,0.96570052,0.9585438,0.949824,0.9391814,0.92607152,0.90977348,0.88935656,0.86323052,0.82931176,0.78502536,0.72725492,0.65358532,0.56403212,0.45951496,0.33653436,0.20468104,0.10565356,0.05479632,0.03110928,0.01997492,0.01395424,0.01033092,0.00778816,0.0059058,0.00445092,0.00329124,0.00238564,0.00165484,0.00110224,0.00068976,0.00041332,0.000225,0.00010784,4.388e-05,1.54e-05,2.32e-06,0.0,0.0,0.0,0.0,0.0,0.0,0.0,0.0,0.0,0.0,0.0,0.0,0.0,0.0,0.0,0.0,0.0,0.0,0.0,0.0,0.0,0.0,0.0,0.0,0.0,0.0,0.0,0.0,0.0,0.0,0.0,0.0,0.0,0.0,0.0,0.0,0.0,0.0,0.0,0.0,0.0,0.0,0.0
0.2,3e-05,0.0005,0.5,0.99917564,0.99900496,0.99880312,0.99856116,0.99827096,0.99791748,0.99748276,0.99696792,0.99633144,0.99558,0.99468768,0.99359344,0.9922772,0.99070312,0.98882544,0.98653408,0.98379296,0.98048076,0.97647964,0.97163452,0.96582544,0.95880648,0.95032828,0.94012308,0.92777968,0.91280136,0.89470568,0.87277704,0.84615772,0.8139146,0.77491352,0.72781656,0.67185992,0.60610892,0.53080464,0.44612816,0.35605716,0.26982468,0.1982378,0.14205944,0.09675176,0.06568072,0.04466528,0.03093808,0.02174392,0.01530228,0.01076412,0.00748888,0.00513548,0.003478,0.00231616,0.00153152,0.00099352,0.00064016,0.00041076,0.00026324,0.00016528,0.00010036,5.532e-05,3.332e-05,1.856e-05,8e-06,1.28e-06,0.0,0.0,0.0,0.0,0.0,0.0,0.0,0.0,0.0,0.0,0.0,0.0,0.0,0.0,0.0,0.0,0.0,0.0,0.0,0.0,0.0,0.0,0.0,0.0,0.0,0.0,0.0,0.0,0.0,0.0,0.0,0.0,0.0,0.0,0.0,0.0,0.0
0.3,3e-05,0.0005,0.5,0.99977764,0.9997298,0.99967728,0.99961332,0.99953368,0.99943984,0.99932588,0.99919148,0.9990254,0.99882956,0.99859032,0.99830564,0.997962,0.99754916,0.99704984,0.99644916,0.99572064,0.9948442,0.99378196,0.99251964,0.99099148,0.98914792,0.98693816,0.98425932,0.98106416,0.97722788,0.97254888,0.96698908,0.96033284,0.95228616,0.9427266,0.9311774,0.91727072,0.90028664,0.87919356,0.85233024,0.81725616,0.76936336,0.70530388,0.62746748,0.5421068,0.45181924,0.3513636,0.26611356,0.20270452,0.15222428,0.10619472,0.07190236,0.04887,0.03339528,0.02278064,0.01549828,0.01053724,0.00716332,0.0048876,0.00333936,0.0022848,0.00156116,0.0010662,0.00072408,0.00048692,0.00032488,0.00021152,0.00013328,7.848e-05,4.532e-05,2.72e-05,1.336e-05,4.32e-06,0.0,0.0,0.0,0.0,0.0,0.0,0.0,0.0,0.0,0.0,0.0,0.0,0.0,0.0,0.0,0.0,0.0,0.0,0.0,0.0,0.0,0.0,0.0,0.0,0.0,0.0,0.0,0.0,0.0,0.0,0.0
0.4,3e-05,0.0005,0.5,0.99991296,0.99989368,0.99987032,0.99984624,0.99981784,0.99977928,0.99973168,0.99968104,0.99961592,0.99953696,0.99944352,0.99933192,0.99920096,0.99904368,0.99883808,0.99860248,0.99832224,0.99798224,0.99757856,0.99709016,0.996502,0.99577776,0.99492432,0.99388912,0.99261224,0.9910872,0.98924264,0.98701912,0.98431896,0.981024,0.97699312,0.9721592,0.96630392,0.95940896,0.9512906,0.94187984,0.93090312,0.91772432,0.90128528,0.87960552,0.84997072,0.8096706,0.75233568,0.67377456,0.58470536,0.48673368,0.37818,0.29499872,0.22910916,0.17676496,0.13356848,0.09309088,0.06273692,0.04242864,0.02890684,0.01976924,0.01355584,0.00929328,0.00638248,0.0043888,0.00301008,0.00206384,0.00141216,0.00096296,0.000654,0.00043864,0.00029128,0.0001886,0.00011896,6.872e-05,4.176e-05,2.296e-05,1.008e-05,1.28e-06,0.0,0.0,0.0,0.0,0.0,0.0,0.0,0.0,0.0,0.0,0.0,0.0,0.0,0.0,0.0,0.0,0.0,0.0,0.0,0.0,0.0,0.0,0.0,0.0,0.0,0.0
0.5,3e-05,0.0005,0.5,0.99995968,0.99995024,0.99994032,0.99992728,0.99991104,0.99989296,0.99987288,0.99984464,0.99981416,0.9997744,0.99972936,0.9996752,0.99960512,0.99952312,0.99942936,0.99931256,0.99916984,0.99900072,0.99879416,0.99854408,0.99824672,0.9978868,0.99744704,0.99691632,0.9962744,0.99550912,0.99457664,0.9934612,0.99213088,0.99051312,0.98853504,0.98616712,0.98326336,0.97976008,0.97565448,0.970862,0.96538296,0.95912224,0.95180896,0.94255504,0.93025512,0.91415488,0.89484184,0.86968344,0.83853552,0.792972,0.7172256,0.62886688,0.53160744,0.40691676,0.3179536,0.2532902,0.2018032,0.157226,0.121159,0.0887188,0.05965716,0.04025652,0.0273728,0.01869188,0.01280404,0.0087796,0.00602832,0.00413788,0.0028412,0.00194664,0.00133232,0.00090864,0.00061536,0.0004132,0.00027368,0.00017664,0.00011056,6.528e-05,3.936e-05,2.064e-05,7.36e-06,0.0,0.0,0.0,0.0,0.0,0.0,0.0,0.0,0.0,0.0,0.0,0.0,0.0,0.0,0.0,0.0,0.0,0.0,0.0,0.0,0.0,0.0,0.0
0.6,3e-05,0.0005,0.5,0.99997256,0.9999664,0.99996072,0.99995368,0.99994376,0.99993328,0.99991928,0.99990216,0.99988208,0.99985952,0.9998324,0.99979992,0.99975928,0.99971232,0.9996536,0.9995852,0.9994996,0.9994032,0.99928488,0.99914096,0.99896704,0.99875792,0.99850824,0.99819832,0.997838,0.99738432,0.9968592,0.99623,0.99547088,0.99455328,0.9934344,0.9920872,0.99046168,0.98845776,0.98603232,0.98312768,0.97977368,0.976092,0.97198928,0.96700904,0.96051448,0.95161632,0.94062712,0.9270276,0.91043696,0.8905196,0.86552136,0.833396,0.787856,0.69758608,0.60722576,0.50381584,0.38280008,0.2975276,0.23775528,0.19312112,0.1565322,0.12346828,0.0965398,0.07334836,0.04982652,0.03334152,0.02255424,0.01535028,0.01049008,0.00718048,0.00492232,0.0033772,0.00231536,0.00158536,0.00108216,0.0007356,0.000496,0.00033096,0.00021696,0.00013792,8.384e-05,5.072e-05,2.792e-05,1.04e-05,0.0,0.0,0.0,0.0,0.0,0.0,0.0,0.0,0.0,0.0,0.0,0.0,0.0,0.0,0.0,0.0,0.0,0.0,0.0,0.0
0.7,3e-05,0.0005,0.5,0.99998376,0.99998128,0.99997696,0.99997176,0.99996608,0.99995912,0.99995112,0.99994112,0.99992944,0.99991368,0.9998956,0.99987424,0.99984792,0.99981616,0.9997784,0.99973368,0.99968104,0.9996204,0.99954424,0.99944896,0.99933184,0.99919304,0.9990304,0.99882568,0.99858952,0.99829968,0.99795192,0.99753456,0.9970316,0.9964268,0.99569688,0.99480232,0.99374056,0.99247152,0.99092592,0.9890776,0.98690312,0.98441856,0.98166784,0.97842872,0.97424,0.96848976,0.96112428,0.95240704,0.94094888,0.9278984,0.91222264,0.89245472,0.86818648,0.83696288,0.7944472,0.7227028,0.63067288,0.52908392,0.4362444,0.34975256,0.26605888,0.21005984,0.17051728,0.14069704,0.11620172,0.09324476,0.07443432,0.05876992,0.04429616,0.02904836,0.01922988,0.01291952,0.00875768,0.00596448,0.00407736,0.002788,0.00190596,0.00130152,0.00088736,0.0006004,0.00040304,0.00026696,0.00017288,0.00010816,6.568e-05,3.52e-05,1.176e-05,0.0,0.0,0.0,0.0,0.0,0.0,0.0,0.0,0.0,0.0,0.0,0.0,0.0,0.0,0.0,0.0,0.0
0.8,3e-05,0.0005,0.5,0.99998776,0.99998432,0.99998056,0.9999768,0.99997176,0.9999652,0.99995872,0.99994904,0.99994032,0.99992896,0.99991432,0.99989704,0.99987624,0.99985296,0.9998232,0.99978672,0.9997448,0.9996912,0.99963136,0.99955504,0.99946656,0.99936024,0.99923248,0.99906032,0.99886544,0.99864048,0.99836832,0.9980368,0.99763592,0.99715728,0.9965836,0.99590776,0.99511232,0.9941744,0.99309888,0.9918412,0.99039912,0.98864536,0.9864604,0.983608,0.9801248,0.97593592,0.97029028,0.96269072,0.95442864,0.94395584,0.9320824,0.91741336,0.89934168,0.87696072,0.84853704,0.81112968,0.7565232,0.68615168,0.60658784,0.52547584,0.44279744,0.37178448,0.31158792,0.25916504,0.21104432,0.16045152,0.12710928,0.10440536,0.0872688,0.07264812,0.05912016,0.048397,0.03959524,0.03196876,0.02469956,0.01583736,0.0099462,0.0065208,0.00435568,0.00293612,0.00199132,0.00134952,0.000916,0.0006188,0.00041404,0.00027164,0.00017632,0.00010904,5.992e-05,2.16e-05,0.0,0.0,0.0,0.0,0.0,0.0,0.0,0.0,0.0,0.0,0.0,0.0,0.0,0.0
0.9,3e-05,0.0005,0.5,0.99998952,0.99998792,0.99998552,0.99998312,0.99998,0.99997592,0.9999704,0.99996344,0.99995632,0.99994768,0.99993704,0.99992464,0.99991008,0.99989208,0.99986952,0.9998432,0.99980928,0.99977064,0.99972616,0.99966872,0.9996054,0.99952968,0.9994316,0.99931648,0.9991816,0.99900808,0.9988076,0.99856632,0.99827288,0.99792,0.99748136,0.99694824,0.99629872,0.99551024,0.99452936,0.99330008,0.99184616,0.99014288,0.98827408,0.98605176,0.98313584,0.97895728,0.97356728,0.96751504,0.95966048,0.95086216,0.94013112,0.92719336,0.91145408,0.89209616,0.8679268,0.83715544,0.7966904,0.74042888,0.67197904,0.60088632,0.53544216,0.47585152,0.42134912,0.37147464,0.32528136,0.2801888,0.23958792,0.20584112,0.17757552,0.15368496,0.13322048,0.11539616,0.09952648,0.08495224,0.07086864,0.05557176,0.03746928,0.03046188,0.02548344,0.021682,0.018636,0.01608328,0.01383804,0.01173108,0.00960016,0.00716488,0.00311704,0.00157288,0.00100404,0.00065,0.00041976,0.00026624,0.00015328,6.68e-05,2.08e-06,0.0,0.0,0.0,0.0,0.0,0.0,0.0,0.0,0.0
1.0,3e-05,0.0005,0.5,0.99998912,0.99998624,0.99998336,0.99997952,0.99997568,0.99997032,0.9999636,0.99995576,0.99994768,0.99993656,0.99992256,0.9999068,0.99988824,0.9998632,0.99983352,0.9998,0.99975936,0.99971104,0.99965304,0.9995808,0.99949432,0.99938696,0.99926552,0.99911832,0.99893392,0.99872052,0.99844976,0.99813776,0.99776668,0.99732508,0.99677032,0.99610564,0.99530456,0.99433504,0.99315504,0.99174112,0.99007224,0.98811032,0.98577784,0.98284128,0.979326,0.97506276,0.97007744,0.96384248,0.9562968,0.94715376,0.93615348,0.92255248,0.9055266,0.8867828,0.86275656,0.83047388,0.79251876,0.75045372,0.70234848,0.64450988,0.57316156,0.50801408,0.45144156,0.40202056,0.35871904,0.3204732,0.286646,0.25664,0.22993824,0.20605964,0.18455184,0.16535128,0.1480776,0.13242616,0.11812584,0.1049,0.09239296,0.07984492,0.06822752,0.05848928,0.05034584,0.04350376,0.03772144,0.03281952,0.02858888,0.02489744,0.02160968,0.01858324,0.0155578,0.01277976,0.01049208,0.00864656,0.00728508,0.00614656,0.00514788,0.00425756,0.003467,0.00270448,0.00194216,0.00096312,0.00033128,0.00019848,9.536e-05,0.0
1/0.9,3e-05,0.0005,0.5,0.99998976,0.99998816,0.999986,0.9999832,0.99998024,0.99997584,0.9999704,0.99996584,0.99995912,0.99995232,0.999944,0.99993032,0.99991792,0.99989984,0.9998792,0.99985456,0.99982696,0.99978856,0.99974848,0.9996952,0.9996344,0.9995588,0.99946552,0.99935664,0.999222,0.99905904,0.99887488,0.99863592,0.99835616,0.99799848,0.99756712,0.99704896,0.9964132,0.99559376,0.99458072,0.993326,0.99187368,0.99020288,0.98830768,0.98604664,0.9830756,0.97890504,0.97341816,0.96709472,0.95948696,0.95055424,0.93996756,0.92707792,0.91145096,0.89222408,0.86821896,0.83771008,0.79790848,0.74350328,0.67170984,0.60018448,0.53506024,0.47585832,0.4215812,0.37209584,0.32650152,0.283278,0.24112472,0.20603576,0.17688968,0.15239192,0.13150192,0.11334744,0.09716648,0.08217984,0.06730864,0.04786168,0.0367804,0.02967216,0.02447068,0.02048924,0.01734544,0.01476392,0.01256984,0.01061096,0.00876384,0.00688288,0.00459656,0.00181468,0.00113832,0.00073504,0.00048016,0.00030152,0.00017944,8.328e-05,1.512e-05,0.0,0.0,0.0,0.0,0.0,0.0,0.0,0.0,0.0
1/0.8,3e-05,0.0005,0.5,0.99998576,0.99998328,0.99998016,0.99997624,0.99997176,0.99996576,0.99995928,0.99995016,0.99994064,0.99993008,0.99991688,0.9999,0.99987832,0.99985384,0.99982496,0.99978728,0.9997424,0.99968832,0.99962376,0.99954168,0.99944896,0.99933856,0.99919384,0.99902688,0.9988284,0.9985952,0.99831024,0.99795872,0.997544,0.99704824,0.99646664,0.99577648,0.99496632,0.99404664,0.99297808,0.99176408,0.99035608,0.98856848,0.98631048,0.98357424,0.980236,0.97602528,0.97051896,0.96312476,0.95472512,0.9444012,0.93234996,0.91769832,0.89954816,0.87726704,0.84897024,0.81199304,0.7598664,0.68733848,0.60554512,0.52541216,0.44387784,0.37074904,0.30895808,0.25516704,0.20344784,0.15637232,0.12597416,0.10438072,0.08783848,0.0740122,0.060445,0.04870372,0.03918856,0.03100592,0.02301812,0.0145454,0.00953624,0.00638172,0.0043084,0.0029264,0.00199452,0.00135684,0.00092028,0.00062288,0.00041552,0.00027488,0.00017856,0.00011168,6.056e-05,2.24e-05,0.0,0.0,0.0,0.0,0.0,0.0,0.0,0.0,0.0,0.0,0.0,0.0,0.0,0.0
1/0.7,3e-05,0.0005,0.5,0.99998392,0.99997968,0.99997528,0.9999692,0.99996132,0.99995316,0.99994424,0.99993296,0.99991808,0.99990008,0.99988264,0.999859,0.9998292,0.9997936,0.99975336,0.99970684,0.99965008,0.99958032,0.99949488,0.99939128,0.99926896,0.99912392,0.9989372,0.99872272,0.99845668,0.99814392,0.99776944,0.99732064,0.99676816,0.99610808,0.99531452,0.99435484,0.9932152,0.99182964,0.9902244,0.98834852,0.98619488,0.98377584,0.98098488,0.97765184,0.97344324,0.9681776,0.96102688,0.95189816,0.94064144,0.927536,0.91167488,0.89193024,0.867602,0.83640688,0.79381832,0.72249104,0.62882092,0.5251484,0.4320252,0.34183708,0.26316936,0.20943352,0.17097448,0.14177664,0.11805136,0.09626456,0.07527824,0.0578054,0.04065624,0.02729816,0.01850324,0.0126118,0.00862036,0.00591064,0.00405256,0.00277976,0.00190328,0.00130336,0.00088816,0.0006008,0.00040464,0.00026736,0.00017328,0.00010888,6.576e-05,3.552e-05,1.208e-05,0.0,0.0,0.0,0.0,0.0,0.0,0.0,0.0,0.0,0.0,0.0,0.0,0.0,0.0,0.0,0.0,0.0
1/0.6,3e-05,0.0005,0.5,0.99997296,0.9999684,0.9999612,0.99995392,0.99994336,0.99993328,0.99991936,0.99990448,0.9998864,0.99985984,0.9998324,0.99979776,0.99975712,0.99970552,0.99964632,0.99957872,0.99949,0.99938656,0.99926408,0.99910728,0.99892248,0.9987012,0.99843752,0.99810744,0.99771384,0.99725096,0.99668336,0.99599392,0.9951664,0.9941532,0.99292184,0.99141832,0.98961088,0.98744896,0.98492144,0.98197648,0.97858272,0.97471744,0.9702956,0.965024,0.9586788,0.95068816,0.93995312,0.9262936,0.90910112,0.88877856,0.86295664,0.82940344,0.77318808,0.68586384,0.60330208,0.5042068,0.38505288,0.299618,0.23983312,0.195368,0.15990616,0.12783224,0.09696032,0.06881372,0.04690408,0.03206432,0.02197696,0.015086,0.01036848,0.00712336,0.0049006,0.00336576,0.0023104,0.00158296,0.00108176,0.00073704,0.0004972,0.0003312,0.00021624,0.00013824,8.416e-05,5.072e-05,2.792e-05,1.024e-05,0.0,0.0,0.0,0.0,0.0,0.0,0.0,0.0,0.0,0.0,0.0,0.0,0.0,0.0,0.0,0.0,0.0,0.0,0.0,0.0
1/0.5,3e-05,0.0005,0.5,0.999956,0.99994776,0.9999372,0.99992352,0.99990832,0.9998884,0.999866,0.9998384,0.99980488,0.99976008,0.9997088,0.99964688,0.99957024,0.9994862,0.999383,0.99925236,0.99910268,0.99891768,0.99869648,0.9984284,0.99811552,0.99772448,0.99726576,0.99670536,0.99601536,0.9951838,0.99418672,0.99298488,0.99150556,0.9897068,0.98753744,0.98489992,0.98171456,0.97794064,0.9735236,0.96833728,0.96213104,0.95465248,0.9459016,0.9356422,0.92344736,0.90837372,0.88827888,0.85928028,0.8184536,0.7602814,0.68907524,0.62001816,0.5466862,0.4284042,0.32920188,0.26025544,0.20849412,0.16423816,0.12024672,0.08295736,0.0569344,0.03904544,0.02678624,0.01842096,0.01267464,0.00871964,0.0060012,0.00412684,0.00283484,0.00194344,0.00132984,0.00090744,0.00061656,0.0004128,0.0002734,0.00017668,0.00011036,6.552e-05,3.92e-05,2.048e-05,7.52e-06,0.0,0.0,0.0,0.0,0.0,0.0,0.0,0.0,0.0,0.0,0.0,0.0,0.0,0.0,0.0,0.0,0.0,0.0,0.0,0.0,0.0,0.0,0.0
1/0.4,3e-05,0.0005,0.5,0.9999038,0.99988484,0.99985872,0.99982968,0.99979288,0.9997506,0.99969884,0.99963192,0.999558,0.99946896,0.9993586,0.99922588,0.99906672,0.99888016,0.99865148,0.99836624,0.99803344,0.9976288,0.99714272,0.99655144,0.99584936,0.99499304,0.9939752,0.99272792,0.99124944,0.98943512,0.98725104,0.98457856,0.98138572,0.9775058,0.972747,0.96689568,0.95972296,0.95092716,0.9401624,0.92719236,0.9114668,0.89195648,0.86764316,0.83789176,0.8008226,0.75536156,0.70435936,0.65144188,0.595525,0.53142388,0.44073628,0.3298598,0.2504646,0.1879204,0.13031708,0.08928976,0.0611472,0.04189516,0.0286606,0.01961432,0.01346404,0.0092544,0.00636436,0.00437692,0.0030054,0.00206188,0.00141144,0.00096308,0.00065296,0.00043892,0.00029056,0.00018856,0.00011888,6.924e-05,4.168e-05,2.304e-05,1e-05,1.28e-06,0.0,0.0,0.0,0.0,0.0,0.0,0.0,0.0,0.0,0.0,0.0,0.0,0.0,0.0,0.0,0.0,0.0,0.0,0.0,0.0,0.0,0.0,0.0,0.0,0.0,0.0
1/0.3,3e-05,0.0005,0.5,0.99962744,0.99954988,0.99945776,0.99935164,0.99922004,0.9990616,0.99887696,0.99864644,0.99835576,0.99801084,0.99760444,0.99711484,0.99653108,0.99581816,0.99495264,0.99392664,0.99268972,0.991191,0.9893714,0.987194,0.98458324,0.9814476,0.97768492,0.97318144,0.96774104,0.96126148,0.95355636,0.94436056,0.93346688,0.92061532,0.90559388,0.88819356,0.86818632,0.84532256,0.81926336,0.79016804,0.75830192,0.724087,0.68684876,0.64740332,0.60774088,0.55920552,0.49161048,0.39922536,0.27827536,0.18496372,0.11956832,0.07782652,0.05168384,0.03465436,0.02338352,0.01579112,0.0106784,0.00722484,0.0049224,0.003352,0.0022922,0.001564,0.00106712,0.00072408,0.00048796,0.0003248,0.00021208,0.00013364,7.916e-05,4.532e-05,2.72e-05,1.352e-05,4.32e-06,0.0,0.0,0.0,0.0,0.0,0.0,0.0,0.0,0.0,0.0,0.0,0.0,0.0,0.0,0.0,0.0,0.0,0.0,0.0,0.0,0.0,0.0,0.0,0.0,0.0,0.0,0.0,0.0,0.0,0.0,0.0
1/0.2,3e-05,0.0005,0.5,0.99982848,0.99979528,0.99975496,0.99970292,0.99963924,0.99956272,0.99947484,0.999372,0.99924576,0.99908888,0.99889592,0.99867032,0.99839724,0.99806632,0.99766684,0.99718728,0.9966092,0.99592108,0.99508772,0.99407168,0.99287056,0.99141188,0.98963816,0.9875184,0.98497568,0.98188792,0.97820064,0.97371352,0.96827196,0.96155256,0.95336856,0.94328836,0.93057676,0.91443752,0.89327132,0.86399952,0.82077824,0.75263068,0.6547712,0.54719332,0.43527052,0.28334424,0.1274726,0.05655836,0.02935732,0.01699076,0.01046192,0.00667488,0.00437432,0.00289808,0.0019412,0.00130544,0.00088,0.0005908,0.00039272,0.00025752,0.00016416,0.00010016,5.544e-05,3.312e-05,1.856e-05,8e-06,1.2e-06,0.0,0.0,0.0,0.0,0.0,0.0,0.0,0.0,0.0,0.0,0.0,0.0,0.0,0.0,0.0,0.0,0.0,0.0,0.0,0.0,0.0,0.0,0.0,0.0,0.0,0.0,0.0,0.0,0.0,0.0,0.0,0.0,0.0,0.0,0.0,0.0,0.0
0.2,0.0001,0.0005,0.5,0.99976916,0.99972324,0.99967252,0.99960568,0.9995298,0.99943436,0.99931288,0.99917716,0.99900508,0.99880484,0.99855444,0.99826612,0.99791752,0.99749428,0.99697836,0.99635488,0.99560608,0.99469448,0.99361164,0.99229064,0.9907226,0.98883272,0.98655944,0.98378196,0.98045352,0.97642116,0.97160584,0.96578804,0.95869936,0.95009684,0.93964488,0.92693212,0.91141504,0.89222196,0.86834312,0.83826016,0.79987564,0.75049064,0.688577,0.61783404,0.54254636,0.46451192,0.3758552,0.28177964,0.21095096,0.156715,0.10722716,0.07093312,0.04712328,0.03165788,0.02149024,0.0146474,0.01000856,0.00685552,0.00469456,0.00321904,0.0022056,0.00150856,0.00102804,0.0006972,0.00046904,0.00031208,0.00020272,0.00012672,7.408e-05,4.208e-05,2.504e-05,1.224e-05,3.92e-06,0.0,0.0,0.0,0.0,0.0,0.0,0.0,0.0,0.0,0.0,0.0,0.0,0.0,0.0,0.0,0.0,0.0,0.0,0.0,0.0,0.0,0.0,0.0,0.0,0.0,0.0,0.0,0.0,0.0,0.0,0.0
0.3,0.0001,0.0005,0.5,0.99993052,0.9999142,0.99989716,0.9998778,0.99985556,0.99982628,0.99979204,0.99975328,0.99970148,0.99964204,0.99957004,0.99947916,0.99937552,0.9992556,0.9991046,0.99892656,0.99870728,0.99844424,0.99813684,0.99775428,0.99728956,0.99673064,0.99606968,0.9952674,0.9943136,0.99317932,0.99178856,0.9901456,0.98818072,0.9858364,0.98305416,0.979723,0.97570792,0.9707812,0.96471016,0.95717184,0.94802904,0.93714832,0.92436364,0.90885856,0.89040096,0.8678576,0.8380904,0.7951568,0.73702812,0.65849824,0.5756382,0.49249296,0.39320196,0.29814588,0.22748136,0.17325536,0.12554184,0.08412144,0.05659964,0.0383612,0.02613632,0.01789072,0.01226248,0.00841256,0.00577684,0.00396572,0.002722,0.00186464,0.00127432,0.00086824,0.00058776,0.00039464,0.00025912,0.00016544,0.00010192,5.704e-05,3.472e-05,1.92e-05,8e-06,7.2e-07,0.0,0.0,0.0,0.0,0.0,0.0,0.0,0.0,0.0,0.0,0.0,0.0,0.0,0.0,0.0,0.0,0.0,0.0,0.0,0.0,0.0,0.0,0.0,0.0
0.4,0.0001,0.0005,0.5,0.99997472,0.9999696,0.99996408,0.99995632,0.99994936,0.99993784,0.9999248,0.99991016,0.99989096,0.9998672,0.99983856,0.999804,0.99976696,0.99971928,0.9996596,0.99959168,0.99950992,0.99940472,0.99927624,0.99912304,0.9989456,0.9987364,0.99847296,0.9981572,0.99777184,0.99731496,0.99676072,0.9960956,0.9952912,0.9942928,0.99311104,0.99164656,0.98990416,0.98779112,0.98527512,0.9822944,0.97869408,0.97434392,0.96907496,0.9626656,0.95513036,0.94637624,0.93624192,0.9241632,0.9091704,0.8894264,0.86367168,0.82987456,0.7808282,0.7125616,0.62517176,0.53346648,0.42465692,0.32986916,0.25846808,0.19928408,0.152785,0.11194252,0.07524356,0.05080092,0.03456052,0.0236,0.01615944,0.0110868,0.00761248,0.00522632,0.00359128,0.002464,0.00168692,0.00115256,0.00078464,0.00052992,0.00035368,0.00023224,0.00014784,8.976e-05,5.208e-05,3.112e-05,1.576e-05,5.28e-06,0.0,0.0,0.0,0.0,0.0,0.0,0.0,0.0,0.0,0.0,0.0,0.0,0.0,0.0,0.0,0.0,0.0,0.0,0.0,0.0
0.5,0.0001,0.0005,0.5,0.99998632,0.99998456,0.999982,0.9999784,0.99997368,0.99996728,0.99996,0.99995136,0.99994168,0.99992952,0.99991264,0.99989488,0.9998736,0.99984632,0.99981352,0.99977544,0.99973272,0.99967992,0.9996124,0.99953808,0.99944408,0.99932896,0.99918912,0.99902504,0.99881784,0.99857088,0.99827584,0.99792368,0.99750736,0.99700464,0.99638704,0.99564888,0.99475856,0.99367288,0.99240264,0.99087808,0.98903968,0.98678728,0.98407032,0.98082752,0.97703048,0.972558,0.96735824,0.96128956,0.954265,0.94585952,0.93474472,0.91996168,0.90215456,0.88024528,0.85288752,0.81665168,0.75660352,0.66828048,0.58141272,0.46067344,0.35522216,0.28120184,0.22513136,0.17693452,0.13724832,0.10419908,0.07180172,0.04828896,0.03275848,0.02233,0.01527516,0.0104692,0.0071864,0.00493236,0.0033872,0.00232288,0.00159264,0.00108676,0.00073776,0.0004988,0.00033272,0.00021792,0.00013848,8.376e-05,5.048e-05,2.872e-05,1.336e-05,1.92e-06,0.0,0.0,0.0,0.0,0.0,0.0,0.0,0.0,0.0,0.0,0.0,0.0,0.0,0.0,0.0,0.0
0.6,0.0001,0.0005,0.5,0.99999096,0.99998952,0.99998768,0.99998568,0.99998288,0.99998016,0.99997616,0.99997128,0.99996568,0.9999576,0.99995032,0.99993992,0.99992888,0.9999128,0.9998956,0.99987496,0.99984984,0.99981896,0.99978432,0.99973856,0.99968184,0.9996168,0.99953672,0.9994428,0.99932456,0.99918424,0.99901056,0.99879944,0.99856312,0.99827064,0.99790216,0.9974504,0.9969136,0.996258,0.99548424,0.99455864,0.99343944,0.99211688,0.9905164,0.98858272,0.98627712,0.9835256,0.98048408,0.9770612,0.97308064,0.96834528,0.96228144,0.95419696,0.94382152,0.9315872,0.9168956,0.89900632,0.8768436,0.84871664,0.811608,0.7418096,0.64855668,0.5577824,0.4358456,0.33341096,0.2634344,0.21275512,0.17330968,0.13832836,0.10862992,0.08408312,0.06025876,0.04010052,0.02702076,0.01834756,0.01251536,0.00856208,0.0058662,0.00402376,0.00275888,0.00189176,0.00129344,0.0008794,0.00059712,0.0004004,0.0002644,0.00017152,0.00010648,6.472e-05,3.792e-05,1.792e-05,3.28e-06,0.0,0.0,0.0,0.0,0.0,0.0,0.0,0.0,0.0,0.0,0.0,0.0,0.0
0.7,0.0001,0.0005,0.5,0.99999448,0.9999932,0.99999184,0.99999056,0.99998864,0.9999872,0.99998416,0.99998024,0.99997536,0.99996944,0.99996136,0.99995432,0.99994464,0.99993432,0.99992192,0.999906,0.99988688,0.9998648,0.99983728,0.999804,0.99976416,0.9997144,0.99965448,0.99958464,0.99949632,0.99939216,0.99926232,0.9991152,0.99893512,0.99871736,0.99845208,0.99813608,0.997758,0.99729952,0.99675864,0.99612816,0.9953744,0.994478,0.993432,0.9921386,0.99061328,0.98881752,0.9867616,0.98456624,0.9819692,0.9788932,0.97486328,0.9695676,0.96252764,0.95432392,0.94459232,0.93288848,0.9187056,0.90129888,0.87962728,0.85226368,0.81614472,0.75899472,0.67703168,0.57706584,0.47841424,0.3906476,0.30130128,0.2339128,0.18772576,0.15400064,0.12752264,0.10391108,0.08299196,0.06600276,0.05116988,0.03530016,0.02314312,0.01547612,0.01045248,0.00710976,0.00485088,0.00331416,0.00226764,0.00154856,0.00105656,0.00071696,0.00048432,0.00032216,0.00021052,0.00013316,8.32e-05,4.888e-05,2.144e-05,3.2e-06,0.0,0.0,0.0,0.0,0.0,0.0,0.0,0.0,0.0,0.0
0.8,0.0001,0.0005,0.5,0.99999576,0.99999536,0.9999944,0.99999344,0.999992,0.99998936,0.99998648,0.99998432,0.99998152,0.9999784,0.99997344,0.99996816,0.99996072,0.99995304,0.999942,0.99993064,0.99991656,0.99989824,0.9998764,0.99985264,0.99982544,0.99978992,0.9997448,0.99968968,0.99962936,0.99955048,0.9994544,0.99934336,0.99920416,0.9990356,0.99883056,0.99859208,0.99830528,0.99795304,0.99751792,0.99702384,0.996416,0.99568176,0.9948004,0.99379272,0.99264632,0.99137232,0.98994072,0.98828896,0.98629912,0.98396776,0.98090496,0.97658808,0.97122096,0.96478312,0.95732424,0.94822968,0.93736224,0.92419824,0.907948,0.88793264,0.86270304,0.83016752,0.78553328,0.72009232,0.645348,0.56341072,0.48087064,0.40363216,0.3387572,0.28316368,0.23373328,0.18352592,0.14138688,0.11456096,0.09524496,0.0798876,0.06562324,0.05365132,0.04397564,0.03576388,0.0282328,0.01961696,0.01195692,0.00775436,0.00514776,0.0034584,0.0023392,0.00158336,0.00107256,0.00072232,0.00048352,0.00032352,0.00021064,0.0001332,7.864e-05,3.904e-05,9.04e-06,0.0,0.0,0.0,0.0,0.0,0.0,0.0
0.9,0.0001,0.0005,0.5,0.99999672,0.9999956,0.99999432,0.99999336,0.99999184,0.99999048,0.99998864,0.99998616,0.99998272,0.99997888,0.99997384,0.99996888,0.99996248,0.99995336,0.99994352,0.99993408,0.99992088,0.99990592,0.99988832,0.99986424,0.99983584,0.9998056,0.99976608,0.99971952,0.99966568,0.9996,0.99952288,0.99942592,0.99930768,0.99916952,0.99899592,0.99879024,0.99854192,0.99822952,0.99785864,0.9974104,0.99687232,0.99624512,0.99551144,0.99466616,0.99371824,0.99265208,0.99145304,0.9900104,0.98828144,0.98616512,0.98341176,0.97954424,0.97475808,0.96910168,0.96241212,0.95439936,0.94477736,0.93313616,0.91891708,0.9014812,0.8798244,0.85252224,0.81712408,0.76927544,0.70496656,0.63364784,0.56546112,0.50320072,0.44635088,0.39441056,0.34656096,0.30147496,0.25752128,0.22082744,0.1902192,0.16450176,0.14265968,0.12383784,0.10732192,0.09245928,0.07858432,0.0647744,0.04678656,0.03525524,0.02940468,0.0250376,0.02156924,0.01865712,0.01604992,0.01351452,0.01076976,0.00706624,0.0025784,0.00159084,0.00101944,0.00065104,0.00042336,0.00027232,0.00016896,9.76e-05,3.768e-05,0.0,0.0,0.0
1.0,0.0001,0.0005,0.5,0.99999576,0.99999488,0.99999408,0.99999296,0.99999152,0.99998968,0.9999876,0.99998496,0.9999824,0.9999788,0.99997488,0.99996912,0.99996376,0.99995808,0.9999504,0.99994088,0.99993016,0.99991768,0.99990136,0.99988032,0.99985376,0.99982088,0.99978696,0.99974832,0.9996968,0.99963452,0.99956128,0.99947024,0.99936716,0.99923564,0.99907108,0.9988802,0.99865396,0.99838168,0.99804092,0.99763564,0.9971468,0.99656644,0.99586664,0.99502808,0.99401968,0.99279516,0.9913312,0.98957536,0.9875164,0.98511784,0.9824736,0.97940972,0.97551556,0.97018436,0.96363144,0.95591808,0.94672552,0.9355254,0.92193192,0.90522788,0.88459416,0.85870016,0.8256404,0.78228432,0.72387304,0.65283336,0.58570804,0.5252244,0.47074668,0.42176728,0.37779616,0.33837936,0.30295748,0.27079516,0.24225952,0.21698484,0.19443484,0.17421468,0.15598636,0.13943664,0.12428856,0.11032344,0.09727396,0.0844624,0.07220852,0.06159,0.05280072,0.04546356,0.03931016,0.0341204,0.02970648,0.02595316,0.02278752,0.01994236,0.01718352,0.01468448,0.01234288,0.0100286,0.00763544,0.00427992,0.00202544,0.00147572,0.00099568,0.00061172
1/0.9,0.0001,0.0005,0.5,0.99999528,0.99999408,0.99999368,0.99999216,0.99999088,0.99998872,0.9999876,0.99998528,0.99998312,0.99998032,0.99997768,0.99997168,0.99996544,0.99995872,0.99994984,0.99993824,0.99992568,0.99991048,0.99989312,0.99987368,0.99984816,0.99981736,0.9997808,0.99973744,0.99968552,0.99962152,0.99954448,0.99944768,0.99933376,0.99919552,0.99902744,0.99882944,0.9985852,0.9982976,0.99793096,0.9975028,0.99696688,0.9963212,0.99559176,0.99478728,0.99389128,0.99281104,0.99157368,0.990164,0.98837104,0.98618904,0.98323648,0.97914256,0.97436608,0.96880184,0.96222856,0.95431584,0.9447804,0.93318896,0.9190748,0.9017236,0.88017888,0.85301152,0.81804936,0.77141672,0.70659512,0.63288504,0.56499104,0.50301184,0.44648,0.39483632,0.34752152,0.30351988,0.26019824,0.221802,0.18996448,0.16332112,0.14071608,0.1212116,0.10396696,0.0881992,0.0729572,0.05583024,0.0392418,0.03097712,0.02505108,0.02059872,0.01715448,0.01441228,0.01217516,0.01029336,0.00865128,0.00719528,0.00581424,0.0043484,0.00221896,0.00107112,0.00068232,0.00043504,0.00027856,0.00017456,8.448e-05,0.0,0.0,0.0
1/0.8,0.0001,0.0005,0.5,0.99999536,0.9999944,0.99999352,0.99999256,0.99999096,0.9999884,0.99998552,0.99998248,0.9999788,0.99997296,0.999968,0.99996088,0.9999536,0.99994488,0.99993352,0.99992128,0.99990392,0.99988384,0.99985832,0.9998284,0.99979232,0.99975008,0.99970168,0.9996416,0.99956832,0.99948008,0.99937744,0.9992532,0.9990976,0.99891728,0.99870576,0.99845488,0.99815592,0.99781456,0.99740584,0.996936,0.99637416,0.995676,0.99482632,0.99380504,0.99264616,0.99129768,0.98975648,0.98803416,0.98609208,0.98375936,0.98072592,0.97662352,0.97108816,0.96479088,0.957294,0.94829216,0.9374324,0.92428808,0.908092,0.88809976,0.86297072,0.8307176,0.78711304,0.72282456,0.64430384,0.56289056,0.48295464,0.40352656,0.33678168,0.279582,0.22802456,0.17515376,0.13850032,0.11341856,0.09485584,0.07996088,0.06645884,0.05338392,0.04301436,0.03442304,0.02676212,0.01827304,0.01173084,0.0077674,0.00521816,0.00353296,0.00240064,0.00162932,0.001108,0.00074728,0.00050176,0.00033696,0.0002208,0.00014192,8.336e-05,4.264e-05,1.064e-05,0.0,0.0,0.0,0.0,0.0,0.0,0.0
1/0.7,0.0001,0.0005,0.5,0.99999448,0.9999936,0.9999924,0.99999056,0.99998888,0.9999872,0.99998464,0.99998128,0.99997704,0.99997216,0.9999664,0.99996104,0.99995144,0.99994072,0.99992944,0.99991296,0.99989504,0.99987328,0.99984568,0.99981456,0.99977568,0.99972744,0.9996716,0.99960104,0.99951712,0.99942296,0.99929688,0.99915144,0.99897624,0.99877584,0.99853392,0.99824576,0.9978944,0.99748184,0.99698392,0.99636816,0.995592,0.99464752,0.99350272,0.99213832,0.99052288,0.988672,0.98656496,0.98416888,0.98141848,0.97830696,0.97457552,0.9695484,0.96271768,0.95434056,0.94452176,0.93270984,0.9185076,0.90099792,0.87934216,0.85178192,0.81565536,0.75909984,0.6764188,0.57305328,0.47436408,0.38541552,0.2959368,0.23216072,0.18748144,0.15449336,0.128598,0.10644144,0.08433548,0.0655376,0.04903148,0.03292668,0.02223108,0.01511924,0.0103252,0.0070662,0.0048464,0.00332112,0.00227768,0.0015576,0.00106312,0.00072288,0.00048712,0.000324,0.00021304,0.00013464,8.424e-05,4.944e-05,2.208e-05,3.84e-06,0.0,0.0,0.0,0.0,0.0,0.0,0.0,0.0,0.0,0.0
1/0.6,0.0001,0.0005,0.5,0.99999336,0.99999152,0.99999008,0.99998688,0.99998376,0.99998008,0.99997592,0.99997144,0.99996568,0.99995848,0.99994864,0.99993816,0.99992536,0.99990784,0.99989024,0.99986744,0.99984008,0.9998088,0.99977176,0.9997236,0.99966576,0.99959624,0.99951752,0.99942032,0.99930264,0.99916672,0.99899648,0.99878776,0.99853592,0.99824032,0.99787768,0.9974524,0.99693144,0.9963152,0.9955724,0.99468608,0.99359896,0.9922868,0.99070016,0.98876312,0.98639592,0.9835292,0.98015992,0.97627752,0.97177544,0.9666664,0.96085256,0.95354784,0.94340952,0.93068208,0.91573424,0.89742536,0.87461936,0.8456348,0.80611728,0.72539544,0.6415608,0.55680768,0.43793736,0.33550792,0.26537744,0.21472248,0.17570944,0.1429298,0.11067404,0.08216264,0.05612356,0.03831732,0.02624496,0.01800784,0.01237236,0.00850348,0.00584492,0.00401724,0.00275772,0.00189332,0.001294,0.00088312,0.00059736,0.00040188,0.00026572,0.00017208,0.0001068,6.496e-05,3.808e-05,1.808e-05,3.44e-06,0.0,0.0,0.0,0.0,0.0,0.0,0.0,0.0,0.0,0.0,0.0,0.0,0.0
1/0.5,0.0001,0.0005,0.5,0.99998616,0.99998368,0.99998056,0.99997632,0.99997184,0.99996608,0.99995752,0.99995112,0.99994088,0.99993016,0.99991448,0.99989712,0.99987864,0.99985248,0.99981832,0.99978088,0.9997344,0.99967656,0.99961216,0.999532,0.99944176,0.99932264,0.9991868,0.99901896,0.9988192,0.99858536,0.9982864,0.99794672,0.99752272,0.99701496,0.99639808,0.99565568,0.99476672,0.99367384,0.99235024,0.9907628,0.98893668,0.9867132,0.98400296,0.98070664,0.97670328,0.97194008,0.96620408,0.95907616,0.95043584,0.94057904,0.929522,0.91576288,0.89717184,0.87269856,0.83924432,0.7902476,0.72115952,0.6519984,0.58267336,0.490404,0.37037528,0.28984684,0.23154028,0.1849142,0.14087664,0.09879436,0.06769144,0.04645252,0.03192028,0.02195604,0.01510616,0.01039696,0.00715364,0.0049196,0.00338108,0.002322,0.00159092,0.00108744,0.00074,0.00049748,0.00033324,0.0002186,0.0001386,8.416e-05,5.064e-05,2.88e-05,1.328e-05,2.08e-06,0.0,0.0,0.0,0.0,0.0,0.0,0.0,0.0,0.0,0.0,0.0,0.0,0.0,0.0,0.0,0.0
1/0.4,0.0001,0.0005,0.5,0.9999684,0.99996184,0.9999548,0.9999468,0.99993616,0.99992496,0.99990832,0.99988992,0.99986736,0.99983912,0.99980688,0.99976864,0.9997188,0.9996624,0.99959024,0.99951136,0.999412,0.99928728,0.99914088,0.9989644,0.99875072,0.99850992,0.99821472,0.9978412,0.9973916,0.99685024,0.99618648,0.99539696,0.99445184,0.9933068,0.99191528,0.99025624,0.9882584,0.98586016,0.9829666,0.97953368,0.97536284,0.9702096,0.96397164,0.9563896,0.94725992,0.93587336,0.92131568,0.9030392,0.88043184,0.85291704,0.82018632,0.77622456,0.72530688,0.67353512,0.62065032,0.56303448,0.487912,0.37660432,0.28404556,0.21717748,0.15599028,0.10611804,0.07239944,0.0495228,0.0339744,0.02332972,0.01603792,0.01103392,0.00758628,0.005216,0.0035844,0.00246232,0.00168688,0.00115392,0.00078552,0.00053008,0.00035384,0.00023312,0.0001484,9.016e-05,5.208e-05,3.112e-05,1.576e-05,5.28e-06,0.0,0.0,0.0,0.0,0.0,0.0,0.0,0.0,0.0,0.0,0.0,0.0,0.0,0.0,0.0,0.0,0.0,0.0,0.0,0.0
1/0.3,0.0001,0.0005,0.5,0.99986848,0.99984264,0.99981296,0.99977436,0.99972804,0.99967164,0.99960428,0.99952912,0.9994348,0.9993176,0.99918456,0.99901544,0.99881732,0.99857172,0.9982696,0.99791756,0.9974926,0.9969834,0.9963608,0.99561448,0.99472356,0.99365108,0.9923452,0.99078708,0.98892532,0.98668148,0.98399412,0.98077412,0.976928,0.97232024,0.96688204,0.96041908,0.9527746,0.94386252,0.93352632,0.92154596,0.90755368,0.89145384,0.8731324,0.85207224,0.82800696,0.80054364,0.77029332,0.7383492,0.7039426,0.66596704,0.62638688,0.5833308,0.52478816,0.44546428,0.33550308,0.2193608,0.14500148,0.09260404,0.0604416,0.04015092,0.02698368,0.01828308,0.012449,0.00849976,0.0058204,0.0039868,0.00273112,0.00187,0.0012776,0.00086976,0.00058856,0.00039464,0.00025856,0.00016664,0.00010216,5.68e-05,3.48e-05,1.912e-05,7.92e-06,7.2e-07,0.0,0.0,0.0,0.0,0.0,0.0,0.0,0.0,0.0,0.0,0.0,0.0,0.0,0.0,0.0,0.0,0.0,0.0,0.0,0.0,0.0,0.0,0.0,0.0
1/0.2,0.0001,0.0005,0.5,0.99995012,0.99993964,0.99992748,0.99991276,0.9998954,0.9998724,0.99984764,0.99981528,0.99977956,0.99973468,0.99968404,0.99961888,0.9995442,0.99945228,0.99934176,0.999208,0.9990436,0.99884876,0.99861744,0.99833708,0.9979976,0.99760136,0.99710372,0.99650488,0.99579128,0.99493592,0.99391216,0.99268428,0.99122148,0.98943356,0.9872668,0.98466008,0.98144944,0.97746992,0.97267864,0.96679392,0.95940908,0.95012996,0.93851824,0.92438588,0.90782004,0.88697196,0.8569404,0.80746056,0.70948284,0.59260944,0.48964656,0.36311632,0.1766884,0.07657344,0.03934188,0.02235528,0.01344344,0.00840092,0.00538616,0.00353192,0.00234308,0.00157488,0.00105824,0.00071236,0.00047684,0.00031552,0.00020376,0.00012716,7.464e-05,4.168e-05,2.496e-05,1.26e-05,3.92e-06,0.0,0.0,0.0,0.0,0.0,0.0,0.0,0.0,0.0,0.0,0.0,0.0,0.0,0.0,0.0,0.0,0.0,0.0,0.0,0.0,0.0,0.0,0.0,0.0,0.0,0.0,0.0,0.0,0.0,0.0,0.0
0.2,0.0003,0.0005,0.5,0.99992328,0.99991024,0.9998936,0.99987128,0.99984256,0.99980976,0.99977132,0.99972764,0.99966852,0.99960088,0.9995232,0.99942732,0.9993152,0.99918216,0.99901412,0.9988074,0.99855688,0.99826392,0.99791192,0.9974742,0.9969618,0.99634468,0.99559676,0.9947178,0.99363716,0.99234048,0.9907862,0.98891812,0.98666288,0.98397036,0.98070796,0.976763,0.97197348,0.96615144,0.95916464,0.950745,0.94053928,0.92824396,0.91326272,0.8942666,0.87083648,0.84020068,0.79854624,0.74516456,0.67661652,0.60360372,0.5305268,0.45359916,0.36365032,0.2694684,0.20320588,0.1512966,0.10176136,0.0673128,0.04509848,0.0303712,0.02060304,0.0140534,0.00961348,0.00658736,0.00451836,0.00309904,0.00212424,0.00145176,0.00098996,0.00067136,0.00045152,0.00029996,0.00019264,0.00012112,7.024e-05,3.976e-05,2.344e-05,1.16e-05,3.6e-06,0.0,0.0,0.0,0.0,0.0,0.0,0.0,0.0,0.0,0.0,0.0,0.0,0.0,0.0,0.0,0.0,0.0,0.0,0.0,0.0,0.0,0.0,0.0,0.0,0.0
0.3,0.0003,0.0005,0.5,0.99998144,0.99997584,0.99997072,0.99996448,0.9999572,0.9999468,0.99993464,0.99992112,0.999907,0.9998878,0.99986348,0.9998354,0.99980404,0.9997638,0.99971104,0.999654,0.99958472,0.999496,0.99939432,0.9992712,0.9991208,0.99894064,0.99871808,0.99846424,0.99815496,0.99778304,0.99733528,0.99679896,0.99614584,0.99536212,0.9944214,0.99331228,0.99194852,0.99031912,0.98835312,0.98595424,0.98307272,0.97964276,0.97553652,0.97055468,0.96443172,0.95700192,0.9480346,0.93720164,0.92388712,0.9074418,0.88807116,0.8651724,0.83429376,0.7885764,0.72943308,0.64824308,0.56649572,0.48329848,0.38182356,0.28964232,0.22127688,0.16828848,0.12077952,0.08069404,0.05436188,0.03689444,0.02515776,0.01721448,0.01180056,0.0081012,0.00556396,0.00381828,0.00261976,0.00179576,0.00122736,0.0008354,0.0005648,0.00037752,0.00024888,0.00015924,9.74e-05,5.424e-05,3.312e-05,1.808e-05,7.6e-06,1.2e-06,0.0,0.0,0.0,0.0,0.0,0.0,0.0,0.0,0.0,0.0,0.0,0.0,0.0,0.0,0.0,0.0,0.0,0.0
0.4,0.0003,0.0005,0.5,0.99999064,0.99998896,0.99998688,0.99998448,0.9999812,0.99997648,0.99997296,0.99996808,0.99996144,0.99995264,0.99994312,0.9999312,0.99991712,0.99990192,0.9998828,0.9998584,0.99983112,0.99979584,0.99975472,0.9997032,0.99964344,0.9995736,0.99949032,0.99938288,0.99925872,0.99910528,0.99891992,0.99869848,0.99842712,0.99811416,0.99772344,0.997256,0.9966948,0.99602888,0.99520888,0.99424128,0.99308856,0.99167264,0.9900052,0.98794896,0.98544936,0.98242432,0.97883064,0.97443232,0.96916704,0.96281608,0.95501224,0.94564216,0.93488784,0.92237208,0.90654288,0.88552696,0.85932216,0.82496832,0.77424984,0.70305384,0.61578056,0.52360876,0.41347892,0.32204476,0.25214348,0.19429848,0.14866272,0.10764368,0.07217004,0.04881772,0.03322608,0.02270316,0.01554832,0.01066828,0.00732476,0.00503172,0.00345496,0.00237084,0.00162276,0.00110888,0.00075452,0.00050956,0.00034,0.00022204,0.00014184,8.552e-05,4.928e-05,2.944e-05,1.504e-05,4.64e-06,0.0,0.0,0.0,0.0,0.0,0.0,0.0,0.0,0.0,0.0,0.0,0.0,0.0,0.0
0.5,0.0003,0.0005,0.5,0.99999536,0.99999456,0.99999344,0.99999208,0.99999056,0.99998888,0.99998696,0.99998424,0.99998096,0.99997664,0.99997224,0.99996624,0.99996048,0.9999512,0.9999408,0.99992904,0.99991592,0.99989808,0.99987544,0.99985024,0.99981648,0.9997808,0.99973824,0.9996876,0.999626,0.99954744,0.99945408,0.99933744,0.99920416,0.99904064,0.9988508,0.99861136,0.99832488,0.99799536,0.99758048,0.99707672,0.9964728,0.9957744,0.99492504,0.99389656,0.99261648,0.99113224,0.98934592,0.98713888,0.98451304,0.98132024,0.97741024,0.97265816,0.96706928,0.96075168,0.9533946,0.94418384,0.93212608,0.91739936,0.89962528,0.87751448,0.84956416,0.81225536,0.7487944,0.65948648,0.57222936,0.44829624,0.34693304,0.27521048,0.22043904,0.17282452,0.13389964,0.10108784,0.068796,0.04634108,0.03145452,0.02145592,0.0146796,0.01006544,0.00690684,0.00474296,0.00325696,0.002232,0.00152868,0.0010458,0.00070984,0.00047848,0.0003178,0.00020784,0.00013224,7.936e-05,4.712e-05,2.68e-05,1.248e-05,3.52e-06,0.0,0.0,0.0,0.0,0.0,0.0,0.0,0.0,0.0,0.0
0.6,0.0003,0.0005,0.5,0.99999696,0.99999632,0.9999956,0.9999948,0.99999408,0.99999312,0.99999208,0.99999072,0.99998952,0.99998784,0.999984,0.99998104,0.99997704,0.99997168,0.99996512,0.99995824,0.99994888,0.99993976,0.99992792,0.99991496,0.99989552,0.99987424,0.99984952,0.9998176,0.99978216,0.99973832,0.99968496,0.99962056,0.99954664,0.99945512,0.99933728,0.99919896,0.9990336,0.99883464,0.99859656,0.99830536,0.99795216,0.99752832,0.99702544,0.99642792,0.99569288,0.99478344,0.993746,0.99248304,0.99086808,0.98897152,0.98670944,0.98389456,0.98057928,0.9768384,0.97261856,0.96735232,0.96075752,0.95224688,0.94215,0.92998944,0.91516688,0.8969416,0.87429968,0.84546984,0.80711296,0.73177288,0.63951024,0.54791704,0.42402456,0.3256728,0.25804104,0.20877152,0.17013512,0.13552788,0.10633992,0.08192968,0.05749084,0.0383348,0.02586092,0.01756936,0.0119906,0.00820488,0.00562064,0.00385612,0.00264336,0.00180976,0.00123568,0.00084016,0.00056896,0.00038064,0.00025104,0.00016176,9.968e-05,5.968e-05,3.464e-05,1.8e-05,6.32e-06,0.0,0.0,0.0,0.0,0.0,0.0,0.0
0.7,0.0003,0.0005,0.5,0.99999832,0.99999792,0.99999768,0.99999728,0.9999968,0.99999616,0.99999472,0.99999312,0.99999176,0.9999908,0.99998904,0.99998672,0.99998496,0.99998152,0.999978,0.99997264,0.99996768,0.9999604,0.99995152,0.99994248,0.99992952,0.99991568,0.99989968,0.99988048,0.99985368,0.99982312,0.99978888,0.99974776,0.99969448,0.99963456,0.99955784,0.99946696,0.99935432,0.99921864,0.99905376,0.99885792,0.9986132,0.99832112,0.99797448,0.99755552,0.99704192,0.99641424,0.9956588,0.99479384,0.99372248,0.99236184,0.99075056,0.98885336,0.98659752,0.98420408,0.98152136,0.97825224,0.97395776,0.96808912,0.96125376,0.95313792,0.94340904,0.93157344,0.9171172,0.8993428,0.8772124,0.84913096,0.81188088,0.75117704,0.66703096,0.56684568,0.46962968,0.38262096,0.293944,0.22915776,0.1844868,0.15167536,0.1257528,0.10240216,0.08182648,0.06491128,0.04973424,0.033217,0.02187616,0.01465252,0.00990636,0.00673612,0.00459072,0.00313404,0.00213672,0.00145496,0.0009852,0.00066392,0.00044448,0.00029664,0.00019616,0.0001238,7.616e-05,4.52e-05,2.656e-05,7.2e-06,0.0,0.0,0.0,0.0
0.8,0.0003,0.0005,0.5,0.99999816,0.9999976,0.99999728,0.9999968,0.9999964,0.99999608,0.99999544,0.99999464,0.99999408,0.99999272,0.99999128,0.9999892,0.9999868,0.99998448,0.9999808,0.99997696,0.99997256,0.99996712,0.9999604,0.99995232,0.99994264,0.99993144,0.99991688,0.99990016,0.99988032,0.99985624,0.99982568,0.99978944,0.9997468,0.99969696,0.99963456,0.9995616,0.99947288,0.99936224,0.9992288,0.99906584,0.99887472,0.99864984,0.99838632,0.99806984,0.9976916,0.99721216,0.99662456,0.99592048,0.99504592,0.99401944,0.9928108,0.99139976,0.98984864,0.98812032,0.9858724,0.9831364,0.9797052,0.97521712,0.96998896,0.96375728,0.95625376,0.94715928,0.93614224,0.9227068,0.90618096,0.8856708,0.85985296,0.8263272,0.77980824,0.7129524,0.63745632,0.5555188,0.4724544,0.39671552,0.33302808,0.27841616,0.22973992,0.17969176,0.13947024,0.11354592,0.09476848,0.0797648,0.06583356,0.05397996,0.04422712,0.03567728,0.02727184,0.01687352,0.01063052,0.00694444,0.00460128,0.00307088,0.00205372,0.00138984,0.00094336,0.00063896,0.00042632,0.00027692,0.00016848,0.00012424,8.736e-05,5.072e-05,1.384e-05,0.0
0.9,0.0003,0.0005,0.5,0.99999888,0.9999988,0.99999848,0.99999832,0.99999792,0.99999752,0.9999968,0.99999616,0.99999496,0.99999344,0.99999232,0.99999104,0.99998888,0.99998728,0.99998512,0.99998184,0.9999772,0.9999732,0.99996664,0.99996032,0.9999524,0.9999436,0.99993248,0.99991872,0.99990016,0.99987968,0.99985552,0.99982352,0.99978744,0.9997444,0.99969136,0.9996304,0.99954784,0.99945264,0.9993364,0.99919624,0.99902976,0.99881864,0.99856056,0.99826264,0.99790256,0.9974628,0.99693136,0.99631408,0.99558256,0.99472256,0.99374096,0.99265616,0.99134648,0.98962296,0.9875212,0.98505328,0.98178832,0.97792344,0.97338904,0.96791296,0.96131768,0.95332592,0.9436228,0.93182848,0.91738536,0.89961792,0.87748688,0.84953816,0.813204,0.76385128,0.69832072,0.626804,0.55919456,0.49747272,0.44111512,0.38952952,0.34193296,0.29650584,0.25313688,0.21726424,0.18741736,0.16239616,0.1412244,0.1230716,0.1072528,0.09315184,0.08018008,0.0676052,0.0534784,0.03955096,0.03356848,0.02898044,0.02510732,0.02150296,0.01725584,0.00961332,0.00386616,0.00231352,0.0014056,0.00086408,0.00065136,0.0004576,0.00033452,0.00024216
1.0,0.0003,0.0005,0.5,0.99999896,0.99999864,0.99999856,0.99999832,0.99999752,0.99999664,0.99999568,0.99999496,0.99999416,0.9999932,0.99999208,0.99999032,0.99998824,0.99998648,0.9999844,0.99998208,0.99997848,0.99997384,0.9999696,0.99996304,0.9999556,0.99994652,0.99993508,0.9999222,0.99990524,0.99988296,0.99985784,0.99982876,0.99979676,0.99975396,0.99970568,0.99964356,0.9995766,0.99949044,0.99938548,0.99926824,0.99911384,0.99893872,0.9987212,0.99845708,0.99813416,0.9977476,0.99728644,0.99673212,0.99606416,0.995248,0.9942802,0.99314392,0.99182216,0.99026424,0.988387,0.98607172,0.98320152,0.9796752,0.97546596,0.9703776,0.96426344,0.95685764,0.9478768,0.93695888,0.92359184,0.90713932,0.88668796,0.86087832,0.82762356,0.78351496,0.72290628,0.65191516,0.58641064,0.5267464,0.47244536,0.42294648,0.3767312,0.33590392,0.30012532,0.268412,0.24015416,0.21486976,0.1920852,0.17143772,0.15274188,0.13587276,0.12055836,0.10647168,0.09289468,0.07988804,0.06866568,0.05907892,0.0516654,0.04690136,0.04290172,0.03894408,0.034021,0.02790088,0.02131192,0.01123724,0.0052764,0.00420372,0.00326392,0.00241356
1/0.9,0.0003,0.0005,0.5,0.99999888,0.99999888,0.99999832,0.999998,0.99999736,0.99999656,0.99999592,0.99999504,0.99999424,0.9999928,0.99999184,0.99999032,0.99998832,0.99998592,0.99998304,0.99997976,0.99997504,0.99996936,0.99996392,0.9999564,0.99994608,0.99993432,0.99992032,0.99990496,0.99988392,0.9998616,0.99983368,0.99979768,0.9997568,0.99970848,0.9996448,0.99957488,0.99948568,0.99938264,0.99925512,0.99910928,0.9989348,0.99871928,0.99846872,0.9981556,0.99778736,0.99734792,0.99683192,0.99620632,0.99545536,0.9946496,0.99373768,0.9926316,0.99127984,0.989711,0.98782776,0.9852576,0.98191304,0.97802336,0.97346272,0.96799304,0.9614144,0.9534148,0.9437564,0.931982,0.91758104,0.89987072,0.87787904,0.85011896,0.81427864,0.76627896,0.69961256,0.62610848,0.55878832,0.497346,0.44132008,0.39014552,0.34320272,0.299544,0.2565044,0.21866696,0.18718384,0.16068432,0.13802568,0.1182356,0.10042768,0.08367136,0.06647688,0.04382472,0.03312268,0.02539464,0.01976092,0.01554836,0.0123898,0.01015988,0.00833852,0.00685356,0.0056256,0.0046216,0.00378008,0.003126,0.0027268,0.0023408,0.00201712,0.00166808
1/0.8,0.0003,0.0005,0.5,0.99999904,0.99999888,0.99999832,0.99999792,0.99999728,0.99999664,0.99999624,0.99999544,0.99999472,0.9999932,0.99999096,0.99998832,0.99998648,0.99998384,0.9999808,0.99997688,0.99997224,0.99996688,0.99996064,0.999952,0.9999428,0.9999308,0.99991672,0.9999,0.99987832,0.99985328,0.99982384,0.99978832,0.9997456,0.9996928,0.99963016,0.99954864,0.9994548,0.99934568,0.99921464,0.9990548,0.99886272,0.99863416,0.99836696,0.99804424,0.99765632,0.99717792,0.99657488,0.99584488,0.99498344,0.99396008,0.99273968,0.99130576,0.98969272,0.98790184,0.98575608,0.98325912,0.97990824,0.97535032,0.97009144,0.96385416,0.95633656,0.94724728,0.93625416,0.92284104,0.90635608,0.8859404,0.86026,0.8271748,0.78224544,0.7160156,0.63617992,0.55509392,0.47481424,0.39656568,0.33076784,0.2740316,0.2221192,0.16960656,0.13471368,0.11053368,0.09239976,0.0775928,0.06344384,0.05078672,0.04080936,0.03264268,0.02553824,0.0182624,0.01157856,0.0076072,0.005066,0.00339168,0.00227944,0.00154696,0.00105104,0.00071712,0.00047936,0.00031552,0.00019704,0.00014392,0.0001012,5.944e-05,2.12e-05,0.0
1/0.7,0.0003,0.0005,0.5,0.99999752,0.99999736,0.99999672,0.99999584,0.99999536,0.9999948,0.9999936,0.99999248,0.99999104,0.99998944,0.99998712,0.99998504,0.99998208,0.99997912,0.99997536,0.99997056,0.9999652,0.99995808,0.99995,0.9999404,0.99992888,0.99991432,0.99989624,0.9998776,0.99985216,0.99982016,0.99978104,0.99973888,0.9996844,0.99961984,0.9995408,0.99944944,0.99933792,0.99920416,0.99904304,0.99884776,0.99860784,0.9983196,0.99798904,0.99758584,0.99709728,0.99649096,0.99577224,0.99488056,0.99381536,0.99255544,0.99099792,0.9890648,0.98679384,0.98414976,0.9812652,0.9778208,0.97375016,0.96806584,0.96113864,0.95303032,0.94325776,0.9313844,0.9169024,0.89908208,0.8768952,0.84875736,0.81162848,0.75206584,0.66698344,0.56271864,0.46527168,0.37638688,0.28809048,0.22672152,0.18348672,0.15137192,0.12593432,0.10378936,0.0816402,0.0633892,0.04740384,0.03183852,0.02150108,0.01461592,0.0099772,0.0068228,0.004671,0.00319584,0.00218248,0.00149,0.00101128,0.00068056,0.00045664,0.00030512,0.00020176,0.00012904,7.968e-05,4.832e-05,2.816e-05,8.32e-06,0.0,0.0,0.0,0.0
1/0.6,0.0003,0.0005,0.5,0.99999768,0.9999972,0.99999696,0.99999568,0.99999472,0.99999384,0.99999272,0.99999088,0.99998992,0.99998736,0.99998424,0.99998144,0.99997752,0.99997392,0.9999672,0.99996,0.99995112,0.99994208,0.9999304,0.99991552,0.99989752,0.9998752,0.99985112,0.99982008,0.99978216,0.99973728,0.99968368,0.99962008,0.99954032,0.99944408,0.99932952,0.99919072,0.9990244,0.99882408,0.99858488,0.99830064,0.997952,0.9975336,0.99701696,0.9964108,0.99567424,0.99478752,0.99370704,0.99242392,0.99087936,0.98899528,0.98672616,0.98399856,0.98061576,0.97647776,0.97163896,0.96626008,0.96004776,0.95187512,0.9413296,0.92894448,0.91386544,0.89530064,0.8721076,0.84235904,0.80105712,0.7171492,0.63386728,0.54680824,0.42574008,0.32727288,0.25954848,0.210342,0.17213752,0.13960712,0.10737212,0.07942808,0.05412348,0.03697212,0.02532244,0.01737364,0.01193776,0.0082038,0.00563956,0.00387452,0.00265976,0.00182256,0.0012458,0.00084824,0.00057448,0.00038352,0.00025288,0.00016344,0.00010104,6.144e-05,3.52e-05,1.848e-05,6.48e-06,0.0,0.0,0.0,0.0,0.0,0.0,0.0
1/0.5,0.0003,0.0005,0.5,0.99999624,0.99999552,0.9999944,0.99999304,0.99999152,0.9999892,0.9999864,0.9999832,0.99997912,0.99997456,0.99996944,0.9999644,0.99995896,0.99995008,0.99993816,0.999926,0.99991096,0.99989376,0.999872,0.99984464,0.99981224,0.99977424,0.999726,0.99967024,0.99960616,0.99952216,0.9994272,0.99931472,0.99917224,0.99900688,0.99880984,0.99856352,0.99827096,0.9979128,0.99748136,0.99696896,0.99634656,0.995618,0.99475128,0.99367936,0.99238008,0.99081192,0.9889344,0.98671976,0.98401648,0.98071832,0.97674296,0.97195544,0.9661816,0.95913424,0.95044376,0.93993096,0.9282464,0.9136356,0.89399336,0.8694964,0.83470256,0.78455176,0.7143956,0.64535344,0.57569584,0.47602752,0.36095156,0.2833272,0.22651176,0.18066016,0.13647916,0.09516244,0.06522864,0.04478604,0.03077892,0.02116932,0.01456816,0.01002608,0.00689752,0.00474444,0.00326056,0.00223728,0.001534,0.00104736,0.00071184,0.00048104,0.0003196,0.00020896,0.00013296,7.984e-05,4.744e-05,2.696e-05,1.272e-05,3.6e-06,0.0,0.0,0.0,0.0,0.0,0.0,0.0,0.0,0.0,0.0
1/0.4,0.0003,0.0005,0.5,0.99998928,0.99998672,0.99998448,0.99998224,0.99997896,0.99997496,0.99997008,0.99996528,0.9999572,0.99994896,0.99993712,0.99992472,0.999908,0.99989136,0.99986816,0.99984176,0.99981016,0.9997696,0.99972016,0.99966152,0.99959112,0.99950952,0.99940872,0.99928856,0.99914256,0.99896864,0.99875528,0.9985052,0.99819944,0.99781616,0.9973576,0.99681768,0.99615256,0.99535352,0.9944072,0.9932576,0.9918572,0.9901984,0.988182,0.98571272,0.98277896,0.979267,0.97507352,0.96993336,0.96363776,0.95602048,0.94675544,0.935098,0.92025968,0.90179448,0.87911264,0.85105432,0.81676576,0.77027152,0.71907104,0.66793456,0.6150732,0.55676248,0.47912992,0.36549016,0.27664696,0.21145804,0.15021372,0.10211164,0.06970552,0.04772732,0.03274688,0.0224928,0.01546408,0.01063448,0.00731552,0.00503072,0.0034572,0.00237444,0.00162656,0.00111136,0.0007548,0.00051128,0.00034128,0.0002228,0.00014208,8.592e-05,4.944e-05,2.928e-05,1.528e-05,4.8e-06,0.0,0.0,0.0,0.0,0.0,0.0,0.0,0.0,0.0,0.0,0.0,0.0,0.0,0.0
1/0.3,0.0003,0.0005,0.5,0.9999556,0.9999468,0.99993592,0.99992424,0.9999088,0.99989184,0.99987056,0.99984304,0.99981096,0.9997712,0.99972008,0.9996644,0.99959352,0.99951136,0.99941072,0.9992884,0.99913816,0.9989584,0.99874496,0.99848296,0.99816424,0.99779208,0.99734256,0.99679952,0.99614384,0.99535248,0.99441848,0.9932824,0.99191688,0.99027432,0.98827744,0.98587992,0.98298084,0.979549,0.97548032,0.97069644,0.965022,0.95844524,0.95079372,0.94186496,0.93150928,0.9196076,0.90579328,0.88966,0.87126016,0.84994408,0.82571096,0.79772608,0.7675104,0.73585952,0.70159968,0.66386584,0.62254288,0.57660752,0.51801984,0.43589872,0.32045308,0.2110604,0.13844232,0.08850248,0.05796356,0.03856952,0.02595448,0.01759576,0.0119856,0.00819144,0.00560768,0.00384232,0.00263328,0.0018024,0.00123016,0.00083704,0.00056608,0.0003784,0.0002496,0.0001596,9.744e-05,5.464e-05,3.32e-05,1.832e-05,7.52e-06,1.2e-06,0.0,0.0,0.0,0.0,0.0,0.0,0.0,0.0,0.0,0.0,0.0,0.0,0.0,0.0,0.0,0.0,0.0,0.0
1/0.2,0.0003,0.0005,0.5,0.99998404,0.99998148,0.99997788,0.99997288,0.99996708,0.99996072,0.99995408,0.99994504,0.99993356,0.99991804,0.99990036,0.99988172,0.9998548,0.9998284,0.99979196,0.99974888,0.999698,0.99963208,0.99955772,0.99946928,0.99936652,0.99923492,0.99908424,0.99888936,0.99865696,0.9983838,0.99804468,0.9976376,0.99713864,0.99653592,0.99582608,0.99497248,0.99395044,0.99273124,0.99126296,0.98945128,0.98725536,0.98462388,0.9813126,0.97730736,0.9724084,0.96632628,0.9586358,0.94902088,0.93679664,0.92251272,0.9057124,0.88475288,0.85459564,0.80428672,0.69802868,0.5815196,0.48047404,0.34584384,0.1596464,0.06967768,0.03593592,0.02046736,0.0124114,0.0078506,0.00509936,0.00336788,0.0022512,0.00151304,0.00101788,0.00068464,0.00045692,0.0003022,0.00019544,0.00012132,7.032e-05,3.952e-05,2.344e-05,1.176e-05,3.28e-06,0.0,0.0,0.0,0.0,0.0,0.0,0.0,0.0,0.0,0.0,0.0,0.0,0.0,0.0,0.0,0.0,0.0,0.0,0.0,0.0,0.0,0.0,0.0,0.0,0.0
0.2,0.001,0.0005,0.5,0.99997776,0.9999736,0.99996912,0.99996192,0.99995448,0.99994528,0.99993568,0.99992296,0.99990768,0.99988856,0.99986696,0.99983936,0.99980632,0.99976488,0.99971624,0.9996604,0.99959304,0.99950976,0.99940776,0.99928728,0.9991372,0.99895296,0.99873452,0.99847204,0.99815724,0.99777948,0.99732544,0.9967936,0.99612996,0.99532928,0.99434588,0.99317912,0.99175868,0.9900504,0.98802496,0.98554308,0.9825814,0.97895464,0.97446936,0.96919816,0.96295584,0.95530464,0.94606848,0.93479564,0.92126188,0.90453344,0.88363016,0.8573814,0.82183844,0.7720804,0.70824668,0.63444792,0.56237084,0.48902948,0.40696992,0.30717052,0.23069252,0.17385964,0.12304436,0.080679,0.05367764,0.03613104,0.02450192,0.01670028,0.01141512,0.00782388,0.00536092,0.00367952,0.00252476,0.00172868,0.0011826,0.00080444,0.0005442,0.00036472,0.00023844,0.00015272,9.452e-05,5.24e-05,3e-05,1.704e-05,7.84e-06,3.12e-06,0.0,0.0,0.0,0.0,0.0,0.0,0.0,0.0,0.0,0.0,0.0,0.0,0.0,0.0,0.0,0.0,0.0,0.0
0.3,0.001,0.0005,0.5,0.99999352,0.9999924,0.99999072,0.99998896,0.99998712,0.99998416,0.99998104,0.99997776,0.99997464,0.99996856,0.99996104,0.99995216,0.99994208,0.99992944,0.9999124,0.99989448,0.99987216,0.99984632,0.99981608,0.9997776,0.99973312,0.99967984,0.99961632,0.9995432,0.99945192,0.99934416,0.99921608,0.99905032,0.99885288,0.99862192,0.99834088,0.99800208,0.99759808,0.997108,0.9965052,0.99581016,0.99496624,0.99393312,0.9926884,0.99119456,0.98941216,0.98724712,0.98465072,0.98151868,0.97768664,0.97313592,0.9675904,0.9609104,0.95283752,0.94301336,0.93114424,0.91660024,0.89841712,0.87643536,0.84938568,0.8102132,0.75779072,0.68616264,0.60321728,0.52200368,0.43292928,0.32933532,0.2503988,0.19133024,0.14299112,0.09665288,0.06487216,0.043916,0.0299034,0.02043656,0.014001,0.00960724,0.00659496,0.0045312,0.0031128,0.00213672,0.00146344,0.00099992,0.0006808,0.00046,0.00030736,0.0002012,0.00012824,7.776e-05,4.152e-05,2.376e-05,1.36e-05,6.96e-06,2.08e-06,0.0,0.0,0.0,0.0,0.0,0.0,0.0,0.0,0.0,0.0,0.0
0.4,0.001,0.0005,0.5,0.99999768,0.9999972,0.9999964,0.999996,0.99999536,0.99999424,0.99999264,0.99999056,0.99998888,0.99998688,0.99998352,0.99997992,0.99997584,0.9999712,0.9999664,0.99995912,0.99995072,0.99994032,0.99992752,0.99991416,0.99989512,0.9998756,0.99984976,0.9998204,0.99978176,0.99973312,0.99967536,0.99961216,0.99953136,0.99943648,0.9993216,0.9991836,0.999018,0.99881288,0.99857568,0.99827928,0.99792472,0.99749688,0.99698552,0.99638808,0.99565096,0.9947584,0.99369992,0.99242848,0.99087728,0.98902928,0.98677584,0.98404456,0.98077408,0.9768236,0.9720892,0.96631084,0.95940808,0.95095504,0.94056768,0.9285288,0.9136616,0.89485632,0.87155032,0.84175224,0.79947176,0.73941648,0.65529656,0.5662184,0.4679604,0.36073368,0.2831432,0.2194732,0.16880264,0.12678796,0.08620636,0.05810532,0.03945284,0.02691568,0.01841924,0.01263068,0.00867456,0.0059574,0.00409276,0.00281252,0.00193084,0.00132248,0.00090352,0.00061408,0.0004146,0.00027624,0.00017988,0.00011256,6.464e-05,3.568e-05,2.392e-05,1.408e-05,7.2e-06,1.6e-07,0.0,0.0,0.0,0.0,0.0,0.0
0.5,0.001,0.0005,0.5,0.99999856,0.99999824,0.999998,0.99999776,0.99999744,0.9999964,0.99999536,0.9999948,0.99999392,0.9999928,0.9999916,0.99998944,0.99998784,0.999986,0.99998376,0.9999812,0.999978,0.99997296,0.9999672,0.99996048,0.9999504,0.99993944,0.99992592,0.99990896,0.99989008,0.99986416,0.9998384,0.9998056,0.99976232,0.99971512,0.99966056,0.99959,0.99950792,0.99940736,0.99928696,0.99914464,0.99896424,0.99875392,0.99848976,0.99818368,0.99781328,0.99736888,0.99683928,0.99618208,0.99541008,0.9944688,0.99333736,0.99197584,0.99033592,0.9883468,0.98595984,0.98308984,0.97962624,0.975424,0.97031552,0.96394808,0.95672888,0.94839128,0.93749424,0.92418088,0.90806864,0.88818808,0.8632388,0.83087448,0.78156896,0.6992304,0.6123952,0.51061776,0.38948008,0.30606288,0.24479816,0.19503572,0.15146964,0.11603712,0.08201196,0.05500196,0.03723568,0.02535132,0.01732592,0.011867,0.00814036,0.00558304,0.00383216,0.00262828,0.00180032,0.00122932,0.00083664,0.00056516,0.00037448,0.0002448,0.00015544,9.664e-05,6.368e-05,4.104e-05,2.848e-05,1.672e-05,5.6e-06,0.0,0.0,0.0
0.6,0.001,0.0005,0.5,0.99999952,0.9999992,0.99999904,0.9999988,0.99999856,0.999998,0.99999728,0.99999672,0.9999964,0.99999576,0.9999952,0.99999432,0.99999288,0.99999216,0.99999024,0.99998784,0.9999856,0.99998256,0.99997872,0.99997488,0.99997016,0.99996416,0.99995592,0.99994552,0.99993384,0.99992016,0.99990408,0.9998868,0.99986488,0.99983536,0.9998012,0.99975824,0.9997088,0.999652,0.99958432,0.99949912,0.99939616,0.99927272,0.99912272,0.9989396,0.998722,0.99846152,0.99814616,0.99776824,0.99731056,0.99676184,0.9960924,0.99530072,0.99433424,0.99317976,0.99178352,0.99009072,0.98806136,0.98561696,0.98263768,0.97892208,0.97458176,0.9697224,0.96381064,0.9560316,0.94686664,0.93579216,0.92230592,0.90576536,0.88531952,0.85958512,0.82619632,0.77595672,0.6798768,0.5911696,0.48457496,0.36717824,0.28734552,0.23077128,0.18806936,0.15278648,0.12024716,0.09343876,0.06811912,0.04513916,0.03032924,0.02054584,0.01398008,0.00953624,0.00651292,0.0044464,0.00302792,0.00205792,0.00139032,0.00093212,0.00061924,0.0004112,0.0002576,0.00018168,0.0001288,9.216e-05,6.112e-05,4.256e-05,2.44e-05,5.84e-06
0.7,0.001,0.0005,0.5,0.99999928,0.9999992,0.99999904,0.99999888,0.99999872,0.99999864,0.99999832,0.99999808,0.99999784,0.9999976,0.99999688,0.999996,0.99999496,0.99999424,0.9999936,0.99999264,0.99999136,0.99998872,0.99998624,0.99998352,0.99998008,0.99997568,0.99997,0.99996464,0.999956,0.99994704,0.99993632,0.99992216,0.99990728,0.99988808,0.99986768,0.99984,0.99980712,0.99976744,0.99971736,0.99966128,0.99959184,0.99950192,0.99940672,0.99928552,0.9991388,0.99895416,0.9987516,0.99849256,0.99818608,0.99781752,0.99737464,0.99683912,0.99618104,0.99540936,0.994466,0.99333488,0.99196728,0.99031552,0.98831272,0.9857788,0.98293496,0.97966184,0.97566608,0.97048648,0.96437776,0.95702504,0.9481168,0.93730848,0.92413128,0.90797664,0.88799064,0.86286272,0.83031536,0.7840272,0.70728328,0.6129556,0.51333752,0.4229468,0.33665344,0.25773792,0.20502328,0.1674712,0.1389204,0.11534104,0.09301092,0.07392868,0.0568464,0.03796952,0.02483404,0.0165184,0.01107392,0.0074452,0.00500188,0.00335172,0.00224352,0.0015144,0.00101164,0.00063636,0.00044064,0.00033216,0.00025288,0.00018376,0.00012288,8.2e-05
0.8,0.001,0.0005,0.5,0.99999936,0.99999936,0.99999928,0.99999928,0.9999992,0.99999896,0.99999848,0.99999824,0.99999808,0.999998,0.99999736,0.9999968,0.99999624,0.99999576,0.99999464,0.99999368,0.99999224,0.99999096,0.9999896,0.99998696,0.999984,0.99998008,0.9999756,0.9999708,0.99996496,0.99995928,0.99995072,0.99994192,0.99993008,0.999916,0.99989744,0.999876,0.99985264,0.99982328,0.99978448,0.99973648,0.9996808,0.99961904,0.99954088,0.99944992,0.99933624,0.99919624,0.99903328,0.99883424,0.99859416,0.99830656,0.99795952,0.99754592,0.9970452,0.99643024,0.99570048,0.99482512,0.99376608,0.99248472,0.99089072,0.98899896,0.98692824,0.98422824,0.98109784,0.97713536,0.97242616,0.96675176,0.95989352,0.95159144,0.94151344,0.92923952,0.91422192,0.89567312,0.87247896,0.84280864,0.80309632,0.74373288,0.67322584,0.59344448,0.51137808,0.42952536,0.36116048,0.30337656,0.25330296,0.20748536,0.15984744,0.1281912,0.10650048,0.0901064,0.07645552,0.06334436,0.05164092,0.0405528,0.02626336,0.01573596,0.01003648,0.00656368,0.00430332,0.0027712,0.00164136,0.00120512,0.0009248,0.00071368,0.00054024,0.0003974
0.9,0.001,0.0005,0.5,0.99999976,0.99999976,0.99999952,0.99999952,0.99999896,0.99999872,0.99999864,0.99999832,0.999998,0.99999768,0.99999736,0.99999704,0.99999648,0.99999592,0.99999448,0.99999368,0.99999248,0.99999112,0.9999892,0.99998744,0.99998504,0.99998168,0.99997712,0.99997368,0.99996864,0.99996168,0.9999548,0.99994616,0.9999348,0.99992136,0.99990536,0.99988736,0.99986328,0.9998332,0.9998008,0.99976216,0.99971552,0.99965824,0.99958944,0.99950592,0.99940576,0.99928592,0.99914032,0.99896504,0.99875,0.99849824,0.99818688,0.99779784,0.99734532,0.99677784,0.99609888,0.9953484,0.99452192,0.9934548,0.99203832,0.99034104,0.9884852,0.98610408,0.98323928,0.97980248,0.9756512,0.97064296,0.96460376,0.95728848,0.94843112,0.93767512,0.9245564,0.90845852,0.88854192,0.86355184,0.83153576,0.78902936,0.72961184,0.66061304,0.5901808,0.52572536,0.46682144,0.41289104,0.36320112,0.31637064,0.27010392,0.23145896,0.19963408,0.17332072,0.15144176,0.13313264,0.1176704,0.10449232,0.09316688,0.0837656,0.0752472,0.06591576,0.05280272,0.03724228,0.01197908,0.00596408,0.00457916,0.00355556,0.002753,0.00210368
1.0,0.001,0.0005,0.5,0.9999996,0.99999952,0.99999952,0.99999944,0.99999944,0.99999944,0.99999928,0.99999912,0.99999904,0.99999896,0.9999986,0.99999828,0.9999978,0.99999756,0.99999684,0.99999636,0.99999548,0.9999946,0.99999356,0.99999236,0.99999084,0.99998884,0.99998596,0.99998172,0.99997812,0.99997452,0.99996836,0.99996108,0.99995316,0.99994404,0.9999338,0.99991964,0.99990252,0.9998826,0.999857,0.99982908,0.99979024,0.9997484,0.99969588,0.99963592,0.999564,0.9994732,0.99936764,0.99923812,0.99908236,0.99889228,0.99867224,0.9983992,0.9980714,0.99767296,0.9971934,0.99662004,0.9959308,0.99510052,0.99410728,0.99289592,0.9914292,0.98966524,0.98754764,0.984996,0.98191196,0.97817696,0.97365048,0.9681574,0.96145212,0.95325208,0.94310588,0.9304302,0.91434816,0.89354964,0.8659886,0.82851192,0.77594272,0.71009784,0.63835592,0.5690306,0.50294248,0.44772032,0.3990878,0.35585172,0.31718972,0.28232168,0.2506284,0.22198904,0.19659628,0.17429292,0.15471804,0.13753896,0.12261416,0.111352,0.1026578,0.09499004,0.08768724,0.0796474,0.06329964,0.02716768,0.01202696,0.00930912,0.00716192,0.00543992
1/0.9,0.001,0.0005,0.5,0.99999968,0.99999952,0.99999936,0.9999992,0.99999904,0.99999904,0.9999988,0.99999824,0.99999792,0.99999744,0.9999972,0.99999712,0.99999648,0.99999584,0.99999512,0.99999392,0.99999264,0.99999144,0.99999,0.99998712,0.99998384,0.9999812,0.99997808,0.99997424,0.99996936,0.99996296,0.99995552,0.99994728,0.99993648,0.99992552,0.99991168,0.9998916,0.99986768,0.99984216,0.99980968,0.99977328,0.99972512,0.99966632,0.9996012,0.99951648,0.99941344,0.99929016,0.99914592,0.9989744,0.99876832,0.99851072,0.99820112,0.99783128,0.99737896,0.99684496,0.99621912,0.99548432,0.99462176,0.99347096,0.99189984,0.99029952,0.98858376,0.98615024,0.98328736,0.97985296,0.97571744,0.9707288,0.96471176,0.95742248,0.94860024,0.93788608,0.92481704,0.90879968,0.8890036,0.86421184,0.83259904,0.79111976,0.73423632,0.66012488,0.58992696,0.52584336,0.46740112,0.41410304,0.36538928,0.32055616,0.27833696,0.23713952,0.20240672,0.1730024,0.1476288,0.12514472,0.10446664,0.08418128,0.0590652,0.04696072,0.03824972,0.03109168,0.02507908,0.01995296,0.01548,0.0117636,0.01040436,0.0086214,0.00513944,0.00344912
1/0.8,0.001,0.0005,0.5,0.99999976,0.99999976,0.99999968,0.99999968,0.99999968,0.99999952,0.99999944,0.99999912,0.99999896,0.99999872,0.999998,0.9999976,0.99999712,0.99999624,0.99999536,0.9999944,0.99999352,0.99999144,0.99998912,0.99998632,0.9999832,0.99998,0.99997608,0.99997176,0.99996712,0.99996144,0.99995368,0.99994192,0.99992984,0.99991416,0.9998956,0.9998724,0.99984752,0.99981832,0.9997836,0.99974032,0.99968112,0.99961456,0.99953384,0.99943896,0.99933024,0.99919536,0.99902672,0.99883016,0.99859544,0.99829728,0.99795464,0.9975336,0.9970276,0.99641432,0.99567896,0.9947968,0.99372104,0.992388,0.99084912,0.98910504,0.98698008,0.9844988,0.98118048,0.97719048,0.97249152,0.96684144,0.96000808,0.95174112,0.94169952,0.9294856,0.91454176,0.89612336,0.87315472,0.84395168,0.805558,0.7507828,0.67518872,0.59243264,0.5128412,0.43154736,0.3599048,0.29855904,0.2436076,0.18677864,0.14552024,0.11760096,0.09703288,0.08040456,0.06436272,0.050339,0.03962096,0.03130408,0.02470352,0.01933504,0.01480584,0.01015316,0.00648468,0.00417284,0.00256964,0.00181616,0.00133736,0.00100824,0.00075032,0.00056196
1/0.7,0.001,0.0005,0.5,0.9999992,0.9999992,0.99999904,0.99999896,0.99999888,0.99999832,0.999998,0.99999776,0.99999752,0.99999696,0.99999616,0.99999576,0.9999952,0.99999448,0.99999328,0.99999184,0.99999024,0.99998872,0.99998672,0.999984,0.99998008,0.99997608,0.99997,0.99996408,0.99995552,0.9999472,0.99993576,0.99992304,0.99990768,0.99988816,0.99986472,0.99983552,0.99979896,0.99976016,0.99971488,0.99966144,0.99959368,0.99951688,0.99940952,0.99928968,0.99914008,0.99896016,0.99875056,0.99849616,0.99818824,0.99781776,0.99737944,0.99684032,0.99619312,0.99541768,0.99447208,0.99333576,0.99196584,0.99030256,0.98829856,0.9858388,0.98300248,0.979402,0.97564416,0.970474,0.96431704,0.95695216,0.94804192,0.9372256,0.9240332,0.9078796,0.88791504,0.86285288,0.8305572,0.78602816,0.71061976,0.61252952,0.50865,0.41641496,0.32373904,0.25084888,0.20052824,0.16397344,0.13575496,0.11206408,0.08867172,0.06907796,0.05326776,0.03896028,0.02603004,0.01753248,0.01185448,0.00801388,0.0054126,0.00363896,0.00244456,0.00165432,0.00111076,0.00070324,0.0004908,0.0003636,0.00027536,0.00019984,0.00013544,9.232e-05
1/0.6,0.001,0.0005,0.5,0.99999936,0.99999896,0.99999856,0.9999984,0.99999816,0.99999768,0.99999688,0.99999616,0.99999568,0.99999496,0.9999944,0.999994,0.99999304,0.99999112,0.99998888,0.99998752,0.9999848,0.99998176,0.99997768,0.99997344,0.99996816,0.99996192,0.99995336,0.99994352,0.99993464,0.99992064,0.9999024,0.9998852,0.99985968,0.9998324,0.99979848,0.9997548,0.99970416,0.99964232,0.99957128,0.999488,0.99938424,0.99925656,0.99910656,0.9989272,0.99870592,0.99843936,0.99812552,0.99773656,0.99727432,0.99671296,0.99604888,0.99524128,0.99426384,0.99308896,0.99167264,0.98996968,0.98791704,0.98544368,0.98246152,0.97885208,0.97444952,0.96919136,0.96306688,0.9555552,0.9461576,0.93493328,0.92123248,0.90441512,0.88356384,0.85721936,0.82257648,0.75909208,0.6728596,0.58998136,0.4836924,0.3672272,0.2873972,0.23081224,0.18821992,0.15350752,0.12047584,0.09118248,0.06493108,0.04423672,0.03023492,0.0207108,0.0141948,0.00973208,0.0066676,0.00456268,0.00311448,0.00211888,0.00143432,0.00096208,0.00064016,0.00042704,0.00026892,0.00018816,0.0001348,9.56e-05,6.352e-05,4.448e-05,2.56e-05,6.64e-06
1/0.5,0.001,0.0005,0.5,0.9999992,0.9999988,0.9999984,0.99999832,0.9999976,0.99999688,0.99999576,0.99999528,0.99999416,0.99999248,0.99999136,0.99998952,0.999988,0.9999852,0.999982,0.99997712,0.99997272,0.999968,0.99996168,0.99995384,0.99994424,0.99993288,0.99991992,0.999904,0.999886,0.99986128,0.99983392,0.99980008,0.99975672,0.9997056,0.99964232,0.99956752,0.99947976,0.99937704,0.9992496,0.99909824,0.99891496,0.99869376,0.9984324,0.99811,0.99771344,0.99725248,0.9966848,0.99601216,0.99520192,0.99422128,0.99303736,0.99161536,0.98989408,0.98783032,0.98535144,0.98234528,0.97872288,0.97435776,0.96908688,0.96270376,0.954992,0.94554344,0.93418104,0.9207088,0.90315392,0.881482,0.85289456,0.80972592,0.748144,0.67765936,0.6091692,0.53408736,0.40785048,0.31563352,0.25071872,0.20078392,0.1566528,0.11356804,0.0777522,0.0533412,0.03664164,0.0251936,0.01732864,0.01192136,0.00820032,0.0056404,0.00387732,0.00266068,0.00182364,0.00124496,0.00084744,0.00057276,0.00038168,0.00024896,0.00015824,9.816e-05,6.504e-05,4.216e-05,2.896e-05,1.72e-05,5.84e-06,0.0,0.0,0.0
1/0.4,0.001,0.0005,0.5,0.99999712,0.9999968,0.99999616,0.99999528,0.999994,0.99999232,0.99999112,0.99998912,0.99998704,0.99998336,0.9999812,0.99997752,0.99997368,0.99996776,0.99996016,0.9999516,0.99994264,0.99993104,0.99991416,0.99989672,0.99987416,0.99985008,0.99982088,0.99978368,0.9997368,0.99968496,0.99962328,0.99954184,0.99944976,0.999334,0.99920264,0.999044,0.99884952,0.99861488,0.99832656,0.99798064,0.99756808,0.99707152,0.99647088,0.9957288,0.9948528,0.99378536,0.99253104,0.99100928,0.9891642,0.98693992,0.98422248,0.98099488,0.97712968,0.9723912,0.96663956,0.9597064,0.9511936,0.94071424,0.92756304,0.91065672,0.89015808,0.86525232,0.83397976,0.7933596,0.74252888,0.69194856,0.64032528,0.58528512,0.52013768,0.4218192,0.31355112,0.24003248,0.17922468,0.12199808,0.08313952,0.05685544,0.03897828,0.02675896,0.01839392,0.01264884,0.00869996,0.00598624,0.00411776,0.00282968,0.00194248,0.00133112,0.00090968,0.00061888,0.00041904,0.00027824,0.00018208,0.00011312,6.592e-05,3.608e-05,2.408e-05,1.424e-05,7.36e-06,2.4e-07,0.0,0.0,0.0,0.0,0.0,0.0
1/0.3,0.001,0.0005,0.5,0.99998736,0.9999848,0.99998144,0.9999772,0.99997304,0.99996696,0.99996064,0.99995392,0.99994328,0.99993232,0.99991928,0.9999008,0.99987992,0.99985512,0.99982592,0.99979288,0.99975048,0.99970248,0.99963864,0.9995656,0.99947584,0.99936608,0.99923456,0.99907768,0.998884,0.99865352,0.99838648,0.99805264,0.99764696,0.99715824,0.9965588,0.99584152,0.99499544,0.99394688,0.9926552,0.99112776,0.98927376,0.98704192,0.9843552,0.98111736,0.97723752,0.97278848,0.96751912,0.96146736,0.95442168,0.94615712,0.93655448,0.9254452,0.91250448,0.89754416,0.8802592,0.86052184,0.8377356,0.8115636,0.78204824,0.7512032,0.71832768,0.68264828,0.6430612,0.599858,0.5471276,0.47949964,0.38133332,0.25411744,0.17069272,0.10844384,0.07029036,0.04648116,0.03113608,0.02104556,0.01430768,0.00976572,0.00668416,0.00457896,0.0031396,0.0021512,0.00147408,0.00100576,0.00068512,0.00046336,0.00030944,0.00020224,0.00012864,7.8e-05,4.192e-05,2.408e-05,1.384e-05,6.88e-06,2e-06,0.0,0.0,0.0,0.0,0.0,0.0,0.0,0.0,0.0,0.0,0.0
1/0.2,0.001,0.0005,0.5,0.9999952,0.99999424,0.9999932,0.99999188,0.99999056,0.99998844,0.9999854,0.99998232,0.99997872,0.99997492,0.99996992,0.99996256,0.99995564,0.99994648,0.99993792,0.99992416,0.9999074,0.99988764,0.99986208,0.99983488,0.99980108,0.9997636,0.9997204,0.99966232,0.99959288,0.99951584,0.99941916,0.99929336,0.99914464,0.99896808,0.9987624,0.99851072,0.99820152,0.99782964,0.99737072,0.99682272,0.99615108,0.99536532,0.99441592,0.9932772,0.99186972,0.99022196,0.98820944,0.98578448,0.98280472,0.97915168,0.97474328,0.96920344,0.96232864,0.953571,0.94224808,0.92893744,0.91388516,0.89538624,0.87041948,0.83223076,0.75824488,0.63660252,0.5281522,0.416976,0.240999,0.09955028,0.0478326,0.02620808,0.01552496,0.0096626,0.00620708,0.00407216,0.00270996,0.001816,0.001224,0.0008248,0.00055432,0.00036984,0.00024216,0.00015456,9.464e-05,5.36e-05,3.024e-05,1.696e-05,7.76e-06,2.8e-06,0.0,0.0,0.0,0.0,0.0,0.0,0.0,0.0,0.0,0.0,0.0,0.0,0.0,0.0,0.0,0.0,0.0,0.0
