s,q,source_radius,LD_coeff,1.0e-08,1.2e-08,1.5e-08,1.7e-08,2.1e-08,2.5e-08,3.1e-08,3.7e-08,4.4e-08,5.3e-08,6.4e-08,7.7e-08,9.3e-08,1.1e-07,1.4e-07,1.6e-07,2.0e-07,2.4e-07,2.8e-07,3.4e-07,4.1e-07,5.0e-07,6.0e-07,7.2e-07,8.7e-07,1.0e-06,1.3e-06,1.5e-06,1.8e-06,2.2e-06,2.7e-06,3.2e-06,3.9e-06,4.6e-06,5.6e-06,6.7e-06,8.1e-06,9.8e-06,1.2e-05,1.4e-05,1.7e-05,2.1e-05,2.5e-05,3.0e-05,3.6e-05,4.3e-05,5.2e-05,6.3e-05,7.6e-05,9.1e-05,1.1e-04,1.3e-04,1.6e-04,1.9e-04,2.3e-04,2.8e-04,3.4e-04,4.0e-04,4.9e-04,5.9e-04,7.1e-04,8.5e-04,1.0e-03,1.2e-03,1.5e-03,1.8e-03,2.2e-03,2.6e-03,3.1e-03,3.8e-03,4.5e-03,5.5e-03,6.6e-03,7.9e-03,9.5e-03,1.1e-02,1.4e-02,1.7e-02,2.0e-02,2.4e-02,2.9e-02,3.5e-02,4.2e-02,5.1e-02,6.1e-02,7.4e-02,8.9e-02,1.1e-01,1.3e-01,1.6e-01,1.9e-01,2.3e-01,2.7e-01,3.3e-01,3.9e-01,4.8e-01,5.7e-01,6.9e-01,8.3e-01,1.0e+00
0.2,1e-06,2.6041666666666657e-07,0.5,0.9999991328133875,0.9999989263403846,0.9999988850457839,0.9999985959835798,0.9999982656267751,0.9999981004483727,0.9999977700915679,0.9999973571455619,0.9999968616103548,0.9999957879507393,0.9999952511209316,0.9999944665235203,0.9999918236690822,0.999990626125665,0.9999890156362418,0.9999871986738157,0.9999850100599841,0.9999814174297323,0.999976875023667,0.999973406277217,0.9999684922197463,0.9999624632080594,0.9999556083043607,0.9999467712598334,0.9999361998420812,0.9999196820018433,0.9998982913987352,0.9998738037005825,0.9998444432395598,0.9998086821154447,0.9997673049256489,0.999724193362628,0.9996741856013078,0.9996086097755634,0.9995112784019617,0.9994034994944095,0.9992682183828613,0.999113693987436,0.9988990033589441,0.9986954622726129,0.9984382382055085,0.998129974012069,0.9977482467241716,0.9972967315612692,0.9967418147184776,0.996071768529228,0.9952601231545392,0.9942840839748828,0.9931246554739854,0.991719689277952,0.9900259086453591,0.9879770770368531,0.9855087335809055,0.9825488604940792,0.9789776208454483,0.9746675794975777,0.9694698694153234,0.9631961872199736,0.9556198255542634,0.9464482947621805,0.9353341833689217,0.9218327485260821,0.9053287419794014,0.8850229067343689,0.8597456558183411,0.8275729912004097,0.7849369767999914,0.7312720830619418,0.6670043050859958,0.5846833123274583,0.4647705645149468,0.36730436404229705,0.28855845133024566,0.21439198594034475,0.14746979103817145,0.1004686069980886,0.06801237235787339,0.045558515873706414,0.029991029573912812,0.01912229069738776,0.011520367673909423,0.006135964702366482,0.0034554495885633116,0.0022394887794517735,0.0012655969190263675,0.0005063543924922121,0.0,0.0,0.0,0.0,0.0,0.0,0.0,0.0,0.0,0.0,0.0,0.0,0.0,0.0
0.3,1e-06,6.520951575896632e-07,0.5,0.9999994712653888,0.9999993831429537,0.9999992950205184,0.9999992068980832,0.9999987662859072,0.9999985019186016,0.9999983256737313,0.9999979731839905,0.9999977088166849,0.9999974444493793,0.9999969157147681,0.9999962107352866,0.9999954176333697,0.9999943601641474,0.9999932145724899,0.9999922452257027,0.9999902184096932,0.9999882797161188,0.9999858122879334,0.9999828161251367,0.9999790268604233,0.9999747969835338,0.999970390861774,0.999963693556699,0.9999561150272721,0.9999474790286229,0.999935406255001,0.9999203373185823,0.9998966764447321,0.9998568010428056,0.9998041478877757,0.9997343989803177,0.9997054507603557,0.9996694086843603,0.9996180333046407,0.9995481522135298,0.999473556572136,0.9993713786085257,0.9992517524027463,0.9991018561404771,0.9989203239239722,0.9987036749170416,0.9984363555098729,0.9981177047842023,0.9977248990293137,0.9972526508990955,0.9966786213562254,0.9960109176647414,0.9952006759343269,0.9942218119241639,0.993033569007974,0.9916024606603825,0.9898828835211751,0.9878220963128869,0.985330875069881,0.9823187180512111,0.9786975028216803,0.9743381300137259,0.9690703030213306,0.9627145605052165,0.9550336328086171,0.9457431488331532,0.9344713200247307,0.9207563407617021,0.9040088041362556,0.8833641849978956,0.857604763475859,0.8247170300483404,0.7804798760082088,0.71896023809977,0.6434056924273219,0.5310301565547935,0.4177103006666991,0.33181767150917074,0.2623146256453206,0.19708758876572896,0.1352181047895601,0.09151329838045064,0.061306998472309464,0.0403806959698438,0.025891869542136976,0.015904425226703777,0.008980513309660123,0.005222796428009963,0.002911961809851524,0.0014282003072300581,0.00046938415107428296,0.0,0.0,0.0,0.0,0.0,0.0,0.0,0.0,0.0,0.0,0.0,0.0,0.0
0.4,1e-06,1.3605442176870751e-06,0.5,0.9999993637948654,0.9999991820219699,0.9999991820219699,0.9999990911355221,0.9999989093626265,0.9999988184761788,0.9999984094871637,0.999998273157492,0.9999979096117009,0.9999977278388053,0.9999974551794619,0.9999967735311035,0.9999961827691928,0.9999956374505061,0.9999948194724759,0.9999938197215503,0.9999923655383857,0.9999906386958777,0.9999886391940263,0.9999866396921748,0.9999842766445324,0.9999807320730685,0.9999773692745003,0.9999729158385586,0.9999669173330045,0.9999598281900768,0.9999519210691191,0.9999407420360409,0.9999291540139477,0.9999149302848686,0.9998812568559624,0.9998327234928426,0.9997751014849436,0.9997137985759094,0.9996622659600124,0.9996094609338464,0.9995500211969918,0.9994738129105198,0.9993713384406366,0.9992449153917609,0.9990976339031171,0.9989065451466387,0.9986880995693754,0.9984163945337073,0.9980792058124065,0.9976754882113233,0.9972098314960713,0.996644381461146,0.9959611880331086,0.9951376204864597,0.9941255544470944,0.9929367597100014,0.9914982999008293,0.9897560975831431,0.9876523035329243,0.9851325676543948,0.9820865537999374,0.9784193310748354,0.9739887985179693,0.9686552636590856,0.962200917126056,0.9544225822648458,0.944997384969681,0.933559507288207,0.9196546078679216,0.9026318488562008,0.8816431233654924,0.8554107042695408,0.8218141652981819,0.7764344710301947,0.7045815994660602,0.6049550564243518,0.46978405061902534,0.3717781492710839,0.2974541660779876,0.23772413790909638,0.18430126567103897,0.12794421535252967,0.08632185772262828,0.05756529475542934,0.03767225083605307,0.023899500310854374,0.014376236538524198,0.008321744932546577,0.004960037001690625,0.0024721113798875836,0.0008404269827139884,0.0,0.0,0.0,0.0,0.0,0.0,0.0,0.0,0.0,0.0,0.0,0.0,0.0
0.5,1e-06,2.666666666666667e-06,0.5,0.9999995377176408,0.9999995377176408,0.9999994452611689,0.9999993528046971,0.9999988905223379,0.9999985206964506,0.9999981508705632,0.9999978735011477,0.9999975036752603,0.9999970413929011,0.9999963941975982,0.9999957470022953,0.9999944526116896,0.9999928808516684,0.9999915864610626,0.999989644875154,0.9999870560939425,0.9999840050303718,0.9999797520326671,0.9999745744702441,0.9999679176042716,0.9999567303711789,0.9999323680908492,0.999893259003261,0.9998777725442278,0.9998702373417729,0.9998629332804976,0.9998542423721446,0.9998437023343548,0.9998322377318467,0.9998177220657679,0.9998017270961396,0.9997815715852786,0.9997578102720157,0.9997156038926208,0.999652040068231,0.9995786296295902,0.9995019832144351,0.999401667942489,0.9992681607971523,0.9991238824728463,0.998933098543205,0.9986964099752952,0.9984276852398929,0.9981161531580288,0.9977407798823593,0.9972812712173157,0.9967279192333547,0.9960540040101146,0.9952396474061499,0.9942744018401427,0.9931077860784685,0.9916993041864614,0.9899868254150452,0.9879464959944851,0.985474625991613,0.9825062185067254,0.9789252406676633,0.9745996646326397,0.9693938567574656,0.963098911644019,0.9554991745717335,0.9462990622001377,0.9351452983503316,0.9215802697149442,0.9049877539091636,0.8845486790489613,0.8590664734757869,0.8265900282644058,0.7834285272872101,0.7172850748765671,0.5708214494022019,0.4428346950861835,0.3503098054572525,0.28147790375845266,0.22795133886448013,0.18337465290106914,0.14090125921554106,0.09615020034624024,0.06434156823095774,0.04234136584374089,0.02710749789164573,0.016569124318405112,0.00989607846336974,0.005844081128519997,0.002845995116171788,0.0007522258548883655,0.0,0.0,0.0,0.0,0.0,0.0,0.0,0.0,0.0,0.0,0.0,0.0,0.0
0.6,1e-06,5.2734375e-06,0.5,0.9999987855647934,0.9999984118924221,0.9999980382200508,0.9999975711295869,0.9999971040391228,0.9999966369486587,0.9999963566943803,0.9999957027677305,0.9999946751687095,0.999992993643039,0.9999915923716467,0.9999896305916975,0.9999878556479341,0.9999859872860778,0.9999836518337575,0.9999786539657919,0.9999732357164086,0.9999657622689835,0.9999560467873307,0.9999414735648517,0.9999193334768547,0.9998903738680822,0.9998768282446241,0.9998708494866839,0.9998650575649294,0.9998594524793606,0.9998533335942812,0.9998450660930671,0.9998344164304863,0.9998236733498126,0.9998120895063036,0.9997978899561958,0.9997722933987646,0.9997153083621477,0.9996594443426446,0.9996033000688631,0.9995196908757942,0.9994193598441113,0.9993042687537639,0.9991559208223744,0.9989745963042215,0.9987590807640984,0.9984881682949363,0.9981973577720047,0.99783508240807,0.9974009685307609,0.9968708208540384,0.9962327752801153,0.995457778782126,0.9945262135605797,0.9934133238208803,0.9920705321547645,0.9904381444009236,0.9884801478845776,0.9861273665079976,0.9832828789998883,0.9798554625926165,0.9757310537948555,0.9707599968219165,0.964744385444172,0.9574872943219689,0.9487040785265015,0.9380560507622706,0.9251120865309373,0.9093056050995816,0.8898596948993114,0.8656823918432179,0.8350387818205962,0.7948783437196347,0.7378421606969625,0.5975012808788251,0.4563812007485218,0.35632238938819044,0.28404481097759743,0.23038134806885419,0.1888672818030103,0.15473632766657625,0.12386912143880305,0.0897889867448601,0.05970714642337855,0.03915114902619345,0.024911148884197952,0.0151170091973382,0.009274548254625398,0.005002352034031838,0.0018728459247454672,0.0,0.0,0.0,0.0,0.0,0.0,0.0,0.0,0.0,0.0,0.0,0.0,0.0,0.0
0.7,1e-06,1.1303344867358707e-05,0.5,0.9999999060140173,0.9999999060140173,0.9999999060140173,0.9999996240560695,0.9999995300700868,0.9999995300700868,0.9999992481121388,0.9999990601401735,0.9999989661541908,0.9999989661541908,0.9999987781822256,0.999998402238295,0.9999979323083817,0.9999974623784685,0.9999967104906073,0.9999959586027461,0.9999953007008676,0.9999939848971104,0.9999918232195095,0.9999875938502903,0.999981014831505,0.9999693135766652,0.9999539938614935,0.9999377342864953,0.999922038627393,0.999903335416846,0.999884068290403,0.999862921444307,0.9998306372592672,0.9997749975575393,0.9997435592463433,0.9996980700307414,0.9996538966188966,0.9995888113259124,0.9995085942897218,0.9994163470477523,0.9993010262470424,0.9991612220978526,0.9989903555813975,0.9987836804055533,0.9985386119557971,0.9982311368135622,0.9978693847663478,0.9974173121898081,0.9968955020141431,0.9962647150915971,0.9955051203798312,0.9945876292172157,0.9934783596570057,0.9921360518528185,0.9905353765823304,0.988601802961301,0.9862639486359086,0.983450760203271,0.9800700374144099,0.9759689590615387,0.9710445635006658,0.9650855702427973,0.95789954298846,0.9491913657521376,0.9386326045174644,0.9257898429254565,0.9100860540356429,0.8907397913952919,0.8666189468504099,0.8359502398733746,0.7955218874791357,0.7374390671252118,0.6355034211132649,0.5236992939162075,0.3976155944174018,0.3082735531574614,0.2445781248847203,0.1982451031305838,0.16349256422849326,0.13623926086791638,0.11349991628198595,0.09276707843962027,0.06999352295600578,0.04642587990499333,0.029945719805511046,0.01875979010862383,0.011361965442388025,0.005923842500357969,0.0017274623610810812,0.0,0.0,0.0,0.0,0.0,0.0,0.0,0.0,0.0,0.0,0.0,0.0,0.0,0.0,0.0
0.8,1e-06,2.9629629629629647e-05,0.5,0.9999998114562572,0.9999998114562572,0.9999998114562572,0.9999997171843857,0.9999997171843857,0.9999997171843857,0.9999996229125144,0.9999994343687716,0.9999994343687716,0.9999994343687716,0.9999994343687716,0.9999994343687716,0.9999993400969002,0.9999988687375432,0.9999983031063148,0.9999980674266362,0.9999972189797935,0.9999961819892081,0.9999944379595872,0.9999915155315736,0.9999820883444333,0.9999667220293943,0.9999420699350222,0.9999020986615468,0.9998609961256146,0.9998266340284878,0.9997973626124168,0.9997488125986437,0.9996872530666169,0.9996270604767253,0.9995395290441266,0.9994527517864991,0.9993316124317448,0.9991894033137317,0.9990232020044463,0.9988230628214553,0.9985751749355982,0.9982818480077242,0.997934314753793,0.9975197070633577,0.9970162952700596,0.9964033395621901,0.9956748536759148,0.9947901121627871,0.9937262540939917,0.9924381232431259,0.9908882936772422,0.9890180340204558,0.9867757304231732,0.9840706462091678,0.9808022875635227,0.9768690765448002,0.9721261644225876,0.9663868928915049,0.9594680445694783,0.9510818074331108,0.9409097782367352,0.9285252824903762,0.9133842300882252,0.8947238673187515,0.8714639328075351,0.8419475984146488,0.8033531184852245,0.7500948846385682,0.6697188756231607,0.588433991495546,0.5115370858943072,0.4373799094198151,0.3622313699456372,0.27718602800364794,0.21500170914902855,0.17098136452500456,0.13928668999958332,0.11586498495703748,0.09788573645845844,0.08332389043421436,0.07063164416365672,0.05838502102922635,0.043957700965475945,0.028473828902963887,0.01732372904077051,0.008892147134257664,0.0022538047655939345,0.0,0.0,0.0,0.0,0.0,0.0,0.0,0.0,0.0,0.0,0.0,0.0,0.0,0.0,0.0,0.0,0.0
0.9,1e-06,0.00013462603878114,0.5,0.9999927284416711,0.9999912174685118,0.9999897064953526,0.999987723343081,0.9999854568833421,0.9999816322325328,0.9999788935936815,0.9999745495458486,0.9999682695636555,0.9999606674799479,0.9999526404350394,0.9999436690319062,0.9999311090675199,0.9999188796285121,0.9999049503447002,0.9998885657295045,0.9998713784098179,0.9998497053885647,0.9998248687672593,0.9997929494592699,0.9997428984733694,0.9996655083168684,0.9995879292887226,0.9995030787022479,0.9993955635183841,0.9992700110924317,0.9991192915197954,0.9989358499346788,0.9987168532624082,0.9984524801774487,0.9981348925065364,0.9977527107330656,0.9972927610598041,0.9967391782685796,0.9960691088903583,0.9952621075695789,0.9943001842820639,0.9931305021851505,0.9917351656904836,0.9900449533402045,0.9879997567333214,0.9855478250391295,0.9825909922201881,0.9790176351343567,0.9747299182695731,0.9695261739269871,0.9632448224143803,0.9556592177578631,0.9464670236718499,0.9352860111649585,0.9216534919250762,0.9049132786398824,0.8841971283577365,0.8581879446628745,0.8249341168484651,0.7812129280374479,0.721390903677161,0.6454577502629566,0.5769998060288207,0.5146278255906347,0.457874351627252,0.4062953941194058,0.3593670231241221,0.31656157848344,0.27726692719621365,0.24073844280239437,0.20597028935702616,0.17082887832340907,0.13121338132939575,0.10241376073475603,0.08235318393208478,0.06802717523001262,0.05768527222353488,0.04987080235130088,0.043949204104331945,0.03826331767020782,0.031204806556716928,0.021637230076449576,0.007378837423254368,0.0,0.0,0.0,0.0,0.0,0.0,0.0,0.0,0.0,0.0,0.0,0.0,0.0,0.0,0.0,0.0,0.0,0.0,0.0,0.0,0.0
1.0,1e-06,0.00013462603878114,0.5,0.9999955615163447,0.9999949004655875,0.999993956107363,0.999992492352115,0.9999912174685118,0.9999896592774413,0.9999870622923238,0.9999842764355614,0.9999812544892429,0.9999782797608356,0.9999743134562925,0.9999693083577025,0.9999625561963971,0.9999550013306008,0.9999456521841779,0.9999358308586426,0.9999235542017236,0.9999081139447524,0.9998896045235515,0.9998670815798962,0.999839978498852,0.9998075870117503,0.9997669796080951,0.9997188173386437,0.9996573868361374,0.9995866071872083,0.9995011899857987,0.9993957051721177,0.9992693028237633,0.9991222662482027,0.9989380691765064,0.9987145868026693,0.9984407701354644,0.9981153915091997,0.9977302822252329,0.9972656579787599,0.9967009317604858,0.9960256211941183,0.9952216418196574,0.9943042450224294,0.9931973627474479,0.9918949038841642,0.9901362255626062,0.9879663264521727,0.9854615106974066,0.9826410904239998,0.9791178315419802,0.9746536613429416,0.9694056738175361,0.9632494497696805,0.9550572366076311,0.945843038974986,0.9338363740723805,0.9189493693670212,0.8995439883005348,0.862273191124317,0.8009313166374576,0.710987381296532,0.631192841538012,0.563040727714893,0.5024147239801451,0.4478158505239583,0.3977094780135462,0.3508741263033796,0.3051771984328942,0.2600475465478891,0.22248834236989717,0.18948930240446826,0.16350722179065053,0.145464502424262,0.13111002132172,0.11833214627504508,0.10639729981541574,0.09731026001770483,0.08888512089957298,0.08082521232478142,0.07314602176821257,0.06587611606615872,0.05902895232331955,0.05261265202042609,0.04671352949920117,0.041292771636616245,0.0362163740006093,0.03135750928162481,0.026507332658306074,0.02158137128746812,0.016459361149215965,0.011329890580989956,0.008201137347271304,0.0058556348249849234,0.003496203018886598,0.001207125900516394,0.0,0.0,0.0,0.0,0.0,0.0,0.0,0.0
1/0.9,1e-06,0.00013462603878114,0.5,0.9999916896476241,0.9999905564177546,0.999988762137128,0.9999866373311228,0.999985031922141,0.999983143205692,0.9999797435160837,0.9999749272891385,0.9999689778323239,0.9999629339396868,0.9999558512530028,0.999949240745431,0.9999362086019324,0.9999189268464234,0.9998986231445958,0.9998718978068414,0.9998401673704969,0.9998036679251184,0.9997693405036565,0.9997382711180691,0.9997092321026646,0.9996577645794272,0.9995876931991665,0.9995002456275742,0.9993962717870525,0.9992715692835022,0.999120471967576,0.9989374081257493,0.9987177976206328,0.9984557854312346,0.9981370173125416,0.9977551188465382,0.9972912500866449,0.9967378561670652,0.9960724141441442,0.9952633352352708,0.9942938098640483,0.9931322492478659,0.9917304911172721,0.9900427340983768,0.987998434631807,0.9855473528600173,0.982587639748491,0.9790254733076204,0.9747183970992337,0.9695286292583709,0.963251432921952,0.9556651672146778,0.9464757117675157,0.9352916300963944,0.9216568916146844,0.9049185670459399,0.8842031250324623,0.8581831756538406,0.8249358639111805,0.7812097644373958,0.7213959559936622,0.6454582224420689,0.5769994282855309,0.5146243314652039,0.45787397388396217,0.4062981799761682,0.3593657954584302,0.31656299502077684,0.2772648968260309,0.24074505330996612,0.20598110225869712,0.17088988386471426,0.13115516164485294,0.10237546700875098,0.08232523092863844,0.0680038495818665,0.05767115406807803,0.04985692028540017,0.04392880596668191,0.03825307138347158,0.03117265115917139,0.021489910193421564,0.00747053460685706,0.0,0.0,0.0,0.0,0.0,0.0,0.0,0.0,0.0,0.0,0.0,0.0,0.0,0.0,0.0,0.0,0.0,0.0,0.0,0.0,0.0
1/0.8,1e-06,2.9629629629629647e-05,0.5,0.9999954749501726,0.9999941551439729,0.9999926467940304,0.9999917040753165,0.9999904785409882,0.9999871790254891,0.999984162325604,0.999980862810105,0.9999765263040203,0.9999721897979358,0.9999676647481084,0.9999635167857666,0.9999587560562607,0.9999509314909342,0.9999431069256076,0.9999362250789952,0.9999287776011542,0.9999216129389275,0.9999145896845079,0.9999077078378954,0.9999006845834758,0.99989526395087,0.999887816473029,0.9998793320046028,0.9998637300098854,0.9998380880608634,0.999791329212647,0.9997444289566234,0.9996952661756862,0.9996224411550265,0.9995462223469963,0.9994453985805296,0.9993365145690578,0.9991978406462224,0.9990304609385443,0.9988261266572759,0.9985788986745187,0.9982754375204688,0.9979319579570078,0.9975173974025082,0.9970150697357314,0.9964069690292392,0.995675607850886,0.9947908663377584,0.9937257355986989,0.9924381232431259,0.9908858897445213,0.9890190238751057,0.9867777101324727,0.9840725316465959,0.9808041258650151,0.9768706791666141,0.9721287568990512,0.9663888254648687,0.9594701185506491,0.9510827972877606,0.9409134077037842,0.9285250939466334,0.9133884723224385,0.8947264126592794,0.8714627544091426,0.8419462786084492,0.8033524585821247,0.7500942247354684,0.6697127479515194,0.5884351227580028,0.5115409981769705,0.4373782125261298,0.36224202266710587,0.2771706145526734,0.21498983089323165,0.17097193733786417,0.13928089227949197,0.11586003568378876,0.09787621499944663,0.08331639582043773,0.07062612925917958,0.05837804491074245,0.043915655710829705,0.028486272789989234,0.017332826276361006,0.00889874616525595,0.002257245688900185,0.0,0.0,0.0,0.0,0.0,0.0,0.0,0.0,0.0,0.0,0.0,0.0,0.0,0.0,0.0,0.0,0.0
1/0.7,1e-06,1.1303344867358707e-05,0.5,0.9999999060140173,0.9999999060140173,0.9999998120280347,0.999999718042052,0.9999994360841041,0.9999993420981215,0.9999992481121388,0.9999988721682083,0.9999986841962429,0.9999984962242776,0.999998402238295,0.9999980262943644,0.9999975563644511,0.9999970864345379,0.9999966165046247,0.9999960525887288,0.9999955826588155,0.999994642798989,0.9999935149671972,0.9999921051774575,0.9999904134297698,0.9999887216820822,0.9999856201446548,0.9999830825231233,0.9999777723151037,0.9999663060252205,0.9999347267350506,0.9998870758418478,0.9998423855070984,0.9997978361513229,0.9997486814823977,0.9997010775821862,0.9996389058546641,0.9995799766435435,0.9995124947080017,0.9994111778187066,0.9992965149198753,0.9991642766422887,0.9989949139015559,0.9987893195645122,0.9985330667828208,0.9982382797482435,0.9978709355350615,0.9974248780614113,0.9968975227127701,0.99626339928784,0.9955028647162476,0.9945871592873025,0.9934771848322226,0.9921363808037578,0.9905366923860874,0.988601521003353,0.9862646065377871,0.9834478466378089,0.9800683926597136,0.9759690530475214,0.9710462552483535,0.9650859461867278,0.9579009527781998,0.9491936684087126,0.9386365519287357,0.925791487680153,0.9100866179515389,0.8907415771289623,0.8666190408363925,0.8359544692425938,0.795521793493153,0.7374377043284633,0.635504736917022,0.5237025834256002,0.39761080113228675,0.3082701696620861,0.2445761511790847,0.19823805418188514,0.1634891807331179,0.13623700520433282,0.11349474705294028,0.09276153326664402,0.06997754533895552,0.04642916941438603,0.029948915328921098,0.018763173603999178,0.011363751176058349,0.005923560542410024,0.0017290601227861074,0.0,0.0,0.0,0.0,0.0,0.0,0.0,0.0,0.0,0.0,0.0,0.0,0.0,0.0,0.0
1/0.6,1e-06,5.273437499999999e-06,0.5,0.9999993460733503,0.9999993460733503,0.9999991592371646,0.9999991592371646,0.9999987855647934,0.9999984118924221,0.9999982250562365,0.9999980382200508,0.9999976645476797,0.9999972908753084,0.9999967303667515,0.9999962632762874,0.9999954225134521,0.9999947685868024,0.999993460733503,0.9999926199706677,0.9999915923716467,0.9999894437555119,0.999986921467006,0.9999846794327785,0.9999814097995299,0.9999775796577245,0.9999730955892694,0.999967303667515,0.9999591762934401,0.9999431083814759,0.9998942040098876,0.9998418898779114,0.9998345098485791,0.9998254482935761,0.999809847472076,0.9997792530466793,0.9997471172227511,0.9997158221616582,0.9996609390321297,0.9995973680199695,0.9995184297315411,0.9994202006069467,0.999300952411469,0.9991569484213954,0.9989789402455374,0.9987687962457511,0.9984974166861249,0.9981970308086798,0.9978384921684577,0.9974013422031321,0.9968702603454815,0.9962315608449087,0.9954568913102443,0.9945264471058117,0.9934136040751588,0.9920706255728573,0.9904382378190164,0.988479493957928,0.9861268059994407,0.983283532926538,0.9798563033554518,0.9757306801224842,0.9707578949148281,0.9647452262070073,0.9574858463415303,0.9487053863798008,0.9380560507622706,0.9251127404575871,0.9093056050995816,0.8898640388406273,0.8656802899361296,0.8350374272582505,0.7948761483944536,0.7378465513473248,0.5974978244093909,0.4563822283475428,0.3563235104053042,0.2840433162881124,0.23038116123266855,0.18886503976878274,0.1547338987961631,0.12386585180555454,0.08979440499424335,0.05970910820332766,0.039152830551864116,0.024912083065126097,0.015117943378266345,0.009275108763182285,0.005003005960681539,0.0018730327609310963,0.0,0.0,0.0,0.0,0.0,0.0,0.0,0.0,0.0,0.0,0.0,0.0,0.0,0.0
1/0.5,1e-06,2.666666666666667e-06,0.5,0.9999994452611689,0.9999992603482253,0.9999992603482253,0.9999989829788097,0.9999988905223379,0.9999986131529224,0.9999985206964506,0.9999979659576195,0.9999975036752603,0.9999971338493729,0.9999968564799574,0.9999959319152391,0.9999954696328799,0.9999944526116896,0.9999935280469712,0.9999920487434217,0.9999905232116364,0.9999886278539637,0.9999860390727522,0.999983820117428,0.9999804916844418,0.999975776404378,0.9999712460372578,0.9999644042583417,0.9999573775664818,0.9999484092887134,0.9999338011661627,0.9998849841490314,0.9998395417931221,0.9998272450823674,0.9998143011763099,0.9997967344466603,0.9997785205217078,0.9997417690741516,0.9996997013794644,0.9996529184047135,0.9995813108672736,0.9995026766379739,0.9993979234553794,0.9992725987078006,0.9991200917575009,0.9989338381949797,0.9987035291236268,0.9984298579669811,0.9981180022874656,0.9977406411976516,0.9972825656079214,0.996727688092175,0.9960542813795301,0.9952403408296887,0.9942748641225019,0.9931114843373421,0.9916977324264401,0.9899865480456297,0.9879469582768443,0.9854753656433877,0.9825054788549507,0.9789244547876527,0.9745997108608756,0.9693951973763072,0.9630967851451666,0.9554976028117123,0.9462975366683523,0.9351478871315431,0.9215800848020005,0.9049886784738821,0.8845498347548593,0.8590644394334064,0.8265891036996873,0.7834237657789104,0.7172772623046967,0.5708155321880042,0.4428362668462048,0.3503061534266148,0.28147374321721985,0.2279510614950646,0.18337437553165362,0.1408967288484209,0.09615399106158568,0.06434212296978878,0.04234173566962825,0.02710759034811757,0.01656940168782063,0.00989654074572894,0.005844081128519997,0.0028460875726436276,0.0007522258548883655,0.0,0.0,0.0,0.0,0.0,0.0,0.0,0.0,0.0,0.0,0.0,0.0,0.0
1/0.4,1e-06,1.3605442176870751e-06,0.5,0.9999997273406567,0.9999996364542089,0.9999996364542089,0.9999994546813132,0.9999991820219699,0.9999991820219699,0.9999989548058504,0.999998727589731,0.9999985458168353,0.9999983640439398,0.9999979096117009,0.9999972734065663,0.9999962736556406,0.9999960009962973,0.9999951830182672,0.9999940923808937,0.9999936379486547,0.9999917293332511,0.9999898207178475,0.9999882756482351,0.999985276395458,0.9999826406884721,0.9999780054796348,0.9999735520436931,0.9999683715161691,0.9999616459190326,0.9999534661387315,0.9999440139481613,0.9999321987099486,0.9999162026951376,0.999899161486177,0.9998779395006181,0.9998107744157012,0.9997281586346601,0.9996497690734413,0.9995993725381418,0.9995423867353774,0.9994761305149386,0.9993654308215303,0.9992420070254315,0.999103768738343,0.9989054545092653,0.9986885085583905,0.998416485420155,0.9980799329039888,0.9976738068120392,0.9972109675766687,0.9966449722230566,0.9959626422162733,0.995136666178758,0.9941290990185582,0.9929357599590757,0.991498845219516,0.9897550978322174,0.9876531669541784,0.985132067778932,0.9820877353237587,0.9784193765180593,0.9739902527011338,0.968657263160937,0.9621999173751303,0.9544262631659812,0.9449950219220384,0.9335592346288636,0.9196551077433844,0.9026334848122611,0.8816426689332535,0.8554114313611232,0.8218105298402703,0.776437379396524,0.7045857802426586,0.6049668716625645,0.46978405061902534,0.37177737673627764,0.29745225746258397,0.23772250195303615,0.18429899350984422,0.12794521510345536,0.08632294836000176,0.05756602184701166,0.037672432608948654,0.023899409424406583,0.014376327424971988,0.008321835818994368,0.004960037001690625,0.0024721113798875836,0.0008404269827139884,0.0,0.0,0.0,0.0,0.0,0.0,0.0,0.0,0.0,0.0,0.0,0.0,0.0
1/0.3,1e-06,6.520951575896634e-07,0.5,0.999999559387824,0.9999994712653888,0.9999992068980832,0.9999991187756481,0.9999990306532128,0.9999987662859072,0.9999983256737313,0.9999979731839905,0.9999977088166849,0.9999975325718145,0.9999970919596385,0.9999964751025922,0.999995505755805,0.9999948007763234,0.9999934789397955,0.9999922452257027,0.9999906590218691,0.9999877509815077,0.9999851073084518,0.9999823314517431,0.9999784981258121,0.9999755900854506,0.9999705671066443,0.9999642222913102,0.9999577012311057,0.9999491533548917,0.9999382261729273,0.9999252721749533,0.9999087932795716,0.9998886132419116,0.9998530117780922,0.9997947628484273,0.999703335821911,0.9996642975831188,0.9996047708781436,0.9995385468680934,0.9994658899202739,0.9993759609751558,0.9992522370761399,0.9990963484882772,0.9989252147191257,0.9986997534686753,0.998440188835804,0.9981169116822854,0.9977245024783553,0.9972518577971788,0.9966814412741517,0.9960103889301302,0.9952011606077205,0.9942201816591129,0.9930354195791131,0.9916035181296048,0.9898840291128327,0.9878213032109701,0.9853316241105803,0.9823185418063407,0.9786973706380275,0.9743387468707724,0.9690684083889738,0.9627136792808645,0.9550323990945243,0.9457443384860283,0.9344695575760268,0.9207563848229198,0.9040070416875516,0.8833632597123261,0.8576055125165583,0.8247124917429278,0.7804835330892694,0.7189583434674134,0.6434096138756882,0.5310312580852334,0.4177103006666991,0.33181943395787467,0.2623144494004502,0.19708873435738652,0.13521854540173608,0.09151360680897383,0.06130646973769829,0.04038034348010301,0.025892398276748156,0.015904513349138973,0.008980381126007327,0.00522288455044516,0.0029120058710691227,0.0014282003072300581,0.00046938415107428296,0.0,0.0,0.0,0.0,0.0,0.0,0.0,0.0,0.0,0.0,0.0,0.0,0.0
1/0.2,1e-06,2.6041666666666636e-07,0.5,0.9999996696431952,0.999999380580991,0.9999991741079881,0.9999990089295857,0.9999985133943786,0.9999980178591714,0.9999974397347632,0.9999968616103548,0.9999963660751476,0.9999954575939346,0.9999947555857245,0.9999934341585054,0.999992566971893,0.9999909977770703,0.9999892634038454,0.9999875290306204,0.9999843906409752,0.99998125225133,0.9999781138616848,0.9999739844016253,0.9999694419955599,0.9999626283864618,0.9999551540637541,0.9999449130028066,0.9999356630122734,0.9999237288727015,0.9999104733059107,0.9998911474328324,0.9998608371959958,0.9998261910260969,0.9997872089231356,0.9997363339752029,0.9996772414017518,0.9995953129141719,0.9995018219384255,0.9994013934697792,0.9992658232960269,0.9991181125096996,0.9989141171827618,0.9986961229862223,0.9984397248111299,0.9981323278043029,0.9977535324330478,0.9972982181668906,0.9967457377055341,0.9960708187534143,0.9952576041839029,0.9942834232612733,0.993125811722802,0.9917183678507329,0.9900266932427704,0.9879774486882584,0.9855086922863049,0.9825484062534726,0.9789780750860548,0.9746674969083765,0.9694663180796722,0.9631952374441599,0.9556218489896925,0.9464525894006424,0.9353372804639664,0.9218316748664667,0.9053277096143865,0.8850214201287475,0.8597442105073203,0.8275732389680133,0.7849383808164117,0.7312741477919715,0.6670080628946499,0.5846874417875177,0.4647716381745623,0.367306304888525,0.2885605986494766,0.21439363772436854,0.14747069951938452,0.10046918512249692,0.06801245494707457,0.045559011408913545,0.029990534038705677,0.01912212551898538,0.011520367673909423,0.006136047291567671,0.003455284410160933,0.0022394887794517735,0.0012654317406239886,0.0005063543924922121,0.0,0.0,0.0,0.0,0.0,0.0,0.0,0.0,0.0,0.0,0.0,0.0,0.0,0.0
0.2,3e-06,7.8125e-07,0.5,0.9999993392863905,0.9999993392863905,0.9999991741079881,0.9999990089295857,0.999998678572781,0.9999979765645709,0.9999977287969672,0.9999974397347632,0.9999967790211536,0.9999962834859465,0.999995622772337,0.9999944665235203,0.9999929799178989,0.9999920714366858,0.9999900892958573,0.9999882310388305,0.9999851752383865,0.9999813348405312,0.9999761317208563,0.9999715893147908,0.9999671294979267,0.9999621328512547,0.9999544107609435,0.9999457801894192,0.9999322355604241,0.999914726649772,0.9998908583706282,0.9998663706724755,0.9998369276222515,0.9998040158255775,0.9997650750172168,0.9997213853297876,0.9996727815848876,0.9996081555349569,0.9995144580862075,0.9994044905648238,0.9992675989638524,0.9991169975554836,0.9988995401887518,0.9986930671857783,0.9984389815083191,0.9981278266928381,0.997748411902574,0.9972970619180739,0.9967414843616728,0.9960716033508256,0.9952604535113438,0.9942844969208887,0.9931247380631866,0.9917195240995496,0.9900259912345604,0.9879763337340424,0.9855088161701067,0.9825473738884577,0.9789778686130519,0.9746676620867789,0.9694690022287109,0.963196352398376,0.9556189170730502,0.9464489967703906,0.9353347614933301,0.9218311793312596,0.9053273379629811,0.885021874369354,0.8597449951047316,0.8275734041464157,0.7849367703269884,0.7312707616347227,0.6670005059827411,0.5846835600950618,0.46476560916287546,0.36730035846603937,0.2885556845920058,0.21439025156711977,0.14746739595133695,0.10046654226805886,0.0680106379846484,0.04555777257089571,0.02999012109269973,0.019121547394577054,0.011520037317104666,0.006135799523964103,0.003455284410160933,0.002239406190250584,0.0012654317406239886,0.0005063543924922121,0.0,0.0,0.0,0.0,0.0,0.0,0.0,0.0,0.0,0.0,0.0,0.0,0.0,0.0
0.3,3e-06,1.9562854727689895e-06,0.5,0.999999559387824,0.9999994712653888,0.9999992068980832,0.9999991187756481,0.9999989425307776,0.9999987662859072,0.9999985019186016,0.999998237551296,0.99999779693912,0.9999975325718145,0.9999968275923329,0.9999962988577218,0.9999955938782402,0.9999942720417122,0.9999931264500547,0.9999923333481379,0.999990130287258,0.9999876628590725,0.9999853716757574,0.9999823755129607,0.9999780575136361,0.9999743563713578,0.9999694215149868,0.9999630326384351,0.9999552778641377,0.9999449234780021,0.9999323219697691,0.9999084848510484,0.9998739408564514,0.9998290865369364,0.9997639199961085,0.9997340905517945,0.999706067617402,0.9996704661535826,0.9996255677728499,0.9995546292125168,0.9994779626938958,0.9993708498739144,0.9992507830559592,0.999103618589181,0.9989194867608379,0.9987049086311343,0.9984361352037849,0.9981181894575958,0.9977253396414897,0.9972529593276188,0.9966793703969246,0.9960110498483942,0.995199354097799,0.9942219000465992,0.9930337452528444,0.9916014913135953,0.9898825310314343,0.9878218760067988,0.9853303022740523,0.9823194670919103,0.9786971943931572,0.974337909707638,0.9690688930623674,0.9627146045664341,0.9550327956454827,0.9457413863844493,0.9344702184942907,0.920755591721003,0.9040083194628621,0.883362378487974,0.8576059090675165,0.8247157082118125,0.7804771882739353,0.7189561404065334,0.6433982020203302,0.5310286144121775,0.417707568871208,0.3318153803258556,0.26231295131905186,0.19708785313303456,0.1352150205043282,0.09151091907470033,0.061305412268475926,0.04037928601088065,0.0258913408075258,0.015903632124787008,0.008980337064789729,0.005222620183139569,0.0029118736874163276,0.0014281121847948615,0.00046938415107428296,0.0,0.0,0.0,0.0,0.0,0.0,0.0,0.0,0.0,0.0,0.0,0.0,0.0
0.4,3e-06,4.081632653061224e-06,0.5,0.9999999091135522,0.9999998182271044,0.999999545567761,0.9999993637948654,0.9999992729084177,0.9999990911355221,0.9999989093626265,0.9999984549303875,0.9999980913845964,0.9999979096117009,0.9999974551794619,0.9999969098607752,0.9999960009962973,0.9999955465640583,0.9999944559266848,0.9999931835164158,0.9999916384468033,0.9999903660365342,0.9999881393185635,0.9999865488057271,0.9999839130987411,0.9999809138459641,0.9999767330693657,0.9999718252011851,0.9999665537872133,0.9999591919849423,0.9999510122046412,0.9999395605122197,0.9999216104387811,0.999890072841398,0.9998522640791174,0.9998007314632205,0.9997479264370545,0.9997209786052847,0.9996714454912392,0.9996172771683564,0.9995556561567548,0.9994702683390561,0.999377291502967,0.9992472784394033,0.9990941802181011,0.9989075448975644,0.9986864636133153,0.9984136224970497,0.9980790240395109,0.9976757154274428,0.9972088317451456,0.9966455629849672,0.9959613698060042,0.9951368025084296,0.994126099765781,0.9929373959151359,0.9914988906627399,0.9897558249237997,0.9876516673277899,0.9851318405628126,0.9820869627889525,0.9784200581664177,0.9739893438366559,0.9686549001132945,0.9622016442176383,0.954423309356428,0.944997384969681,0.9335594164017592,0.9196528355821897,0.9026314853104097,0.8816429415925968,0.8554112041450037,0.8218133473201518,0.7764278363195061,0.704576964257223,0.604949739567156,0.4697790518643969,0.3717758316666652,0.29745462051022653,0.23772341081751405,0.18430217453551687,0.12793894393855784,0.0863208579717026,0.05756493120963818,0.037671160198679596,0.023898318787033104,0.014375327674046298,0.008321108727412048,0.004959946115242834,0.0024719296069920034,0.0008404269827139884,0.0,0.0,0.0,0.0,0.0,0.0,0.0,0.0,0.0,0.0,0.0,0.0,0.0
0.5,3e-06,8.000000000000001e-06,0.5,0.9999950073505206,0.9999940827858023,0.9999927883951965,0.9999910317222316,0.9999895524186821,0.9999875183763016,0.999984421084495,0.9999799369456107,0.9999769321102759,0.9999720781455044,0.9999668081266095,0.9999601512606371,0.9999546038723267,0.9999483630604775,0.9999417986509769,0.999933662481455,0.99992839246256,0.9999231224436652,0.9999183147071296,0.9999144315353123,0.9999090690599456,0.9999038914975226,0.9998996384998179,0.9998931665467892,0.9998864172243448,0.9998785584242385,0.9998702373417729,0.9998608067816452,0.9998495270920807,0.9998357510777767,0.9998219750634725,0.9998046857032384,0.9997844377359055,0.9997602141402836,0.9997276694621959,0.9996528721764776,0.9995790919119495,0.9995017058450195,0.9993995414436366,0.9992675136018494,0.9991233739622513,0.9989316192396556,0.9986902153916819,0.9984282862069599,0.9981168003533316,0.9977403176000001,0.997281641043203,0.9967281041462983,0.9960540964665864,0.9952400172320373,0.9942750490354455,0.9931059369490317,0.9916991192735177,0.9899866405021015,0.9879482526674501,0.9854741174810179,0.9825076978102748,0.9789246859288323,0.9745997108608756,0.9693949662351277,0.963098819187547,0.9555003302776315,0.9463008188731026,0.9351453908068034,0.921579252693754,0.9049871067138607,0.884547662027771,0.8590674442687412,0.8265894735255747,0.7834254299954035,0.7172815615306373,0.5708157171009478,0.4428322912179157,0.35030619965485077,0.28147725656314976,0.2279529106245014,0.18337474535754097,0.14090921047211927,0.09614816630385976,0.0643410134921267,0.0423390544319449,0.02710740543517389,0.01656856957957407,0.009895246355123182,0.005843618846160798,0.0028457177467562686,0.0007520409419446859,0.0,0.0,0.0,0.0,0.0,0.0,0.0,0.0,0.0,0.0,0.0,0.0,0.0
0.6,3e-06,1.58203125e-05,0.5,0.9999999065819072,0.9999998131638144,0.9999998131638144,0.9999997197457215,0.9999995329095359,0.9999995329095359,0.9999994394914431,0.9999992526552575,0.9999990658190718,0.9999988789828862,0.9999982250562365,0.9999972908753084,0.99999701062103,0.9999965435305659,0.9999958896039162,0.9999953290953593,0.9999937409877814,0.9999901911002544,0.9999792611833952,0.9999545053887994,0.9999301232665747,0.9999081233057169,0.9998928961565882,0.9998820596578216,0.9998739322837468,0.9998663654182288,0.9998584248803396,0.999850671178636,0.9998403951884264,0.9998298389439384,0.9998168538290372,0.999800785917073,0.9997675757850775,0.9997221278829233,0.999662340303522,0.9996026461422134,0.999526557105616,0.9994180519908119,0.9993026339371396,0.9991554537319104,0.9989747831404071,0.9987593610183768,0.9984919050186488,0.9981992261338609,0.9978359231709053,0.997399380423183,0.9968704471816672,0.9962311871725374,0.9954580590364045,0.9945258398882084,0.9934148185103654,0.9920695979738363,0.9904363694571601,0.9884780926865357,0.9861269461265799,0.9832841868531877,0.9798548086659667,0.9757314741762732,0.9707597632766845,0.964743357845151,0.9574876679943402,0.9487038916903159,0.9380552567084817,0.9251126470394943,0.9093014479944513,0.8898590876817081,0.8656809905718257,0.835035885859719,0.7948743734506901,0.7378372095380433,0.5975061386196514,0.45638073365805776,0.3563227630605617,0.2840472398480106,0.23038443086591706,0.18887260663430072,0.1547397841360104,0.12387360550725814,0.08978319482310561,0.059704063626315675,0.039149187246244346,0.024908813431877588,0.015114393490739394,0.009273240401325995,0.005002352034031838,0.0018723788342813947,0.0,0.0,0.0,0.0,0.0,0.0,0.0,0.0,0.0,0.0,0.0,0.0,0.0,0.0
0.7,3e-06,3.3910034602050004e-05,0.5,0.9999983082523123,0.9999981202803471,0.9999977443364164,0.9999968044765899,0.9999957706307808,0.9999947367849716,0.9999932330092492,0.9999918232195095,0.9999906953877178,0.9999889096540475,0.9999859960885854,0.9999830825231233,0.9999803569296264,0.9999749997286155,0.9999702064435004,0.9999640973546282,0.9999589281255825,0.9999502814151789,0.9999409768028967,0.9999305443588227,0.9999173863212519,0.9999062489823081,0.9998950646503728,0.9998842562623682,0.9998710982247975,0.999855966481591,0.9998289925045709,0.9998194059343407,0.999807986637449,0.9997863698614398,0.9997579391016885,0.9997030512878218,0.9996562462684628,0.9995956723026458,0.9995119777850971,0.9994213283048327,0.9993029529596867,0.9991596243361477,0.9989890397776404,0.9987849962093104,0.9985357923763176,0.998232264645354,0.9978645914812327,0.9974191449164698,0.9968965358599522,0.9962655609654409,0.9955067181415362,0.9945897908948166,0.9934789705658928,0.9921356289158966,0.9905355645542957,0.9886024608631795,0.986263713670952,0.9834477996448175,0.9800673588139044,0.975970603816235,0.9710466311922841,0.9650851942988666,0.9578970053669286,0.9491885461726581,0.9386357530478832,0.9257884331357168,0.9100873698394001,0.8907322725166801,0.8666141535652948,0.8359538583337065,0.7955199137735001,0.7374248752418318,0.635502857197369,0.523691117135717,0.3976212335763607,0.3082780644846286,0.2445860197072628,0.19824876858390708,0.16349397401823298,0.13624480604089265,0.11349954033805536,0.09278023647719108,0.07001279008244873,0.04641751515253761,0.02994073854843067,0.01875715850110967,0.01135905187692592,0.005921398864809106,0.0017259585853587039,0.0,0.0,0.0,0.0,0.0,0.0,0.0,0.0,0.0,0.0,0.0,0.0,0.0,0.0,0.0
0.8,3e-06,8.888888888886e-05,0.5,0.9999978317469577,0.9999976432032149,0.9999973603876007,0.9999966062126294,0.9999961348532724,0.9999952864064298,0.9999941551439729,0.9999929296096447,0.9999915155315736,0.9999895358222741,0.9999871790254891,0.9999848222287039,0.999981805528819,0.9999777518383486,0.9999723783416786,0.99996709911688,0.9999611599889815,0.9999526755205551,0.9999455108583284,0.9999343867775027,0.9999260908528191,0.9999187847827854,0.9999091219159665,0.9998946040477702,0.9998762681687821,0.9998600062709649,0.9998255499019667,0.9997549874062207,0.9996857918526101,0.9996285216907321,0.9995407545784548,0.9994514319802994,0.9993321780629733,0.9991902046246386,0.9990228720528963,0.9988207060246702,0.9985662662437504,0.9982823193670812,0.9979356345599927,0.9975186229368366,0.9970152111435385,0.9964072518448533,0.9956782945992211,0.9947888866284589,0.9937208805973217,0.9924378404275116,0.9908887650365992,0.9890217577593763,0.9867772387731157,0.9840724373747245,0.9808070482930287,0.9768691236807359,0.9721336590363643,0.9663897210476471,0.9594634252477795,0.951080204811297,0.9409065729931074,0.9285233027810768,0.913383004553897,0.8947261298436652,0.8714630843606925,0.8419423191898502,0.8033469908135832,0.7500902181809337,0.6697161417388899,0.5884343214470958,0.5115327493882227,0.4373734046606882,0.3622083676090146,0.27720445815450745,0.21501999789208096,0.1709884349153599,0.1392974841288591,0.11587365796920666,0.09789587068463439,0.0833318092714123,0.07064418232255347,0.05841009734701985,0.04401219010714753,0.02846331758930233,0.017311002338130956,0.008883756937702696,0.002248714084538112,0.0,0.0,0.0,0.0,0.0,0.0,0.0,0.0,0.0,0.0,0.0,0.0,0.0,0.0,0.0,0.0,0.0
0.9,3e-06,0.00040387811634348,0.5,0.9999938144536292,0.9999923506983812,0.999990414764021,0.9999874872535248,0.9999847486146737,0.9999812072713317,0.9999779020175458,0.9999739357130027,0.9999681751278331,0.9999610452232378,0.9999530653962404,0.999943196852794,0.9999335171809924,0.9999187851926897,0.9999002285535775,0.9998828995801572,0.9998609432514367,0.9998321403255883,0.9997978129041263,0.9997568749750926,0.9997058796309675,0.9996466683702889,0.9995784857064772,0.9994867885228745,0.9994120897873136,0.9992885677315438,0.9991213691078893,0.9989359443705011,0.9987152478534266,0.9984521024341588,0.9981347980707139,0.9977516247211075,0.9972908251254439,0.996736534065551,0.9960655675470163,0.9952611159934431,0.9942952736192964,0.9931321548120434,0.991731718782964,0.9900424980088207,0.9879953654675773,0.9855372954449259,0.9825841928409714,0.9789999756355579,0.9747151862812703,0.9695200828164389,0.9632438780561557,0.9556575651309702,0.9464577689612494,0.9352920078396842,0.921657411011708,0.9049141285622845,0.884183293509747,0.8581798704000547,0.8249434187769767,0.781181716998127,0.7213480770316781,0.6454469845791968,0.5769815799150871,0.5146161155486504,0.4578592891135706,0.40627235177872706,0.3593417615416157,0.31652739271571173,0.27721508192968647,0.24067177111174196,0.20584544519974216,0.17028662783087903,0.13166492621445886,0.10262246390237904,0.08244502276942116,0.06806792428740145,0.05770392329846952,0.04988090698430345,0.04394915688642071,0.038250379962531646,0.031193663129667374,0.02158580977112345,0.007412975973071436,0.0,0.0,0.0,0.0,0.0,0.0,0.0,0.0,0.0,0.0,0.0,0.0,0.0,0.0,0.0,0.0,0.0,0.0,0.0,0.0,0.0
1.0,3e-06,0.00040387811634348,0.5,0.9999947588118538,0.9999939088894517,0.999992492352115,0.9999906036356658,0.9999885732654831,0.9999862123699217,0.9999831904236032,0.9999799796056398,0.9999762021727416,0.999971291509974,0.9999655309248043,0.9999584482381203,0.999949854578277,0.9999389944586948,0.999925301264439,0.9999106637119587,0.9998934291743609,0.9998697730008361,0.9998441808929511,0.9998107506118025,0.9997724096678862,0.9997273165626644,0.9996732048363984,0.9996011503038661,0.9995214936876263,0.9994191252560863,0.9992955087644942,0.9991544688636594,0.9989868452788038,0.9987800308276299,0.9985321840115997,0.9982325391469536,0.9978713221260677,0.9974312039755214,0.996905290880276,0.9962654881831511,0.9954995664451392,0.9945680514924543,0.9934432264112064,0.9920809896723096,0.9904390812452156,0.9884576760364001,0.9860834178061765,0.9832281979321954,0.9798065519951362,0.9757157338201689,0.9707530369143964,0.9647144799013183,0.9574254509452176,0.9485713843215003,0.9374958566282898,0.9236619529970247,0.9062984632836355,0.8839236894338214,0.8546951413335963,0.8155453073801029,0.7615979466630253,0.689221860155279,0.6202620367427121,0.5558973660149272,0.4948354937416436,0.4415982431915077,0.3947789455711582,0.3529371712807065,0.31525449226485625,0.27998153213056093,0.24610844141041033,0.21652188710726267,0.18937602663543485,0.16521207169340996,0.14625204996561592,0.12946929334240673,0.11472205365427914,0.1016772085375272,0.09023668639053255,0.08032271931350446,0.07190197146111671,0.06471549980820085,0.057907526931680026,0.05146955360753341,0.045275980191897366,0.04077573550868139,0.03631869521423805,0.03175243989112683,0.02710591411892983,0.022433654585114156,0.017425345177096443,0.011711033560413713,0.007505003682052718,0.00512517373830436,0.0026792859367495304,9.448304036508134e-05,0.0,0.0,0.0,0.0,0.0,0.0,0.0,0.0
1/0.9,3e-06,0.00040387811634348,0.5,0.9999934839282507,0.9999922562625588,0.9999905564177546,0.9999881010863708,0.9999858818445432,0.999983143205692,0.9999790824653265,0.9999732274443344,0.9999684112173892,0.9999616590560837,0.9999546708052222,0.9999440467751961,0.9999314868108097,0.9999178880523764,0.9999037698969195,0.9998826634906011,0.9998598100215672,0.9998325652867893,0.9998000793638652,0.999758622037808,0.9997087599235523,0.9996500680598972,0.9995738111332657,0.9994818306421956,0.9993607639178098,0.9992711915402124,0.9991239660930068,0.9989402412004228,0.9987213389639749,0.9984562103924356,0.9981375367095651,0.9977555910256505,0.9972958302240339,0.9967367229371958,0.996071139260541,0.9952634768890045,0.9942938570819595,0.993130407749328,0.9917277524784209,0.9900299380444343,0.9879913047272117,0.9855355011642992,0.9825810292409192,0.9789924679876727,0.9747140058334897,0.9695148888462038,0.963235614921691,0.9556526072502913,0.9464609325613016,0.9352919134038618,0.9216578831908202,0.9049116732309007,0.8841844739575276,0.8581818535523262,0.8249402079590133,0.7811870054041844,0.7213791464172654,0.6454478817195102,0.5769881904226588,0.5146168238173188,0.4578612250479309,0.4062800010803458,0.35934346138641987,0.31654004711592054,0.27723486623449056,0.2407011406525251,0.20590191782156955,0.1705785289580839,0.1314300643240161,0.1024719332013876,0.08235247566341637,0.06799412269215376,0.05765037818713818,0.04983439734174492,0.0439102021096585,0.03821850787245347,0.031122977916560664,0.021147485901203886,0.007660964442835258,0.0,0.0,0.0,0.0,0.0,0.0,0.0,0.0,0.0,0.0,0.0,0.0,0.0,0.0,0.0,0.0,0.0,0.0,0.0,0.0,0.0
1/0.8,3e-06,8.888888888886e-05,0.5,0.9999985859219289,0.9999985859219289,0.9999981145625719,0.9999979260188291,0.9999973603876007,0.999996511940758,0.9999954749501726,0.9999943436877158,0.9999932595611946,0.9999918454831236,0.9999899600456955,0.9999872261614248,0.9999849165005753,0.9999816169850761,0.99997784611022,0.9999732267885212,0.9999671933887514,0.9999597459109104,0.999951120034677,0.999941315760051,0.9999296260479968,0.9999103945862304,0.9998885235120646,0.9998546327742949,0.9998146143648838,0.9997876526096622,0.9997629062434187,0.9997374999740752,0.9997019594785559,0.999625222175233,0.9995549424951011,0.9994498293584856,0.9993384942783573,0.9992002445789432,0.9990334305024936,0.998828954813418,0.9985831880446675,0.99828693868878,0.9979307324226796,0.9975163604119228,0.9970163895419311,0.9964065448058178,0.9956735810056508,0.9947905363862085,0.9937256884627633,0.9924389716899684,0.990883250132122,0.9890227004780904,0.9867805854245505,0.9840745113558954,0.9808034659619153,0.9768713390697139,0.9721317735989362,0.9663888726008044,0.9594661591320502,0.9510817602971751,0.9409094011492495,0.9285274978793543,0.913387435331853,0.8947249985812084,0.8714647812543778,0.8419455244334779,0.8033531184852245,0.7501057730397154,0.6697057246970998,0.5884340386314817,0.5115398669145137,0.43737863674955113,0.3622432953373698,0.277160386054626,0.21498238341539072,0.17096712947242257,0.13927368048132954,0.11585362519653328,0.09787249126052616,0.08330536601148344,0.07061542940177522,0.058366213790881236,0.04387563730141866,0.028502157600320824,0.017340273754201933,0.008902988399469135,0.0022595553497495855,0.0,0.0,0.0,0.0,0.0,0.0,0.0,0.0,0.0,0.0,0.0,0.0,0.0,0.0,0.0,0.0,0.0
1/0.7,3e-06,3.3910034602050004e-05,0.5,0.9999994360841041,0.9999994360841041,0.9999993420981215,0.9999992481121388,0.9999989661541908,0.999998543217269,0.9999983552453037,0.9999977913294078,0.9999976973434251,0.9999972274135118,0.9999960995817201,0.9999959116097548,0.9999951597218936,0.9999935619601886,0.9999919641984836,0.9999889566470388,0.999986231053542,0.9999829415441492,0.9999784302169822,0.9999740128757977,0.999968561688804,0.9999622646279666,0.99995493372132,0.9999462870109164,0.9999383921883739,0.9999265499545601,0.9999158355525382,0.9999034294028286,0.9998898014353446,0.9998485885819531,0.9997749505645479,0.9997097242925899,0.9996308700531477,0.9995757002813329,0.9994972219858214,0.9994123526434897,0.999296185968936,0.9991548310510325,0.998986220198161,0.9987818006859003,0.998539034892719,0.998233862407059,0.9978689148364346,0.9974252070123506,0.9968936222944901,0.9962662658603108,0.9955057312887184,0.9945882401261029,0.9934787356009362,0.9921358168878619,0.9905353765823304,0.9886009570874571,0.986263431713004,0.9834483165677221,0.980067593778861,0.9759716376620442,0.9710427777669955,0.9650849123409188,0.9578976632688071,0.9491898619764153,0.9386322285735339,0.9257893729955433,0.9100907533347754,0.8907389455214481,0.8666172551027223,0.8359563489622467,0.7955252709745111,0.7374449412491273,0.6354987218141325,0.5237017375517563,0.3976046920434146,0.30826857190038104,0.24457314362763993,0.19823730229402398,0.1634815678685234,0.13623399765288804,0.11348835600612017,0.09275410837401478,0.06996363541352352,0.046430861162073706,0.029951640922417908,0.018763173603999178,0.011364691035884835,0.005924782360184455,0.0017294360667167016,0.0,0.0,0.0,0.0,0.0,0.0,0.0,0.0,0.0,0.0,0.0,0.0,0.0,0.0,0.0
1/0.6,3e-06,1.58203125e-05,0.5,0.9999997197457215,0.9999996263276287,0.9999991592371646,0.9999990658190718,0.9999988789828862,0.9999988789828862,0.9999987855647934,0.9999985053105149,0.9999983184743293,0.9999981316381437,0.9999971974572156,0.9999969172029372,0.9999966369486587,0.999995983022009,0.9999954225134521,0.9999943949144311,0.999993460733503,0.9999921528802036,0.9999903779364401,0.999987949066027,0.9999856136137065,0.9999825308166437,0.999979354601488,0.9999754310415898,0.9999700127922065,0.9999639406161736,0.9999568408411197,0.9999455839609356,0.9999274608509295,0.9998602465331495,0.9997807477361643,0.9997572997948678,0.999731049310787,0.9997022765382001,0.9996677585529051,0.9995874657021311,0.9995107694479304,0.99942561885633,0.999296935433478,0.9991544728419358,0.9989861801477304,0.9987689363728903,0.9985090939477267,0.9981930138306888,0.9978359698799517,0.9973990534598581,0.9968739503601478,0.9962338495881827,0.9954565176378731,0.994524765580141,0.9934131369846947,0.9920702051914396,0.990439919344687,0.9884789334493711,0.9861257316913733,0.9832802165842431,0.9798576112087511,0.975731567594366,0.970755699589647,0.9647441051898935,0.9574856127962983,0.9487023970008308,0.9380572184884308,0.9251111990590556,0.9092993927964094,0.8898610494616572,0.8656773472662059,0.8350394357472459,0.7948761951035,0.7378480927458562,0.5974905377981514,0.45637227932065805,0.35631790531973534,0.28404200843481303,0.2303795731250907,0.18886644104017497,0.15473109625337864,0.12386183482756351,0.08979879564460562,0.05970957529379173,0.03915264371567848,0.02491236331940454,0.015118410468730418,0.0092752021812751,0.005003379633052797,0.0018733130152095397,0.0,0.0,0.0,0.0,0.0,0.0,0.0,0.0,0.0,0.0,0.0,0.0,0.0,0.0
1/0.5,3e-06,8.000000000000001e-06,0.5,0.9999996301741126,0.9999994452611689,0.9999991678917535,0.9999990754352815,0.9999990754352815,0.9999989829788097,0.9999987056093942,0.9999983357835068,0.9999979659576195,0.9999975961317321,0.999997087621137,0.999996579110542,0.9999960243717109,0.9999949148940488,0.9999941752422741,0.9999936205034431,0.9999926034822528,0.9999916789175344,0.9999897373316258,0.9999871485504143,0.9999840050303718,0.9999805841409136,0.9999765160561527,0.9999724479713917,0.9999660684748348,0.9999597814347497,0.999949796135791,0.9999378692509236,0.9999252027142816,0.9999038452692867,0.9998239166493812,0.9997908634606985,0.9997561922837586,0.9997230928668399,0.9996846309745545,0.9996423783669238,0.9995911112532886,0.9994935234472617,0.9993936704576748,0.99927759135728,0.9991162085856836,0.9989339768796874,0.9987130983684622,0.9984288871740268,0.998122393969878,0.9977368504823061,0.9972823344667419,0.996726578614513,0.9960573324431008,0.9952398785473294,0.9942756500025125,0.9931140268903177,0.9916945426781617,0.9899885358597742,0.9879488074062811,0.9854790639022613,0.9825082525491058,0.9789258416347303,0.9745975843620233,0.9693957983433742,0.9630975710251772,0.9555002840493956,0.9462978140377678,0.9351462229150499,0.9215789753243384,0.9049895568103645,0.8845499272113311,0.8590662423346073,0.8265919698503144,0.7834276489507277,0.7172652429633575,0.5708148849927013,0.44283247613085935,0.3503044429818858,0.28147374321721985,0.2279475481491347,0.1833727113151605,0.14089266076365994,0.0961524193015644,0.06434313999097903,0.04234071864843801,0.027106850696342853,0.016569216774876952,0.00989654074572894,0.005843988672048157,0.0028460875726436276,0.0007522258548883655,0.0,0.0,0.0,0.0,0.0,0.0,0.0,0.0,0.0,0.0,0.0,0.0,0.0
1/0.4,3e-06,4.081632653061224e-06,0.5,0.9999997273406567,0.9999997273406567,0.9999997273406567,0.999999545567761,0.999999545567761,0.999999545567761,0.9999993637948654,0.9999989093626265,0.999998727589731,0.9999978187252531,0.9999976369523574,0.9999966372014317,0.9999961827691928,0.9999956374505061,0.9999953193479388,0.9999945468131326,0.9999936379486547,0.9999924564248335,0.9999900933771909,0.9999873667837572,0.9999860034870404,0.9999826406884721,0.9999785962415455,0.9999739155894842,0.9999701892451249,0.9999627365564061,0.9999544658896572,0.9999445592668481,0.9999341982118001,0.9999210196768705,0.9999011609880284,0.999864988181808,0.9998287244891397,0.9997691484226134,0.9996790799528535,0.9995891023695415,0.9995362973433755,0.9994673599727268,0.9993631586603355,0.9992401892964757,0.9990969976979827,0.9989061361576237,0.9986885540016144,0.9984181213762153,0.9980809326549145,0.9976723980720985,0.9972093770638324,0.9966435634831159,0.9959618242382432,0.9951394836586394,0.9941327344764698,0.9929370323693447,0.9914971183770079,0.9897554613780085,0.9876523944193721,0.9851315224602453,0.9820880988695498,0.9784181495510141,0.9739901163714622,0.9686546274539511,0.9622010988989516,0.9544236729022192,0.9449965669916508,0.9335593255153114,0.9196549714137128,0.9026315307536336,0.8816421236145667,0.855408432108346,0.8218131201040323,0.7764313808909699,0.7045879615174055,0.6049763692963585,0.46977641615741095,0.37177374127836604,0.2974508941658671,0.2377229563852751,0.18429844819115745,0.12794339737449956,0.08632094885815038,0.05756429500450365,0.03767234172250086,0.02389931853795879,0.014376236538524198,0.008321926705442158,0.004960037001690625,0.0024720204934397935,0.0008404269827139884,0.0,0.0,0.0,0.0,0.0,0.0,0.0,0.0,0.0,0.0,0.0,0.0,0.0
1/0.3,3e-06,1.956285472768989e-06,0.5,0.9999992950205184,0.9999991628368656,0.9999990306532128,0.9999987662859072,0.9999983256737313,0.999998237551296,0.9999977088166849,0.9999973563269441,0.9999970038372034,0.9999963869801569,0.9999958582455457,0.9999952413884994,0.999994624531453,0.9999941839192771,0.9999931264500547,0.9999915402462212,0.9999903946545636,0.9999884559609893,0.9999858122879334,0.9999829923700071,0.999979599656252,0.9999762069424969,0.9999714483309963,0.9999649272707918,0.9999585824554577,0.9999486246202804,0.9999384905402329,0.9999265940114813,0.9999116131974979,0.9998931956085418,0.9998709006324371,0.9998423049022158,0.9997824257074998,0.9996772515810928,0.9995900984926833,0.9995271350127355,0.9994564608197078,0.9993729648123592,0.9992470378524633,0.9990954672639253,0.9989286514940983,0.9986979028975361,0.9984438459168646,0.9981165591925447,0.9977246787232258,0.9972533558785771,0.9966800753764061,0.9960058506247176,0.9951992659753638,0.994219829169372,0.993035331456678,0.9916050162110032,0.9898838528679623,0.9878205101090533,0.9853322409676266,0.9823156778271969,0.9786989568418611,0.9743378656464203,0.9690672187360987,0.962713855525735,0.955032443155742,0.945745263771598,0.9344684560455868,0.9207598656591099,0.9040082313404268,0.8833613210187518,0.8576055125165583,0.8247113020900527,0.7804743242947914,0.7189614718138628,0.6434059127334099,0.5310213002500562,0.41770651140198567,0.3318206676719674,0.2623118497886119,0.19709014431634966,0.13521669483059695,0.09151083095226513,0.06130638161526309,0.040380255357667816,0.025892045787007368,0.01590416085939819,0.008980337064789729,0.005222796428009963,0.0029118736874163276,0.0014281121847948615,0.00046938415107428296,0.0,0.0,0.0,0.0,0.0,0.0,0.0,0.0,0.0,0.0,0.0,0.0,0.0
1/0.2,3e-06,7.812500000000004e-07,0.5,0.999999091518787,0.9999989263403846,0.9999987611619822,0.999998678572781,0.9999983482159762,0.9999982243321744,0.9999976875023667,0.9999971093779584,0.9999967790211536,0.9999961183075441,0.9999957879507393,0.9999947142911239,0.9999937645153102,0.9999928973286977,0.999991039071671,0.9999889330470406,0.9999862076034014,0.9999835647489633,0.9999796830565074,0.9999756361856491,0.9999698549415659,0.999963123921669,0.9999541629933398,0.9999458627786203,0.9999355804230723,0.9999247612377165,0.9999109688411179,0.9998930469844597,0.9998712434353457,0.9998499767160395,0.9998144633595281,0.9997538841804556,0.999672327344281,0.9995870952886536,0.9994961232835434,0.9993894180356068,0.9992716871293112,0.999079047817537,0.9989022243377905,0.9987114845776436,0.9984403029355382,0.9981330298125131,0.997756051403684,0.9972990027643018,0.9967442098053121,0.9960714794670238,0.9952545070888582,0.9942835884396757,0.9931252748929943,0.9917170051289133,0.9900252892263502,0.9879752600744269,0.9855091465269115,0.9825483236642715,0.9789787357996643,0.9746651844107432,0.9694671852662847,0.9631960220415712,0.9556168110484199,0.9464526719898435,0.9353331922985074,0.9218282474146173,0.905326842427774,0.8850242694561885,0.8597366535954114,0.8275677880807347,0.7849396196544295,0.7312745194433768,0.6670056265132148,0.5846909931231689,0.4647706883987486,0.3673027535528739,0.28855997923046767,0.21439826271963514,0.14746888255695836,0.10046926771169812,0.06801129869825792,0.045558515873706414,0.029989873325096162,0.01912162998377824,0.011520532852311801,0.006136047291567671,0.0034554495885633116,0.002239323601049395,0.0012654317406239886,0.0005063543924922121,0.0,0.0,0.0,0.0,0.0,0.0,0.0,0.0,0.0,0.0,0.0,0.0,0.0,0.0
0.2,1e-05,2.604166666666667e-06,0.5,0.9999988437511833,0.9999985959835798,0.9999984308051774,0.9999984308051774,0.9999980178591714,0.9999975223239643,0.9999972745563608,0.9999970267887571,0.9999958705399405,0.9999948794695263,0.999993475453106,0.9999917823744816,0.9999903783580615,0.9999883136280318,0.9999850100599841,0.9999822846163449,0.9999774118534747,0.9999722087337998,0.9999665926681189,0.9999591596400118,0.9999504051846858,0.9999406596589454,0.9999305011871992,0.9999182366908225,0.9999046507672268,0.9998874722133795,0.9998698807135261,0.9998446084179622,0.9998180146951792,0.9997920816860056,0.9997591285947312,0.9997153563181007,0.9996656376189847,0.9996033240666873,0.9995265161095812,0.9994051512784333,0.999267640258453,0.999124182815987,0.9989240278869045,0.9986873685308962,0.9984443498063965,0.9981285699956488,0.9977451909237276,0.9972945429474376,0.9967395848100454,0.9960701167452042,0.9952601231545392,0.9942867681239215,0.9931234992251687,0.9917200196347566,0.9900265693589686,0.9879778616342644,0.985509394294515,0.9825471261208542,0.9789786945050638,0.9746685705679919,0.9694658225444651,0.9631940811953432,0.955615985156408,0.9464476340485709,0.9353340181905193,0.9218294449580345,0.9053252732329514,0.8850185708013064,0.8597418980096869,0.8275686965619479,0.7849314020289111,0.7312636176688199,0.6669905539839978,0.5846685288604454,0.4647519819446792,0.36728879597787284,0.2885489122775083,0.21438191005779964,0.14745723747959066,0.10045976995356133,0.06800626075698536,0.04555446900284813,0.029987808595066428,0.019119895610553266,0.011518963657489204,0.006134643275147452,0.0034552018209597435,0.002238910655043448,0.0012654317406239886,0.0005062718032910228,0.0,0.0,0.0,0.0,0.0,0.0,0.0,0.0,0.0,0.0,0.0,0.0,0.0,0.0
0.3,1e-05,6.520951575896632e-06,0.5,0.9999981053676432,0.9999979291227729,0.9999977528779025,0.9999971800820737,0.9999968275923329,0.9999962988577218,0.9999953295109346,0.999994404225365,0.9999933908173603,0.9999925977154435,0.9999915402462212,0.9999897337362996,0.9999875747366372,0.9999844904514054,0.9999810536764328,0.9999771762892841,0.9999731667184827,0.9999677912499356,0.9999621073528655,0.9999546610070914,0.9999459809472245,0.9999359790508298,0.9999244350118189,0.9999087932795716,0.9998899791396572,0.9998638067764037,0.9998324351894738,0.9998161325389624,0.999802032949331,0.9997849371969029,0.9997631709554093,0.9997390254081655,0.9997068607193188,0.9996698492965362,0.9996299298333922,0.9995766598213159,0.9994789320406829,0.9993685146293817,0.9992533386065798,0.9991147220160157,0.9989190461486619,0.9987094909977645,0.9984345489999513,0.9981145323765351,0.9977273223962817,0.9972497428587341,0.9966791500908366,0.9960125479297925,0.9951993981590166,0.9942232218831271,0.9930321149877933,0.9916002575995025,0.9898816938682999,0.9878222725577572,0.9853307869474459,0.9823186299287759,0.9786975909441156,0.97433768940155,0.9690686286950618,0.962712313383119,0.9550308128906908,0.9457404610988798,0.9344682798007165,0.920754049578387,0.9040061164019821,0.8833583689171727,0.8576003573540992,0.8247107292942238,0.7804716806217356,0.7189453013470043,0.6433876713893242,0.5310161010263796,0.41769813977064196,0.33181132669383656,0.2623096907889496,0.19708498915389067,0.13520431362845184,0.09150254744335666,0.06130131457523929,0.04037598141956078,0.02588953429760427,0.015901869676083077,0.008978662738520996,0.005222267693398784,0.002911609320110738,0.001428024062359665,0.00046920790620388994,0.0,0.0,0.0,0.0,0.0,0.0,0.0,0.0,0.0,0.0,0.0,0.0,0.0
0.4,1e-05,1.360544217687075e-05,0.5,0.9999984549303875,0.9999983640439398,0.9999979096117009,0.9999975460659096,0.9999970916336707,0.999996546314984,0.9999960009962973,0.9999950921318194,0.9999936833918786,0.9999925473112812,0.999990911355221,0.9999885483075784,0.9999865488057271,0.9999844584174279,0.9999806411866208,0.9999769148422614,0.9999729158385586,0.9999673717652434,0.9999626456699583,0.9999557837431502,0.9999478766221924,0.9999403330470259,0.9999309717429035,0.9999197927098253,0.9999068868342391,0.9998908908194282,0.9998702595957798,0.9998343594489028,0.9998219988920033,0.9998084568112826,0.9997930970016061,0.9997737381882268,0.9997522889865484,0.9997237506419423,0.9996911224071857,0.9996506324946953,0.9995614274461895,0.9994703592255039,0.99937511022822,0.9992566851867496,0.9990922716026975,0.9989174515203735,0.9986830099282993,0.9984062606947787,0.998070344383747,0.9976739885849348,0.9972090135180413,0.9966490621132071,0.9959665048903044,0.9951371660542208,0.9941267814141395,0.9929392590873156,0.9915000721865611,0.9897549615025457,0.9876504858039685,0.9851330220866338,0.9820858721515789,0.9784176951187752,0.9739894347231037,0.9686533550436821,0.9621995538293392,0.9544260813930857,0.9449959762297402,0.9335596890611025,0.9196522448202791,0.9026299402407972,0.8816387153727746,0.8554086138812417,0.8218104843970464,0.776423110224221,0.7045598321618146,0.6049200196987287,0.4697670548532886,0.3717706511391412,0.29745153037100164,0.23772086599697592,0.1843043558102638,0.1279285828835098,0.08631440503390951,0.057560023341457524,0.03766534346602103,0.023896137512286142,0.014374055263777238,0.008320472522277519,0.004958855477869354,0.0024709298560663135,0.0008396998911316685,0.0,0.0,0.0,0.0,0.0,0.0,0.0,0.0,0.0,0.0,0.0,0.0,0.0
0.5,1e-05,2.666666666666667e-05,0.5,0.9999997226305845,0.9999996301741126,0.9999996301741126,0.9999995377176408,0.9999993528046971,0.9999993528046971,0.9999990754352815,0.9999987980658661,0.9999983357835068,0.999998243327035,0.9999978735011477,0.9999975961317321,0.9999970413929011,0.9999970413929011,0.9999963017411264,0.9999957470022953,0.9999947299811052,0.9999939903293305,0.9999933431340275,0.9999920487434217,0.9999897373316258,0.9999877032892454,0.9999845597692028,0.9999816011621039,0.9999776255338148,0.9999726328843355,0.9999671779524969,0.9999600588041653,0.9999516452652278,0.9999421222486283,0.9998691740923468,0.9998195249669688,0.99978189518293,0.9997426011823981,0.9997011806830138,0.999654952447094,0.9996029919099201,0.9994973141626071,0.9993936704576748,0.9992778224984595,0.9991116782185635,0.9989219575383483,0.9986967335729466,0.9984369308870769,0.998125814859336,0.9977407336541234,0.9972838137702913,0.9967269484404003,0.996053726640699,0.9952417276767662,0.994276574567231,0.9931061680902112,0.9916987494476304,0.9899879811209432,0.9879467271356648,0.9854702805374366,0.9825085299185213,0.9789240849617653,0.9745976768184952,0.969393024649219,0.9630995588393217,0.9554958923669832,0.9462973517554086,0.9351435416773666,0.9215761091737115,0.9049857660950191,0.8845452119312673,0.8590610647721842,0.8265861450925884,0.7834150286423216,0.7172681553422204,0.5708093376043909,0.4428260041778306,0.35030037489712484,0.2814742054995791,0.22795716362220603,0.18338260415764734,0.14093084528652977,0.0961342978330838,0.06433167538847089,0.04233193528361323,0.027101765590391666,0.016566165711306237,0.009894044420989265,0.005843526389688958,0.0028446082690941916,0.0007513937466418076,0.0,0.0,0.0,0.0,0.0,0.0,0.0,0.0,0.0,0.0,0.0,0.0,0.0
0.6,1e-05,5.273437499997e-05,0.5,0.9999997197457215,0.9999996263276287,0.9999995329095359,0.9999994862004895,0.9999994394914431,0.9999994394914431,0.9999992526552575,0.9999991592371646,0.9999991592371646,0.999998972400979,0.9999985987286077,0.9999984118924221,0.9999976645476797,0.9999971974572156,0.9999967303667515,0.9999960764401018,0.9999952356772664,0.9999943014963383,0.999993460733503,0.9999921528802036,0.9999900042640688,0.9999878556479341,0.9999850531051496,0.9999792144743488,0.9999710871002739,0.9999620255452709,0.9999545520978458,0.9999432485086152,0.9999311041565493,0.9999158770074206,0.9998995288411779,0.9997926118339517,0.9997468836775191,0.9997100769489501,0.99966028510548,0.9996095590810817,0.9995237545628316,0.9994196400983898,0.9993015129200259,0.9991524643529403,0.9989700188176736,0.9987445075416193,0.9984957351604542,0.9982036167842232,0.9978403138212676,0.9973996606774614,0.9968709142721313,0.9962330555343938,0.9954483435547518,0.994523037345424,0.9934141645837157,0.9920710926633214,0.9904343142591182,0.9884792137036496,0.9861255915642341,0.9832830658360739,0.9798552757564308,0.9757303998682058,0.9707571008610393,0.9647449459527289,0.9574857062143911,0.9487022101646452,0.9380552099994353,0.925110218169081,0.90930289597489,0.8898564719751093,0.8656749183957928,0.8350315886274495,0.7948694690008173,0.7378228231517499,0.5975200579154808,0.4563812941666146,0.3563273405471096,0.28404994897270225,0.2303892886067434,0.18887961299126182,0.15474193275214512,0.12388855240210847,0.08975180634391992,0.059696309924612063,0.03914021910933416,0.024903395182494348,0.015109909422284297,0.009268662914778084,0.005000296835989918,0.0018704170543322898,0.0,0.0,0.0,0.0,0.0,0.0,0.0,0.0,0.0,0.0,0.0,0.0,0.0,0.0
0.7,1e-05,0.00011303344867355999,0.5,0.9999992481121388,0.9999992481121388,0.9999992481121388,0.9999989661541908,0.9999983082523123,0.9999982142663296,0.9999975563644511,0.9999973683924859,0.9999959586027461,0.9999956766447982,0.9999947367849716,0.9999935149671972,0.9999925751073707,0.999991447275579,0.9999896615419086,0.9999878758082383,0.9999856201446548,0.9999819546913314,0.9999793230838173,0.999975939588442,0.9999715692402488,0.9999648022494981,0.9999561555390944,0.9999484486885173,0.9999389561042697,0.9999305913518141,0.9999197829638095,0.9998852901081774,0.9998458629884563,0.9998031933523338,0.9997430423234388,0.9996748085000359,0.9996392817985947,0.9995971760783682,0.9995206714884922,0.99942123431885,0.9993043157564352,0.999166203354933,0.9989931751608769,0.9987880977467377,0.9985345705585432,0.9982336744350937,0.9978630877055104,0.9974198028183483,0.9968986975375531,0.996265279007493,0.9955064361835883,0.9945880991471289,0.9934757280494915,0.9921363808037578,0.9905353765823304,0.9886020379262576,0.986258497448915,0.9834501023013925,0.9800676877648437,0.9759694289914519,0.9710433416828914,0.9650809649296475,0.9578964414510327,0.9491890630955627,0.9386326045174644,0.9257861304791419,0.9100825295612937,0.8907347631452203,0.8666147174811907,0.8359471383359471,0.7955115490210444,0.7373897244843213,0.6354888532859544,0.5236416805088439,0.39764219245049137,0.3082984594428633,0.24460058753457334,0.19825995291584228,0.1635061921959773,0.13625834002239404,0.11352237893183897,0.09279997353354728,0.07007472684501416,0.04639618033447637,0.029923351141640683,0.018743624519608273,0.011350217194556951,0.00591575970585019,0.0017221051600701117,0.0,0.0,0.0,0.0,0.0,0.0,0.0,0.0,0.0,0.0,0.0,0.0,0.0,0.0,0.0
0.8,1e-05,0.00029629629629628,0.5,0.9999986801938003,0.9999985859219289,0.9999983502422505,0.9999978788828934,0.9999975960672792,0.9999966533485651,0.9999955220861083,0.9999949564548799,0.9999937780564874,0.9999929296096447,0.999991138444088,0.9999888759191743,0.9999868962098748,0.9999836909662471,0.9999798258195195,0.9999743580509781,0.9999686074668225,0.9999605943577531,0.9999511671706127,0.9999409386725653,0.9999275992027616,0.9999118086643014,0.9998940384165418,0.9998717431189547,0.9998448756356045,0.9998165940741833,0.9997775183834863,0.999729628272813,0.9996731122859063,0.9996110813945223,0.9995225129713381,0.9994545900879915,0.9993381171908717,0.999187942099725,0.9990077885534717,0.9988100533032015,0.9985725824591346,0.9982846761638664,0.9979378028130349,0.9975205555102004,0.997012288715525,0.9964086187869887,0.9956705171698302,0.9947914791049225,0.9937220589957142,0.9924338338729769,0.990888953580342,0.9890237846046115,0.9867747877044591,0.9840695620826466,0.9808042201368865,0.9768696893119643,0.9721312079677077,0.9663858087649838,0.9594640380149436,0.9510758683052124,0.9409072328962073,0.9285195790421563,0.913381590475826,0.8947167497924605,0.8714554954750444,0.8419354373432376,0.8033300218767305,0.750052368024565,0.6697445647081183,0.5884256484349266,0.5115118681687066,0.43733220785288457,0.362045182999614,0.2773561887315324,0.2151012602452313,0.17104433813510253,0.13933552282897066,0.11590844428975478,0.09791976860403533,0.08335994942502643,0.07067015422312531,0.05845426371877268,0.04428802960287597,0.028428154181268595,0.01727107820059131,0.008861508776051324,0.0022281628165720145,0.0,0.0,0.0,0.0,0.0,0.0,0.0,0.0,0.0,0.0,0.0,0.0,0.0,0.0,0.0,0.0,0.0
0.9,1e-05,0.0013462603878116098,0.5,0.9999938616715405,0.9999926340058486,0.9999903203281985,0.9999880066505483,0.9999854568833421,0.9999826710265797,0.9999793185548826,0.9999736524055354,0.9999675140770758,0.9999598647754571,0.9999524043454833,0.9999423941483031,0.9999312035033424,0.9999183602314886,0.999901786744648,0.9998825218368674,0.9998575435618283,0.9998301099554056,0.9997968685459018,0.9997549862586435,0.9997042742219857,0.9996468100240226,0.999573433389976,0.9994870718303419,0.9993833812972875,0.9992574039101341,0.9991059760688293,0.9989227233553577,0.9987031600681524,0.9984409117891981,0.9981260627571369,0.9977591795869037,0.9972881337045039,0.9967313873132272,0.996067172955998,0.9952668293607015,0.99430042037162,0.9931348934508946,0.9917318132187865,0.990045047776027,0.987993854494418,0.9855372954449259,0.9825767324109975,0.9790104580118502,0.9747056954811136,0.9695123862969088,0.9632375980739625,0.9556450996024063,0.9464443590744609,0.9352673128721125,0.9216275220739013,0.9048891975051566,0.8841447164762746,0.8581168344885668,0.8248313234557241,0.7810304308105559,0.7210335113070844,0.6453072195619651,0.5768322768797876,0.5144482558742387,0.4576596990028144,0.40603928416891094,0.359058217984698,0.3161738722143557,0.27673992808900993,0.23996076380448686,0.20445926897985325,0.16747711489496564,0.1354233775122998,0.10492159843584059,0.08334197421108785,0.06837394357006317,0.05776549545470943,0.04982533150278935,0.04384069734433246,0.038097724455534984,0.030864648724238143,0.020707462186480154,0.008793722133169242,0.0,0.0,0.0,0.0,0.0,0.0,0.0,0.0,0.0,0.0,0.0,0.0,0.0,0.0,0.0,0.0,0.0,0.0,0.0,0.0,0.0
1.0,1e-05,0.0013462603878116098,0.5,0.999992917313316,0.9999915007759792,0.9999901786744648,0.9999888565729504,0.9999858346266319,0.9999830015519583,0.999978988029504,0.9999751161607834,0.9999701582801046,0.9999643504770237,0.9999575983157182,0.999949854578277,0.999939230548251,0.9999254429181726,0.9999101443149352,0.9998925792519587,0.9998722755501311,0.9998452669049094,0.9998141503014109,0.9997785479963457,0.9997308579060065,0.9996762740006282,0.9996098383995319,0.9995295207325349,0.999430929733893,0.9993134987886717,0.9991752919625105,0.9990026632790648,0.9987956127383347,0.9985554624418346,0.998255298180165,0.9979032414340571,0.9974709614567746,0.9969521782661243,0.996326021545344,0.9955672769298385,0.9946649426462919,0.9935697704132946,0.9922536183557552,0.9906615720429169,0.9887327675872082,0.9864514342062792,0.9836583531034727,0.98029775992563,0.9762575121335867,0.9713907148055161,0.9655413599627243,0.9584378029619229,0.9498457485276038,0.9393903808804478,0.926582333588499,0.9109034372939528,0.8914639648955606,0.8670980589472181,0.8360131386671064,0.7954176339255782,0.7408180522007229,0.6688591359386665,0.6019823778977869,0.5412829030931698,0.48627162840032706,0.43644676907665,0.39134285095326354,0.3505158367929897,0.3139038711321212,0.28126430112486284,0.2511591052847986,0.22437172319500562,0.20051067115350146,0.1790579214562155,0.15956938964805847,0.14204663392010086,0.12705013087860634,0.11371135426446677,0.10174340804906734,0.09093027028854488,0.08115965679000174,0.07222871940680704,0.06413722204940467,0.05675729861419208,0.05011279414633888,0.044100773599370376,0.038548749943574594,0.03262384644281977,0.025209028971210485,0.014770612554184914,0.009375021838283943,0.0060515419386654445,0.0009544628575411065,0.0,0.0,0.0,0.0,0.0,0.0,0.0,0.0,0.0,0.0,0.0
1/0.9,1e-05,0.0013462603878116098,0.5,0.9999915952118016,0.9999903675461097,0.9999885732654831,0.9999864956773891,0.9999839459101828,0.9999801684772847,0.9999767687876764,0.9999725191756659,0.9999676085128983,0.9999609035695041,0.9999530653962404,0.9999432440707052,0.9999336116168149,0.9999206739091387,0.9999041476402093,0.9998832301055358,0.9998610376872592,0.999831668146476,0.9998001737996877,0.9997579137691396,0.999711592998226,0.9996512012897667,0.9995770219512292,0.9994923130184881,0.999390322330238,0.9992638727639722,0.9991135781525369,0.9989324030271591,0.9987149645459592,0.9984499776281537,0.9981297929721239,0.99775903793317,0.9973030073465404,0.9967475358388668,0.9960756721800188,0.9952697096532864,0.9942980594760588,0.9931287551224351,0.9917163729618153,0.9900296075190558,0.9879975374914937,0.9855436698629415,0.9825851844171072,0.9790152270208841,0.9747110311050823,0.9695133306551335,0.9632377869456075,0.9556492547785943,0.9464458700476202,0.9352683044482483,0.9216321966471128,0.9048920305798303,0.8841610066556479,0.8581451180173917,0.8248772192654367,0.7811051295461169,0.7212239883609738,0.6452767167913125,0.5768117843063151,0.5144288965306356,0.45766607342083,0.40606289312452437,0.3590944813405203,0.31622954213169224,0.27684309922504075,0.2401326370013529,0.20486524858058236,0.16787218715820135,0.13482522101287708,0.10403130471965687,0.08287938033479765,0.06811245077768845,0.05759721081909666,0.049709505966549695,0.04374531716365407,0.03797349413109694,0.03064881565201986,0.020416080456298783,0.009185725232175191,0.0,0.0,0.0,0.0,0.0,0.0,0.0,0.0,0.0,0.0,0.0,0.0,0.0,0.0,0.0,0.0,0.0,0.0,0.0,0.0,0.0
1/0.8,1e-05,0.00029629629629628,0.5,0.9999989630094146,0.9999984916500575,0.9999982088344433,0.9999972661157293,0.9999967947563723,0.9999963233970153,0.9999956634939154,0.9999947207752014,0.9999934009690017,0.999992081162802,0.999990195725374,0.9999871790254891,0.9999855764036751,0.9999824654319188,0.9999785060133198,0.9999731325166499,0.9999693616417936,0.9999621027076956,0.9999532411517835,0.9999416928475365,0.9999286833292828,0.9999138826454723,0.9998921529791137,0.9998724501579902,0.999848128015168,0.9998216376193034,0.9997828447442206,0.9997335405554763,0.9996808425793614,0.999618104648942,0.9995322701100284,0.9994336617325398,0.9993135122324353,0.9991990661805507,0.9990372956492212,0.9988343754460238,0.9985924266880651,0.998298486993027,0.9979414794160197,0.9975140036151378,0.9970119587639751,0.9964040466012256,0.9956749008118505,0.9947914319689868,0.9937246986081135,0.9924411870789465,0.9908828259087007,0.9890226533421547,0.9867769088215658,0.984074087132474,0.9808016747963586,0.9768701606713213,0.9721301238411866,0.9663901924070041,0.9594623411212583,0.9510803462191041,0.9409078927993071,0.9285230199654626,0.913383334505447,0.894720143579831,0.8714598319811291,0.8419451002100565,0.8033456710073835,0.7500873900247916,0.6696913011007749,0.5884211705210349,0.5115163460825983,0.43735195780994374,0.3621795204163649,0.2771966807251166,0.21497814118117753,0.1709502076715055,0.13925298780555634,0.11583142417081761,0.09784656649589003,0.08327845139219757,0.07057437400177873,0.05830385294794741,0.04374158270028201,0.028562868685505078,0.017369073810915892,0.008929525931269396,0.0022714807414822066,0.0,0.0,0.0,0.0,0.0,0.0,0.0,0.0,0.0,0.0,0.0,0.0,0.0,0.0,0.0,0.0,0.0
1/0.7,1e-05,0.00011303344867355999,0.5,0.9999994360841041,0.9999992481121388,0.9999990601401735,0.9999988721682083,0.9999985902102603,0.9999981202803471,0.9999978383223991,0.9999967104906073,0.9999961465747114,0.999994642798989,0.9999936089531799,0.9999928570653187,0.9999915412615616,0.999989567555926,0.9999874998643077,0.9999862780465333,0.9999836464390192,0.9999786651819388,0.9999735899388758,0.9999677628079515,0.9999606198732702,0.9999514092469707,0.9999420106487058,0.999931014288736,0.9999208638026099,0.9999086926178569,0.999894359755503,0.9998751866150427,0.9998476487221266,0.9998108062169284,0.999764236162526,0.9997183710029935,0.9996849589861619,0.9996390938266294,0.9995303990376964,0.9993816662201549,0.9992804903098337,0.9991467482565248,0.9989834006186815,0.9987802969101779,0.9985325968529075,0.9982339094000503,0.9978728622477058,0.9974319740031012,0.9968912726449239,0.9962606736943432,0.9955020188424037,0.9945866423643979,0.9934774667901705,0.9921354409439312,0.9905334028766948,0.9886017559683096,0.9862647005237698,0.9834485515326787,0.9800657140592081,0.9759700868933304,0.9710463492343362,0.9650864161166411,0.9579007648062345,0.9491882172217189,0.9386322285735339,0.9257908767712657,0.9100851611688078,0.8907386635635002,0.8666192288083578,0.8359540932986631,0.7955261168483548,0.7374520371908172,0.6354852818186137,0.5236883915422202,0.39758279330945745,0.3082513724655564,0.24455772992648558,0.19822386229850522,0.16347179332632794,0.13622102758728255,0.11346739713198954,0.09273286754193619,0.0699115671791362,0.04644119962016505,0.029957280081376825,0.01876909472090604,0.011368262503225481,0.005926380121889481,0.001731409772352322,0.0,0.0,0.0,0.0,0.0,0.0,0.0,0.0,0.0,0.0,0.0,0.0,0.0,0.0,0.0
1/0.6,1e-05,5.273437499999999e-05,0.5,0.9999995329095359,0.9999994394914431,0.9999992526552575,0.9999992526552575,0.9999991592371646,0.999998972400979,0.9999985053105149,0.9999975711295869,0.9999972908753084,0.9999967303667515,0.9999963566943803,0.9999952356772664,0.9999940212420598,0.9999932738973174,0.999992433134482,0.999990938444997,0.9999886964107695,0.9999865477946347,0.999983371579479,0.9999801019462305,0.9999758047139611,0.9999712272274132,0.9999648747971017,0.9999583355306048,0.9999491805575089,0.9999383440587424,0.9999258260343052,0.9999066753252783,0.9998863568900911,0.9998686541615028,0.9998430576040717,0.9998165268657123,0.9997848581322482,0.9997470238046583,0.9996678986800444,0.999547202504128,0.9994914319027177,0.999414502103285,0.9992907698393522,0.9991517637172441,0.9989877215462619,0.998775101967016,0.9985167542313375,0.9981866614003774,0.9978334475914457,0.9973978390246516,0.9968711478173633,0.9962334759158115,0.995457545236894,0.9945237379811201,0.9934146783832262,0.9920703453185789,0.9904395456723157,0.9884780926865357,0.9861278803075081,0.9832824119094242,0.9798594795706075,0.9757323616481549,0.9707578949148281,0.9647436380994294,0.9574889758476396,0.9487035180179446,0.9380559573441778,0.9251108720957307,0.9092999533049663,0.8898614231340285,0.8656785617014126,0.8350390620748747,0.7948794180277021,0.7378489802177379,0.5974647076954882,0.45635625811774033,0.3563037991877203,0.2840323863712531,0.23036957738915956,0.18885822024800727,0.15472044659079778,0.12384922338503355,0.08980150476929724,0.0597145264527109,0.039152923969956926,0.024913110664147056,0.015119531485844193,0.009274828508903842,0.005002912542588725,0.001873686687580798,0.0,0.0,0.0,0.0,0.0,0.0,0.0,0.0,0.0,0.0,0.0,0.0,0.0,0.0
1/0.5,1e-05,2.666666666666667e-05,0.5,0.9999994452611689,0.9999992603482253,0.9999988905223379,0.9999987056093942,0.9999985206964506,0.9999984282399788,0.9999974112187885,0.9999967640234856,0.9999962092846546,0.9999955620893517,0.9999949148940488,0.9999943601552178,0.9999931582210838,0.9999919562869499,0.9999902920704569,0.9999888127669074,0.9999860390727522,0.9999828030962378,0.9999785500985332,0.9999734187643461,0.9999673166372046,0.9999612145100633,0.9999547425570344,0.9999477158651746,0.9999412439121458,0.9999344021332297,0.999924416834271,0.9999139692529531,0.9999014876292547,0.9998849379207954,0.999867278734674,0.9998446268990733,0.9998167975010495,0.9997842528229619,0.9997306742975307,0.9995924981003662,0.9995397054549457,0.9994784068141159,0.9993940402835622,0.9992658493853563,0.9991266561670016,0.9989370741714941,0.9987119426625642,0.9984342034211576,0.9981086641838097,0.9977370816234857,0.9972785899796323,0.996727087125108,0.9960555757701358,0.9952353019519734,0.994269594103607,0.993109172925546,0.9917044817488845,0.9899942219327924,0.9879464959944851,0.9854787403046099,0.9825069119302642,0.9789257954064944,0.9745975381337874,0.9693950586915995,0.9630958605804482,0.9554928875316484,0.9463008188731026,0.9351445586985568,0.921576941281958,0.9049878463656355,0.8845483554513098,0.859064069607519,0.8265879942220252,0.7834180334776564,0.7171458816582124,0.5708017561737,0.442822305918957,0.3502990805065191,0.2814678260030221,0.22794274041259902,0.18336892059981505,0.1408767582505035,0.0961496456074092,0.06434110594859854,0.042339331801360416,0.027105833675152614,0.016568107297214873,0.009896725658672618,0.005843803759104478,0.0028459026596999483,0.0007521333984165258,0.0,0.0,0.0,0.0,0.0,0.0,0.0,0.0,0.0,0.0,0.0,0.0,0.0
1/0.4,1e-05,1.3605442176870754e-05,0.5,0.999999545567761,0.9999993637948654,0.9999992729084177,0.9999991820219699,0.9999990002490743,0.9999988184761788,0.9999981822710442,0.9999978187252531,0.9999973642930141,0.9999963645420884,0.9999958192234016,0.9999950012453716,0.9999935470622069,0.9999923655383857,0.9999910931281166,0.9999890936262652,0.9999870941244138,0.9999847310767713,0.9999819135968898,0.9999771875016047,0.9999730067250063,0.9999680988568257,0.9999613732596893,0.9999529208200448,0.9999435595159224,0.9999291085707238,0.9999132034423606,0.9999001157938788,0.9998871644750688,0.9998700778228842,0.999850264577266,0.9998277247382141,0.9998001861445337,0.9997686485471506,0.9997310670009895,0.9996697186487312,0.9995990089923505,0.9994390942874641,0.9993403007187164,0.9992299191278755,0.9990830920714707,0.9989073631246688,0.9986841005656727,0.9984122592003328,0.9980873401494836,0.9976833498890572,0.9972031967853827,0.9966449267798327,0.9959610971466609,0.9951385293509376,0.9941350066376645,0.9929380321202704,0.9914971183770079,0.9897548706160979,0.9876525761922678,0.9851314770170213,0.9820881443127737,0.978416513594954,0.9739893438366559,0.9686555817616529,0.9622022804227729,0.9544227640377413,0.9449967487645464,0.9335649604750744,0.9196536535602199,0.9026310308781708,0.8816421236145667,0.8554046603207628,0.8218077123603887,0.776417020832219,0.7045883250631968,0.6049876392158844,0.46977468931490296,0.3717693787288721,0.2974472587079555,0.23772141131566268,0.18429517627903702,0.12793912571145344,0.08631831315116448,0.05756256816199564,0.03767052399354506,0.023898046127689733,0.014375418560494088,0.008321563159650998,0.004959946115242834,0.0024717478340964237,0.0008401543233706184,0.0,0.0,0.0,0.0,0.0,0.0,0.0,0.0,0.0,0.0,0.0,0.0,0.0
1/0.3,1e-05,6.520951575896632e-06,0.5,0.9999994272041712,0.9999990747144304,0.9999988544083425,0.9999984578573841,0.9999980172452081,0.9999980172452081,0.99999779693912,0.9999974885105969,0.9999970478984209,0.9999963429189394,0.9999958141843281,0.9999948888987586,0.9999936551846659,0.9999914521237859,0.9999896015526468,0.9999866053898502,0.999983653288271,0.9999809655539975,0.9999765153710202,0.9999716686370843,0.9999672184541069,0.9999606973939024,0.9999537797827395,0.9999461131308773,0.9999364196630057,0.9999258449707821,0.9999129350340258,0.9998970729956904,0.99988002130448,0.9998597531443847,0.9998326995567794,0.9998037072755998,0.999766167118206,0.999727349185502,0.9996761941118704,0.9996097057345146,0.9994839550194892,0.9993288154723257,0.9992243022641826,0.9990970534677588,0.998908603640091,0.9987042477128704,0.9984334474695113,0.9981130342951369,0.997733975640139,0.997260493795828,0.996678885723531,0.9960085824202086,0.9951952123433447,0.9942218559853816,0.9930333927631037,0.9916033418847344,0.9898792264401145,0.9878213472721876,0.9853311834984043,0.9823206126835679,0.9786970622095044,0.9743386146871196,0.9690674831034043,0.9627124015055541,0.9550322669108715,0.945743060710718,0.9344663411071421,0.9207511855992432,0.9039987581786432,0.8833580164274318,0.8576001370480112,0.8247087024782144,0.7804466097889221,0.7189648645276179,0.6434126540997024,0.5309994018249099,0.4177074366875552,0.33181952208030985,0.2623163440328069,0.19709565196854945,0.13521228870883714,0.09150827540164444,0.06130281265663763,0.04037862509261668,0.025891120501437805,0.015903191512611027,0.00897954396287296,0.005222576121921971,0.0029116974425459348,0.0014279359399244685,0.0004690316613334969,0.0,0.0,0.0,0.0,0.0,0.0,0.0,0.0,0.0,0.0,0.0,0.0,0.0
1/0.2,1e-05,2.6041666666666712e-06,0.5,0.9999987611619822,0.9999985133943786,0.9999983482159762,0.9999979352699703,0.9999974397347632,0.9999967790211536,0.9999961596021447,0.9999950446479287,0.999993888399112,0.9999929799178989,0.999992154025887,0.999990832598668,0.9999891808146442,0.9999874464414192,0.9999847209977799,0.9999809218945253,0.9999780725670843,0.9999734888664182,0.9999682031575421,0.9999610178970386,0.9999537500473339,0.9999446652352031,0.9999325246226283,0.9999164197283963,0.9998990759961466,0.9998808237826837,0.9998638104072387,0.9998444432395598,0.9998204923712148,0.9997900169559759,0.9997601196651454,0.9997069322195794,0.9996519278115873,0.999588581894275,0.9994995920299934,0.9993823153643044,0.9992341090427701,0.9990959373091802,0.9989231194056915,0.9987052077983531,0.9984493051584679,0.9981323690989035,0.9977550603332698,0.9972940061176299,0.996737602669217,0.9960675564799673,0.9952514925830148,0.994288956737753,0.9931190394083045,0.9917191111535436,0.9900239677991312,0.9879753839582287,0.9855070817968817,0.9825466305856471,0.9789731610285841,0.9746664232487611,0.9694647901794502,0.9631935030709349,0.9556150353805943,0.9464464777997543,0.9353289802492468,0.9218224248759335,0.9053202352916788,0.8850110964785988,0.8597286837374967,0.827547388548041,0.7849285527014701,0.731279185733244,0.6670138441387332,0.5846916125421778,0.46477477656420746,0.36731241648941304,0.28857046805901876,0.21440817342377788,0.1474631013128751,0.1004638994136208,0.06801005986024007,0.04555587301926835,0.029987808595066428,0.0191203911457604,0.011519624371098719,0.006135303988756967,0.0034549540533561755,0.0022385802982386903,0.0012653491514227992,0.0005062718032910228,0.0,0.0,0.0,0.0,0.0,0.0,0.0,0.0,0.0,0.0,0.0,0.0,0.0,0.0
0.2,3e-05,7.812499999999998e-06,0.5,0.9999988437511833,0.9999988437511833,0.9999985959835798,0.9999982656267751,0.9999979352699703,0.9999976875023667,0.9999971093779584,0.9999964486643489,0.9999958705399405,0.9999948794695263,0.9999938058099108,0.9999928973286977,0.9999909151878692,0.9999887678686382,0.9999859598357979,0.9999834821597621,0.9999798482349098,0.999976049131655,0.9999713415471873,0.9999631652162695,0.9999562277233697,0.9999489598736649,0.9999381406883091,0.9999242657025094,0.9999052701862358,0.9998862746699622,0.9998662880832744,0.9998411809661127,0.9998101274264656,0.9997744901861524,0.9997426933436945,0.999708914360408,0.9996465182189094,0.9995776388251174,0.9994979402459696,0.9994151032771766,0.9992835799742825,0.9991317397278958,0.998932534574627,0.9986987658406604,0.9984295663393835,0.9981248947761958,0.9977492377945859,0.9972975987478816,0.9967455725271317,0.9960734616078524,0.9952617749385629,0.9942801196932257,0.9931255639551985,0.9917143209798747,0.9900238026207288,0.9879774073936578,0.9855055951912602,0.9825481584858691,0.978976836248037,0.9746639455727254,0.969464707590249,0.9631937095439379,0.9556147463183902,0.9464457344969436,0.935330177792664,0.921821557689321,0.9053206069430841,0.8850134502708327,0.8597285598536949,0.827553087202923,0.7849110850854185,0.731240781754691,0.6669649926262297,0.584632396084925,0.46470920073846306,0.36726013752506015,0.28852372257114556,0.2143628319523249,0.14742973527559458,0.10044193068610442,0.06799271612799031,0.045546127493528,0.029980788512965328,0.019115766150493794,0.011516898927459468,0.0061329089019224745,0.0034543759289478496,0.002238332530635122,0.001265101383819231,0.0005061892140898333,0.0,0.0,0.0,0.0,0.0,0.0,0.0,0.0,0.0,0.0,0.0,0.0,0.0,0.0
0.3,3e-05,1.9562854727689897e-05,0.5,0.999999559387824,0.9999994712653888,0.9999993831429537,0.9999992068980832,0.9999991187756481,0.9999990306532128,0.9999987662859072,0.9999985019186016,0.999998237551296,0.99999779693912,0.999997268204509,0.9999970919596385,0.9999963869801569,0.9999958582455457,0.9999951532660641,0.9999935670622306,0.9999925095930083,0.9999907471443044,0.9999878831651605,0.999984754818711,0.9999820230232199,0.9999774406565897,0.9999733870245706,0.9999685402906349,0.9999620192304303,0.9999558506599665,0.9999464215594005,0.9999338200511674,0.9999213066653695,0.9999047396475526,0.9998840308752813,0.9998115061111147,0.9997297284912523,0.9996632401138965,0.9996079873470283,0.9995482843971826,0.9994743056128351,0.9993887387282593,0.9992607849523539,0.9991037067116162,0.9989312070447189,0.9987015159173792,0.9984409378765031,0.9981126377441785,0.9977185542139796,0.9972389919216401,0.9966864201917404,0.9960095077057782,0.9952019096484197,0.9942197851081545,0.9930356839464187,0.9915985392120162,0.9898828394599575,0.987819981374442,0.9853327256410203,0.9823167352964192,0.9786985162296852,0.9743360591364988,0.9690670865524459,0.9627096697100631,0.9550303282172973,0.9457394917520926,0.9344646227196557,0.9207529039867295,0.9039970838523744,0.8833513631835745,0.8575920297839731,0.8246965415821572,0.7804609737458591,0.7189130485357224,0.6433513208848056,0.5309893118060799,0.41766544634718406,0.331790001064519,0.26229999732107795,0.19709062898974325,0.13517629069405934,0.09148518732362294,0.061288360577265395,0.0403679622779579,0.02588310135983492,0.015897419493105653,0.008975578453289118,0.005221210224176425,0.0029106399733235763,0.0014275834501836825,0.00046841480428712123,0.0,0.0,0.0,0.0,0.0,0.0,0.0,0.0,0.0,0.0,0.0,0.0,0.0
0.4,3e-05,4.081632653061e-05,0.5,0.9999997273406567,0.9999996364542089,0.9999996364542089,0.999999545567761,0.9999994546813132,0.9999993637948654,0.9999990002490743,0.9999988184761788,0.9999986367032832,0.999998273157492,0.9999981822710442,0.9999976369523574,0.9999973642930141,0.9999967280878795,0.9999958192234016,0.9999952739047149,0.9999941832673415,0.9999924564248335,0.9999908204687732,0.9999893662856085,0.9999873667837572,0.9999839130987411,0.9999810047324119,0.9999760059777835,0.9999705073476921,0.9999616913622565,0.9999513303072085,0.9999395150689958,0.9999246096915582,0.9999096134276728,0.9998906181600847,0.9998676238887939,0.9998409941595914,0.9997782825106163,0.999688850245991,0.9996135508239969,0.9995522479149627,0.9994713589764296,0.9993852895103724,0.9992572759486602,0.9990929986942798,0.9989108168096849,0.998677920287223,0.9983951725481484,0.9980666180393876,0.9976794417718022,0.997213012521744,0.9966498346480134,0.9959651870368115,0.9951375296000119,0.9941302805423794,0.992939940735674,0.9914995723110983,0.9897546888432023,0.987651576441342,0.9851300228338568,0.9820817822614284,0.9784147867524459,0.9739859810380878,0.9686534913733538,0.962197009008801,0.9544196738985165,0.9449919317828136,0.9335522818156077,0.9196450647909037,0.9026233055301086,0.8816304901492497,0.855393344958013,0.8217928524261751,0.7764095681435003,0.7045165247694427,0.6048264975439528,0.46973824384933915,0.37175038346128403,0.2974341710594738,0.23772004801894583,0.18431589838913315,0.127897772377709,0.08628922948787168,0.05754184605189953,0.0376538917735995,0.023888048618432835,0.014369510941387739,0.008316927950813709,0.004956037997987865,0.002469112127110514,0.0008388819131015586,0.0,0.0,0.0,0.0,0.0,0.0,0.0,0.0,0.0,0.0,0.0,0.0,0.0
0.5,3e-05,7.999999999997999e-05,0.5,0.9999994452611689,0.9999993528046971,0.9999993528046971,0.9999993528046971,0.9999993528046971,0.9999990754352815,0.9999986131529224,0.9999984282399788,0.9999981508705632,0.999997688588204,0.9999972263058448,0.9999963941975982,0.9999955620893517,0.9999946375246332,0.9999937129599149,0.9999919562869499,0.9999906618963442,0.9999885353974919,0.9999863164421677,0.9999840050303718,0.9999810464232729,0.9999769783385118,0.9999724479713917,0.9999674553219124,0.9999604286300526,0.999953864220552,0.9999436940086496,0.9999304265049406,0.9999138767964812,0.999891502330296,0.9998655220617091,0.9998365831860232,0.9997996005972873,0.9997620170414845,0.9997273458645445,0.9996831516710051,0.9996229162796015,0.9994838155177186,0.9993709261656022,0.9992529979357706,0.999089488665322,0.9989197848112601,0.9987013101683027,0.998442616960095,0.9981266007393467,0.997745587618895,0.9972822882385058,0.9967236200074141,0.9960426318640783,0.9952442240015059,0.994277083077826,0.9931070464266938,0.9916931096028482,0.9899887670009538,0.9879380824555477,0.9854660737679678,0.9825085299185213,0.9789245934723605,0.9745981853290903,0.9693880319997397,0.9630958605804482,0.9554935347269513,0.9462945780612534,0.9351393811361338,0.9215715788065912,0.9049769365019584,0.8845337011005232,0.8590477510402393,0.8265707048617912,0.7833957514679429,0.7171085292435891,0.5707866857687901,0.4428178680083087,0.3503016692877306,0.28147374321721985,0.22796280346698825,0.18338768926359852,0.14099593464270496,0.09610295508913012,0.06430532529399656,0.042315200662210235,0.027093167138510565,0.01655738234648146,0.009888866858566239,0.00583899602256881,0.002842389313770037,0.0007493597042613326,0.0,0.0,0.0,0.0,0.0,0.0,0.0,0.0,0.0,0.0,0.0,0.0,0.0
0.6,3e-05,0.00015820312499997,0.5,0.9999997197457215,0.9999996263276287,0.9999995329095359,0.9999995329095359,0.9999993460733503,0.999998972400979,0.9999986921467006,0.9999983184743293,0.9999976645476797,0.9999973842934012,0.9999967303667515,0.9999961698581946,0.9999952356772664,0.9999946751687095,0.9999938344058742,0.9999916857897395,0.999989910845976,0.999987949066027,0.9999855201956137,0.9999829979071078,0.9999790743472096,0.9999746836968473,0.9999686115208143,0.9999620722543173,0.999954692224985,0.9999441359804969,0.9999285351589969,0.9999102719218517,0.9998902804499894,0.9998675798534354,0.9998372189732707,0.9998038220050895,0.9997703783278619,0.9997298348755804,0.9996714952766177,0.9995941918048137,0.9995354318244334,0.9994630795115486,0.9992609694677443,0.9991329866805885,0.9989571271208652,0.9987567453117779,0.998505917732571,0.9982081475617247,0.9978405006574532,0.9974026500564316,0.9968731563063589,0.9962275438669177,0.9954518467332324,0.9945285490129001,0.993413510657066,0.9920686170838617,0.9904330998239116,0.9884789334493711,0.9861254981461413,0.9832807303837536,0.9798556494288021,0.9757288117606279,0.9707561666801111,0.9647402750480881,0.957480194546915,0.9486999214213713,0.9380521272023724,0.9251048466287443,0.909292012767077,0.8898509603076332,0.8656633812613301,0.8350156608426247,0.7948421909177156,0.7377598126481465,0.5976315057002085,0.45639605422527935,0.3563354679211845,0.2840619999066753,0.23040685120819254,0.1888988571183816,0.15476332549539965,0.12392844192774026,0.08961803163500953,0.0596643609368695,0.03911116608246884,0.024885832581045216,0.015098699251146555,0.009255958054155309,0.004993383897121644,0.0018662132401556365,0.0,0.0,0.0,0.0,0.0,0.0,0.0,0.0,0.0,0.0,0.0,0.0,0.0,0.0
0.7,3e-05,0.00033910034602074,0.5,0.9999995300700868,0.9999993420981215,0.9999992481121388,0.9999985902102603,0.9999982142663296,0.9999977443364164,0.9999973683924859,0.9999968984625726,0.9999959586027461,0.9999957706307808,0.9999947367849716,0.9999938909111279,0.9999923871354055,0.999991165317631,0.9999892855979781,0.9999873118923425,0.9999851502147415,0.9999829885371406,0.9999782892380081,0.9999733079809278,0.9999678567939342,0.9999603849083136,0.9999522081278232,0.9999418696697319,0.9999279597442998,0.9999122640851975,0.9998945947204596,0.9998702523509536,0.9998448761356385,0.9998141897123037,0.9997783340599233,0.9997324689003908,0.9996753254229405,0.9996130127164444,0.9995343464489675,0.9994423341719546,0.9993350961657526,0.9991618799997312,0.998979265235445,0.9987804848821432,0.9985321739159857,0.9982193885657311,0.9978590463082565,0.9974269927460209,0.99690142313105,0.9962681455799638,0.9955070000994841,0.9945886160700335,0.9934700888905326,0.9921403752080203,0.9905371623160008,0.988599359325752,0.9862556778694355,0.9834489274766094,0.9800664659470693,0.9759662334680419,0.9710431067179348,0.965080025069821,0.9578917421519002,0.9491877942847969,0.9386261194846617,0.9257819011099228,0.9100747757177251,0.8907236258062764,0.866597095109444,0.8359213861767014,0.7954671406442428,0.7372696573914876,0.635446935537693,0.5234064335942744,0.3977787540832798,0.30837975731785433,0.24465519339049216,0.19830938954271543,0.1635504595938048,0.13630223147629092,0.11356448465206553,0.09286125239423416,0.07029456005842921,0.046346837693585864,0.029881903323292654,0.018718248304293153,0.011326062797016265,0.0058980903411122556,0.0017101689402737408,0.0,0.0,0.0,0.0,0.0,0.0,0.0,0.0,0.0,0.0,0.0,0.0,0.0,0.0,0.0
0.8,3e-05,0.0008888888888888701,0.5,0.9999985859219289,0.9999983031063148,0.9999979260188291,0.9999975489313435,0.9999968890282437,0.9999958520376582,0.999995097862687,0.9999939666002301,0.9999929296096447,0.9999907613566024,0.9999891587347886,0.9999873675692319,0.9999840680537327,0.9999810513538477,0.9999770919352488,0.9999721897979358,0.9999660621262945,0.9999600287265247,0.9999510728987413,0.999940985808501,0.9999300031354824,0.9999148253641864,0.9998989405538548,0.9998787663733743,0.9998519931618955,0.999820742036525,0.9997831275598348,0.9997424492473239,0.9996797113169045,0.9996115527538794,0.9995349097224278,0.9994347458590609,0.9993191214087838,0.9991834641858333,0.9990133034579488,0.9988100533032015,0.9985695186233139,0.9982775586375754,0.9979438362128048,0.9975265417740344,0.9970190762902661,0.9964055549511681,0.9956711770729301,0.9947861527441881,0.9937144701100662,0.9924362378056978,0.9908893306678276,0.9890189296032342,0.9867738921216809,0.9840684308201898,0.9808039844572081,0.976866578340208,0.9721250802960665,0.9663828863369702,0.9594545165559318,0.951060266310495,0.9408926207561396,0.9285025629693678,0.9133584467313962,0.8946882796872965,0.8714221703685031,0.8418761403361245,0.8032312720914346,0.7498214490755606,0.6698309648782601,0.5883179428218475,0.5113482593358848,0.43702370315371464,0.3607334841808972,0.27849122206323795,0.2156618950644716,0.17133068894449252,0.13949338107763684,0.1160029989767731,0.09799042537165271,0.0834096307012564,0.07071974122748387,0.05849117115642739,0.04420921831838213,0.028466051473573048,0.017243409406334204,0.008814090024735054,0.0021870602806398193,0.0,0.0,0.0,0.0,0.0,0.0,0.0,0.0,0.0,0.0,0.0,0.0,0.0,0.0,0.0,0.0,0.0
0.9,3e-05,0.00403878116343489,0.5,0.9999925395700261,0.9999906508535771,0.9999883843938382,0.9999865901132116,0.9999831904236032,0.9999800740414623,0.9999759188652743,0.9999727080473109,0.9999673724233422,0.9999616118381726,0.9999541986261099,0.9999449439155094,0.9999342254496609,0.999919682333003,0.9999037698969195,0.9998857798727421,0.9998633041469981,0.9998328485942567,0.9997950270473639,0.9997560722706017,0.9997064934638135,0.9996460545374429,0.9995750860168688,0.9994886300214124,0.9993830507719089,0.9992557040653299,0.9991064010300305,0.9989256508658537,0.9987084956921211,0.9984428477235584,0.9981290847034555,0.9977439282015774,0.9972809565819974,0.996725107331034,0.9960548490811678,0.9952495948231037,0.9942795500548578,0.993120208680503,0.9917108012482905,0.9900224303965492,0.9879684512581779,0.9854989545010097,0.9825563342733475,0.9789642788946703,0.9746471924891035,0.9694482171555515,0.9631419345858168,0.9555246939287776,0.9462940172451144,0.9350824547496591,0.9214047007508215,0.9045985240436437,0.8837438836278693,0.8575901186888304,0.8240453341054406,0.7796344332651318,0.7176711238486149,0.6440821036372713,0.5754668765408385,0.5129191038191546,0.4559217965621961,0.4040014535561792,0.35657351706011464,0.3129737727167732,0.2722059225992667,0.23116845820865445,0.19537950074047128,0.1656007223207188,0.1403522191757226,0.1182516869543144,0.09768351760595369,0.0733896661901435,0.058219070709955294,0.04905804044535178,0.04243539787039666,0.03551046622776674,0.0276343769813816,0.019771744839696136,0.011814251914355775,0.006857646119131545,2.077588093984797e-06,0.0,0.0,0.0,0.0,0.0,0.0,0.0,0.0,0.0,0.0,0.0,0.0,0.0,0.0,0.0,0.0,0.0,0.0,0.0
1.0,3e-05,0.00403878116343489,0.5,0.9999938616715405,0.9999926340058486,0.999990839725222,0.9999888565729504,0.9999858346266319,0.9999830959877808,0.9999793185548826,0.9999745967637599,0.9999696861009923,0.9999653420531595,0.9999578816231856,0.9999481547334729,0.9999357836407313,0.9999249235211491,0.9999100026612014,0.9998917293295566,0.9998703868336821,0.9998407339854316,0.9998070676147268,0.999768207273787,0.9997185340311763,0.9996622502809938,0.9995941620530046,0.9995130416815167,0.9994083595723267,0.9992905036659042,0.9991416255918056,0.9989722549442347,0.9987568940511287,0.9985067807753597,0.9981986366866927,0.9978300536716553,0.997388849509151,0.9968525012555243,0.996206796319496,0.9954310060380376,0.9944941554613842,0.9933717857115201,0.9920193230802472,0.9903841195965475,0.9884099859460609,0.9860429048383438,0.9831979784690102,0.9797495127583741,0.9755856484747387,0.9705524080095932,0.9644940194737999,0.957151303752634,0.9482673481911101,0.937468423021867,0.9243283393781704,0.9081890684491617,0.88824200350508,0.8632903121500562,0.8315164825451437,0.7900430551801731,0.7342804490838876,0.6621274199887772,0.594945303715993,0.5342122569764935,0.47943744958307527,0.430173727916419,0.3859749771512528,0.3463836557277876,0.31092314605009896,0.2791184359312439,0.25045055330892735,0.2245250869706707,0.20160291587600274,0.18105986645641475,0.16265498571091572,0.14612512822023793,0.13131338886537436,0.11796134401818002,0.1058308265344263,0.09466199624863139,0.08418618324591409,0.07400925962126324,0.0634758407668491,0.052581865942306134,0.04314489420449246,0.03493388831377473,0.026992874439452568,0.018794475731032424,0.011216142632844288,0.0030936231077658164,0.0,0.0,0.0,0.0,0.0,0.0,0.0,0.0,0.0,0.0,0.0,0.0,0.0,0.0
1/0.9,3e-05,0.00403878116343489,0.5,0.9999925395700261,0.9999907452893996,0.999988762137128,0.9999865428953003,0.9999838986922717,0.9999803101310184,0.9999762493906529,0.9999713387278852,0.9999668058084075,0.9999601008650133,0.9999530653962404,0.9999445661722196,0.9999326672585904,0.9999185491031336,0.9999033449357185,0.9998847410786951,0.9998613209947265,0.9998335568629251,0.999796915763813,0.9997563555780691,0.9997065406817246,0.9996512012897667,0.9995749915810465,0.9994866468691408,0.9993841840017784,0.9992585371400036,0.9991086674897693,0.998925698083765,0.9987050487846015,0.998441950583245,0.9981259683213145,0.9977427005358855,0.9972855839372976,0.9967292625072219,0.9960605624484262,0.995257763521746,0.9942910240072859,0.9931301716597719,0.991721519714139,0.9900237524980636,0.9879641544282562,0.9854910218919235,0.9825554843509454,0.9789729197724247,0.9746532835996518,0.9694656877827055,0.9631607273144851,0.9555593990935294,0.9463368438905972,0.9351349138490322,0.9214545156471659,0.9046636847611369,0.8838631560716285,0.8577558535572369,0.8243342605042382,0.7802457163438756,0.7195239074672483,0.6437824587726252,0.5752864569020404,0.5128338282714788,0.45594049485504196,0.40413678008975557,0.3568575327961446,0.31347116619363763,0.2731139702500717,0.2336708658499479,0.19601373172407138,0.1652756742198326,0.13926148542638056,0.11643724427959727,0.0946769171085791,0.0706618402406527,0.05758125116510196,0.04889523308744134,0.04250348609838588,0.035830934191263895,0.027531394716995672,0.019554589665963497,0.011343678211068218,0.006160473659865965,0.0,0.0,0.0,0.0,0.0,0.0,0.0,0.0,0.0,0.0,0.0,0.0,0.0,0.0,0.0,0.0,0.0,0.0,0.0,0.0
1/0.8,3e-05,0.0008888888888888701,0.5,0.9999979260188291,0.9999975489313435,0.9999969833001151,0.9999967004845008,0.9999956634939154,0.9999946265033299,0.9999938723283587,0.9999927410659019,0.9999906670847309,0.9999882160160745,0.9999868962098748,0.9999851993161896,0.9999826539756617,0.9999788831008055,0.999973886691621,0.9999698330011507,0.9999643652326092,0.9999567292110255,0.9999481504707277,0.9999393831866872,0.9999278348824402,0.9999140711892152,0.9998975736117194,0.9998780593343388,0.9998501077244675,0.999817112569476,0.9997782725584575,0.999736745799104,0.9996813610746541,0.9996148051334428,0.9995394347722552,0.9994407321228951,0.9993274173334673,0.999192514285488,0.9990274913745951,0.9988246654432692,0.99858436644306,0.9982874100481371,0.9979615593246288,0.9975362989127248,0.9970245440588076,0.9963933467438213,0.9956667462949741,0.9947835602677245,0.9937205035098361,0.9924343523682697,0.9908868324632354,0.989020532225048,0.986774976248202,0.9840722959669174,0.9808000721745448,0.9768639858637443,0.972118669808811,0.9663886840570617,0.9594572504402025,0.9510689393226641,0.9408942705138892,0.9285105289425015,0.9133688166372507,0.8947026561476855,0.8714356041101782,0.841909276898923,0.8032954240999252,0.7499951449986227,0.66961677918643,0.5882933849993467,0.5113582521542537,0.4371139684705841,0.36142949340747377,0.27777079642196767,0.21519638056347806,0.1710029056476204,0.13923182377042612,0.11577858478689561,0.09777520268923712,0.08318818607532813,0.07045417736573847,0.05808820604211049,0.043403193817876926,0.028811369338526332,0.017509821714922238,0.009000795466050909,0.002312111918057381,0.0,0.0,0.0,0.0,0.0,0.0,0.0,0.0,0.0,0.0,0.0,0.0,0.0,0.0,0.0,0.0,0.0
1/0.7,3e-05,0.00033910034602074,0.5,0.9999994360841041,0.9999991541261561,0.9999990601401735,0.9999987781822256,0.9999986841962429,0.9999983082523123,0.9999979323083817,0.9999972744065032,0.999996240560694,0.9999953946868502,0.9999945488130064,0.9999935149671972,0.9999912593036137,0.9999894735699434,0.9999870299343945,0.9999849622427762,0.9999821426632968,0.9999776313361296,0.9999727440650319,0.9999680447658995,0.9999612307821575,0.9999522081278232,0.9999442193192981,0.9999350086929985,0.9999247642208898,0.9999101024075966,0.9998937488466157,0.9998735418603463,0.9998468968342654,0.9998105242589804,0.9997653170013264,0.9997230703021259,0.9996707201097906,0.9995963302045243,0.9995195906496918,0.9994181327814226,0.9993051146372877,0.9991575566445293,0.9989786073335665,0.9987891315925469,0.9985080195184449,0.99822183220128,0.9978664712008857,0.9974300942834483,0.9969029269067723,0.9962573841849505,0.9954991052769416,0.9945857494975627,0.9934815551804157,0.9921450745071527,0.9905314291710592,0.9885954119144809,0.9862659223415442,0.9834466248200344,0.9800649151783556,0.9759732354237491,0.9710400521734986,0.9650886717802247,0.9578948436893276,0.9491852566632655,0.938628328155254,0.9257906887993004,0.9100778772551525,0.8907313326568536,0.8666116159437633,0.835944506728433,0.7955123009089056,0.737444753277162,0.6354352812758447,0.5235486343860217,0.3975845790431278,0.30822693611006774,0.2445254927344371,0.19819453867191886,0.16343795837257444,0.13618427906806696,0.1134206860986132,0.09266397581665478,0.06978355827076882,0.046479921845016266,0.02997805098354216,0.018789395693158135,0.011377379143542395,0.005930703477091316,0.001736015085502103,0.0,0.0,0.0,0.0,0.0,0.0,0.0,0.0,0.0,0.0,0.0,0.0,0.0,0.0,0.0
1/0.6,3e-05,0.00015820312499997,0.5,0.9999995329095359,0.9999994394914431,0.9999993460733503,0.9999991592371646,0.9999988789828862,0.9999987855647934,0.9999983184743293,0.9999978513838653,0.9999972908753084,0.9999963566943803,0.9999958896039162,0.999994955422988,0.9999940212420598,0.9999928068068533,0.9999910785721362,0.9999893970464655,0.9999876221027021,0.9999850063961032,0.9999822038533188,0.9999781868753278,0.9999725817897589,0.9999668832860973,0.999960437437693,0.9999520298093397,0.9999417538191302,0.9999304502298996,0.9999183992959265,0.9999036392372618,0.999884955618699,0.9998630957849803,0.9998380597361061,0.9998070449292916,0.9997650067875251,0.999717737232561,0.9996645823377495,0.999595826621438,0.9995066123428001,0.9994134745042641,0.9992884810960783,0.9991690927734612,0.9989340528519399,0.9987593610183768,0.9985193699379363,0.9982166953172172,0.9978393796403394,0.9973866755625602,0.996862973734242,0.9962301595735165,0.9954634772857878,0.9945267740691366,0.9934073450629403,0.9920673559396087,0.990437957564738,0.9884758973613545,0.9861257784004197,0.9832857749607655,0.979859199316329,0.9757338563376399,0.9707526635016306,0.9647410691018771,0.957481222145936,0.9486987069861647,0.9380537153099503,0.9251091905700601,0.9093005605225696,0.8898527352513967,0.8656704343273377,0.83503392407977,0.7948684881108428,0.7378479059096706,0.597490257543873,0.4563276721813391,0.35627820263028914,0.28400538854242974,0.23034977275348287,0.18883869586660906,0.1546909264734684,0.12381400476404247,0.08981037948811463,0.05972218673632169,0.039156754111762324,0.024914511935539275,0.015122707700999886,0.009277537633595463,0.005004594068259386,0.001873873523766427,0.0,0.0,0.0,0.0,0.0,0.0,0.0,0.0,0.0,0.0,0.0,0.0,0.0,0.0
1/0.5,3e-05,7.999999999997999e-05,0.5,0.9999993528046971,0.9999991678917535,0.9999991216635176,0.9999990292070456,0.9999990292070456,0.9999986593811583,0.9999982895552709,0.9999981046423273,0.9999977348164399,0.9999966253387779,0.999995978143475,0.9999951460352284,0.9999943139269819,0.999993666731679,0.9999918176022422,0.9999900609292772,0.9999876570610093,0.9999850682797978,0.9999824794985863,0.9999789661526565,0.9999748056114237,0.999969443136057,0.9999644504865776,0.9999575162511897,0.9999508593852172,0.9999418911074487,0.9999307963308279,0.9999189619024325,0.9999032443022197,0.9998850303772673,0.9998625634546102,0.9998342717742272,0.9998010799008368,0.9997617859003048,0.9997074677230989,0.999645105832843,0.9995778899778155,0.9994929224801948,0.9993788311939446,0.9992735232725191,0.9990597639096255,0.9989127581194003,0.9987075972083878,0.998448996456652,0.9981260460005156,0.9977211791103293,0.9972717482007162,0.9967234813227063,0.9960565003348543,0.9952483383145028,0.9942676525176983,0.9931072313396374,0.9916969003181936,0.9899864555891579,0.9879461261685978,0.9854760590669265,0.9825067270173204,0.9789234839946983,0.9745996646326397,0.9693892339338736,0.9630992814699063,0.9554940894657823,0.946294208235366,0.9351402132443803,0.92157000704657,0.904982946172628,0.8845422533241685,0.8590573665133107,0.8265793033136724,0.7834033791268697,0.7167511849799284,0.5707681020179504,0.4427947538903487,0.3502717133908545,0.2814505366427881,0.22792674544297076,0.1833485801760103,0.14084051531354233,0.09614437558851434,0.06433676049442208,0.042337852497810975,0.027104816653962378,0.01656644308072176,0.009897187941031817,0.005843711302632638,0.002845625290284429,0.0007521333984165258,0.0,0.0,0.0,0.0,0.0,0.0,0.0,0.0,0.0,0.0,0.0,0.0,0.0
1/0.4,3e-05,4.081632653061e-05,0.5,0.9999997273406567,0.9999997273406567,0.999999545567761,0.9999991820219699,0.9999990002490743,0.9999988184761788,0.9999988184761788,0.9999984549303875,0.999998273157492,0.9999975460659096,0.9999969098607752,0.9999960009962973,0.9999954556776105,0.9999944559266848,0.9999938197215503,0.9999918202196989,0.9999899116042953,0.9999884574211306,0.9999866396921748,0.9999843675309801,0.9999806411866208,0.9999764604100224,0.9999720978605284,0.9999651904904965,0.9999581922340166,0.9999497397943722,0.9999388334206374,0.9999245188051105,0.9999066141748958,0.9998849832003218,0.9998587170169104,0.9998297242400654,0.9997930061151583,0.9997503803711448,0.9996939398870672,0.9996389990293781,0.999573742559865,0.999481083826343,0.9993653853783064,0.9992450971646564,0.9991112668702856,0.9988836417617957,0.9986595612247694,0.9984077148779433,0.9980892942081111,0.9976961648781956,0.9972156482287299,0.9966332024280679,0.9959594611906006,0.9951367570652057,0.994141732234801,0.992930852090895,0.991493210259753,0.9897529620006943,0.987649031620804,0.9851293866287222,0.9820852359464445,0.9784096971113697,0.9739887076315215,0.9686501740180095,0.9622012806718472,0.9544197193417404,0.9449932496363065,0.933550873075667,0.9196448830180081,0.9026260321235423,0.8816321261053098,0.855393753947028,0.8217890806385918,0.776392390604868,0.7046034122135298,0.6050499418758445,0.46974587831095355,0.3717532918276133,0.29743535258329507,0.23771186823864474,0.18428426990530222,0.127926765154554,0.08630877007414653,0.05755947802277078,0.03766443460154313,0.023895410420703825,0.014373055512851549,0.008320290749381938,0.004959309910108304,0.002470293650931784,0.0008397907775794585,0.0,0.0,0.0,0.0,0.0,0.0,0.0,0.0,0.0,0.0,0.0,0.0,0.0
1/0.3,3e-05,1.956285472768989e-05,0.5,0.99999889846956,0.9999987662859072,0.9999983697349488,0.9999981934900785,0.9999978850615553,0.9999974885105969,0.9999971360208562,0.9999968716535506,0.9999965632250274,0.9999954616945874,0.9999947126538882,0.9999936992458834,0.999993302694925,0.9999922892869203,0.9999907912055219,0.9999891168792532,0.9999869578795909,0.9999852394921046,0.9999819789620024,0.9999783218809416,0.999973783575529,0.9999689368415933,0.9999627242099118,0.9999551897417026,0.9999467740491413,0.9999368602751817,0.999923774093555,0.9999091017080948,0.9998886132419116,0.9998648201844086,0.9998382512701968,0.9998040597653405,0.9997503491410883,0.9996990178225863,0.9996425754028428,0.9995732230463432,0.9994894626716889,0.9993889590343473,0.9992412658329579,0.9991097430984271,0.9989511667762909,0.998642650130668,0.9984205815939727,0.9981058523166684,0.9977247227844434,0.9972597447551289,0.9966984489041446,0.9960037356862729,0.9951911587113257,0.994211942211422,0.9930358161300715,0.9916100391898094,0.9898802398481192,0.9878185714154789,0.9853268654990797,0.9823223751322718,0.9786948150874069,0.9743337679531837,0.9690625041858156,0.9627077750777063,0.9550222650144767,0.9457366277729486,0.9344598200469375,0.9207447526614738,0.9039945723629714,0.8833449302458052,0.8575785911126057,0.8246770665239789,0.7803685773725556,0.7189744698730544,0.6434253437303707,0.5309428712827313,0.41769465893445173,0.33181106232653096,0.2623147578289734,0.19711662510812622,0.13520092091469676,0.09149836162768482,0.061297260943220244,0.040373381807722486,0.025886714379677978,0.015901913737300676,0.00897703247346986,0.005222399877051578,0.002910728095758773,0.0014275834501836825,0.0004683266818519247,0.0,0.0,0.0,0.0,0.0,0.0,0.0,0.0,0.0,0.0,0.0,0.0,0.0
1/0.2,3e-05,7.812499999999993e-06,0.5,0.9999994218755917,0.9999993392863905,0.9999992566971893,0.999999091518787,0.9999984308051774,0.9999978526807691,0.9999973984401626,0.9999966964319524,0.9999957879507393,0.9999950446479287,0.9999943839343192,0.9999927321502954,0.9999917410798811,0.9999894285822477,0.9999876116198216,0.9999852165329871,0.999982078143342,0.9999791875213002,0.9999741495800277,0.9999685335143469,0.9999622980296571,0.9999539565203369,0.9999447065298037,0.9999354565392705,0.9999241418187076,0.9999115056709256,0.9998938315818711,0.9998723583895618,0.9998480771644122,0.9998128941647054,0.9997758116133714,0.9997291487146993,0.999674474663512,0.9995995662580331,0.9994997985029964,0.9993863209405621,0.99925632553789,0.9991022966776718,0.998904825897628,0.998712971183265,0.9984894435102458,0.9981366637373653,0.9977470078861538,0.9972911980847895,0.996728930803092,0.9960541770293746,0.9952577693623053,0.9942927558410077,0.993121434495139,0.9917183678507329,0.9900182278496485,0.9879610960264229,0.9855098485351216,0.982543987731209,0.9789729132609805,0.974662252494101,0.9694597522381777,0.9631831794207862,0.9556063222198689,0.946436319328008,0.9353154356202518,0.9218055766788908,0.9052997944643845,0.884983965926008,0.859684126863455,0.8274884198583917,0.7849159991428892,0.7312944234408635,0.667026397697314,0.5846957832968378,0.46478964262042155,0.36733314637891157,0.2885997046362398,0.2144429434774786,0.14743956339053613,0.10045134585504001,0.06800122281571282,0.04554992659678271,0.029982605475391496,0.019118243826529477,0.011516898927459468,0.0061339825615379364,0.0034537152153383344,0.0022377544062267963,0.0012644406702097158,0.0005058588572850757,0.0,0.0,0.0,0.0,0.0,0.0,0.0,0.0,0.0,0.0,0.0,0.0,0.0,0.0
0.2,0.0001,2.604166666666666e-05,0.5,0.9999989263403846,0.999998678572781,0.9999983482159762,0.9999981004483727,0.9999980178591714,0.9999977700915679,0.9999975223239643,0.9999971919671595,0.9999968616103548,0.9999962008967452,0.9999952924155322,0.9999943013451179,0.9999929799178989,0.9999914107230763,0.9999900892958573,0.9999878593874252,0.9999855468897919,0.9999824910893479,0.9999778660940812,0.9999733236880158,0.9999685335143469,0.9999618437890505,0.9999519330849078,0.9999429308619782,0.9999304598925985,0.9999147679443725,0.9998984152825371,0.9998771072686302,0.9998474990400038,0.9998024879253555,0.9997508696746121,0.9996966911586319,0.9996406130910244,0.9995768955223067,0.9994965362295494,0.9993965207069091,0.9992556648242805,0.9990938312845499,0.9989319564502187,0.9987371698192135,0.9984626020198594,0.9981331124017142,0.9977349085681795,0.9972843844756913,0.99673851115043,0.9960738332592577,0.9952652436850129,0.9942871397753268,0.9931157771348575,0.9917151468718866,0.9900204577580807,0.9879760446718382,0.9855004746607865,0.9825395692089454,0.978968990273924,0.9746574210258314,0.9694592567029705,0.9631836749559933,0.9556048356142475,0.9464318595111438,0.9353150639688463,0.9218014059242308,0.905293517685094,0.8849831400339961,0.8596900732859406,0.8275125359051391,0.7848477804627069,0.7311613309431468,0.6668687349122434,0.5844959587245601,0.46456252231715073,0.3671583876291948,0.28845723826418807,0.21430766236593038,0.14733442733742202,0.10037577673595172,0.06795100858138965,0.04551441324027127,0.029958654607046567,0.019101973753895166,0.011506492688109604,0.006125475873815428,0.003450907182497895,0.0022360200330018187,0.0012635321889966325,0.0005053633220779394,0.0,0.0,0.0,0.0,0.0,0.0,0.0,0.0,0.0,0.0,0.0,0.0,0.0,0.0
0.3,0.0001,6.520951575894e-05,0.5,0.9999996475102592,0.999999559387824,0.999999339081736,0.9999992950205184,0.9999989425307776,0.9999985900410369,0.9999981494288609,0.9999978410003377,0.9999976206942497,0.9999967394698978,0.9999964310413746,0.9999953295109346,0.999994844837541,0.9999940517356243,0.9999927298990963,0.9999916283686563,0.9999891609404709,0.9999868256959381,0.9999830804924422,0.9999795555950344,0.9999759425751914,0.9999708755351675,0.9999648391483565,0.9999565556394481,0.9999474349674052,0.9999364637242233,0.999924214705731,0.9999075155042613,0.99989011132331,0.9998664945106772,0.9998387359435904,0.9998048528672573,0.9997554161811121,0.999706067617402,0.9996479949326075,0.9995793475555894,0.9994974818132918,0.9993983000124781,0.9992695090734384,0.999137281359426,0.9989684387735895,0.998671157738454,0.998433932142905,0.9980917967882544,0.9977072304810568,0.997247671981507,0.9966917515990698,0.9960140460111908,0.9952040245868644,0.9942190801286729,0.993028634151603,0.9915951905594788,0.9898838088067446,0.9878197610683541,0.9853272179888204,0.9823145762967569,0.9786922595367862,0.974328260300984,0.9690591114720606,0.9627005490380203,0.9550203703821201,0.9457241584483683,0.9344465576204405,0.9207314021125416,0.9039732467336539,0.8833211371883022,0.8575560758304129,0.8246440206107801,0.7804036060405461,0.7188036885936435,0.6432179916403533,0.530897488228605,0.4175602281595594,0.3317123651991109,0.2622458901458673,0.19710111555953164,0.1350865820550293,0.09141676025269284,0.061240333850083296,0.04033438763014802,0.025863317873133302,0.015881557454770278,0.008965929046635098,0.005215702571976642,0.0029065422800869383,0.001424675409822197,0.0004667404780183873,0.0,0.0,0.0,0.0,0.0,0.0,0.0,0.0,0.0,0.0,0.0,0.0,0.0
0.4,0.0001,0.00013605442176869997,0.5,0.9999997273406567,0.9999994546813132,0.9999994546813132,0.9999993637948654,0.9999990911355221,0.9999988184761788,0.9999983640439398,0.999998273157492,0.9999977278388053,0.9999971825201185,0.9999968189743274,0.9999960918827451,0.9999950921318194,0.9999945468131326,0.9999936379486547,0.9999924564248335,0.9999907295823254,0.9999881847617873,0.9999854581683536,0.9999830042342632,0.999980095867934,0.9999753697726489,0.9999705527909161,0.9999640089666751,0.9999561018457175,0.999945922563565,0.9999341073253523,0.9999198835962732,0.9999015245338195,0.9998815295153057,0.9998550815589988,0.9998249072583326,0.9997871893824998,0.9997460178216508,0.9996906679749468,0.999631273681316,0.9995593370578902,0.9994619976723071,0.9993463901107184,0.9992261927835161,0.9990799110457981,0.9989041820989961,0.9987215457821622,0.9983896284748331,0.9980769790944356,0.9976880759843423,0.9972176477305813,0.9966458356443106,0.9959570981429581,0.9951239875192912,0.9941352792970078,0.9929401225085696,0.99149620951253,0.9897452366526321,0.987649031620804,0.9851274780133186,0.9820761473016655,0.9784136052286246,0.9739729842760537,0.9686464931168739,0.9621890110013955,0.9544086766383338,0.9449827522515868,0.933541738987664,0.9196256150910767,0.9026009020207284,0.8816023153504348,0.8553549908770456,0.8217385477736205,0.7763387221574479,0.7043470669875382,0.6044921263025335,0.46964608499128013,0.3716916708160117,0.29740163371116496,0.23769878059016297,0.18435470690233946,0.12779098080155576,0.08621670210253528,0.05749285825654072,0.03761762808093129,0.023861600662125948,0.014352787834994381,0.0083052035990488,0.004947494671895606,0.002464295145377645,0.0008349737958465893,0.0,0.0,0.0,0.0,0.0,0.0,0.0,0.0,0.0,0.0,0.0,0.0,0.0
0.5,0.0001,0.00026666666666664,0.5,0.9999993528046971,0.9999991678917535,0.9999990754352815,0.9999987056093942,0.9999985206964506,0.999998243327035,0.9999980584140914,0.9999977810446758,0.9999975036752603,0.999996579110542,0.9999959319152391,0.9999951922634643,0.9999941752422741,0.999993065764612,0.9999919562869499,0.9999901996139849,0.9999883504845481,0.9999858541598086,0.9999836352044844,0.9999817860750476,0.9999777179902866,0.9999733725361102,0.9999669930395532,0.9999608909124118,0.9999530783405414,0.9999442949757166,0.999934217220286,0.9999209034883411,0.9999057406269594,0.9998882663537816,0.9998674636476177,0.9998422230308054,0.9998106029174363,0.9997732967310489,0.9997202267162129,0.9996601762377529,0.9995931452956691,0.9995075306027454,0.9993860890269839,0.9992584528676092,0.9991026174843232,0.9989210792018658,0.9987005705165279,0.9984479794354617,0.9981059829461264,0.9977371740799575,0.9972658309865184,0.9967162697179028,0.9960488264476915,0.9952474137497844,0.9942763434260513,0.9931028858854609,0.9916879320404252,0.989994406845736,0.9879403938673438,0.9854701880809646,0.9825032598996265,0.9789120656204261,0.9745899104748607,0.9693798958302178,0.9630858290532536,0.9554835956562285,0.9462801548516464,0.9351222766888434,0.9215487420580468,0.9049491071039346,0.8845067962672178,0.8590080409855841,0.8265160630869339,0.7833124019585794,0.7159029430790345,0.5707998145877914,0.44278828193731995,0.3502873385345954,0.28147115443600834,0.22797657948129238,0.18342208307112293,0.1411768719580954,0.09599376399588735,0.06423302433301786,0.04226425714622652,0.027056277006246496,0.016532234186141043,0.009872779432466118,0.005826237029454922,0.0028336984054170987,0.0007419631865141511,0.0,0.0,0.0,0.0,0.0,0.0,0.0,0.0,0.0,0.0,0.0,0.0,0.0
0.6,0.0001,0.0005273437499999701,0.5,0.9999993460733503,0.9999992526552575,0.9999990658190718,0.9999986921467006,0.9999985053105149,0.9999983184743293,0.9999980382200508,0.999997477711494,0.9999968237848443,0.9999962632762874,0.9999957961858233,0.9999951422591736,0.9999943949144311,0.9999936475696886,0.9999925265525749,0.9999910318630898,0.9999891635012336,0.9999867346308203,0.9999835584156647,0.9999806624547875,0.9999773928215389,0.9999726284988053,0.999967303667515,0.9999616051638532,0.999951609427922,0.9999394650758562,0.9999271338876047,0.9999114863570583,0.99989196197566,0.9998689811248276,0.9998411892422153,0.9998094270906583,0.9997725269439967,0.9997278730956313,0.9996705610956896,0.9995979285285264,0.9995230072180891,0.9994233768221024,0.9993086126950798,0.9991604515998759,0.9989751568127784,0.9987587070917271,0.9985055440601998,0.9981939480116169,0.9978860886867467,0.9973868156896994,0.9968614790447571,0.9962270767764536,0.9954578254911725,0.9945305575018956,0.9934142580018085,0.9920550247513572,0.9904363694571601,0.988477438759886,0.9861183049529946,0.9832796093666398,0.9798563967735446,0.975724467819312,0.9707450499270661,0.9647347166715656,0.9574660884149,0.9486832462918038,0.9380291930605864,0.9250812585603085,0.9092662293734602,0.8898103701463054,0.8656160649973196,0.8349503615957473,0.7947313970596375,0.7374655456557808,0.5987951214643061,0.4565960623619952,0.35644672886972656,0.2841409381951036,0.2304695347484711,0.1889567763359266,0.15483030626794766,0.12404119756576738,0.08931134003629947,0.05956673902987833,0.039036338190124406,0.02482866070824273,0.015055073001802175,0.009228026044403767,0.004973952933816224,0.0018502387462843537,0.0,0.0,0.0,0.0,0.0,0.0,0.0,0.0,0.0,0.0,0.0,0.0,0.0,0.0
0.7,0.0001,0.00113033448673587,0.5,0.9999993420981215,0.9999992481121388,0.9999991541261561,0.9999989661541908,0.9999988721682083,0.9999981202803471,0.9999980262943644,0.9999975563644511,0.9999967104906073,0.9999960525887288,0.9999941728690758,0.9999933269952319,0.9999922931494228,0.9999908833596831,0.9999887216820822,0.999986372032516,0.999983928396967,0.999980732873557,0.9999768794482684,0.9999719921771707,0.9999665409901771,0.9999586461676346,0.9999503284081702,0.99994074183794,0.9999275838003693,0.999911888141267,0.9998916811549975,0.9998710042388148,0.9998439832688033,0.999813061880512,0.999776407347279,0.9997295553349287,0.9996720829065391,0.9996077964944075,0.9995258877105292,0.9994277193516528,0.9993104248453073,0.999161410069818,0.9989859382402131,0.9987771953727506,0.9985251719602783,0.9982260615704992,0.9978659072849898,0.9974270397390123,0.9969049945983907,0.9962645271196318,0.9954943119918266,0.9945785125768988,0.9934702768624979,0.9921400462570811,0.9905331209187468,0.9885911825452617,0.9862542210867045,0.9834407037031276,0.9800505353230103,0.9759554720730286,0.9710261422480667,0.9650634835368749,0.9578705013198217,0.94915809471428,0.9385899818743333,0.9257382446209825,0.9100180551771967,0.890649799816906,0.866498973743559,0.835774815036761,0.795209666044777,0.7363541869274991,0.6350931722990039,0.5204635445055819,0.39911843027995275,0.309050629262,0.24501807326949837,0.1985191662559871,0.1636924724135868,0.13641623647324366,0.11366739930306574,0.09297121599393302,0.07055048388918131,0.046354074614249806,0.029823726000033177,0.018644093363983417,0.011259990651214306,0.005842262667418993,0.0016709767855092787,0.0,0.0,0.0,0.0,0.0,0.0,0.0,0.0,0.0,0.0,0.0,0.0,0.0,0.0,0.0
0.8,0.0001,0.0029629629629629502,0.5,0.9999983973781861,0.9999981145625719,0.9999978317469577,0.9999972661157293,0.999996511940758,0.9999954749501726,0.9999943908236515,0.9999933066971303,0.9999915626675093,0.9999898657738241,0.9999883574238816,0.9999859063552251,0.9999827953834688,0.9999789302367412,0.9999743580509781,0.9999687488746295,0.9999643652326092,0.9999563992594755,0.9999466421207853,0.9999376862930018,0.9999232626966771,0.9999070479347956,0.9998911159885282,0.9998696220018481,0.9998434144215977,0.9998118333446774,0.9997729933336589,0.9997303353118485,0.9996741492764917,0.9996093373649013,0.9995276979242653,0.999432200518533,0.9993186971853625,0.9991772422423205,0.999010899525228,0.9988097704875873,0.9985644279422581,0.9982768987344756,0.9979263487806593,0.9975091957496961,0.9970031914799345,0.9963971647546132,0.9956710828010586,0.9947690895354641,0.9937073054478395,0.9924229454718297,0.9908703820216753,0.9889885740606421,0.9867409912385608,0.9840329374606062,0.9807652387180609,0.9768132675969289,0.9720536222175421,0.9663090714616609,0.9593576993439997,0.950952042202123,0.9407456980445563,0.9283215138403362,0.9131318642884765,0.8944025887810062,0.8710360799191675,0.8413239428493748,0.8023059936736032,0.7475104212840243,0.6697884954001926,0.5871639608439897,0.5095574708666922,0.4334491966056847,0.354363533830121,0.28666016253601895,0.22191367562444272,0.17408272055045723,0.140678472773058,0.11645277007524216,0.09806881243272524,0.08327039114719252,0.07034840432602306,0.057524365979242466,0.04352739700845185,0.03083218117394499,0.018002062291458835,0.009001785320700652,0.0021776802294351098,0.0,0.0,0.0,0.0,0.0,0.0,0.0,0.0,0.0,0.0,0.0,0.0,0.0,0.0,0.0,0.0,0.0
0.9,0.0001,0.013462603878116338,0.5,0.9999935783640731,0.9999920673909138,0.9999911230326893,0.9999893287520627,0.9999862123699217,0.9999830015519583,0.9999788463757704,0.9999756355578069,0.9999718581249087,0.9999635477725328,0.9999555207276243,0.9999447550438645,0.9999325728227679,0.9999197767688255,0.999903675461097,0.9998843161174941,0.9998591489708101,0.9998320931076771,0.9997961130593221,0.9997531919780168,0.9997054074518552,0.9996470933314899,0.9995734806078872,0.999484805370603,0.9993764874822484,0.9992545236175493,0.9990958714358268,0.9989123826327989,0.998687861464915,0.9984192387679449,0.998092774129722,0.9977027069650763,0.9972307639423632,0.9966744897301988,0.9960016344952151,0.9951781541234174,0.994183886566712,0.9929864875559083,0.9915523851561241,0.9898247762201533,0.9877401054394845,0.985233117660802,0.9822048441421742,0.9785761476643849,0.9741646726542755,0.9688417503037529,0.9624186034037314,0.9546327003677898,0.9452064470958246,0.9337427409544176,0.9197325728605423,0.9025045513344632,0.8810890565691353,0.8539928693399181,0.8186356252340828,0.7688911307953139,0.7012016580663963,0.6292103503172383,0.5593800174932918,0.49486344674509,0.4340421497295075,0.3741051497553829,0.3239491984381826,0.28165200739394713,0.2458290530296806,0.2153565490581821,0.189263695224626,0.16668668706102688,0.14690998434065192,0.12924519713572374,0.11284457506807406,0.0967764143133732,0.08288504648414488,0.07039095108394382,0.05834618132697818,0.047125552992567335,0.03806292485496074,0.030208461411917537,0.025670111874341428,0.02152971489258586,0.017714318793805237,0.014256315065101223,0.01122823041811838,0.008643427521733933,0.006442034064512132,0.004525222958255023,0.002720365519516957,0.001529388144640172,0.00029874772433276844,0.0,0.0,0.0,0.0,0.0,0.0,0.0,0.0,0.0,0.0,0.0
1.0,0.0001,0.013462603878116338,0.5,0.9999930117491385,0.9999915007759792,0.99998998980282,0.9999873455997912,0.9999847013967624,0.9999818683220889,0.9999782325429244,0.9999741718025589,0.9999684112173892,0.9999619423635511,0.99995382088282,0.9999444245184859,0.9999345559750394,0.9999223265360317,0.9999069334969717,0.9998882352041258,0.9998660427858492,0.9998363427196875,0.9998016375549357,0.9997635799184867,0.9997152759953016,0.9996549787226648,0.9995845295991143,0.9995009066783314,0.9993978771960342,0.9992766688179147,0.9991276490900826,0.9989485043348876,0.9987344655432959,0.9984724061359864,0.9981607207039775,0.9977860465783919,0.9973297326842948,0.9967835631051329,0.9961283201510369,0.9953443611709362,0.9943938646179381,0.9932384423302153,0.9918620402179503,0.990192792620256,0.9881882034170281,0.9857670578009561,0.9828604176216489,0.9793258264409348,0.9751193243834616,0.9699744607761756,0.9637819261545866,0.9562957624191134,0.9472216131111674,0.9361931616754502,0.9227364819369769,0.9062089853418606,0.8857208975709406,0.8599479923038582,0.8268438924859494,0.7826840020617228,0.7193605334944031,0.6460718191984627,0.5793628736140835,0.5186655708333829,0.4635933850350574,0.4137970453297614,0.3687970538289854,0.32816585234656964,0.29137101171551927,0.2578748615806932,0.2270134236744185,0.19771456810437651,0.1689831773914597,0.14346727921518543,0.1228552444272949,0.10564955697322612,0.09123780054436585,0.07896581819857625,0.06831888748557256,0.0588643979026937,0.05014853810513767,0.041455201251236876,0.03209004795639936,0.022992100821195027,0.014084205778679073,0.006230639475949179,0.0007373076838084683,0.0,0.0,0.0,0.0,0.0,0.0,0.0,0.0,0.0,0.0,0.0,0.0,0.0,0.0,0.0,0.0,0.0
1/0.9,0.0001,0.013462603878116309,0.5,0.9999927284416711,0.9999915007759792,0.9999895176237076,0.9999870622923238,0.9999855513191646,0.9999833792952482,0.9999803101310184,0.9999756827757181,0.9999708193308617,0.999963783862089,0.9999555679455354,0.9999466909782248,0.9999334699630813,0.9999193045897132,0.9999035338073634,0.9998833717592694,0.9998572130364498,0.9998275601881993,0.9997959241876773,0.9997554112198446,0.9997007800965549,0.9996427020657458,0.9995678144585399,0.9994832471795325,0.9993746932016218,0.9992471576233979,0.9990910552088816,0.9989061026506058,0.9986829980200586,0.9984109756334802,0.9980874857236646,0.9976965686366168,0.9972256171900394,0.9966489448402249,0.9959907271577216,0.9951459042900495,0.9941617413663466,0.9929625008570051,0.9915209380272471,0.9897905432345138,0.9877056835822,0.9851944934094183,0.9821530460935584,0.9785057457587456,0.974074250354276,0.9687420260752415,0.9623176987274396,0.954536186957242,0.9450746619055902,0.9335823889278909,0.9195589998188721,0.9022935817071013,0.880844939968092,0.853740442386499,0.8186325560698531,0.7709544118621969,0.7007516241544924,0.625310150849894,0.5566952070609287,0.4932867462534004,0.4342895243664254,0.3774060122755237,0.32365413371092555,0.2794868772925476,0.24242908011387448,0.21116775371741894,0.1846399757035516,0.16189052772815174,0.14214616927696724,0.12473853081658089,0.10894158974396749,0.09384059346492776,0.07862056083168495,0.06515547630501335,0.05199291693557267,0.041466864075309924,0.03284822595697013,0.025178620636380343,0.020198925282566147,0.01631128577960832,0.012813571787562462,0.009718248834992477,0.007311835207223358,0.005303374135274783,0.0035180176938734383,0.0019831994894421697,0.0007866976189518342,4.948437096581971e-05,0.0,0.0,0.0,0.0,0.0,0.0,0.0,0.0,0.0,0.0,0.0,0.0
1/0.8,0.0001,0.0029629629629629502,0.5,0.9999987744656718,0.9999983031063148,0.9999980202907005,0.9999979260188291,0.9999975489313435,0.9999967947563723,0.9999952864064298,0.9999944379595872,0.9999932124252588,0.999991609803445,0.9999899129097598,0.9999873675692319,0.9999836909662471,0.9999793544601625,0.9999755364493706,0.9999704457683148,0.9999638467373165,0.999956493531347,0.9999488575097633,0.9999386761476516,0.9999264208043691,0.9999108659455874,0.9998935199212491,0.9998730157892186,0.9998469496167754,0.9998162169866976,0.9997766228007079,0.9997330691961193,0.9996782029669621,0.9996125897444648,0.9995325529256427,0.9994367727042961,0.9993227037398971,0.9991824743311835,0.9990164615656408,0.9988166051982641,0.9985768718292835,0.9982847232998021,0.9979365772787067,0.9975156062369516,0.9970068680829193,0.996394195190664,0.9956640595466391,0.9947762541976908,0.9937062213213184,0.9924226155202799,0.9908701463419969,0.9889999338211463,0.9867473074539449,0.9840296850810427,0.9807740060021015,0.9768170384717851,0.9720647934343035,0.9663189700081583,0.9593728299793601,0.9509723577904107,0.9407726597997779,0.9283599767638692,0.9131814984287707,0.8944639597692904,0.8711295976156004,0.8414881644493608,0.8026402817296022,0.7486314552428265,0.6689938306601916,0.5869498694240309,0.509604182578973,0.43420205177071797,0.3548576127081499,0.28471156295409583,0.21883159819669223,0.17239388711018816,0.1396184798509901,0.11569553126818857,0.0974403490020097,0.08266898374356996,0.06968477748727377,0.056510283458548374,0.04243997097180536,0.030781462907129575,0.0185897060018564,0.009509533620083227,0.002544397809197126,0.0,0.0,0.0,0.0,0.0,0.0,0.0,0.0,0.0,0.0,0.0,0.0,0.0,0.0,0.0,0.0,0.0
1/0.7,0.0001,0.00113033448673587,0.5,0.9999988721682083,0.9999986841962429,0.9999985902102603,0.999998402238295,0.9999982142663296,0.9999979323083817,0.9999973683924859,0.9999968044765899,0.999996240560694,0.999994924756937,0.9999940788830931,0.999993045037284,0.999991729233527,0.9999902254578046,0.9999880637802037,0.999986372032516,0.9999829885371406,0.9999786651819388,0.9999738718968237,0.9999677628079515,0.9999628285438625,0.9999553096652506,0.9999471328847601,0.9999370763846168,0.9999250461788377,0.9999101024075966,0.9998919631129455,0.9998696884350577,0.9998425734790636,0.9998085505533448,0.9997690294476411,0.9997248560357963,0.9996694982920162,0.9996003716017782,0.999518180859952,0.9994202004730408,0.9993003213521726,0.999155770910859,0.9989831186607335,0.9987755036250628,0.9985255948972003,0.9982246517807595,0.9978596102241524,0.9974239851945761,0.9968965358599522,0.9962996778771424,0.9955034286321435,0.9945882871190942,0.993464919661487,0.9921407041589596,0.9905300663743107,0.9885812670240922,0.9862567117152446,0.9834499613224185,0.9800476687505395,0.9759622860567706,0.971020973019021,0.9650767355604283,0.9578667418805157,0.9491622300975165,0.9385965608931187,0.9257436018219934,0.9100307432848542,0.8906655424689995,0.8665313989075727,0.8358360938974478,0.7953439720139819,0.7370260927174539,0.6349529452128921,0.5214860180108158,0.3982781016090917,0.3084689500153879,0.24457013607619518,0.1981408726758265,0.16334331448804731,0.13605523631389044,0.11325480083923843,0.09238211185469165,0.06936682442370498,0.0466877248526523,0.030097037237575276,0.01886383259141582,0.0114203307376128,0.005958147384024704,0.0017499250109340942,0.0,0.0,0.0,0.0,0.0,0.0,0.0,0.0,0.0,0.0,0.0,0.0,0.0,0.0,0.0
1/0.6,0.0001,0.0005273437499999701,0.5,0.9999995329095359,0.9999994394914431,0.9999992526552575,0.9999991592371646,0.9999990658190718,0.999998972400979,0.9999987855647934,0.9999983184743293,0.999997944801958,0.9999973842934012,0.9999968237848443,0.999995983022009,0.9999951422591736,0.9999938344058742,0.9999933673154102,0.9999912654083218,0.9999893970464655,0.9999870615941452,0.9999838853789895,0.9999800552371841,0.9999763185134716,0.9999706200098099,0.9999648280880553,0.999957448058723,0.9999489470122769,0.9999376434230464,0.9999250319805163,0.9999099916675732,0.9998914014671031,0.9998687008705492,0.9998415162055402,0.9998086330368695,0.999770845418326,0.9997249304257076,0.9996669177900699,0.9995983489099439,0.999514739716875,0.9994144086851922,0.9992928717464405,0.999150595991084,0.9989779593555628,0.9987701040990504,0.9985174081579872,0.9982100626326275,0.9978462925792076,0.9974038644916381,0.9968523240716612,0.9962366054219207,0.9954449805034105,0.9945287358490856,0.9934146316741798,0.9920515682819231,0.9904340340048398,0.9884840714444758,0.9861183049529946,0.9832829724179811,0.9798507916879757,0.9757279709977926,0.9707402856043326,0.9647357442705866,0.9574689843757773,0.9486845541451032,0.9380319021852781,0.9250854623744852,0.9092721147133076,0.8898184508113338,0.8656294704936385,0.8349788074050093,0.7947881018419759,0.7377014730491839,0.5985328968777758,0.4563920372472883,0.3562556888699209,0.2839523270657111,0.2302875563036684,0.18876536266374966,0.15460628968137843,0.1236745315514704,0.08982205674971644,0.05974488733287561,0.03916871162764258,0.024923480072449468,0.015133170527395113,0.009282582210607447,0.00500861104625041,0.0018755550494370882,0.0,0.0,0.0,0.0,0.0,0.0,0.0,0.0,0.0,0.0,0.0,0.0,0.0,0.0
1/0.5,0.0001,0.00026666666666664,0.5,0.9999995377176408,0.9999994452611689,0.9999993528046971,0.9999993528046971,0.9999990754352815,0.9999987980658661,0.9999986131529224,0.9999983357835068,0.9999977810446758,0.9999972263058448,0.9999966715670138,0.9999958394587672,0.999995377176408,0.9999941752422741,0.9999927883951965,0.999991309091647,0.9999897373316258,0.999987888202189,0.999985576790393,0.999983265378597,0.9999804916844418,0.9999756839479061,0.9999706912984268,0.9999661609313066,0.9999575624794256,0.9999489640275444,0.9999368522297334,0.9999244630625069,0.9999068501046214,0.9998864172243448,0.9998617313463636,0.9998315905365439,0.9997962721643011,0.9997561922837586,0.9997076526360427,0.9996508843623331,0.9995774276954563,0.9994871439507048,0.9993852569187374,0.9992589151499683,0.9991077025902744,0.998922650961887,0.9987084293166343,0.9984440962636444,0.9981250289793254,0.9977306558986928,0.9972982369798983,0.9967227878991676,0.9960579796384037,0.9952436230344389,0.9942800416849249,0.9931032557113483,0.9916900585392774,0.9899930199986584,0.98793216524135,0.9854761977516343,0.982505848680838,0.9789157638792998,0.9745869518677617,0.969385535675,0.9630877244109263,0.9554764765078969,0.9462824200352065,0.9351250503829986,0.9215500364486526,0.9049547007204809,0.8845117889166972,0.8590128024938839,0.8265217953881879,0.7833079640479311,0.7154313688444157,0.5707795666204585,0.4427566618239508,0.3502283513055617,0.28139635715029,0.2278810719458819,0.18329615735647717,0.14070247780108555,0.09612958255301997,0.06432779221665362,0.04232805211179596,0.027097882418574394,0.016563669386566563,0.00989589355042606,0.005842047086139522,0.00284525546439707,0.0007507465513389292,0.0,0.0,0.0,0.0,0.0,0.0,0.0,0.0,0.0,0.0,0.0,0.0,0.0
1/0.4,0.0001,0.00013605442176869997,0.5,0.9999989093626265,0.9999988184761788,0.9999985458168353,0.999998273157492,0.9999981822710442,0.9999981822710442,0.9999980913845964,0.9999977278388053,0.9999974551794619,0.999997000747223,0.9999964554285362,0.9999959101098495,0.9999953647911627,0.9999945468131326,0.9999933652893114,0.9999919111061467,0.9999889118533696,0.9999870032379661,0.9999846401903235,0.9999823680291288,0.9999781872525304,0.9999729158385586,0.9999678261974824,0.9999611006003459,0.9999522846149103,0.999942468878549,0.9999313807319186,0.9999177477647501,0.9999008428854611,0.9998814840720819,0.999856762958283,0.9998295424671699,0.9997939149796362,0.9997539703858325,0.9997031648615179,0.9996409985312296,0.9995668351898329,0.9994758124123713,0.999372065532219,0.9992442791866263,0.9990866366429345,0.9989059998279519,0.9986808286535522,0.9984069423431371,0.9980832048161092,0.9976886667462529,0.9972123763166095,0.9966232958052587,0.9959671865386628,0.9951351211091455,0.994133461568052,0.9929388500983005,0.9914855757981387,0.9897464636196773,0.9876574840604484,0.9851227973612574,0.9820825093530108,0.9783989725105304,0.9739830726717584,0.9686328147064815,0.9621951458366214,0.9544043595320638,0.9449702099217917,0.9335381489729764,0.9196199801313136,0.902594585412607,0.8815899547935353,0.855340994364086,0.82170937322388,0.7762437003762835,0.7046462651736629,0.6051325122136617,0.4697147951458094,0.3717175734536318,0.2974003613008959,0.2376812395057395,0.1842663652750876,0.1278932280553195,0.0862881388504982,0.057542573143481844,0.03765016542924011,0.023884867592760185,0.01436760232598415,0.00831683706436592,0.004954947360614385,0.002468294149080404,0.0008380639350714488,0.0,0.0,0.0,0.0,0.0,0.0,0.0,0.0,0.0,0.0,0.0,0.0,0.0
1/0.3,0.0001,6.520951575894e-05,0.5,0.9999994712653888,0.9999992068980832,0.9999991187756481,0.9999988544083425,0.9999987222246897,0.9999985459798193,0.999998237551296,0.9999978410003377,0.999997268204509,0.9999962107352866,0.9999955938782402,0.9999949329599762,0.9999941839192771,0.9999924655317907,0.9999907912055219,0.9999891609404709,0.9999867375735029,0.9999845785738406,0.9999814502273912,0.9999777490851128,0.9999732989021355,0.9999675268826301,0.9999610058224255,0.9999534713542162,0.9999427204171223,0.9999314848066347,0.9999172089721329,0.9999019637908438,0.9998815634470959,0.9998596209607319,0.9998310252305107,0.9997970540317425,0.9997543146506721,0.999704966086962,0.999644866586158,0.9995715046588569,0.999483646590966,0.9993779437299477,0.9992530742392742,0.9990988159164628,0.9989139350474204,0.9986941136328227,0.9984267061032188,0.9981006530929917,0.997712914378127,0.9972447198799279,0.9966905619461945,0.995994394708142,0.9951993981590166,0.9942182429655385,0.9930149311129299,0.9916030775174288,0.9898877743163286,0.9878099794780473,0.9853174804597312,0.9823147525416273,0.9786837997830073,0.97432539632184,0.9690519735548097,0.9626922214678941,0.9550064910985766,0.9457118653686585,0.9344300787250587,0.9207186684206556,0.9039481318396229,0.8832864610100523,0.8575037311039062,0.8245657678883256,0.780033359629068,0.7190105119490497,0.6434419988706229,0.5309394345077586,0.4176934692815766,0.3318136619383693,0.2623245394192802,0.19718514030149153,0.13514694592313892,0.09146734253049565,0.06126677058064225,0.04035615387164156,0.02587398068779208,0.01588935629028517,0.008971568882487676,0.005219139346949307,0.0029076438105268944,0.0014244110425166076,0.0004668286004535838,0.0,0.0,0.0,0.0,0.0,0.0,0.0,0.0,0.0,0.0,0.0,0.0,0.0
1/0.2,0.0001,2.6041666666666672e-05,0.5,0.9999990089295857,0.9999989263403846,0.999998678572781,0.9999983482159762,0.9999979352699703,0.9999973571455619,0.9999972745563608,0.9999966138427512,0.9999957053615381,0.9999950446479287,0.9999938058099108,0.9999926495610941,0.9999905848310644,0.9999879419766263,0.9999852165329871,0.9999824910893479,0.9999790223428979,0.999976049131655,0.9999727455636075,0.9999658080707076,0.9999601920050267,0.9999513549604995,0.9999416920239603,0.9999291384653795,0.9999139420523606,0.9998980023365311,0.9998774376254349,0.9998526608650781,0.9998228461634487,0.9997841118280909,0.9997421152192861,0.9996923552255695,0.9996323128763048,0.9995617816984891,0.9994785317836902,0.9993748823361974,0.9992511224182151,0.9990915187869166,0.9989145301287677,0.9986964533430271,0.9984348520482597,0.9981146537152483,0.9977392032066413,0.9972863666165199,0.996743507797102,0.9960590910868454,0.9952616923493617,0.9942847446884924,0.9931165204376683,0.9916963165340154,0.9900010080012005,0.9879598984830057,0.9854997313579759,0.982532879483649,0.978955032698923,0.9746409031855935,0.9694316719097733,0.9631515064621301,0.9555679182413158,0.9463938684785966,0.9352627850044934,0.9217360778660899,0.9052142733465528,0.8848774258564738,0.8595368703177343,0.8272687738778285,0.7848497626035353,0.7313499233840628,0.6670565014611475,0.5846624172595574,0.4649090666053414,0.3674230860190068,0.2887116955930526,0.2145713696853281,0.14738959692381653,0.10041624544453452,0.06797826301778216,0.04553142661571629,0.029971455933230924,0.01910535991114393,0.011510787326571452,0.006130100869082035,0.003448512095663402,0.0022342856597768416,0.001262210761777602,0.0005038767164565302,0.0,0.0,0.0,0.0,0.0,0.0,0.0,0.0,0.0,0.0,0.0,0.0,0.0,0.0
0.2,0.0003,7.812499999997998e-05,0.5,0.9999985133943786,0.9999985133943786,0.9999984308051774,0.9999980178591714,0.9999978526807691,0.9999970267887571,0.9999964486643489,0.9999957053615381,0.9999947968803251,0.999993888399112,0.9999926495610941,0.9999909977770703,0.9999883549226323,0.9999857120681942,0.9999833995705609,0.9999800134133122,0.9999761317208563,0.999969937530767,0.9999626696810624,0.9999568884369792,0.9999492076412685,0.9999409487211496,0.9999318639090188,0.9999222009724796,0.9999117121439285,0.999898828228543,0.9998799978906718,0.9998566251467352,0.9998324678053873,0.999803148638965,0.9997578071675121,0.9997092447172127,0.9996541164254188,0.9995818508743781,0.999493728196709,0.9993846278619378,0.9992565733054937,0.999119392642318,0.9989310479690056,0.9987092546692115,0.9984540953321368,0.9981340208829272,0.997737097182011,0.9972741021201432,0.9967624207241743,0.9960350576292992,0.995255250391669,0.9942934165546172,0.9931240360549765,0.9916993723344594,0.9900120336595593,0.987969850481749,0.9855025393908162,0.9825228036011039,0.9789504077036564,0.9746408205963923,0.9694373705646554,0.963155801100592,0.9555710153363605,0.9463916798647651,0.9352665841077482,0.921744832321416,0.905225051237308,0.8848951412401289,0.8595839048678117,0.8273752313581617,0.7846709569829603,0.7309307831880266,0.6665858256035692,0.5841027928322979,0.46416435977821663,0.36687312452828663,0.28825324293725024,0.21413488575704215,0.1470689030555981,0.10019416308253622,0.0678182877350783,0.04542439101097483,0.029899107792989012,0.019056632282442185,0.011477256110888557,0.006106067411535919,0.003442565673177765,0.0022297432537114244,0.0012596504965407306,0.0005022249324327421,0.0,0.0,0.0,0.0,0.0,0.0,0.0,0.0,0.0,0.0,0.0,0.0,0.0,0.0
0.3,0.0003,0.00019562854727688,0.5,0.9999992950205184,0.9999992068980832,0.9999992068980832,0.9999991187756481,0.9999989425307776,0.9999988544083425,0.9999984137961665,0.9999979731839905,0.9999971800820737,0.9999969157147681,0.9999953295109346,0.9999945364090178,0.999993302694925,0.9999921571032675,0.9999908352667396,0.9999887203282949,0.9999869578795909,0.9999837854719238,0.9999807893091271,0.9999780575136361,0.9999741801264874,0.9999680996784589,0.999960961761208,0.9999536475990867,0.9999443066209558,0.999933203194121,0.9999209541756288,0.9999043871578118,0.9998848239771981,0.9998584313078568,0.9998302321285939,0.9997999180108863,0.9997604391599183,0.9997129411673473,0.9996535025848072,0.9995806253308998,0.9994927672630088,0.9993889149731298,0.999268892216392,0.9991112852410431,0.9989170193326523,0.9986964048161379,0.9984232693282462,0.9980971722568015,0.9977132228066502,0.9972496987975165,0.9966979201695335,0.9960002989113002,0.9951919077520249,0.9942018521925919,0.9930202625202593,0.9915939127841684,0.9898783892769801,0.9878085254578666,0.9853078310530772,0.982306336849066,0.9786767499881915,0.974305436590268,0.9690414429238037,0.9626696621244839,0.9549846367346478,0.9456785550881541,0.9343965040772488,0.9206710823056495,0.9038956549294633,0.883228035835517,0.8574411201136991,0.8245048312243872,0.7802379799235943,0.7184936298054045,0.6428070767250319,0.5307505881291325,0.4172833474681719,0.3315136491077427,0.2621137946155077,0.19714464804251872,0.1348225672391805,0.09123395026087766,0.061112291951742746,0.040244238378941984,0.025798547883263856,0.015839787420487125,0.008934293092399546,0.0052008098804284305,0.0028946898125530056,0.001417581553788877,0.00046184968286498024,0.0,0.0,0.0,0.0,0.0,0.0,0.0,0.0,0.0,0.0,0.0,0.0,0.0
0.4,0.0003,0.0004081632653061,0.5,0.9999993637948654,0.9999993637948654,0.9999991820219699,0.9999990911355221,0.9999989093626265,0.9999984549303875,0.9999980913845964,0.9999979096117009,0.9999974551794619,0.9999968189743274,0.9999962736556406,0.9999951830182672,0.999994365040237,0.9999931835164158,0.9999919111061467,0.9999903660365342,0.9999888209669219,0.9999865488057271,0.9999842766445324,0.999981368278203,0.9999779145931871,0.9999729158385586,0.9999688259484081,0.9999622821241672,0.9999544658896572,0.9999439230617135,0.999930744526784,0.9999161118086899,0.9999017063067152,0.9998810750830668,0.9998570810608503,0.9998291789213787,0.9997949147305619,0.9997540158290564,0.9997023468834878,0.9996401805531995,0.9995647448015338,0.999476357731058,0.9993702932464871,0.9992382806810721,0.9990812743425149,0.9988926395201269,0.9986643782065023,0.9983948998888049,0.9980760247867339,0.9976891211784918,0.9972088317451456,0.9966328388822766,0.995961915124691,0.9951435735487899,0.9941301896559316,0.9929255806769232,0.9914830309776005,0.9897461000738862,0.9876428513423542,0.9851077102109242,0.982069012715514,0.9783946554042604,0.973959033206318,0.9686175457832528,0.9621613360780434,0.9543743670042931,0.9449352186393926,0.9334904335878866,0.9195650847168485,0.9025248300639281,0.8815069754667031,0.8552361114033363,0.821577815090704,0.7761074615910464,0.7038422382132887,0.6032706578874599,0.46947240098955345,0.3715500697303549,0.29730456698492524,0.2376441578350412,0.1844215084414651,0.12752631946559131,0.08601847875990531,0.05734807614521128,0.037518470966392416,0.02379688951129948,0.01430507244990464,0.008275392844173685,0.00492631812956054,0.0024492988814922975,0.0008238856492162112,0.0,0.0,0.0,0.0,0.0,0.0,0.0,0.0,0.0,0.0,0.0,0.0,0.0
0.5,0.0003,0.0007999999999999799,0.5,0.9999994452611689,0.9999993528046971,0.9999991678917535,0.9999989829788097,0.9999987980658661,0.9999986131529224,0.9999986131529224,0.9999983357835068,0.9999978735011477,0.9999973187623167,0.99999648665407,0.9999958394587672,0.9999950073505206,0.9999938978728585,0.9999924185693091,0.9999908468092878,0.9999887203104355,0.9999865938115833,0.9999840974868436,0.9999811388797447,0.9999789199244206,0.9999741121878849,0.999970044103124,0.999964219345398,0.9999568228276509,0.9999476696369387,0.9999363899473742,0.9999229837589575,0.9999063878222623,0.9998869719631759,0.9998625634546102,0.9998339944048117,0.9997991383149281,0.9997581338696672,0.9997104263301978,0.9996527334917699,0.9995810334978581,0.9994939857296209,0.9993922836105972,0.9992688079924552,0.9991166708680428,0.9989366118891349,0.9987145314437758,0.9984447434589473,0.9981208684380926,0.9977335220493199,0.9972730425913219,0.9967110459272439,0.9960533568148117,0.9952296158789552,0.9942689469083041,0.99310686151375,0.991684511150967,0.9899741588784031,0.9879287443518919,0.9854614971726118,0.9824823647369907,0.9788962093355056,0.9745650396839357,0.9693532221380919,0.9630506493657186,0.9554438393733374,0.9462352210063323,0.9350714256293315,0.9214765797817759,0.9048653415404478,0.8843920115574289,0.8588635777483346,0.8263061868958577,0.7829730404786915,0.7127960357993308,0.5718280230111215,0.4429715306645064,0.35035409210726376,0.2815105408930121,0.22801365452650013,0.18347580028126184,0.1414625624560803,0.09579248625669218,0.06406022318714932,0.042126404546713424,0.026955591908412988,0.016460118138106022,0.00982017169998929,0.005789994092493732,0.00280919744037956,0.0007188490685542087,0.0,0.0,0.0,0.0,0.0,0.0,0.0,0.0,0.0,0.0,0.0,0.0,0.0
0.6,0.0003,0.0015820312499999697,0.5,0.999998972400979,0.9999988789828862,0.9999987855647934,0.9999986921467006,0.9999984118924221,0.999997944801958,0.9999978513838653,0.9999972908753084,0.9999971974572156,0.9999964501124731,0.999995983022009,0.9999952356772664,0.9999942080782455,0.9999937409877814,0.9999926199706677,0.9999913121173682,0.999988416156491,0.9999853333594281,0.9999827176528293,0.9999788875110239,0.9999751507873114,0.9999699193741137,0.9999639406161736,0.9999565605868412,0.9999470319413741,0.9999376901320928,0.9999236774181706,0.9999078897604848,0.9998899067776181,0.9998692146700596,0.999842870767886,0.9998086797459159,0.9997700980735835,0.9997225482643409,0.9996652362643992,0.9995961535847628,0.9995133851545291,0.9994137547585424,0.9992930118735798,0.999150362445852,0.998977305428913,0.9987634247054142,0.9985098880015156,0.9982088014883744,0.9978440972540266,0.9973898050686696,0.9968514833088259,0.9962136712801347,0.9954485770999838,0.9945325192818447,0.9934037951754132,0.9920572667855848,0.9904220764889594,0.9884573538699309,0.9861031245129123,0.9832593843495455,0.9798283246366538,0.9756913511054093,0.9707041328024134,0.9646869800261374,0.9574101776863505,0.9486105670155941,0.9379434352513827,0.9249758362425674,0.909129138322255,0.8896296995548021,0.8653747660635797,0.8345978484225117,0.7941328206299285,0.7356990562297047,0.6022513106441649,0.45848301441875566,0.3573504554996142,0.2845933620186043,0.23072064258195651,0.18911409240422625,0.15495053535339995,0.12412676853878549,0.08953750523900342,0.05953833992966272,0.038935540067977545,0.02471618532449405,0.014957731349089447,0.00914721939411921,0.004912764083022715,0.0018076400959609333,0.0,0.0,0.0,0.0,0.0,0.0,0.0,0.0,0.0,0.0,0.0,0.0,0.0,0.0
0.7,0.0003,0.0033910034602076104,0.5,0.9999992481121388,0.9999991541261561,0.9999988721682083,0.9999984962242776,0.9999981202803471,0.9999978383223991,0.9999975563644511,0.9999966165046247,0.9999957706307808,0.9999951127289023,0.9999937969251452,0.9999931390232667,0.9999920111914748,0.9999905074157525,0.9999891916119954,0.9999874058783251,0.9999831295161146,0.9999791821048434,0.999975798609468,0.9999712872823009,0.9999651781934287,0.999956813440973,0.9999472268707428,0.9999371703705994,0.9999260800246469,0.9999091625477702,0.9998902713652578,0.9998663049396824,0.9998395659276189,0.9998069527916398,0.9997697813355023,0.9997229763161433,0.999668464446207,0.9996015934195527,0.9995195906496918,0.9994221271856851,0.9993007912820858,0.9991583085323905,0.9989834006186815,0.9987803908961606,0.9985302941963327,0.9982244638087941,0.9978648734391806,0.9974252540053419,0.9968940922244034,0.9962494423694167,0.9954757027672622,0.994553183354575,0.9934501638622111,0.9920985044527504,0.9905400758814628,0.9885517554255405,0.986199521244803,0.9833765112769787,0.9799819255556769,0.9758651985366946,0.970913594033845,0.96493307798595,0.9577059318642039,0.94895724666936,0.9383485318849091,0.9254320852825048,0.909629893068858,0.8901481966275104,0.8658141448809901,0.8347595314591996,0.7933520330977277,0.7265420503389863,0.6332677295510116,0.5153634891431387,0.4114683763719428,0.3146250318788705,0.2475649994132925,0.19966231776294188,0.16415319170053022,0.1365066509885516,0.11348130705742153,0.09226876475961746,0.06986401027191602,0.04805258929267512,0.030393844970779522,0.018758756262814695,0.011214031505699145,0.005754761717573156,0.0015880811488132225,0.0,0.0,0.0,0.0,0.0,0.0,0.0,0.0,0.0,0.0,0.0,0.0,0.0,0.0,0.0
0.8,0.0003,0.00888888888888888,0.5,0.9999977374750862,0.9999972661157293,0.9999970775719865,0.9999967947563723,0.9999962291251439,0.9999957577657869,0.9999950507267513,0.9999941080080372,0.9999920340268663,0.9999909027644095,0.9999896772300813,0.9999867548020677,0.9999834552865686,0.9999802500429409,0.9999756307212421,0.9999705871761219,0.9999642709607378,0.9999577662016109,0.9999497059566059,0.999937827700809,0.9999244882310053,0.9999096404112592,0.9998936141931205,0.9998724972939259,0.9998458183543185,0.99981268179152,0.9997739831883087,0.9997285912822276,0.9996749977233343,0.9996068391603091,0.9995271322930369,0.9994289952749053,0.9993124752418497,0.9991725286487504,0.999003781998937,0.9987997305332827,0.9985539637645322,0.9982587513992303,0.9979036292596509,0.997466961951307,0.9969510119991123,0.9963289119197166,0.9955776122405614,0.9946738278094102,0.9935908796866554,0.9922837530537016,0.9906921610487859,0.9887855124496376,0.9864867871373196,0.9837264124707357,0.9803843803575882,0.9763647220327881,0.9715118417725827,0.965649639721189,0.9585611963025064,0.9499760455174762,0.9395512734338661,0.9268394186140564,0.9112619817191758,0.8919772563453925,0.8677560315614684,0.836491849536814,0.7932923772330414,0.7282676468930159,0.657645052829014,0.5755494306073239,0.48810618934429956,0.4140715663026327,0.3513942998324412,0.29762775205517394,0.25050958660087497,0.20764275259535175,0.16449390428652313,0.12101439738874457,0.0973030891572453,0.07907684835558747,0.06389205380510497,0.052176464122294,0.042496675502454936,0.03453338911714204,0.026742290304948763,0.017647788598722163,0.004200471774153254,0.0,0.0,0.0,0.0,0.0,0.0,0.0,0.0,0.0,0.0,0.0,0.0,0.0,0.0,0.0,0.0,0.0
0.9,0.0003,0.04038781163434901,0.5,0.9999917840834465,0.9999902258923761,0.9999881483042821,0.9999856929728982,0.9999830015519583,0.9999799796056398,0.9999759188652743,0.9999706776771281,0.999963783862089,0.9999558040350915,0.9999480602976504,0.9999359725123763,0.999923648637546,0.9999071223686167,0.9998886129474157,0.9998650984276247,0.999835823322664,0.9998020625161367,0.9997609357154581,0.999711592998226,0.9996517206867902,0.999579902243814,0.9994952405289842,0.9993881030884102,0.999262786752014,0.9991115477823541,0.9989292866450182,0.9987149645459592,0.9984548882909212,0.9981309734199045,0.9977541744883137,0.9972938942896735,0.9967377145133316,0.9960754360904627,0.9952645629009627,0.9943015063835783,0.9931349878867171,0.9917301605918936,0.9900412703431288,0.987997820798961,0.9855264825432549,0.9825998219695875,0.9790071527580643,0.9746367101128112,0.9693915556620791,0.9630805513012217,0.9553725578188045,0.9460499478619824,0.9347053252926897,0.920814099117195,0.9036383006009329,0.8820662312419765,0.8541494911514579,0.8141733909694044,0.7385139125686714,0.6516012254747808,0.5668413918253707,0.4960588626036221,0.43425972986444117,0.3794457788226157,0.3298526650072404,0.2836595713255824,0.24080195089299458,0.20539569459530568,0.17551322564249883,0.15025537335107972,0.1288870492790675,0.11076958395920675,0.09535874374669592,0.08216709814393945,0.07070924702352453,0.06055876542916076,0.05139934057353897,0.04242269625227661,0.034537493949024674,0.02739342398039059,0.022307960505428076,0.018337642439911903,0.014861931994497792,0.011394956862660661,0.007801012767534324,0.004821184825825402,0.0029929545210300077,0.0010465377844336146,0.0,0.0,0.0,0.0,0.0,0.0,0.0,0.0,0.0,0.0,0.0,0.0,0.0,0.0,0.0,0.0
1.0,0.0003,0.04038781163434901,0.5,0.9999910285968668,0.9999888565729504,0.9999868734206789,0.9999845597430288,0.9999813017071542,0.9999776187100784,0.9999736051876241,0.9999674196412535,0.9999602425187469,0.9999527348708619,0.9999424413662144,0.9999288898256923,0.9999149133239691,0.9998985759266845,0.9998770917770763,0.9998530106423505,0.9998265213941523,0.9997938465995833,0.9997537113750403,0.9997052657981215,0.9996542232360852,0.9995899596589054,0.999507281096347,0.9994068485991673,0.9992831376717528,0.999146489036662,0.9989735770457491,0.9987695956692487,0.9985138634620437,0.9982126604063272,0.9978270317253368,0.9973960266316574,0.9968537761391274,0.9962187896689477,0.9954495626771498,0.9945099262437339,0.9933961029358019,0.9920432153433281,0.9904178331851635,0.9884504516959823,0.9860912559794401,0.9832460463026392,0.9798106599534129,0.9756626608879498,0.9706619535636396,0.9644909030916589,0.9571014888562897,0.9481540252041655,0.9372627890184737,0.923959567491488,0.9075685306598175,0.8870912085726573,0.8608890452746109,0.825617832203031,0.7537254931958045,0.6689211330561076,0.5863005068748335,0.4986497566105548,0.42574034379550035,0.36450999801495904,0.31272488710669605,0.26877894103823874,0.2313056734586799,0.19912496711272484,0.1709418235670639,0.14561536365063202,0.12413650244843757,0.10532771969030338,0.08830504886015018,0.07234496990424774,0.059394277302482285,0.0484788655462423,0.03926452625986358,0.03132474005123332,0.02457092611888979,0.018672134123043454,0.013384719641763373,0.008507298283666701,0.0036387066749694642,0.0006708720827121817,0.0,0.0,0.0,0.0,0.0,0.0,0.0,0.0,0.0,0.0,0.0,0.0,0.0,0.0,0.0,0.0,0.0,0.0,0.0,0.0
1/0.9,0.0003,0.04038781163434896,0.5,0.9999913119043342,0.9999898481490862,0.9999873928177024,0.9999847486146737,0.9999821988474674,0.9999777603638121,0.9999732746622455,0.9999672307696085,0.9999603841724806,0.999951318333525,0.9999408359572327,0.9999295508764494,0.9999167076045957,0.9998998980281989,0.9998796415442825,0.9998553715379119,0.9998251992926379,0.999791296832377,0.9997504061212544,0.9997001190457978,0.9996374136596884,0.9995637065002632,0.999475031262979,0.9993649663119091,0.9992356836709697,0.999077598104182,0.998889293074209,0.9986609472555156,0.9983901525346291,0.9980622241411581,0.9976732429884707,0.9971965781746349,0.9966340711981885,0.9959174921774087,0.9950916981279609,0.9940766074724044,0.9928590936314181,0.991424802359989,0.9896971934240182,0.9875742289173443,0.9850107212989232,0.9819177592419146,0.9782037872164494,0.9737222880439905,0.9683067241516405,0.9617481562822203,0.9538310818888902,0.9441394167379185,0.9323301227042415,0.9178123620646769,0.8997669984952597,0.8768336367556309,0.8391031259957077,0.7753454887346563,0.7084200962452128,0.6267164891178769,0.5512353527678479,0.4834847328438914,0.42267514587029315,0.36777308620611826,0.3163868249939892,0.2714589352436567,0.23367809019036562,0.20112157648895546,0.1725133773064297,0.14581863675846396,0.1225616906731971,0.10315168225141044,0.0866914711797924,0.07245333501051354,0.05964528771856463,0.048906093207023535,0.03974142716325555,0.031683832266114105,0.02521861420718955,0.01941288871437149,0.01419842590593701,0.011356379829188261,0.008958748732907352,0.007062194110566594,0.005378922793237866,0.0037928259372141545,0.0024364914372206705,0.001580619578321388,0.0007761208068370024,0.0,0.0,0.0,0.0,0.0,0.0,0.0,0.0,0.0,0.0,0.0,0.0,0.0,0.0,0.0
1/0.8,0.0003,0.00888888888888888,0.5,0.9999982088344433,0.9999979260188291,0.9999975489313435,0.9999972661157293,0.9999964176688867,0.9999959463095296,0.9999951921345583,0.9999941551439729,0.9999921754346734,0.9999905728128596,0.9999882160160745,0.9999863305786464,0.9999835024225043,0.9999801086351338,0.9999767148477632,0.9999709642636075,0.9999649308638376,0.9999571062985111,0.9999489989175704,0.9999388175554588,0.9999282591058615,0.9999123271595942,0.9998935670571848,0.9998720730705046,0.9998439800528262,0.9998113148493847,0.9997759628976081,0.9997294868650058,0.9996744792280415,0.9996043409557169,0.9995272265649083,0.999431257799819,0.9993117210668785,0.9991746497658569,0.9990040648145512,0.9988021816019392,0.9985580174550026,0.9982642191677716,0.9979049019299149,0.9974762477306404,0.9969573753504322,0.996330891629016,0.9955801575810893,0.9946794369857588,0.9935972430379751,0.9922846015005442,0.9907072445482106,0.9888056866301181,0.9865157757377764,0.9837513945166577,0.9804354285759537,0.9764128949590757,0.9715611930972627,0.9657163842061431,0.9586457581711558,0.9500802630713134,0.9396926341050366,0.9270227774039375,0.9115052502833341,0.8923269107164304,0.8683088889513179,0.8375079589027433,0.796058031124424,0.732822062408356,0.6586541389405237,0.5742150594035343,0.48827668002373387,0.41224151359900024,0.3479195800602925,0.29266660055066085,0.24394656745746313,0.19840396778994115,0.1484448723549434,0.1171383151240929,0.09600435272084647,0.07940194490412457,0.06352000986460862,0.05078199460048429,0.04054637902684655,0.03250989053338836,0.024967150966409234,0.016650015111780984,0.00488267017156915,0.0,0.0,0.0,0.0,0.0,0.0,0.0,0.0,0.0,0.0,0.0,0.0,0.0,0.0,0.0,0.0,0.0
1/0.7,0.0003,0.0033910034602076104,0.5,0.9999996240560695,0.9999994360841041,0.9999991541261561,0.9999987781822256,0.9999983082523123,0.9999980262943644,0.9999972744065032,0.9999961465747114,0.9999956766447982,0.999995206714885,0.9999944548270238,0.9999935149671972,0.999991165317631,0.9999898495138739,0.9999871239203771,0.999984210354915,0.9999815787474009,0.9999779132940776,0.9999727440650319,0.9999682327378647,0.99996202966301,0.9999541348404675,0.9999458640739944,0.9999343977841113,0.9999220856203843,0.9999045572346204,0.9998880157016742,0.9998649891359253,0.9998396599136015,0.9998075167075356,0.9997681835737973,0.999717431143167,0.9996602876657167,0.999592946709149,0.999513105616889,0.9994120236925504,0.9992953870880835,0.9991531393033449,0.9989780434176706,0.9987671388726072,0.9985125778386034,0.9982144543016421,0.9978510574997314,0.9974132707925542,0.996887090268696,0.996250053278304,0.9954822817860476,0.9945585875485773,0.9934462634439312,0.9921075271070847,0.9904853760395613,0.9885081459295916,0.9861977825041239,0.9833794248424407,0.9799627994082079,0.9758580556020133,0.9709023627089185,0.9649226925348673,0.9577017024949848,0.9489439476528152,0.9383365016791301,0.9254206189926216,0.9096227031411854,0.8901428864194907,0.8658322371826499,0.8348457635982797,0.7937063602523129,0.7297873393268508,0.6313328871192164,0.5142154503650862,0.40757660480242996,0.31193844256486053,0.2459233462543696,0.19851362108301082,0.16323325690236581,0.13566669826162117,0.11260338399350106,0.0911195041637905,0.06831803484332936,0.048257760692797,0.030795447074636946,0.019232351629380938,0.011616855427331001,0.00606576133415734,0.0018048128248008707,0.0,0.0,0.0,0.0,0.0,0.0,0.0,0.0,0.0,0.0,0.0,0.0,0.0,0.0,0.0
1/0.6,0.0003,0.0015820312499999697,0.5,0.9999986921467006,0.9999984118924221,0.9999981316381437,0.9999977579657725,0.9999976645476797,0.9999976645476797,0.9999973842934012,0.9999969172029372,0.9999966369486587,0.9999957961858233,0.9999954225134521,0.9999942080782455,0.9999937409877814,0.9999930870611318,0.9999913121173682,0.9999900976821616,0.9999880424841198,0.9999856136137065,0.999982343980458,0.9999796348557665,0.9999751507873114,0.9999703864645778,0.999963286689524,0.99995618691447,0.9999470319413741,0.999937036205443,0.9999241445086346,0.9999081700147633,0.9998902804499894,0.9998677666896211,0.999840815569844,0.999808119237359,0.9997690704745625,0.9997201193939277,0.9996642086653782,0.9995956864942988,0.999512450973601,0.9994120732328718,0.9992919842745588,0.9991457849593041,0.9989711398347872,0.9987585202555415,0.9985036756983434,0.9981988991705361,0.9978334943004921,0.9973900853229479,0.996860217900504,0.9962189026933324,0.9954475495009629,0.9945179460593656,0.9933987505984013,0.9920445152159156,0.9904298301906631,0.9884538039824039,0.9860866829285768,0.98325256482877,0.9798173013017017,0.9756829901861024,0.9706958653011993,0.9646684832437602,0.9573956044638715,0.9485914163065672,0.9379212951633856,0.9249450082719386,0.9090924250117789,0.8895963025866209,0.8653270761271978,0.8345597338406434,0.794117967153171,0.7359925758773278,0.6013441275448431,0.4580569344974286,0.35690036712843387,0.28414112503128924,0.23025812960443182,0.18862187247318654,0.154379377133932,0.12323668095044875,0.08976413753217144,0.05988959195864531,0.039245314463750486,0.024967012903701034,0.015163998498023903,0.00930126582917035,0.00502122248878037,0.0018804127902634432,0.0,0.0,0.0,0.0,0.0,0.0,0.0,0.0,0.0,0.0,0.0,0.0,0.0,0.0
1/0.5,0.0003,0.0007999999999999799,0.5,0.9999994452611689,0.9999992603482253,0.9999990754352815,0.9999990754352815,0.9999988905223379,0.9999987980658661,0.9999985206964506,0.999998243327035,0.9999978735011477,0.9999969489364293,0.99999648665407,0.9999955620893517,0.999994822437577,0.9999942676987459,0.9999932506775557,0.9999923261128373,0.9999911241787034,0.9999891825927948,0.9999865013551114,0.9999835427480125,0.9999808615103292,0.9999760537737935,0.9999715234066734,0.9999644042583417,0.9999573775664818,0.999948594201657,0.9999371295991489,0.9999240007801478,0.9999086992340582,0.9998889135490845,0.9998647824099344,0.99983843231546,0.9998048243879463,0.9997642359968086,0.9997148642408461,0.9996505145364457,0.9995690141565189,0.9994829834094721,0.999382575681054,0.9992594698887993,0.9991147292821342,0.9989266265901762,0.9987027894718521,0.9984487190872364,0.9981254912616846,0.997735186265813,0.9972838599985272,0.9967197368355968,0.9960512303159593,0.9952478760321436,0.9942651561929587,0.9930894796970442,0.9917039270100534,0.9899685652618568,0.9879289754930716,0.9854617283137913,0.9824710850474262,0.9788947762601922,0.9745665189874851,0.9693404169167421,0.9630441774126898,0.9554253018507336,0.9462146956695838,0.9350418395583429,0.9214467625696076,0.9048266947352188,0.8843436105944207,0.8587895663426268,0.8261956089555372,0.7827185078117167,0.7123172961881444,0.5720304102279787,0.4431684629495251,0.35033291957521245,0.28137444496646397,0.22779804603416978,0.18316755040414803,0.1402555432162121,0.0961008285902778,0.06430153457865112,0.04230540027619522,0.027080408145396678,0.016550817936980836,0.009894136877461105,0.005837609175491213,0.002842389313770037,0.0007477879442400566,0.0,0.0,0.0,0.0,0.0,0.0,0.0,0.0,0.0,0.0,0.0,0.0,0.0
1/0.4,0.0003,0.0004081632653061,0.5,0.9999993637948654,0.9999993637948654,0.9999991820219699,0.9999989093626265,0.999998727589731,0.9999986367032832,0.9999984549303875,0.9999979096117009,0.9999976369523574,0.9999972734065663,0.999996546314984,0.9999960918827451,0.9999951830182672,0.9999944559266848,0.9999930926299679,0.99999136578746,0.9999894571720563,0.9999869123515183,0.9999847310767713,0.9999816409375464,0.9999781872525304,0.9999720978605284,0.9999676444245867,0.9999605552816592,0.9999537387980749,0.9999436504023702,0.9999325622557398,0.9999183839698846,0.9999020244092824,0.9998827564823509,0.9998586715736866,0.9998289971484832,0.9997952328331292,0.9997517891110855,0.9997014380190099,0.9996416347363641,0.9995642903692948,0.9994782663464616,0.9993694298252331,0.9992429158899094,0.9990860004378,0.9988990015714722,0.9986755117963566,0.9984023071342999,0.9980753885815993,0.997684304196759,0.9972089226315934,0.9966363834537405,0.9959514631831952,0.9951243056218585,0.9941289172456625,0.992930852090895,0.9914873026406467,0.9897469180519163,0.987642942228802,0.9850942590166514,0.9820615600267951,0.9783793864810317,0.9739507625395691,0.9686047307941145,0.9621440676529633,0.9543497367769421,0.9449099976501308,0.9334588959905035,0.9195154607163551,0.9024671626128055,0.8814269953926479,0.8551062801126683,0.8213588696379779,0.7754826627057141,0.7049687757336456,0.6045362062297116,0.4700058135516329,0.3717984623921649,0.2974056327148677,0.23765388268495471,0.18423619097442132,0.12779652487487095,0.0862127939852803,0.057484860249135204,0.03761353819078074,0.02385787431776656,0.014345880464962343,0.00830983880788609,0.004948676195716876,0.0024625683028696352,0.0008310656785916199,0.0,0.0,0.0,0.0,0.0,0.0,0.0,0.0,0.0,0.0,0.0,0.0,0.0
1/0.3,0.0003,0.00019562854727688,0.5,0.9999990306532128,0.9999988544083425,0.9999985900410369,0.999998237551296,0.9999979731839905,0.9999976206942497,0.9999970919596385,0.9999964751025922,0.9999962988577218,0.9999957701231106,0.9999948007763234,0.9999940076744066,0.9999927739603138,0.9999918927359619,0.9999909233891747,0.9999897777975172,0.9999870460020261,0.9999848429411462,0.9999820230232199,0.9999781456360712,0.9999740038816171,0.9999679234335884,0.9999619751692127,0.9999528544971699,0.9999449234780021,0.9999333794389914,0.9999202932573648,0.9999042109129413,0.9998850002220685,0.9998598853280375,0.9998295712103299,0.9997966574807841,0.9997543146506721,0.9997042170462629,0.9996444259739821,0.9995708437405929,0.9994864665088923,0.9993792655664757,0.9992514880354407,0.9990994768347268,0.998915741557342,0.9986924393065539,0.9984260892461725,0.998103693317006,0.9977168358264933,0.9972478922875949,0.9966856711510411,0.9960041322372313,0.9951863560386075,0.9942031740291198,0.9930158563984995,0.9915861139486535,0.9898645099934367,0.9878005063162637,0.9852962870140665,0.982290210443425,0.9786528247470357,0.9742806741859779,0.9690013912770069,0.9626296545389047,0.9549351119260674,0.9456112736088816,0.9343226574765542,0.9205788181159987,0.9037725919487113,0.8830632909429171,0.8571978140701215,0.8241078396538268,0.7791128326710051,0.7190744888370024,0.643367182923141,0.5324457553537905,0.417931311734172,0.33192350655384173,0.2624061848554898,0.19742774136558755,0.13504441546978777,0.09138111472765585,0.06120658295740303,0.04031138767456173,0.025838599530060676,0.015867766293662024,0.008950992293869286,0.005212706409179961,0.0029009465054519587,0.0014167884518721083,0.0004614971931241941,0.0,0.0,0.0,0.0,0.0,0.0,0.0,0.0,0.0,0.0,0.0,0.0,0.0
1/0.2,0.0003,7.812499999997998e-05,0.5,0.999999091518787,0.999998678572781,0.9999985133943786,0.9999981830375738,0.9999980178591714,0.9999978526807691,0.9999976049131655,0.9999966964319524,0.9999959531291417,0.9999953750047333,0.9999941361667155,0.9999927321502954,0.9999909977770703,0.9999895937606501,0.9999877767982239,0.9999849687653836,0.9999822433217442,0.9999786919860931,0.9999743973476313,0.9999693594063588,0.9999630000378672,0.9999557321881625,0.9999463996084281,0.9999355804230723,0.9999210447236629,0.9999046920618274,0.9998863159645628,0.9998609610797976,0.9998337892326064,0.999800505784527,0.9997578071675121,0.9997089969496091,0.9996502760275635,0.9995787124847328,0.9994917460558804,0.9993882617867901,0.9992633456199912,0.9991145198794479,0.9989308827906033,0.9987100805612233,0.9984406332923429,0.9981208891999381,0.9977362712899991,0.9972705507844921,0.996713651800872,0.996044348914433,0.995234768269774,0.9942609589985498,0.9930905461338941,0.9916822763698131,0.9899725560213908,0.9879169108037866,0.9854733028135952,0.9824793616812783,0.9788891265163738,0.974564838531298,0.9693466050325482,0.9630452967494005,0.9554326371297676,0.9462291443168244,0.9350644057432366,0.9214836852672551,0.9048955203245623,0.8844568816440174,0.858969193443359,0.8263066922731732,0.7845162674091326,0.7314970973405823,0.6670619110538254,0.5841033709567063,0.4657668380488945,0.36793563460158824,0.28912373311778655,0.2150171861933485,0.14731022870147353,0.10033985043343432,0.06791665147369487,0.04548484630624547,0.029940072036778953,0.0190822349348109,0.011493030648315732,0.006115730348075079,0.0034360411262838028,0.0022233012960186514,0.001254364787664609,0.0004980128831720827,0.0,0.0,0.0,0.0,0.0,0.0,0.0,0.0,0.0,0.0,0.0,0.0,0.0,0.0
0.2,0.001,0.00026041666666665,0.5,0.9999990085266707,0.9999988432811158,0.9999987606583383,0.999998347544451,0.9999980996761187,0.9999977691850089,0.999997603939454,0.9999967777116796,0.9999957036155728,0.9999948773877982,0.9999938032916914,0.9999932249322493,0.9999921508361425,0.9999902505122612,0.9999881023200476,0.9999848800317271,0.9999809141384097,0.9999776918500892,0.9999734780884394,0.9999668682662436,0.9999614151629321,0.9999532355079649,0.9999438991341133,0.999931836208606,0.9999163031264459,0.9999003569303986,0.9998800317271466,0.9998580540683456,0.9998288882279067,0.9997954260030405,0.9997558496926433,0.9997084242183886,0.9996489771300152,0.9995773844933571,0.9994926135236962,0.9993862780091216,0.9992596999140723,0.9991056910569106,0.9989270606120695,0.9987083581201666,0.998441321303457,0.9981295855641483,0.9977406801507039,0.9972721263798003,0.996723263269218,0.9960541013946724,0.9952408453962588,0.9942691189107014,0.9930951731773415,0.9916862482649217,0.9900133848899465,0.9879459977526605,0.9854559124859541,0.9824873174036618,0.978899629849957,0.9745690809042237,0.9693631436314363,0.9630648093066296,0.9554579780553903,0.9462573534271929,0.9351060050234649,0.921549424945469,0.9049812446295195,0.8845992382179919,0.8592126875537048,0.8269109822195783,0.784030586952211,0.7301098882940049,0.6655674532355079,0.5826156718884262,0.46290823914336704,0.3659376032784718,0.2875796483574592,0.21355876958159825,0.14621633121819022,0.0996119208143301,0.06742642441668319,0.04516148621852072,0.029728873355806727,0.018951351708639038,0.011415823914336704,0.006078516425408157,0.003417691189107013,0.002216025513913676,0.0012555357260889681,0.0005009418996628991,0.0,0.0,0.0,0.0,0.0,0.0,0.0,0.0,0.0,0.0,0.0,0.0,0.0,0.0
0.3,0.001,0.00065209515758964,0.5,0.9999994712653888,0.9999992950205184,0.9999992068980832,0.9999990306532128,0.9999988544083425,0.9999988544083425,0.9999983256737313,0.9999981494288609,0.9999974444493793,0.9999970919596385,0.9999966513474625,0.9999960344904162,0.999995505755805,0.9999938314295362,0.9999923333481379,0.999990130287258,0.9999884559609893,0.9999862529001093,0.9999822873905255,0.9999785862482472,0.9999740920040522,0.9999682759233293,0.9999619311079951,0.9999543525785682,0.9999439541312151,0.9999331150716858,0.9999198967064064,0.9999015672398854,0.9998813872022255,0.9998578144508105,0.9998297915164179,0.9997982436846176,0.9997531249977969,0.9997054507603557,0.9996449106473756,0.9995720774546857,0.9994828094278316,0.9993787808930821,0.9992517083415288,0.9990995649571619,0.998914199414726,0.9986939373879523,0.9984267942256541,0.9981024596029132,0.9977134871739558,0.9972496106750813,0.9966908703747177,0.9960081418080327,0.9951727851835872,0.9941856376645157,0.9929996418704233,0.9915732921343324,0.9898506307098932,0.9877825293394836,0.9852728905075218,0.9822548733469112,0.9786163420588644,0.9742400497433522,0.9689506327543337,0.9625714937316749,0.9548617059375487,0.9455313906213759,0.9342148396770912,0.9204527149112325,0.9036335788071889,0.8829057280287858,0.857031923585864,0.8239790927760048,0.7795207073623123,0.71731226043916,0.6411929380795371,0.5309256433466504,0.4165194140774533,0.33089511773509833,0.26163934342440964,0.197517846555576,0.13402964156728217,0.0906498306991775,0.06068903989549384,0.039945503323625765,0.025587759018273773,0.015691829851792162,0.0088340538223635,0.005145777419648201,0.0028572818388120816,0.0013898670479195704,0.0004436083387792998,0.0,0.0,0.0,0.0,0.0,0.0,0.0,0.0,0.0,0.0,0.0,0.0,0.0
0.4,0.001,0.0013605442176870602,0.5,0.9999991820219699,0.9999990911355221,0.9999989093626265,0.9999985458168353,0.9999983640439398,0.9999981822710442,0.9999979096117009,0.9999977278388053,0.9999974551794619,0.999997000747223,0.9999961827691928,0.9999954556776105,0.9999946376995804,0.9999938197215503,0.9999930926299679,0.9999911840145643,0.999989184512713,0.9999875485566527,0.9999849128496668,0.9999820044833376,0.999978369025426,0.9999735520436931,0.9999684624026168,0.9999616913622565,0.9999538751277466,0.9999436958455941,0.9999330621312027,0.9999180658673174,0.999901797193163,0.9998804388779323,0.9998562630828202,0.9998269067601839,0.9997924607964715,0.9997471084590244,0.999697484458531,0.9996365450952879,0.9995625180835629,0.9994737220240721,0.9993662942427843,0.9992370082708031,0.9990822740934406,0.9988940028168437,0.9986689225288918,0.99839880800606,0.9980715259075682,0.9976749883358605,0.9972006519648445,0.9966272493657375,0.9959442831538198,0.9951095365740926,0.994108376908462,0.9929085394679625,0.9914645355854753,0.989712835633995,0.9875998620525496,0.9850651299101346,0.9820160713596763,0.9783318983120615,0.9738793257916062,0.9685279771889558,0.9620476371318581,0.9542368103655631,0.9447674876999962,0.9332823490656714,0.9193116478571861,0.902208590668843,0.8811083020634722,0.8547176496619183,0.8208656743290456,0.7748279167358351,0.7017852961269059,0.5967990883725741,0.4698413999675808,0.3714918115173215,0.2971070707338776,0.23742975670470462,0.18426745591246108,0.1269911800610039,0.08552460180261454,0.05694990261744336,0.03721182009154901,0.023567673889973138,0.014142203935464987,0.008178144345038402,0.004855881132523302,0.002396766514669686,0.0007860768869355775,0.0,0.0,0.0,0.0,0.0,0.0,0.0,0.0,0.0,0.0,0.0,0.0,0.0
0.5,0.001,0.00266666666666664,0.5,0.9999996300150307,0.9999996300150307,0.9999994912706671,0.9999993062781825,0.9999990287894555,0.9999988900450919,0.9999987513007285,0.9999984738120014,0.9999978725864261,0.9999972713608509,0.9999963463984276,0.9999958839172158,0.9999951439472772,0.999994542721702,0.9999933865186726,0.9999918603306741,0.9999901953983119,0.9999875130072841,0.9999848306162562,0.9999816394958955,0.9999783558792924,0.9999740085559025,0.999967903803908,0.999961105330096,0.9999540756156781,0.999945612209504,0.9999341426754538,0.9999213319458897,0.9999054688403284,0.9998852121632559,0.999861579373338,0.9998334142675454,0.9997989594172737,0.9997564111457972,0.9997076656260839,0.9996477743091687,0.999575812232628,0.9994878020580414,0.9993861024395884,0.9992597063244306,0.999107272517054,0.9989227887617066,0.9987040351485721,0.9984398196323274,0.9981184876864377,0.9977330558446064,0.9972724708058736,0.996713516013412,0.9960259451959764,0.995213596947624,0.9942405364782055,0.9930631980575789,0.9916455543993525,0.9899429298184761,0.9878793386518673,0.9853932708983697,0.9823901491501907,0.9787982888195167,0.9744586426176437,0.9692169730604694,0.9628851890391953,0.9552401433691756,0.9459854318418314,0.9347599028789455,0.9210970979303966,0.9043807145334721,0.8837711180483293,0.8580128569776853,0.8250386403052375,0.7805068794080241,0.7021837437854087,0.5785534512660423,0.44656297837900333,0.35187254017805525,0.28208967510694877,0.22814646779974562,0.18332819979188344,0.14004601688056423,0.09620025436466643,0.06400517978957104,0.0419375650364204,0.02675735923228119,0.016302555208694648,0.009690738813735693,0.005694438663429298,0.002746860908775581,0.0006628280726095503,0.0,0.0,0.0,0.0,0.0,0.0,0.0,0.0,0.0,0.0,0.0,0.0,0.0
0.6,0.001,0.0052734375,0.5,0.9999995329095359,0.9999993460733503,0.999998972400979,0.9999988789828862,0.9999985987286077,0.9999982250562365,0.999997477711494,0.99999701062103,0.9999967303667515,0.9999961698581946,0.9999955159315449,0.9999945817506167,0.9999933673154102,0.9999927133887605,0.9999918726259251,0.9999902845183473,0.9999880424841198,0.9999850531051496,0.9999820637261796,0.9999779533300958,0.9999746836968473,0.9999687983569999,0.999962259090503,0.9999544119707066,0.9999454438337964,0.9999358217702364,0.9999225096920104,0.9999084035599953,0.9998896265233397,0.9998661785820432,0.9998406287336584,0.9998077455649877,0.9997629048804367,0.9997165695064008,0.9996589772521806,0.9995886801373377,0.9995031091643196,0.9994020307878942,0.9992802135948642,0.9991334537710526,0.9989579211746541,0.9987478238839141,0.9984934931262267,0.9981826444223864,0.9978126620657944,0.9973596777337369,0.9968276616951581,0.9961799006395823,0.9954023351440406,0.9944642306559973,0.9933381689652111,0.991966230854137,0.990316280498847,0.9883399740363095,0.9859575324152609,0.983081095919409,0.9796115479522778,0.975437160474861,0.9703989358931884,0.9643084032050067,0.9569535500486731,0.948051786693424,0.9372484046408427,0.9241050861994432,0.9080234417757023,0.8881815322799914,0.8633750116597457,0.831575306029498,0.7884712171149045,0.6975017993492402,0.601715137500456,0.4847196726218988,0.36817088635413425,0.28921718394055174,0.2324732594212497,0.1893980834063824,0.1541550802930843,0.1207513860092113,0.09141418130555427,0.06251921785328118,0.039931657191658754,0.024940388747248896,0.014914478772116324,0.009003168694999222,0.0047632017164266705,0.0016801243992691155,0.0,0.0,0.0,0.0,0.0,0.0,0.0,0.0,0.0,0.0,0.0,0.0,0.0,0.0
0.7,0.001,0.011303344867358702,0.5,0.9999988721682083,0.9999986841962429,0.9999984962242776,0.9999981202803471,0.9999978383223991,0.9999977443364164,0.9999968044765899,0.9999961465747114,0.9999950187429196,0.9999936089531799,0.9999923871354055,0.9999905074157525,0.999989567555926,0.9999880637802037,0.9999861840605506,0.9999841163689324,0.9999812967894529,0.9999777253221123,0.9999745297987023,0.99996842070983,0.9999607608522442,0.9999524900857711,0.9999438433753675,0.999933786875224,0.9999219446414104,0.9999065309402559,0.9998877337437263,0.999864519206012,0.9998366523621568,0.9998046031420735,0.9997618395199684,0.9997144235917222,0.9996576090652112,0.9995837360828494,0.9994968460418908,0.9993949652366997,0.9992746161859182,0.9991256953964115,0.9989492837069801,0.9987306723113395,0.9984698142164983,0.9981516246722415,0.9977729081551591,0.9973148204757298,0.9967693258324374,0.9961067716477562,0.9953066219844774,0.9943490927932536,0.9931950389123115,0.991807758815427,0.9901338684644556,0.9881117600477712,0.9856722598821444,0.9827406021183782,0.9792141070704292,0.9749354891963348,0.9697836945504437,0.963563420260812,0.9560397483638098,0.9469216042711742,0.9358302244728315,0.9222859045133431,0.9056162686728413,0.8848528383931236,0.8584021753243656,0.8228109055131191,0.7567374909003947,0.6745053482488461,0.5974078008083641,0.520134640559303,0.4382815433757763,0.36467538721872406,0.29408843676827506,0.21625544901356777,0.16761995865650609,0.13334665427994072,0.10584767156072042,0.085318031412841,0.0689488687588667,0.05506309772441609,0.04217902929303415,0.027767782629595273,0.013343753872516191,0.006254673159281006,0.0015955060414424612,0.0,0.0,0.0,0.0,0.0,0.0,0.0,0.0,0.0,0.0,0.0,0.0,0.0,0.0,0.0
0.8,0.001,0.029629629629629617,0.5,0.9999986801938003,0.9999983031063148,0.9999978317469577,0.9999970775719865,0.999996511940758,0.9999954749501726,0.9999946265033299,0.9999934952408731,0.9999918926190593,0.9999898186378884,0.9999884988316887,0.9999864248505178,0.9999834552865686,0.9999795430039053,0.9999753007696921,0.9999691730980509,0.9999621027076956,0.9999529583361694,0.9999426355662506,0.9999309458541965,0.999917559248457,0.9999018158459326,0.9998817359373235,0.9998584507850867,0.999828660873723,0.9997925547469753,0.9997482469674153,0.999697670108407,0.9996349321779876,0.9995639454588202,0.9994749528122148,0.9993656917132574,0.9992351251713627,0.9990746273102972,0.9988881575486599,0.9986614336979329,0.9983868197365328,0.9980603091099246,0.9976576739471577,0.9971764160436396,0.9966038086967309,0.9959053484014979,0.9950725035535782,0.9940655385591751,0.9928491957383835,0.991390149984662,0.9896353733703457,0.9875094483983115,0.9849473746132261,0.9818749129163588,0.9781484872475611,0.9736612404405965,0.9682479139048936,0.9616999311249708,0.9537767102850047,0.9441492896897306,0.9324198891777589,0.9180420618464956,0.9002309472305658,0.8777962686816211,0.8484447215199492,0.7961990618440445,0.7182944842093673,0.6430505416013284,0.5756272991731037,0.509697370323856,0.44592122378464233,0.3908548554444551,0.3415657973354621,0.29695752618542637,0.2586388857517305,0.2253175500852312,0.19626960548541625,0.1708628176467139,0.14850383941050668,0.12860884507718887,0.11056681151225468,0.093383594695812,0.07456028299661621,0.06203221119010884,0.05268293975141262,0.044482465337646965,0.0385599764244904,0.03311252347133918,0.027807939539300906,0.022740873587265304,0.0183767458443545,0.01476321074156328,0.011745191050431869,0.009177319545255117,0.006945621533505449,0.004959218931149293,0.002845077943040558,0.00018496141169487815,0.0,0.0,0.0,0.0,0.0,0.0
0.9,0.001,0.1346260387811634,0.5,0.9999611868769714,0.9999515544230811,0.999941733097546,0.9999304480167628,0.9999151966314365,0.9998962150311232,0.9998743059203139,0.9998453141228206,0.9998138669939435,0.9997754788321159,0.9997316606104973,0.9996724493498188,0.9996118215518034,0.9995337231266341,0.9994399955728487,0.999328750173998,0.9991903072582806,0.9990221170584903,0.9988214881536871,0.9985783631287797,0.998287548013533,0.9979328470643963,0.9975060915827274,0.9969956659623643,0.9963718229192341,0.9956247883457129,0.9947338807966832,0.9936654339014404,0.9923605669246842,0.9907889659674072,0.9888827316732649,0.9865607436707695,0.9837035406445169,0.9801437823171189,0.9759545620151547,0.9710306782324107,0.965283502949514,0.9586064653408255,0.9508644749623248,0.9418980769277987,0.9313758487183453,0.9189205664411728,0.9041593974692332,0.8864160396600235,0.8637844003731349,0.8405257544430638,0.819420103611207,0.7968702457465633,0.7726187487971237,0.7458080882770959,0.7161896146659588,0.682761977720323,0.6437410014465679,0.5945752097277963,0.5107727192285122,0.40395258301805936,0.24293478394311488,0.20129732155454208,0.16895692423281755,0.1429809347295481,0.12101747610443167,0.10215595093945701,0.08583616593582784,0.07184587658257913,0.059842989112871774,0.04960317123046666,0.04088702812544326,0.03346701668359901,0.02710992764138412,0.02182355195415103,0.01722207206926452,0.01331224014803004,0.009955566056819012,0.007599533940329026,0.0059270283067600375,0.004482726838150788,0.0032167674202456427,0.002073007956595785,0.0008906714594735278,0.0002249461290850812,0.0,0.0,0.0,0.0,0.0,0.0,0.0,0.0,0.0,0.0,0.0,0.0,0.0,0.0,0.0,0.0,0.0,0.0,0.0,0.0
1.0,0.001,0.1346260387811634,0.5,0.9999611868769714,0.9999522154738384,0.9999409303930551,0.9999289370436035,0.9999127885179638,0.9998959317236559,0.9998739281770241,0.9998473444930034,0.999818777656711,0.999785064068095,0.9997420957688785,0.9996905338098188,0.9996305198446493,0.9995536018672606,0.9994646433225091,0.9993549561147289,0.9992201961960873,0.9990666435487773,0.9988768747635564,0.9986501343538446,0.9983690461283107,0.9980426759259102,0.99763126626539,0.9971554513739562,0.9965742461046639,0.9958776402603331,0.9950252153089534,0.9940072443608121,0.9927971437318884,0.99131785379106,0.9895351887705985,0.9874007030935853,0.984803859629838,0.9816686847601925,0.977853713622613,0.9731854203933403,0.9674493885374932,0.9602834094580498,0.9512043494873362,0.9400438767718285,0.9279949990565861,0.9141683197657388,0.8979962323884274,0.8786570980513924,0.8547773004991311,0.8251153391917541,0.8021614376607415,0.7789962831948999,0.7543293630624858,0.7277539421761904,0.6984720378362789,0.6658050814405089,0.628098557379489,0.5814781888191386,0.5060087625110938,0.398393996072603,0.23998479772130138,0.1880678071869816,0.15625270912765665,0.13127632280506124,0.11060616276845035,0.09319040282733297,0.07841039390881391,0.06583031469226859,0.05513649659341658,0.04604076870003991,0.038300242076787276,0.031688459621414346,0.026006350620188377,0.02105201128470304,0.016654890519606672,0.012789537870747957,0.00942960574366227,0.0062464102582989725,0.0034889314605576513,0.0016992309713234294,0.00035729793425415816,5.335623968642774e-05,0.0,0.0,0.0,0.0,0.0,0.0,0.0,0.0,0.0,0.0,0.0,0.0,0.0,0.0,0.0,0.0,0.0,0.0,0.0,0.0,0.0,0.0
1/0.9,0.001,0.13462603878116325,0.5,0.9999653420531595,0.9999579288410968,0.9999492879633423,0.9999382389721152,0.9999253957002615,0.9999098137895566,0.9998930042131597,0.999872464421776,0.9998462584810451,0.9998126393282516,0.9997727401932648,0.9997261361148838,0.9996740075408893,0.9996123409488269,0.999532448243031,0.9994341877697678,0.9993181733618832,0.9991754336162442,0.9990056380074721,0.9988097308937917,0.9985642449733229,0.9982749880491467,0.9979246311478429,0.9975005670871139,0.9969905192100406,0.9963706896893647,0.995628754650256,0.994731519901122,0.9936683614119364,0.9923638249605589,0.990800581573569,0.9889122428677817,0.986634498048106,0.9838874544087458,0.9805718599003023,0.9765720778581805,0.9717029668524597,0.9657893012145768,0.9585770485821311,0.9497071639581528,0.9386826788269786,0.9247097184471502,0.9054492963681304,0.8799984172556157,0.8511887392458847,0.8128604969477398,0.7874282689101596,0.7629342135507473,0.7376160167687801,0.7104248743200857,0.6809389413857626,0.6482632024585044,0.6107421503527839,0.5648619225509155,0.49515582005140707,0.38353645534384934,0.23973525106046706,0.18162577312246947,0.14881739908257488,0.1239806833413887,0.10384748539125045,0.08708489081613516,0.07296508273239098,0.06101404052921079,0.05088641240388086,0.04229468849494041,0.03502761586756018,0.028877624583986593,0.023675013471270073,0.019258675016304346,0.015471656882171102,0.012075933578375405,0.00903977466857276,0.006625192342161383,0.004475880241022884,0.003501302553299106,0.0026188470103790636,0.0017948944594691838,0.0011437122457386307,0.0004927189036529854,0.0,0.0,0.0,0.0,0.0,0.0,0.0,0.0,0.0,0.0,0.0,0.0,0.0,0.0,0.0,0.0,0.0,0.0,0.0,0.0
1/0.8,0.001,0.029629629629629617,0.5,0.9999977374750862,0.9999971718438578,0.9999964176688867,0.999996040581401,0.999995097862687,0.9999942494158444,0.9999934009690017,0.9999922697065449,0.9999910441722166,0.999989724366017,0.9999873675692319,0.9999835966943756,0.9999806742663622,0.9999777518383486,0.9999723783416786,0.9999669105731371,0.9999602172702675,0.9999519213455839,0.9999418342553437,0.9999289190089613,0.9999151553157363,0.9998959238539699,0.9998747598188397,0.9998491650057534,0.9998184795116114,0.9997809593067926,0.9997382541490465,0.9996863574838385,0.9996222997472194,0.9995457981235749,0.9994501121740997,0.9993364674331221,0.9991998203555219,0.999038756863228,0.9988434726816143,0.9986048705750905,0.9983192739406717,0.9979719763664189,0.9975549647432628,0.9970554180966924,0.9964722994361223,0.9957380629656912,0.9948762295173148,0.993819394702939,0.9925611480353083,0.991035923427861,0.9891949823230813,0.9869897747071963,0.9843207494840029,0.9811099909517857,0.9772343800464911,0.9725522261453985,0.9669079806606912,0.9600639842045594,0.9517739986488956,0.9416941202068174,0.9293703355456427,0.9141817229843684,0.8952323697931053,0.8709401582900138,0.8301937343520478,0.7602841655874109,0.6958390658487136,0.6298111413891413,0.5555069007952587,0.48747645324332006,0.4275936878571608,0.37486695882148097,0.3283286596481887,0.287039371138742,0.2500085316043621,0.2160189969133504,0.182858253379788,0.154258194441014,0.1294358922050172,0.10739960658462626,0.08674925888168296,0.06453479942433825,0.0498891457064159,0.04062410618481925,0.03355079340149692,0.02749439129501081,0.022721877805177374,0.019045840451645223,0.015651958809225597,0.012873436807396344,0.010523757548584423,0.00853858048055652,0.006811001301140369,0.005271965864532452,0.0038883376079342225,0.0026614834734810396,0.0016269910926279584,0.0008318549932699311,0.0002823913907910334,4.289370148887337e-06,0.0,0.0,0.0,0.0
1/0.7,0.001,0.011303344867358702,0.5,0.9999991541261561,0.9999990601401735,0.9999989661541908,0.9999985902102603,0.9999983082523123,0.9999979323083817,0.9999972744065032,0.9999964285326594,0.9999959586027461,0.999995206714885,0.9999948307709543,0.9999936089531799,0.9999922931494228,0.9999907893737005,0.9999889096540475,0.9999861840605506,0.9999825186072273,0.9999792290978347,0.9999733079809278,0.9999685146958127,0.9999628755368538,0.9999543698054241,0.9999453471510898,0.9999350086929985,0.9999219446414104,0.9999055910804295,0.9998858540240733,0.9998623105354199,0.9998332688667814,0.9998000918149065,0.9997598188213416,0.9997096303066072,0.9996504661305299,0.9995764051762028,0.9994914888408798,0.9993881512529577,0.9992605182885209,0.9991108926041443,0.9989272909870404,0.9987120160937837,0.9984449549240878,0.9981255435620565,0.9977480958557398,0.9972902431412671,0.9967367126964584,0.9960698351565752,0.9952672418577476,0.9943039795215822,0.9931401041054534,0.9917307373026465,0.9900425140893212,0.9879985069386796,0.985540350555497,0.9825818128006935,0.979013822941405,0.974702638924323,0.9695105242918756,0.9632347512794899,0.9556414827623364,0.9464312793996965,0.935238065789154,0.921558875944565,0.9047232608587058,0.8837529674311784,0.8570310138235053,0.8210565161680091,0.7529581265661296,0.672547620230276,0.5956079222476522,0.5100905935586049,0.42843463197368353,0.3533992309784942,0.27355588305493356,0.20779981211262208,0.16523083497757893,0.13401790216801696,0.10738659804060843,0.08374151053989355,0.06568454760951588,0.051024238092058236,0.03818171146500698,0.024385509072020473,0.013611331965116727,0.0069106953181681625,0.0021594219373340003,0.0,0.0,0.0,0.0,0.0,0.0,0.0,0.0,0.0,0.0,0.0,0.0,0.0,0.0,0.0
1/0.6,0.001,0.005273437499999969,0.5,0.9999991592371646,0.9999990658190718,0.999998972400979,0.999998972400979,0.9999985987286077,0.9999984118924221,0.9999982250562365,0.9999976645476797,0.999997477711494,0.9999969172029372,0.9999964501124731,0.9999958896039162,0.9999948620048952,0.999993927823967,0.9999925265525749,0.9999911252811826,0.9999888832469551,0.999986921467006,0.9999837452518503,0.9999806624547875,0.999976832312982,0.9999704798826706,0.9999637537799879,0.9999569342592125,0.9999479661223023,0.9999368960783038,0.9999225096920104,0.999905040508654,0.9998860766358127,0.9998611340050312,0.9998351637752287,0.9997980767923814,0.9997583741029352,0.9997118051836672,0.9996504762057344,0.9995805060542164,0.999496850152101,0.9993960053209078,0.999272179638882,0.9991256533603026,0.9989483458201406,0.9987341381333169,0.9984775186323553,0.9981676508184896,0.9977970612442945,0.9973463189464644,0.9968062222428572,0.9961502871041601,0.9953675836135136,0.9944211182061634,0.993278988603413,0.9919069103651998,0.9902544377214038,0.9882499657038827,0.9858422077796812,0.9829531598412995,0.9794528773216323,0.9752414495704146,0.9701860827687104,0.9640198347163026,0.9566082300685843,0.9476344880728217,0.936743106176809,0.9234826881560665,0.9072375620699001,0.8871887314986051,0.8620632815094906,0.8297155853467929,0.7851890658419592,0.6913699758640345,0.6008028164060294,0.4842400641333891,0.3677592862371935,0.2887115118041467,0.23191714151472487,0.18884056422846535,0.15368350576055664,0.12062882147143865,0.08933385379666776,0.06132094397674936,0.03992670603273959,0.025293509138087776,0.015384652033251796,0.009398327227604636,0.00507475105596309,0.00190432782202396,0.0,0.0,0.0,0.0,0.0,0.0,0.0,0.0,0.0,0.0,0.0,0.0,0.0,0.0
1/0.5,0.001,0.00266666666666664,0.5,0.9999998612556364,0.9999998612556364,0.9999994912706671,0.9999993062781825,0.9999989825413342,0.999998658804486,0.9999982425713956,0.9999980113307897,0.999997548849578,0.9999968551277605,0.9999963001503064,0.9999954676841253,0.9999944502254596,0.9999933402705515,0.9999917678344318,0.9999907041276448,0.9999890391952827,0.9999870505260724,0.9999845531275292,0.9999822407214707,0.9999789571048676,0.9999736848190542,0.9999686900219679,0.9999624927737311,0.9999548155856168,0.999946444675685,0.9999347901491502,0.9999196207654064,0.9999043588854203,0.999885258411377,0.9998607006590358,0.9998318418314256,0.999796600763094,0.9997553474390103,0.9997075268817204,0.9996481442941381,0.9995745172852353,0.9994860446294369,0.9993839750260146,0.9992571164296451,0.9991038501560874,0.9989169614984391,0.9986941842987629,0.9984277026245809,0.9981054919643889,0.997717470227772,0.9972462943692912,0.9966855821482252,0.9960049485489652,0.9951901491501908,0.9942089490114464,0.9930241646433113,0.9915935715111573,0.98987628627587,0.9878086715227193,0.9853048907388138,0.9823005202913632,0.9786756850502948,0.974297745404093,0.969032489305122,0.9626596369522488,0.954957428604463,0.9456465256098971,0.9343407099086599,0.9205662157474852,0.9037095617990519,0.882878853046595,0.8567563880217366,0.8230271707711874,0.7745810151462597,0.6950206497861025,0.5850946005318534,0.45074889582610705,0.3536427332639612,0.2827135622615331,0.22820830153775004,0.18307614753150653,0.1391987975488496,0.09624881489189502,0.0643488495779859,0.04232244190079778,0.027090114464099896,0.01655479246155625,0.00991013990056654,0.005848722395652676,0.0028587813620071685,0.0007536593825875823,0.0,0.0,0.0,0.0,0.0,0.0,0.0,0.0,0.0,0.0,0.0,0.0,0.0
1/0.4,0.001,0.0013605442176870602,0.5,0.9999992729084177,0.9999991820219699,0.9999990911355221,0.9999989093626265,0.9999986367032832,0.9999983640439398,0.999998273157492,0.9999977278388053,0.9999976369523574,0.9999973642930141,0.9999968189743274,0.9999960918827451,0.9999949103589237,0.9999940923808937,0.9999920019925945,0.99999136578746,0.9999901842636387,0.999987457670205,0.9999851855090103,0.9999826406884721,0.9999785507983215,0.9999736429301409,0.9999683715161691,0.9999615550325849,0.9999529208200448,0.999942877867564,0.9999323350396203,0.9999170661163916,0.999901342760924,0.9998801662185889,0.9998550815589988,0.9998259070092583,0.9997909157268592,0.9997492897337713,0.9996983933230089,0.9996350909121232,0.9995626998564585,0.9994720860680119,0.9993642947409329,0.9992370082708031,0.9990800928186937,0.9988909126776189,0.9986651961845324,0.9983926277276102,0.9980623918195654,0.9976658088046337,0.9971892002724231,0.9966147524791664,0.9959174716517217,0.9950839974822636,0.9940767484246311,0.9928664590426358,0.9914009150720223,0.9896445799117047,0.9875326969676328,0.9849786968982864,0.9819070985087761,0.9781941144572118,0.9737255459219455,0.9683375246376119,0.9618203301259355,0.953948609439621,0.9444227099603049,0.9328533195888787,0.9187611940861461,0.9014971315555429,0.8801439968524205,0.8532995484170511,0.8184031969126238,0.7687932838186995,0.7029435075743176,0.5984813510779428,0.4755792431894581,0.37425485041658485,0.2984409202416434,0.23805314685009613,0.18437661053625684,0.12761384311481308,0.08604029150737491,0.0573397145920146,0.03749674910537061,0.023767987620902264,0.014276534105298585,0.008288844038446604,0.00492877206365087,0.0024413008740867786,0.0008125248432424631,0.0,0.0,0.0,0.0,0.0,0.0,0.0,0.0,0.0,0.0,0.0,0.0,0.0
1/0.3,0.001,0.00065209515758964,0.5,0.9999992950205184,0.9999990306532128,0.9999989425307776,0.9999987662859072,0.9999984137961665,0.9999981494288609,0.9999981494288609,0.9999978850615553,0.9999975325718145,0.9999968275923329,0.9999960344904162,0.9999954176333697,0.9999941839192771,0.9999934789397955,0.9999918927359619,0.9999897777975172,0.9999877509815077,0.9999859004103686,0.9999832567373127,0.9999792031052936,0.9999747088610986,0.9999684962294172,0.9999618429855599,0.9999532069869106,0.9999445709882614,0.9999339962960379,0.9999206457471055,0.9999035499946775,0.9998834580794526,0.9998582550629864,0.999828910292066,0.9997931325833762,0.9997512744266578,0.999701573373207,0.9996417382397086,0.9995694337816298,0.9994760240003214,0.999371554853396,0.9992433367101851,0.9990862584694472,0.9989023028859745,0.9986764010233482,0.9984056889024245,0.998077697198623,0.9976824240155491,0.9972144938846554,0.9966451788920684,0.9959601591420681,0.995138373372643,0.9941421933039639,0.9929454465727775,0.9915030144922632,0.9897639622948774,0.9876702172958256,0.9851452892213572,0.982099161003919,0.9784351623321004,0.9740147647377723,0.9686775413276597,0.9622491859249437,0.9544480151655186,0.9450301061487606,0.9335976742021923,0.9196741091350537,0.9026228144754846,0.8815455141803098,0.8550628718326153,0.8205177757051381,0.77588539254315,0.719253641747757,0.6411742561232755,0.5360069151437348,0.42175503231978434,0.3337349953929591,0.2633455259534671,0.19890264656347176,0.13494563021993244,0.09122698858849713,0.06105280930798509,0.040182288306998826,0.025745630360928345,0.015793963754184934,0.008891113099153249,0.005186974658102576,0.0028776821825600768,0.0013873996197340675,0.00044285929808012936,0.0,0.0,0.0,0.0,0.0,0.0,0.0,0.0,0.0,0.0,0.0,0.0,0.0
1/0.2,0.001,0.00026041666666665,0.5,0.9999994216405579,0.9999994216405579,0.9999991737722256,0.9999989259038932,0.9999984301672284,0.9999980996761187,0.9999978518077863,0.9999971082027893,0.9999964472205698,0.9999957036155728,0.9999947121422433,0.9999933075550268,0.9999917377222552,0.9999904157578161,0.9999885154339349,0.9999865324872761,0.999983558067288,0.9999788485689735,0.999975047921211,0.999968768590125,0.9999626545045939,0.999953813867407,0.9999439817568907,0.9999336539097098,0.999919277546434,0.9999030834820544,0.9998819320510278,0.9998585498050102,0.9998304580606782,0.9997948476435984,0.9997523795359905,0.9997026406239672,0.9996416650142111,0.99956887434728,0.9994810463348536,0.9993742150836142,0.999247636988565,0.9990928845264062,0.9989049177077136,0.9986824145680481,0.9984111639896887,0.9980881915526473,0.9976965595875471,0.9972257750016524,0.9966546037411593,0.9959720569766674,0.9951490514905149,0.9941560909511534,0.9929652488598056,0.9915262079450062,0.9897943519069337,0.9877031694097429,0.985186396985921,0.9821514145019499,0.9784938693899135,0.9740861094586556,0.9687678465199286,0.9623449170467314,0.9545731707317073,0.9451800350320576,0.9337630543988367,0.9198603675061141,0.9028123140987507,0.8816919492365656,0.8547595677176284,0.821928663493952,0.7821120034371075,0.7320466901315354,0.6658908387864366,0.5765014624231608,0.4766586522572543,0.3727367968801639,0.291890243902439,0.21794496496794236,0.14778174367109526,0.10046078722982352,0.06790687586753916,0.04544496496794236,0.02989895234318197,0.01905182100601494,0.011476716901315355,0.00611268094388261,0.0033953830391962457,0.0021977658800978253,0.0012376892061603543,0.00048788750082622777,0.0,0.0,0.0,0.0,0.0,0.0,0.0,0.0,0.0,0.0,0.0,0.0,0.0,0.0
