s,q,source_radius,LD_coeff,1.0e-08,1.2e-08,1.5e-08,1.7e-08,2.1e-08,2.5e-08,3.1e-08,3.7e-08,4.4e-08,5.3e-08,6.4e-08,7.7e-08,9.3e-08,1.1e-07,1.4e-07,1.6e-07,2.0e-07,2.4e-07,2.8e-07,3.4e-07,4.1e-07,5.0e-07,6.0e-07,7.2e-07,8.7e-07,1.0e-06,1.3e-06,1.5e-06,1.8e-06,2.2e-06,2.7e-06,3.2e-06,3.9e-06,4.6e-06,5.6e-06,6.7e-06,8.1e-06,9.8e-06,1.2e-05,1.4e-05,1.7e-05,2.1e-05,2.5e-05,3.0e-05,3.6e-05,4.3e-05,5.2e-05,6.3e-05,7.6e-05,9.1e-05,1.1e-04,1.3e-04,1.6e-04,1.9e-04,2.3e-04,2.8e-04,3.4e-04,4.0e-04,4.9e-04,5.9e-04,7.1e-04,8.5e-04,1.0e-03,1.2e-03,1.5e-03,1.8e-03,2.2e-03,2.6e-03,3.1e-03,3.8e-03,4.5e-03,5.5e-03,6.6e-03,7.9e-03,9.5e-03,1.1e-02,1.4e-02,1.7e-02,2.0e-02,2.4e-02,2.9e-02,3.5e-02,4.2e-02,5.1e-02,6.1e-02,7.4e-02,8.9e-02,1.1e-01,1.3e-01,1.6e-01,1.9e-01,2.3e-01,2.7e-01,3.3e-01,3.9e-01,4.8e-01,5.7e-01,6.9e-01,8.3e-01,1.0e+00
0.2,1e-06,8.680555555555553e-08,0.5,7.020082101099011e-07,1.0323650148675015e-06,1.4453110208145021e-06,1.6517840237880023e-06,1.9408462279509027e-06,2.477676035682004e-06,2.8906220416290043e-06,3.344862648170705e-06,4.129460059470006e-06,4.955352071364008e-06,5.987717086231509e-06,7.020082101099011e-06,8.589276923697613e-06,1.0034587944512114e-05,1.1686371968300118e-05,1.342074519327752e-05,1.5072529217065523e-05,1.8004445859289226e-05,2.2422968122922134e-05,2.7543498596664942e-05,3.315956427754415e-05,4.125330599410536e-05,5.0007761320181774e-05,6.157024948669779e-05,7.34630944579714e-05,8.927892648574153e-05,0.00010782020215276186,0.0001254117020061041,0.00014907350814686722,0.00017996186939170286,0.00021778772353644812,0.0002625923651816977,0.000326846763707051,0.0004034895424108143,0.0005066847492969697,0.0006432046988630481,0.0007639914056025458,0.0008948127002865557,0.0010712232340271144,0.001278315656009535,0.0015406189589870698,0.0018584222051638815,0.0022424206960939973,0.0027278387260846965,0.0032661551394372068,0.003921583040076286,0.004716917047530209,0.005684573423265816,0.006857876909963028,0.008252560750448428,0.009938495408928247,0.011982991084371848,0.01443341268366135,0.017382673058134828,0.0209521783335407,0.025235584664027748,0.030422971096133376,0.03666489774362586,0.0442239156770863,0.053350600532923335,0.06441664501108987,0.07788397051383822,0.09432818247885788,0.11456778118453645,0.13977648306357704,0.1718723397244023,0.2138952118951905,0.2668806442750549,0.3310160317614943,0.4133457789753579,0.5319054679047834,0.6292783425800891,0.7079205645500473,0.7817384622163283,0.8482470916935456,0.8950901587079514,0.9273941814503746,0.9496859153326067,0.9650880580516191,0.9757579221316801,0.9831878944382821,0.9884555162793432,0.9922576753344997,0.9943842646759256,0.9958840019803239,0.9970033334240438,0.9978564798723303,0.9985088519725254,0.9990259429611722,0.9994158465799874,0.9996931811175814,0.9998192122385964,0.9999089041110881,0.9999936406315084,1.0,1.0,1.0,1.0,1.0,1.0
0.2,3e-06,2.604166666666667e-07,0.5,8.258920118940012e-07,1.1149542160569016e-06,1.321427219030402e-06,1.8582570267615028e-06,2.2299084321138032e-06,2.8080328404396043e-06,3.2622734469813047e-06,3.7991032547124054e-06,4.3772276630382066e-06,5.533476479689808e-06,5.987717086231509e-06,6.81360909812551e-06,8.465393121913513e-06,1.0654006953432616e-05,1.2099317974247117e-05,1.4783467012902622e-05,1.7385026850368727e-05,2.064730029735003e-05,2.4405108951467735e-05,2.9360461022831744e-05,3.4770053700737454e-05,4.112942219232126e-05,4.914057470769307e-05,5.975328706053099e-05,7.300885385142971e-05,8.865950747682103e-05,0.00010691172093967846,0.00012619629941740338,0.00014911480274746192,0.00018078776140359687,0.0002189852669536944,0.0002653591034215426,0.000326433817701104,0.0004034482478102196,0.0005036702434535567,0.0006355651977530286,0.0007653541274221709,0.0008989421603460256,0.0010722968936425765,0.001278067888405967,0.0015396691831733918,0.0018577614915543663,0.002243866007114812,0.0027279626098864807,0.003266196434037801,0.003920798442664987,0.004716793163728425,0.005682715166239054,0.006857587847758866,0.008252643339649618,0.009939734246946089,0.011984395100792068,0.014434238575673244,0.01738226011212888,0.02095226092274189,0.02523645185064024,0.030422971096133376,0.036663824084010394,0.04421941456562148,0.05335072441672512,0.06441598429748036,0.077885622297862,0.09433020591428702,0.11456679011412217,0.13977478998495266,0.17187192677839636,0.21389574872499822,0.2668806855696555,0.33101611435069545,0.41334309482631926,0.5319113730326684,0.6292848258323825,0.7079216795042633,0.7817425916763877,0.8482506017345962,0.8950922234379811,0.9273950073423864,0.9496866586354175,0.9650890078274328,0.975758748023692,0.9831881422058857,0.9884557640469468,0.9922576753344997,0.9943843472651267,0.9958840019803239,0.9970034986024462,0.9978566450507327,0.9985088519725254,0.9990261081395746,0.9994158465799874,0.9996931811175814,0.9998192122385964,0.9999089041110881,0.9999936406315084,1.0,1.0,1.0,1.0,1.0,1.0
0.2,1e-05,8.680555555555556e-07,0.5,1.5691948225986022e-06,2.271203032708503e-06,2.8493274410343043e-06,2.9319166422237042e-06,3.2209788463866048e-06,3.6752194529283056e-06,4.046870858280606e-06,4.666289867201107e-06,5.0379412725534076e-06,5.616065680879209e-06,6.35936849158381e-06,7.556911908830111e-06,8.878339127860514e-06,1.0158471746296215e-05,1.1562488166516017e-05,1.354462899506162e-05,1.6187483433122424e-05,1.9656229883077227e-05,2.3124976333032034e-05,2.849327441034304e-05,3.431581309419575e-05,4.311156302086686e-05,5.194860754813268e-05,6.218966849561829e-05,7.466063787521771e-05,9.245861073153344e-05,0.00011108247559974316,0.00013172977589709318,0.00015547417123904574,0.00018545405127079798,0.00022319731621435384,0.0002704383392946907,0.000329324439742733,0.0004001859743632383,0.000497971588571488,0.000615000486656868,0.0007655606004251445,0.0009016676039852758,0.0010787388513353497,0.0012827754728737626,0.0015399995399781494,0.0018600326945870749,0.0022425858744963764,0.0027206947601818134,0.0032740011135501995,0.003917453580016816,0.004707584467795807,0.005674786602924872,0.0068551514663237785,0.00824958753920561,0.009936224205895539,0.011980306935333192,0.014430315588616746,0.017378750071078333,0.020952219628141297,0.02523930117808127,0.03042582042357441,0.03666642564384786,0.044225691344911874,0.05335522552818994,0.0644203202305428,0.07788673725207806,0.09433334430393223,0.11456633587351563,0.1397789607396127,0.17188150712573433,0.21390433800192193,0.26688568221632747,0.33102813107946855,0.4133569285175185,0.5319266107402879,0.6292985356397799,0.7079284105241602,0.7817451932362253,0.8482589845385169,0.8950980872712656,0.9273992193916472,0.9496905403278734,0.9650908660844596,0.9757602346293135,0.9831888029194952,0.9884565899389587,0.9922578405129021,0.9943848428003339,0.9958841671587263,0.9970036637808486,0.9978568928183362,0.9985089345617266,0.9990261907287757,0.9994159291691885,0.9996931811175814,0.9998192122385964,0.9999089041110881,0.9999936406315084,1.0,1.0,1.0,1.0,1.0,1.0
0.2,3e-05,2.604166666666666e-06,0.5,9.084812130834013e-07,9.910704142728015e-07,1.1562488166516018e-06,1.5691948225986022e-06,1.982140828545603e-06,2.3124976333032036e-06,2.5602652368714037e-06,3.2209788463866048e-06,3.881692455901805e-06,4.707584467795807e-06,6.276779290394409e-06,7.1852605034778105e-06,8.341509320129412e-06,9.828114941538614e-06,1.1479898965326617e-05,1.387498579981922e-05,1.8004445859289226e-05,2.3290154735410834e-05,2.750220399607024e-05,3.336603728051765e-05,4.096424378994246e-05,4.856245029936727e-05,5.6491013613549685e-05,6.79296179782816e-05,7.973987374836582e-05,9.716619519932925e-05,0.00011752443329251638,0.00013891503640057101,0.00016922527323708086,0.0002017654185057045,0.00023930221044628686,0.0002873691255385177,0.0003439427283532568,0.000410963865118455,0.000491364452476336,0.0006002170196439654,0.0007269088542685052,0.0009034019772102532,0.0010937287913512258,0.0012836426594862514,0.001546937032878059,0.0018581331429597186,0.0022434117665082703,0.002707604371793294,0.003273670756745442,0.003924308483715536,0.004710681562840409,0.005678916062984342,0.006859528693986817,0.008256112086099573,0.009939156122537762,0.01198125671114687,0.014434073397270864,0.017380690917306284,0.020956968507209687,0.025238351402267593,0.030424540290955975,0.036669522738892464,0.04422486545289998,0.05335365633336735,0.06442684477743676,0.07789689572382436,0.09433883648581132,0.11457637046146014,0.13978895403295663,0.17189802496597223,0.2139225489207842,0.26690843554125515,0.33105732636208896,0.4133987186533203,0.5319630325780124,0.6293242208813499,0.7079452174266022,0.7817672858475434,0.84828210951485,0.8951153484143142,0.9274120207178315,0.9496990470155958,0.9650973080421523,0.9757646118569765,0.9831916935415369,0.9884589024365921,0.9922594922969259,0.9943856686923458,0.9958848278723358,0.997003828959251,0.9978570579967386,0.9985090171509278,0.9990264384963794,0.9994161769367921,0.9996931811175814,0.9998192122385964,0.9999089867002893,0.9999936406315084,1.0,1.0,1.0,1.0,1.0,1.0
0.2,0.0001,8.680555555555554e-06,0.5,1.4040164202198022e-06,1.6517840237880023e-06,1.8995516273562027e-06,1.8995516273562027e-06,2.3124976333032036e-06,2.8080328404396043e-06,3.0558004440078045e-06,3.633924852333605e-06,4.4598168642276065e-06,5.533476479689808e-06,6.77231449753081e-06,7.928563314182412e-06,8.919633728455213e-06,1.0819185355811416e-05,1.2883915385546419e-05,1.4948645415281422e-05,1.7674089054531626e-05,2.139060310805463e-05,2.5685241569903437e-05,3.0310236836509845e-05,3.592630251738905e-05,4.179013580183646e-05,5.0792358731481075e-05,6.078565207539849e-05,7.251331864429331e-05,8.886598047979453e-05,0.00011017399438665977,0.0001349507547434798,0.00016241166413895534,0.00019635582582779878,0.00023525533958800626,0.00029075528278728314,0.00035104539965554523,0.0004265732241432516,0.0005066847492969697,0.0006091779479730153,0.0007374389774201537,0.0008938629244728775,0.0010548292775910183,0.0012713781631096255,0.0015713834364301214,0.0018819188329022658,0.0022400669038600994,0.002700501700491005,0.0032574006841111303,0.0039409915023557954,0.004725217262249744,0.005674704013723683,0.006844951699976887,0.008261852035582235,0.00994150991477166,0.01197729242948978,0.0144361381273006,0.017388165240013922,0.020959776540050126,0.02524615608177999,0.03043081707024637,0.036677410007606055,0.044238864322501584,0.053373849393058156,0.0644428257878669,0.07791634548070446,0.094361589810739,0.11461196640717278,0.13982967050914302,0.17193923697736574,0.21399303880399934,0.26699069438563977,0.33115127157844193,0.41352982901020846,0.5321098761777272,0.6294292743452627,0.7080189282886638,0.7818257590019855,0.8483789453532445,0.8951777032612122,0.9274580229028939,0.949730926447255,0.9651194419480711,0.9757786520211786,0.9832019346024844,0.9884651792158824,0.9922640347029913,0.9943888896711922,0.9958872229591702,0.9970054807432748,0.9978588749591648,0.9985098430429397,0.9990268514423853,0.9994169202396028,0.9996933462959837,0.9998194600061999,0.9999090692894904,0.9999939709883132,1.0,1.0,1.0,1.0,1.0,1.0
0.2,0.0003,2.6041666666659997e-05,0.5,6.60713609515201e-07,8.258920118940012e-07,1.0736596154622017e-06,1.6517840237880023e-06,2.064730029735003e-06,2.477676035682004e-06,2.642854438060804e-06,3.0558004440078045e-06,4.046870858280606e-06,4.790173668985207e-06,6.194190089205009e-06,7.68079571061421e-06,9.497758136781014e-06,1.0736596154622016e-05,1.263614778197822e-05,1.5113823817660222e-05,1.866515946880443e-05,2.213390591875923e-05,2.667631198417624e-05,3.1218718049593246e-05,3.774326494355586e-05,4.6084774263685265e-05,5.483922958976168e-05,6.524546893962609e-05,7.771643831922552e-05,9.216954852737053e-05,0.00010943069157595517,0.0001345378087375328,0.00016286590474549705,0.00019544734461471539,0.00023591605319752144,0.0002867910011301919,0.00035418378930074243,0.00042405425350697495,0.0005148610802147203,0.0006035618822921361,0.0007388429938403735,0.0008828785607146873,0.0010735770262610123,0.0012870288167350168,0.0015477216302893582,0.0018623038976197835,0.0022540657734617026,0.0027132617320747674,0.0032468705609594818,0.003931617628020798,0.0047285208302973196,0.00572045843118261,0.006859611283188006,0.008258383289132282,0.009959473066030355,0.011988772328455105,0.014442538790392779,0.017401709869008984,0.02096613590854171,0.02526705114968091,0.03044865633770328,0.03670850484185386,0.04426434309106851,0.053406183065323805,0.06449617841183526,0.0779666423042288,0.09443319464817021,0.11469459690296277,0.1399364996408815,0.1720719165290765,0.2141710598271631,0.26722165508676593,0.3314343460655186,0.41393261654440916,0.5325044047918089,0.6297132160189519,0.7082187941555421,0.7820083637258153,0.8486465343650982,0.8953627856610776,0.9275838888455066,0.949819875016936,0.9651817142057679,0.97582110287059,0.9832294368064805,0.988485083213369,0.9922767534399745,0.994399295910542,0.9958930867924547,0.9970096102033342,0.9978627566516207,0.9985127336649813,0.9990290813508174,0.9994180764884195,0.999694750312404,0.9998197077738036,0.9999093996462952,0.9999940535775144,1.0,1.0,1.0,1.0,1.0,1.0
0.2,0.001,8.680555555555e-05,0.5,1.0740961068147268e-06,1.1567188842620133e-06,1.73507832639302e-06,2.23081499107674e-06,2.5613061008658867e-06,3.22228832044418e-06,3.8006477625751865e-06,4.379007204706194e-06,5.039989424284487e-06,5.6183488664154935e-06,6.775067750677507e-06,7.68391830259766e-06,9.088505519201533e-06,1.0493092735805406e-05,1.2310793839645714e-05,1.462423160816974e-05,1.8094388260955782e-05,2.1895036023530966e-05,2.6935025447815454e-05,3.296648820146738e-05,3.891532817767202e-05,4.726022869984797e-05,5.593562033181308e-05,6.824641417145879e-05,8.121819023068279e-05,9.79079912750347e-05,0.00011724172119769978,0.00014045872166038733,0.0001692940709894904,0.0002038303919624562,0.0002442329301341794,0.0002904190627272126,0.0003527992596999141,0.00042286337497521315,0.0005085431951880494,0.0006097560975609756,0.0007347643598387203,0.0008881948575583317,0.0010728567651530174,0.0012931290898274836,0.001549177077136625,0.001873719346949567,0.002249818229889616,0.0027123405380395267,0.0032711183819155265,0.003931356996496794,0.004743208407693833,0.005710803754379008,0.006878015731376826,0.008285825236301144,0.009971577764558133,0.012024919029678102,0.0144686529182365,0.017442329301341795,0.021021465397580805,0.025332060942560644,0.03053225593231542,0.03680018507502148,0.0443772721263798,0.053552531561900985,0.06466182497190825,0.07817089695287197,0.09467388789741556,0.114993720668914,0.14031041377486947,0.17253643664485424,0.21481699054795425,0.2680451450855972,0.33245559025712207,0.4154607872298235,0.533786932381519,0.630665195981228,0.7089161544054465,0.7826185223742481,0.8495131039725031,0.8959735028752727,0.9280066428713067,0.9501112928812215,0.9653826673937471,0.9759580524158901,0.9833240382708706,0.9885496810760791,0.9923183538237822,0.9944241192411925,0.9959087679291427,0.9970146324938859,0.9978614746513319,0.9985065932976402,0.9990176151761517,0.9994092471412519,0.9996861160684778,0.9998179820212836,0.9999060579020425,0.9999895895300417,1.0,1.0,1.0,1.0,1.0,1.0
0.3,1e-06,2.1736505252988774e-07,0.5,5.287346111791416e-07,7.490406991704506e-07,8.81224351965236e-07,9.252855695634979e-07,1.2337140927513305e-06,1.4540201807426394e-06,1.6743262687339485e-06,1.8946323567252574e-06,2.2471220975113517e-06,2.7758567086904937e-06,3.6570810606557297e-06,4.582366630219227e-06,5.816080722970558e-06,7.005733598123627e-06,8.503814996464528e-06,1.0354386135591523e-05,1.224901849231678e-05,1.4584263025024657e-05,1.7007629992929055e-05,2.0135976442405643e-05,2.4542098202231825e-05,2.8727913874066694e-05,3.516085164341292e-05,4.0932871148785216e-05,4.877576788127582e-05,5.8513296970491675e-05,7.098262155079977e-05,8.635998649259313e-05,0.00010420477961988916,0.00012601508233102876,0.0001487066093941336,0.00018153221650483862,0.00022074670016729162,0.00026850906004380744,0.0003257445817039495,0.00039699157056033885,0.00048313125096494065,0.0005943417641829534,0.0007258204374961666,0.0008836036577155422,0.0010714806895545305,0.0012978672255743997,0.0015782728143697378,0.0018993909682258699,0.0022784496232237162,0.002739109653213543,0.003290579852673388,0.003962645604699676,0.004769847111099831,0.005742674734451854,0.006919109244325444,0.008330169737909779,0.010043093633259803,0.012121373144934616,0.014607571409134138,0.017596243798824237,0.021199922663750873,0.025544843392333066,0.03078663020512788,0.03710879807343207,0.04476170283563897,0.05402209299948325,0.06524919967204354,0.07890086296538339,0.09558953380411864,0.1161559883424593,0.14183023953087845,0.1746305995638997,0.21880659663400498,0.27902537115407255,0.3545375299351912,0.4659035351901083,0.5788559645846507,0.6646158372935556,0.7339627302022375,0.7987777065748501,0.8601041360441204,0.903572245592292,0.9335350191507676,0.9541898164303928,0.9684389938955826,0.9782675975215741,0.9850561974393736,0.9897532113577834,0.9930247567644543,0.9953552426856617,0.9970834117623006,0.9980665497105706,0.9987457533798478,0.99922086548921,0.9995473591116131,0.9997085791068051,0.9998325673731266,0.9999460250084421,1.0,1.0,1.0,1.0,1.0,1.0
0.3,3e-06,6.520951575896631e-07,0.5,5.287346111791416e-07,7.931019167687124e-07,1.1015304399565451e-06,1.4540201807426394e-06,1.5862038335374248e-06,1.806509921528734e-06,2.0708772271183047e-06,2.3793057503061373e-06,2.8199179262887556e-06,3.524897407860944e-06,4.2739381070313946e-06,5.111101241398369e-06,5.772019505372296e-06,7.005733598123627e-06,8.812243519652361e-06,1.0134080047600215e-05,1.198465118672721e-05,1.3526793802666373e-05,1.6963568775330796e-05,2.0708772271183047e-05,2.520301646620575e-05,3.004975040201455e-05,3.568958625459206e-05,4.190221793594697e-05,4.978917588603584e-05,5.816080722970558e-05,7.023358085162932e-05,8.66243537981827e-05,0.00010490975910146136,0.00012592695989583223,0.0001482219360005527,0.00018082723702326643,0.00022211259791283773,0.0002666144276870822,0.0003257886429215478,0.00039611034620837363,0.00048511400575686247,0.0005920946420854421,0.000724851090709005,0.0008840883311091231,0.0010723619139064958,0.0012957522871296832,0.00157593756983703,0.001899435029443468,0.0022798595821868603,0.0027381843676439798,0.0032923423013773183,0.003965024910449981,0.004773504192160487,0.005745714958466134,0.006920298897200597,0.008330301921562573,0.010043534245435786,0.012125162409648067,0.014608100143745317,0.017597521574134585,0.021201817296107598,0.025545372126944247,0.03078658614391028,0.03710941493047845,0.04476280436607893,0.054023194529923206,0.06524990465152512,0.07890095108781858,0.09559001847751221,0.11615462244471375,0.141831605428624,0.17463104017607567,0.21881474795926065,0.27903083474505475,0.35454017360824713,0.46590983594422486,0.5788592691759706,0.6646204196601858,0.7339662550996453,0.7987788521665077,0.8601066034723059,0.9035739639797784,0.9335361206812076,0.9541908298383975,0.9684394345077586,0.9782681703174029,0.9850564177454615,0.989753255419001,0.9930248448868896,0.995355418930532,0.9970834117623006,0.9980665497105706,0.9987458415022831,0.99922086548921,0.9995473591116131,0.9997085791068051,0.9998325673731266,0.9999460250084421,1.0,1.0,1.0,1.0,1.0,1.0
0.3,1e-05,2.1736505252988773e-06,0.5,3.0842852318783263e-07,3.5248974078609444e-07,5.287346111791416e-07,6.168570463756653e-07,7.490406991704506e-07,1.2337140927513305e-06,1.6302650511356867e-06,1.762448703930472e-06,2.3352445327078755e-06,2.7758567086904937e-06,3.2605301022713734e-06,3.877387148647039e-06,4.802672718210536e-06,5.639835852577511e-06,7.490406991704506e-06,9.252855695634979e-06,1.1103426834761975e-05,1.3570855020264636e-05,1.6478895381749915e-05,1.9166629655243885e-05,2.3793057503061375e-05,2.8992281179656266e-05,3.476430068502856e-05,4.031601410240955e-05,4.727768648293491e-05,5.736770531293687e-05,6.983702989324496e-05,8.803431276132708e-05,0.00010583504467102485,0.00012707255155338705,0.00015192307827880668,0.00018338278764396562,0.0002247122097511352,0.00026965465170136223,0.0003283882547598452,0.0003998114884866276,0.0004883745358591338,0.0005940333356597656,0.0007262169884545511,0.0008796381481316986,0.0010692335674570193,0.0012951354300833075,0.0015718398766003915,0.0019025193146753464,0.0022785377456589124,0.0027406517958294824,0.0032923863625949168,0.003962204992523693,0.0047727110902437185,0.005744172815850194,0.006918844877019855,0.008329552880863402,0.010044239224917359,0.012123972756772914,0.014606954552087761,0.017598358737268952,0.021198336459917335,0.025543918106763503,0.0307861455317343,0.037110736767006394,0.044760821611287006,0.05402235736678884,0.06524964028421953,0.0789057978217544,0.09559266215056811,0.11616030634178393,0.14183548281577266,0.17463430070617794,0.21881721538744614,0.2790369151930833,0.3545542731978786,0.4659288703902273,0.578869094827495,0.6646287912915294,0.7339686344053956,0.7987781471870261,0.860115812266784,0.9035819390601637,0.9335420248843658,0.9541947953479814,0.9684416375686385,0.9782694921539309,0.985057563337119,0.9897537841536123,0.9930252854990655,0.9953555951754024,0.9970839404969118,0.9980665497105706,0.9987461058695887,0.9992209536116451,0.9995474472340482,0.9997085791068051,0.9998325673731266,0.9999460250084421,1.0,1.0,1.0,1.0,1.0,1.0
0.3,3e-05,6.520951575896632e-06,0.5,4.846733935808799e-07,7.931019167687124e-07,8.371631343669743e-07,1.1896528751530687e-06,1.4980813983409013e-06,1.5862038335374248e-06,1.7183874863322102e-06,2.3352445327078755e-06,3.0402240142800645e-06,4.185815671834871e-06,5.022978806201846e-06,5.86014194056882e-06,6.9616723805253645e-06,7.842896732490601e-06,9.649406654019335e-06,1.2072773621923733e-05,1.467238546022118e-05,1.7668548256902982e-05,2.097313957677262e-05,2.5467383771795323e-05,2.9741321878826715e-05,3.436774972664421e-05,3.947885096804258e-05,4.49865031678253e-05,5.252097137712807e-05,6.221443924874566e-05,7.640215131538597e-05,9.468755661866461e-05,0.0001144269821026859,0.00013791161108255945,0.00016699201469741224,0.0001965570917058459,0.00023832712598899808,0.0002890856486621957,0.0003436774972664421,0.00041673099604436014,0.0004948074736284801,0.0005968532535860543,0.000721326193301144,0.0008725002308807802,0.0010618312829005112,0.0012911258592818657,0.001563996979867901,0.0018928258468037288,0.002284221642729088,0.0027441766932373435,0.0032961315660907688,0.0039618525027829065,0.00477420917164206,0.005741705387664692,0.0069151437347416,0.00832858353407624,0.010047543816237228,0.012125735205476844,0.014613167183769116,0.017599812757449696,0.021201817296107598,0.025547354881736168,0.030787863919220632,0.03711368886858548,0.04476668175322757,0.05402645506002548,0.06525069775344189,0.07891192233100056,0.09559993225147181,0.11616907452408598,0.14185152109897842,0.17465130833617087,0.21882920003863288,0.27907330975881944,0.3545971447626017,0.46597557528088146,0.5788987920881563,0.66465813606245,0.7339818527706751,0.7987795130847717,0.8601413237117733,0.9035981535882398,0.9335541417192053,0.9542040041424594,0.9684479383227551,0.9782739423369082,0.9850602510713926,0.9897562075205801,0.9930271360702047,0.9953563882773192,0.9970848657824815,0.9980669903227467,0.998746282114459,0.9992212179789507,0.9995475353564834,0.9997086672292403,0.9998326554955618,0.9999461131308773,1.0,1.0,1.0,1.0,1.0,1.0
0.3,0.0001,2.173650525298e-05,0.5,6.60918263973927e-07,8.81224351965236e-07,9.693467871617598e-07,1.1455916575548068e-06,1.4099589631443778e-06,1.6743262687339485e-06,2.1589996623148284e-06,2.5555506206991844e-06,2.863979143887017e-06,3.3045913198696352e-06,4.2739381070313946e-06,5.3314073293896785e-06,6.256692898953176e-06,7.666651862097554e-06,9.252855695634979e-06,1.1279671705155022e-05,1.3086181626683755e-05,1.5729854682579465e-05,1.8946323567252576e-05,2.181030271113959e-05,2.5863934730179678e-05,3.057848501319369e-05,3.7716402264112106e-05,4.516274803821835e-05,5.5296828085818565e-05,6.732554049014404e-05,8.072015064001562e-05,9.993084151285777e-05,0.00012059555256644256,0.0001407315290088482,0.00016743262687339485,0.0002021088051232269,0.00024273324774882427,0.00029177338293568967,0.000354604679230811,0.0004254991783464142,0.000515163756158877,0.0006191041684731766,0.0007504947193511933,0.0009021093691068122,0.0010798523208982002,0.0012868959823924325,0.0015442134931662815,0.0018659044428511909,0.002262719768541137,0.0027402993060886963,0.0033014629734201585,0.003970973174825747,0.004770948641539788,0.005745098101419759,0.006912191633162517,0.008326292350761131,0.010054637672270548,0.012124898042342477,0.014614797448820252,0.017604351062862317,0.021206708091261003,0.025555814635515033,0.030792842836809234,0.037123382336457095,0.044774172160219276,0.054037866915383426,0.06526629542447167,0.07893060428726222,0.0956259283698548,0.11619485033638095,0.1418821877064268,0.17469285806436605,0.21889075355961765,0.27917751453843936,0.35472924029296127,0.46612291599253003,0.5790026003168178,0.6647228179298842,0.7340316419465611,0.7987856816552354,0.8602385668190128,0.9036670653325635,0.9336015075281234,0.9542318067707639,0.9684686030338087,0.9782903331098548,0.9850692836210002,0.9897622879686087,0.9930322471714461,0.9953597809910742,0.997086451986315,0.9980685765265802,0.9987476920734222,0.9992221873257379,0.9995477116013538,0.9997086672292403,0.9998329198628674,0.9999462893757477,1.0,1.0,1.0,1.0,1.0,1.0
0.3,0.0003,6.520951575896e-05,0.5,6.168570463756653e-07,8.81224351965236e-07,8.81224351965236e-07,1.321836527947854e-06,1.4099589631443778e-06,1.762448703930472e-06,2.2030608799130903e-06,2.908040361485279e-06,3.348652537467897e-06,3.965509583843562e-06,5.111101241398369e-06,5.727958287774034e-06,6.697305074935794e-06,8.107264038080171e-06,9.252855695634979e-06,1.0927181964368927e-05,1.3394610149871588e-05,1.5509548594588156e-05,1.8946323567252576e-05,2.3176200456685708e-05,2.6612975429350128e-05,3.251717858751721e-05,3.8861993921666907e-05,4.626427847817489e-05,5.6133991220185534e-05,6.565121422141009e-05,8.09845179456052e-05,9.852088254971339e-05,0.00011632161445941115,0.00013791161108255945,0.00016884258583653924,0.00020135976442405644,0.00024409914549437039,0.00029468142329717496,0.00035416406705482834,0.00042281144407292024,0.0005125641443205795,0.0006153149037597261,0.0007447667610634192,0.0009003909816204799,0.0010800285657685932,0.0012985722050559718,0.001563336061603927,0.0018863929090343825,0.0022725013588479506,0.0027327648378793934,0.003297321218965922,0.003949030688461812,0.004768921825530268,0.005775147851821772,0.006944356322009248,0.008362510671626902,0.010073583995837802,0.01213754361179318,0.014627310834618159,0.017626381671661445,0.021231514556768825,0.02557819773405495,0.030824831280785572,0.037171100635116014,0.04481651499033121,0.05408439556116719,0.06532119570159911,0.07899365588964533,0.09569854125645673,0.11628922946447644,0.14199965491254377,0.17483737885808834,0.21905496971760638,0.2794949756112348,0.3551391858614955,0.466509420993302,0.5792854733337987,0.664925411408401,0.7341633849871799,0.7988144095691095,0.8604972502275321,0.9038503159365546,0.9337289766306351,0.9543228813075395,0.9685282178612191,0.9783339977764948,0.9850977912287863,0.989784406699843,0.9930457739652487,0.9953703556832978,0.997093237413825,0.998073643566604,0.9987509085423069,0.9992246547539234,0.9995487250093587,0.9997093722087219,0.9998337129647842,0.9999474790286229,1.0,1.0,1.0,1.0,1.0,1.0
0.3,0.001,0.00021736505252988,0.5,7.931019167687124e-07,8.81224351965236e-07,1.0574692223582833e-06,1.2337140927513305e-06,1.5862038335374248e-06,2.026816009520043e-06,2.3793057503061373e-06,2.5555506206991844e-06,2.908040361485279e-06,3.4367749726644204e-06,4.317999324629657e-06,4.934856371005322e-06,5.992325593363605e-06,6.873549945328841e-06,8.459753778866266e-06,1.101530439956545e-05,1.3747099890657682e-05,1.6743262687339483e-05,2.0356282530396952e-05,2.4145547243847466e-05,2.881603630926322e-05,3.410338242105464e-05,4.053632019040086e-05,4.829109448769493e-05,5.727958287774034e-05,6.781021388372492e-05,8.049984455202432e-05,9.759559698014989e-05,0.00011786375707535032,0.00014077559022644646,0.00017012036114688882,0.0002077486409758044,0.00024925430795336704,0.00029639981078350715,0.0003558824545411606,0.0004262482190455847,0.0005129606952789639,0.0006195447806491592,0.0007486441482120663,0.0009007875325788643,0.001087034299366717,0.0013065472854412571,0.0015748801006146716,0.0018966151115171793,0.0022826795001131494,0.002751314610488262,0.0033150778896580213,0.003988553600647453,0.0048022321060345536,0.005786735952050115,0.006973084235883315,0.008394631299256035,0.010112093500018682,0.012171514810561439,0.014689260906561315,0.01766612488993508,0.02128588609928508,0.02566103282313968,0.03091590581756118,0.037267154089480226,0.04494750899025084,0.054234908680482856,0.06549660340885778,0.07920303479567227,0.09596586066362539,0.11661422500548121,0.14240299129843825,0.17536598128561467,0.21979220201046049,0.28067259977398357,0.3567692746677608,0.46732499413104583,0.5800445599905815,0.6655373335984056,0.7346314913629439,0.7989119170436545,0.8612901758994305,0.9044331136617269,0.9341484834833882,0.9546173424247487,0.9687358343185422,0.9784754342849852,0.985199925131179,0.9898533184441667,0.9930964003042692,0.9954045471881541,0.997113858063661,0.9980894174825041,0.9987617916630537,0.9992318367323919,0.9995523820904193,0.9997120599429954,0.9998363125766224,0.9999487568039332,1.0,1.0,1.0,1.0,1.0,1.0
0.4,1e-06,4.5351473922902503e-07,0.5,9.088644778998469e-08,9.088644778998469e-08,1.8177289557996937e-07,1.8177289557996937e-07,2.7265934336995403e-07,4.544322389499234e-07,5.907619106349005e-07,9.088644778998468e-07,1.454183164639755e-06,1.726842508009709e-06,2.272161194749617e-06,2.5902637620145635e-06,3.181025672649464e-06,3.726344359389372e-06,4.635208837289219e-06,5.544073315189066e-06,7.2709158231987745e-06,9.179531226788453e-06,1.0633714391428209e-05,1.2633216242807871e-05,1.590512836324732e-05,1.999501851379663e-05,2.2903384843076142e-05,2.7447707232575377e-05,3.2173802517654576e-05,3.844496741516352e-05,4.68974070596321e-05,5.775833757053527e-05,6.875559775312341e-05,8.338831584731095e-05,0.00010465574463016736,0.00013028572290694305,0.00016245952542459763,0.0002065394526027402,0.00026034422969441114,0.0003298269190298544,0.00041157927881694563,0.0004995573602776508,0.000605167412609613,0.000736043897427191,0.0008906417451179549,0.0010786403623715382,0.001304902174144705,0.0015756529021110695,0.0019002084071691049,0.002290656586874879,0.002764493082427964,0.003333578575264953,0.0040171355490934285,0.00484102119830964,0.005832955889489532,0.007028885212734046,0.008470662377250467,0.01020845670221887,0.01229439156544681,0.014812582374363914,0.01783760145938187,0.02149019146638967,0.025895866579785282,0.031209270090483368,0.037620218344693306,0.04537755843646408,0.05476353822940748,0.06614611150740127,0.08000002363047642,0.09695070968909973,0.11785627408008033,0.14400226016418363,0.17751427473909795,0.22287361044278015,0.2934521176792273,0.3939519431545259,0.5270376503017589,0.6249586182642406,0.6991468171043387,0.7586743502675538,0.8118612358439246,0.8672926985781406,0.908654939194467,0.9371642001372295,0.9568153952190366,0.9703650195149108,0.9797086007799602,0.9861539949978826,0.9906100666465777,0.9937052046260657,0.9958483070649535,0.9973568403253716,0.9984204844238579,0.9991244908484391,0.9994418663241217,0.9996350909121232,0.9997972323349805,0.9999377427832639,1.0,1.0,1.0,1.0,1.0,1.0
0.4,3e-06,1.3605442176870747e-06,0.5,1.8177289557996937e-07,1.8177289557996937e-07,2.7265934336995403e-07,3.6354579115993875e-07,5.453186867399081e-07,5.453186867399081e-07,8.179780301098622e-07,9.543077017948392e-07,1.3632967168497702e-06,1.5450696124297398e-06,1.726842508009709e-06,2.090388299169648e-06,2.5448205381195713e-06,3.2719121204394486e-06,4.135333374444303e-06,5.271413971819112e-06,6.452937793088913e-06,8.9068718834185e-06,1.1269919525958101e-05,1.3860183287972664e-05,1.5587025795982373e-05,1.84045056774719e-05,2.2585282275811193e-05,2.7038718217520444e-05,3.3037223771659435e-05,4.0580798938228164e-05,4.857880634374681e-05,5.866720204843512e-05,7.093687250008305e-05,8.656934151996041e-05,0.00010892740767629665,0.00013373940792296246,0.00016400459503702737,0.00020926604603643974,0.0002627981637847407,0.00032796374685015975,0.0004103068685478859,0.0004998754628449158,0.000605303742281298,0.000735953010979401,0.0008910961773569048,0.0010794583404016482,0.0013042659690101753,0.0015753802427676995,0.00189952675881068,0.0022922016564873087,0.002764038650189014,0.0033323061649958934,0.0040173627652129035,0.004839794231264474,0.005835500710027652,0.007028430780495096,0.008464209439457379,0.0102063663139197,0.012294709668014074,0.014809764894482425,0.01783805589162082,0.021491282103763148,0.025897729751964978,0.03120795223699041,0.03762217240332079,0.04537910350607651,0.054765719504154445,0.06614679315575969,0.08000170502976053,0.09694811942533771,0.11785391103243778,0.14400285092609427,0.17750977585993236,0.22287451930725805,0.29346052467564787,0.393960122934827,0.5270384682797891,0.6249609813118832,0.699147953184936,0.7586761225532856,0.8118592363420731,0.8672973337869779,0.9086576203446769,0.9371671993900065,0.9568161223106189,0.9703659283793887,0.9797086916664081,0.9861543585436737,0.9906102484194733,0.9937055681718568,0.9958483070649535,0.9973569312118195,0.9984204844238579,0.9991245817348868,0.9994418663241217,0.9996350909121232,0.9997972323349805,0.9999377427832639,1.0,1.0,1.0,1.0,1.0,1.0
0.4,1e-05,4.53514739229025e-06,0.5,3.6354579115993875e-07,4.544322389499234e-07,6.362051345298928e-07,7.270915823198775e-07,7.270915823198775e-07,1.0906373734798161e-06,1.454183164639755e-06,1.726842508009709e-06,1.9086154035896784e-06,2.363047642539602e-06,2.5448205381195713e-06,3.3627985682294334e-06,4.180776598339296e-06,4.726095285079204e-06,5.907619106349004e-06,6.998256479828821e-06,8.54332609225856e-06,1.0724600839218193e-05,1.2814989138387841e-05,1.4996263885347472e-05,1.8359062453576905e-05,2.3176044186446094e-05,2.8265685262685237e-05,3.2719121204394485e-05,3.999003702759326e-05,4.7442725746372007e-05,5.8076440137800214e-05,7.170940730629792e-05,8.60694660571155e-05,0.00010388320982395249,0.00012624127598028872,0.00015178036780927443,0.00018418138644640396,0.00022280812675714746,0.0002691147719061447,0.00032864539520858463,0.0004040811468742719,0.0004963308913811064,0.0006071669144609927,0.000735680351636031,0.0008930956792082846,0.001080003659088388,0.0013049476173686001,0.0015766980962606543,0.0019021170225726944,0.0022929741912935237,0.002763902320517329,0.003333578575264953,0.004018726061929753,0.004843338802728284,0.0058361823583860765,0.0070292942017491,0.008471980230743423,0.01021263747881721,0.012293528144192803,0.014808946916452315,0.017837646902605763,0.021494008697196847,0.025895548477218016,0.031210906046543585,0.03762312671102259,0.04537492272947817,0.05476308379716853,0.06614897443050666,0.08000538593089604,0.0969500280407413,0.11785895523029012,0.14400771335105103,0.17751695588930777,0.22288269908755914,0.2934729761189951,0.39399870423191385,0.5270482840161503,0.6249700699566622,0.6991492255952051,0.7586765769855246,0.8118560553164005,0.8673103305490119,0.9086642096121417,0.9371704713021269,0.9568203030872172,0.9703673825625534,0.9797116000327373,0.9861558127268384,0.9906109755110556,0.9937058408312002,0.9958485797242969,0.9973572947576106,0.9984205753103056,0.9991249452806781,0.9994418663241217,0.999635181798571,0.9997972323349805,0.9999377427832639,1.0,1.0,1.0,1.0,1.0,1.0
0.4,3e-05,1.360544217687e-05,0.5,7.270915823198775e-07,9.997509256898316e-07,1.181523821269801e-06,1.2724102690597857e-06,1.3632967168497702e-06,1.5450696124297398e-06,1.9086154035896784e-06,2.272161194749617e-06,2.8174798814895252e-06,3.181025672649464e-06,4.27166304612928e-06,4.726095285079204e-06,5.3623004196090966e-06,6.180278449718959e-06,7.36180227098876e-06,9.179531226788453e-06,1.1360805973748085e-05,1.336030782512775e-05,1.654133349777721e-05,1.9631472722636693e-05,2.3721362873186003e-05,2.8447458158265206e-05,3.290089409997446e-05,3.953560478864334e-05,4.7806271537531944e-05,5.8712645272330106e-05,7.098231572397804e-05,8.279755393667604e-05,0.00010242902665931274,0.00012306025030763926,0.00014978086595789477,0.00018186378202775935,0.00021517366514278876,0.00025789029560408156,0.00030951379794879285,0.00036654504393700824,0.00043180151345021723,0.0005057830819512648,0.0006008048631156937,0.0007290001977234672,0.0008924140308498597,0.0010787766920432233,0.0013036752070995404,0.0015744713782897997,0.0019015262606620596,0.0022951100228165884,0.0027646294120996493,0.0033330786998021084,0.004018271629690803,0.004842838927265439,0.005839090724715356,0.007032248011302275,0.008473479857131956,0.010213955332310164,0.012296709169865453,0.014811037304751484,0.017840646155382833,0.021497416938988972,0.025897956968084453,0.031214632390902976,0.03762971597848736,0.04538219364530137,0.054762992910720745,0.06615360963934394,0.08000979392361385,0.09695961656098315,0.1178674076699346,0.14401780174675574,0.17753149772095417,0.2228966956005188,0.2935192827641441,0.3941101310169044,0.5270795489541901,0.624988338132668,0.6991603137418355,0.7586831208097655,0.8118396957557983,0.8673425952379773,0.9086846590628944,0.937187739727207,0.956829482618444,0.9703752896835112,0.9797157808093356,0.9861592664118544,0.9906132476722503,0.9937078403330516,0.9958500339074615,0.9973584762814319,0.9984209388560968,0.9991253088264692,0.9994419572105695,0.9996352726850188,0.9997972323349805,0.9999377427832639,1.0,1.0,1.0,1.0,1.0,1.0
0.4,0.0001,4.5351473922899995e-05,0.5,2.7265934336995403e-07,3.6354579115993875e-07,4.544322389499234e-07,5.453186867399081e-07,5.453186867399081e-07,9.088644778998468e-07,1.0906373734798161e-06,1.3632967168497702e-06,1.6359560602197243e-06,1.999501851379663e-06,2.090388299169648e-06,2.7265934336995404e-06,3.726344359389372e-06,5.089641076239143e-06,5.81673265855902e-06,7.543575166568729e-06,9.997509256898315e-06,1.2724102690597855e-05,1.4996263885347472e-05,1.8359062453576905e-05,2.1630974574016355e-05,2.6266183411305575e-05,3.290089409997446e-05,3.953560478864334e-05,4.753361219416199e-05,5.744023500327032e-05,6.957357578323327e-05,8.257033781720108e-05,0.00010147471895751791,0.0001221968290536344,0.00014528198679229052,0.0001750472984435105,0.00020767553320011502,0.00024734746766044333,0.0002978803326316748,0.00035995577647223435,0.000433119366943172,0.0005209611187321922,0.000629343207721749,0.0007602196925393269,0.0009133179138415561,0.0011056790805890587,0.00133516736125877,0.001584605217218383,0.001893755469376016,0.0022937012828758434,0.002766674357174924,0.003336532384818128,0.004023224941095357,0.004848064898013363,0.005840953896895051,0.007039291711005999,0.008484704333434021,0.010209819998935719,0.012292664722938799,0.014812945920155075,0.017846826433832553,0.021500007202750988,0.025911226389461788,0.03121685910887383,0.03763526005180255,0.045397917000769034,0.05478189729186106,0.06616978742705056,0.08003310629747198,0.09698379235609528,0.11789876349442215,0.14406020027464975,0.17757884956025274,0.2229664963924215,0.29368574129327146,0.3945446591237883,0.5271705262884279,0.6250493229391351,0.6992014853026843,0.7586998439161589,0.8117949796234856,0.8674453878104278,0.9087650026827407,0.9372377272734915,0.9568650192195299,0.9703979204090109,0.9797322312563856,0.9861718996280971,0.990622518089925,0.9937135661792623,0.9958530331602385,0.9973615664206568,0.998423029244396,0.9991267630096339,0.9994427751885996,0.9996359088901533,0.9997978685401151,0.9999380154426072,1.0,1.0,1.0,1.0,1.0,1.0
0.4,0.0003,0.0001360544217687,0.5,2.7265934336995403e-07,3.6354579115993875e-07,6.362051345298928e-07,8.179780301098622e-07,9.088644778998468e-07,1.181523821269801e-06,1.5450696124297398e-06,1.9086154035896784e-06,2.363047642539602e-06,2.635706985909556e-06,3.453685016019418e-06,4.3625494939192645e-06,5.180527524029127e-06,6.180278449718959e-06,7.2709158231987745e-06,8.634212540048545e-06,1.0361055048058254e-05,1.2269670451647932e-05,1.4541831646397549e-05,1.654133349777721e-05,2.0812996543906494e-05,2.5629978276775683e-05,3.081050580080481e-05,3.8535853862953504e-05,4.5261450999412376e-05,5.416832288283087e-05,6.543824240878897e-05,7.816234509938683e-05,9.579431597064385e-05,0.00011624376672339042,0.00014105576697005624,0.0001707756353973812,0.0002054033720053654,0.0002481200024666582,0.0002997889480352645,0.00036154628930855907,0.0004338010153015969,0.0005195523787914475,0.0006267983871836294,0.0007567660075233075,0.0009104549907361716,0.0010991352563481799,0.0013203983134928976,0.0015916943601460018,0.001918113037383732,0.0023114241401948907,0.0027824431558664863,0.0033565274033319245,0.0040411750145338795,0.004843975007862814,0.005848951904300569,0.007041291212857378,0.008479205703342726,0.010212410262697735,0.012304434517927601,0.014821489246247333,0.017856778499865555,0.02151404915893454,0.025925495561764815,0.03123935350470185,0.03767084209611233,0.04543408980698945,0.054820705805067385,0.06622645512724762,0.08009245514787884,0.09706340888435931,0.11799451236716889,0.1441761713820298,0.1777434449172004,0.22320007456324176,0.2941999313716433,0.39630299378595724,0.5273491181583352,0.6251803811968482,0.6992932806149522,0.7587506494404734,0.8117112732050711,0.8677074134394063,0.9089524105380836,0.9373764199928191,0.9569637219018298,0.9704695389298693,0.9797830367807002,0.9862035281119281,0.9906466938850371,0.9937288351024911,0.9958643030797646,0.9973700188603012,0.9984281188854722,0.9991299440353065,0.9994445929175554,0.9996374539597658,0.9997985956316974,0.9999388334206374,1.0,1.0,1.0,1.0,1.0,1.0
0.4,0.001,0.00045351473922902003,0.5,8.179780301098622e-07,9.997509256898316e-07,1.0906373734798161e-06,1.181523821269801e-06,1.181523821269801e-06,1.2724102690597857e-06,1.726842508009709e-06,1.9086154035896784e-06,2.090388299169648e-06,2.7265934336995404e-06,3.0901392248594795e-06,3.2719121204394486e-06,4.089890150549311e-06,4.907868180659173e-06,5.725846210769036e-06,7.089142927618806e-06,9.088644778998468e-06,1.163346531711804e-05,1.4450945198607565e-05,1.790463021462698e-05,2.13583152306464e-05,2.5902637620145634e-05,3.090139224859479e-05,3.8717626758533476e-05,4.907868180659173e-05,5.8167326585590196e-05,6.88464842009134e-05,8.166147333930124e-05,9.729394235917861e-05,0.00011837959824645506,0.00014205551789574607,0.00017322956948771082,0.00020731198740895506,0.00024784734312328823,0.0002991981861246296,0.00036041020871118427,0.0004327558211520121,0.000522369858672937,0.000628888775482799,0.0007552209379108778,0.0009092734669149018,0.0011005439962889245,0.0013226250314637522,0.0015939665213407514,0.0019177949348164669,0.0023129237665834254,0.002780034665000052,0.0033509378867928406,0.004035858157338165,0.004856608224105621,0.005856450036243243,0.00706160433393844,0.008509516333680685,0.010247765090888039,0.01234365202014898,0.014877520741309859,0.01790558452232878,0.021576942580805208,0.026000340551519868,0.03133646567416545,0.03777858797996735,0.04557273708309307,0.05499229941849487,0.06642945000838654,0.08034084780968886,0.09737255913651695,0.11838841423189068,0.14469113399520783,0.17846362912948824,0.22451860970455498,0.2963157678761941,0.4007991463581278,0.5269684857149908,0.6252388211827772,0.6994865052029537,0.7589649596843623,0.811848057308995,0.8682343730636927,0.9094419249458805,0.937770230971093,0.9572629200879544,0.9706883934961477,0.9799367257639131,0.9863158637613966,0.9907252197759276,0.9937847302678819,0.995902202728493,0.9973951944063391,0.998446387061478,0.9991415775006236,0.9994510458553485,0.9996427253737376,0.9998020493167135,0.9999426506514445,1.0,1.0,1.0,1.0,1.0,1.0
0.5,1e-06,8.888888888888889e-07,0.5,3.698258873590784e-07,3.698258873590784e-07,4.6228235919884804e-07,5.547388310386176e-07,8.321082465579264e-07,9.245647183976961e-07,1.2943906057567746e-06,1.4793035494363137e-06,1.8029012008755073e-06,1.8491294367953922e-06,2.4038682678340096e-06,3.051063570712397e-06,3.975628289110093e-06,4.71528006382825e-06,5.824757725905485e-06,7.11914833166226e-06,8.505995409258804e-06,1.0540037789733735e-05,1.3221275473087054e-05,1.5440230797241525e-05,1.8352609660194266e-05,2.232823794930436e-05,2.759825684417123e-05,3.379284045743579e-05,4.081953231725828e-05,4.8493419479959155e-05,6.0235391403609896e-05,7.304061275341798e-05,8.97290059204964e-05,0.00010997697325340595,0.00013429302534726534,0.0001681783222765409,0.00020465240041733004,0.00024413131389291163,0.00029368798279902814,0.0003536460047871187,0.0004292291705161304,0.0005207610776375023,0.0006387355357050483,0.0007630432620936185,0.0009102339652625318,0.0010842370452649782,0.0013032664270533924,0.0015627455152717057,0.0018751559336182872,0.0022537651858021437,0.002714290872036036,0.0032655625853806624,0.003930370846144526,0.004730674066389572,0.005693145938241573,0.00685818993989451,0.00828252811682208,0.009970875749088113,0.012008107877841517,0.014463474400490279,0.017434239525409834,0.02099154850768089,0.02529784736832592,0.030481327005550764,0.03674825780802995,0.04432284671997491,0.053486392556958154,0.06459096956374552,0.07811180400559344,0.09464020124815313,0.11500910164622909,0.14041419852188913,0.172804844127403,0.21593144278647905,0.28482843384145407,0.4262775901091176,0.554276964733542,0.6467621905360539,0.7154962732876472,0.7688256285271855,0.8131086727360334,0.8552954513588582,0.8989593145757951,0.9305245088007236,0.952282012949361,0.9672839076136102,0.9776339473537132,0.9847682585467572,0.9896971130605353,0.9930998810501261,0.9954592777550052,0.9971014896078232,0.9982330643666701,0.9989909300663408,0.9994027311919151,0.9996408066069025,0.9998290479835683,0.9999999075435282,1.0,1.0,1.0,1.0,1.0,1.0
0.5,3e-06,2.666666666666667e-06,0.5,4.6228235919884804e-07,7.396517747181568e-07,9.245647183976961e-07,1.2943906057567746e-06,1.4793035494363137e-06,1.5717600212760833e-06,1.8491294367953922e-06,2.0340423804749313e-06,2.6812376833533185e-06,2.9586070988726274e-06,3.6982588735907843e-06,4.530367120148711e-06,6.009670669585024e-06,6.93423538798272e-06,8.043713050059955e-06,9.985298958695117e-06,1.2019341339170048e-05,1.4515666078843828e-05,1.6873306110757953e-05,1.9970597917390235e-05,2.366885679098102e-05,2.782939802377065e-05,3.420889458071476e-05,4.1420499384216786e-05,5.089728774779317e-05,6.079013023464852e-05,7.285569980973844e-05,8.843461531473963e-05,0.00010581643202061631,0.0001283758111495201,0.00015380134090545674,0.00018421952014074095,0.00021459147114010526,0.00024990984338289725,0.000295768253415423,0.0003564196989423118,0.0004313094411325252,0.0005263084659478885,0.0006412780886806419,0.0007617488714878618,0.0009086622052412557,0.0010835436217261798,0.0013026654599864339,0.0015620058634969877,0.0018743238253717293,0.002253302903442945,0.0027102227872750862,0.0032620030112148314,0.0039265339025631755,0.004728085285178058,0.005692961025297894,0.006857034233996513,0.008276102392029217,0.009963248090161332,0.01200676725899984,0.014455892969799418,0.017426473181775294,0.020993397637117685,0.02529373305532905,0.030480726038483806,0.03674724078683971,0.04432113627524588,0.05348875019699007,0.06459328097554153,0.07811222005971671,0.09464038616109681,0.11500766857091557,0.14041304281599115,0.17280502904034667,0.2159288540052675,0.28484271836635333,0.42628355355155123,0.554280478079472,0.6467652415996246,0.7154962732876472,0.7688268304613194,0.8131095973007518,0.8552853736034277,0.8989613486181757,0.9305270975819351,0.9522844168176289,0.9672861265689343,0.9776348719184316,0.98476890574206,0.9896970206040634,0.9931003433324853,0.9954596475808926,0.9971013971513514,0.998233156823142,0.9989910225228126,0.9994027311919151,0.9996408066069025,0.9998290479835683,1.0,1.0,1.0,1.0,1.0,1.0,1.0
0.5,1e-05,8.88888888888889e-06,0.5,6.471953028783873e-07,7.396517747181568e-07,1.2019341339170048e-06,1.2943906057567746e-06,1.5717600212760833e-06,1.7566729649556226e-06,2.0340423804749313e-06,2.4038682678340096e-06,3.883171817270323e-06,4.807736535668019e-06,5.824757725905485e-06,7.211604803502029e-06,8.136169521899725e-06,8.968277768457652e-06,1.0724950733413274e-05,1.3221275473087054e-05,1.5902513156440373e-05,1.9508315558191387e-05,2.2744292072583324e-05,2.847659332664904e-05,3.504100282727268e-05,4.1512955856056556e-05,4.8863245367318236e-05,5.755415372025658e-05,6.809419150999031e-05,8.085318462387852e-05,9.731043661135752e-05,0.00011413751448619558,0.00013484776417830397,0.0001581467950819259,0.00018029012008755074,0.00021033847343547585,0.00024038682678340098,0.00027662976374459065,0.00032170229376647836,0.00037486476507434587,0.00044637984604240763,0.0005378192966919398,0.000638458166289529,0.0007582817537938704,0.0009087084334771755,0.0010849304688037764,0.0013016946670321163,0.0015582151481515572,0.001872844521822293,0.002253626501094384,0.002711517177880843,0.0032644531077185854,0.003930555759088205,0.004729795729907094,0.005693007253533814,0.006859854156387625,0.008281187497980404,0.009967686000809642,0.012011713680243268,0.014460700706335086,0.017433962155994315,0.020994738255959364,0.025296922803607524,0.030484747895008834,0.036751909838667614,0.044321922155256516,0.05348981344641623,0.06459355834495704,0.07811231251618855,0.09464112581287153,0.11501062717801444,0.1404171109007521,0.17280895844039984,0.2159390242171699,0.2848622266819115,0.42630093536825714,0.5542868575760289,0.6467671831855332,0.7154966431135346,0.7688329325884609,0.8131081179972024,0.855254585598305,0.8989739226983459,0.930533477078492,0.952290611401242,0.967289177632505,0.9776361663090374,0.984770107676194,0.9896987772770284,0.9931006207019009,0.9954601098632518,0.9971023217160698,0.998233156823142,0.9989912998922281,0.999402823648387,0.9996409915198462,0.9998290479835683,1.0,1.0,1.0,1.0,1.0,1.0,1.0
0.5,3e-05,2.666666666666e-05,0.5,9.245647183976961e-07,1.2019341339170048e-06,1.4793035494363137e-06,1.6642164931158528e-06,1.9415859086351615e-06,2.4038682678340096e-06,2.7736941551930882e-06,2.7736941551930882e-06,3.2359765143919363e-06,3.6058024017510145e-06,4.160541232789632e-06,4.900193007507789e-06,5.824757725905485e-06,7.211604803502029e-06,8.690908352938343e-06,9.985298958695117e-06,1.183442839549051e-05,1.3683557832285902e-05,1.654970845931876e-05,2.0340423804749312e-05,2.4316052093859407e-05,2.9863440404245582e-05,3.615048048934992e-05,4.2714889989973555e-05,5.334738425154706e-05,6.425724792863988e-05,7.710869751436785e-05,9.633964365703993e-05,0.00011908393572962325,0.0001390545336470135,0.0001636479551563922,0.00019180095083160204,0.00022531642187351852,0.0002639632271025422,0.0003138897218960178,0.00038276979341664617,0.0004704647569566676,0.0005683299323990638,0.0006591684159816374,0.0007588827208608289,0.0009020053392687923,0.0010813246664020254,0.0012977190387430061,0.001555395225760444,0.001872798293586373,0.002249234818681995,0.00270878971196157,0.003262927575933229,0.003925886707260297,0.004728640024009097,0.005701004738347954,0.00686604874000089,0.008275917479085538,0.009963155633689493,0.012003808651900967,0.014461995096940843,0.01742388440056378,0.021001071524280386,0.02529336322944169,0.03048359218911084,0.036751493784544335,0.04432811673886978,0.05349351170528982,0.06459868967914414,0.07812067982689005,0.09465101865535838,0.11502172195463521,0.1404268650585312,0.1728229655958836,0.21596005806451343,0.28495408218668433,0.42631683788141356,0.5542991542867836,0.6467713437267659,0.7154948864405696,0.768825905896601,0.8130954514605603,0.8551619442135215,0.8990085938752858,0.9305579780435296,0.9523109518250469,0.9672987006491045,0.9776448572173903,0.9847765796292227,0.9897027529053175,0.9931040415913589,0.9954616816232731,0.9971035236502037,0.9982341738443322,0.9989915772616437,0.9994033783872179,0.9996412688892617,0.9998292328965119,1.0,1.0,1.0,1.0,1.0,1.0,1.0
0.5,0.0001,8.888888888888e-05,0.5,2.773694155193088e-07,2.773694155193088e-07,2.773694155193088e-07,2.773694155193088e-07,4.6228235919884804e-07,7.396517747181568e-07,9.245647183976961e-07,1.0170211902374656e-06,1.2943906057567746e-06,1.7566729649556226e-06,2.4038682678340096e-06,2.9586070988726274e-06,4.160541232789632e-06,5.362475366706637e-06,6.379496556944103e-06,8.321082465579264e-06,1.0632494261573505e-05,1.2758993113888206e-05,1.5532687269081292e-05,1.839883789611415e-05,2.302166148810263e-05,2.6812376833533185e-05,3.217485220023982e-05,3.7259958151427154e-05,4.530367120148711e-05,5.4271948969944756e-05,6.490444323151826e-05,7.710869751436785e-05,9.559999188232178e-05,0.00011418374272211546,0.00013637329596366017,0.00016443383516703025,0.00019697851325462914,0.00023678102438164997,0.00028587541092856765,0.00034477018349050084,0.0004148521891450462,0.0005009291644278717,0.0006026312834516183,0.0007241653156849954,0.0008709399647306297,0.0010489186730221862,0.001275298344321862,0.0015509573151121351,0.0019034476140012567,0.0022520085128371883,0.00271267288377884,0.0032632511735846683,0.0039306944437959655,0.004735944085284438,0.005708678625510655,0.00687016305299776,0.00827097105784211,0.009970089869077475,0.012022716000392201,0.014468513278205546,0.017446490007928604,0.021003013110189022,0.02529470384828337,0.03049034151155514,0.03676540848355622,0.044340505906096304,0.05350913684903074,0.06461445350759283,0.07813991077303273,0.09467625927217063,0.11505232504681417,0.14047184513208125,0.17287913290252624,0.21604354625858477,0.28513876398918425,0.42633810286993673,0.5543193097976447,0.6467866915010914,0.7154936845064357,0.7688105581222756,0.8130687315401987,0.8548977960734754,0.8991096487990066,0.930631018656283,0.9523561630397764,0.9673351284990094,0.9776665844882726,0.9847945161847597,0.9897153269854877,0.9931123626738245,0.9954679686633582,0.9971070369961336,0.9982370399949593,0.9989935188475523,0.9994049501472393,0.9996419160845645,0.9998299725482866,1.0,1.0,1.0,1.0,1.0,1.0,1.0
0.5,0.0003,0.00026666666666665996,0.5,3.698258873590784e-07,3.698258873590784e-07,4.6228235919884804e-07,6.471953028783873e-07,6.471953028783873e-07,7.396517747181568e-07,9.245647183976961e-07,1.1094776620772352e-06,1.2943906057567746e-06,1.7566729649556226e-06,2.31141179599424e-06,2.9586070988726274e-06,3.6982588735907843e-06,4.71528006382825e-06,5.454931838546407e-06,7.02669185982249e-06,8.875821296617882e-06,1.0724950733413274e-05,1.3036362529407514e-05,1.654970845931876e-05,1.9878141445550464e-05,2.4685877981218484e-05,2.9586070988726275e-05,3.633539343302945e-05,4.4748932370448486e-05,5.325492777970729e-05,6.231566202000471e-05,7.706246927844797e-05,9.388954715328604e-05,0.00011395260154251604,0.00013734408891797776,0.00016803963756878125,0.00020335800981157324,0.00024218972798427648,0.0002901746368691169,0.0003476825623534536,0.0004185966762545569,0.000508834192770172,0.0006088720953008027,0.0007388658947075188,0.0008895699438063433,0.0010661618050203032,0.0012881960221435098,0.0015509573151121351,0.0018658178299624706,0.002246137526875363,0.0027069868107606945,0.0032603387947217153,0.003925701794316618,0.004716805595613606,0.0057114060914299275,0.006868868662392003,0.008284331018022955,0.009977625071532416,0.012017214840317734,0.014481595868970873,0.01744889387619644,0.021015124908000032,0.02531661603210939,0.030514056596582042,0.03679064910036848,0.04437540822421582,0.05354981769664024,0.064674365301345,0.07820740399747575,0.09475993237918563,0.11516105385769775,0.14061515266343289,0.1730873448771094,0.21638729942088503,0.2864465607833578,0.42586324643056767,0.5541360610704582,0.646711894215373,0.7154530036588261,0.7687675658628701,0.8130002212945654,0.8545599601253728,0.8993087075828776,0.930802340498602,0.9524870814039016,0.9674310058603073,0.9777377759715893,0.98484629180899,0.9897501830753713,0.9931358466176718,0.995487107153029,0.9971174845774515,0.9982448063385938,0.9989991586923345,0.999408555949641,0.9996447822351916,0.9998318216777234,1.0,1.0,1.0,1.0,1.0,1.0,1.0
0.5,0.001,0.00088888888888888,0.5,8.324661810613943e-07,1.1099549080818592e-06,1.294947392762169e-06,1.387443635102324e-06,1.6649323621227887e-06,1.7574286044629436e-06,2.081165452653486e-06,2.404902300844028e-06,2.867383512544803e-06,3.4223609665857323e-06,3.83859405711643e-06,4.9485489651982885e-06,5.688518903919528e-06,6.613481327321078e-06,7.3072031448722395e-06,9.157127991675339e-06,1.1469534050179212e-05,1.4799398774424789e-05,1.822175974101052e-05,2.1782865071106487e-05,2.5852699734073302e-05,3.010752688172043e-05,3.482483524106833e-05,4.148456468955949e-05,4.9485489651982885e-05,6.021505376344086e-05,6.890970054341542e-05,8.153543762284657e-05,9.795352063822408e-05,0.00011529656607700312,0.0001385593710255521,0.00016492080009249623,0.00019747947739623078,0.0002362354029367557,0.0002942767950052029,0.0003568967510694878,0.0004229853162215285,0.0005032258064516129,0.0006143600416233091,0.0007427448259914441,0.0008833853624696497,0.00107462134350792,0.0012893976182217597,0.0015510232396808879,0.0018736038848421782,0.0022541334258295758,0.002715227193895248,0.003282460400046248,0.003941958607931553,0.00475241068331599,0.005723482483524107,0.006887223956526766,0.008296265464215516,0.010005364782055728,0.012056191467221644,0.014535414498785986,0.017489466990403515,0.02110398890045092,0.025441646433113654,0.03067365013296335,0.036980506416926816,0.044583373800439356,0.05379456584576252,0.06497722280032374,0.07858402127413573,0.09523903341426755,0.11578383628165106,0.14146652792230316,0.17437521100705283,0.21894101052144757,0.29736256214591283,0.4194741588622962,0.5505318071453347,0.6451910741126142,0.7148661810613944,0.7686280494854897,0.8131541681119204,0.8557598335067638,0.8988904150768875,0.9308517516475893,0.9526837322233784,0.9676397733842063,0.9779151346976529,0.9849803676725633,0.9898461325008672,0.9932025436466644,0.9955267892241878,0.9971440397733842,0.9982585732454619,0.9990138050641693,0.999416718695803,0.9996484217828651,0.9998311943577293,0.9999970401202452,1.0,1.0,1.0,1.0,1.0,1.0
0.6,1e-06,1.7578125e-06,0.5,7.473447425161481e-07,7.473447425161481e-07,9.341809281451852e-07,9.341809281451852e-07,1.0275990209597037e-06,1.3078532994032592e-06,1.4946894850322962e-06,2.1019070883266668e-06,2.5222885059919998e-06,2.895960877250074e-06,3.5498875269517037e-06,4.297232269467852e-06,5.137995104798518e-06,6.539266497016296e-06,7.566865517976e-06,8.87471881737926e-06,1.0275990209597036e-05,1.2331188251516444e-05,1.4946894850322963e-05,1.8777036655718222e-05,2.2420342275484443e-05,2.8118845937170072e-05,3.3070004856339553e-05,4.180459653449704e-05,5.086615153750533e-05,6.011454272614267e-05,7.328649381298978e-05,8.996162338038133e-05,0.0001102800585675391,0.00013704434215889866,0.00016731180423080265,0.00020136269906169467,0.00024176602420397392,0.00029048355960674535,0.0003484961952445613,0.00042248332475365997,0.0005179566156100979,0.0006114214174710237,0.0007253914907047363,0.0008629029233277075,0.0010370809573803774,0.0012433948153612415,0.001491933651294268,0.001791899147321687,0.0021537541298387243,0.002593239547484627,0.0031216589894899507,0.003757462529185564,0.004521575819361918,0.005448283300081942,0.006568459651020833,0.007913399933271456,0.00953219535460784,0.011481363861182769,0.01383237029399935,0.016665180540506808,0.020078397397670873,0.024192063114758196,0.029154338786972604,0.03514673576865271,0.04238448934564316,0.05114472429027823,0.061753983545991056,0.07466305611965811,0.09043459918430125,0.10983706997141267,0.13396523511068573,0.16456409786684922,0.20472958054482274,0.26204176732271545,0.39987754756393873,0.5409929100805548,0.6411143582721184,0.7134000173477398,0.7669953784668213,0.8083520352462727,0.8421979707815297,0.87255791676532,0.9056424014260459,0.9351787735035835,0.9555071110085795,0.9695193578402933,0.979182058270563,0.9858511759165914,0.9904558471295118,0.9936423382754151,0.9958453237401671,0.9973663571273731,0.9984117990040604,0.9990283584166362,0.999463593311059,0.9997599155014667,0.9999767388948891,1.0,1.0,1.0,1.0,1.0,1.0,1.0
0.6,3e-06,5.2734374999999994e-06,0.5,1.0275990209597037e-06,1.1210171137742223e-06,1.2144352065887406e-06,1.4946894850322962e-06,1.961779949104889e-06,2.335452320362963e-06,2.6157065988065183e-06,3.269633248508148e-06,3.923559898209778e-06,4.764322733540445e-06,5.418249383242074e-06,6.445848404201778e-06,7.380029332346963e-06,8.594464538935704e-06,1.0275990209597036e-05,1.2704860622774518e-05,1.4853476757508445e-05,1.7936273820387557e-05,2.1486161347339258e-05,2.5409721245549036e-05,3.120164300004918e-05,3.9329017074912294e-05,4.708271877851733e-05,5.735870898811437e-05,6.791495347615496e-05,8.388944734743763e-05,9.93968507546477e-05,0.00011761337885347881,0.00014134157442836651,0.00016394875288948,0.0001872098580002951,0.00021514186775183614,0.00024858554497943377,0.000288988870121713,0.0003477488505020452,0.00042734106558001497,0.0005137995104798519,0.0006099734370323986,0.0007246908550086274,0.0008658923022977722,0.0010365671578698975,0.0012401718911591406,0.0014914198517837882,0.0017916188930432433,0.0021545014745812407,0.002593613219855885,0.0031215655713971364,0.003757462529185564,0.004523537599311023,0.005452300278072966,0.006567525470092688,0.00790858890149151,0.009527337613781486,0.01148169082450762,0.013833631438252345,0.01666994486324035,0.020078724360995722,0.024192763750454305,0.029155506513132784,0.03514580158772456,0.04238659125273149,0.05114285592842194,0.061756412416404234,0.07466282257442608,0.09043287094958417,0.1098373035166447,0.13396696334540278,0.1645605946883687,0.2047344849946955,0.2620504552053472,0.3998721760236019,0.5409907614644202,0.6411159930887427,0.7134002041839255,0.7669957521391926,0.8083526891729225,0.8422007733243141,0.8725517511711943,0.9056536115971836,0.9351840983348739,0.9555092596247143,0.9695217867107064,0.9791839266324193,0.9858522969337052,0.99045678131044,0.9936428053658792,0.9958450434858886,0.9973667307997444,0.9984118924221532,0.9990285452528218,0.9994636867291519,0.9997600089195595,0.9999767388948891,1.0,1.0,1.0,1.0,1.0,1.0,1.0
0.6,1e-05,1.757812499999e-05,0.5,3.7367237125807406e-07,4.670904640725926e-07,4.670904640725926e-07,5.605085568871111e-07,6.539266497016296e-07,1.0275990209597037e-06,1.5881075778468148e-06,2.2420342275484446e-06,2.895960877250074e-06,3.269633248508148e-06,3.923559898209778e-06,4.764322733540445e-06,5.324831290427555e-06,6.91293886827437e-06,8.501046446121186e-06,1.0462826395226073e-05,1.2144352065887407e-05,1.5133731035952e-05,1.8683618562903705e-05,2.1953251811411852e-05,2.709124691621037e-05,3.400418578448474e-05,4.147763320964622e-05,5.063260630546904e-05,6.128226888632415e-05,7.370687523065511e-05,9.154973095822815e-05,0.00011537134462593036,0.0001427428458205843,0.00017282347170685926,0.00020827563792996903,0.0002471375645408087,0.0002890355791681203,0.0003404622392625127,0.00038193987247215895,0.0004348145130051764,0.0005090351877463114,0.0006052091142988582,0.0007235698378948532,0.0008636969771166309,0.0010312890356258772,0.0012394245464166244,0.0014887574361385743,0.0017909649663935417,0.002155622491695015,0.002595107909340917,0.0031216589894899507,0.0037590506367634106,0.00452512570688887,0.005450385207170268,0.0065696273771810145,0.007913306515178641,0.009527711286152743,0.01148715578293727,0.013836714235315224,0.01666718902950232,0.020084095901332557,0.02419215653285101,0.029158729437334885,0.03514916463906589,0.04238579719894257,0.051144444035999784,0.06175804723302849,0.07466529815388566,0.09044001743368447,0.10983912516945459,0.13397172766813634,0.1645640044487564,0.20474135122451737,0.2620703532591167,0.399874371348783,0.5409949652785968,0.6411137977635615,0.7133944122621709,0.7669896799631596,0.8083415724198775,0.842183210722865,0.8725306386822183,0.9056959299932286,0.9351964295231254,0.9555163593997682,0.9695263641972544,0.9791892514637097,0.9858545389679327,0.9904589299265748,0.9936441132191786,0.9958456974125384,0.9973680386530438,0.9984128266030813,0.9990290123432859,0.9994637801472447,0.9997601957557452,0.999976832312982,1.0,1.0,1.0,1.0,1.0,1.0,1.0
0.6,3e-05,5.273437499999e-05,0.5,3.7367237125807406e-07,4.670904640725926e-07,6.539266497016296e-07,6.539266497016296e-07,7.473447425161481e-07,9.341809281451852e-07,1.0275990209597037e-06,1.2144352065887406e-06,1.961779949104889e-06,2.709124691621037e-06,3.5498875269517037e-06,3.923559898209778e-06,4.8577408263549625e-06,5.978757940129185e-06,6.91293886827437e-06,8.781300724564741e-06,1.1116753044927703e-05,1.3732459643734222e-05,1.6815256706613334e-05,2.027172614075052e-05,2.4101867946145777e-05,2.8679354494057184e-05,3.456469434137185e-05,4.073028846713007e-05,4.951158919169482e-05,6.025466986536444e-05,7.29128214417317e-05,8.757946201361111e-05,0.00010355395588489377,0.00012424606344330964,0.00014722691427568118,0.000181604772431424,0.00022719280172490904,0.00028324365741362015,0.00034387199965024267,0.0004130948064258009,0.0004984789432582708,0.0006285636375024878,0.0007522491923889103,0.0008669666103651391,0.0010322232165540224,0.0012410593630408785,0.0014874962918855783,0.0017900307854653965,0.002155295528370164,0.0025919316941852236,0.003122219498046838,0.003759471018181076,0.004527227613977196,0.005452673950444224,0.006570328012877123,0.007921994397810392,0.009532288772700655,0.011488043254819008,0.01384292653848739,0.01666690877522388,0.020080172341434346,0.024192016405711787,0.029158449183056444,0.03515009881999403,0.04239074835786173,0.0511464992340417,0.06176215762911233,0.07467403274556382,0.09044482846546442,0.10984328227458483,0.133981209604557,0.16458483668345406,0.20476409853011768,0.26212906653045065,0.39985582785735935,0.5409753474791058,0.6411002988491498,0.713380306130156,0.7669722107798034,0.8083202730947158,0.8421576141654338,0.8724939253717421,0.9057634712743334,0.9352282850927751,0.9555378455611155,0.969540657165455,0.9792040115223744,0.9858626663420077,0.9904656560292574,0.9936485038695408,0.9958489670457868,0.9973694399244359,0.9984142278744735,0.9990297596880284,0.9994643406558016,0.999760756264302,0.9999770191491676,1.0,1.0,1.0,1.0,1.0,1.0,1.0
0.6,0.0001,0.00017578124999999002,0.5,6.539266497016296e-07,7.473447425161481e-07,7.473447425161481e-07,1.4012713922177777e-06,1.6815256706613333e-06,2.0551980419194075e-06,2.148616134733926e-06,2.2420342275484446e-06,2.8025427844355554e-06,3.082797062879111e-06,3.923559898209778e-06,5.231413197613037e-06,5.885339847314666e-06,6.91293886827437e-06,8.87471881737926e-06,1.0275990209597036e-05,1.2050933973072888e-05,1.5227149128766519e-05,1.8403364284460148e-05,2.2420342275484443e-05,2.6063647895250665e-05,3.101480681442015e-05,3.559229336233155e-05,4.2878904601864e-05,5.2033877697686816e-05,6.212303172165482e-05,7.333320285939703e-05,8.977478719475229e-05,0.00010855182385047052,0.00012938405854810814,0.00015792328590294354,0.00019164721740898473,0.00022873420025634858,0.0002778721170767853,0.0003345768994151981,0.00040067020008146994,0.0004808229237163268,0.0005809204101670834,0.0006956845371897194,0.0008403891629594085,0.001009662747139316,0.0012216751087818659,0.001464889113424465,0.001760931049553674,0.002182013102915116,0.002592071821324445,0.003116474285338745,0.0037578829106032293,0.004526433560188273,0.0054603809431014215,0.006568412941974426,0.007911531571415166,0.009525936342389268,0.011486922237705232,0.01384479490034368,0.016669384354683462,0.02008573071795681,0.02420117137880761,0.029166576557131306,0.035159534047368296,0.04240522816224798,0.05116294081837706,0.061782008973835414,0.07469491168930786,0.09047107894954531,0.1098835921816343,0.13402955346758852,0.1646520977102805,0.2048769008771912,0.26245346085774907,0.3994411449433557,0.5407741249071832,0.6409846472502454,0.7133024888588415,0.7669070983691116,0.8082562817011378,0.8420811981655115,0.8723722950148977,0.9058708086629774,0.935313015302958,0.955608656475469,0.9695927844612455,0.9792386696348085,0.9858948021659358,0.9904860211734909,0.9936613955663492,0.9958577483465114,0.9973764462813971,0.9984187119429286,0.9990335898298338,0.9994669563624003,0.9997624377899726,0.999978327002467,1.0,1.0,1.0,1.0,1.0,1.0,1.0
0.6,0.0003,0.00052734374999999,0.5,3.7367237125807406e-07,5.605085568871111e-07,7.473447425161481e-07,9.341809281451852e-07,1.0275990209597037e-06,1.3078532994032592e-06,1.6815256706613333e-06,2.0551980419194075e-06,2.5222885059919998e-06,2.895960877250074e-06,3.830141805395259e-06,4.484068455096889e-06,4.670904640725926e-06,6.0721760329437035e-06,7.380029332346963e-06,8.968136910193778e-06,1.064966258085511e-05,1.2331188251516444e-05,1.6161330056911703e-05,1.9898053769492444e-05,2.447554031740385e-05,2.9520117329387852e-05,3.577912954796059e-05,4.418675790126726e-05,5.2033877697686816e-05,6.333746692824355e-05,7.678967229353422e-05,9.369834709296207e-05,0.00011340956467682548,0.0001341483812816486,0.00015871733969186695,0.00019103999980569036,0.0002280335645602397,0.0002785727527728942,0.0003383136231277788,0.00040692921230004266,0.0004875957354453794,0.0005874596766640997,0.0007109116863184859,0.0008500579355657113,0.0010249833143608973,0.001232698443733979,0.0014912797246445664,0.0017950286534309733,0.0021605736506141843,0.002595621708851397,0.0031239944418103138,0.0037615729252694027,0.004528955848694265,0.005453141040908297,0.006580136912622648,0.007933251277994541,0.009552186826470148,0.01150299014966933,0.013858200396662563,0.016693346095490388,0.020114316654358054,0.02423218618562203,0.02920609241039185,0.03520755094707496,0.04246398814262831,0.05123421882319454,0.06186949501775621,0.07480397731266882,0.0906100383626069,0.11005893794184714,0.13427047872895717,0.16500629240918677,0.20548836900370865,0.26512512489415146,0.3960979916558025,0.538877550786863,0.6400668144883428,0.7128330629424485,0.7666389884427339,0.8080850463370088,0.8419506930898497,0.8722724310736789,0.9056296031473303,0.9353221702760537,0.9556909578152385,0.9696846144464821,0.9793193828670004,0.9859587935595138,0.9905329170560839,0.9937021258548164,0.9958841856667779,0.9973954101542384,0.9984317904759227,0.9990440526562291,0.9994742429736398,0.999767295530799,0.9999819703080868,1.0,1.0,1.0,1.0,1.0,1.0,1.0
0.6,0.001,0.0017578125,0.5,5.605085568871111e-07,5.605085568871111e-07,6.539266497016296e-07,8.407628353306667e-07,9.341809281451852e-07,1.1210171137742223e-06,1.5881075778468148e-06,1.8683618562903704e-06,1.8683618562903704e-06,2.5222885059919998e-06,2.9893789700645925e-06,4.297232269467852e-06,5.5583765224638515e-06,6.7728117290525926e-06,7.706992657197777e-06,9.014845956601037e-06,1.1350298276964e-05,1.3498914411697925e-05,1.6768547660206074e-05,2.0225017094343258e-05,2.4802503642254665e-05,3.022075302549674e-05,3.647976524406948e-05,4.348612220515837e-05,5.2734513393795704e-05,6.28236674177637e-05,7.384700236987689e-05,8.972807814834503e-05,0.00010813144243280518,0.00013111229326517675,0.00016007190203767748,0.00019458988733264207,0.00023461954010366325,0.0002807680779540354,0.0003382202050349643,0.0004077699751353733,0.0004900246058585568,0.0005894681656596118,0.0007106781410864497,0.0008600069624504575,0.001034465250781571,0.0012480190109555602,0.0014999208982299094,0.0018040902084339816,0.0021751935821396565,0.0026213583934217967,0.0031579519185483914,0.003801088778529944,0.004582157452552134,0.005518113324460794,0.0066452026142679605,0.008003875356162317,0.009644483902170892,0.011626068486952459,0.013992488905083434,0.016873269342251147,0.02032418039986587,0.024493336464085018,0.029518809476088446,0.035587856002922864,0.04292084932553772,0.05179304585441098,0.06255976130556269,0.07567580166386031,0.09171891112431524,0.11151644702593926,0.1362879358613795,0.16806727634739368,0.21132148813714,0.30101019055936373,0.3969253489948143,0.5139505208268865,0.6291188679371309,0.7081062008641267,0.7648018282294436,0.8077188474131759,0.8426522629668867,0.8753161793737615,0.9041795675106633,0.9321688425530996,0.9545690999386289,0.9693697954736972,0.9793150856347309,0.9860494091095439,0.990645672694111,0.9937975057275801,0.9959634976275775,0.9974559450783822,0.9984787797766084,0.9990774963334567,0.9994985316777717,0.9997846712960625,0.9999926199706677,1.0,1.0,1.0,1.0,1.0,1.0,1.0
0.7,1e-06,3.767781622452902e-06,0.5,3.7594393059435935e-07,4.699299132429492e-07,8.458738438373086e-07,9.398598264858984e-07,1.2218177744316679e-06,1.5977617050260273e-06,1.785733670323207e-06,2.0676916182689766e-06,2.8195794794576954e-06,3.1955234100520546e-06,3.947411271240773e-06,4.699299132429492e-06,5.92111690686116e-06,7.236920663941418e-06,8.928668351616035e-06,1.0620416039290653e-05,1.2453142700938154e-05,1.5789645084963092e-05,1.8985168495015146e-05,2.330852369685028e-05,2.7067963002793875e-05,3.266012897038497e-05,3.970907766902921e-05,4.71339702982678e-05,5.719047044166692e-05,6.987857809922654e-05,8.726598488921567e-05,0.00010939968380295858,0.00013576275193588803,0.00016978567765467756,0.000210810559080787,0.000260999073815134,0.00031983429895315126,0.0003910756738007823,0.00046960096230367915,0.0005735964521043438,0.0006934285799812959,0.0008377910493295299,0.0010100203625330708,0.0012214418305010735,0.001476002864504779,0.001779060665555157,0.0021464518717284947,0.002580056202677764,0.00310520288072676,0.003737493578995148,0.004503385351598507,0.005412746726714938,0.006520418525219893,0.007858496960187866,0.00945282817684722,0.011377661101490341,0.013712272910481313,0.01652358162346593,0.019910601473164487,0.023995561230011474,0.02892272937737247,0.0348693164855314,0.042052900104319745,0.050748154268028006,0.06129526124085276,0.07413177276501451,0.08982799578322491,0.10917280164084488,0.1332993793306685,0.16400647958161577,0.20456382773703982,0.26321169181864706,0.3635355722141533,0.47517127653030444,0.5998048193098336,0.6893678686079722,0.7532116537543241,0.7996203812174841,0.8343559086567152,0.8614616540245338,0.8839006194099194,0.9040789399546584,0.9255279509848062,0.9483141005900957,0.964558637831078,0.9757642105983387,0.9834970952927168,0.9888343712753649,0.9925216293466343,0.9950732547895609,0.9968448905624868,0.9980166138081669,0.9987948177444972,0.9993729255237687,0.9998054490159174,1.0,1.0,1.0,1.0,1.0,1.0,1.0,1.0,1.0
0.7,3e-06,1.1303344867350001e-05,0.5,1.0338458091344883e-06,1.4097897397288477e-06,1.5977617050260273e-06,1.6917476876746172e-06,1.8797196529717968e-06,2.1616776009175663e-06,3.1955234100520546e-06,3.477481357997824e-06,4.0413972538893635e-06,4.981257080375261e-06,5.92111690686116e-06,6.954962715995648e-06,9.022654334264626e-06,1.0526430056642062e-05,1.3064051588153988e-05,1.5319715171720144e-05,1.8327266616475018e-05,2.1334818061229895e-05,2.5940131211010795e-05,3.129733222198042e-05,3.674851921559863e-05,4.285760808775697e-05,5.1598304474075824e-05,6.127886068688058e-05,7.274515057000854e-05,8.78768937764315e-05,0.00010705003423674382,0.0001267870905929477,0.00015385505359574158,0.00018186287642502134,0.0002184234236753228,0.00026095208082380967,0.000318048565282828,0.00038863203825191897,0.0004729374646877041,0.0005703539357029675,0.0006917368322936213,0.000837180140442314,0.0010112421803075023,0.0012206429496485606,0.0014744990887824018,0.001781410315121372,0.0021467808226677647,0.0025830167611311946,0.0031068946284144344,0.0037367886841252833,0.004497699199648267,0.005413216656628181,0.006523097125725378,0.007856194303612975,0.009449585660445844,0.011375828374828693,0.01371246088244661,0.016526871132858632,0.019912293220852164,0.02399823983051696,0.02892338727925101,0.03487072627527113,0.04205614262072112,0.05075130279844673,0.06129497928290481,0.07413120884911861,0.08982771382527696,0.10917336555674077,0.13329952030964246,0.1640028611212838,0.20456124312251697,0.26322635363194025,0.3635363241020145,0.4751843405818926,0.5997970654662652,0.6893632163018311,0.7532060615883566,0.799617467652022,0.8343526191473225,0.8614574246553146,0.8838962960547175,0.9040724549218556,0.9255070860966583,0.9483178600294017,0.9645640890180716,0.9757676880796967,0.9834995389282656,0.9888350291772434,0.9925227571784261,0.9950741946493874,0.9968449845484695,0.9980170837380801,0.9987950057164624,0.9993731134957339,0.9998054490159174,1.0,1.0,1.0,1.0,1.0,1.0,1.0,1.0,1.0
0.7,1e-05,3.767781622452e-05,0.5,5.639158958915391e-07,6.579018785401289e-07,9.398598264858984e-07,1.0338458091344883e-06,1.2218177744316679e-06,1.5037757223774374e-06,1.9737056356203865e-06,2.349649566214746e-06,2.913565462106285e-06,3.947411271240773e-06,4.511327167132313e-06,6.0151028895097495e-06,7.142934681292828e-06,9.210626299561805e-06,1.1466289883127961e-05,1.3346009536099758e-05,1.607160303290886e-05,2.0770902165338355e-05,2.5282229332470667e-05,3.073341632608888e-05,3.9380126729759146e-05,4.71809632895921e-05,5.714347745034263e-05,6.94556411773079e-05,8.374151053989355e-05,0.00010094094536458549,0.00012274569333905834,0.00014544330814869277,0.00017415602584783696,0.00020761503567073497,0.0002452564217214952,0.0002914035392019528,0.0003423439417974885,0.000405361543163368,0.000479140539542511,0.0005761340736358557,0.0006992087179141841,0.0008391538460779344,0.0010167403602924449,0.0012241674239978828,0.0014804202056892628,0.001787331432028233,0.002142692432422551,0.002580385153617034,0.003103840083978355,0.003736083789255419,0.004501881575876129,0.005412511761758316,0.006534892366547776,0.007871138074854102,0.009456446637179192,0.011372538865435992,0.013706915709470342,0.016524239525344472,0.019909661613338,0.023998850739404172,0.028926629795652387,0.03487284095988072,0.042054544859016094,0.05074984601571568,0.06129413340906097,0.07413393444261543,0.08983053340475641,0.10917280164084488,0.13330140002929544,0.1640078893713555,0.20457750269751518,0.2632577919431362,0.3635452527703661,0.47524054419951645,0.5997736629565856,0.6893417405047959,0.753193091522751,0.799603839684538,0.8343357956564285,0.8614424808840735,0.8838730815170033,0.9040481125523496,0.9254318033245568,0.9483406046372026,0.9645778109715383,0.9757755829022392,0.9835069638208949,0.9888406683362023,0.9925261406738015,0.9950770142288669,0.9968464883241919,0.9980175536679933,0.9987964155062021,0.9993735834256472,0.9998060129318133,1.0,1.0,1.0,1.0,1.0,1.0,1.0,1.0,1.0
0.7,3e-05,0.00011303344867358,0.5,1.3158037570802578e-06,1.4097897397288477e-06,1.8797196529717968e-06,2.1616776009175663e-06,2.4436355488633358e-06,3.0075514447548748e-06,3.477481357997824e-06,4.135383236537953e-06,5.075243063023852e-06,6.10908887215834e-06,6.673004768049879e-06,7.612864594535777e-06,9.398598264858984e-06,1.0244472108696292e-05,1.2500135692262448e-05,1.4097897397288476e-05,1.691747687674617e-05,2.0019014304149637e-05,2.443635548863336e-05,2.9088661629738555e-05,3.529173648454549e-05,4.299858706172985e-05,4.9859563795076914e-05,6.0761937782313335e-05,7.345004543987296e-05,8.820584471570156e-05,0.0001054992655230421,0.00012946569109843252,0.00015991714947657563,0.0001951618929697968,0.0002349179636301503,0.00028012522128412204,0.0003342141542983855,0.00040592545905925953,0.0004931444509571509,0.0005949312701655737,0.0007227522065676559,0.0008788159307556394,0.0010421635685988885,0.0012269870034773403,0.00147995027577602,0.001782867097852425,0.0021432563483184427,0.002578176483024792,0.0031017723923600863,0.0037366477051513107,0.00449619542392589,0.005419372738491663,0.0065345164226171815,0.007858684932153163,0.009454378945560922,0.011377567115507692,0.01370809053425345,0.016524380504318443,0.019915488744262213,0.024004442905371765,0.028921601545580686,0.03487420375662913,0.042054356887050795,0.05075294755314308,0.061299819561011215,0.0741373649309821,0.08983908612917743,0.10918473786064126,0.13331883442907674,0.1640340174745318,0.20461537904852256,0.2633966092395082,0.3635913059018639,0.4755195885820001,0.5996382291555891,0.6892583749381866,0.7531329404938559,0.7995544030576648,0.8342889906370694,0.861396615724541,0.8838249606938873,0.9039809125747559,0.9252071768260266,0.9483815825256374,0.9646123038271703,0.9758011470895196,0.9835248211575981,0.9888579617570097,0.9925359152159969,0.9950865068131144,0.9968517515392202,0.9980218770231951,0.9987986711697857,0.9993756511172655,0.9998076106935183,1.0,1.0,1.0,1.0,1.0,1.0,1.0,1.0,1.0
0.7,0.0001,0.00037677816224529,0.5,5.639158958915391e-07,5.639158958915391e-07,6.579018785401289e-07,8.458738438373086e-07,1.1278317917830782e-06,1.5037757223774374e-06,1.785733670323207e-06,2.349649566214746e-06,3.0075514447548748e-06,3.618460331970709e-06,4.934264089050967e-06,5.5921659675910955e-06,6.907969724671354e-06,8.3177594644002e-06,9.445591256183279e-06,1.1889226805046614e-05,1.452083431920713e-05,1.7904329694556364e-05,2.2133698913742906e-05,2.7772857872658298e-05,3.397593272746523e-05,4.140082535670382e-05,4.8167816107402294e-05,5.9540120007881666e-05,7.279214356133283e-05,8.811185873305298e-05,0.00010587520945363645,0.000128431845289298,0.00015573477324871336,0.00018900581110631418,0.00022965474860182927,0.000274862006255801,0.00032857499533947007,0.0003976546925861836,0.0004805503292822399,0.0005775908563669089,0.0006950733346776462,0.0008356293717286123,0.0010064019022011,0.0012129830920627005,0.0014684839858928919,0.0017721526958304858,0.0021391679580732292,0.0025824998382266273,0.003131377976894392,0.003738621410786931,0.004502727449719967,0.005412840712697586,0.0065153902751481935,0.007849427312862279,0.009459360202641298,0.011402849344840163,0.013717630111492282,0.016535094906340385,0.01992606216731018,0.024014217447567217,0.02894209048979808,0.034890745289575274,0.04207968610937459,0.05078076740400706,0.061338635771845076,0.0741824312096621,0.08989496079586203,0.10925837587804642,0.1334189295005975,0.16418087057242023,0.20487745896113815,0.2644587918224112,0.3639465729162755,0.47821989984947677,0.5982781580006813,0.688566356147945,0.7527539890118168,0.7993229155824013,0.834131846074081,0.8612601480777352,0.883704658636097,0.9038483923392213,0.9249261587379074,0.9483438941465953,0.9646485824164727,0.9758544371416814,0.9835749156863498,0.9888946162902427,0.9925717238753861,0.9951084995330541,0.9968696088759235,0.9980339072289741,0.9988086336839465,0.9993817602061376,0.9998122160066681,1.0,1.0,1.0,1.0,1.0,1.0,1.0,1.0,1.0
0.7,0.0003,0.0011303344867358701,0.5,1.2218177744316679e-06,1.4097897397288477e-06,1.5977617050260273e-06,1.8797196529717968e-06,2.0676916182689766e-06,2.4436355488633358e-06,3.101537427403465e-06,3.3834953753492344e-06,4.229369219186543e-06,5.075243063023852e-06,6.10908887215834e-06,7.142934681292828e-06,8.552724421021676e-06,9.680556212804754e-06,1.184223381372232e-05,1.4473841327882836e-05,1.66355189288004e-05,2.0300972252095407e-05,2.424838352333618e-05,2.8665724707819902e-05,3.552670144116696e-05,4.191774826127107e-05,5.018851473434698e-05,6.137284666952917e-05,7.434291227503457e-05,8.942766249013324e-05,0.00010690905526277094,0.00012716303452354205,0.0001545129554742817,0.00018510539282639768,0.00022368663870364383,0.0002713375319064789,0.0003235937382590948,0.0003883030873126489,0.00046781522863335596,0.0005715287604860748,0.0006922067622068641,0.0008336086731016676,0.0009956875001791608,0.0012039134447371115,0.0014580515418188985,0.0017597465461208718,0.002121921530257213,0.0025600371883736143,0.003094394492722172,0.003735707845324825,0.0045037612955291005,0.005423132177797607,0.006530991948267859,0.007868083530418023,0.009520075147432286,0.011439174927133842,0.013784078201224835,0.01661098858732912,0.019999841163689323,0.02409927476186419,0.029049798425913365,0.0350209628685349,0.04224054311867765,0.050978090974577776,0.06158135457203506,0.07448722775139148,0.0902765438854153,0.10976082494128578,0.13410601402675001,0.165208090369778,0.2067979215375881,0.273222373795505,0.3669848577773565,0.48282850250865034,0.5865753053992269,0.6828596212675053,0.7501052760488143,0.798104481303345,0.8335995094683594,0.8610989621174929,0.8838003363664333,0.9043999960713859,0.9258415822089047,0.9464783663770034,0.9639467890840356,0.9756395851853467,0.9835469078635205,0.9889372859263651,0.9926248259555825,0.995159345949667,0.9969119025681152,0.998067648196745,0.9988326940955046,0.9993999934867714,0.9998267838339786,1.0,1.0,1.0,1.0,1.0,1.0,1.0,1.0,1.0
0.7,0.001,0.0037677816224529004,0.5,3.7594393059435935e-07,4.699299132429492e-07,6.579018785401289e-07,1.1278317917830782e-06,1.5037757223774374e-06,1.8797196529717968e-06,2.6316075141605156e-06,3.101537427403465e-06,4.417341184483722e-06,4.981257080375261e-06,6.2970608374555194e-06,7.518878611887187e-06,9.304612282210394e-06,1.1184331935182191e-05,1.3346009536099758e-05,1.5319715171720144e-05,1.813929465117784e-05,2.1898733957121434e-05,2.6692019072199516e-05,3.1579290169926184e-05,3.693649118089581e-05,4.379746791424287e-05,5.329005216175044e-05,6.362851025309532e-05,7.68335408152222e-05,9.403297563991414e-05,0.00011334709507419935,0.0001367496047536982,0.00016409952570443787,0.00019558482989171546,0.0002369856552484193,0.0002866102540868747,0.00034727820588653944,0.00041485412741087556,0.0005032949370831986,0.0006039539244998383,0.0007282973795439227,0.0008753854423889657,0.0010553685991610154,0.0012743559387322296,0.0015326294190505544,0.0018436290356347383,0.0022221575807519337,0.002677378687710379,0.0032250350086037117,0.003887495207302297,0.004684496340162339,0.005641132664551011,0.006793447804814046,0.008182795593316826,0.00985908258684575,0.011877948487128785,0.014313172290545071,0.01724243341175367,0.02077851502993289,0.025033213471443227,0.03017499861018228,0.03639696464750158,0.04390592773821934,0.05303356441510244,0.06411385386749265,0.07765652907228457,0.09432437917911608,0.11510529085160652,0.14161826662686047,0.17751259423915738,0.2431122725063416,0.3244911164214236,0.4016758828538035,0.47910675158174887,0.5600567844509966,0.6333320159631433,0.7032566471938676,0.780444233205727,0.8294854610498826,0.8638051945018764,0.8908598114951342,0.9111804268176031,0.9272231761538389,0.9406419308405086,0.9528007094437915,0.9657286693290702,0.9806456545651412,0.9880157533664956,0.9923735074379801,0.9951421465148423,0.996968388143687,0.9981416151650895,0.9989001760310462,0.9994517797632108,0.9998674797644654,1.0,1.0,1.0,1.0,1.0,1.0,1.0,1.0,1.0
0.8,1e-06,9.876543209876548e-06,0.5,1.0369905854452903e-06,1.225534328253525e-06,1.508349942465877e-06,1.885437428082346e-06,2.0739811708905807e-06,2.4039327208049914e-06,2.969563949229695e-06,3.9122826632708685e-06,4.9492732487161585e-06,6.3633513197779185e-06,7.965973133647912e-06,1.0039954304538493e-05,1.2019663604024956e-05,1.4753547874744359e-05,1.786451963108023e-05,2.2295297587073743e-05,2.6726075543067256e-05,3.143966911327312e-05,3.84157875971778e-05,4.690025602354836e-05,5.576181193553538e-05,6.754579586105005e-05,8.328919838553763e-05,0.00010530168035839903,0.0001288225122737263,0.00016228902662218794,0.0002029202031973625,0.0002548168684053291,0.0003157164973323889,0.0003798213698871886,0.0004566529450815442,0.0005485680197005586,0.0006647109652704311,0.00081007819097558,0.0009752896456112956,0.0011768429066732983,0.001419263023988986,0.0017094789801065612,0.0020623857307078743,0.0024865620160907003,0.0029930376452093205,0.003608962917028121,0.004348007252900699,0.005248445032617125,0.006340160439412506,0.007600009728857129,0.00909082510324184,0.010964997042691394,0.013234545210809816,0.015954901467982726,0.019227879435326573,0.023165426960133746,0.027920594425628827,0.03365972454890438,0.04058842428149279,0.0489825802550582,0.05918072275981281,0.07158152753992461,0.08676509655607885,0.10547297234874031,0.1288089371242441,0.15844754213434156,0.19726077994135913,0.2509955109620275,0.3300522794090059,0.4111654944587937,0.48781116552274034,0.5615655182907228,0.6359885414425746,0.7196777353784799,0.782353964858086,0.8267925466395943,0.8588158057727946,0.8824690896674446,0.9005493976121689,0.915057131582227,0.9274615186934522,0.9389542496722638,0.9511441682760446,0.9657656883948875,0.9766037483627332,0.9840855411648496,0.9892444750555686,0.9928289272860316,0.9952989917246265,0.9969644457407875,0.9981657993340258,0.9990682639589774,0.9997791681412359,1.0,1.0,1.0,1.0,1.0,1.0,1.0,1.0,1.0,1.0,1.0
0.8,3e-06,2.962962962962e-05,0.5,1.8383014923802875e-06,2.1211171065926392e-06,2.686748335017343e-06,3.346651434846164e-06,3.9122826632708685e-06,4.760729505907924e-06,5.420632605736745e-06,6.2690794483738005e-06,7.117526291010856e-06,8.4373324906685e-06,1.0511313661559079e-05,1.2302479218237309e-05,1.4942091617552593e-05,1.8760102409419344e-05,2.1493986680138745e-05,2.441641469366638e-05,2.828156142123519e-05,3.469204867671517e-05,4.1008264060791026e-05,4.713593570205865e-05,5.6845938456682734e-05,6.825283489658093e-05,8.314779057843146e-05,0.00010096517427380964,0.00012330760779658543,0.0001541345097457318,0.00018995782087929638,0.0002402047283376909,0.00030002023074360333,0.0003786901074303392,0.00046240352923719537,0.0005522446226853191,0.0006633911590707735,0.0008085227050974121,0.0009722729457263638,0.0011726949443315172,0.0014202057427030272,0.00170693363957865,0.0020591333511444324,0.0024826497334274294,0.0029938860920519575,0.0036038722359722983,0.004345084824887171,0.005240809011033391,0.006329319174201032,0.007611982256525452,0.009091343598534562,0.010959057914792935,0.013233413948352967,0.015953723069590177,0.01922575831821998,0.023159487832235287,0.02790947034480314,0.03365604794591962,0.040591111029827806,0.048998087977904184,0.05918039280826289,0.07158407288045252,0.08676292830303656,0.10547179395034775,0.12881020979450805,0.15845432970908266,0.19725955440703088,0.2509966422244843,0.3300525622246201,0.41115380474673957,0.48780720610414136,0.561575605380963,0.6360106953323545,0.7196561471199283,0.7823391641742755,0.826779631393212,0.858810526547996,0.8824575884991334,0.9005399232890928,0.9150461489092084,0.9274433242222712,0.9389368093760541,0.9510977865153138,0.9657766239319704,0.9766168992887941,0.9840920459239765,0.9892498485522386,0.9928327924327591,0.9953015370651545,0.9969662369063441,0.9981666477808684,0.9990688295902058,0.9997797337724643,1.0,1.0,1.0,1.0,1.0,1.0,1.0,1.0,1.0,1.0,1.0
0.8,1e-05,9.876543209875999e-05,0.5,1.9797092994864636e-06,2.2625249136988153e-06,2.2625249136988153e-06,2.545340527911167e-06,2.9224280135276363e-06,3.676602984760575e-06,4.619321698801748e-06,5.6563122842470385e-06,6.9761184839046806e-06,8.673012169178793e-06,1.0275633983048787e-05,1.2820974510959954e-05,1.574340252448759e-05,1.847728679520699e-05,2.1776802294351098e-05,2.6396123993152845e-05,3.3089426862845175e-05,4.1479623417811617e-05,4.8550013773120415e-05,5.8542832141956846e-05,7.042108793887563e-05,8.409050929247263e-05,0.00010228498047346728,0.00012486309367475338,0.0001489024208828033,0.00018156762432432994,0.0002211618103140592,0.0002679206585305014,0.0003180261581817897,0.00038043413705131536,0.0004522693030612528,0.0005334373843401978,0.0006418029005192306,0.0007984827507928736,0.0009699161489412609,0.0011783512566157642,0.0014153036053900132,0.0017064151442859274,0.0020571536418449456,0.002480198664770922,0.002996902791936889,0.0036026467016440447,0.004341596765645219,0.005246135371767724,0.006320457618289045,0.0075917609401092686,0.009099121027925402,0.01096608116921254,0.013236383512302196,0.01595452438049711,0.019224579919827428,0.02316603972729787,0.027918991803814956,0.033655670858434,0.04059587175933372,0.048988566518892364,0.059181429798848335,0.07159180317390766,0.086770611460556,0.10547910002038158,0.12881737445673477,0.15845494247624678,0.19728180256868225,0.2510501886474419,0.33006519465538825,0.4111728476647632,0.48782964280953556,0.5616158594700525,0.6361731257667839,0.7194963562978983,0.7822436667685432,0.8267211828329414,0.8587584884749809,0.8824186542162434,0.9005025916280168,0.91501268239486,0.9274006190645251,0.9388864681967243,0.950975468762167,0.9658110803009686,0.9766395716738668,0.984110004715479,0.9892717196264044,0.9928442464651348,0.9953090316789311,0.996972741665471,0.9981716441900529,0.9990719876978978,0.9997826090645421,1.0,1.0,1.0,1.0,1.0,1.0,1.0,1.0,1.0,1.0,1.0
0.8,3e-05,0.00029629629629629,0.5,1.3198061996576423e-06,1.508349942465877e-06,2.0739811708905807e-06,3.016699884931754e-06,3.393787370548223e-06,4.053690470377044e-06,4.855001377312041e-06,5.844856027055273e-06,7.070390355308798e-06,8.107380940754088e-06,9.8042746260282e-06,1.1406896439898194e-05,1.5083499424658768e-05,1.8335878988100814e-05,2.2530977265584035e-05,2.7527386450002254e-05,3.422068931969458e-05,4.110253593219515e-05,5.0246907458394526e-05,6.071108518425155e-05,7.145807852432092e-05,8.748429666302085e-05,0.00010633867094384432,0.00012787979355968513,0.00015328606290309474,0.00018458432420926168,0.00022007768379291186,0.0002652810461311861,0.0003173191191462589,0.0003834037010005451,0.00045999959651639037,0.0005532344773350624,0.0006744209680250552,0.0008148389204814879,0.0009816058609953715,0.0011836304814143949,0.0014171890428180955,0.001688597760590549,0.00205564529190248,0.002481659878777686,0.0029932261889521286,0.0036160333073834297,0.0043507411371714174,0.0052372266799200345,0.006281287655720634,0.007563243699009523,0.00912905234709621,0.010970983306525555,0.013233838171774285,0.01595216758371201,0.019224721327634534,0.023168349388147273,0.027925873650427455,0.03366377823937476,0.04060496899492421,0.049008976379051356,0.059197880240408354,0.07160919633418172,0.08678974865045103,0.10551002119420214,0.12885150087418307,0.1585143808911671,0.19739464599875298,0.2512777138090757,0.33013599283081274,0.41127277584845157,0.487986982562909,0.5619198862553308,0.6375770696116696,0.718312395864934,0.7816511680567683,0.8264004699264246,0.8585737156070289,0.882295629424061,0.9004144474282539,0.9149346252853374,0.9273340631233138,0.9388157642931712,0.9508821396094769,0.9657069570190028,0.9766291546320767,0.9841329599161659,0.9892913753115921,0.992870171229771,0.9953296300828329,0.9969899934179379,0.9981828154068142,0.9990807078460028,0.9997893495033475,1.0,1.0,1.0,1.0,1.0,1.0,1.0,1.0,1.0,1.0,1.0
0.8,0.0001,0.00098765432098765,0.5,1.1312624568494077e-06,1.9797092994864636e-06,2.45106865650705e-06,3.016699884931754e-06,3.2052436277399885e-06,3.4880592419523403e-06,4.807865441609983e-06,6.127671641267625e-06,7.541749712329384e-06,9.427187140411731e-06,1.1454032375600252e-05,1.3810829160703185e-05,1.7016072788443175e-05,2.1446850744436687e-05,2.4227870950858146e-05,2.8517241099745486e-05,3.4079281512588404e-05,4.152675935351367e-05,5.114249023673364e-05,6.108817266986801e-05,7.306070033819092e-05,8.701293730600027e-05,0.00010577303971541961,0.00012764411388117483,0.00015601994717381415,0.0001901463646221046,0.0002283264725407721,0.00027777206909223163,0.0003358435418771679,0.0004009382690817109,0.00048031518480397766,0.0005689307439238479,0.0006859692722720595,0.0008264343606641944,0.0009886291154149781,0.0011833948017358844,0.001418461713082051,0.001702927085043975,0.0020424000939702016,0.002458516134347975,0.0029554703044547795,0.0035637124187541443,0.004298231704799324,0.005195605648695117,0.00627501857627226,0.007584831957561066,0.009152903130561451,0.01103885905393652,0.013297518820907767,0.015952827486811837,0.01924630958618608,0.02320921624440096,0.027979184393706485,0.03373759311468418,0.04069966508974965,0.049127004762049314,0.059337449746022154,0.07179085823037745,0.087013455801293,0.10579703190669196,0.12923961816875382,0.15907732537125677,0.1983270419428754,0.2537549900458331,0.3308231405014773,0.4124254380201097,0.48978521850994255,0.5654990592609953,0.6436619418233198,0.711037341276807,0.7749936884982095,0.823370289163882,0.857200457256285,0.8816964845453522,0.9002018643582377,0.9149454665505489,0.9275404242498174,0.9394052934409969,0.9521192693779131,0.9636405175978245,0.9755597345228684,0.9837449840294022,0.9891862150390408,0.9928625352081871,0.9953611168878819,0.9970313316335486,0.998214490755606,0.9991084237761956,0.9998071197511071,1.0,1.0,1.0,1.0,1.0,1.0,1.0,1.0,1.0,1.0,1.0
0.8,0.0003,0.0029629629629629598,0.5,1.9797092994864636e-06,2.545340527911167e-06,2.8281561421235192e-06,3.4880592419523403e-06,4.053690470377044e-06,4.807865441609983e-06,5.467768541438803e-06,6.599030998288211e-06,8.107380940754088e-06,9.427187140411731e-06,1.0888401147175549e-05,1.3150926060874365e-05,1.6356169688614353e-05,2.0221316416183163e-05,2.3520831915327267e-05,2.757452238570431e-05,3.3042290927143114e-05,4.162103122491779e-05,5.085967462252129e-05,6.198375544820713e-05,7.329638001670121e-05,8.828560756995585e-05,0.0001076113412077999,0.0001283511529167057,0.00015437018942424208,0.0001882137912583202,0.00022450846174890536,0.00027263425210070723,0.0003300458217858147,0.00039518768492605974,0.0004780055239545768,0.0005723245312943962,0.0006934638860486869,0.000831760721398527,0.0010011201383760236,0.0012066799539727016,0.0014550863351225506,0.0017515713706884996,0.0021092388507957206,0.0025437379060972974,0.003064967083090662,0.0036922992513493606,0.004445625775739662,0.005363645259472956,0.006468935815750529,0.007800950222755005,0.00939419198542029,0.011273266062182858,0.013558651904697171,0.01631676404636743,0.019638197755612995,0.023649230204179677,0.02846223346278118,0.034382177035409835,0.041496545218728656,0.05010370848573167,0.06055087013880025,0.07327417899098554,0.08890393677449546,0.10824409400866435,0.1325551598860366,0.16400892264408465,0.20783304036778097,0.2719780727397989,0.3427094565434012,0.42426485380601,0.5107603328098731,0.5847474899642879,0.6473075293623884,0.7008672917897307,0.7476193995673676,0.7898284515901685,0.8311922620139601,0.875355805610647,0.8999498285100387,0.9180823630715209,0.9332574004833131,0.9448201754625779,0.9540345909892306,0.9617548444900637,0.9686446570756979,0.9754333630792511,0.9839803337563626,0.9917245323125323,0.9950369159221232,0.9969756169575488,0.9982412639670848,0.9991535800025981,0.9998469967527112,1.0,1.0,1.0,1.0,1.0,1.0,1.0,1.0,1.0,1.0,1.0
0.8,0.001,0.00987654320987654,0.5,1.885437428082346e-06,2.168253042294698e-06,2.6396123993152846e-06,3.110971756335871e-06,3.5823311133564574e-06,4.525049827397631e-06,6.033399769863508e-06,7.636021583733501e-06,9.427187140411731e-06,1.1595440182706428e-05,1.4423596324829948e-05,1.6686121238528764e-05,1.9042918023631697e-05,2.2530977265584035e-05,2.6678939607365198e-05,3.176962066318753e-05,3.818010791866751e-05,4.638176073082571e-05,5.491336509289833e-05,6.622598966139241e-05,7.914123604375647e-05,9.559167760377494e-05,0.0001143517800131943,0.00014027654464932656,0.00017063208724145233,0.00020527699998246544,0.00024435269067947204,0.00029591940433752425,0.00035766748010722106,0.00043214225851647374,0.000523208886292851,0.0006311501790505653,0.0007553062336897879,0.0009151913275911708,0.0010993042924434119,0.0013310245523547321,0.001597531132814172,0.001925502973429096,0.002323377406690173,0.0027997803088308797,0.0033902521753705686,0.004095735725023281,0.004938196303826175,0.0059090551714814765,0.007048330737400235,0.008457129583663363,0.010249237859055634,0.012444546928443313,0.015036881984249432,0.01817109175688642,0.02196049103578202,0.02643783929624917,0.03186804049693343,0.03841376075194261,0.0463402339714722,0.055957426068698926,0.06771968032785494,0.08214106126370689,0.10001496094599183,0.12255923054544385,0.1521155362118055,0.20438693210860345,0.2819966273295286,0.3569080730471252,0.42452938067716994,0.49084728541318134,0.5536695420215924,0.6086430525684465,0.6579815091380553,0.7019047537345331,0.7399646178812246,0.7729996027383339,0.8016913882079841,0.8266508088809382,0.8484652256519796,0.8676448378891473,0.8847042757384362,0.9001514760429722,0.9147555558656053,0.9306815158690669,0.9415865560015453,0.9496375623631997,0.9560133104340673,0.9613143591709279,0.9658634483255336,0.9699594668661711,0.973989919320247,0.9786825373990654,0.9837337185407695,0.986786854503999,0.9892352364121709,0.9914691498128986,0.9938609214622924,0.9982807638812031,0.9985900698912801,0.9988802387114619,0.999156455294676,0.9994127805130237,0.9996394100918793,0.9998244657754455
0.9,1e-06,4.487534626038e-05,0.5,6.799379216677518e-06,7.5548657963083525e-06,8.876967310662315e-06,1.0765683759739403e-05,1.4165373368078162e-05,1.690401221923994e-05,2.124806005211724e-05,2.634759446462538e-05,3.2013743811856644e-05,3.900199467344187e-05,4.745400078306184e-05,5.642540391617801e-05,6.898536830254065e-05,8.187585806749177e-05,9.77410762397393e-05,0.00011823364971222572,0.00014325914266249712,0.00017569784767539613,0.00021243338260994548,0.0002592735505470573,0.00031338527681311584,0.0003808124540451679,0.00046287718375756737,0.0005641123854280993,0.0006921673606755258,0.0008351431958706615,0.0010096605957653844,0.00122332164406723,0.0014715934212984132,0.0017769516532029515,0.002126930811216936,0.0025551972660451654,0.0030567931370088135,0.003645789361653503,0.004346692035906011,0.005138347535536672,0.006051116977464402,0.007039529513177669,0.0081844694246082,0.009669331078961379,0.011714999864956773,0.014313495955597031,0.01738974287203134,0.02103128262167442,0.02537089197089639,0.03061009696481378,0.036928561755645045,0.0445490132306476,0.05380259060125588,0.06502775185514452,0.07872741496479149,0.09556145023959313,0.11639323718633378,0.14259629762469353,0.1761200702375873,0.22019832089330243,0.2806506571505577,0.3551789360520273,0.42363064752188123,0.48598265478361824,0.5426786645490378,0.5941639417210097,0.6409093433102891,0.6834489983286748,0.722361373406608,0.7582998699996468,0.7921396248744712,0.8253924611127449,0.8627377681528787,0.8929035445730471,0.9142036859812477,0.9294662619525059,0.9406398612473348,0.949103152437738,0.9557953469959304,0.9614070068736058,0.9664616370525371,0.9714218786269259,0.9769768770111289,0.9841269436544888,0.9893246913223489,0.9929657116749685,0.9956395203340157,0.9976684739794368,0.9992730330387503,1.0,1.0,1.0,1.0,1.0,1.0,1.0,1.0,1.0,1.0,1.0,1.0,1.0,1.0,1.0
0.9,3e-06,0.00013462603878116,0.5,8.97140313311617e-06,1.0765683759739403e-05,1.2371092741454928e-05,1.435424501298587e-05,1.803724208868619e-05,2.0209266005124844e-05,2.4175570548186727e-05,3.00305915403257e-05,3.626335582228009e-05,4.3157170861411466e-05,5.13730874148968e-05,6.128884877255151e-05,7.41321206262757e-05,8.8864108929077e-05,0.0001070902226626709,0.00013079361409858837,0.00015733008020812143,0.0001907603613567859,0.00023061227843231246,0.00027834958668273587,0.00033038372485480965,0.0003941751229223883,0.00046873220474970636,0.0005659538839659495,0.0006835737008322251,0.0008160199418237559,0.000982085335608859,0.001193385488349358,0.0014414683939356337,0.0017367219928376095,0.0020914701598855135,0.00250764882943965,0.0030003677330926355,0.003594557927972287,0.00428861400509689,0.005093679391515999,0.006016128505245249,0.007067199209156648,0.008257373879542576,0.009727456327681728,0.011751499310335188,0.014323317281132232,0.017408393946965976,0.021063485237131183,0.02539997820421218,0.03061911558585812,0.03693441677663718,0.04455911786365016,0.05380608472668667,0.06502199126997484,0.07873487539476534,0.09556263068737379,0.11642369273907514,0.14259790303367526,0.176089000852,0.2202610262794118,0.28073262744444766,0.35518365784315004,0.42365751451336936,0.4860114577094667,0.5426910356417792,0.5941846231661272,0.6409367769167119,0.6834845061979175,0.7224020752460856,0.7583605450155734,0.792247565019536,0.8257070740552499,0.8621891432423331,0.8926316638402025,0.9140592936087157,0.9293858498496865,0.9405919822853507,0.9490681167476076,0.9557671579029279,0.9613838700971046,0.9664349589326939,0.971397986363845,0.9769308395476827,0.9840914357852462,0.9893137367669443,0.9929813408035846,0.9956556688596553,0.9976823560453375,0.9992869623225622,1.0,1.0,1.0,1.0,1.0,1.0,1.0,1.0,1.0,1.0,1.0,1.0,1.0,1.0,1.0
0.9,1e-05,0.00044875346260386996,0.5,4.910662767600429e-06,6.610507571769808e-06,8.310352375939188e-06,1.0576812114831694e-05,1.3032143498631909e-05,1.6242961462062958e-05,2.0303701827578697e-05,2.4647749660456e-05,3.182487216694894e-05,3.9757481253072704e-05,4.872888438618887e-05,5.826690245402817e-05,7.196009670983706e-05,8.565329096564595e-05,0.00010529594203604767,0.00012593016924221484,0.00015171114877211711,0.00018249722689207365,0.00022225470814514635,0.000268528261147535,0.0003215067575441473,0.000385911988457676,0.0004606579419299018,0.0005547632390051678,0.0006665280348793044,0.0008058208729987397,0.000973633329499239,0.0011610884370701399,0.0013917007155024525,0.0016667922663105303,0.002002322743489075,0.0023996614664636676,0.00290517642405915,0.0034868538724636662,0.00414171908326992,0.00494045726958462,0.005882596252295499,0.006975549243465183,0.008287026727793086,0.009887194521362422,0.011893436351483332,0.01442799939032233,0.017457925535843022,0.021063957416243454,0.02538869312342894,0.030626339926275843,0.03695179296796869,0.04457394428777541,0.05380617916250913,0.06505324952720705,0.07875234602191931,0.09559431390580707,0.11643946352142494,0.1426570670764426,0.17618971665664704,0.22037841000672195,0.28104251859582996,0.35533994912931116,0.42379761005597966,0.4861768620524946,0.5428926561227182,0.5944038559279538,0.6412101214048046,0.6838294330394301,0.7228574919998693,0.7590251371160924,0.7934380229973892,0.8288759625135114,0.8602678936524206,0.8895408265891991,0.9126563550303413,0.9287486441376791,0.9403057000895818,0.9489530466979476,0.9557397715144162,0.9614092261154334,0.9665136239727979,0.9716034314955934,0.977482297532902,0.9831840491851983,0.9889503949400531,0.9928657041389899,0.9956404646922402,0.9977014792993845,0.9993043385138937,1.0,1.0,1.0,1.0,1.0,1.0,1.0,1.0,1.0,1.0,1.0,1.0,1.0,1.0,1.0
0.9,3e-05,0.00134626038781163,0.5,7.177122506492935e-06,8.215916553485334e-06,1.0199068825016277e-05,1.1993349451639509e-05,1.4070937545624307e-05,1.5959653994701395e-05,1.9548215247947863e-05,2.4647749660456e-05,2.8897361670879448e-05,3.3996896083387584e-05,3.985191707552656e-05,4.702903958201949e-05,5.6094878537589515e-05,6.75216130545059e-05,8.178142224503792e-05,9.8590998641824e-05,0.00011946131540412583,0.00014467567999930494,0.00017574506558662307,0.00020983639749246448,0.0002513409414609335,0.0003014863631839302,0.00036353069853611256,0.00044077920130336545,0.000532570820728512,0.0006398026971248636,0.0007700769141999557,0.0009260376749824963,0.0011200560722139403,0.001359545317956915,0.0016418612091827127,0.0019806497222359153,0.0024123158666724837,0.002944178418732592,0.0035879002024892903,0.004398112341232135,0.005427321152245467,0.006698285668740666,0.008264598219960296,0.01010434969509506,0.012212582213466133,0.01454892446097449,0.017317452249942914,0.020962155599638196,0.025418912586614176,0.030687770428782075,0.03702224209151927,0.0447010549047983,0.05397092245477988,0.06522875850323755,0.07899136308855001,0.09588796209572732,0.1168616388657049,0.14319903426150526,0.17700398953575538,0.22183371324864706,0.28389023082192594,0.35655335501202073,0.4251731622458425,0.48769793984475884,0.544631927882762,0.5964358315196934,0.6436680025558111,0.6869539838790496,0.727210794543347,0.7670181851285867,0.8028162556536366,0.8324910602328675,0.8574696185793793,0.878981626755255,0.8982272696280608,0.916958048396848,0.9371168384548713,0.9483788296795169,0.9562375427345705,0.9626338226431038,0.9688792885431783,0.9741597147735968,0.9784822784568658,0.9822223619872394,0.9856271039120795,0.9892738376319575,0.9945021352883815,0.997421949264921,0.9992552318862177,1.0,1.0,1.0,1.0,1.0,1.0,1.0,1.0,1.0,1.0,1.0,1.0,1.0,1.0,1.0
0.9,0.0001,0.0044875346260387795,0.5,8.499224020846896e-06,1.0387940469923984e-05,1.28432718537242e-05,1.5393039059978267e-05,1.756506297641692e-05,2.124806005211724e-05,2.530880041763298e-05,2.8897361670879448e-05,3.503569013037999e-05,4.032409618779583e-05,4.938993514336586e-05,6.05805801041476e-05,7.27155832894679e-05,8.777809697085767e-05,0.00010402105843292062,0.00012734670657902266,0.00015185280250579788,0.00018056129253176962,0.00021215007514258392,0.0002589902430796957,0.0003124409185885773,0.0003766572778571983,0.0004545668313816282,0.0005466417582741362,0.0006542513779603034,0.0007873586697090112,0.0009445470961834518,0.0011374794814566764,0.0013645031986357424,0.0016382254300182394,0.001971772754925253,0.002369253131633526,0.0028356716587331133,0.0033971398411325048,0.004045961159301711,0.004834169751412807,0.005775742119188963,0.0069298423053975175,0.008350298728837168,0.01007313865577406,0.012105491990803461,0.014713573317422787,0.017809179577460133,0.021515218993839194,0.02596328788514942,0.03128111070125964,0.03777621769799084,0.04562562882453276,0.05501736580339104,0.06664760951769548,0.08062392236922103,0.09801470403529935,0.11953865834271553,0.14682843900796302,0.18251516969833986,0.23345507999564083,0.2999824727113526,0.3717061493396764,0.44129930659553007,0.5058026563285883,0.5665846208241188,0.6258504654080638,0.6761085962851592,0.718486199432214,0.7543280881788826,0.7847988450876657,0.81086738169694,0.833323889751088,0.8528890090112551,0.8701852132011458,0.8858724670659791,0.9008483830981787,0.9138484656350875,0.92508878383848,0.9349342377263178,0.9436774366944742,0.9516645824680651,0.9595169211051031,0.9673277551981726,0.9724339473361637,0.9763111044628292,0.9794921279242761,0.9823145785678656,0.9849191657690541,0.9873353535044472,0.98943248981368,0.9918408393758095,0.9935613656250962,0.994861982989842,0.9959158867684269,0.9968044334218953,0.9975787599481056,0.9982764518043947,0.9989462850930599,0.9998812941711755,1.0,1.0,1.0,1.0,1.0
0.9,0.0003,0.013462603878116338,0.5,5.288406057415847e-06,6.1383284595005365e-06,7.649301618762207e-06,9.11305686679695e-06,1.1757259895504873e-05,1.4495898746666652e-05,1.71873196866015e-05,2.124806005211724e-05,2.5733761618675325e-05,3.139991096590659e-05,3.7160496135591706e-05,4.5281976866623185e-05,5.585878898145488e-05,6.870206083517908e-05,8.310352375939188e-05,0.00010104633002562421,0.0001211611602082952,0.00014703657556065132,0.00017834205070410404,0.00021517202146110727,0.00026083174161754585,0.00031414076339274666,0.00037755441817050994,0.0004597135837053633,0.0005532994837571329,0.0006648754079863619,0.0008045932073068396,0.0009691948458439078,0.0011728929148768718,0.0014239977667816707,0.0017405466436469907,0.0021374131875093135,0.002646516706358043,0.0033030817619684656,0.004120565459040256,0.005141227828121515,0.006398876893650721,0.007905175479700925,0.009699220016768024,0.011808869072475905,0.014267694581706913,0.017092270031301697,0.020645984466062695,0.025004056018574392,0.03036069195771315,0.03684569432144179,0.04465544240255309,0.054101904940523374,0.06550078088981587,0.07952336729434381,0.09681140278559235,0.118531878039535,0.14667738890994808,0.18947457041616544,0.262898375156126,0.3507629281224402,0.43352780502251254,0.5043791307409189,0.5662319030272536,0.6210959050549796,0.670923125274218,0.7168602034412036,0.7587865450106628,0.7940562471090834,0.8238839905027782,0.8490807428170697,0.8703697880161319,0.8883849321223639,0.9036635149655281,0.9166876786371626,0.9278627889051507,0.9375619144860963,0.9461379620485094,0.9542279484327525,0.9612257845303168,0.9671084280005235,0.972075705043685,0.9762721969039783,0.9798676519722638,0.9829648636412829,0.9857929804342197,0.9882635159854349,0.9903203281984799,0.9920658327228058,0.9933310366541312,0.994435038636528,0.9954112689511447,0.9962866890252919,0.997078202871189,0.9977767446498801,0.9983895859196944,0.9989112966208408,0.9993957996079402,0.9996826484186438,0.9999231764584338,1.0,1.0,1.0,1.0,1.0
0.9,0.001,0.0448753462603878,0.5,5.316736804152003e-05,6.176102788482079e-05,7.587918334167201e-05,9.004455670975018e-05,0.00010930946449033647,0.0001294715125842344,0.00015596076078254055,0.0001878328508607164,0.0002242378604166773,0.0002689532223485774,0.00032009022020733954,0.0003811901973349833,0.00045900531503695937,0.0005529689583785445,0.0006652059333649504,0.0008052070401527896,0.0009673533473060576,0.0011627882818743094,0.0013928811632831256,0.0016789272694958505,0.002010774749598695,0.002405705359100714,0.0028919081910043836,0.0034637170959624717,0.00415031274311322,0.00498257564639904,0.005966549698456975,0.00713387089980907,0.008538698194632608,0.010240148407783702,0.012265844017330106,0.014653276044786,0.01746042808513805,0.020742592312432986,0.02462423514066499,0.029252393145394715,0.03471857463857994,0.041106921938027056,0.0487185908815414,0.057613737088026085,0.06832294822593808,0.0808376306354341,0.09550899114022,0.11338337865308452,0.13524602703773145,0.15920925863913069,0.18053527546268358,0.2028105139556314,0.2273230315183335,0.2541756687614421,0.2838708714783229,0.3173636691414518,0.3564399848071649,0.4056995512976332,0.4891030032291385,0.595890181337555,0.7569611005626298,0.7990662091439941,0.8308179407664524,0.8566060974188612,0.8783512676403755,0.8969221665617485,0.9128075940000011,0.9263956811854189,0.9379897559797234,0.9478491391513733,0.9562115728833958,0.9632786776567299,0.9692354060296517,0.9742469262556328,0.9784504063667876,0.981971540442802,0.9849188352436756,0.9873829019410528,0.9894452386497112,0.9911743113409301,0.9926311727739258,0.9938719178272357,0.9949202971102071,0.9958183817817433,0.9966251470129666,0.9973646739386027,0.9978369474866945,0.9982485460188596,0.9986086770277873,0.9989336306928511,0.9992243985901865,0.9995063367381225,0.9998151890954579,0.9999677973845432,1.0,1.0,1.0,1.0,1.0,1.0,1.0,1.0,1.0,1.0
1.0,1e-06,4.487534626038e-05,0.5,4.013522454288812e-06,5.005098590054284e-06,5.902238903365901e-06,7.365994151400644e-06,8.688095665754605e-06,1.029350464747013e-05,1.2607182297589564e-05,1.4212591279305088e-05,1.7140101775374575e-05,2.077588093984797e-05,2.5639325796221472e-05,3.0266681096460336e-05,3.574395879878389e-05,4.3534914151226884e-05,5.13730874148968e-05,6.275260402058626e-05,7.384881315891415e-05,9.037508208833866e-05,0.00011360629441198685,0.00013962336349802374,0.0001694178654822148,0.0002063894899728988,0.0002511520698160258,0.00030464996323613434,0.00036584437618623195,0.0004327993743060148,0.0005226550593708572,0.0006328616641745053,0.0007631830991608244,0.0009248572272018232,0.001113728872109532,0.0013456160341449714,0.0016230684805143957,0.001957607381557175,0.002366939453983407,0.0028581946023883576,0.0034758048812365654,0.004231244242956174,0.00507460335538032,0.006005315603574282,0.0070837726959973,0.008382501344293932,0.009996551203763986,0.012037403762814232,0.014673013131678856,0.017829719368843845,0.02162547281655407,0.025749390747291438,0.03112288348073821,0.03791772977793794,0.04570353837805719,0.05564423079283973,0.06784708611659311,0.08326836148748508,0.1035477460907819,0.14235779995508632,0.20189760285997,0.29378153330156515,0.3749437398587731,0.4438239538730114,0.5053158396638386,0.5604557359468636,0.6104665394049523,0.6564113613093792,0.6989703284534566,0.7374354082583371,0.7713053825963467,0.8012076358539576,0.8294817210966416,0.8519665126796145,0.8682192010313903,0.8804858949711225,0.8909441901287746,0.9004916989967705,0.9094528558431504,0.9179508994162167,0.9260562316216085,0.933262818104707,0.9402394061422192,0.9469953920984792,0.9532069083203815,0.9576795305255297,0.9615843573481742,0.9650914677045541,0.9682833512855832,0.9712173306354908,0.9739493589790807,0.9765250016006872,0.9790091359103358,0.9814377419563816,0.9838964730297901,0.9864420378419451,0.9891998943829762,0.9919738050138245,0.9933740993891702,0.9947466296327145,1.0,1.0,1.0,1.0
1.0,3e-06,0.00013462603878116,0.5,5.807803080912046e-06,7.413212062627571e-06,8.924185221889241e-06,1.2371092741454928e-05,1.4259809190532016e-05,1.6809576396786086e-05,1.97843048040825e-05,2.327843023487511e-05,2.781134971266012e-05,3.243870501289899e-05,3.6782752845776294e-05,4.5754155978892464e-05,5.5811571070227956e-05,6.657725482996736e-05,8.060097446436473e-05,9.462469409876212e-05,0.00011360629441198685,0.00013565705895496186,0.00016134360266241025,0.00019680425399383258,0.0002401975144113787,0.0002901540644894677,0.0003439824832881647,0.00041561205461941326,0.0005004154231829745,0.0006013200994749179,0.0007225284775944401,0.0008661653635467526,0.001045640644120303,0.0012620403312733103,0.0015159782578517249,0.0018287969197301175,0.0021937913735142647,0.0026486415123632544,0.003186878482438998,0.0038499123918875095,0.004650539294651287,0.0056173732449338485,0.006780019873074477,0.008157366343563944,0.009793136442198383,0.011748005184904396,0.01414096170797384,0.016963081826184823,0.020347520049197286,0.02451067606416423,0.02959986975411367,0.03559739440233551,0.042987186380994524,0.05181665247296255,0.06300177293813075,0.07703045045320696,0.09456841034857962,0.11714669339578185,0.1466815913040473,0.1863978985385301,0.2409357664534117,0.3117480901771446,0.38100283666323487,0.44578203343368084,0.5084747179249202,0.5621778676051321,0.6091724853298671,0.6507808614851242,0.6878735054822828,0.7211511311239506,0.7513335282488709,0.7788405113057623,0.8035859076066355,0.826401035696552,0.8467012906166111,0.8647108157914072,0.8799806161030831,0.8933650524373792,0.9051598977902207,0.9156873671878202,0.9250738157606211,0.9334359661851762,0.9408312826594487,0.9473194014053183,0.9522730324721352,0.9564705159085642,0.9602886978641072,0.9638480784482154,0.9668672389099764,0.9696883202341404,0.9724725715875474,0.9752190958298841,0.9779383753374428,0.9806225719369599,0.9833021411811769,0.9860086246347931,0.9887586430025606,0.9914092676671953,0.9934649466503708,0.994857827813654,1.0,1.0,1.0,1.0
1.0,1e-05,0.00044875346260386996,0.5,6.091110548273609e-06,7.696519529989134e-06,9.396364334158513e-06,1.1946131540412582e-05,1.4873642036482069e-05,1.7612280887643846e-05,2.124806005211724e-05,2.5025492950271418e-05,3.069164229750268e-05,3.7774328981541764e-05,4.5659720156438604e-05,5.585878898145488e-05,6.756883096573283e-05,8.135646104399557e-05,9.769385832851238e-05,0.00011459787054775232,0.00013697916046931583,0.00016587652214019528,0.00019656816443769796,0.00023996142485524405,0.00028793482266180207,0.00034596563555969564,0.0004186812188491635,0.000505892700885298,0.0006052864040179798,0.0007269197433385443,0.0008709343725806722,0.0010483320650602377,0.0012579323729965677,0.0015037016009327238,0.00180325202975635,0.0021581890684491617,0.002584047409804818,0.00310509706019396,0.0037395641333501806,0.004490659447236912,0.005384211199295282,0.0064462836765225556,0.007738118509780057,0.009327378965855972,0.011286780628039771,0.013627514141292233,0.016390045255534835,0.01971928574032302,0.023986273942077977,0.028937969074534605,0.03482523990004157,0.04188412875682228,0.050433828724770764,0.06115578869871403,0.07398050391332604,0.08985814039622626,0.10946495307200675,0.13400429040828574,0.1654378677448971,0.20653902909775448,0.2618121743262618,0.3325283623827367,0.39957642700554774,0.4603769009222791,0.5155203857665573,0.5654758026147768,0.6107200523703297,0.652294573283237,0.6890326107670814,0.7212720089766915,0.7498425282660582,0.7752750396111058,0.7980340256045734,0.8185241437456761,0.8372430236008341,0.8545166104112473,0.8697170476113308,0.883446694094607,0.8954136487338706,0.9059984406756997,0.9155440608272465,0.9241711037337846,0.9319945450091518,0.9390847865589872,0.9455285204683035,0.9513897270068131,0.9567124132677798,0.9615454025714119,0.9658917640819393,0.9697285498945057,0.9729053709618534,0.9757617240657039,0.9785250106665262,0.9812931607122047,0.9841918682824258,0.987553358600582,0.9911731308931494,0.9936479160563751,0.9951424573825298,0.9989497320005795,1.0,1.0,1.0,1.0
1.0,3e-05,0.00134626038781163,0.5,4.438483655331157e-06,5.57171352477741e-06,6.846597127904445e-06,7.696519529989134e-06,9.868543446427786e-06,1.2512746475135709e-05,1.6006871905928322e-05,1.8178895822366974e-05,2.2145200365428858e-05,2.5733761618675325e-05,3.1494346788360446e-05,3.7538239425407125e-05,4.717069331570028e-05,5.453668746710092e-05,6.761604887695976e-05,8.121480731031479e-05,9.811881952955473e-05,0.0001183753034459065,0.00014307027101758942,0.0001744229640722691,0.00021252781843239933,0.00025639325796221474,0.00030913566480269243,0.0003694329374394784,0.00044592595362710053,0.0005361121640705315,0.0006437217837566985,0.0007821174815628222,0.0009543212038074257,0.001149992227931812,0.0013993027992099877,0.001722178876179716,0.002134674548658152,0.0026602571185250787,0.0033478443418115925,0.004197011257316651,0.005225653453395261,0.006443639473493848,0.00794583010126731,0.009725992572433692,0.011793476033415927,0.014180813625049367,0.016912180917882196,0.020265030358283843,0.02450359337748019,0.02958971790319988,0.03570944250567701,0.043211093716032614,0.052168756436981746,0.06297717240638152,0.07629673133065173,0.09250805679219265,0.11265032058128649,0.13786147435850218,0.1699305575623168,0.2118268685402356,0.2682867887495205,0.3393300080591531,0.4065966916109448,0.4674968425382763,0.522392197259057,0.5717781188799684,0.6160892482738548,0.6557640981822804,0.6912629015859741,0.7230409335849859,0.7516012065876163,0.7770000515619591,0.7995033525661329,0.8195813527780469,0.8375878087886132,0.8539077826638872,0.868838369501309,0.882245470432994,0.8944351991774262,0.905609412305101,0.9155217267552361,0.9246258594368112,0.933071585564238,0.9410941919891603,0.9491274224441086,0.9568441512401029,0.9634149485485308,0.9689085164302277,0.9734898814849315,0.9772001232954098,0.9798924885935691,0.9823437592370039,0.9848615599173574,0.9878272224856982,0.9912990610623916,0.9939223465564261,0.9965206537754214,0.9985878539289363,0.9994135063246503,0.9999996222567101,1.0,1.0,1.0,1.0
1.0,0.0001,0.0044875346260387795,0.5,8.215916553485334e-06,9.915761357654713e-06,1.2937707676178054e-05,1.5770782349793686e-05,1.8792728668317026e-05,2.2003546631748078e-05,2.6630901931986942e-05,3.1352693054679666e-05,3.701884240191093e-05,4.3534914151226884e-05,5.014542172299669e-05,6.19498995297285e-05,7.460429973854498e-05,8.829749399435387e-05,0.0001055320315921823,0.00012701618120043417,0.00015005852187917465,0.00018037242088686192,0.00021706073791018436,0.00026253158642171526,0.0003212234500767858,0.00038940611388846866,0.0004647659002066445,0.0005592017226604989,0.0006685111871508353,0.0008044515535731587,0.000966408989081519,0.0011660463177489673,0.001401002644014157,0.0016900706965454055,0.002027112146883212,0.0024356887327298127,0.0029142422630147203,0.0034834541828553276,0.00416291992541081,0.004940504487495848,0.0058371254037839675,0.0068651065491054,0.008032994365392218,0.009522861118335451,0.01154496816662861,0.014096907396799117,0.01713174420508741,0.020738909315357285,0.025059348192621126,0.030216016277713843,0.036445003126770084,0.04399580818271292,0.053122699897499355,0.06421730362684554,0.07776379183247237,0.09442009888941584,0.11507949324226698,0.14104443375430933,0.17446985145811744,0.21916004624333355,0.2824814844404706,0.35499988573265484,0.4218049669842921,0.4825726244527208,0.5376813569143359,0.5875168874859503,0.632494969875917,0.6730805116381763,0.7097681203928303,0.7430641138019655,0.7735906350639076,0.8022958670540047,0.8301918784814947,0.8554910936631486,0.8764326622534918,0.8938634847082906,0.9085533546342774,0.9209138233457063,0.9314058320919745,0.9404405072261347,0.9483440300789426,0.9553907367146268,0.9619000090847262,0.9683927079679847,0.9740896433933359,0.978843967656864,0.9827793916859835,0.9860662304864899,0.9887353173544144,0.99085219075054,0.9928493667417053,0.9948086267501555,0.9964930785152649,0.997865986502099,0.999093416104443,0.9995952008470516,1.0,1.0,1.0,1.0,1.0,1.0,1.0,1.0
1.0,0.0003,0.013462603878116338,0.5,9.018621044343096e-06,1.1237862872008675e-05,1.3268233054766545e-05,1.5959653994701395e-05,1.8792728668317026e-05,2.3042340678740474e-05,2.738638851161778e-05,3.267479456903363e-05,3.919086631834958e-05,4.665129629220408e-05,5.5197738224277905e-05,6.525515331561339e-05,7.649301618762207e-05,9.037508208833866e-05,0.0001086484137331595,0.00013022699916386522,0.00015473309509064044,0.00018882442699648188,0.000227023717179066,0.00027608312694384334,0.0003348222085101408,0.00040333539770041215,0.0004898386110681428,0.0005862575857935281,0.0007101573848529852,0.0008562023842778709,0.001028736631901063,0.0012301210232839076,0.0014806120423427563,0.001779170895030617,0.0021532784056815615,0.0025876359710580647,0.0030922537883402356,0.0036944710281284652,0.004411333356375674,0.005274099030314088,0.006274646569212675,0.007453772248371501,0.008851327984866092,0.010528083230445505,0.01274614461033041,0.01584571717491082,0.019623622252177265,0.02404973481476697,0.029276710369676582,0.03554257440740105,0.043036387444492986,0.05207989232805267,0.06307538566173353,0.07646416604386241,0.09297745004769953,0.11362296233464995,0.14011896269426158,0.17597657500536867,0.24753135316523378,0.33240314048216285,0.41567235189205004,0.5016807687680337,0.5744718534975535,0.6358218022472326,0.6877580104714217,0.7318187432820716,0.769377191973484,0.8016254671504047,0.8298640917417573,0.8547824000335436,0.8761292871738589,0.8947051439759105,0.9114275088906605,0.9267283785879238,0.9393476486707875,0.9498141597449931,0.9585159486050034,0.9657709806650209,0.9717663805072375,0.9767377655086757,0.9808757071590475,0.9842931979199188,0.9871429405161976,0.9894918427280922,0.9914566272321559,0.9930960803278661,0.9944855618015409,0.9956230412829975,0.9966746786018437,0.9977329264282615,0.998603624711286,0.9994394289579139,0.9998395063197397,1.0,1.0,1.0,1.0,1.0,1.0,1.0,1.0,1.0,1.0,1.0
1.0,0.001,0.0448753462603878,0.5,3.7538239425407125e-05,4.457370819821928e-05,5.420616208851243e-05,6.657725482996736e-05,8.277299838080339e-05,0.00010010197180108567,0.00012139724976442984,0.00014538394866770886,0.0001740924386936806,0.00020738106610866428,0.00024968831456799104,0.0003010614019828879,0.00036740256725672056,0.0004434706222433003,0.0005347428446449506,0.0006394721717462752,0.0007703130037560904,0.0009287763138336581,0.001120811558793571,0.0013486851983747217,0.0016242489282950689,0.001962187518946187,0.002361084432991268,0.0028368521065137865,0.0034162158772681832,0.004110791351416282,0.004958636165406987,0.005985909042060015,0.007186754960383228,0.00866358956982783,0.010468494226477122,0.01264349287132307,0.015242933320187866,0.018414890942679157,0.022203467267882887,0.026823834317260167,0.03235494043838242,0.03911489269918545,0.04725105820060851,0.057373114612413664,0.07046276952691997,0.08487329829008834,0.10144466032473458,0.12098952310098532,0.1450760878865093,0.17475995830469568,0.1978723703636969,0.22098020228530912,0.24534936626952625,0.2723036164575952,0.3017096566861223,0.3344924858360432,0.37232470397674916,0.4191303084028428,0.4947036141155868,0.6022454760991433,0.7602857136921177,0.8123293898822593,0.844134855487694,0.8690936295294017,0.8897302648490415,0.9071113668433183,0.9218523265492528,0.9343734778125868,0.9449965162625097,0.9539889785840331,0.9615846878735527,0.9679836119851146,0.973359512832034,0.9778655653183309,0.9816399290522553,0.9847948882267049,0.9874255869328019,0.9896308050408331,0.9914613962411899,0.9930001807501642,0.9942835635773121,0.9953628233742259,0.9962599636875376,0.9970340541241918,0.9976975602127526,0.9982634668788073,0.998796273789092,0.9993356439890372,0.9997659880319594,0.9999906508535771,1.0,1.0,1.0,1.0,1.0,1.0,1.0,1.0,1.0,1.0,1.0,1.0,1.0,1.0
1/0.9,1e-06,4.487534626038e-05,0.5,8.499224020846896e-06,1.0104633002562422e-05,1.1615606161824092e-05,1.501529577016285e-05,1.8273331644820827e-05,2.1767457075613442e-05,2.6205940730944597e-05,3.1022167676091174e-05,3.7254931958045566e-05,4.509310522171548e-05,5.420616208851243e-05,6.497184584825183e-05,8.083706402049938e-05,9.792994788464703e-05,0.00011695876610909869,0.00013915118438575448,0.00016842628934644934,0.00020025116151339828,0.00023821436213984775,0.00028491287634327877,0.0003328390562386099,0.0003903976900242341,0.00046108290313094414,0.0005431476328433436,0.0006436273479342447,0.0007745153978552869,0.0009290124033897927,0.0011155703706473821,0.0013423579982703134,0.0016151830893394988,0.0019479277097556548,0.002342952755080128,0.0028194759151822773,0.0034043169636389977,0.0040986091303197355,0.004920011914023361,0.005876505141747225,0.006967616634379059,0.008238817240430393,0.00982713333828177,0.011890744930543398,0.014434798769539008,0.017472374216678462,0.021065798914781303,0.025394642580243536,0.03061911558585812,0.03691737111068426,0.04452800126015161,0.053799521437026133,0.0650254381774944,0.07872264595575758,0.09556872179792207,0.11639767566998911,0.14259190635894942,0.176110437783697,0.2201816057527281,0.2806587314133775,0.355179077705761,0.4236403271936828,0.48598161598957124,0.5426804588296644,0.5941621474403831,0.6409086822595319,0.6834512647884137,0.7223571237945976,0.7582974146682631,0.7921247984503459,0.8253515231837111,0.8628114280943927,0.8929589311829164,0.9142475042028663,0.9295052167292682,0.9406793354211205,0.949136866026354,0.9558317520054863,0.9614461977399241,0.9665089966174977,0.9714920444430091,0.9771984706685168,0.9840701877251941,0.9892664244198949,0.9929374753640549,0.9956189333247207,0.9976557251434055,0.9992634478027712,1.0,1.0,1.0,1.0,1.0,1.0,1.0,1.0,1.0,1.0,1.0,1.0,1.0,1.0,1.0
1/0.9,3e-06,0.00013462603878116,0.5,8.121480731031479e-06,1.0671247937285549e-05,1.265440020881649e-05,1.4826424125255143e-05,1.756506297641692e-05,2.0209266005124844e-05,2.3703391435917456e-05,2.8141875091248614e-05,3.413854981706837e-05,4.018244245411505e-05,4.967324261072742e-05,5.911682485611286e-05,7.068521310671002e-05,8.584216261055365e-05,0.00010468210919009761,0.00012781888569129193,0.0001560551966049944,0.0001881633762393049,0.00022603214104330053,0.0002739111030274047,0.0003323196592151137,0.00039842473493281174,0.0004810088616687074,0.0005809219618248853,0.0007004304951402381,0.0008322629032858189,0.0009836907445905745,0.0011822892792110302,0.0014308443639095751,0.0017256730016105084,0.0020823098851074895,0.002501604936802603,0.0029964014285495735,0.003596635516066272,0.004278839897472916,0.005088343767547356,0.006006873794644771,0.007050956247694586,0.008273758494738319,0.009764664041728545,0.01176207612245002,0.014311418367503046,0.017405230346913773,0.021063438019219956,0.02540191413857248,0.03061373274397825,0.03695084860974415,0.04457696623409394,0.05379550791457184,0.06502326615357795,0.07872231543037898,0.09557830703390113,0.11643157813025004,0.1425817072901244,0.17607483547863192,0.22024374452390275,0.28068621223771156,0.3551760557594425,0.42364802371321275,0.4860030529212683,0.5426984488538419,0.5941815067839862,0.6409303080628739,0.6834775179470559,0.7223925372280178,0.7583381637256519,0.7921977029052804,0.825542094673423,0.8624703259036894,0.892822990816494,0.9142068967992111,0.9295063027412264,0.9407003946095277,0.9491696352567455,0.9558706595643374,0.9614959654183574,0.9665688689289335,0.9715927130297448,0.9774688404282023,0.9839361360752208,0.989192575606736,0.9928855828796165,0.9955959854198645,0.9976424569103508,0.9992556568474187,1.0,1.0,1.0,1.0,1.0,1.0,1.0,1.0,1.0,1.0,1.0,1.0,1.0,1.0,1.0
1/0.9,1e-05,0.00044875346260386996,0.5,7.082686684039081e-06,9.065838955570022e-06,1.1237862872008675e-05,1.435424501298587e-05,1.8178895822366974e-05,2.044535556125948e-05,2.393948099205209e-05,2.8661272114744812e-05,3.328862741498368e-05,3.886034093976109e-05,4.7831744072877256e-05,5.746419796317041e-05,6.832431754536367e-05,8.466171482988048e-05,0.00010359609723187829,0.00012333318412473384,0.00014864198454236682,0.00018023076715318115,0.00021649412297546124,0.0002644203028707923,0.0003179654142021278,0.00038265395258301805,0.0004642937210943752,0.0005632624630260146,0.0006821099455841903,0.0008129035596827788,0.0009796772221362857,0.0011846029568611497,0.001434716232630183,0.0017209039925765888,0.0020695610490762194,0.0024671358616069465,0.0029496084785236884,0.0035229283566410386,0.004187237149692677,0.004987958488278909,0.005920323363365814,0.006990092360123076,0.008262331760221403,0.009845312234104137,0.011850043091065786,0.01438219801643221,0.017438802281796117,0.021063910198332227,0.025395728592201756,0.03061514928131506,0.03693734428713325,0.044589148455190485,0.053794421902613625,0.0650582546257971,0.07875140166369476,0.09559091421619872,0.1164509846917643,0.14262415619231741,0.1761512812769083,0.22029936722332807,0.28086521533917286,0.35534552084283594,0.42382386321462184,0.48619400215427,0.5428990305407339,0.5943941762561522,0.6411824517088256,0.6837844343700309,0.7227711304402352,0.7588765895673725,0.7931077809262681,0.8282926324382139,0.8605253257044299,0.8906877496529011,0.9133476252507035,0.9292244118112016,0.9406825462390839,0.9492871134198781,0.956065763973527,0.9617571749032646,0.9669318802304461,0.9722163199833188,0.978225979634726,0.9833843947825341,0.9885562198171307,0.9925797052506884,0.9954285034887426,0.9975587867716567,0.9992091944227715,1.0,1.0,1.0,1.0,1.0,1.0,1.0,1.0,1.0,1.0,1.0,1.0,1.0,1.0,1.0
1/0.9,3e-05,0.00134626038781163,0.5,6.232764281954391e-06,7.460429973854498e-06,9.63245389029315e-06,1.2371092741454928e-05,1.3976501723170452e-05,1.6998448041693792e-05,1.9737086892855573e-05,2.3042340678740474e-05,2.7480824334071633e-05,3.3194191592529826e-05,4.0749057388838174e-05,4.830392318514653e-05,5.859742783261666e-05,6.936311159235606e-05,8.31507416706188e-05,9.826047326323551e-05,0.00011761981686627567,0.00014170095159200854,0.0001714954535761996,0.00020738106610866428,0.00025110485190479886,0.0003021946318523341,0.00036216137911053165,0.0004375211654287075,0.000524071596707665,0.0006325783567071437,0.0007598306274637126,0.0009167357464707917,0.0011101403108562855,0.0013437745356071212,0.0016327953702271426,0.0019823495670400846,0.002394845239518521,0.0029329877737718103,0.003583745026301321,0.004432817505983926,0.005470619976840559,0.006742009454536801,0.008300058871291718,0.010099155724860098,0.012157053949863267,0.014475500609016619,0.01727689206419898,0.020917345801883844,0.02538784320102686,0.03068111270329908,0.037016764813816945,0.04464543220537298,0.053925498824179574,0.06518923711154061,0.078926438460613,0.09582799534846913,0.11674935467280727,0.14302923865273323,0.1767360751074538,0.22124060906572562,0.28264622773274134,0.3568350570704006,0.4253623171982176,0.4877873233507114,0.5446208316736237,0.5963225085327487,0.6434173698830186,0.6865177848151353,0.7264004879687818,0.7647546529001902,0.8020033520939538,0.8326404577039894,0.8583558515551974,0.880530940858433,0.9005913287894594,0.9221789328412093,0.9391934821906316,0.9495366128628012,0.9571303390000493,0.9634593806029954,0.9698357345529909,0.9753145704463849,0.9796711310257373,0.9832887312943884,0.9863878316798566,0.9894121861118524,0.993042393562801,0.9968477794644016,0.9989382580481513,1.0,1.0,1.0,1.0,1.0,1.0,1.0,1.0,1.0,1.0,1.0,1.0,1.0,1.0,1.0
1/0.9,0.0001,0.00448753462603877,0.5,6.327200104408245e-06,7.649301618762207e-06,8.876967310662315e-06,1.1710041984277947e-05,1.5109731592616705e-05,1.8131677911140045e-05,2.181467498684037e-05,2.7055863133029287e-05,3.3477499059891385e-05,3.933252005203036e-05,4.707625749324642e-05,5.722810840703577e-05,6.950476532603684e-05,8.461449691865355e-05,0.00010416271216660142,0.00012399423488191084,0.00014864198454236682,0.00017867257608269254,0.00021370826621307254,0.0002603595625052766,0.00031059942005072716,0.0003759017912775675,0.0004499394760813893,0.0005424393641749397,0.00065184326448773,0.0007764985501268178,0.0009386448572800859,0.0011158536781147436,0.0013480713655287717,0.001618346689391703,0.0019441030589462738,0.0023269931010854263,0.0027813710608221467,0.0033558241688089433,0.004006770292983361,0.0048158019839455325,0.005790662979136671,0.007018848068060275,0.008505692874684986,0.010260121584232692,0.012237088309392907,0.014665127740503959,0.01781059611479694,0.021565931030496914,0.025998229139457346,0.03131468263614199,0.037870322995066104,0.04575628078489767,0.055135268927724676,0.06672608568615464,0.08090845750227449,0.09815276920772689,0.11984689686720491,0.14707047802091225,0.18256810097682527,0.23077692728876076,0.30084117764492546,0.3754167688934445,0.4440419589691461,0.5074007937519749,0.5663362073931539,0.6234333333144462,0.6762725840908503,0.7204883333040583,0.7575820160952639,0.7888513223187168,0.8153600242964484,0.8380082370701777,0.8575692955899793,0.874697356797991,0.8899864692353588,0.9040703917065706,0.917933287135329,0.9301153665781425,0.9407078550395016,0.950102330657211,0.9588205041324172,0.9682018059528943,0.9744730528324986,0.9789981813549312,0.9824086366470297,0.9851957210751103,0.987622863365908,0.9897641956400491,0.9917075904303271,0.9932327289629568,0.9947535706656649,0.9958580920450851,0.9966688707987628,0.9973419149053914,0.9979526313692004,0.9985743968242367,0.9991228800810485,0.999554923968775,0.9999922562625588,1.0,1.0,1.0,1.0,1.0
1/0.9,0.0003,0.01346260387811632,0.5,8.357570287166115e-06,9.868543446427786e-06,1.2040567362866437e-05,1.4165373368078162e-05,1.7706716710097703e-05,2.063422720616719e-05,2.56865437074484e-05,3.2344269190445136e-05,3.971026334184578e-05,4.679295002588486e-05,5.576435315900103e-05,6.719108767591742e-05,8.05537565531378e-05,9.63245389029315e-05,0.00011643936908560248,0.0001395289276755699,0.00016875681472503784,0.0002028953645421062,0.00024501374135652525,0.00029704787952859903,0.00035989491937163913,0.00043043847874466837,0.0005173666533134413,0.0006213404938351351,0.0007478844959233,0.0009051201403089676,0.0010967776419790651,0.0013164353650067305,0.0015849164082430386,0.0018943825984243194,0.0022789724853676417,0.002746807549804036,0.0032920327707413647,0.003979336686560517,0.004785676956582753,0.005749063999345749,0.0069011810332827725,0.008338116507740622,0.010096086560630348,0.012289122447564981,0.01498658728013688,0.018074072059443193,0.02151257479081049,0.02557034042791893,0.03124059773342694,0.03813011594263666,0.04626335393356364,0.05610772180944324,0.06803156649575672,0.08267351024184826,0.10086128303152589,0.12438789060780973,0.16416298414177008,0.2261454168123339,0.29238086118292955,0.3735703596928267,0.44912978333966996,0.516959162739553,0.5778491618159707,0.6329191755903797,0.6842499557568171,0.7285707176045938,0.7663645475834723,0.7989178032490079,0.8274509259526828,0.8538558901794489,0.8768255624928111,0.8960520821115698,0.9122685071075233,0.9261695546085531,0.938361691466458,0.9484946552157566,0.9569736227526872,0.9641447013665431,0.970251913222545,0.975155209995994,0.9792278964930502,0.9826652187766368,0.9855895656726541,0.9881328640250701,0.9904377119257901,0.9922944146310553,0.9938351822923012,0.9951717797054018,0.9960551323886352,0.9966347794668569,0.997196814264191,0.9977633347630916,0.9983240946768227,0.9988917011876816,0.9995315983206289,0.9999178880523764,1.0,1.0,1.0,1.0,1.0,1.0,1.0,1.0
1/0.9,0.001,0.04487534626038775,0.5,3.3335845326210606e-05,4.103236485619974e-05,4.9295499320912e-05,5.897517112243208e-05,7.276280120069482e-05,8.872245519539621e-05,0.00011138705258432128,0.00013117135738840378,0.00016063533399400634,0.00019090201509046667,0.00022990400976390855,0.00027306118062532005,0.0003280228292934633,0.00039568609608165,0.00047392617498466836,0.0005687397407283382,0.0006851791098139407,0.0008244719479333759,0.0009875626133111824,0.0011864444553989998,0.0014229589727346782,0.001710516052106665,0.0020552068040632335,0.0024786570319463167,0.0029863440134582377,0.0036009795638991494,0.004327993743060148,0.005213046271097671,0.006282059781275303,0.007521010553958646,0.009080665379695279,0.010957435697231954,0.013240893884166154,0.015954082281176618,0.019254944801317418,0.023254113010593245,0.02806462658848136,0.033974137050176205,0.04125438347478875,0.05009074338179591,0.061136051611821174,0.07516114056564413,0.09323658194451291,0.11810483925039866,0.14807263096879256,0.18659687481644038,0.212430785624828,0.23715767250450034,0.2624983450122115,0.2891988461453469,0.3191553527829576,0.3520084421847841,0.3896909323289895,0.43572447668861164,0.5073012583951085,0.6165175619465942,0.7601192233371316,0.8184764064374256,0.8512219334374772,0.8759609553203348,0.8959804525402386,0.9126157004087749,0.9266007485738774,0.938398521437215,0.9483682528674021,0.9567875369645418,0.9638883081085808,0.9698720451267244,0.9749004221470136,0.9791187759002048,0.9826610636004488,0.9856314007420012,0.9881332889862711,0.9902478487047466,0.9920728681915786,0.9935216553617544,0.9947125855187199,0.9957211601025271,0.9965720740807475,0.9972940359434073,0.9978992279116028,0.998416972308206,0.9988131305833999,0.9990252806585426,0.9992332755574972,0.999434046116034,0.9996305670625605,0.9998228383970765,0.999941308136345,1.0,1.0,1.0,1.0,1.0,1.0,1.0,1.0,1.0,1.0,1.0
1/0.8,1e-06,9.876543209876548e-06,0.5,2.0739811708905807e-06,2.2625249136988153e-06,2.545340527911167e-06,3.676602984760575e-06,4.336506084589396e-06,5.373496670034686e-06,6.221943512671742e-06,8.248788747860265e-06,9.8042746260282e-06,1.1406896439898194e-05,1.3763693225001127e-05,1.640330562431641e-05,1.8948646152227578e-05,2.3285152236816975e-05,2.6019036507536377e-05,3.1345397241869e-05,3.898141882560251e-05,4.5957537309507184e-05,5.595035567834362e-05,6.745152398964593e-05,8.149803282885941e-05,9.58744932179873e-05,0.00011505881904872517,0.0001361285823075454,0.00016115776416533853,0.0001895807333936799,0.0002211618103140592,0.000258776287004302,0.00030742057264882656,0.0003710540858466057,0.0004547675076534619,0.0005508305446142574,0.0006636268387492837,0.0008083341613546038,0.0009714716348194288,0.0011779270331944457,0.0014183674412106468,0.0017075464067427767,0.002055551020031076,0.0024815184709705796,0.0029892196344174535,0.003602882381322555,0.004342728028102068,0.005246889546738956,0.006339076312891358,0.007598030019557642,0.00909289908441273,0.010966882480119476,0.013234686618616922,0.015953723069590177,0.01922415569640611,0.02316368293051277,0.027918473308522235,0.03365944173329017,0.040587340154971646,0.048986209722107266,0.059177753195863575,0.0715834601132884,0.08675906315630899,0.10546929574575555,0.12881233091161465,0.15845098305764782,0.19726110989290904,0.25098745071702244,0.3300570872744475,0.41116247775890874,0.4878082430947268,0.5615657068344656,0.6359731751275357,0.7196920647029333,0.7823640519483261,0.8268005597486636,0.8588285324754341,0.882478045495228,0.9005602860133161,0.915071696586359,0.9274687776275503,0.9389732925902875,0.9511938024163389,0.9657608805294459,0.9765933784568788,0.9840795077650798,0.9892407513166481,0.9928265704892465,0.9952968234715843,0.9969628902549093,0.9981649037512474,0.9990672741043277,0.9997786967818788,1.0,1.0,1.0,1.0,1.0,1.0,1.0,1.0,1.0,1.0,1.0
1/0.8,3e-06,2.962962962962e-05,0.5,2.7338842707194017e-06,3.2995154991441056e-06,3.5823311133564574e-06,3.865146727568809e-06,4.525049827397631e-06,5.373496670034686e-06,6.316215384075859e-06,8.013109069349971e-06,9.521459011815848e-06,1.1595440182706428e-05,1.432932445342583e-05,1.781738369537817e-05,2.1493986680138745e-05,2.5264861536303436e-05,3.073263007774224e-05,3.638894236198928e-05,4.2422342131852784e-05,5.0623994944010995e-05,5.920273524178567e-05,7.240079723836209e-05,8.786138414863733e-05,0.00010459464132286815,0.0001266542592314316,0.0001505050426966733,0.0001763355354614014,0.0002050884562396572,0.00023789506748829,0.00027843197219206046,0.0003236353345303347,0.0003826966619650142,0.0004554745466889928,0.0005471539416294968,0.0006690946072907226,0.0008088997925830286,0.0009782592095605252,0.001180519509658059,0.0014125697211192936,0.0017066036880287357,0.0020562580590666067,0.0024794444897996894,0.0029901623531314947,0.003607595974892761,0.004342115260937941,0.005241374642261816,0.00633294864125009,0.007607787158247969,0.009090306607949118,0.010966929616055178,0.01323463948268122,0.015953864477397283,0.019221044724649774,0.02315722530732159,0.027911402918166926,0.033656330761533834,0.04058842428149279,0.048990216276641935,0.05918147693478404,0.07158906928963694,0.08675680063139529,0.10546910720201275,0.12880276231666712,0.15844843771711992,0.19726648338957908,0.2509810873657026,0.33005633309947624,0.4111593196512167,0.48780673474478436,0.5615658953782083,0.6359738350306355,0.7196980038308317,0.7823731020479809,0.8268115895576179,0.8588320205346761,0.8824865299636544,0.900568676209871,0.91507881411265,0.9274791475334048,0.9389824369618137,0.9512362718944064,0.965749803584556,0.9765852239400024,0.984074417084024,0.989236650490242,0.992824590779947,0.9952953151216418,0.9969617589924524,0.9981637724887906,0.9990669912887135,0.9997782725584575,1.0,1.0,1.0,1.0,1.0,1.0,1.0,1.0,1.0,1.0,1.0
1/0.8,1e-05,9.876543209875999e-05,0.5,1.6968936852741116e-06,2.356796785102933e-06,2.8281561421235192e-06,3.676602984760575e-06,4.336506084589396e-06,4.9021373130141e-06,5.373496670034686e-06,6.127671641267625e-06,7.541749712329384e-06,1.0369905854452904e-05,1.225534328253525e-05,1.4140780710617595e-05,1.583767439589171e-05,2.0079908609076987e-05,2.4039327208049912e-05,2.9130008263872246e-05,3.5823311133564576e-05,4.3082245231681606e-05,5.213234488647687e-05,6.250225074092977e-05,7.438050653784855e-05,8.993536531952791e-05,0.00010765847714350196,0.00012990663879487366,0.00015696266588785532,0.0001879781115798099,0.0002269595304054124,0.00027169153338666606,0.00032099572213101945,0.00038990846012742917,0.0004801266410611694,0.0005893877400185414,0.0007004871404682936,0.0008165358141667621,0.0009810402297669467,0.0011838190251572032,0.0014212427332884726,0.0017106102425634105,0.0020612073323153226,0.0024859492489265732,0.0029922834702380873,0.0036061818968216993,0.004344472057723044,0.00523618968933459,0.006320834705774661,0.007588461424610124,0.009087478451806994,0.010970087723747217,0.013232235549960416,0.01595174336029069,0.01921977205438582,0.023160666230627836,0.027915032385215983,0.03365765056773349,0.04059709729366197,0.04899709812325444,0.059181052711362724,0.07158642967723762,0.08676759476067106,0.10547146399879785,0.1288133679022001,0.15844923902802685,0.1972741665470985,0.2510075777615672,0.33007726145492794,0.41117247057727757,0.4878281344595931,0.5615962509208005,0.6360429363123747,0.7196674597444969,0.7823767786509658,0.8268275215038853,0.8588573796680838,0.8825092494846628,0.9005959207807068,0.9151078969849782,0.9275208157005654,0.9390474845530825,0.9514815673038,0.9656955972584985,0.9765595819909805,0.9840525460098583,0.9892242537391523,0.9928163891271349,0.9952894702656148,0.9969575638941749,0.9981612742841984,0.9990651058512854,0.9997769527522579,1.0,1.0,1.0,1.0,1.0,1.0,1.0,1.0,1.0,1.0,1.0
1/0.8,3e-05,0.00029629629629629,0.5,1.885437428082346e-06,2.168253042294698e-06,2.45106865650705e-06,2.8281561421235192e-06,3.5823311133564574e-06,4.053690470377044e-06,4.9021373130141e-06,5.93912789845939e-06,6.9761184839046806e-06,8.578740297774674e-06,1.0369905854452904e-05,1.2538158896747601e-05,1.536631503887112e-05,1.8948646152227578e-05,2.2625249136988154e-05,2.733884270719402e-05,3.3749329962674e-05,3.987700160394162e-05,4.8078654416099824e-05,5.816574465634038e-05,7.117526291010857e-05,8.757856853442498e-05,0.00010605585532963196,0.0001274555701383666,0.0001574340252448759,0.00018637548976593993,0.00022644103511268977,0.0002733884270719402,0.0003275947531293076,0.00039085117884147034,0.00047008668675663093,0.0005603520036260733,0.0006786632022382405,0.0008134719783461283,0.0009800503751172035,0.001182970578314566,0.0014282659877080791,0.0017210272843535656,0.0020756780645758547,0.0024860435207979775,0.00299416890766617,0.0036133936949841144,0.004348525748193421,0.005252074499666183,0.00631531980129752,0.0075813438983191135,0.009128816667417699,0.01097404714234619,0.013229313121946888,0.015953440253975965,0.019225381230734365,0.023169622058411228,0.02791837903665083,0.033661138626975444,0.04060355491685315,0.04899992627939656,0.05919297810309534,0.07160165458446939,0.08677659772439016,0.1054954561900702,0.12883957548245045,0.15848383680483216,0.19732573326075656,0.2511151419668393,0.3301837886696146,0.41130162304110124,0.48798952790343697,0.5618382939506306,0.6367966399242506,0.7190698703516661,0.7821455297504114,0.8267718539638211,0.8588780252079213,0.8825693949386186,0.9006782201244427,0.9152157440058645,0.927657887001587,0.9392550712139144,0.9520592181958287,0.9654438442259139,0.9764151103480536,0.9839743946284641,0.9891785318815214,0.9927816970784581,0.9952697203085556,0.9969458270461851,0.9981495374362086,0.9990596380827439,0.9997734175570802,1.0,1.0,1.0,1.0,1.0,1.0,1.0,1.0,1.0,1.0,1.0
1/0.8,0.0001,0.00098765432098765,0.5,1.3198061996576423e-06,1.6026218138699943e-06,1.9797092994864636e-06,2.45106865650705e-06,3.110971756335871e-06,4.053690470377044e-06,4.4307779559935135e-06,5.090681055822334e-06,6.316215384075859e-06,7.918837197945854e-06,9.8042746260282e-06,1.3386605739384657e-05,1.5931946267295824e-05,1.951427738065228e-05,2.271952100839227e-05,2.7527386450002254e-05,3.4314961191098696e-05,4.176243903202396e-05,5.005836371558629e-05,6.089962892705978e-05,7.188230194563944e-05,8.583453891344881e-05,0.00010299201950899816,0.00012297765624667102,0.0001512592176679062,0.00018048349780318257,0.00021781515887921304,0.0002632542008959976,0.0003211371299381256,0.00038915428515619624,0.0004678712977786342,0.0005615304020186247,0.0006815856302517682,0.0008217679030296906,0.000985329599915834,0.0011871656765920493,0.0014188388005676675,0.0017072635911285644,0.002049800435875425,0.0024643138544393284,0.0029700824445224178,0.003573846644930087,0.004306904716968503,0.0052047971561570185,0.00630386576892192,0.0075757818579062705,0.00914324026374253,0.011039896044521965,0.013293889353858708,0.01595952078968153,0.01924725230490012,0.02321341134267844,0.027977958859378232,0.033739290008369456,0.0406916519806803,0.049108244659639894,0.05931901959516265,0.07175168826780905,0.08697376734343186,0.10574339121186302,0.12914982421124138,0.15891899576323357,0.19799836306322494,0.2525352063017352,0.3313200475356484,0.4126596093486775,0.4897542030642506,0.5647547357003241,0.6430885331655043,0.7128512263544935,0.7782847666648629,0.825250258823423,0.858432873431151,0.8826372706860296,0.9010237265331388,0.9157593156163806,0.9284377039218419,0.9406275753896869,0.953659718892592,0.9645630621313852,0.9751788761623957,0.9833577151816741,0.9888560749453836,0.9926083782428816,0.9951666340171752,0.9968845503297724,0.998110084658026,0.9990350802602431,0.9997614921653476,1.0,1.0,1.0,1.0,1.0,1.0,1.0,1.0,1.0,1.0,1.0
1/0.8,0.0003,0.0029629629629629598,0.5,2.168253042294698e-06,2.356796785102933e-06,3.110971756335871e-06,3.393787370548223e-06,3.865146727568809e-06,4.619321698801748e-06,5.93912789845939e-06,6.9761184839046806e-06,7.824565326541737e-06,8.861555911987027e-06,1.1124080825685843e-05,1.3103790125172305e-05,1.536631503887112e-05,1.8854374280823463e-05,2.3567967851029325e-05,2.865864890685166e-05,3.440923306250282e-05,4.1385351546407494e-05,5.0812538686819226e-05,5.9391278984593905e-05,7.174089413853328e-05,8.588167484915086e-05,0.00010412328196584757,0.0001251930452246678,0.00015055217863237534,0.00018458432420926168,0.00022398996645618273,0.0002731056114577278,0.0003264634906724582,0.00039316083969087123,0.00047498882406964507,0.000572984434394225,0.0006866763113075905,0.0008275184871853417,0.0009992818368836434,0.0012004580104600297,0.0014446692933323957,0.0017440296209761702,0.0020953808856993155,0.002529644261322382,0.003045264261967201,0.0036687784194340332,0.0044209265454317834,0.005324946656261566,0.006413174003814994,0.007728785105195153,0.009314437982212407,0.011186394532683963,0.013470083481513004,0.01626868539195133,0.019607983620827975,0.023647768990172912,0.02847910812776252,0.034343195616584235,0.04142310743090485,0.0500037331661076,0.06041945515006291,0.0731131626346273,0.08866707869759262,0.10790466813567381,0.13202417357035293,0.1629889009954921,0.20482374082475444,0.2675175048724417,0.341930158118439,0.42549632726216197,0.5105699979015081,0.5865493082424348,0.6507762628707029,0.7058207130007886,0.7541522988478657,0.7988157661786086,0.8478668349482419,0.8805472632970003,0.9022277668747121,0.9189414626356266,0.9344022380896446,0.9470381569170383,0.9568750496105723,0.9648028426363016,0.9714946371560514,0.977533410422585,0.983798483316424,0.9908972023690898,0.9944390908496139,0.9965322092103995,0.9979368129583852,0.9989426938262671,0.9997135549187386,1.0,1.0,1.0,1.0,1.0,1.0,1.0,1.0,1.0,1.0,1.0
1/0.8,0.001,0.00987654320987654,0.5,1.508349942465877e-06,1.6968936852741116e-06,2.2625249136988153e-06,2.545340527911167e-06,3.393787370548223e-06,4.053690470377044e-06,5.184952927226452e-06,6.787574741096446e-06,8.107380940754088e-06,1.084126521147349e-05,1.3009518253768188e-05,1.5272043167467002e-05,1.8665830538015225e-05,2.2059617908563448e-05,2.6019036507536377e-05,3.167534879178342e-05,3.8745739147092215e-05,4.8502877837418354e-05,5.80243368492342e-05,7.141094258861886e-05,8.460900458519528e-05,0.00010167221330934051,0.000124580278060541,0.0001509292661179918,0.00018175616806713815,0.0002189935572717645,0.00026292424934608316,0.00031482091455404973,0.00038010418550140095,0.00045717144037426687,0.0005479081166007298,0.0006637682465563899,0.0008015937225492095,0.000967559352156158,0.0011632206212554034,0.0013973448138875288,0.0016878907215550183,0.002038157859757016,0.002449041811271861,0.0029571200622043516,0.003560035815769384,0.00429677049079256,0.005179343750877907,0.0062377811870676335,0.007507717566752498,0.009040813875461956,0.010889438137760995,0.013116234012197648,0.015718514750436903,0.01894638362731388,0.02282274870757978,0.027514754019234103,0.03312345900842206,0.040036085386936066,0.04837730770470807,0.05851591752267097,0.07090305288142917,0.08616774284292666,0.1052390838357867,0.12973822209661018,0.17362573765382577,0.23960171831225446,0.3042306953361254,0.37061968106317555,0.4443639467409177,0.5123835058917091,0.5722637259373405,0.6249589681679714,0.6714237824175041,0.7125925443393606,0.7494390823651454,0.7831604135820125,0.8156838321289474,0.8438903060046091,0.8682097149426007,0.889534954972926,0.9088382519053759,0.9273196866629247,0.9460897818907129,0.9577934461817912,0.9659517810690392,0.9720296300262699,0.9767174873755824,0.9804389637711313,0.9834558050638701,0.9858785450230203,0.9879629903716367,0.9896555475508262,0.9913373577366756,0.9937303549203977,0.9946798140732444,0.9953853447588328,0.9959824156563707,0.9965219807123522,0.9973074539448913,0.9980864695542392,0.9989466061089304,0.9994906019428679,0.9998256913097738,1.0
1/0.7,1e-06,3.767781622452902e-06,0.5,3.7594393059435935e-07,5.639158958915391e-07,1.0338458091344883e-06,1.1278317917830782e-06,1.3158037570802578e-06,1.5977617050260273e-06,2.0676916182689766e-06,2.6316075141605156e-06,2.913565462106285e-06,3.3834953753492344e-06,4.0413972538893635e-06,4.3233552018351325e-06,5.1692290456724415e-06,6.2970608374555194e-06,7.941815533805842e-06,9.210626299561805e-06,1.0244472108696292e-05,1.2594121674911039e-05,1.4661813293180015e-05,1.8327266616475018e-05,2.3778453610093228e-05,2.8947682655765672e-05,3.524474349322119e-05,4.229369219186543e-05,4.9342640890509665e-05,6.10908887215834e-05,7.650458987595213e-05,9.577171631891305e-05,0.00012020807180754641,0.0001562516961532806,0.00020291573653830546,0.00025949529809275653,0.0003197873059618269,0.0003868463045815958,0.0004691310323904362,0.0005705889006595889,0.0006915958533196484,0.0008379320283035028,0.0010133568649170956,0.0012214418305010735,0.0014717734952855927,0.001780000525381643,0.0021486605423207366,0.0025796802587471695,0.0031046859578221925,0.0037347679854983387,0.004494550669229539,0.005418291899691205,0.006526386635118078,0.007861974441545865,0.009443946501486928,0.01137634529773326,0.013711943959542042,0.016525367357136254,0.019911118396069055,0.02399969661324801,0.028927851613426817,0.034870679282279805,0.042052900104319745,0.05074759035213211,0.061293851451113025,0.07413454535150264,0.08982475326682353,0.10916970010341748,0.1333032797489484,0.16400629160965047,0.20455931640987268,0.2632081203513064,0.3635382038216674,0.4751650734554496,0.5998053832257295,0.6893682445519028,0.753210760887489,0.7996258324044777,0.8343603259978997,0.8614645675899959,0.8839072924146874,0.9040869287631834,0.925548063985093,0.94830893136105,0.964554878391772,0.9757623308786858,0.9834955915169944,0.9888328674996425,0.9925205015148426,0.9950728788456303,0.9968447025905215,0.9980164258362015,0.9987947237585145,0.999372831537786,0.9998052610439522,1.0,1.0,1.0,1.0,1.0,1.0,1.0,1.0,1.0
1/0.7,3e-06,1.1303344867350001e-05,0.5,1.4097897397288477e-06,1.6917476876746172e-06,1.9737056356203865e-06,1.9737056356203865e-06,2.1616776009175663e-06,2.349649566214746e-06,2.8195794794576954e-06,3.3834953753492344e-06,3.665453323295004e-06,4.0413972538893635e-06,4.981257080375261e-06,5.82713092421257e-06,6.391046820104109e-06,7.048948698644238e-06,8.270766473075906e-06,1.0056500143399113e-05,1.2030205779019499e-05,1.4567827310531425e-05,1.701146285939476e-05,2.0770902165338355e-05,2.396642557539041e-05,2.979355649960298e-05,3.51507575105726e-05,4.3421523983648507e-05,5.319606617910185e-05,6.503829999282417e-05,8.082794507778726e-05,0.00010098793835590978,0.00012443744102673296,0.00015488889940487607,0.00019765252150998443,0.0002492978189753846,0.0003096838128271035,0.00038524854287656974,0.0004699299132429492,0.0005714347745034262,0.0006899980916146223,0.0008358643366852338,0.001008939523732612,0.0012194211318741289,0.0014725253831467814,0.001777274931884834,0.0021500233390691413,0.0025804791395996826,0.0031060957475619213,0.0037356608523335002,0.00449882703144005,0.005418150920717232,0.006522486216838162,0.007862256399493811,0.00944690705994036,0.01137568739585472,0.013713541721247068,0.016525743301066848,0.019913092101704676,0.024001717311874955,0.02892644182368709,0.03487180711407158,0.042056518564651715,0.050749986994689654,0.061293992430087,0.07413111486313596,0.08982423634391896,0.10917063996324396,0.13329909737272055,0.16399985356983904,0.20455950438183798,0.26320064846568586,0.3635373579478236,0.47516700016809393,0.5998191521721876,0.6893727558790699,0.7532210053595977,0.7996325993952283,0.8343640854372056,0.8614696428330589,0.8839118977278372,0.9040938837258995,0.9255664852376922,0.9483059238096052,0.964553280630067,0.9757607331169807,0.9834956855029771,0.988832209597764,0.9925207834727905,0.9950717510138385,0.9968441386746256,0.9980160498922709,0.9987945357865492,0.9993727375518033,0.9998052610439522,1.0,1.0,1.0,1.0,1.0,1.0,1.0,1.0,1.0
1/0.7,1e-05,3.767781622452e-05,0.5,6.579018785401289e-07,6.579018785401289e-07,9.398598264858984e-07,1.2218177744316679e-06,1.785733670323207e-06,2.1616776009175663e-06,2.4436355488633358e-06,3.1955234100520546e-06,3.947411271240773e-06,4.699299132429492e-06,5.075243063023852e-06,6.2970608374555194e-06,7.236920663941418e-06,9.304612282210394e-06,1.0808388004587832e-05,1.3533981501396937e-05,1.607160303290886e-05,2.0113000286798226e-05,2.4389362497309062e-05,3.0122507438873043e-05,3.726544212016587e-05,4.610012448913332e-05,5.3243059170426146e-05,6.47093490535541e-05,7.518878611887187e-05,9.088444522118638e-05,0.00011283017216963211,0.00013449394117013205,0.0001609040022943858,0.0001906035728113402,0.00022899684672328914,0.00026790704353980534,0.0003161218526385319,0.0003775886852907097,0.00045639593174155225,0.0005574778560801107,0.0006876484420484075,0.0008307421006308857,0.0010055090353659384,0.001216084629490104,0.0014731362920339971,0.0017776508758154282,0.0021402957898650123,0.0025836276700184103,0.0031089623200327033,0.003734814978489663,0.004503197379633209,0.005423179170788931,0.006536255163296181,0.007873816675359586,0.009456164679231245,0.011361636491448756,0.013713400742273096,0.016523957567396524,0.019911776297947596,0.02399772290761239,0.028927052732574305,0.034867248793913126,0.04205040947577955,0.05074571063247914,0.06129784585537559,0.07413308856877159,0.08982813676219888,0.1091683842996604,0.13329792254793743,0.16400981608399978,0.2045585645220115,0.2631930825940827,0.3635542754247003,0.4751872541473547,0.5998312763639493,0.6893893913979987,0.7532338814392205,0.7996419979934932,0.8343759276710193,0.8614857144360919,0.8839265595411303,0.9041206697309543,0.925621373051559,0.948297183113219,0.9645475474851254,0.9757572556356228,0.9834917380917058,0.9888299539341804,0.9925189037531376,0.9950709991259774,0.9968433867867644,0.9980152980044097,0.9987941598426185,0.9993724555938553,0.9998050730719868,1.0,1.0,1.0,1.0,1.0,1.0,1.0,1.0,1.0
1/0.7,3e-05,0.00011303344867358,0.5,8.458738438373086e-07,9.398598264858984e-07,1.1278317917830782e-06,1.4097897397288477e-06,1.5977617050260273e-06,2.0676916182689766e-06,2.6316075141605156e-06,3.1955234100520546e-06,4.3233552018351325e-06,4.793285115078082e-06,5.639158958915391e-06,6.673004768049879e-06,7.612864594535777e-06,9.304612282210394e-06,1.10903459525336e-05,1.2876079622856809e-05,1.5601673119665914e-05,1.9455098408258097e-05,2.3214537714201692e-05,2.932362658636003e-05,3.688949818957151e-05,4.431439081881011e-05,5.474683489280358e-05,6.400445418368969e-05,7.575270201476341e-05,9.220024897826664e-05,0.00010784891508925684,0.00013068750887286417,0.00015672162606652357,0.00018736105640996384,0.00022721111305296595,0.0002748150132644767,0.00033087765191436053,0.0003994404262565068,0.0004828999788484546,0.0005797055409765021,0.000701417388506426,0.0008477065704989561,0.0010057909933138842,0.001193762958611064,0.0014612470652289506,0.001766607522854219,0.0021316020864700176,0.0025746990016667945,0.0031136146261738088,0.003741769941205659,0.0045024454917720206,0.005424213016598066,0.006532730688946858,0.007872547864593831,0.009461850831181486,0.011367792573312238,0.013710957106724231,0.016521419945865014,0.019909896578294624,0.023994668363176312,0.028927710634452847,0.034873968791672504,0.04205637758567774,0.05075106783349011,0.06129859774323678,0.07413896269268712,0.08983584361277606,0.10917815884185585,0.1333029038050178,0.1640116018176701,0.20456504955481425,0.263203562031148,0.3636013624020073,0.47534007535514133,0.5998266710507995,0.6894113841179385,0.7532636749957201,0.7996778066528824,0.8344141799659573,0.8615228388992381,0.8839728946305762,0.904183076423433,0.9257834048856451,0.9482669196268061,0.96452677658296,0.9757432517242081,0.9834816815915624,0.9888230929574471,0.9925154262717796,0.995067615630602,0.9968411311231808,0.9980136062567221,0.9987928440388615,0.9993718916779595,0.999804509156091,1.0,1.0,1.0,1.0,1.0,1.0,1.0,1.0,1.0
1/0.7,0.0001,0.00037677816224529,0.5,1.2218177744316679e-06,1.5037757223774374e-06,1.5977617050260273e-06,1.9737056356203865e-06,2.537621531511926e-06,2.913565462106285e-06,3.571467340646414e-06,4.417341184483722e-06,4.793285115078082e-06,5.357201010969621e-06,6.391046820104109e-06,7.800836559832957e-06,8.928668351616035e-06,1.0526430056642062e-05,1.2594121674911039e-05,1.4849785258477195e-05,1.804530866852925e-05,2.1804747974472842e-05,2.7819850863982592e-05,3.270712196170926e-05,3.693649118089581e-05,4.323355201835133e-05,5.319606617910185e-05,6.306459435720378e-05,7.659857585860071e-05,9.107241718648356e-05,0.00011052751559474166,0.00013261422151716027,0.00015686260504049645,0.00018942874802823284,0.0002292788046712349,0.0002754259221516925,0.00033068967994906337,0.0004008032230049114,0.0004816781610740229,0.0005790946320892863,0.0006995376688534541,0.000841644474618122,0.001014202738760933,0.0012222877043449108,0.0014733712569906187,0.0017752072402665649,0.00213677131551569,0.0025739471138056056,0.0030976840021148724,0.0037090158262526253,0.004493187872481134,0.005423978051641444,0.0065260106911874845,0.007855066471821192,0.009460863978363675,0.011399888786386732,0.01371772409747493,0.016532181340878277,0.019924370419622507,0.02400538276519825,0.028941667552876162,0.034890745289575274,0.04208025002527048,0.050779451600249985,0.061333372556816756,0.07417923568625205,0.08988734793126749,0.10923934371656008,0.1333880081123061,0.16412682863239728,0.2047473823611525,0.26367701641874025,0.364082852591116,0.47781040292307686,0.5991337124007314,0.6891687123107398,0.753219595569858,0.7997280891535994,0.8345162487431137,0.8616569568964776,0.884160678623908,0.9044646584274482,0.9263155535194014,0.9480580827733609,0.9644137114458339,0.9756716344054299,0.9834380720956134,0.9887991265318716,0.9925018922902782,0.995055585424823,0.9968340821744822,0.9980087189856244,0.9987888966275903,0.9993694480424106,0.9998028174084033,1.0,1.0,1.0,1.0,1.0,1.0,1.0,1.0,1.0
1/0.7,0.0003,0.0011303344867358701,0.5,6.579018785401289e-07,1.0338458091344883e-06,1.4097897397288477e-06,1.785733670323207e-06,2.0676916182689766e-06,2.2556635835661564e-06,2.537621531511926e-06,2.913565462106285e-06,3.7594393059435936e-06,4.135383236537953e-06,5.639158958915391e-06,6.673004768049879e-06,7.706850577184366e-06,8.552724421021676e-06,9.868528178101934e-06,1.193621979637091e-05,1.5225729189071554e-05,1.9173140460312327e-05,2.330852369685028e-05,2.8618731716495608e-05,3.5479708449842665e-05,4.205872723524395e-05,5.2115227378643066e-05,6.320557333117667e-05,7.382598937046733e-05,9.008556436867337e-05,0.00010845982397647268,0.00012876079622856808,0.0001545129554742817,0.00018637420359215366,0.00022326370178172517,0.00027331123754209926,0.0003286219883307944,0.0003941302182368615,0.0004784356446726466,0.0005755701577399642,0.0006958252225388349,0.0008430072713665266,0.0010156125285006618,0.0012264700805727732,0.0014714445443463225,0.0017675003896893806,0.002124835095719319,0.002565817326306503,0.0030944884787048204,0.0037335931607152314,0.004508601573635503,0.005429476231626386,0.006542129287211718,0.007881805483884717,0.00949911627330165,0.011431891013478577,0.013792489946671883,0.016614231103730497,0.020008675846058293,0.024102705250230866,0.029054403739063143,0.03504055894591713,0.042261267027851664,0.050997499079994714,0.06159488855353646,0.07450433320023352,0.09030224905166968,0.10976853179186297,0.13409294997516186,0.1651288601864052,0.20643165816320658,0.2708869631056615,0.3682060176499096,0.4839624433893056,0.5908153890204353,0.6856417943258688,0.7518421370081602,0.7993512993491612,0.8346253664689687,0.862063634243398,0.8848205542080837,0.9057117584312123,0.9276355866457009,0.9465855103972228,0.963678177145626,0.975296630334662,0.9832368481067628,0.9886880351003811,0.9924319667191877,0.9950155473962147,0.9968108676367681,0.9979892638872161,0.9987778062816377,0.9993619291637987,0.9997978361513229,1.0,1.0,1.0,1.0,1.0,1.0,1.0,1.0,1.0
1/0.7,0.001,0.0037677816224529004,0.5,7.518878611887187e-07,1.0338458091344883e-06,1.0338458091344883e-06,1.2218177744316679e-06,1.5037757223774374e-06,1.6917476876746172e-06,2.4436355488633358e-06,2.913565462106285e-06,3.571467340646414e-06,4.3233552018351325e-06,4.981257080375261e-06,6.2970608374555194e-06,8.646710403670265e-06,1.0244472108696292e-05,1.2970065605505398e-05,1.5225729189071554e-05,1.785733670323207e-05,2.1334818061229895e-05,2.4718313436579127e-05,3.007551444754875e-05,3.637257528500427e-05,4.4737327740728764e-05,5.347802412704762e-05,6.409844016633827e-05,7.67865478238979e-05,9.314010880475253e-05,0.0001147098918226039,0.00013731352064958976,0.00016682511920124697,0.00020197587671181956,0.00024173194737217308,0.00028971179151427817,0.00034990981340069996,0.00042138615320495257,0.0005092160539900598,0.0006108618942245096,0.0007363331810603771,0.0008898592837168486,0.0010678687348532779,0.0012876549552770051,0.0015533533282245686,0.001866373643435697,0.0022443852656483256,0.0027080651110451435,0.0032623004507238776,0.003928003165823839,0.004729609611833662,0.005696255443374409,0.006859754915572626,0.008266490110865395,0.009956217099913067,0.011993833203734495,0.014452177558882336,0.017407237832327973,0.020971374266327798,0.02527908080205194,0.030465885226479666,0.036745840615093145,0.04434249262762204,0.05353958494568244,0.0647315767384505,0.07841151847090069,0.09524891929043026,0.11625328263666772,0.14304450391355283,0.1794060828385872,0.24732857767393998,0.3265254430158523,0.40365344191471253,0.4885360832629339,0.5699878133075599,0.6446842068633358,0.7233386321063917,0.7896862508234934,0.8324804183729626,0.8636796292290579,0.8900659118997015,0.9132200166270602,0.9309819575579039,0.9451884087651515,0.9572926754984982,0.9692138575376452,0.9808565591102046,0.9876192265057012,0.9919123182211236,0.9947494730793365,0.9966646254477668,0.997901011049509,0.9987269598650248,0.9993284701539759,0.9997788509828278,1.0,1.0,1.0,1.0,1.0,1.0,1.0,1.0,1.0
1/0.6,1e-06,1.7578124999999995e-06,0.5,1.8683618562903703e-07,3.7367237125807406e-07,3.7367237125807406e-07,3.7367237125807406e-07,5.605085568871111e-07,9.341809281451852e-07,1.4012713922177777e-06,1.6815256706613333e-06,2.2420342275484446e-06,2.335452320362963e-06,2.8025427844355554e-06,2.9893789700645925e-06,3.5498875269517037e-06,4.297232269467852e-06,5.698503661685629e-06,7.473447425161482e-06,9.435227374266371e-06,1.2518024437145481e-05,1.5227149128766519e-05,1.7562601449129482e-05,2.0458562326379555e-05,2.3541359389258666e-05,2.8492518308428147e-05,3.269633248508148e-05,3.8768508518025186e-05,4.7549809242589926e-05,5.9040234658775705e-05,7.202534955999377e-05,9.028858670523214e-05,0.0001149976722546723,0.00014405069911998755,0.00018403364284460148,0.00023153674304078413,0.00028487847403787424,0.00034410554488227893,0.0004167381120455671,0.0005064194811475049,0.000613102943141685,0.0007268861801897685,0.0008651916666016633,0.0010387624830510386,0.0012426941796651325,0.00149104617941253,0.0017918524382752796,0.002152960076049801,0.002595294745526546,0.003118763028612701,0.0037590039277170034,0.004526013178770607,0.00545206673284093,0.006567105088675022,0.007916295894148707,0.00953135459177251,0.011477206756052523,0.013835780054387079,0.01666597459429573,0.020080592722852012,0.02419346438615041,0.029156207148828894,0.03514907122097307,0.04238724517938119,0.05114435061790697,0.06175645912545064,0.07466352321012219,0.09043543994713657,0.10983482793718512,0.13396593574638183,0.16455966050744053,0.20472663787489906,0.2620376102175852,0.39988020997958396,0.5409965533861747,0.6411170206877637,0.7134046882523806,0.7669971534105848,0.8083523155005512,0.8422001193976645,0.8725618403252183,0.9056354884871776,0.93517699855982,0.9555059899914657,0.9695190775860149,0.979182058270563,0.9858506154080345,0.9904555668752335,0.9936425251116008,0.9958454171582599,0.9973660768730946,0.9984117055859676,0.9990283584166362,0.9994634998929662,0.9997599155014667,0.9999766454767963,1.0,1.0,1.0,1.0,1.0,1.0,1.0
1/0.6,3e-06,5.2734374999999994e-06,0.5,5.605085568871111e-07,6.539266497016296e-07,7.473447425161481e-07,8.407628353306667e-07,1.2144352065887406e-06,1.3078532994032592e-06,1.5881075778468148e-06,1.8683618562903704e-06,1.8683618562903704e-06,2.148616134733926e-06,2.709124691621037e-06,3.1762151556936296e-06,3.736723712580741e-06,4.484068455096889e-06,5.324831290427555e-06,5.791921754500148e-06,7.006356961088889e-06,8.407628353306667e-06,9.902317838338962e-06,1.1490425416185777e-05,1.2985114901218074e-05,1.634816624254074e-05,1.943096330541985e-05,2.330781415722237e-05,2.970695351501689e-05,3.7647491404250964e-05,4.675575545366652e-05,5.950732512284829e-05,7.426738378754222e-05,9.416543755703466e-05,0.00012489999009301125,0.00016292115386852028,0.00021953251811411851,0.000280160860350741,0.0003419102197011378,0.00041029226364136534,0.0004987591975367144,0.0006141305421626447,0.000730202522484684,0.000868928390314244,0.0010392762825615185,0.0012431145610827979,0.0014919803603406752,0.0017930201644354611,0.002154594892674055,0.002594220437459179,0.0031210517718866563,0.003758443419160116,0.004528769012508636,0.005451786478562486,0.0065676188881855025,0.007916342603195113,0.009539949056311446,0.011485194002988164,0.01383405181967001,0.016665600921924473,0.02007933157859902,0.024195613002285146,0.02915728145689626,0.035148464003369774,0.04238663796177789,0.05114229541986505,0.06175561836261531,0.07466375675535422,0.09043576691046142,0.10983580882715967,0.13396743043586687,0.16455905328983725,0.20472645103871343,0.262038731234699,0.3998828256861828,0.5410011308727226,0.6411201969029193,0.7134047816704734,0.7669992086086267,0.8083539036081291,0.8422009601604997,0.8725662309755805,0.9056339937976926,0.9351751301979637,0.9555060834095586,0.9695187039136436,0.9791823385248415,0.9858503351537561,0.9904554734571407,0.9936427119477864,0.9958453237401671,0.9973662637092803,0.9984117990040604,0.9990282649985434,0.9994634064748734,0.9997599155014667,0.9999766454767963,1.0,1.0,1.0,1.0,1.0,1.0,1.0
1/0.6,1e-05,1.7578125e-05,0.5,7.473447425161481e-07,8.407628353306667e-07,1.0275990209597037e-06,1.0275990209597037e-06,1.2144352065887406e-06,1.4946894850322962e-06,1.5881075778468148e-06,1.6815256706613333e-06,2.2420342275484446e-06,3.1762151556936296e-06,3.830141805395259e-06,4.8577408263549625e-06,5.791921754500148e-06,6.726102682645333e-06,7.380029332346963e-06,9.855608791931704e-06,1.1443716369778519e-05,1.4526513432657629e-05,1.8450073330867408e-05,2.218679704344815e-05,2.6203775034472445e-05,3.096809776801289e-05,3.741394617221466e-05,4.423346694767452e-05,5.301476767223926e-05,6.198290458243304e-05,7.4407510926764e-05,8.818667961690548e-05,0.00010518877250914785,0.00012191061112294667,0.00014465791672328191,0.0001733372712173391,0.00020267055236109792,0.00024274691417852637,0.00029585509994358014,0.0003767551683209532,0.0004858675007283108,0.0005904490556341643,0.0007203936227391596,0.000875607783950482,0.001042218952485176,0.0012474117933522657,0.0014943158126610383,0.0017938609272707918,0.002155856036927051,0.0025962756355010987,0.0031217991166291727,0.003756107966839753,0.00452648026923468,0.0054506187524023045,0.006568739905299277,0.007914427532292417,0.00952434823481142,0.01147197534285491,0.01382555077322389,0.016667842956152024,0.0200862912265137,0.02419267033236149,0.029154478914111825,0.03514752982244163,0.04238845961458778,0.051144911126463855,0.06175655254354346,0.07466590537148896,0.09043366500337309,0.10983496806432434,0.13396850474393424,0.16456064139741508,0.20472925358149788,0.26203083740585614,0.3999082354074283,0.5410117805353034,0.6411300992207577,0.7134144037340333,0.7670083635817225,0.8083593218575122,0.8422058179013261,0.8725787490000178,0.9056259598417106,0.935177465650284,0.9555032808667742,0.9695178631508082,0.979180563581078,0.9858499614813849,0.9904553800390479,0.9936426185296936,0.9958446698135174,0.9973663571273731,0.9984117990040604,0.9990282649985434,0.9994633130567806,0.9997600089195595,0.9999766454767963,1.0,1.0,1.0,1.0,1.0,1.0,1.0
1/0.6,3e-05,5.273437499999e-05,0.5,6.539266497016296e-07,7.473447425161481e-07,7.473447425161481e-07,7.473447425161481e-07,1.0275990209597037e-06,1.2144352065887406e-06,1.3078532994032592e-06,1.6815256706613333e-06,2.4288704131774812e-06,2.709124691621037e-06,3.3630513413226666e-06,4.484068455096889e-06,5.791921754500148e-06,7.473447425161482e-06,9.622063559895408e-06,1.1583843509000296e-05,1.4292968200621333e-05,1.7095510985056888e-05,1.999147186230696e-05,2.2887432739557038e-05,2.7184665009024887e-05,3.110822490723467e-05,3.661989238329126e-05,4.362624934438015e-05,5.306147671864652e-05,6.436506594920326e-05,7.66962542007197e-05,9.070896812289748e-05,0.00011032676761394637,0.00013097216612595496,0.00015876404873827423,0.00018996569173832342,0.00022770660123538889,0.0002752564104779788,0.0003322414470948351,0.00040211818052009494,0.0004831116669902825,0.0005828821901161883,0.0006947970653079815,0.0008100282827946901,0.00100601944151955,0.0012383035293028503,0.0015069739642374054,0.0018010541204175098,0.0021606203596605915,0.0025984709606822398,0.0031252088770169027,0.0037615262162229955,0.004528628885369414,0.005456037001785547,0.006568179396742389,0.007914053859921158,0.00953850107587282,0.011482298042110914,0.013831109149746354,0.016667469283780764,0.0200779303072068,0.02419453869421778,0.029158916273520515,0.03514701602293115,0.042390654939768915,0.05114691961545937,0.06176038268534885,0.07466973551329435,0.09044020426987011,0.10984281518412076,0.1339741098295031,0.16456932928004683,0.20473756779175836,0.2620361155281002,0.39993411221913794,0.5410469991562945,0.6411622350446858,0.7134405608000214,0.767033306212504,0.8083906169186051,0.8422319749673142,0.8726156491466794,0.9056141891620159,0.935170459293323,0.955500851996361,0.96951393959091,0.9791778544563864,0.9858482799557142,0.9904557537114191,0.9936421514392295,0.9958442961411461,0.9973668242178372,0.998411985840246,0.9990281715804505,0.9994633130567806,0.9997600089195595,0.9999766454767963,1.0,1.0,1.0,1.0,1.0,1.0,1.0
1/0.6,0.0001,0.00017578124999999002,0.5,9.341809281451852e-07,1.1210171137742223e-06,1.2144352065887406e-06,1.4946894850322962e-06,1.6815256706613333e-06,1.8683618562903704e-06,2.0551980419194075e-06,2.4288704131774812e-06,2.895960877250074e-06,3.3630513413226666e-06,3.923559898209778e-06,4.297232269467852e-06,5.324831290427555e-06,5.978757940129185e-06,7.940537889234074e-06,9.341809281451852e-06,1.1023334952113184e-05,1.3078532994032592e-05,1.6535002428169777e-05,2.0645398512008593e-05,2.456895841021837e-05,2.9520117329387852e-05,3.540545717670252e-05,4.2878904601864e-05,5.128653295517067e-05,6.137568697913867e-05,7.352003904502607e-05,8.837351580253452e-05,0.00010752422482951081,0.00013125242040439852,0.00015965152062001216,0.0001957109044464163,0.00023312485061863095,0.00027740502661271273,0.0003328953737445367,0.0004042667966548289,0.0004867082635636415,0.0005849840972045149,0.0007065677450026108,0.0008532341507214049,0.001022787989179756,0.001232885279919608,0.0014813774068062275,0.001785406589871078,0.0021519791860752486,0.0025906705499322276,0.0031217524075827655,0.0037819380695029675,0.004538484494161346,0.005464491339185261,0.006576960697466955,0.007917603747448109,0.00953868791205845,0.011483699313503131,0.013823355448042748,0.016666441684759805,0.020087739206952324,0.024199396435044134,0.029165875921435196,0.03515883341167219,0.04239920269526145,0.05116051194796388,0.06178018732102553,0.07468916647659977,0.09046706197155428,0.10987443720853847,0.1340158677169912,0.16462790242424155,0.20482000925866717,0.26218904094603757,0.3996639470947183,0.5409803920561177,0.6411786766290212,0.7134943696214825,0.7670934674642765,0.8084559161654825,0.8423203484831168,0.8727526000707455,0.9056259598417106,0.9351472916063049,0.9554832893949119,0.9695025425835867,0.9791737440603026,0.9858438893053519,0.99045379193147,0.9936392554783523,0.9958430817059396,0.997365890036909,0.9984112384955035,0.9990276110718936,0.9994627525482237,0.9997599155014667,0.9999765520587035,1.0,1.0,1.0,1.0,1.0,1.0,1.0
1/0.6,0.0003,0.00052734374999999,0.5,3.7367237125807406e-07,3.7367237125807406e-07,3.7367237125807406e-07,4.670904640725926e-07,6.539266497016296e-07,7.473447425161481e-07,1.0275990209597037e-06,1.3078532994032592e-06,1.7749437634758519e-06,2.0551980419194075e-06,2.709124691621037e-06,3.5498875269517037e-06,4.2038141766533335e-06,5.231413197613037e-06,6.352430311387259e-06,7.2866112395324445e-06,9.622063559895408e-06,1.2331188251516444e-05,1.4666640571879408e-05,1.943096330541985e-05,2.3494650342851406e-05,2.9753662561424146e-05,3.5078493851851705e-05,4.147763320964622e-05,5.081944249109807e-05,6.35243031138726e-05,7.641599992227614e-05,9.136289477259911e-05,0.00011070043998520445,0.00013270040084302354,0.00015881075778468147,0.00019188076264102104,0.0002330781415722237,0.0002784326256336724,0.000336912351735561,0.00040660224897519186,0.00048549382835705275,0.0005848906791117005,0.0007076420530699777,0.0008520664245612234,0.0010236754610614938,0.001235033896054342,0.0014874962918855783,0.0017914320568576142,0.00215604287311268,0.0025980038702181673,0.0031301133268896645,0.003768532573184084,0.0045357753694697245,0.005466126155809515,0.006580417166901092,0.007928486955261,0.009573252606399822,0.011511210941837009,0.013862497628932031,0.01669974523484818,0.02011931452232363,0.024250356004674456,0.029217909799132885,0.03521950846295522,0.04247529173185887,0.05125346295031433,0.06189355017665595,0.07483457173806557,0.09064558394692283,0.11010116291979931,0.1343177015748749,0.16505178702038742,0.20550751971273562,0.2644564381857851,0.3968692514300792,0.5393149342974205,0.6405282998668466,0.713306786091111,0.7671222402368635,0.808599686610324,0.8425544542237099,0.8731849390042911,0.9057522611031957,0.9350033343252778,0.955410703536795,0.969461064950377,0.9791502961190061,0.9858324922980286,0.9904440764498172,0.9936355187546396,0.9958402791631551,0.997364862437888,0.9984102108964825,0.9990255558738518,0.9994618183672955,0.9997593549929098,0.9999764586406107,1.0,1.0,1.0,1.0,1.0,1.0,1.0
1/0.6,0.001,0.0017578124999999899,0.5,2.8025427844355557e-07,2.8025427844355557e-07,3.7367237125807406e-07,5.605085568871111e-07,9.341809281451852e-07,1.2144352065887406e-06,1.4012713922177777e-06,2.5222885059919998e-06,2.895960877250074e-06,3.6433056197662223e-06,4.110396083838815e-06,5.137995104798518e-06,5.885339847314666e-06,6.632684589830815e-06,7.847119796419556e-06,9.341809281451852e-06,1.2237770158701926e-05,1.4946894850322963e-05,1.7562601449129482e-05,2.129932516171022e-05,2.5596557431178074e-05,2.9893789700645926e-05,3.619951096562593e-05,4.3019031741085776e-05,5.226742292972311e-05,6.254341313932015e-05,7.571536422616725e-05,9.094251335493378e-05,0.00011018664047472458,0.0001323267284717655,0.00016296786291492756,0.00019636483109611793,0.00023429257677881244,0.0002814687136501443,0.0003401352759376619,0.0004101054274557363,0.0004959099457058716,0.0005930180531865635,0.0007170305713978368,0.0008649581213696269,0.00103993020921122,0.001257173984051383,0.0015118317050637604,0.0018268842230807242,0.00219439100021304,0.002640368975309551,0.003185463546882267,0.003836587653799461,0.0046211127972557876,0.005565756551796199,0.006705457284133324,0.008075527033351054,0.009729961457096176,0.011714535420847808,0.014117015222805188,0.017001812637963926,0.02048252406718648,0.02468722571572155,0.02971900444898996,0.035872968022192774,0.04326215232763556,0.05221707057769608,0.06308000666444674,0.07631356698350503,0.09251375896702757,0.11252601635498577,0.13762077850061066,0.1699642241400853,0.21542772711584857,0.3071778398831639,0.3979240351160479,0.51418397264083,0.6296092195063143,0.7086953887755079,0.7654472538326991,0.8083746424247339,0.8432517268684775,0.8757836435102054,0.9063818056306728,0.9335118210554012,0.9546900763688237,0.9691071972147957,0.9789717741436376,0.9857365519167081,0.9903960595501106,0.9936094551067444,0.9958251454321192,0.9973570153180916,0.9984055399918418,0.9990187363530763,0.9994575211350261,0.9997572997948678,0.9999767388948891,1.0,1.0,1.0,1.0,1.0,1.0,1.0
1/0.5,1e-06,8.888888888888889e-07,0.5,1.849129436795392e-07,3.698258873590784e-07,3.698258873590784e-07,5.547388310386176e-07,7.396517747181568e-07,9.245647183976961e-07,1.0170211902374656e-06,1.2019341339170048e-06,1.2943906057567746e-06,1.4330753135164288e-06,2.0340423804749313e-06,2.6812376833533185e-06,3.051063570712397e-06,3.6982588735907843e-06,4.530367120148711e-06,5.316247130786753e-06,6.703094208383296e-06,7.812571870460531e-06,9.661701307255923e-06,1.174197192365074e-05,1.4099611955564864e-05,1.715067552627726e-05,2.0756477928028278e-05,2.6165181530654797e-05,3.166634160512109e-05,3.998742407070036e-05,4.743017005380181e-05,5.764661019209635e-05,7.280947157381857e-05,9.000637533601572e-05,0.00011533944862011258,0.000147283159640753,0.00018750172489105275,0.00023761313262820789,0.0002906831474642356,0.0003546630259773562,0.00042580828105805895,0.0005186345787851876,0.0006311078767782673,0.0007665103797876099,0.0009120830946993272,0.0010879353041385689,0.0013009550152573981,0.0015618209505533082,0.0018755257595056464,0.0022560303693622183,0.002711979460240042,0.0032660248677398615,0.003930833128503725,0.00473127503345653,0.005692961025297894,0.006858421081074109,0.008279060999128089,0.00996440379605933,0.012011297626119988,0.014457372273348854,0.017427767572381053,0.02099122491002945,0.02529784736832592,0.030481234549078924,0.036746870960952346,0.044322476894087554,0.05348967476170847,0.06459059973785816,0.07811411541738943,0.09463862948813184,0.11500669777796126,0.1404159551948541,0.17280784896273776,0.21592913137468303,0.28481812494484393,0.4262820742480018,0.5542816800136059,0.646763300013716,0.7154932222240765,0.768826553091904,0.8131096897572236,0.8553021082248307,0.8989563559686963,0.9305250635395546,0.9522809034716989,0.9672833528747792,0.9776338548972413,0.9847680736338135,0.9896970206040634,0.9930996961371825,0.9954590928420616,0.9971015820642951,0.9982330643666701,0.9989909300663408,0.9994027311919151,0.9996408066069025,0.9998290479835683,0.9999999075435282,1.0,1.0,1.0,1.0,1.0,1.0
1/0.5,3e-06,2.666666666666667e-06,0.5,2.773694155193088e-07,3.698258873590784e-07,4.6228235919884804e-07,5.547388310386176e-07,6.471953028783873e-07,8.321082465579264e-07,1.0170211902374656e-06,1.2943906057567746e-06,1.5717600212760833e-06,2.0340423804749313e-06,2.588781211513549e-06,3.1435200425521665e-06,3.2359765143919363e-06,3.513345929911245e-06,4.068084760949863e-06,5.5473883103861765e-06,6.564409500623642e-06,7.488974219021338e-06,8.783364824778113e-06,1.0540037789733735e-05,1.2481623698368898e-05,1.5717600212760833e-05,1.913848967083231e-05,2.357640031914125e-05,2.801431096745019e-05,3.40702098729551e-05,4.220637939485482e-05,5.0712374804113627e-05,6.296285732288311e-05,8.080695638795864e-05,0.0001025342272703045,0.00012869940880095928,0.00016993499524149653,0.00022152570652808797,0.00028370268384033304,0.00035369223302303865,0.0004264554763609373,0.0005153061457989559,0.0006251906625805221,0.0007670188903827287,0.0009130076594177248,0.0010892759229802456,0.0013031739705815525,0.0015621445482047473,0.0018733530324174118,0.0022563539670136575,0.0027134587637894785,0.0032646842488981845,0.003927042413158294,0.004733124162893326,0.005708493712566975,0.0068617495140603415,0.00826694920131708,0.009960844221893498,0.01200311522836217,0.014453396645059744,0.017429570473581926,0.020993166495938086,0.025291375415297135,0.030480078843180925,0.03674562279858251,0.0443211825034818,0.053490183272303586,0.06459281869318231,0.0781105558432236,0.09463839834695224,0.11500831576621845,0.14041216447950866,0.17280373464974091,0.2159288077770316,0.28481183790475884,0.4262846168009774,0.5542849159901203,0.6467674605549487,0.7154960883747036,0.7688297890684183,0.813111816256076,0.8553043271801548,0.8989557087733934,0.9305262654736884,0.9522814582105299,0.9672832604183073,0.9776341322666569,0.9847681660902853,0.9896970206040634,0.993099973506598,0.9954591852985334,0.9971015820642951,0.9982329719101983,0.9989909300663408,0.9994027311919151,0.9996408066069025,0.9998290479835683,0.9999999075435282,1.0,1.0,1.0,1.0,1.0,1.0
1/0.5,1e-05,8.88888888888889e-06,0.5,1.2943906057567746e-06,1.5717600212760833e-06,1.6642164931158528e-06,1.8491294367953922e-06,2.126498852314701e-06,2.2189553241544704e-06,2.588781211513549e-06,3.051063570712397e-06,3.513345929911245e-06,4.252997704629402e-06,4.900193007507789e-06,5.732301254065715e-06,6.7493224443031815e-06,7.766343634540646e-06,8.598451881098573e-06,9.615473071336038e-06,1.1372146036291662e-05,1.3776014304125672e-05,1.4700579022523367e-05,1.7196903762197146e-05,1.9970597917390235e-05,2.4593421509378714e-05,3.0233266291604663e-05,3.67976757922283e-05,4.345454176469172e-05,5.20067654098704e-05,6.319399850248252e-05,7.51208833698128e-05,9.06535706388941e-05,0.00010470695435853908,0.00012421526991673046,0.00014742184434851264,0.0001751587859004435,0.00020973750636851736,0.00025208257047113186,0.0003092206700681094,0.0003967307206644514,0.0005037490868189847,0.0006158987871606252,0.0007434424900635874,0.0009112972146886891,0.0010945921701110324,0.001306964685926983,0.0015649182423599403,0.0018783919101326792,0.0022553831740593396,0.0027148918391029946,0.0032655625853806624,0.003932266203817241,0.004734279868791323,0.00569836972890052,0.006861241003465223,0.00827060123195475,0.0099682869678766,0.012003207684834009,0.014462041325176762,0.017433407417163278,0.02099191833356825,0.025300158780121915,0.03048553377501947,0.036749228600984264,0.04432321654586227,0.05348833414286679,0.06459351211672112,0.07811074075616728,0.09464103335639969,0.11501136682978916,0.1404136437830581,0.17280946695099497,0.2159325060359052,0.28479306924097536,0.42630426380124337,0.5542939767243605,0.6467748570726959,0.7155064434995496,0.7688358911955597,0.8131200448820697,0.8553201372368394,0.8989579277287175,0.9305254333654419,0.9522827526011357,0.9672846472653849,0.9776344096360724,0.9847685359161726,0.9896972055170071,0.993099973506598,0.9954589079291178,0.9971018594337105,0.9982329719101983,0.998990837609869,0.9994027311919151,0.9996408066069025,0.9998290479835683,1.0,1.0,1.0,1.0,1.0,1.0,1.0
1/0.5,3e-05,2.666666666666e-05,0.5,1.849129436795392e-07,3.698258873590784e-07,5.547388310386176e-07,5.547388310386176e-07,1.0170211902374656e-06,1.2943906057567746e-06,1.5717600212760833e-06,1.7566729649556226e-06,2.0340423804749313e-06,2.4963247396737793e-06,2.8661506270328576e-06,3.513345929911245e-06,4.437910648308941e-06,4.992649479347559e-06,6.194583613264564e-06,7.951256578220186e-06,9.707929543175808e-06,1.15570589799712e-05,1.4608122550683597e-05,1.830638142427438e-05,2.0617793220268623e-05,2.5055703868577562e-05,3.060309217896374e-05,3.7075045207747613e-05,4.437910648308941e-05,5.501160074466292e-05,6.619883383727504e-05,8.015976108508024e-05,9.606227424152062e-05,0.00011594041568707109,0.0001365582089073397,0.00016235356455063542,0.00019730211090606835,0.0002375206761563681,0.00029059069099239586,0.0003487920400155308,0.00041808816565943815,0.0005041189127063438,0.0006059134882019301,0.0007096496496061517,0.0008429256537631795,0.0010653759250096651,0.0012942981492849346,0.0015768913554631905,0.0018835232443197864,0.002260884334133806,0.002717110794427149,0.003266995660694179,0.003930971813211484,0.004732615652298207,0.005696150773576366,0.006862304252891379,0.008275224055546739,0.009961861243083736,0.012008107877841517,0.014467357572307549,0.017427027920606332,0.020994414658307925,0.025291652784712654,0.030484424297357395,0.03675084658924146,0.044324603392939865,0.05349425135706454,0.06459734906030247,0.07811628814447766,0.09464796759178766,0.11501848597812082,0.14042325925612945,0.17281991453231288,0.21595501918679819,0.28471401895755233,0.4263382877828804,0.5543226382306309,0.6467981561035995,0.7155230856644808,0.7688521635346035,0.8131365021340572,0.8553549008702511,0.8989641223123308,0.930528299516069,0.952285526295291,0.9672838151571383,0.9776345020925442,0.9847696453938347,0.9896979451687818,0.9931008056148446,0.9954593702114771,0.9971018594337105,0.9982333417360857,0.9989909300663408,0.999402823648387,0.9996408066069025,0.9998290479835683,1.0,1.0,1.0,1.0,1.0,1.0,1.0
1/0.5,0.0001,8.888888888888e-05,0.5,1.0170211902374656e-06,1.1094776620772352e-06,1.2943906057567746e-06,1.6642164931158528e-06,2.31141179599424e-06,2.4963247396737793e-06,2.8661506270328576e-06,3.513345929911245e-06,3.7907153454305537e-06,4.160541232789632e-06,4.992649479347559e-06,5.362475366706637e-06,6.287040085104333e-06,7.211604803502029e-06,8.505995409258804e-06,9.800386015015579e-06,1.146460250813143e-05,1.4515666078843828e-05,1.654970845931876e-05,1.9323402614511847e-05,2.2282009713384476e-05,2.6350094474334338e-05,3.097291806632282e-05,3.689013226406807e-05,4.5026301785967797e-05,5.4040807790345334e-05,6.495067146743815e-05,8.103809756755806e-05,9.740289308319728e-05,0.00011580173097931143,0.00013817619716453567,0.0001666527904911847,0.00019965975093798246,0.00024066419619892028,0.0002886491050837607,0.00034943923531840924,0.00041901273037783587,0.0005066614656819374,0.0006116457894559959,0.0007347053534747292,0.0008862877390560315,0.0010691666403550956,0.0012873176856610321,0.0015482760774287818,0.001862396940504399,0.002244473310382247,0.002681792422184357,0.0032746695478568797,0.003947151695783444,0.004738717779439632,0.005703685976031307,0.006875340615420787,0.008272589046099305,0.00996001211364694,0.012001774609520493,0.014459267631021568,0.017429801614761525,0.021006249086703413,0.025308341177879733,0.030496998377527604,0.03676138662703119,0.044335698169560636,0.05350284980894564,0.0646155629852549,0.07813838524124736,0.0946724685568252,0.1150507532867929,0.140462183430774,0.17287659034955064,0.21604419345388765,0.28429990642018205,0.4263280251145062,0.5543543508004719,0.646844569252463,0.7155704233780626,0.7688998710740729,0.8131880928453438,0.8554836927355239,0.8989767888489728,0.9305383772714995,0.9522928303565662,0.9672899172842797,0.977638662633777,0.9847732511962365,0.9897004414935215,0.9931027472007532,0.9954600174067799,0.9971016745207669,0.9982338964749167,0.9989910225228126,0.9994029161048588,0.9996409915198462,0.9998291404400401,1.0,1.0,1.0,1.0,1.0,1.0,1.0
1/0.5,0.0003,0.00026666666666665996,0.5,6.471953028783873e-07,8.321082465579264e-07,1.0170211902374656e-06,1.1094776620772352e-06,1.2943906057567746e-06,1.7566729649556226e-06,1.8491294367953922e-06,2.31141179599424e-06,2.6812376833533185e-06,3.513345929911245e-06,3.6982588735907843e-06,4.252997704629402e-06,5.454931838546407e-06,6.7493224443031815e-06,7.766343634540646e-06,9.060734240297422e-06,1.0724950733413274e-05,1.2666536642048436e-05,1.5070404909882446e-05,1.839883789611415e-05,2.2466922657064013e-05,2.6904833305372956e-05,3.245222161575913e-05,3.809206639798508e-05,4.4748932370448486e-05,5.2145450117630055e-05,6.287040085104333e-05,7.766343634540647e-05,9.476788363576384e-05,0.00011520076391235293,0.00013914699011885326,0.00016827077874838068,0.00020007580506126141,0.0002445473680161906,0.0002923473639573515,0.0003544781130336767,0.00042816592108997306,0.0005130409622388815,0.000611183507096797,0.0007309608663652185,0.0008878132708413876,0.0010708308568482116,0.0012887045327386287,0.0015492006421471795,0.0018745087383154088,0.0022558454564185386,0.002713088937902119,0.003260847305316834,0.003931295410862923,0.004744727450109216,0.005708771081982494,0.006881442742562212,0.00825807338002046,0.00998765659872703,0.012025674607491073,0.01448326008546399,0.01745217608094675,0.021015263592707792,0.025337187597093743,0.0305381415074963,0.03680983381827523,0.04439214284561882,0.053566598546279154,0.064703211720559,0.07824147420734871,0.09480075191150289,0.11521236719956882,0.14068740739617566,0.17319880115391223,0.21664918237737116,0.28670839751160804,0.42521568130180193,0.5539427345878413,0.6467334365733117,0.7155907638018675,0.7689847461152217,0.813316607341201,0.8557989693044976,0.8990035087693345,0.9305631556059526,0.952311414107406,0.9673040631244713,0.9776459666950523,0.984779260866906,0.9897061737947755,0.9931040415913589,0.9954631609268225,0.9971040783890347,0.9982357456043535,0.9989909300663408,0.9994031010178025,0.9996411764327898,0.9998293253529837,1.0,1.0,1.0,1.0,1.0,1.0,1.0
1/0.5,0.001,0.00088888888888888,0.5,5.087293328708521e-07,7.86218059891317e-07,8.787143022314718e-07,1.0174586657417043e-06,1.294947392762169e-06,1.6649323621227887e-06,1.8499248468030986e-06,2.358654179673951e-06,2.7286391490345704e-06,2.9136316337148804e-06,3.2836166030755003e-06,3.83859405711643e-06,4.8560527228581335e-06,5.596022661579373e-06,6.5672332061510005e-06,7.445947508382472e-06,9.527112961035957e-06,1.1978263383050063e-05,1.5215631864955485e-05,1.8453000346860908e-05,2.118163949589548e-05,2.5898947855243382e-05,2.9968782518210198e-05,3.676725633021158e-05,4.393571511157359e-05,5.3555324314949704e-05,6.331367788183605e-05,7.769684356573014e-05,9.300497167302578e-05,0.00011266042317030871,0.0001368944386634293,0.00016718695802983005,0.00020122557521100705,0.00024289513238524686,0.0002935830731876518,0.00035375187882992254,0.0004252052260376922,0.000511596716383397,0.0006168574401664933,0.0007443172621112267,0.0008938836859752572,0.0010767025089605735,0.0012964735807607815,0.0015646664354260608,0.001882946005318534,0.0022679153659382585,0.0027311827956989247,0.0032935137010058966,0.0039704936986934905,0.004782841947045901,0.0057645045670019655,0.006941473002659267,0.00835860793155278,0.010068169730604695,0.01213129841600185,0.014619956064284888,0.01761799051913516,0.021238524684934673,0.025596855127760436,0.030857440166493236,0.03720166493236212,0.04486581107642502,0.05413527575442248,0.0653998381315759,0.07911841831425598,0.09592221066019192,0.11668262226847034,0.142738813735692,0.17641706555671177,0.22539789571048677,0.30520411608278414,0.4129244999421898,0.5463506995028327,0.6434292981847612,0.7142583882529773,0.7685749566423864,0.8134233321771303,0.8566208347785871,0.8988708983697538,0.9305248699271592,0.9523145797201988,0.9673146953405017,0.9776591513469766,0.9847843681350446,0.9897049832350561,0.9931007977800902,0.9954582495086137,0.9970943230431264,0.9982248121170078,0.9989862411839519,0.9993984044398196,0.9996368597525725,0.9998236096658574,0.9999927852930974,1.0,1.0,1.0,1.0,1.0,1.0
1/0.4,1e-06,4.5351473922902503e-07,0.5,9.088644778998469e-08,9.088644778998469e-08,1.3632967168497702e-07,4.544322389499234e-07,6.362051345298928e-07,9.088644778998468e-07,1.181523821269801e-06,1.2724102690597857e-06,1.3632967168497702e-06,1.726842508009709e-06,2.226717970854625e-06,2.7265934336995404e-06,3.3173553443344412e-06,3.817230807179357e-06,4.6806520611842114e-06,5.9985055541389895e-06,7.3163590470937675e-06,8.452439644468576e-06,9.815736361318346e-06,1.163346531711804e-05,1.4814490989767504e-05,1.7541084423467044e-05,2.108565588727645e-05,2.5357318933405728e-05,3.1083165144174764e-05,3.8717626758533476e-05,4.698829350742208e-05,5.7076689212110384e-05,6.907370032038836e-05,8.488794223584569e-05,0.00010420131239121744,0.0001286952100706183,0.00016277762799186258,0.0002047671668708355,0.0002618438560829459,0.00033091755640333423,0.00040930711762219603,0.0004971943126351112,0.0006071669144609927,0.0007365437728900359,0.000890550858670165,0.0010806398642229178,0.0013047658444730202,0.0015741532757225347,0.00189870878078057,0.0022938376125475283,0.002765129287562494,0.0033344874397428534,0.004013954523420779,0.0048445657697734484,0.005833455764952377,0.007029112428853521,0.008469526296653093,0.010206320870695805,0.012293391814521118,0.014809764894482425,0.01783678348135176,0.021491236660539252,0.02589227656509758,0.031208951987916102,0.03762289949490311,0.04537628602619502,0.05476281113782516,0.06614565707516232,0.07999911476599852,0.09694852841435277,0.11785568331816969,0.1440024873803031,0.17751222979402267,0.22287152005448096,0.29345339008949634,0.39394412692001596,0.5270376503017589,0.6249582092752256,0.699145817353413,0.7586740321649865,0.8118624173677458,0.867292516805245,0.9086545756486759,0.9371631094998559,0.9568154861054844,0.9703646559691197,0.9797082372341691,0.9861540858843304,0.9906098848736822,0.9937052046260657,0.9958482161785057,0.9973568403253716,0.9984204844238579,0.9991244908484391,0.9994418663241217,0.9996350909121232,0.9997972323349805,0.9999377427832639,1.0,1.0,1.0,1.0,1.0,1.0
1/0.4,3e-06,1.3605442176870747e-06,0.5,2.7265934336995403e-07,2.7265934336995403e-07,2.7265934336995403e-07,2.7265934336995403e-07,5.907619106349005e-07,8.179780301098622e-07,1.3632967168497702e-06,1.5450696124297398e-06,1.590512836324732e-06,1.9086154035896784e-06,2.272161194749617e-06,2.8174798814895252e-06,3.044696000964487e-06,3.999003702759326e-06,4.816981732869188e-06,5.907619106349004e-06,6.998256479828821e-06,9.088644778998468e-06,1.1360805973748085e-05,1.4178285855237612e-05,1.7359311527887076e-05,2.0722110096116508e-05,2.463022735108585e-05,2.890189039721513e-05,3.530938496640905e-05,4.226219822234288e-05,5.1487172673026326e-05,6.239354640782449e-05,7.47541033072624e-05,9.13863232528296e-05,0.00011151767143831121,0.00013551169365486716,0.00016923056578495147,0.00021085655887276446,0.00026193474253073586,0.00032864539520858463,0.00040571710293449165,0.0004974669719784812,0.0006080303357149975,0.0007356349084121361,0.0008935046682233394,0.0010776406114458483,0.001305811038622605,0.0015741078324986398,0.0018998448613779448,0.002296700535652913,0.0027684011996829336,0.003335850736459703,0.004016953776197848,0.004844020451086709,0.005836682233848921,0.007032884216436805,0.008477387974386926,0.010213137354280054,0.012293982576431753,0.014812082498901069,0.017840827928278413,0.0214953265506898,0.02589277644056042,0.03121031528463295,0.0376257169747846,0.04537587703717996,0.05476272025137737,0.06614733847444644,0.08000175047298444,0.09695166399680152,0.11785722838778212,0.14400489587116955,0.1775165923435166,0.22287601893364659,0.29344952741546526,0.39392894888323504,0.527035014594773,0.6249589818100317,0.6991447721592634,0.7586763043261813,0.8118609631845811,0.8672943345342008,0.9086545756486759,0.9371646545694684,0.9568157587648277,0.9703650195149108,0.9797084190070646,0.9861541767707781,0.99060997576013,0.9937053863989612,0.9958482161785057,0.9973568403253716,0.9984204844238579,0.9991244908484391,0.9994418663241217,0.9996350909121232,0.9997972323349805,0.9999377427832639,1.0,1.0,1.0,1.0,1.0,1.0
1/0.4,1e-05,4.535147392290251e-06,0.5,4.544322389499234e-07,7.270915823198775e-07,8.179780301098622e-07,1.2724102690597857e-06,1.3632967168497702e-06,2.090388299169648e-06,2.272161194749617e-06,2.5448205381195713e-06,2.6811502098045483e-06,3.453685016019418e-06,4.27166304612928e-06,4.9987546284491575e-06,6.089392001928974e-06,7.634461614358714e-06,9.179531226788453e-06,1.0815487287008177e-05,1.2542329795017887e-05,1.5178036780927443e-05,1.8177289557996936e-05,2.1767304245701332e-05,2.522098926172075e-05,3.0492403233539863e-05,3.6309135892098885e-05,4.3761824610877625e-05,5.175983201639628e-05,6.203000061666454e-05,7.466321685947242e-05,8.629668217659046e-05,0.00010411042594342745,0.00012237860194921438,0.0001448275545533406,0.00017345678560718578,0.00020758464675232503,0.00024193972401693925,0.00028447458158265205,0.0003357799813600984,0.00040449013588932683,0.0004904687154986524,0.0006007139766679038,0.0007366801025617209,0.0008916869392675398,0.0010786858055954333,0.0013017665916959507,0.0015754256859915946,0.0019030713302744893,0.0022936103964280533,0.002764265866308489,0.003333669461712743,0.004020271131542182,0.004841748289891959,0.005837772871222401,0.00703120281715269,0.008470071615339832,0.010215863947713753,0.012294982327357443,0.01481226427179665,0.01784160046308463,0.021496144528719913,0.025889368198768296,0.031213178207738335,0.037622581392335847,0.045380557689241145,0.054765128742243804,0.06615251900197046,0.08000270478068623,0.0969518457696971,0.1178628179043212,0.144009031204544,0.17752086400656272,0.22288910658212832,0.29344152940805973,0.3939057273958247,0.5270428308292829,0.624968434000602,0.6991531337124601,0.7586783947144804,0.8118613267303723,0.8672992424023814,0.908658847311722,0.9371671085035588,0.9568172129479924,0.9703661101522844,0.9797086007799602,0.9861545403165694,0.9906102484194733,0.9937056590583047,0.9958481252920579,0.9973571129847151,0.9984204844238579,0.9991245817348868,0.9994418663241217,0.9996350909121232,0.9997972323349805,0.9999377427832639,1.0,1.0,1.0,1.0,1.0,1.0
1/0.4,3e-05,1.360544217687e-05,0.5,9.997509256898316e-07,9.997509256898316e-07,1.2724102690597857e-06,1.454183164639755e-06,1.726842508009709e-06,1.9086154035896784e-06,2.363047642539602e-06,2.635706985909556e-06,2.8174798814895252e-06,3.2719121204394486e-06,3.544571463809403e-06,4.180776598339296e-06,4.862424956764181e-06,5.81673265855902e-06,6.998256479828821e-06,8.406996420573583e-06,1.00883957046883e-05,1.2451443347227902e-05,1.5450696124297396e-05,1.8722608244736846e-05,2.2630725499706188e-05,2.581175117235565e-05,3.190114317428463e-05,3.835408096737354e-05,4.762449864195198e-05,5.525896025631069e-05,6.589267464773889e-05,8.01618469507665e-05,9.720305591138862e-05,0.00011610743705170543,0.0001418283017762711,0.00017136639730801613,0.00020563058812484035,0.00024762012700381327,0.00029824387842283475,0.0003613645164129791,0.00043416456109275685,0.000528368364227076,0.0006392043873069623,0.0007619465350473366,0.0008955496132986141,0.0010668251241588403,0.0013006305110985759,0.0015722446603189451,0.00189798168919825,0.002294837363473218,0.002765174730786389,0.0033327605972348433,0.004018271629690803,0.004842884370489334,0.005833546651400167,0.007029521417868575,0.008472616435877952,0.01020800226997992,0.012300480957448737,0.014811037304751484,0.017841373246965154,0.02149455401588359,0.025892549224440946,0.031215268596037505,0.03762730748762092,0.045381557440166836,0.05476762811955803,0.06615442761737406,0.080009294048151,0.0969582532642663,0.11787204287877188,0.14401875605445752,0.17753558761110472,0.22291505466297237,0.2934308956936683,0.3938215211019473,0.527069187899142,0.6249834302644873,0.6991702203646446,0.7586903917255887,0.8118721422176594,0.8673152384171925,0.908664027839246,0.9371724708039784,0.9568193942227393,0.970368836745718,0.9797095096444381,0.9861554491810473,0.9906108846246079,0.9937062043769913,0.995848488837849,0.9973573856440584,0.9984204844238579,0.9991251270535736,0.9994418663241217,0.9996350909121232,0.9997972323349805,0.9999377427832639,1.0,1.0,1.0,1.0,1.0,1.0
1/0.4,0.0001,4.5351473922899995e-05,0.5,2.7265934336995403e-07,3.6354579115993875e-07,4.544322389499234e-07,6.362051345298928e-07,8.179780301098622e-07,1.181523821269801e-06,1.3632967168497702e-06,1.6359560602197243e-06,2.090388299169648e-06,2.4539340903295866e-06,2.8174798814895252e-06,3.908117254969341e-06,4.726095285079204e-06,5.6349597629790504e-06,6.452937793088913e-06,8.179780301098621e-06,9.90662280910833e-06,1.1906124660487995e-05,1.5268923228717427e-05,1.8086403110206954e-05,2.1267428782856418e-05,2.6357069859095558e-05,3.1537597383124684e-05,3.862674031074349e-05,4.598854258173225e-05,5.616782473421054e-05,6.780129005132857e-05,8.170691656319624e-05,9.870268229992337e-05,0.00011965200851551484,0.0001441004629710207,0.00017109373796464616,0.00020549425845315538,0.00024775645667549827,0.00029906185645294463,0.0003585924797553846,0.0004302564438377875,0.0005215973238667221,0.000623662804734875,0.0007556299269259327,0.0009090916940193218,0.0010951816958693155,0.0013207164160601624,0.0015889677667123023,0.0019146139091438174,0.002308561217089506,0.0027857605112108206,0.0033224904286345753,0.004012772999599509,0.00483647687592014,0.005831319933429313,0.007029521417868575,0.008467663124473399,0.010202412753440837,0.012295845748611449,0.014810582872512534,0.01784305464624927,0.021499098338273088,0.025904091803310277,0.03122022190744206,0.03764062235222216,0.045395735726022075,0.05478598718201161,0.06617096895087184,0.08003460592386051,0.09698851845138036,0.11791403241765086,0.1440696524652199,0.1776126593188306,0.2230707885912605,0.29338822450643093,0.3937043230275221,0.5270991804269127,0.6250210572538724,0.6991983951634595,0.7587177485463735,0.811882230613364,0.8673421408057383,0.9086888398394927,0.9371901027748496,0.956831209460952,0.9703768347531235,0.9797169623331569,0.98615944818475,0.9906144291960717,0.9937086583110817,0.9958499430210137,0.9973582036220885,0.9984210297425445,0.9991257632587082,0.9994419572105695,0.999635181798571,0.9997972323349805,0.9999377427832639,1.0,1.0,1.0,1.0,1.0,1.0
1/0.4,0.0003,0.0001360544217687,0.5,3.6354579115993875e-07,4.544322389499234e-07,7.270915823198775e-07,9.088644778998468e-07,1.181523821269801e-06,1.3632967168497702e-06,1.6359560602197243e-06,1.9086154035896784e-06,2.635706985909556e-06,3.181025672649464e-06,3.817230807179357e-06,4.27166304612928e-06,5.589516539084058e-06,6.589267464773889e-06,7.407245494883752e-06,8.770542211733522e-06,1.0224725376373277e-05,1.1678908541013033e-05,1.476904776587251e-05,1.7768300542942008e-05,2.1040212663381454e-05,2.5130102813930765e-05,3.0492403233539863e-05,3.812686484789858e-05,4.7033736731317074e-05,5.530440348020568e-05,6.630166366279383e-05,8.12979275481413e-05,9.983876289729818e-05,0.00012019732720225475,0.00014255539335859097,0.00017009398703895633,0.00020372197272125068,0.00024607505739138353,0.0002952900688696602,0.00035763817205358977,0.00043230138891306213,0.0005205521297171373,0.0006272982626464743,0.0007532214360594981,0.0009095006830343767,0.00109813550542249,0.0013210345186274275,0.0015911035982353668,0.001912159975053488,0.002307288806820446,0.002778353265715937,0.003347166099209556,0.004030904845933611,0.004853018209417918,0.005846997845673085,0.007045244773336243,0.00849642868519893,0.010210274431174669,0.012306706679122351,0.014828941934966111,0.017862595232524116,0.021518775254219618,0.02593535674135003,0.031255849394975735,0.03768333898268345,0.045450222151472174,0.05485069833283808,0.0662555842337643,0.08013317227648875,0.0971170773317793,0.11807935486618083,0.14429959517812857,0.17796357189374776,0.22385713813753946,0.2933745006528146,0.39490811402850046,0.5268100706364928,0.6249341698097851,0.6991967592073993,0.758742651433068,0.8119117687088957,0.8674331181399761,0.9087557322650661,0.9372364548632225,0.9568701088606061,0.9703979204090109,0.9797325948021768,0.9861720814009928,0.9906232451815072,0.9937147477030837,0.995853305819582,0.9973617481935523,0.9984234836766349,0.9991278536470073,0.9994426843021518,0.9996359997766011,0.9997979594265629,0.9999381972155028,1.0,1.0,1.0,1.0,1.0,1.0
1/0.4,0.001,0.00045351473922902003,0.5,5.453186867399081e-07,5.453186867399081e-07,8.179780301098622e-07,9.088644778998468e-07,1.181523821269801e-06,1.3632967168497702e-06,1.8177289557996936e-06,2.1812747469596323e-06,2.5448205381195713e-06,2.7265934336995404e-06,3.0901392248594795e-06,3.726344359389372e-06,4.3625494939192645e-06,5.3623004196090966e-06,7.18002937540879e-06,7.998007405518653e-06,9.997509256898315e-06,1.2087897556067963e-05,1.4178285855237612e-05,1.726842508009709e-05,2.108565588727645e-05,2.581175117235565e-05,3.090139224859479e-05,3.780876228063363e-05,4.6261201925102205e-05,5.589516539084058e-05,6.680153912563874e-05,8.216134880214616e-05,9.861179585213339e-05,0.00011860681436593002,0.0001418737450001661,0.00017195715921865102,0.00020753920352843002,0.00024925608306403303,0.00029892552678125963,0.0003613190731890841,0.0004353915281379216,0.0005203703568215574,0.0006292977644978539,0.0007628099563013414,0.0009157264047079907,0.0011013619743190344,0.001329214298928526,0.00160223718808964,0.0019314279019849645,0.0023287834517227777,0.0028060281890679873,0.003377385843099726,0.004060897373704306,0.004891417733609186,0.005897212608077051,0.007101185381950978,0.008550778780977339,0.010306341406488683,0.012410271786379039,0.014951502309810906,0.01801628421573698,0.02171036388616091,0.026161618553123198,0.03152078339028354,0.038013711220400044,0.045854348741570336,0.05533816779555966,0.0668582068258358,0.08088775700926511,0.09808965320957992,0.1193655798753047,0.1461261855625878,0.1809723223046113,0.2298670953841,0.2958124841715571,0.398989688069077,0.5212181910497662,0.6224616948841064,0.6981518377171578,0.7583326626670873,0.8117525356523677,0.8675984405885061,0.9089137837977729,0.9373691490769959,0.9569661758359201,0.9704745376844978,0.979788762626911,0.9862129803024983,0.9906496931378141,0.9937345609487018,0.9958679385376762,0.9973724727943916,0.9984312999111449,0.9991342156983526,0.9994445020311076,0.999638181051348,0.9997993227232798,0.9999401058309064,1.0,1.0,1.0,1.0,1.0,1.0
1/0.3,1e-06,2.1736505252988782e-07,0.5,3.5248974078609444e-07,5.287346111791416e-07,6.60918263973927e-07,7.931019167687124e-07,8.371631343669743e-07,1.1455916575548068e-06,1.4980813983409013e-06,1.9386935743235195e-06,2.1149384447165666e-06,2.731795491092232e-06,3.745203495852253e-06,4.538305412620966e-06,5.463590982184464e-06,6.3888765517479615e-06,8.547876214062789e-06,9.649406654019335e-06,1.1896528751530687e-05,1.3835222325854206e-05,1.66110790345447e-05,2.0400343747995215e-05,2.3837118720659635e-05,2.8948219962058006e-05,3.498460677301987e-05,4.1681911847955666e-05,4.912825762206191e-05,5.8513296970491675e-05,7.0013274763638e-05,8.36281910015009e-05,0.00010288294309194131,0.00012460512336788437,0.0001487947318293301,0.00017941727806012207,0.000224007230269563,0.0002678040805622352,0.00032521584709277034,0.0003965509583843562,0.0004859071076736312,0.0005936808459189796,0.0007285522329872589,0.0008861151471186432,0.00107073164885536,0.0012995415518431337,0.0015826348749119657,0.0019000518864898438,0.0022783615007885196,0.002739462142954329,0.0032923863625949168,0.003962425298611684,0.004770199600840618,0.005745626836030937,0.0069179195914502905,0.008330257860344975,0.010046133857274084,0.012122518736592171,0.014604531185119857,0.017596508166129825,0.02119793990895895,0.02554242002536516,0.030785088062511942,0.037110736767006394,0.04476359746799569,0.05402134395878408,0.0652477015906452,0.07890262541408732,0.09558931349803064,0.11615603240367689,0.14182940236774408,0.17463205358408043,0.21880496636895383,0.2790245339909382,0.3545329035073434,0.46590221335358034,0.5788546868093404,0.6646169828852131,0.7339623777124967,0.7987770897178038,0.8601030785748981,0.9035720693474216,0.9335346666610268,0.954189463940652,0.9684393023241059,0.9782675975215741,0.9850559771332855,0.9897533435414362,0.9930246686420192,0.9953552426856617,0.9970833677010831,0.9980665497105706,0.9987457533798478,0.99922086548921,0.9995473591116131,0.9997085791068051,0.9998325673731266,0.9999460250084421,1.0,1.0,1.0,1.0,1.0,1.0
1/0.3,3e-06,6.52095157589663e-07,0.5,3.965509583843562e-07,4.846733935808799e-07,5.287346111791416e-07,7.049794815721889e-07,8.81224351965236e-07,1.321836527947854e-06,1.5421426159391632e-06,1.982754791921781e-06,2.3352445327078755e-06,2.863979143887017e-06,3.745203495852253e-06,4.4942441950227035e-06,5.37546854698794e-06,6.785427510132318e-06,8.283508908473219e-06,9.825651524412383e-06,1.1499977793146331e-05,1.4099589631443776e-05,1.6963568775330796e-05,1.9871609136816074e-05,2.3088078021489185e-05,2.7273893693324054e-05,3.467617824983204e-05,4.19903403711435e-05,5.208035920114545e-05,6.18178882903613e-05,7.309755999551633e-05,8.768182302054099e-05,0.00010407259596709438,0.00012447293971508958,0.00015240775167238757,0.0001855858485238787,0.0002199535982505229,0.0002712849167524979,0.0003279035813662643,0.00039716781543073186,0.0004859952301088277,0.0005938570907893726,0.0007282878656816693,0.0008880538406929666,0.0010745209135688105,0.0013032426941213876,0.0015817977117775987,0.001895733887165214,0.002276290623561401,0.0027378318779031937,0.003290579852673388,0.00396176438034771,0.00477218235563254,0.005744525305590981,0.006920122652330204,0.008332372798789692,0.010042608959866223,0.01212128502249942,0.014608937306879684,0.017594921962296287,0.021201641051237202,0.02554576867790263,0.030785704919558315,0.03710937086926085,0.04476055724398141,0.05402129989756648,0.06524871499864997,0.07890474035253205,0.09558966598777142,0.11615748642385763,0.14183261883662876,0.17463412446130755,0.21881743569353415,0.2790216700117943,0.3545346659560473,0.4659084700464793,0.5788521753199373,0.6646201112316626,0.7339601746516168,0.7987773540851093,0.86010395979925,0.9035729505717736,0.9335360766199899,0.954190124858916,0.968439390446541,0.9782675975215741,0.9850563296230264,0.9897535197863067,0.9930244923971487,0.9953552426856617,0.9970833236398655,0.9980665497105706,0.9987457974410655,0.9992209536116451,0.9995473591116131,0.9997085791068051,0.9998325673731266,0.9999460250084421,1.0,1.0,1.0,1.0,1.0,1.0
1/0.3,1e-05,2.1736505252988773e-06,0.5,4.846733935808799e-07,5.727958287774034e-07,7.049794815721889e-07,8.371631343669743e-07,9.252855695634979e-07,1.2337140927513305e-06,1.4540201807426394e-06,1.6743262687339485e-06,2.2471220975113517e-06,2.5996118382974462e-06,3.1724076670748496e-06,4.009570801441824e-06,5.1992236765948925e-06,6.036386810961867e-06,7.79883551489234e-06,9.429100566028026e-06,1.198465118672721e-05,1.3791161108255945e-05,1.687544634013427e-05,1.9783486701619548e-05,2.3837118720659635e-05,2.9476954573237147e-05,3.586583112498511e-05,4.379685029267223e-05,5.300564477070895e-05,6.556309178621357e-05,7.851708976010253e-05,9.556878097062984e-05,0.00011539632888984767,0.00013685414186020116,0.00016249777050238954,0.00019765862214580246,0.0002381068199010068,0.00028679446534708605,0.00034332500752565594,0.0004166869348267619,0.0005004913706986558,0.0006043436605777589,0.0007311077836079581,0.0008873488612113945,0.0010803369942917812,0.0013178269571464123,0.0015787134265457204,0.0018931783365445148,0.002276951541825375,0.002735496633370486,0.0032905357914557896,0.0039604866050373605,0.004770772396669395,0.005746552121600501,0.006918272081191077,0.0083321524927017,0.01004168367429666,0.01212304747120335,0.014605897082865403,0.017595803186648253,0.021198292398699737,0.025547178636865776,0.03078715893973906,0.037119593071743645,0.04476668175322757,0.05402420793792797,0.06525131461048826,0.07890540127079601,0.0955951736399712,0.11616502089206694,0.14184068203944925,0.17464011678690092,0.2188358092212726,0.2790228156034519,0.3545287176916716,0.46591388957624386,0.5788609875634569,0.6646253104553392,0.7339612321208391,0.7987692908822889,0.860109114961709,0.9035752417550887,0.9335388084154811,0.9541936938175415,0.9684403597933282,0.9782687871744493,0.9850572108473783,0.9897540925821354,0.9930247567644543,0.9953551545632264,0.9970834117623006,0.9980665497105706,0.9987461058695887,0.9992211298565156,0.9995473591116131,0.9997085791068051,0.9998325673731266,0.9999460250084421,1.0,1.0,1.0,1.0,1.0,1.0
1/0.3,3e-05,6.52095157589663e-06,0.5,6.60918263973927e-07,7.931019167687124e-07,8.371631343669743e-07,1.0574692223582833e-06,1.4980813983409013e-06,1.8505711391269958e-06,1.982754791921781e-06,2.3793057503061373e-06,2.5555506206991844e-06,3.2164688846731115e-06,4.097693236638348e-06,4.582366630219227e-06,5.419529764586201e-06,6.741366292534056e-06,8.283508908473219e-06,1.0178141265198476e-05,1.3570855020264636e-05,1.6170466858562083e-05,1.973942548402129e-05,2.3793057503061375e-05,2.8155118045289293e-05,3.348652537467897e-05,4.084474871358869e-05,4.904013518686539e-05,5.6794909484159464e-05,6.736960170774229e-05,8.058796698722084e-05,9.891743350809775e-05,0.0001205514913488443,0.00014359550815273522,0.0001737333809899463,0.0002109651098604775,0.0002552025723291324,0.00030944193119259263,0.00037311039062208097,0.00045131905185899566,0.0005467115879592325,0.0006585389582236209,0.0007814697553227714,0.0009242281003411396,0.0010929825637424823,0.0013048729591725232,0.0015639529186503027,0.0018862166641639895,0.002266024359861006,0.0027281824712491742,0.0032861737309135618,0.003958680095115832,0.004767996539960705,0.00574505404020216,0.006918051775103086,0.00833417930871122,0.010042564898648625,0.012116526410998809,0.014602592491545533,0.01759355606455074,0.021200142969838864,0.025545372126944247,0.03079037540862373,0.037117345949646136,0.04477509744578884,0.054028085325076615,0.0652554563649425,0.07891461006527405,0.09560980196421383,0.1161783273797816,0.14185368009864072,0.1746712240065253,0.2188893876618721,0.279008760075038,0.3545208747949391,0.46593177843058875,0.5788672442563559,0.6646253545165568,0.7339622895900615,0.7987546184968286,0.8601199099600206,0.903584538672002,0.9335462547612552,0.9541957646947685,0.968441593507421,0.9782719595821163,0.9850584005002534,0.9897560753369273,0.9930250211317599,0.9953551545632264,0.9970840286193471,0.9980670784451818,0.9987461058695887,0.9992213061013859,0.9995475353564834,0.9997085791068051,0.9998326554955618,0.9999461131308773,1.0,1.0,1.0,1.0,1.0,1.0
1/0.3,0.0001,2.173650525298e-05,0.5,4.846733935808799e-07,4.846733935808799e-07,6.168570463756653e-07,8.371631343669743e-07,9.252855695634979e-07,1.1015304399565451e-06,1.365897745546116e-06,1.5421426159391632e-06,2.026816009520043e-06,2.5555506206991844e-06,3.392713755066159e-06,4.317999324629657e-06,5.595774634979249e-06,7.270100903713197e-06,8.547876214062789e-06,9.869712742010644e-06,1.2028712404325472e-05,1.4980813983409012e-05,1.6787323904937746e-05,1.973942548402129e-05,2.4762404290223133e-05,3.0446301360398905e-05,3.648268817136077e-05,4.5603360214200966e-05,5.5340889303416825e-05,6.60918263973927e-05,7.864927341289732e-05,9.44672505306733e-05,0.00011358981896831893,0.00013628134603142376,0.00016373148459514087,0.00019765862214580246,0.00024075049295690248,0.00029225805632927056,0.00034958170042460917,0.00042144554632737413,0.0005085105123015395,0.0006100275576479346,0.0007363510685021512,0.0008840002086739266,0.0010658849149195512,0.001281784881151034,0.001543640697337504,0.001857004076896342,0.0022642619111570756,0.002737523449380006,0.0033018154631609445,0.003951101565688931,0.004770463968146207,0.005747389284734868,0.006926775896187541,0.008352640958884891,0.010054769855923344,0.012102999617196141,0.014590916268881994,0.017592454534110784,0.021203888173334715,0.025551276330102412,0.03079729301978666,0.03713682100782457,0.04478783113767474,0.05405324428032522,0.06528651952334927,0.07894562916246323,0.09564967736614026,0.11623269892229787,0.1419377489018182,0.17478547474375758,0.21907052332741855,0.2789791949980296,0.35449959322683916,0.4659219087178468,0.578876673356922,0.6646271169652608,0.733946647857814,0.7987079576673921,0.8601643677285773,0.9036199198297333,0.9335668754110912,0.9542108776924048,0.968451683526251,0.9782794499891081,0.9850628947444484,0.9897600408465111,0.9930273563762927,0.9953568729507127,0.997085130149787,0.9980676953022283,0.998747163338811,0.9992218348359971,0.9995476234789187,0.9997086672292403,0.999832743617997,0.9999462893757477,1.0,1.0,1.0,1.0,1.0,1.0
1/0.3,0.0003,6.520951575896e-05,0.5,9.693467871617598e-07,9.693467871617598e-07,1.1455916575548068e-06,1.4980813983409013e-06,1.8505711391269958e-06,2.026816009520043e-06,2.2911833151096136e-06,2.731795491092232e-06,3.2605301022713734e-06,3.965509583843562e-06,4.758611500612275e-06,6.080448028560129e-06,6.6091826397392704e-06,7.754774297294078e-06,9.252855695634979e-06,1.1279671705155022e-05,1.3218365279478541e-05,1.665514025214296e-05,1.956318061362824e-05,2.344056776227528e-05,2.8463546568477125e-05,3.348652537467897e-05,3.877387148647039e-05,4.5999911172585324e-05,5.6045868784989014e-05,6.714929561975099e-05,8.080827307521214e-05,9.59653319290142e-05,0.00011826030803373468,0.00014302271232395782,0.00017183874863322104,0.00020691147784143742,0.00024652251246227476,0.0002962235659131141,0.0003563230667171432,0.00042554323956401247,0.0005196580003538997,0.000625404922589728,0.0007511556376151672,0.0009047089809451096,0.0010939078493120457,0.0013125836722522191,0.0015810486710784283,0.0019012415393649968,0.002286512826044198,0.0027522839572754233,0.003312786706342912,0.003987408008989899,0.004796856637487566,0.005777086545396096,0.0069503045863850135,0.008357884243779085,0.010107731439476453,0.01214842673253995,0.014631716956377985,0.0176275713245366,0.02124464479961311,0.02560868809663295,0.030861269907739335,0.03719982854899008,0.04486930032901392,0.0541476234084207,0.06539927217918322,0.07908486261007373,0.09581900462537038,0.11645798392787778,0.14224159505837583,0.1752513780586416,0.21965358541989635,0.278933856005121,0.3545755547659785,0.4653575726428482,0.5786239382127784,0.6645167876763947,0.7338680867068363,0.798537528877722,0.8602685725081971,0.9036970269605303,0.933624904034668,0.9542551151548734,0.9684814248481298,0.978298220067805,0.985075672497552,0.9897682362329845,0.9930359042525068,0.995361675623431,0.9970883025574541,0.9980712201996361,0.9987500273179549,0.999224037896877,0.9995484165808354,0.9997091078414163,0.9998334485974786,0.9999471265388821,1.0,1.0,1.0,1.0,1.0,1.0
1/0.3,0.001,0.00021736505252988,0.5,6.168570463756653e-07,8.81224351965236e-07,1.1455916575548068e-06,1.1455916575548068e-06,1.5862038335374248e-06,1.762448703930472e-06,1.762448703930472e-06,2.2030608799130903e-06,2.8199179262887556e-06,3.1724076670748496e-06,4.053632019040086e-06,5.022978806201846e-06,6.256692898953176e-06,7.3141621213114594e-06,9.164733260438454e-06,1.1279671705155022e-05,1.3570855020264636e-05,1.6567017816946438e-05,2.0444404965593475e-05,2.5026771595812705e-05,2.9961627966818024e-05,3.551334138419901e-05,4.2122524023938284e-05,4.908419640446365e-05,5.807268479450906e-05,6.908798919407451e-05,8.539063970543138e-05,9.913773959608905e-05,0.00011843655290412773,0.00014108401874963428,0.00016919507557732532,0.00020435592722073824,0.00024515661471672865,0.0002952982803435506,0.0003622713310929085,0.0004331217689909135,0.0005191292657427206,0.0006256252286777193,0.000753975555541456,0.0009055461440794766,0.0010932028698304736,0.001310380611372306,0.001583868589004717,0.0019067932527823779,0.002299290579147694,0.002772243688847436,0.0033325701930445313,0.0040244194317724385,0.0048455002217160465,0.005834189883403443,0.007030804430937038,0.008468125410209935,0.010197219772418524,0.012289731057377575,0.014799413950556969,0.01783007668061821,0.02147755239583752,0.025889049624210687,0.031203184956301845,0.037627354543346016,0.04537292004616206,0.05473037707237531,0.06611799876064607,0.07997943751097124,0.09697019205756016,0.11797571662926751,0.14438015031572507,0.17880394591115426,0.22278959852123503,0.27937261760996446,0.35692414984761867,0.4613374271491828,0.5747938728118318,0.6626940632267898,0.7329142494682692,0.7975345193203152,0.8603504382504947,0.9038398734279839,0.9337636087476674,0.9543658850559155,0.9685647005493905,0.9783606548131417,0.9851215402250717,0.9898028683500166,0.9930585517183522,0.9953772292332431,0.9971017852900391,0.9980828523610821,0.9987593682960857,0.9992306030182991,0.9995513686824145,0.9997110905962082,0.9998355194747057,0.9999484043141924,1.0,1.0,1.0,1.0,1.0,1.0
1/0.2,1e-06,8.680555555555545e-08,0.5,1.0323650148675015e-06,1.0736596154622017e-06,1.6517840237880023e-06,1.7343732249774025e-06,1.8582570267615028e-06,2.5602652368714037e-06,2.8906220416290043e-06,2.9732112428184046e-06,3.7578086541177055e-06,4.624995266606407e-06,5.616065680879209e-06,6.68972529634141e-06,7.928563314182412e-06,9.167401332023414e-06,1.1851550370678918e-05,1.4205342604576821e-05,1.7095964646205825e-05,2.0936362501512932e-05,2.4776760356820036e-05,2.907139881866884e-05,3.518299970668445e-05,4.166625200005236e-05,5.0503296527318176e-05,5.991846546290979e-05,7.255461324488801e-05,8.651218824589663e-05,0.00010166730666415155,0.00012099317974247118,0.00014593511850167002,0.00017467616051558126,0.0002148971014948191,0.0002665566468387889,0.0003267641745058616,0.0004044806128250871,0.0005201880836914367,0.0006451042504904043,0.0007603161861496176,0.0008925827918544418,0.0010701908690122469,0.0012755902123702848,0.001541031904993017,0.0018570594833442564,0.002241099268874967,0.0027242873904335524,0.0032623147415818997,0.0039229870564965056,0.004712415936065387,0.005682137041830728,0.006859198337182059,0.008251776153037129,0.009940353665955009,0.011986294652419424,0.014431389248232208,0.017380154087498552,0.020950443960315722,0.02523682350204559,0.03042412734495003,0.0366653106896318,0.04421896032501493,0.05335113736273107,0.06441647983268749,0.07789070153373515,0.09432995814668346,0.11456712047092693,0.13977256007652056,0.1718770473088701,0.213896079081803,0.26687502820937403,0.33101789001852105,0.41334305353171863,0.5319015036231263,0.6292816048535361,0.707917632633405,0.7817363974862985,0.848246141917732,0.895089085048336,0.9273931077907591,0.9496859153326067,0.965088883943631,0.9757581698992837,0.9831877292598797,0.9884554336901421,0.9922574275668962,0.9943843472651267,0.9958840019803239,0.9970033334240438,0.9978564798723303,0.9985088519725254,0.9990260255503735,0.9994158465799874,0.9996931811175814,0.9998192122385964,0.9999089041110881,0.9999936406315084,1.0,1.0,1.0,1.0,1.0,1.0
1/0.2,3e-06,2.604166666666668e-07,0.5,1.1149542160569016e-06,1.4040164202198022e-06,1.6930786243827025e-06,1.8169624261668026e-06,1.9408462279509027e-06,2.1886138315191033e-06,2.3537922338979035e-06,2.725443639250204e-06,3.0145058434131046e-06,3.5926302517389052e-06,4.4185222636329065e-06,5.368298077311008e-06,6.35936849158381e-06,7.76338491180361e-06,9.539052737375715e-06,1.1479898965326617e-05,1.4411815607550322e-05,1.7839267456910426e-05,2.0936362501512932e-05,2.4735465756225335e-05,3.097095044602505e-05,3.8982102961396855e-05,4.8273388095204374e-05,5.839056524090589e-05,7.05311778157477e-05,8.486040422210862e-05,9.943739823203775e-05,0.00012033246613295598,0.00014911480274746192,0.00018520628366722978,0.00022468392183576304,0.0002739070857446455,0.000338409251873567,0.0004289683109777442,0.0005283644146091873,0.0006372582763774113,0.0007513965524211623,0.0008918394890437372,0.0010673415415712124,0.0012849227921046872,0.0015500341279226614,0.0018692826851202876,0.0022573280469086843,0.0027343632729786593,0.0032737120513460366,0.003923936832310184,0.004711713927855277,0.0056841604772598685,0.006859487399386222,0.008256070791498978,0.009942046744579392,0.011988565855452132,0.014434692816279786,0.017380030203696765,0.02094945288990145,0.025238557875270566,0.030418304806266176,0.03666518680583002,0.044221603179453,0.053345438707849004,0.06442230237137135,0.07789371603957856,0.0943296277898787,0.11457265394740662,0.13977735025018953,0.17187539552484632,0.21389661591161072,0.2668727157117407,0.33101376055846155,0.41333607474421813,0.5319054679047834,0.6292808202561248,0.7079095388916884,0.7817335481588575,0.8482475459341522,0.8950899109403478,0.9273946769855818,0.9496873606436276,0.9650878928732168,0.9757588306128933,0.9831871511354714,0.9884554336901421,0.9922572623884938,0.9943845124435291,0.995884084569525,0.9970035811916473,0.9978567276399338,0.9985088519725254,0.9990260255503735,0.9994158465799874,0.9996931811175814,0.9998192122385964,0.9999089041110881,0.9999936406315084,1.0,1.0,1.0,1.0,1.0,1.0
1/0.2,1e-05,8.680555555555571e-07,0.5,5.781244083258009e-07,8.258920118940012e-07,9.910704142728015e-07,1.1562488166516018e-06,1.6517840237880023e-06,2.1473192309244033e-06,2.766738239844904e-06,3.922987056496506e-06,4.790173668985207e-06,6.029011686826209e-06,7.1852605034778105e-06,8.506687722508213e-06,1.1108247559974317e-05,1.337945059268282e-05,1.7054670045611124e-05,2.006917588902423e-05,2.3703100741357835e-05,2.8080328404396043e-05,3.311826967694945e-05,3.9312459766154455e-05,4.773655828747327e-05,5.777114623198538e-05,7.19351942359675e-05,8.886598047979453e-05,0.00010736596154622015,0.00012941727826379,0.00015460698462655702,0.00018347191044225237,0.00021402991488233042,0.00024566157893787067,0.0002846436818992675,0.0003261034608963464,0.00037495497339987653,0.00043578192007586976,0.0005145720180105575,0.0006077326369522008,0.000723068456413198,0.0008690448695154628,0.0010651529277396934,0.0012794719048261868,0.0015398756561763652,0.0018642860384483289,0.0022651327264210826,0.002714005034885472,0.003258143986921835,0.003914480368773998,0.00471815588554805,0.005685977439686036,0.006854821109519021,0.008254129945271027,0.009937339160111596,0.01198389956558493,0.014428085680184633,0.017380608328105094,0.020948048873481232,0.025238310107667,0.03042396216654765,0.036666549527649646,0.044228169020947554,0.053353284681961995,0.06442936374807304,0.0778949548775964,0.09433689563958336,0.11458190393793984,0.13979407456343038,0.17189872697418232,0.2139069395617594,0.266870444508708,0.3310090529739938,0.4133340100141884,0.5319038987099608,0.629271528970991,0.7079012386769689,0.7817235961601142,0.8482525012862235,0.8950920582595787,0.9273955028775936,0.9496877322950329,0.9650898750140453,0.9757608127537217,0.9831881422058857,0.9884556814577456,0.9922579231021033,0.9943847602111326,0.9958842497479274,0.9970037463700497,0.9978568928183362,0.9985089345617266,0.9990261081395746,0.9994160943475909,0.9996931811175814,0.9998192122385964,0.9999089041110881,0.9999936406315084,1.0,1.0,1.0,1.0,1.0,1.0
1/0.2,3e-05,2.6041666666666645e-06,0.5,4.5424060654170065e-07,6.60713609515201e-07,8.258920118940012e-07,1.0736596154622017e-06,1.321427219030402e-06,1.5691948225986022e-06,1.982140828545603e-06,2.3950868344926035e-06,3.0145058434131046e-06,3.922987056496506e-06,4.748879068390507e-06,5.492181879095108e-06,6.4006630921785096e-06,8.341509320129412e-06,9.951998743322714e-06,1.1768961169489518e-05,1.4494404808739722e-05,1.7385026850368727e-05,2.1514486909838733e-05,2.750220399607024e-05,3.340733188111235e-05,4.170754660064706e-05,5.331132936775778e-05,6.76818503747134e-05,8.486040422210862e-05,0.00010141953906058335,0.00011983693092581958,0.0001427141396552834,0.00016806902442042924,0.0001959841744224465,0.00023554440179216914,0.000284850154902241,0.0003423322389300635,0.00041633216319576603,0.0004922729336894194,0.0005855574364328469,0.000706839678379481,0.0008737524539832586,0.001090549107105434,0.0013155220911453599,0.0015582517534410067,0.0018769221862303073,0.002246467566952278,0.0026997583976803006,0.0032506283696135995,0.003916710277206112,0.004724804316243797,0.005698283230663256,0.00685288026329107,0.008251074144827019,0.009942624868987717,0.011985179698203367,0.014429654875007232,0.017390436443046633,0.02095304552015319,0.025244504297756203,0.030431932024462427,0.0366746845639668,0.04423188553500108,0.053366829310957056,0.06443704454378366,0.07791196825304142,0.09436381971917111,0.1146062677522907,0.1398351213964215,0.17195360749837268,0.21391267951124207,0.2668552068010886,0.3309944759799838,0.41333611603881876,0.5318809389120301,0.6292504687246877,0.707872497634955,0.7816870917331885,0.8482705057320828,0.8951053551209702,0.9274046702789256,0.9496954956799447,0.9650952433121226,0.975762216770142,0.9831897939899095,0.9884563421713551,0.99225907935092,0.9943862468167541,0.9958850756399393,0.9970039115484521,0.997857223175141,0.9985089345617266,0.9990264384963794,0.9994161769367921,0.9996931811175814,0.9998192122385964,0.9999089867002893,0.9999936406315084,1.0,1.0,1.0,1.0,1.0,1.0
1/0.2,0.0001,8.680555555555557e-06,0.5,1.238838017841002e-06,1.238838017841002e-06,1.238838017841002e-06,1.4040164202198022e-06,1.7343732249774025e-06,2.1473192309244033e-06,2.477676035682004e-06,2.8906220416290043e-06,3.468746449954805e-06,4.3772276630382066e-06,5.0379412725534076e-06,5.533476479689808e-06,7.1026713022884106e-06,8.341509320129412e-06,1.1479898965326617e-05,1.370980739744042e-05,1.6765607841448225e-05,2.1142835504486433e-05,2.5685241569903437e-05,3.1136128848403845e-05,3.7619381141771756e-05,4.4763347044654866e-05,5.2113785950511474e-05,6.32633281110805e-05,7.610594889603221e-05,9.295414593866983e-05,0.00011261037582174706,0.0001359831197583473,0.00016497192937582673,0.0001984618504581285,0.00024058234306472255,0.000290631398985499,0.0003498065616377042,0.00042203081807783464,0.000504041894858909,0.0006058743799254393,0.0007305014845202441,0.0008784600384510544,0.0010540033855791244,0.0012695612006834588,0.001536324320525221,0.0018493786876336421,0.0022279675858858524,0.0027041769199439335,0.003257152916507562,0.003908038411081225,0.004726827751672937,0.005698159346861472,0.00686324520804034,0.008267426806662521,0.00995484807076375,0.01199145647749376,0.014445305528632622,0.017406210980473808,0.020961717386278077,0.02527266721536179,0.03045022553252588,0.03670862872565565,0.044263228136852455,0.05341146877419992,0.06449609582263408,0.07797803961399294,0.09445177721843782,0.11472069509053862,0.1399780007144792,0.172170899686702,0.21397656225836206,0.2667972291818536,0.3309588800342712,0.41337646086359975,0.5317655617979685,0.6291626764038234,0.7077664943952284,0.7815632905206056,0.848321132912412,0.8951416117802924,0.9274301903420932,0.9497127568229933,0.9651088705303189,0.9757690716738407,0.9831960707691999,0.9884591502041956,0.9922627132757722,0.9943902110984112,0.995887966261981,0.9970049852080676,0.9978591227267684,0.9985101733997445,0.9990270166207876,0.9994169202396028,0.9996933462959837,0.9998193774169988,0.9999090692894904,0.9999939709883132,1.0,1.0,1.0,1.0,1.0,1.0
1/0.2,0.0003,2.6041666666659997e-05,0.5,5.781244083258009e-07,6.60713609515201e-07,8.258920118940012e-07,1.0736596154622017e-06,1.1562488166516018e-06,1.7756678255721026e-06,2.1473192309244033e-06,2.642854438060804e-06,3.2209788463866048e-06,3.7991032547124054e-06,4.790173668985207e-06,5.8638332844474084e-06,7.845974112993012e-06,8.671866124887013e-06,1.1066952959379616e-05,1.337945059268282e-05,1.536159142122842e-05,1.9160694675940828e-05,2.4116046747304836e-05,3.0227647635320444e-05,3.576112411501025e-05,4.319415222205626e-05,5.2196375151700876e-05,6.285038210513349e-05,7.598206509424811e-05,9.159142411904473e-05,0.00011042176199022796,0.0001321427219030402,0.00016286590474549705,0.0001948279256057949,0.00023711359661476774,0.00028988809617479445,0.00034831995601629503,0.0004189337230332321,0.0005076345251106479,0.0006093844209759888,0.0007326075091505738,0.00088457163933907,0.0010689933255950005,0.001285748684116581,0.0015476803356887635,0.0018577201969537716,0.0022410166796737775,0.0027099581640271913,0.003268013396463968,0.003939381012932602,0.00474768152497326,0.005722936107218292,0.006884098981340663,0.008284233709104563,0.009989040000056161,0.012021064706120162,0.014492835613917123,0.017458324766424317,0.021031381377481336,0.025341711787556127,0.030544377221881795,0.036813062770559644,0.044398055007794146,0.0535714440569038,0.06470120610378795,0.07822960632081585,0.09476297332851949,0.11513818350255103,0.14055715748781986,0.17307293894209264,0.2142998163918174,0.26666636659256904,0.3309566501258391,0.4139987291999613,0.5309048171431726,0.628642694793135,0.7073456611205678,0.781136139172054,0.848400501134755,0.89521643759657,0.9274902326913579,0.9497592545432629,0.9651419887999958,0.9757907100445523,0.9832102761118044,0.9884701345679539,0.9922752668343531,0.9944006173377611,0.9958933345600582,0.9970096102033342,0.9978618481704076,0.9985121555405729,0.9990290813508174,0.9994179938992183,0.9996949980800075,0.9998197903630047,0.9999093996462952,0.9999941361667155,1.0,1.0,1.0,1.0,1.0,1.0
1/0.2,0.001,8.680555555555e-05,0.5,7.436049970255801e-07,7.436049970255801e-07,1.3219644391565866e-06,1.4872099940511601e-06,1.5698327714984467e-06,2.0655694361821666e-06,2.396060545971313e-06,2.8917972106550333e-06,3.552779430233327e-06,4.46162998215348e-06,5.370480534073634e-06,6.361953863441073e-06,7.766541080044947e-06,9.501619406437966e-06,1.1897679952409281e-05,1.561570493753718e-05,1.834225659329764e-05,2.1977658800978255e-05,2.6604534338026308e-05,3.2057637649547226e-05,3.7841232070857295e-05,4.6351378147927824e-05,5.4613655892656485e-05,6.551986251569833e-05,7.700442858087117e-05,9.534668517416882e-05,0.00011757221230748892,0.00014244166831912223,0.0001702855443188578,0.00020531760195650737,0.00024530702624099413,0.0002935587282702095,0.0003564346619075947,0.0004277381188446031,0.0005156487540485161,0.0006204144358516756,0.0007520325203252033,0.0009011666336175557,0.0010899596800846058,0.0013110582325335449,0.0015789212770176482,0.0019011501090620661,0.002290716504726023,0.002757948311190429,0.003324244827814132,0.004001421111772093,0.004817651530173838,0.005809207482318726,0.0069989754775596534,0.00843421574459647,0.010168467843215017,0.01223907726882147,0.014751883799325799,0.01777017648225263,0.02141805472932778,0.025809785841760857,0.03110260096503404,0.03748975477559654,0.04523597065238945,0.05462927159759402,0.06599329103047127,0.07985929341000728,0.09685339414369754,0.11791369224667857,0.14449517482979707,0.17697674995042634,0.21669682398043494,0.26667377222552713,0.3321764492035164,0.4208520060810364,0.5212714819221363,0.6238639368100998,0.7045971313371671,0.7790648340934628,0.8479465761121026,0.8951247190825566,0.9275289179721066,0.9498319452706723,0.9652091182497191,0.9758491969066032,0.9832518672747703,0.9884900687421508,0.9923119092471413,0.9944256477625751,0.9959088918633089,0.9970130626611144,0.9978597395730054,0.9985056844470884,0.9990146407561636,0.9994103212373587,0.9996874380329169,0.999818229889616,0.9999063883931523,0.9999897547755965,1.0,1.0,1.0,1.0,1.0,1.0
