s,q,source_radius,LD_coeff,1.0e-08,1.2e-08,1.5e-08,1.7e-08,2.1e-08,2.5e-08,3.1e-08,3.7e-08,4.4e-08,5.3e-08,6.4e-08,7.7e-08,9.3e-08,1.1e-07,1.4e-07,1.6e-07,2.0e-07,2.4e-07,2.8e-07,3.4e-07,4.1e-07,5.0e-07,6.0e-07,7.2e-07,8.7e-07,1.0e-06,1.3e-06,1.5e-06,1.8e-06,2.2e-06,2.7e-06,3.2e-06,3.9e-06,4.6e-06,5.6e-06,6.7e-06,8.1e-06,9.8e-06,1.2e-05,1.4e-05,1.7e-05,2.1e-05,2.5e-05,3.0e-05,3.6e-05,4.3e-05,5.2e-05,6.3e-05,7.6e-05,9.1e-05,1.1e-04,1.3e-04,1.6e-04,1.9e-04,2.3e-04,2.8e-04,3.4e-04,4.0e-04,4.9e-04,5.9e-04,7.1e-04,8.5e-04,1.0e-03,1.2e-03,1.5e-03,1.8e-03,2.2e-03,2.6e-03,3.1e-03,3.8e-03,4.5e-03,5.5e-03,6.6e-03,7.9e-03,9.5e-03,1.1e-02,1.4e-02,1.7e-02,2.0e-02,2.4e-02,2.9e-02,3.5e-02,4.2e-02,5.1e-02,6.1e-02,7.4e-02,8.9e-02,1.1e-01,1.3e-01,1.6e-01,1.9e-01,2.3e-01,2.7e-01,3.3e-01,3.9e-01,4.8e-01,5.7e-01,6.9e-01,8.3e-01,1.0e+00
0.2,1e-06,2.6041666666666657e-07,0.5,7.296000617444898e-11,7.295999111016434e-11,7.295998809730741e-11,7.295996700730893e-11,7.295994290445352e-11,7.29599308530258e-11,7.295990675017038e-11,7.295987662160111e-11,7.2959840467318e-11,7.295976213303788e-11,7.295972296589783e-11,7.295966572161622e-11,7.295947289877289e-11,7.2959385525922e-11,7.295926802450184e-11,7.295913545879706e-11,7.295897577737992e-11,7.295871365882727e-11,7.295838224456529e-11,7.295812916458341e-11,7.295777063460909e-11,7.295733075749774e-11,7.295683062324785e-11,7.295618587186545e-11,7.295541458049212e-11,7.29542094377213e-11,7.295264877783307e-11,7.295086215367532e-11,7.294872001240018e-11,7.294611087830133e-11,7.294309199566041e-11,7.293994657302855e-11,7.293629800328987e-11,7.293151358648968e-11,7.292441228271258e-11,7.291654872613292e-11,7.290667860683984e-11,7.289540449621875e-11,7.287974065305491e-11,7.286489028126139e-11,7.284612319546267e-11,7.282363221850209e-11,7.279578136906825e-11,7.276283879142767e-11,7.27223520200417e-11,7.267346540354307e-11,7.26142477006415e-11,7.254303581431328e-11,7.245844383037194e-11,7.235593739914225e-11,7.223235904656461e-11,7.208287615012805e-11,7.190278564016936e-11,7.168683309420778e-11,7.142627520144091e-11,7.111181428539184e-11,7.073258899683849e-11,7.027486070819339e-11,6.972208883492695e-11,6.905293331142472e-11,6.824204697235927e-11,6.725698134862604e-11,6.605284788486866e-11,6.457133273526364e-11,6.27271027530656e-11,6.037978290832851e-11,5.726905633683965e-11,5.3353661962982824e-11,4.8664680418817665e-11,4.265853507041916e-11,3.390969266274417e-11,2.6798551907773496e-11,2.1053244647836068e-11,1.564205418253991e-11,1.0759406195102701e-11,7.330196543567142e-12,4.9621874103118565e-12,3.3239524819314448e-12,2.188147600423066e-12,1.395163657218265e-12,8.405268255139645e-13,4.476804107933184e-13,2.521098419433562e-13,1.6339325686885553e-13,9.233803910083871e-14,3.6943651639731273e-14,0.0,0.0,0.0,0.0,0.0,0.0,0.0,0.0,0.0,0.0,0.0,0.0,0.0,0.0
0.3,1e-06,6.520951575896632e-07,0.5,4.288062934859322e-10,4.2880625569845746e-10,4.2880621791098267e-10,4.2880618012350787e-10,4.288059911861339e-10,4.2880587782370956e-10,4.2880580224876e-10,4.2880565109886085e-10,4.2880553773643646e-10,4.288054243740121e-10,4.2880519764916336e-10,4.2880489534936505e-10,4.288045552620919e-10,4.2880410181239447e-10,4.2880361057522224e-10,4.2880319491299955e-10,4.2880232580107937e-10,4.28801494476634e-10,4.2880043642733994e-10,4.287991516531971e-10,4.287975267917812e-10,4.2879571299299126e-10,4.287938236192518e-10,4.2879095177116783e-10,4.28787702048336e-10,4.2878399887580667e-10,4.2877882199176055e-10,4.287723603335716e-10,4.2876221439659074e-10,4.2874511556424864e-10,4.2872253754806217e-10,4.286926287617666e-10,4.286802155762984e-10,4.286647604991096e-10,4.2864273040130754e-10,4.2861276493379975e-10,4.2858077783639076e-10,4.285369632593728e-10,4.2848566676234656e-10,4.284213902677303e-10,4.283435480696647e-10,4.2825064756289564e-10,4.281360192581228e-10,4.2799937974928533e-10,4.278309420804128e-10,4.276284390030179e-10,4.273822913922416e-10,4.270959756957644e-10,4.2674853875881586e-10,4.263287954888583e-10,4.2581926917880175e-10,4.2520560058822645e-10,4.2446823469892893e-10,4.2358455570724793e-10,4.2251630379495944e-10,4.212246712254551e-10,4.1967187052394573e-10,4.178025430398653e-10,4.1554366447818385e-10,4.1281828064649326e-10,4.0952464876892383e-10,4.0554082866433115e-10,4.0070739497657986e-10,3.9482632244403754e-10,3.8764486954157723e-10,3.7879232224778017e-10,3.6774651434227295e-10,3.536440398135989e-10,3.346748597256218e-10,3.0829483786947694e-10,2.7589655605356796e-10,2.2770919355924722e-10,1.791169004850863e-10,1.422855810642915e-10,1.1248222182336362e-10,8.451244311536565e-11,5.7982404984308e-11,3.9241499031531935e-11,2.6288840679478686e-11,1.7315505722518226e-11,1.1102602480115264e-11,6.819921237415408e-12,3.850902662021961e-12,2.2395691620642485e-12,1.2486682106691199e-12,6.124216039072896e-13,2.0127498446425479e-13,0.0,0.0,0.0,0.0,0.0,0.0,0.0,0.0,0.0,0.0,0.0,0.0,0.0
0.4,1e-06,1.3605442176870751e-06,0.5,1.809623439284516e-09,1.8096231103438145e-09,1.8096231103438145e-09,1.8096229458734636e-09,1.8096226169327619e-09,1.809622452462411e-09,1.809621712345832e-09,1.8096214656403058e-09,1.8096208077589023e-09,1.8096204788182005e-09,1.809619985407148e-09,1.8096187518795165e-09,1.8096176828222356e-09,1.8096166960001305e-09,1.8096152157669725e-09,1.8096134065931131e-09,1.8096107750674991e-09,1.8096076501308327e-09,1.8096040317831135e-09,1.8096004134353942e-09,1.8095961372062717e-09,1.8095897228625875e-09,1.8095836374596055e-09,1.8095755784124128e-09,1.8095647233692554e-09,1.8095518946818873e-09,1.8095375857613617e-09,1.8095173559082043e-09,1.8094963859384684e-09,1.8094706463285572e-09,1.8094097100635595e-09,1.8093218828961945e-09,1.809217608693742e-09,1.8091066734420797e-09,1.8090134187531357e-09,1.8089178614792797e-09,1.8088102978698101e-09,1.8086723894806048e-09,1.808486949159998e-09,1.8082581709019365e-09,1.8079916466983501e-09,1.8076458477856439e-09,1.8072505432973256e-09,1.806758859183397e-09,1.8061486741816659e-09,1.805418096883097e-09,1.8045754330404096e-09,1.8035521807524662e-09,1.8023158571249692e-09,1.800825509040552e-09,1.7989940494484288e-09,1.796842777259037e-09,1.7942397050158023e-09,1.7910869728599571e-09,1.7872798954131719e-09,1.7827201194056258e-09,1.7772079778313614e-09,1.770571681408894e-09,1.7625540807446374e-09,1.752902384909302e-09,1.7412224407070264e-09,1.7271465746684382e-09,1.7100905058720685e-09,1.6893922411556616e-09,1.6642295932352138e-09,1.633424789928138e-09,1.5954430761552824e-09,1.5479722454889274e-09,1.4871751224080785e-09,1.405054911747864e-09,1.2750281884618375e-09,1.0947415462993868e-09,8.501327702610454e-10,6.727788811601497e-10,5.38280373504293e-10,4.3019144573401223e-10,3.335161024327717e-10,2.315309983240135e-10,1.5621015643915485e-10,1.0417157295323656e-10,6.817263149530554e-11,4.324912346502407e-11,2.6015591160064562e-11,1.5059234266445594e-11,8.97580492843103e-12,4.473593543689742e-12,1.5208573345036415e-12,0.0,0.0,0.0,0.0,0.0,0.0,0.0,0.0,0.0,0.0,0.0,0.0,0.0
0.5,1e-06,2.666666666666667e-06,0.5,6.833774618642865e-09,6.833774618642865e-09,6.833773986815881e-09,6.833773354988899e-09,6.833770195853985e-09,6.833767668546055e-09,6.833765141238124e-09,6.833763245757176e-09,6.833760718449245e-09,6.833757559314332e-09,6.833753136525454e-09,6.833748713736574e-09,6.833739868158817e-09,6.833729127100113e-09,6.833720281522355e-09,6.833707013155719e-09,6.833689322000204e-09,6.833668471709776e-09,6.8336394076685725e-09,6.833604025357543e-09,6.833558533814791e-09,6.8334820827498875e-09,6.833315596339954e-09,6.833048333526285e-09,6.832942502506687e-09,6.8328910086076e-09,6.832841094275969e-09,6.832781702539598e-09,6.832709674263573e-09,6.832631327717722e-09,6.832532130881443e-09,6.832422824813441e-09,6.832285086531219e-09,6.832122706996672e-09,6.831834277979084e-09,6.831399896928498e-09,6.830898226304257e-09,6.830374441735624e-09,6.8296889094594264e-09,6.82877655129645e-09,6.8277905852899935e-09,6.826486810311253e-09,6.824869333235617e-09,6.8230329281104856e-09,6.820903987092378e-09,6.8183387695427366e-09,6.8151985894388646e-09,6.811417104947583e-09,6.806811718070898e-09,6.801246586007538e-09,6.79465031230846e-09,6.786677919441125e-09,6.777052667187124e-09,6.765349967814104e-09,6.751406809960534e-09,6.734514599665351e-09,6.7142291625597376e-09,6.68975755578044e-09,6.660197530396208e-09,6.624622196223462e-09,6.58160394019486e-09,6.529669025873322e-09,6.466797502395252e-09,6.3905751588598655e-09,6.297874767616437e-09,6.184485201825467e-09,6.044809106247479e-09,5.870669376072755e-09,5.648732566486001e-09,5.353776460252508e-09,4.9017668050231535e-09,3.900866936003669e-09,3.0262338985089588e-09,2.3939393638714283e-09,1.9235574436399856e-09,1.5577687939467762e-09,1.2531416280030395e-09,9.628878940880708e-10,6.570691024550177e-10,4.396959791640916e-10,2.893514849837155e-10,1.8524661670308656e-10,1.1322971356435422e-10,6.762760109012139e-11,3.993715174761043e-11,1.944889818055885e-11,5.140544331006004e-12,0.0,0.0,0.0,0.0,0.0,0.0,0.0,0.0,0.0,0.0,0.0,0.0,0.0
0.6,1e-06,5.2734375e-06,0.5,2.6457023533650107e-08,2.6457013647379378e-08,2.6457003761108652e-08,2.6456991403270246e-08,2.645697904543184e-08,2.645696668759343e-08,2.6456959272890385e-08,2.6456941971916614e-08,2.6456914784672114e-08,2.6456870296453847e-08,2.645683322293862e-08,2.6456781320017306e-08,2.6456734360231358e-08,2.6456684928877723e-08,2.6456623139685685e-08,2.6456490910814716e-08,2.6456347559889182e-08,2.6456149834474655e-08,2.6455892791435763e-08,2.6455507226877435e-08,2.6454921465336888e-08,2.6454155279355588e-08,2.6453796902041753e-08,2.6453638721710125e-08,2.6453485484513865e-08,2.645333719045297e-08,2.645317530276982e-08,2.645295656903e-08,2.6452674810314295e-08,2.6452390580030907e-08,2.6452084105638387e-08,2.645170842735078e-08,2.6451031217806015e-08,2.6449523561520225e-08,2.6448045564046615e-08,2.644656015186996e-08,2.6444348098794912e-08,2.644169363510485e-08,2.6438648663721094e-08,2.6434723814242676e-08,2.6429926501372654e-08,2.6424224594731152e-08,2.641705704845445e-08,2.6409363058261565e-08,2.6399778318792235e-08,2.638829294377574e-08,2.637426679718254e-08,2.635738598991707e-08,2.633688186443034e-08,2.6312235391509213e-08,2.628279160571806e-08,2.6247265291862436e-08,2.6204077118193785e-08,2.6152274295370844e-08,2.6090026627525374e-08,2.601476986318769e-08,2.5924090516516688e-08,2.581497080337311e-08,2.5683451272331e-08,2.552429590725684e-08,2.5332294643477777e-08,2.509991661426791e-08,2.4818201150997515e-08,2.4475741968815917e-08,2.405754900973408e-08,2.3543067481127806e-08,2.2903407228366618e-08,2.209266753225129e-08,2.103014058592232e-08,1.9521131116827683e-08,1.5808124647540282e-08,1.2074502832220476e-08,9.427241290383516e-09,7.514989375113166e-09,6.095212149811938e-09,4.996872187776278e-09,4.093867634322188e-09,3.2772122409609003e-09,2.3755522203256127e-09,1.5796752964637142e-09,1.0358241290967329e-09,6.590756526841633e-10,3.9995155380762974e-10,2.4537723943135613e-10,1.3234750621545388e-10,4.954998888114251e-11,0.0,0.0,0.0,0.0,0.0,0.0,0.0,0.0,0.0,0.0,0.0,0.0,0.0,0.0
0.7,1e-06,1.1303344867358707e-05,0.5,1.2082906296095273e-07,1.2082906296095273e-07,1.2082906296095273e-07,1.2082902889223489e-07,1.208290175359956e-07,1.208290175359956e-07,1.2082898346727774e-07,1.2082896075479918e-07,1.208289493985599e-07,1.208289493985599e-07,1.2082892668608133e-07,1.208288812611242e-07,1.208288244799278e-07,1.208287676987314e-07,1.2082867684881713e-07,1.2082858599890286e-07,1.208285065052279e-07,1.2082834751787795e-07,1.2082808632437444e-07,1.2082757529360676e-07,1.2082678035685702e-07,1.2082536650506635e-07,1.2082351543806335e-07,1.2082155080866755e-07,1.208196543167074e-07,1.2081739442509025e-07,1.208150663960374e-07,1.208125112421989e-07,1.2080861037400543e-07,1.2080188748035039e-07,1.2079808881831045e-07,1.2079259239849786e-07,1.2078725496603523e-07,1.207793907703323e-07,1.207696982201049e-07,1.207585520712494e-07,1.2074461796565012e-07,1.207277255597178e-07,1.2070707991670275e-07,1.2068210754652115e-07,1.2065249615259276e-07,1.2061534421578098e-07,1.205716340507837e-07,1.2051701053983623e-07,1.2045396069934133e-07,1.203777432993987e-07,1.202859621735198e-07,1.2017510256564675e-07,1.2004107055151834e-07,1.1987888074208967e-07,1.1968547263087416e-07,1.1945184072012105e-07,1.1916935994609544e-07,1.1882944499190001e-07,1.1842095538679889e-07,1.1792542588571918e-07,1.1733041572852722e-07,1.1661039608931658e-07,1.157421150681569e-07,1.1468991407370201e-07,1.134141087277802e-07,1.118623297329415e-07,1.0996485545811272e-07,1.0762726445178184e-07,1.0471276513367485e-07,1.0100709365913446e-07,9.612217326316934e-08,8.910407984607296e-08,7.678729009852444e-08,6.327810090446241e-08,4.8043524207534716e-08,3.724840806448774e-08,2.955214842805534e-08,2.3953772299184703e-08,1.97546551934729e-08,1.646166377632878e-08,1.3714089819431153e-08,1.1208960214969658e-08,8.457252586973307e-09,5.60959609328147e-09,3.6183136038619028e-09,2.266728073209832e-09,1.37285576682767e-09,7.157724057190935e-10,2.0872767800721793e-10,0.0,0.0,0.0,0.0,0.0,0.0,0.0,0.0,0.0,0.0,0.0,0.0,0.0,0.0,0.0
0.8,1e-06,2.9629629629629647e-05,0.5,8.274259070940764e-07,8.274259070940764e-07,8.274259070940764e-07,8.27425829091073e-07,8.27425829091073e-07,8.27425829091073e-07,8.274257510880697e-07,8.274255950820628e-07,8.274255950820628e-07,8.274255950820628e-07,8.274255950820628e-07,8.274255950820628e-07,8.274255170790593e-07,8.274251270640424e-07,8.274246590460218e-07,8.274244640385132e-07,8.274237620114825e-07,8.274229039784449e-07,8.274214609228817e-07,8.274190428297758e-07,8.274112425294341e-07,8.273985280398771e-07,8.273781302544836e-07,8.273450569810347e-07,8.273110476715449e-07,8.272826155767994e-07,8.272583956442385e-07,8.272182240974787e-07,8.271672881362475e-07,8.271174832185657e-07,8.27045057429893e-07,8.269732556652477e-07,8.268730218058569e-07,8.267553542752024e-07,8.266178349801782e-07,8.264522346039239e-07,8.26247125706439e-07,8.26004419361307e-07,8.257168612892104e-07,8.253738040801824e-07,8.249572680419357e-07,8.244500925137184e-07,8.238473243048137e-07,8.231152661177452e-07,8.222350022241846e-07,8.211691691854949e-07,8.198867998093197e-07,8.1833929822453e-07,8.164839577867553e-07,8.142457006052067e-07,8.115413754782414e-07,8.082869341696779e-07,8.043625250647659e-07,7.996137022167398e-07,7.938888667884587e-07,7.869498756104904e-07,7.785332735387942e-07,7.682860189799047e-07,7.557579175996008e-07,7.403178470972359e-07,7.210719710566543e-07,6.966493866928028e-07,6.647153081074041e-07,6.206480573480017e-07,5.541428526406862e-07,4.868856209774275e-07,4.232591171112158e-07,3.6189953653030863e-07,2.9971967636546843e-07,2.2935094389740785e-07,1.7789801776096985e-07,1.4147443731240477e-07,1.1524943754859697e-07,9.58697083541519e-08,8.099320955147456e-08,6.894435862416467e-08,5.844246326062046e-08,4.830928809422834e-08,3.637174745279449e-08,2.3559988150564772e-08,1.4334104918417327e-08,7.357594295805506e-09,1.8648568041915954e-09,0.0,0.0,0.0,0.0,0.0,0.0,0.0,0.0,0.0,0.0,0.0,0.0,0.0,0.0,0.0,0.0,0.0
0.9,1e-06,0.00013462603878114,0.5,1.705288646910664e-05,1.7052860702465532e-05,1.7052834935824426e-05,1.7052801117107973e-05,1.7052762467146314e-05,1.7052697245336014e-05,1.7052650543299008e-05,1.7052576464205827e-05,1.705246937160373e-05,1.705233973319066e-05,1.7052202847909784e-05,1.7052049858478215e-05,1.705183567327402e-05,1.7051627124522563e-05,1.7051389588299863e-05,1.7051110181285367e-05,1.7050817085742783e-05,1.705044749548441e-05,1.7050023956321225e-05,1.7049479636027854e-05,1.7048626116041206e-05,1.7047306380892036e-05,1.7045983424912732e-05,1.70445364669731e-05,1.7042703009416872e-05,1.704056196258244e-05,1.7037991740132077e-05,1.7034863508860255e-05,1.7031128956314895e-05,1.7026620599328813e-05,1.7021204773451263e-05,1.7014687423666415e-05,1.7006843897072122e-05,1.699740364393677e-05,1.6985976943813618e-05,1.6972215141840205e-05,1.6955811453945846e-05,1.6935864852899365e-05,1.6912070165045147e-05,1.688324695613751e-05,1.6848370196984943e-05,1.6806557380129547e-05,1.6756134479106944e-05,1.66951979833054e-05,1.6622079502713275e-05,1.6533339995950402e-05,1.6426224042833464e-05,1.6296866647196503e-05,1.614011206519564e-05,1.594944214183849e-05,1.5716966648493756e-05,1.5431495616053452e-05,1.507822288837182e-05,1.4634688006479436e-05,1.4067610132557253e-05,1.3322032241955481e-05,1.2301886634139085e-05,1.1006997773865525e-05,9.839583734013087e-06,8.775953698499516e-06,7.808136112732525e-06,6.928559610264506e-06,6.128289608291818e-06,5.398327912615589e-06,4.728235812757593e-06,4.105315185897586e-06,3.5124135011340593e-06,2.913146650809719e-06,2.237583165754288e-06,1.7464629341911412e-06,1.4043697079195453e-06,1.1600681315145122e-06,9.837075512542886e-07,8.504473146972449e-07,7.494662377862318e-07,6.525047568878155e-07,5.321358929593128e-07,3.6897991105857964e-07,1.258313918430575e-07,0.0,0.0,0.0,0.0,0.0,0.0,0.0,0.0,0.0,0.0,0.0,0.0,0.0,0.0,0.0,0.0,0.0,0.0,0.0,0.0,0.0
1.0,1e-06,0.00013462603878114,0.5,1.7052934781558714e-05,1.705292350865323e-05,1.705290740450254e-05,1.7052882443068967e-05,1.7052860702465532e-05,1.7052834130616892e-05,1.705278984420249e-05,1.705274233695795e-05,1.7052690803675736e-05,1.705264007560106e-05,1.7052572438168155e-05,1.705248708616949e-05,1.7052371941492046e-05,1.7052243108286515e-05,1.7052083677194668e-05,1.7051916194027475e-05,1.7051706840068488e-05,1.7051443537204682e-05,1.705112789585113e-05,1.7050743811857136e-05,1.705028162273229e-05,1.7049729250363572e-05,1.7049036771883836e-05,1.7048215460198572e-05,1.704716788519609e-05,1.7045960879101763e-05,1.7044504258671716e-05,1.7042705425039475e-05,1.704054988446942e-05,1.7038042468206755e-05,1.703490135361438e-05,1.7031090306353236e-05,1.7026420907860238e-05,1.7020872222739485e-05,1.7014304950087494e-05,1.7006381707947276e-05,1.6996751425833765e-05,1.6985235347674276e-05,1.6971525078983075e-05,1.695588070179382e-05,1.6937005026768322e-05,1.691479418213461e-05,1.6884803422301845e-05,1.6847800110050462e-05,1.6805085460756343e-05,1.6756988804301127e-05,1.6696906633693767e-05,1.6620779092544937e-05,1.653128510632217e-05,1.6426302953171852e-05,1.628660105633821e-05,1.6129471247626236e-05,1.5924721465319512e-05,1.5670853218196196e-05,1.533993305167436e-05,1.4704353757163303e-05,1.3658290129224014e-05,1.2124475258046242e-05,1.0763738136010229e-05,9.601539425359234e-06,8.567683548851632e-06,7.636608388094819e-06,6.78214389300758e-06,5.9834601498780044e-06,5.204189960407026e-06,4.434593534256426e-06,3.794096032124188e-06,3.2313630580585716e-06,2.7882903652910318e-06,2.4806076830094855e-06,2.235820566461104e-06,2.0179193294921714e-06,1.8143942678455356e-06,1.6594328830241694e-06,1.515758897422471e-06,1.3783131921007082e-06,1.2473598751302209e-06,1.1233860970694272e-06,1.0066213420656808e-06,8.972041058149285e-07,7.966063076903731e-07,7.041660670985937e-07,6.175982050564677e-07,5.347399341261274e-07,4.5202982138214875e-07,3.680273505451778e-07,2.806816580246526e-07,1.9320874271366468e-07,1.3985408105767588e-07,9.985620198521227e-08,5.962078669004908e-08,2.0585130621402204e-08,0.0,0.0,0.0,0.0,0.0,0.0,0.0,0.0
1/0.9,1e-06,0.00013462603878114,0.5,1.705286875454088e-05,1.7052849429560048e-05,1.7052818831673732e-05,1.705278259733468e-05,1.7052755220278505e-05,1.705272301197712e-05,1.705266503703463e-05,1.7052582905866105e-05,1.7052481449716745e-05,1.705237838315232e-05,1.7052257602022137e-05,1.7052144872967296e-05,1.7051922635687753e-05,1.7051627929730097e-05,1.7051281690490232e-05,1.7050825943025664e-05,1.7050284843562428e-05,1.70496624181382e-05,1.7049077032260567e-05,1.7048547205702815e-05,1.7048052003069053e-05,1.7047174326856368e-05,1.7045979398875057e-05,1.7044488154521025e-05,1.704271508752989e-05,1.704058853443108e-05,1.703801187032044e-05,1.7034890080708895e-05,1.703114506046559e-05,1.702667696385623e-05,1.702124100779032e-05,1.701472848925068e-05,1.7006818130431016e-05,1.69973810981258e-05,1.698603330834104e-05,1.69722360772361e-05,1.695570275092868e-05,1.6935894645578143e-05,1.6911990449499222e-05,1.6883209111383385e-05,1.6848347651173974e-05,1.6806549328054203e-05,1.6756077309371988e-05,1.669533164775614e-05,1.6621883032074838e-05,1.65333818667422e-05,1.6426336771888305e-05,1.629696810334586e-05,1.6140260223382e-05,1.5949537961535103e-05,1.5717024623436244e-05,1.5431585799297323e-05,1.5078325149728712e-05,1.4634606680518444e-05,1.4067639925236032e-05,1.3321978293050666e-05,1.2301972791345285e-05,1.100700582594087e-05,9.839577292352809e-06,8.775894113141959e-06,7.808129671072249e-06,6.928607117509046e-06,6.1282686728959196e-06,5.398352068841626e-06,4.728201188833606e-06,4.105427914952427e-06,3.512597893659477e-06,2.9141869789443896e-06,2.2365903448641574e-06,1.745809910880601e-06,1.4038930250590772e-06,1.1596703589924322e-06,9.834667942014507e-07,8.502105836820799e-07,7.491183881312955e-07,6.523300268528128e-07,5.315875466282675e-07,3.664676635507066e-07,1.2739510487520157e-07,0.0,0.0,0.0,0.0,0.0,0.0,0.0,0.0,0.0,0.0,0.0,0.0,0.0,0.0,0.0,0.0,0.0,0.0,0.0,0.0,0.0
1/0.8,1e-06,2.9629629629629647e-05,0.5,8.274223189559193e-07,8.274212269138714e-07,8.274199788658167e-07,8.274191988357826e-07,8.274181847967383e-07,8.274154546916186e-07,8.274129585955092e-07,8.274102284903897e-07,8.274066403522325e-07,8.274030522140753e-07,8.273993080699113e-07,8.273958759377608e-07,8.273919367860884e-07,8.273854625368048e-07,8.273789882875211e-07,8.273732940682717e-07,8.273671318310018e-07,8.273612036027421e-07,8.273553923789875e-07,8.273496981597381e-07,8.273438869359835e-07,8.27339401763287e-07,8.273332395260171e-07,8.273262192557096e-07,8.273133097586441e-07,8.272920929417146e-07,8.272534034520198e-07,8.272145969578198e-07,8.271739183915378e-07,8.271136610713983e-07,8.270505956431356e-07,8.269671714309812e-07,8.268770779620345e-07,8.267623355440082e-07,8.266238412114413e-07,8.264547697015349e-07,8.26250206825074e-07,8.259991151570746e-07,8.257149112141248e-07,8.253718930065987e-07,8.249562540028912e-07,8.2445309562935e-07,8.23847948328841e-07,8.231158901417726e-07,8.222345732076658e-07,8.211691691854949e-07,8.198848107327325e-07,8.18340117256066e-07,8.164855958498271e-07,8.14247260665275e-07,8.11542896536808e-07,8.082882602207361e-07,8.043646701473598e-07,7.996153012783099e-07,7.938905828545338e-07,7.869506946420263e-07,7.785362766544257e-07,7.682858629738978e-07,7.557614277347547e-07,7.403199531783282e-07,7.210709960191116e-07,6.96648294650755e-07,6.647147620863801e-07,6.206475113269777e-07,5.54137782445464e-07,4.868865570134685e-07,4.232623542358576e-07,3.618981324762471e-07,2.997284907048545e-07,2.293381904063492e-07,1.7788818938253933e-07,1.4146663701206308e-07,1.1524464036388682e-07,9.58656131964725e-08,8.098533124812944e-08,6.893815738539303e-08,5.843790008492056e-08,4.830351587197548e-08,3.6336958113270516e-08,2.3570284547015816e-08,1.4341632208247064e-08,7.363054506044695e-09,1.8677039138163155e-09,0.0,0.0,0.0,0.0,0.0,0.0,0.0,0.0,0.0,0.0,0.0,0.0,0.0,0.0,0.0,0.0,0.0
1/0.7,1e-06,1.1303344867358707e-05,0.5,1.2082906296095273e-07,1.2082906296095273e-07,1.2082905160471345e-07,1.2082904024847417e-07,1.2082900617975632e-07,1.2082899482351704e-07,1.2082898346727774e-07,1.2082893804232061e-07,1.2082891532984205e-07,1.208288926173635e-07,1.208288812611242e-07,1.208288358361671e-07,1.2082877905497066e-07,1.2082872227377426e-07,1.2082866549257785e-07,1.2082859735514217e-07,1.2082854057394574e-07,1.208284270115529e-07,1.2082829073668154e-07,1.208281203930923e-07,1.208279159807852e-07,1.2082771156847815e-07,1.2082733681258182e-07,1.2082703019412121e-07,1.2082638856660176e-07,1.2082500310540934e-07,1.2082118740901052e-07,1.2081542979569442e-07,1.2081002990391572e-07,1.2080464704649596e-07,1.2079870773335135e-07,1.207929557981549e-07,1.2078544364586971e-07,1.2077832328383977e-07,1.2077016950403513e-07,1.207579274780889e-07,1.2074407286616457e-07,1.2072809463749448e-07,1.2070763069430794e-07,1.206827889208781e-07,1.206518261344751e-07,1.206162072899664e-07,1.2057182142873186e-07,1.2051792471709845e-07,1.2045420485848592e-07,1.2037758431204876e-07,1.20285689623777e-07,1.2017504578445035e-07,1.200409285985273e-07,1.1987892048892715e-07,1.196856316182241e-07,1.1945180665140318e-07,1.1916943943977042e-07,1.1882909294848227e-07,1.1842075665261145e-07,1.1792543724195847e-07,1.1733062014083431e-07,1.166104415142737e-07,1.1574228541174614e-07,1.1469019230156444e-07,1.1341458568983007e-07,1.1186252846712895e-07,1.0996492359554842e-07,1.0762748022032821e-07,1.0471277648991413e-07,1.0100760468990216e-07,9.612216190693006e-08,8.910391518060336e-08,7.678744908587441e-08,6.327849837283729e-08,4.804294503933133e-08,3.724799923987359e-08,2.9551909947030414e-08,2.3952920581238535e-08,1.975424636885874e-08,1.6461391226586005e-08,1.371346522627063e-08,1.1208290196852009e-08,8.45532202629533e-09,5.609993561656348e-09,3.6186997159974983e-09,2.267136897823992e-09,1.3730715353740323e-09,7.157383370012469e-10,2.089207340750157e-10,0.0,0.0,0.0,0.0,0.0,0.0,0.0,0.0,0.0,0.0,0.0,0.0,0.0,0.0,0.0
1/0.6,1e-06,5.273437499999999e-06,0.5,2.6457038363056197e-08,2.6457038363056197e-08,2.6457033419920833e-08,2.6457033419920833e-08,2.6457023533650107e-08,2.6457013647379378e-08,2.6457008704244017e-08,2.6457003761108652e-08,2.645699387483793e-08,2.64569839885672e-08,2.645696915916111e-08,2.6456956801322704e-08,2.645693455721357e-08,2.6456917256239795e-08,2.6456882654292256e-08,2.645686041018312e-08,2.645683322293862e-08,2.6456776376881944e-08,2.6456709644554542e-08,2.6456650326930184e-08,2.6456563822061324e-08,2.645646248778638e-08,2.645634385253766e-08,2.64561906153414e-08,2.64559755889531e-08,2.6455550479311858e-08,2.6454256613630533e-08,2.6452872535728825e-08,2.645267728188198e-08,2.645243753981686e-08,2.6452024788014026e-08,2.6451215349598296e-08,2.645036513031582e-08,2.6449537155142475e-08,2.6448085109129525e-08,2.644640320732218e-08,2.644431473263121e-08,2.6441715879213987e-08,2.6438560923068396e-08,2.6434751001487176e-08,2.6430041429269848e-08,2.6424481637770043e-08,2.641730173365493e-08,2.640935440777468e-08,2.6399868531012617e-08,2.638830283004647e-08,2.637425196777645e-08,2.6357353859537207e-08,2.633685838453736e-08,2.6312241570428417e-08,2.6282799020421104e-08,2.6247267763430116e-08,2.620407958976147e-08,2.6152256994397076e-08,2.6090011798119284e-08,2.601478716416146e-08,2.5924112760625823e-08,2.5814960917102385e-08,2.5683395662058163e-08,2.5524318151365975e-08,2.533225633417871e-08,2.509995121621545e-08,2.4818201150997515e-08,2.447575926978969e-08,2.405754900973408e-08,2.3543182409025e-08,2.290335161809378e-08,2.2092631694519907e-08,2.1030082504081804e-08,1.9521247280508717e-08,1.580803319953606e-08,1.2074530019464974e-08,9.427270949195694e-09,7.51494983003026e-09,6.095207206676575e-09,4.996812870151919e-09,4.093803373562467e-09,3.2771257360920434e-09,2.375695571251147e-09,1.5797271993850283e-09,1.035868617315002e-09,6.591003683609795e-10,3.9997626948444596e-10,2.4539206883744587e-10,1.323648071892252e-10,4.955493201650575e-11,0.0,0.0,0.0,0.0,0.0,0.0,0.0,0.0,0.0,0.0,0.0,0.0,0.0,0.0
1/0.5,1e-06,2.666666666666667e-06,0.5,6.833773986815881e-09,6.833772723161916e-09,6.833772723161916e-09,6.833770827680968e-09,6.833770195853985e-09,6.833768300373038e-09,6.833767668546055e-09,6.833763877584158e-09,6.833760718449245e-09,6.833758191141315e-09,6.833756295660367e-09,6.83374997739054e-09,6.833746818255627e-09,6.833739868158817e-09,6.83373354988899e-09,6.833723440657268e-09,6.833713015512054e-09,6.833700063058909e-09,6.833682371903394e-09,6.83366720805581e-09,6.833644462284434e-09,6.8336122391083175e-09,6.8335812795861675e-09,6.833534524389449e-09,6.833486505538766e-09,6.833425218321447e-09,6.833325389658185e-09,6.832991785011336e-09,6.832681242049353e-09,6.832597209060658e-09,6.8325087532830844e-09,6.832388706156377e-09,6.8322642362407904e-09,6.8320130850151794e-09,6.831725603738064e-09,6.831405899284833e-09,6.830916549286755e-09,6.830379180437994e-09,6.829663320466628e-09,6.828806878991618e-09,6.827764680383704e-09,6.826491864927114e-09,6.824917983913282e-09,6.823047776044579e-09,6.820916623632032e-09,6.818337821802263e-09,6.815207435016622e-09,6.811415525380126e-09,6.806813613551847e-09,6.801251324709908e-09,6.794653471443373e-09,6.786703192520431e-09,6.777041926128419e-09,6.765348072333157e-09,6.751409969095448e-09,6.7345196542812126e-09,6.714224107943876e-09,6.689752185251088e-09,6.660197846309699e-09,6.6246313577147104e-09,6.581589408174259e-09,6.5296582848146165e-09,6.466787077250038e-09,6.390592850015381e-09,6.29787350396247e-09,6.184491520095294e-09,6.044817004084763e-09,5.870655475879136e-09,5.648726248216174e-09,5.3537439211629e-09,4.901713415643118e-09,3.9008264990767785e-09,3.0262446395676646e-09,2.393914406705613e-09,1.9235290114257655e-09,1.5577668984658283e-09,1.2531397325220916e-09,9.628569345659198e-10,6.570950073613072e-10,4.3969977012598767e-10,2.893540122916462e-10,1.8524724853006922e-10,1.1323160904530224e-10,6.763076022503475e-11,3.993715174761043e-11,1.9449530007541517e-11,5.140544331006004e-12,0.0,0.0,0.0,0.0,0.0,0.0,0.0,0.0,0.0,0.0,0.0,0.0,0.0
1/0.4,1e-06,1.3605442176870751e-06,0.5,1.8096240971659199e-09,1.809623932695569e-09,1.809623932695569e-09,1.809623603754867e-09,1.8096231103438145e-09,1.8096231103438145e-09,1.8096226991679374e-09,1.80962228799206e-09,1.8096219590513583e-09,1.8096216301106567e-09,1.8096208077589023e-09,1.8096196564664463e-09,1.8096178472925865e-09,1.809617353881534e-09,1.8096158736483763e-09,1.8096139000041656e-09,1.8096130776524114e-09,1.809609623775043e-09,1.8096061698976747e-09,1.80960337390171e-09,1.809597946380131e-09,1.809593176739956e-09,1.8095847887520615e-09,1.8095767297048688e-09,1.8095673548948694e-09,1.8095551840889047e-09,1.8095403817573264e-09,1.8095232768408358e-09,1.8095018956952226e-09,1.8094729489134692e-09,1.8094421107226808e-09,1.8094037068957526e-09,1.809282163306459e-09,1.8091326597575172e-09,1.8089908040798912e-09,1.8088996052703332e-09,1.8087964823603372e-09,1.8086765834745522e-09,1.8084762585871913e-09,1.8082529078507087e-09,1.808002748447034e-09,1.8076438741414336e-09,1.8072512834139045e-09,1.8067590236537478e-09,1.8061499899444728e-09,1.8054150541816059e-09,1.8045774889197956e-09,1.8035532498097466e-09,1.8023184886505832e-09,1.800823782101868e-09,1.7990004637921126e-09,1.7968409680851771e-09,1.7942406918379076e-09,1.7910851636860976e-09,1.7872814578815052e-09,1.782719214818696e-09,1.7772101159459227e-09,1.7705717636440695e-09,1.7625567122702512e-09,1.7529060032570212e-09,1.7412206315331669e-09,1.7271532357176485e-09,1.7100862296429458e-09,1.689391747744609e-09,1.6642304978221434e-09,1.6334277503944538e-09,1.595442253803528e-09,1.5479735612517345e-09,1.4871685435940438e-09,1.405060174799092e-09,1.2750357540979777e-09,1.094762927445e-09,8.501327702610454e-10,6.727774831621672e-10,5.382769196269246e-10,4.3018848526769655e-10,3.3351199067399994e-10,2.3153280749787306e-10,1.562121300833653e-10,1.0417288871604351e-10,6.817296043600729e-11,4.3248958994673195e-11,2.601575563041543e-11,1.5059398736796467e-11,8.97580492843103e-12,4.473593543689742e-12,1.5208573345036415e-12,0.0,0.0,0.0,0.0,0.0,0.0,0.0,0.0,0.0,0.0,0.0,0.0,0.0
1/0.3,1e-06,6.520951575896634e-07,0.5,4.2880633127340705e-10,4.288062934859322e-10,4.2880618012350787e-10,4.288061423360331e-10,4.288061045485583e-10,4.288059911861339e-10,4.2880580224876e-10,4.2880565109886085e-10,4.2880553773643646e-10,4.2880546216148687e-10,4.288052732241129e-10,4.2880500871178944e-10,4.2880459304956675e-10,4.2880429074976844e-10,4.288037239376466e-10,4.2880319491299955e-10,4.288025147384533e-10,4.288012677517853e-10,4.2880013412754163e-10,4.2879894382208577e-10,4.2879730006693243e-10,4.287960530802644e-10,4.287938991942014e-10,4.287911784960166e-10,4.287883822228822e-10,4.2878471683782767e-10,4.2878003119095383e-10,4.2877447643215977e-10,4.287674101743742e-10,4.287587568426475e-10,4.287434907028327e-10,4.287185131819971e-10,4.286793086769034e-10,4.286625688255718e-10,4.286370433863518e-10,4.2860864609904773e-10,4.285774903260841e-10,4.285389282080618e-10,4.2848587459345786e-10,4.284190285505559e-10,4.2834564527451546e-10,4.282489660202675e-10,4.2813766301327613e-10,4.2799903966201223e-10,4.2783077203677626e-10,4.2762809891574485e-10,4.273835005914348e-10,4.2709574897091566e-10,4.2674874658992716e-10,4.263280964205747e-10,4.2582006271577234e-10,4.252060540379239e-10,4.244687259361012e-10,4.235842156199748e-10,4.2251662498849517e-10,4.2122459565050555e-10,4.1967181384273356e-10,4.178028075521889e-10,4.1554285204747584e-10,4.128179027717453e-10,4.095241197442768e-10,4.055413387952408e-10,4.0070663922708407e-10,3.9482634133777496e-10,3.8764411379208143e-10,3.787919254792949e-10,3.6774683553580873e-10,3.536420937586473e-10,3.3467642790582555e-10,3.0829402543876903e-10,2.7589823759619604e-10,2.277096659026821e-10,1.791169004850863e-10,1.4228633681378728e-10,1.1248214624841402e-10,8.45129343525379e-11,5.7982593921681946e-11,3.92416312876937e-11,2.6288613954629953e-11,1.731535457261907e-11,1.1102829204963999e-11,6.819959024890197e-12,3.850845980809777e-12,2.239606949539038e-12,1.2486871044065147e-12,6.124216039072896e-13,2.0127498446425479e-13,0.0,0.0,0.0,0.0,0.0,0.0,0.0,0.0,0.0,0.0,0.0,0.0,0.0
1/0.2,1e-06,2.6041666666666636e-07,0.5,7.296004534158902e-11,7.296002425159054e-11,7.296000918730591e-11,7.29599971358782e-11,7.295996098159507e-11,7.295992482731195e-11,7.295988264731498e-11,7.2959840467318e-11,7.295980431303486e-11,7.295973803018247e-11,7.295968681161471e-11,7.295959040019304e-11,7.295952713019757e-11,7.295941264163434e-11,7.295928610164341e-11,7.295915956165247e-11,7.295893058452602e-11,7.295870160739956e-11,7.29584726302731e-11,7.29581713445804e-11,7.295783993031841e-11,7.295734280892545e-11,7.295679748182165e-11,7.295605029330374e-11,7.295537541335208e-11,7.295450469770015e-11,7.295353757062656e-11,7.295212755358469e-11,7.294991611660021e-11,7.294738832963841e-11,7.294454419269925e-11,7.294083235296511e-11,7.293652095470248e-11,7.293054344655916e-11,7.292372233847628e-11,7.291639507042963e-11,7.290650386113807e-11,7.289572687190994e-11,7.288084335869021e-11,7.286493848697221e-11,7.284623165831204e-11,7.282380395134693e-11,7.279616701475493e-11,7.276294725427704e-11,7.272263824144977e-11,7.267339610783375e-11,7.261406391636895e-11,7.254298760860245e-11,7.245852819036589e-11,7.235584098772057e-11,7.223241629084622e-11,7.208290326584039e-11,7.190278262731243e-11,7.168679995278157e-11,7.142630834286711e-11,7.1111808259678e-11,7.073232989114276e-11,7.027479141248407e-11,6.972223646491636e-11,6.905324664854514e-11,6.82422729366288e-11,6.725690301434595e-11,6.605277256344548e-11,6.457122427241427e-11,6.272699730307315e-11,6.037980098547007e-11,5.726915877397518e-11,5.335381260582917e-11,4.8664954588798023e-11,4.265883635611186e-11,3.3909770997024275e-11,2.679869351204907e-11,2.1053401316396274e-11,1.5642174696816992e-11,1.0759472477955095e-11,7.33023872356412e-12,4.96219343602571e-12,3.3239886362145693e-12,2.188111446139941e-12,1.3951516057905566e-12,8.405268255139645e-13,4.476864365071726e-13,2.520977905156479e-13,1.6339325686885553e-13,9.232598767313042e-14,3.6943651639731273e-14,0.0,0.0,0.0,0.0,0.0,0.0,0.0,0.0,0.0,0.0,0.0,0.0,0.0,0.0
0.2,3e-06,7.8125e-07,0.5,6.566401911486027e-10,6.566401911486027e-10,6.566400826857533e-10,6.566399742229038e-10,6.566397572972051e-10,6.566392963300953e-10,6.566391336358212e-10,6.566389438258349e-10,6.566385099744373e-10,6.566381845858892e-10,6.566377507344917e-10,6.566369914945461e-10,6.566360153289017e-10,6.566354187832301e-10,6.566341172290377e-10,6.566328970219822e-10,6.566308904592687e-10,6.566283686980208e-10,6.566249521182655e-10,6.566219693899077e-10,6.566190408929746e-10,6.56615759891781e-10,6.566106892535727e-10,6.56605022069693e-10,6.565961281160443e-10,6.565846310540106e-10,6.565689581722758e-10,6.565528785548561e-10,6.565335450519551e-10,6.565119338292172e-10,6.564863637124773e-10,6.564576752888177e-10,6.564257600953892e-10,6.563833240055714e-10,6.563217984542637e-10,6.562495893122926e-10,6.561597007258735e-10,6.560608097229563e-10,6.559180183817547e-10,6.557824398200366e-10,6.556155968419862e-10,6.55411279949477e-10,6.551621407844637e-10,6.548657660485479e-10,6.545009512546766e-10,6.540610801690384e-10,6.535284462314724e-10,6.52887593485943e-10,6.521260487047722e-10,6.512033281294309e-10,6.500912856505063e-10,6.487453972683303e-10,6.47125124992949e-10,6.451805216822256e-10,6.428366395072424e-10,6.400063827999514e-10,6.365927315415873e-10,6.3247385483659e-10,6.27498202968671e-10,6.214768607699324e-10,6.141788023712063e-10,6.053118017405654e-10,5.944747090295982e-10,5.811413167245641e-10,5.64543490926193e-10,5.4341831733208e-10,5.154213714529952e-10,4.801820899640504e-10,4.3797962912382344e-10,3.8392697832804653e-10,3.051839800792163e-10,2.411843369458642e-10,1.894773850777976e-10,1.4077734878294077e-10,9.683308304460838e-11,6.59704131064871e-11,4.4658547832888274e-11,2.991508425456082e-11,1.969273185813604e-11,1.25559848321422e-11,7.564524503926932e-12,4.029015234290492e-12,2.268880114640832e-12,1.4704850803950128e-12,8.309338890581739e-13,3.3249286475758154e-13,0.0,0.0,0.0,0.0,0.0,0.0,0.0,0.0,0.0,0.0,0.0,0.0,0.0,0.0
0.3,3e-06,1.9562854727689895e-06,0.5,3.8592569814606615e-09,3.859256641373389e-09,3.859255621111569e-09,3.859255281024296e-09,3.8592546008497495e-09,3.859253920675204e-09,3.859252900413384e-09,3.859251880151565e-09,3.859250179715199e-09,3.85924915945338e-09,3.859246438755195e-09,3.859244398231557e-09,3.859241677533372e-09,3.859236576224276e-09,3.8592321550897254e-09,3.859229094304267e-09,3.85922059212244e-09,3.8592110696787925e-09,3.8592022274096925e-09,3.859190664442407e-09,3.859174000166025e-09,3.859159716500555e-09,3.859140671613261e-09,3.859116015285961e-09,3.859086087605928e-09,3.859046127351338e-09,3.858997494871285e-09,3.858905501263911e-09,3.858772187052855e-09,3.858599082630845e-09,3.8583475880923865e-09,3.858232468550442e-09,3.858124320797595e-09,3.8579869255392615e-09,3.857813651073617e-09,3.85753988081877e-09,3.8572440048911705e-09,3.856830628810715e-09,3.856367259901113e-09,3.855799314155033e-09,3.855088701797886e-09,3.8542605892878825e-09,3.853223323104921e-09,3.8519962882235686e-09,3.850480179160079e-09,3.8486571413326156e-09,3.846443513271994e-09,3.843864291392788e-09,3.840731747520245e-09,3.836959499486996e-09,3.832374102783761e-09,3.8268466643340326e-09,3.820212751941266e-09,3.812260151147047e-09,3.802644523587358e-09,3.791024931770916e-09,3.777045644410054e-09,3.760222037140604e-09,3.7398875389072834e-09,3.715364695862074e-09,3.6857186080912185e-09,3.6498606562335167e-09,3.6063623036983033e-09,3.553434011254515e-09,3.4888019553941916e-09,3.4091239284409215e-09,3.3097230502150055e-09,3.182791257013293e-09,3.0120633648687654e-09,2.7746377267670922e-09,2.4830400970638965e-09,2.049376790505945e-09,1.61204156166031e-09,1.2805613873095222e-09,1.012333534752083e-09,7.606130083001098e-10,5.218297418042132e-10,3.531643089274135e-10,2.3659344454439223e-10,1.5583411010629434e-10,9.992138179739873e-11,6.137623035128072e-11,3.4657443783651425e-11,2.0155442284032025e-11,1.1237673808748973e-11,5.511454347892501e-12,1.8114748601782924e-12,0.0,0.0,0.0,0.0,0.0,0.0,0.0,0.0,0.0,0.0,0.0,0.0,0.0
0.4,3e-06,4.081632653061224e-06,0.5,1.6286619834947435e-08,1.6286618354714276e-08,1.6286613914014805e-08,1.628661095354849e-08,1.628660947331533e-08,1.6286606512849014e-08,1.6286603552382698e-08,1.628659615121691e-08,1.6286590230284277e-08,1.6286587269817964e-08,1.6286579868652173e-08,1.6286570987253227e-08,1.628655618492165e-08,1.628654878375586e-08,1.6286531020957966e-08,1.6286510297693754e-08,1.628648513373007e-08,1.6286464410465863e-08,1.6286428144753496e-08,1.6286402240673235e-08,1.6286359313911654e-08,1.6286310466217447e-08,1.6286242375492186e-08,1.6286162442901663e-08,1.628607658937851e-08,1.6285956690492726e-08,1.6285823469508517e-08,1.628563696013063e-08,1.628534461408196e-08,1.628483097317619e-08,1.628421519618253e-08,1.6283375903982034e-08,1.628251588851733e-08,1.628207699938603e-08,1.628127027231501e-08,1.628038805335294e-08,1.6279384455271927e-08,1.6277993776220136e-08,1.627647949769967e-08,1.6274362024167382e-08,1.6271868571413008e-08,1.6268828912623387e-08,1.626522824546695e-08,1.626078458552712e-08,1.625533510715654e-08,1.624876657251864e-08,1.6241162614786825e-08,1.623198886979113e-08,1.622084567457893e-08,1.620741625925445e-08,1.619095532642272e-08,1.6171595356951365e-08,1.6148166966645692e-08,1.6119778315028107e-08,1.6085508697074434e-08,1.604446923277339e-08,1.5994878461519523e-08,1.5935156974533416e-08,1.586299560808884e-08,1.577611554323931e-08,1.56710138082168e-08,1.5544331013869602e-08,1.539081455283713e-08,1.5204528690156448e-08,1.4978037474559164e-08,1.4700817188409636e-08,1.4358984724920507e-08,1.3931758350672314e-08,1.3384562779564296e-08,1.2645386148700817e-08,1.1475178204256924e-08,9.852587323047392e-09,7.651113519520015e-09,6.054972184491302e-09,4.84453076270081e-09,3.871711169737957e-09,3.001659724224283e-09,2.0836931313914112e-09,1.405875125386608e-09,9.375382356457978e-10,6.135359206593978e-10,3.8922286815387416e-10,2.3412551810882787e-10,1.355227467658043e-10,8.078076412266112e-11,4.025938142686195e-11,1.3687716010522556e-11,0.0,0.0,0.0,0.0,0.0,0.0,0.0,0.0,0.0,0.0,0.0,0.0,0.0
0.5,3e-06,8.000000000000001e-06,0.5,6.150369293208642e-08,6.150363606765798e-08,6.150355645745817e-08,6.150344841504413e-08,6.150335743195863e-08,6.150323233021606e-08,6.150304183438078e-08,6.150276604190284e-08,6.150258123251042e-08,6.150228269426111e-08,6.1501958567019e-08,6.150154914313423e-08,6.150120795656358e-08,6.150082412167161e-08,6.150042038422969e-08,6.149991997725942e-08,6.14995958500173e-08,6.149927172277519e-08,6.14989760277473e-08,6.149873719714786e-08,6.14984073834629e-08,6.149808894266363e-08,6.14978273662928e-08,6.149742931529373e-08,6.149701420496611e-08,6.149653085732437e-08,6.14960190774684e-08,6.149543906029832e-08,6.149474531427134e-08,6.149389803428758e-08,6.149305075430382e-08,6.149198738949198e-08,6.149074205850914e-08,6.148925221048401e-08,6.14872505826029e-08,6.148265025034208e-08,6.147811246895255e-08,6.147335291629208e-08,6.146706939694943e-08,6.145894915656815e-08,6.145008399217431e-08,6.143829030971579e-08,6.142344300745001e-08,6.140733331487287e-08,6.138817568893132e-08,6.136502049367042e-08,6.133681005072117e-08,6.130276531741393e-08,6.126131114908093e-08,6.121124201983923e-08,6.115189261587605e-08,6.107998754611325e-08,6.099346263179844e-08,6.088813833744126e-08,6.076276933205885e-08,6.061060012155253e-08,6.042815344612315e-08,6.020778388336691e-08,5.99417806167873e-08,5.96216680033253e-08,5.9234429775310896e-08,5.876709231339545e-08,5.8201285563971306e-08,5.751518211618164e-08,5.668081035767665e-08,5.5660327011329296e-08,5.4403219405356035e-08,5.283608409230466e-08,5.083855897971695e-08,4.81837976464373e-08,4.411568516038032e-08,3.51074498645767e-08,2.7235957239066688e-08,2.1545232503571943e-08,1.7311977187659963e-08,1.4020015815049336e-08,1.1278280338470202e-08,8.666480080877224e-09,5.913496820352591e-09,3.957229693819761e-09,2.6040212037823394e-09,1.6672138638849351e-09,1.0190333034221237e-09,6.085972318254963e-10,3.5940593351427375e-10,1.7502302429649756e-10,4.6253526093365965e-11,0.0,0.0,0.0,0.0,0.0,0.0,0.0,0.0,0.0,0.0,0.0,0.0,0.0
0.6,3e-06,1.58203125e-05,0.5,2.3811347873235577e-07,2.3811345648824662e-07,2.3811345648824662e-07,2.381134342441375e-07,2.3811338975591922e-07,2.3811338975591922e-07,2.381133675118101e-07,2.3811332302359182e-07,2.3811327853537354e-07,2.381132340471553e-07,2.3811307833839133e-07,2.381128558973e-07,2.381127891649726e-07,2.3811267794442692e-07,2.3811252223566298e-07,2.3811238877100815e-07,2.3811201062115286e-07,2.3811116534500575e-07,2.3810856278423703e-07,2.3810266809531636e-07,2.380968623828322e-07,2.38091623895131e-07,2.3808799810534207e-07,2.3808541778868244e-07,2.3808348255118774e-07,2.3808168077834784e-07,2.380797900290714e-07,2.3807794376801324e-07,2.3807549691600842e-07,2.3807298333167622e-07,2.380698914005065e-07,2.3806606541373534e-07,2.38058157632938e-07,2.3804733587384401e-07,2.3803309964399787e-07,2.3801888565826082e-07,2.380007678313707e-07,2.3797493129861085e-07,2.3794744870177502e-07,2.379124031078335e-07,2.3786938300076713e-07,2.3781808808510272e-07,2.3775440320065033e-07,2.376847124067316e-07,2.3759820506630713e-07,2.3749425834432107e-07,2.373683121984009e-07,2.3721609575959278e-07,2.3703200351239475e-07,2.368100295473405e-07,2.3654548035740259e-07,2.362251651858642e-07,2.3583627142586384e-07,2.3536997928812959e-07,2.3481013954942975e-07,2.3413324018640902e-07,2.333166589400775e-07,2.3233483732903954e-07,2.3115100584089563e-07,2.297184184802994e-07,2.279907407679234e-07,2.258992050403781e-07,2.233636212842331e-07,2.2028181118417865e-07,2.1651695122492773e-07,2.1188746274361457e-07,2.061303313938315e-07,1.9883331822304144e-07,1.8927031989881783e-07,1.7568900111380902e-07,1.4227427852165413e-07,1.086704142695277e-07,8.484526058995773e-08,6.763548272291144e-08,5.485764340395385e-08,4.497311760424404e-08,3.6845631740967875e-08,2.9495977885910738e-08,2.1378590848181697e-08,1.421634361258364e-08,9.32195003558641e-09,5.931124771433966e-09,3.5989411492158493e-09,2.2080837373561312e-09,1.1911275559400612e-09,4.458386793849751e-10,0.0,0.0,0.0,0.0,0.0,0.0,0.0,0.0,0.0,0.0,0.0,0.0,0.0,0.0
0.7,3e-06,3.3910034602050004e-05,0.5,1.0874598291441727e-06,1.0874596247318657e-06,1.0874592159072514e-06,1.087458193845716e-06,1.0874570695780271e-06,1.0874559453103382e-06,1.0874543100118816e-06,1.0874527769195783e-06,1.087451550445736e-06,1.0874496085288187e-06,1.087446440138059e-06,1.0874432717472994e-06,1.0874403077688465e-06,1.0874344820180948e-06,1.0874292695042643e-06,1.087422626104284e-06,1.0874170047658394e-06,1.0874076017997138e-06,1.0873974833905134e-06,1.0873861385074704e-06,1.0873718296459748e-06,1.0873597182167802e-06,1.087347555684509e-06,1.0873358019768519e-06,1.0873214931153562e-06,1.0873050379246363e-06,1.0872757047585704e-06,1.0872652797309093e-06,1.0872528616832542e-06,1.08722935426794e-06,1.0871984369064942e-06,1.0871387485128269e-06,1.0870878498483639e-06,1.0870219779824074e-06,1.08693096340268e-06,1.0868323855675906e-06,1.086703656917207e-06,1.0865477925330586e-06,1.0863622883643833e-06,1.086140398805048e-06,1.0858693991889367e-06,1.0855393244160793e-06,1.0851394939434308e-06,1.0846550878787279e-06,1.0840867705619687e-06,1.0834006095501778e-06,1.082575397066496e-06,1.0815782738325595e-06,1.0803702993038701e-06,1.0789094667513229e-06,1.077169458090381e-06,1.0750672819243701e-06,1.0725239839996807e-06,1.0694617854334685e-06,1.0657856856060183e-06,1.0613306215793628e-06,1.0559759900923252e-06,1.0494931559794362e-06,1.041676276047466e-06,1.0322061604789096e-06,1.020730402456361e-06,1.0067594345043633e-06,9.896851300093537e-07,9.68637203573939e-07,9.424096736894236e-07,9.090677778692956e-07,8.650974130394655e-07,8.019212854856256e-07,6.910849976499313e-07,5.694940162049128e-07,4.3239785023710767e-07,3.352405784758239e-07,2.659779211694464e-07,2.155879367326917e-07,1.7779342983359326e-07,1.4816100415004624e-07,1.2342639955028986e-07,1.0089495079624186e-07,7.613622554425005e-08,5.0477268491877845e-08,3.255940550862574e-08,2.039769088659328e-08,1.2352533510691659e-08,6.4392942914810366e-09,1.8769138036086816e-09,0.0,0.0,0.0,0.0,0.0,0.0,0.0,0.0,0.0,0.0,0.0,0.0,0.0,0.0,0.0
0.8,3e-06,8.888888888886e-05,0.5,7.446818421279041e-06,7.44681701722498e-06,7.446814911143887e-06,7.446809294927641e-06,7.446805784792488e-06,7.446799466549211e-06,7.446791042224841e-06,7.446781915873442e-06,7.446771385467981e-06,7.446756642900335e-06,7.446739092224566e-06,7.446721541548797e-06,7.446699076683813e-06,7.4466688895214906e-06,7.446628873980738e-06,7.446589560467016e-06,7.446545332764078e-06,7.446482150331311e-06,7.446428796276973e-06,7.446345957087344e-06,7.446284178708638e-06,7.4462297716137555e-06,7.446157813843103e-06,7.446049701680367e-06,7.445913157422885e-06,7.445792057760081e-06,7.445535466880341e-06,7.445009999647822e-06,7.444494711807249e-06,7.444068230386067e-06,7.443414643220436e-06,7.442749472608797e-06,7.441861408414895e-06,7.440804155706581e-06,7.4395580577269945e-06,7.438052560759545e-06,7.436157789803543e-06,7.4340432843869155e-06,7.431461579981322e-06,7.4283561634107875e-06,7.424607339066566e-06,7.420079966745241e-06,7.414651542729944e-06,7.408028268708306e-06,7.4000750044769076e-06,7.39052041658836e-06,7.37898470841903e-06,7.365081414088483e-06,7.348366852513289e-06,7.328224643960443e-06,7.303907831669224e-06,7.2745827585406155e-06,7.239318536731837e-06,7.19654438076158e-06,7.14496540177162e-06,7.08253694603489e-06,7.0067755929301014e-06,6.9145594282514956e-06,6.8018121320450065e-06,6.662877472523859e-06,6.489641421266611e-06,6.269805166721502e-06,5.982392141209636e-06,5.585797765793991e-06,4.987265314982283e-06,4.381973045891454e-06,3.809299760757527e-06,3.2570473889076554e-06,2.6973057926937118e-06,2.0642957413611825e-06,1.6012183530926946e-06,1.2733225878389493e-06,1.0373253200323937e-06,8.628919616741963e-07,7.290143538690769e-07,6.205581978880653e-07,5.260755389406742e-07,4.3497033203823525e-07,3.2775149869892557e-07,2.11961617341154e-07,1.289121706166043e-07,6.615586825651253e-08,1.67458017780637e-08,0.0,0.0,0.0,0.0,0.0,0.0,0.0,0.0,0.0,0.0,0.0,0.0,0.0,0.0,0.0,0.0,0.0
0.9,3e-06,0.00040387811634348,0.5,0.00015347614489992435,0.00015347592024702222,0.00015347562312544198,0.00015347517381963767,0.00015347475350130463,0.00015347420998621878,0.000153473702705472,0.00015347309396857587,0.0001534722098507029,0.00015347111557366343,0.00015346989085300334,0.0001534683762576308,0.0001534668906497295,0.00015346462962697243,0.00015346178160792262,0.00015345912200743592,0.00015345575221390373,0.00015345133162453892,0.0001534460631516402,0.0001534397801172479,0.00015343195350001185,0.00015342286592777662,0.0001534124014506573,0.000153398328033368,0.00015338686348849074,0.0001533679056822967,0.00015334224452337732,0.00015331378607348286,0.00015327991421333343,0.00015323952741902176,0.0001531908284673307,0.00015313202013504304,0.0001530612979520738,0.00015297622697083845,0.00015287324897924167,0.00015274978409234274,0.00015260154941126522,0.00015242303731647259,0.00015220810246406103,0.00015194884576811633,0.00015163465781416294,0.0001512574003696489,0.00015080416676300256,0.0001502540715211921,0.00014959645450166723,0.0001487991251176108,0.00014783587144814975,0.0001466715461843999,0.00014525958820067446,0.00014354589962876305,0.0001414533013264767,0.00013888359098810615,0.0001357018826630821,0.00013171095284392347,0.00012660991882597816,0.00011989349999798004,0.00011071040679815061,9.906132767893197e-05,8.855345631514553e-05,7.898178606328103e-05,7.027091326376323e-05,6.235350002089072e-05,5.515072940034917e-05,4.857970448124658e-05,4.254616525396304e-05,3.69376040957301e-05,3.1592560791714815e-05,2.6135096827344814e-05,2.0207550288667486e-05,1.575019756344616e-05,1.2653422529169048e-05,1.044686723055199e-05,8.856230474074297e-06,7.655576661987042e-06,6.7451888932084926e-06,5.870557170210269e-06,4.787512775830533e-06,3.312927360480957e-06,1.137722012015032e-06,0.0,0.0,0.0,0.0,0.0,0.0,0.0,0.0,0.0,0.0,0.0,0.0,0.0,0.0,0.0,0.0,0.0,0.0,0.0,0.0,0.0
1.0,3e-06,0.00040387811634348,0.5,0.0001534762898372806,0.00015347615939366,0.00015347594198762566,0.0001534756521129132,0.00015347534049759732,0.00015347497815420676,0.00015347451435466684,0.0001534740215676557,0.00015347344181823082,0.00015347268814397844,0.00015347180402610548,0.0001534707169959338,0.00015346939806599216,0.0001534677312863956,0.00015346562969473037,0.0001534633831657089,0.00015346073805895782,0.00015345710737818443,0.00015345317957583075,0.00015344804879342046,0.00015344216433675777,0.0001534352435779981,0.0001534269386674865,0.00015341587994720666,0.00015340365448120923,0.00015338794327179458,0.00015336897097186495,0.00015334732457771298,0.00015332159819698329,0.00015328985691597037,0.00015325181810682951,0.00015320582948369983,0.00015315039094494434,0.00015308284289007642,0.0001530021272763956,0.00015290393221755418,0.00015278638077478916,0.00015264341456661034,0.0001524707796816126,0.00015226170754526028,0.00015200971221086235,0.00015170561189690212,0.00015134121764275293,0.00015090300679307915,0.00015037786251714255,0.00014975001563058597,0.00014898835532989614,0.0001480615751461287,0.00014694287616211799,0.00014558397974450598,0.00014388413993698173,0.0001417609526056644,0.0001390960546585941,0.00013566203938385627,0.0001311761267525911,0.00012516752399744583,0.0001168878398326928,0.00010577976838304943,9.519601506641219e-05,8.531751243142265e-05,7.594591370608901e-05,6.77752151863482e-05,6.058952543323758e-05,5.416777149730953e-05,4.8384343418793e-05,4.2970751992151834e-05,3.77720084555085e-05,3.323115007249904e-05,2.906488228664908e-05,2.5356268696810294e-05,2.2446339655308638e-05,1.987057093544796e-05,1.760720744005912e-05,1.56051225167343e-05,1.3849264421029683e-05,1.2327697561660275e-05,1.1035305649951387e-05,9.932346862826551e-06,8.887478968076072e-06,7.899397529493942e-06,6.9488258787024405e-06,6.258141401355209e-06,5.5740878080552e-06,4.8732722095079494e-06,4.160136935681705e-06,3.443052118898371e-06,2.6743913439029234e-06,1.7973754013948232e-06,1.1518461573790072e-06,7.865967728281003e-07,4.1120902020936307e-07,1.4500982490156241e-08,0.0,0.0,0.0,0.0,0.0,0.0,0.0,0.0
1/0.9,3e-06,0.00040387811634348,0.5,0.0001534760941718497,0.0001534759057532866,0.00015347564486604539,0.0001534752680289192,0.0001534749274261321,0.00015347450710779905,0.00015347388387716728,0.0001534729852655587,0.00015347224608504198,0.00015347120978294494,0.00015347013724650892,0.0001534685067012514,0.00015346657903441362,0.000153464491936484,0.00015346232512300847,0.00015345908577309687,0.00015345557828907625,0.00015345139684634922,0.00015344641100129513,0.00015344004825135692,0.00015343239555894834,0.00015342338770225902,0.00015341168401074399,0.0001533975671122478,0.00015337898614317997,0.0001533652388349422,0.00015334264310110695,0.00015331444553845367,0.00015328084905928108,0.00015324015789652134,0.00015319124878566373,0.00015313262887193917,0.0001530620661200618,0.0001529762559583097,0.0001528741041096434,0.0001527501464357333,0.00015260133200523085,0.00015242276918236357,0.00015220749372716488,0.00015194691810127854,0.00015163403458353118,0.0001512571249886721,0.0001508036812228592,0.0001502529192692101,0.00014959627332997196,0.00014879832796215156,0.00014783460324628277,0.0001466707852632797,0.00014526007374081782,0.00014354588513502744,0.0001414533737951548,0.00013888321415097998,0.00013570206383477739,0.00013171125721237153,0.000126609426038967,0.00011989431164717489,0.00011071517523717036,9.906146536942039e-05,8.855447087663908e-05,7.898189476629819e-05,7.02712103853435e-05,6.235467401347613e-05,5.515099028759037e-05,4.858164664181998e-05,4.2549201691575925e-05,3.694211164750865e-05,3.1601228045616974e-05,2.6179896964153483e-05,2.0171504368174715e-05,1.5727094548864144e-05,1.263921866825915e-05,1.0435540376163125e-05,8.848012525976427e-06,7.648438497193038e-06,6.739210227264276e-06,5.865665534437727e-06,4.7766642147172086e-06,3.2456546865898427e-06,1.1757825617593102e-06,0.0,0.0,0.0,0.0,0.0,0.0,0.0,0.0,0.0,0.0,0.0,0.0,0.0,0.0,0.0,0.0,0.0,0.0,0.0,0.0,0.0
1/0.8,3e-06,8.888888888886e-05,0.5,7.446824037495287e-06,7.446824037495287e-06,7.446820527360134e-06,7.4468191233060716e-06,7.446814911143887e-06,7.446808592900611e-06,7.4468008706032725e-06,7.446792446278904e-06,7.4467843729680495e-06,7.4467738425625885e-06,7.446759802021974e-06,7.446739443238082e-06,7.446722243575828e-06,7.4466976726297514e-06,7.446669591548521e-06,7.4466351922240146e-06,7.446590262494047e-06,7.446534802358617e-06,7.4464705668853035e-06,7.446397556074105e-06,7.446310504722291e-06,7.446167291208019e-06,7.446004420936883e-06,7.4457520422193276e-06,7.445454031744773e-06,7.445253252013978e-06,7.445068969918405e-06,7.444879773633617e-06,7.444615109443023e-06,7.444043659439991e-06,7.443520298288564e-06,7.442737538149275e-06,7.441908444225956e-06,7.440878921585357e-06,7.439636684754439e-06,7.438113988124736e-06,7.436283803655564e-06,7.434077683711422e-06,7.431425074575723e-06,7.428339314762048e-06,7.4246161144044504e-06,7.42007470154251e-06,7.414616441378407e-06,7.408040554181345e-06,7.400110807855476e-06,7.390528840912729e-06,7.37894363983773e-06,7.3650884343587915e-06,7.3483917744728805e-06,7.328240088555119e-06,7.303881154642056e-06,7.2745992561758386e-06,7.2393044961912224e-06,7.196538062518303e-06,7.144985760555512e-06,7.082548529480897e-06,7.006796653741023e-06,6.914590668454365e-06,6.801845127315452e-06,6.66286904819949e-06,6.489654057753164e-06,6.2698290356405476e-06,5.982437772966636e-06,5.585913600254065e-06,4.987187740995384e-06,4.381970939810363e-06,3.809352763798349e-06,3.257086351407862e-06,2.697565893708606e-06,2.0639675437243057e-06,1.6009382443074243e-06,1.2731639297299993e-06,1.0371480582071286e-06,8.627427809301612e-07,7.288402511654501e-07,6.20361279305939e-07,5.258614206962946e-07,4.3464353845541976e-07,3.2673461254488e-07,2.1225085247782415e-07,1.2913015000965303e-07,6.629908177078612e-08,1.682653488660028e-08,0.0,0.0,0.0,0.0,0.0,0.0,0.0,0.0,0.0,0.0,0.0,0.0,0.0,0.0,0.0,0.0,0.0
1/0.7,3e-06,3.3910034602050004e-05,0.5,1.0874610556180152e-06,1.0874610556180152e-06,1.0874609534118616e-06,1.087460851205708e-06,1.0874605445872475e-06,1.0874600846595566e-06,1.0874598802472495e-06,1.0874592670103282e-06,1.0874591648041748e-06,1.087458653773407e-06,1.0874574272995644e-06,1.0874572228872575e-06,1.087456405238029e-06,1.087454667733419e-06,1.087452930228809e-06,1.0874496596318955e-06,1.0874466956534428e-06,1.0874431184380688e-06,1.087438212542699e-06,1.0874334088534827e-06,1.0874274808965773e-06,1.08742063308429e-06,1.087412661004314e-06,1.0874032580381884e-06,1.087394672721291e-06,1.0873817947459448e-06,1.0873701432444414e-06,1.0873566520321742e-06,1.0873418321399109e-06,1.0872970147415834e-06,1.0872169362202849e-06,1.0871460051497282e-06,1.0870602541869082e-06,1.08700025917478e-06,1.0869149170365742e-06,1.0868226248799275e-06,1.086696298074152e-06,1.0865425800192278e-06,1.0863592221797772e-06,1.0861369237958275e-06,1.085872925301234e-06,1.0855410619206895e-06,1.0851441954264937e-06,1.0846616801756313e-06,1.0840836021712088e-06,1.0834013760963292e-06,1.0825743239018836e-06,1.081576587431026e-06,1.0803700437884864e-06,1.07890967116363e-06,1.077169253678074e-06,1.0750656466259135e-06,1.07252367738122e-06,1.069462347567313e-06,1.065785941121402e-06,1.061331745847052e-06,1.0559717996400302e-06,1.0494928493609757e-06,1.041676991490541e-06,1.0322075913650593e-06,1.0207265697256033e-06,1.0067604565658989e-06,9.896888094308812e-07,9.686444602108403e-07,9.424130464924905e-07,9.090704863323644e-07,8.651032387902173e-07,8.019431064994065e-07,6.910805005791755e-07,5.695055655002628e-07,4.323798619540847e-07,3.352302556543163e-07,2.659639189264114e-07,2.1557546758195983e-07,1.77779938621326e-07,1.4814925044238913e-07,1.234142370180186e-07,1.0086653748555775e-07,7.608277172594862e-08,5.049178176568053e-08,3.257126142243638e-08,2.040423208041984e-08,1.2358665879904058e-08,6.4429737130084765e-09,1.8806954312896615e-09,0.0,0.0,0.0,0.0,0.0,0.0,0.0,0.0,0.0,0.0,0.0,0.0,0.0,0.0,0.0
1/0.6,3e-06,1.58203125e-05,0.5,2.381134342441375e-07,2.3811341200002837e-07,2.381133007794827e-07,2.3811327853537354e-07,2.381132340471553e-07,2.381132340471553e-07,2.3811321180304614e-07,2.3811314507071873e-07,2.3811310058250046e-07,2.381130560942822e-07,2.3811283365319087e-07,2.3811276692086347e-07,2.3811270018853607e-07,2.381125444797721e-07,2.381124110151173e-07,2.3811216632991682e-07,2.3811194388882549e-07,2.381116324712976e-07,2.3811120983322403e-07,2.3811063148638653e-07,2.3811007538365816e-07,2.3810934132805673e-07,2.3810858502834615e-07,2.3810765077576251e-07,2.3810636061743269e-07,2.3810491475033893e-07,2.381032241980447e-07,2.38100543782894e-07,2.3809622842572188e-07,2.3808022378919954e-07,2.3806129405232597e-07,2.3805571078093317e-07,2.3804946018626637e-07,2.380426090006529e-07,2.3803438980232764e-07,2.3801527099052647e-07,2.3799700857692696e-07,2.3797673307145077e-07,2.3794609181111784e-07,2.3791216954468755e-07,2.3787209678208154e-07,2.3782036810628904e-07,2.377584961167311e-07,2.3768323317347417e-07,2.3759821618836168e-07,2.374941804899391e-07,2.373691463524935e-07,2.3721672971670313e-07,2.3703163648459404e-07,2.3680977374008544e-07,2.3654507996343814e-07,2.3622530977257358e-07,2.3583711670201095e-07,2.3537017948511182e-07,2.3480985037601098e-07,2.3413229481177078e-07,2.3331732626335153e-07,2.323348595731487e-07,2.311500382221483e-07,2.2971859643317247e-07,2.2799025139752246e-07,2.2589884913463193e-07,2.233640884105249e-07,2.2028146640048706e-07,2.1651646185452676e-07,2.118879298699064e-07,2.0612946387357527e-07,1.9883416349918855e-07,1.8927075365894595e-07,1.7569159255252318e-07,1.4227056375542866e-07,1.0866840117765102e-07,8.484410389628273e-08,6.76342370527999e-08,5.485648671027885e-08,4.4971649493041154e-08,3.684356303881836e-08,2.949317512815978e-08,2.138230561440717e-08,1.421765601502258e-08,9.322773067624391e-09,5.931970047581082e-09,3.5998976459086373e-09,2.2085508636479582e-09,1.191372241140542e-09,4.4606112047632113e-10,0.0,0.0,0.0,0.0,0.0,0.0,0.0,0.0,0.0,0.0,0.0,0.0,0.0,0.0
1/0.5,3e-06,8.000000000000001e-06,0.5,6.150397725422863e-08,6.150396588134294e-08,6.150394882201442e-08,6.150394313557156e-08,6.150394313557156e-08,6.150393744912871e-08,6.150392038980019e-08,6.150389764402881e-08,6.150387489825744e-08,6.150385215248606e-08,6.150382087705042e-08,6.150378960161478e-08,6.150375548295772e-08,6.150368724564359e-08,6.150364175410083e-08,6.150360763544377e-08,6.150354508457248e-08,6.150348822014404e-08,6.150336880484432e-08,6.150320958444468e-08,6.1503016245388e-08,6.150280584700276e-08,6.150255564351762e-08,6.150230544003249e-08,6.150191307547625e-08,6.150152639736285e-08,6.15009122615357e-08,6.150017871040881e-08,6.149939966773919e-08,6.149808609944222e-08,6.149317016960355e-08,6.14911372662868e-08,6.14890048502203e-08,6.148696910368213e-08,6.148460354345901e-08,6.148200483907929e-08,6.147885170652227e-08,6.147284966610039e-08,6.146670830782884e-08,6.145956897883816e-08,6.144964329285389e-08,6.14384353140083e-08,6.142485040205391e-08,6.140737027675135e-08,6.138851971872339e-08,6.136480725206377e-08,6.13368526990425e-08,6.130267149110702e-08,6.126151017458047e-08,6.121123349017495e-08,6.115192957775454e-08,6.10804851098621e-08,6.099318115287766e-08,6.088825490951956e-08,6.076280345071592e-08,6.061090434624468e-08,6.04281875647802e-08,6.020785496390246e-08,5.994164982860189e-08,5.962171918131089e-08,5.9234353008332504e-08,5.876708947017403e-08,5.8201100754578876e-08,5.751523329416724e-08,5.668079329834811e-08,5.566047770206467e-08,5.440335872320571e-08,5.283601016854769e-08,5.083871251367374e-08,4.818393412106556e-08,4.4114681503218346e-08,3.51073986865911e-08,2.7235968611952376e-08,2.1545124461157905e-08,1.731176110283189e-08,1.4019686001364381e-08,1.1278155236727633e-08,8.665462207608143e-09,5.913758396723418e-09,3.957360482005175e-09,2.6041235597535316e-09,1.667179745227871e-09,1.0190731085220322e-09,6.086768420253127e-10,3.594286792856499e-10,1.750457700678737e-10,4.6264898979054037e-11,0.0,0.0,0.0,0.0,0.0,0.0,0.0,0.0,0.0,0.0,0.0,0.0,0.0
1/0.4,3e-06,4.081632653061224e-06,0.5,1.628661687448112e-08,1.628661687448112e-08,1.628661687448112e-08,1.6286613914014805e-08,1.6286613914014805e-08,1.6286613914014805e-08,1.628661095354849e-08,1.6286603552382698e-08,1.6286600591916385e-08,1.6286585789584806e-08,1.628658282911849e-08,1.6286566546553753e-08,1.628655914538796e-08,1.628655026398902e-08,1.6286545083172964e-08,1.6286532501191124e-08,1.6286517698859545e-08,1.6286498455828492e-08,1.628645996976639e-08,1.6286415562771652e-08,1.6286393359274286e-08,1.6286338590647446e-08,1.6286272720271924e-08,1.628619648826429e-08,1.6286135798704822e-08,1.628601441958588e-08,1.6285879718368516e-08,1.628571837295431e-08,1.628554962637432e-08,1.6285334992566433e-08,1.6285011561621444e-08,1.6284422428824625e-08,1.6283831815794648e-08,1.6282861522959686e-08,1.628139461190027e-08,1.627992918107401e-08,1.6279069165609306e-08,1.6277946408759086e-08,1.6276249321443626e-08,1.6274246565981072e-08,1.62719144586409e-08,1.6268805969009443e-08,1.6265262290829578e-08,1.626085785706843e-08,1.6255366192052856e-08,1.6248712544008376e-08,1.6241171496185774e-08,1.6231956304661656e-08,1.622085307574472e-08,1.6207459926132604e-08,1.6191063383443242e-08,1.6171589436018732e-08,1.6148138102099113e-08,1.6119772394095474e-08,1.6085520538939696e-08,1.604446405195734e-08,1.5994896964433995e-08,1.59351258896371e-08,1.5863008190070683e-08,1.5776111102539837e-08,1.5671004926817856e-08,1.5544336934802235e-08,1.5390801230738705e-08,1.520452720992329e-08,1.4978072260038374e-08,1.4700817928526215e-08,1.4358971402822086e-08,1.3931713203560999e-08,1.33845590789814e-08,1.2645443877793972e-08,1.147535731246902e-08,9.853021031362638e-09,7.651070592758439e-09,6.054938139128672e-09,4.844470073141338e-09,3.871703768572168e-09,3.001599034664811e-09,2.0837656628161453e-09,1.4058766056197659e-09,9.37527874013693e-10,6.135551636904497e-10,3.8923915071861034e-10,2.3414032044040627e-10,1.3553606886422487e-10,8.078224435581897e-11,4.026086166001979e-11,1.3687716010522556e-11,0.0,0.0,0.0,0.0,0.0,0.0,0.0,0.0,0.0,0.0,0.0,0.0,0.0
1/0.3,3e-06,1.956285472768989e-06,0.5,3.859255961198842e-09,3.859255451067933e-09,3.859254940937023e-09,3.859253920675204e-09,3.859252220238838e-09,3.859251880151565e-09,3.859249839627926e-09,3.859248479278834e-09,3.8592471189297415e-09,3.8592447383188295e-09,3.859242697795191e-09,3.85924031718428e-09,3.859237936573368e-09,3.859236236137002e-09,3.8592321550897254e-09,3.859226033518809e-09,3.859221612384259e-09,3.859214130464251e-09,3.859203927846058e-09,3.859193045053319e-09,3.859179951693304e-09,3.859166858333289e-09,3.859148493620542e-09,3.859123327162333e-09,3.8590988408786695e-09,3.8590604110168085e-09,3.859021300980402e-09,3.858975389198533e-09,3.858917574362105e-09,3.8588464961220275e-09,3.858760454041933e-09,3.858650095721811e-09,3.858419006419738e-09,3.858013112259291e-09,3.857676765946193e-09,3.857433773589561e-09,3.857161023596533e-09,3.856838790905269e-09,3.856352806192006e-09,3.855767856082271e-09,3.8551240708742885e-09,3.85423355234967e-09,3.853253080741317e-09,3.8519899966090166e-09,3.850477628505531e-09,3.848658671725344e-09,3.846446233970179e-09,3.843844226243675e-09,3.840731407432971e-09,3.836951507436078e-09,3.832380224354677e-09,3.826860267824957e-09,3.820217853250363e-09,3.8122548797943134e-09,3.802652005507367e-09,3.7910103080181725e-09,3.777052446155517e-09,3.760221867096967e-09,3.739881077249095e-09,3.715361805120253e-09,3.6857172477421265e-09,3.649875620073533e-09,3.6063555019528412e-09,3.5534505054872603e-09,3.4888016153069184e-09,3.4091198473936447e-09,3.309721519822277e-09,3.182774252649638e-09,3.0120523120323893e-09,2.7746583020471147e-09,2.483069854700293e-09,2.0493485632622775e-09,1.6120374806130327e-09,1.2805817925459083e-09,1.0123292836611693e-09,7.606218505692105e-10,5.218362034624021e-10,3.531639688401404e-10,2.365971855043964e-10,1.5583785106629846e-10,9.992410249558353e-11,6.137827087491935e-11,3.4657443783651425e-11,2.015612245857823e-11,1.1237673808748973e-11,5.511454347892501e-12,1.8114748601782924e-12,0.0,0.0,0.0,0.0,0.0,0.0,0.0,0.0,0.0,0.0,0.0,0.0,0.0
1/0.2,3e-06,7.812500000000004e-07,0.5,6.566400284543286e-10,6.566399199914792e-10,6.566398115286298e-10,6.566397572972051e-10,6.566395403715064e-10,6.566394590243693e-10,6.566391065201088e-10,6.56638726900136e-10,6.566385099744373e-10,6.566380761230398e-10,6.566378591973411e-10,6.566371541888201e-10,6.566365305274362e-10,6.56635961097477e-10,6.566347408904215e-10,6.56633357989092e-10,6.566315683520773e-10,6.566298329464873e-10,6.56627284069527e-10,6.566246267297174e-10,6.566208305299892e-10,6.566164106688773e-10,6.566105265592987e-10,6.566050763011176e-10,6.56598324488744e-10,6.5659122017211e-10,6.565821635241873e-10,6.565703953050301e-10,6.565560782089127e-10,6.565421136170558e-10,6.565187941044402e-10,6.564790153544322e-10,6.564254618225534e-10,6.563694949922762e-10,6.563097590779831e-10,6.562396920772873e-10,6.561623851813956e-10,6.560358903833125e-10,6.559197809030571e-10,6.557945334277418e-10,6.556164645447812e-10,6.554146965292323e-10,6.551671571912473e-10,6.54867040487028e-10,6.545027408916914e-10,6.540609988219013e-10,6.535245415688948e-10,6.528869969402715e-10,6.521264012090327e-10,6.512016740709779e-10,6.500908246833965e-10,6.487446922598093e-10,6.471253419186479e-10,6.451811453436097e-10,6.428372089372015e-10,6.400047558572108e-10,6.365915384502441e-10,6.324736379108912e-10,6.274968200673414e-10,6.21479274068331e-10,6.141777719741372e-10,6.053098765249891e-10,5.944743836410501e-10,5.811428894358802e-10,5.645380135522996e-10,5.434146295952013e-10,5.15423242437147e-10,4.801845574938737e-10,4.37982991472154e-10,3.839318591562684e-10,3.0518731531183457e-10,2.411859096571801e-10,1.8948020511188133e-10,1.4078260923113544e-10,9.683405921025276e-11,6.597220274350178e-11,4.465898168428577e-11,2.9915572337383004e-11,1.9692569163861977e-11,1.2556039063566886e-11,7.564849892475055e-12,4.029177928564554e-12,2.2689885774902062e-12,1.4704308489703254e-12,8.309338890581739e-13,3.3249286475758154e-13,0.0,0.0,0.0,0.0,0.0,0.0,0.0,0.0,0.0,0.0,0.0,0.0,0.0,0.0
0.2,1e-05,2.604166666666667e-06,0.5,7.295998508445051e-09,7.2959967007308945e-09,7.295995495588124e-09,7.295995495588124e-09,7.2959924827311966e-09,7.295988867302884e-09,7.2959870595887286e-09,7.2959852518745715e-09,7.295976815875176e-09,7.295969585018551e-09,7.295959341304999e-09,7.295946988591598e-09,7.2959367448780465e-09,7.295921680593411e-09,7.295897577737994e-09,7.295877692882275e-09,7.295842141170536e-09,7.295804179173255e-09,7.295763204319047e-09,7.2957089728943595e-09,7.295645100327506e-09,7.295573996904027e-09,7.2954998806236216e-09,7.295410398772887e-09,7.295311275779986e-09,7.295185940931821e-09,7.295057593226727e-09,7.2948732063827906e-09,7.294679178396687e-09,7.294489970981667e-09,7.2942495449988875e-09,7.293930182164617e-09,7.293567434190598e-09,7.293112794080303e-09,7.292552402691869e-09,7.2916669240410025e-09,7.290663642684289e-09,7.289616976187824e-09,7.288156644435273e-09,7.28642997613037e-09,7.284656909828789e-09,7.282352978136659e-09,7.279555841765567e-09,7.276267911001055e-09,7.272218932576766e-09,7.267334488926601e-09,7.261424770064153e-09,7.254323165001357e-09,7.2458359470378e-09,7.235596150199767e-09,7.2232407252275464e-09,7.2082933394409675e-09,7.190283384588022e-09,7.1686706554216854e-09,7.1426353535721044e-09,7.111188659395811e-09,7.0732293736859655e-09,7.027470705249012e-09,6.972180863923274e-09,6.9052885105713895e-09,6.8242034920931575e-09,6.72567403200719e-09,6.60525948048868e-09,6.457101638528631e-09,6.272682858308525e-09,6.0379469571208104e-09,5.726864960115452e-09,5.3353044327312785e-09,4.866367713746097e-09,4.265745646763928e-09,3.3908336877126997e-09,2.6797416060712e-09,2.105254867788592e-09,1.564131904544971e-09,1.0758490286596874e-09,7.329551792184751e-10,4.961741507486651e-10,3.3236572219525925e-10,2.1879125975827552e-10,1.3949889115164953e-10,8.404243883784443e-11,4.475839993716524e-11,2.5209176480179388e-11,1.6335107687187662e-11,9.232598767313045e-12,3.693762592587715e-12,0.0,0.0,0.0,0.0,0.0,0.0,0.0,0.0,0.0,0.0,0.0,0.0,0.0,0.0
0.3,1e-05,6.520951575896632e-06,0.5,4.288057077797703e-08,4.2880563220482076e-08,4.288055566298712e-08,4.2880531101128506e-08,4.288051598613859e-08,4.288049331365372e-08,4.288045174743145e-08,4.288041207058292e-08,4.288036861498691e-08,4.28803346062596e-08,4.288028926128986e-08,4.288021179696654e-08,4.28801192176533e-08,4.2879986961491536e-08,4.2879839590339866e-08,4.287967332545079e-08,4.28795013924405e-08,4.287927088884428e-08,4.28790271596319e-08,4.287870785546993e-08,4.287833564884326e-08,4.28779067610044e-08,4.287741174508466e-08,4.2876741017407157e-08,4.287593425482041e-08,4.2874811966819176e-08,4.2873466732716685e-08,4.287276766443308e-08,4.287216306483646e-08,4.287142998782555e-08,4.287049663719826e-08,4.286946126038904e-08,4.286808201755924e-08,4.2866494943618096e-08,4.286478317101015e-08,4.286249891815915e-08,4.2858308287205034e-08,4.2853573516613965e-08,4.284863469365903e-08,4.28426907238747e-08,4.283430001509779e-08,4.282531415359294e-08,4.281352446145874e-08,4.279980193998908e-08,4.278319812356676e-08,4.2762719201604804e-08,4.273825181167886e-08,4.270966747637466e-08,4.267479908401302e-08,4.26329400088154e-08,4.258186456851672e-08,4.252046559010566e-08,4.244677245677196e-08,4.2358463128189854e-08,4.2251626600718645e-08,4.21224633437683e-08,4.196719083111243e-08,4.1780235410219644e-08,4.1554294651586954e-08,4.128173170655948e-08,4.095234395694415e-08,4.0553967614606385e-08,4.007060913084168e-08,3.948253399694144e-08,3.8764371702332256e-08,3.7878982827417675e-08,3.67744624968274e-08,3.536413380089019e-08,3.346713454902302e-08,3.082884328922826e-08,2.758888285147788e-08,2.2770316645685764e-08,1.7911168581343896e-08,1.4228286036600625e-08,1.1248010572469604e-08,8.45113283847997e-09,5.797649124446258e-09,3.923688895957997e-09,2.6286403387336233e-09,1.7313484092604786e-09,1.1101601112025515e-09,6.81882540064171e-10,3.850109125048672e-10,2.2393424372139333e-10,1.2485170607690823e-10,6.123460289572789e-11,2.0119940951453454e-11,0.0,0.0,0.0,0.0,0.0,0.0,0.0,0.0,0.0,0.0,0.0,0.0,0.0
0.4,1e-05,1.360544217687075e-05,0.5,1.8096217945807903e-07,1.8096216301104397e-07,1.8096208077586855e-07,1.8096201498772816e-07,1.8096193275255274e-07,1.8096183407034223e-07,1.809617353881317e-07,1.8096157091778082e-07,1.8096131598873696e-07,1.809611104007984e-07,1.8096081435416683e-07,1.8096038673125455e-07,1.8096002489648266e-07,1.8095964661467562e-07,1.80958955839202e-07,1.8095828151076342e-07,1.8095755784121958e-07,1.8095655457207927e-07,1.8095569932625474e-07,1.8095445757510566e-07,1.809530266830531e-07,1.8095166157914086e-07,1.8094996753452687e-07,1.8094794454921118e-07,1.809456090702288e-07,1.809427143920535e-07,1.8093898091508872e-07,1.809324843362293e-07,1.8093024753945746e-07,1.809277969312295e-07,1.8092501738229977e-07,1.809215141638262e-07,1.8091763266354567e-07,1.8091246829452831e-07,1.8090656380893205e-07,1.8089923665480075e-07,1.8088309388986278e-07,1.808666139607055e-07,1.8084937746793424e-07,1.8082794698121575e-07,1.8079819429474318e-07,1.8076655842275317e-07,1.8072413329574603e-07,1.8067405207390582e-07,1.8061326383222393e-07,1.805415383122091e-07,1.8045739528070356e-07,1.8035606509753195e-07,1.802325478640279e-07,1.8008246866885818e-07,1.7989962697979497e-07,1.7968473001934704e-07,1.794242912187429e-07,1.7910849169803564e-07,1.78727660600594e-07,1.7827209417571663e-07,1.7772067443035167e-07,1.770568720942366e-07,1.762555232036882e-07,1.7528989310317236e-07,1.7412199736515547e-07,1.7271529067767397e-07,1.7100879565814247e-07,1.6893925700961608e-07,1.6642253170058916e-07,1.6334213360505738e-07,1.5954350993430737e-07,1.5479684626706716e-07,1.48716846135869e-07,1.4050343529538367e-07,1.2749887978126513e-07,1.0946781429789946e-07,8.501020143053306e-08,6.727653123561221e-08,5.3827560386405316e-08,4.301855248013293e-08,3.335216944246613e-08,2.3150270942363593e-08,1.5619666987036472e-08,1.0416203367287355e-08,6.8160131748631174e-09,4.324303806203666e-09,2.601164387164054e-09,1.5056931681531597e-09,8.973666813868631e-10,4.4714554291278835e-10,1.5195415716964918e-10,0.0,0.0,0.0,0.0,0.0,0.0,0.0,0.0,0.0,0.0,0.0,0.0,0.0
0.5,1e-05,2.666666666666667e-05,0.5,6.833775882295726e-07,6.833775250468744e-07,6.833775250468744e-07,6.833774618641761e-07,6.833773354987796e-07,6.833773354987796e-07,6.833771459506848e-07,6.8337695640259e-07,6.833766404890986e-07,6.833765773064003e-07,6.833763245756074e-07,6.833761350275125e-07,6.833757559313229e-07,6.833757559313229e-07,6.833752504697368e-07,6.833748713735471e-07,6.833741763638663e-07,6.833736709022801e-07,6.833732286233923e-07,6.833723440656165e-07,6.833707644981598e-07,6.833693744787979e-07,6.833672262670569e-07,6.833652044207123e-07,6.833624875646869e-07,6.833590756989805e-07,6.833553479197827e-07,6.833504828520162e-07,6.833447332264738e-07,6.833382254085523e-07,6.832883742596197e-07,6.832544451506502e-07,6.832287297924555e-07,6.832018771456921e-07,6.831735712968685e-07,6.83141979947735e-07,6.831064712713089e-07,6.830342534471896e-07,6.829634256424323e-07,6.828842577215037e-07,6.827707184127179e-07,6.82641067515874e-07,6.824871544628955e-07,6.823096110807652e-07,6.820970013010966e-07,6.818338453628144e-07,6.815215964679789e-07,6.811410470763165e-07,6.806809822588852e-07,6.80126080211355e-07,6.794665160241455e-07,6.786666862467833e-07,6.777048876224135e-07,6.765357865650295e-07,6.751408389526902e-07,6.73448490379608e-07,6.71424495823322e-07,6.689749657942077e-07,6.660183946115006e-07,6.624616509779548e-07,6.581608362982675e-07,6.529646596014383e-07,6.466785813595028e-07,6.390563154146164e-07,6.2978463354012e-07,6.184471617544341e-07,6.044785412734654e-07,5.870632414193322e-07,5.648706029751817e-07,5.353684213512174e-07,4.901651180684534e-07,3.90078416666831e-07,3.0261745067720994e-07,2.39387491751881e-07,1.9235321705603686e-07,1.5578085990464329e-07,1.2531959651233468e-07,9.630900787223697e-08,6.569604282138924e-08,4.39628373676875e-08,2.8928703863143645e-08,1.852074434301311e-08,1.1320949510089049e-08,6.761370089649173e-09,3.993336078570796e-09,1.943942077581566e-09,5.134857888161141e-10,0.0,0.0,0.0,0.0,0.0,0.0,0.0,0.0,0.0,0.0,0.0,0.0,0.0
0.6,1e-05,5.273437499997e-05,0.5,2.6457048249356204e-06,2.645704577778852e-06,2.645704330622084e-06,2.6457042070436997e-06,2.645704083465316e-06,2.645704083465316e-06,2.6457035891517795e-06,2.6457033419950114e-06,2.6457033419950114e-06,2.645702847681475e-06,2.6457018590544024e-06,2.645701364740866e-06,2.645699387486721e-06,2.64569815170288e-06,2.645696915919039e-06,2.645695185821662e-06,2.6456929614107484e-06,2.6456904898430668e-06,2.6456882654321537e-06,2.6456848052373994e-06,2.6456791206317316e-06,2.6456734360260638e-06,2.6456660213230188e-06,2.6456505740250086e-06,2.6456290713861787e-06,2.645605097179667e-06,2.645585324638214e-06,2.645555418669266e-06,2.645523288289405e-06,2.645483001736195e-06,2.6454397493017663e-06,2.6451568783806043e-06,2.645035895142589e-06,2.6449385153759326e-06,2.6448067808185024e-06,2.64467257469339e-06,2.644445561201833e-06,2.644170104983716e-06,2.6438575752503746e-06,2.6434632366267716e-06,2.6429805394585504e-06,2.6423839030202064e-06,2.6417257245465897e-06,2.640952865332546e-06,2.6399916726611626e-06,2.6388258341857403e-06,2.637426926877941e-06,2.6357393404649283e-06,2.633663223612364e-06,2.6312151358237157e-06,2.628281384985628e-06,2.6247280121297574e-06,2.620397578394784e-06,2.6152249579722974e-06,2.6089979667768295e-06,2.601477480635184e-06,2.5924085573410015e-06,2.581495350242791e-06,2.5683374653761295e-06,2.5524310736691178e-06,2.5332252626855225e-06,2.5099867182942055e-06,2.4818178906915846e-06,2.447569253748937e-06,2.405747733429794e-06,2.3542982212068847e-06,2.290320950297744e-06,2.2092477221564254e-06,2.102990578701584e-06,1.952061950233919e-06,1.5808621432661782e-06,1.2074505303801522e-06,9.427372283481074e-07,7.515125311343973e-07,6.095422233071621e-07,4.997198434715782e-07,4.094015928387617e-07,3.277726327042305e-07,2.3745685363909555e-07,1.579388594614394e-07,1.0355349556791293e-07,6.58870512567318e-08,3.99763714664269e-08,2.452215306676854e-08,1.3229313172660461e-08,4.9485728121475126e-09,0.0,0.0,0.0,0.0,0.0,0.0,0.0,0.0,0.0,0.0,0.0,0.0,0.0,0.0
0.7,1e-05,0.00011303344867355999,0.5,1.208289834673125e-05,1.208289834673125e-05,1.208289834673125e-05,1.2082894939859465e-05,1.2082886990491967e-05,1.2082885854868039e-05,1.2082877905500541e-05,1.2082875634252686e-05,1.2082858599893762e-05,1.2082855193021977e-05,1.2082843836782695e-05,1.2082829073671629e-05,1.2082817717432346e-05,1.2082804089945209e-05,1.2082782513090572e-05,1.2082760936235936e-05,1.2082733681261658e-05,1.2082689391928457e-05,1.2082657594458467e-05,1.2082616711997051e-05,1.208256390548439e-05,1.2082482140561557e-05,1.208237766316016e-05,1.2082284541998047e-05,1.2082169843981295e-05,1.2082068773451685e-05,1.2081938176699939e-05,1.2081521402718281e-05,1.2081045008480392e-05,1.2080529435216978e-05,1.2079802635902917e-05,1.2078978172931026e-05,1.207854890708616e-05,1.2078040147566316e-05,1.2077115749688742e-05,1.2075914259572683e-05,1.2074501543405975e-05,1.2072832744043451e-05,1.2070742060391594e-05,1.2068264128980212e-05,1.2065200783433833e-05,1.2061565083427628e-05,1.2057087318278647e-05,1.2051731148021188e-05,1.2045434681151156e-05,1.2037781143686901e-05,1.2028612116090434e-05,1.2017515934687773e-05,1.2004075257685297e-05,1.1987892048896163e-05,1.1968547263090859e-05,1.194518691107536e-05,1.1916870128425135e-05,1.1882936549825921e-05,1.1842067148085089e-05,1.1792548266694951e-05,1.1733026809745031e-05,1.1660983963362529e-05,1.1574174031229389e-05,1.146896358458726e-05,1.1341410872781282e-05,1.1186188116152204e-05,1.0996442959917127e-05,1.076266568930112e-05,1.0471225410293726e-05,1.010067189032672e-05,9.612092407687595e-06,8.909811782047542e-06,7.67855298814578e-06,6.327113952980061e-06,4.804673802326541e-06,3.7251417467908253e-06,2.9554862569252294e-06,2.3955566584998186e-06,1.9756301848174503e-06,1.6463969092907802e-06,1.371680396062355e-06,1.121293489872166e-06,8.467064377715581e-07,5.606007521669901e-07,3.615610818913774e-07,2.264774800053942e-07,1.371436236917787e-07,7.147957691410282e-08,2.080803723681912e-08,0.0,0.0,0.0,0.0,0.0,0.0,0.0,0.0,0.0,0.0,0.0,0.0,0.0,0.0,0.0
0.8,1e-05,0.00029629629629628,0.5,8.274249710580718e-05,8.274248930550684e-05,8.274246980475599e-05,8.274243080325428e-05,8.274240740235326e-05,8.274232939934983e-05,8.274223579574574e-05,8.274218899394368e-05,8.274209149018941e-05,8.274202128748634e-05,8.274187308177985e-05,8.274168587457164e-05,8.274152206826446e-05,8.274125685805285e-05,8.274093704573884e-05,8.274048462831903e-05,8.274000880999818e-05,8.273934578446914e-05,8.273856575443497e-05,8.273771942184789e-05,8.273661567934955e-05,8.27353091290423e-05,8.273383877242789e-05,8.273199400139708e-05,8.27297709157997e-05,8.272743082569719e-05,8.272419760120556e-05,8.272023504863197e-05,8.271555876857713e-05,8.271042617095229e-05,8.270309778878126e-05,8.269747767238507e-05,8.26878404013129e-05,8.267541452286858e-05,8.266050814891559e-05,8.264414701894887e-05,8.262449806238814e-05,8.260067594514459e-05,8.25719747400373e-05,8.253745061072495e-05,8.249539529143267e-05,8.24454460681946e-05,8.238437361666928e-05,8.23116397161331e-05,8.222315310905686e-05,8.211656200488754e-05,8.198873458303795e-05,8.183440564077744e-05,8.16483177756757e-05,8.142448035707031e-05,8.11542974539847e-05,8.082874411892356e-05,8.04366698225484e-05,7.996128051822356e-05,7.938855516608484e-05,7.869449614213098e-05,7.785311674577361e-05,7.682812997982317e-05,7.557557335155385e-05,7.403119578705104e-05,7.210649897878801e-05,6.966393243053926e-05,6.646961973715961e-05,6.206128779934879e-05,5.541641084591416e-05,4.868787177116464e-05,4.2323825130782034e-05,3.618600670105955e-05,2.99565620433733e-05,2.294917393185856e-05,1.77980388932586e-05,1.4152654331869355e-05,1.1528984310437203e-05,9.590566773873134e-06,8.102136863571164e-06,6.89741947729747e-06,5.8474327487518865e-06,4.836658130024024e-06,3.664506997676922e-06,2.3522195695410277e-06,1.4290540241009567e-06,7.332243319695307e-07,1.843639987262256e-07,0.0,0.0,0.0,0.0,0.0,0.0,0.0,0.0,0.0,0.0,0.0,0.0,0.0,0.0,0.0,0.0,0.0
0.9,1e-05,0.0013462603878116098,0.5,0.0017052905794088047,0.0017052884858692148,0.0017052845403522955,0.001705280594835376,0.0017052762467146892,0.0017052714959902354,0.0017052657790167399,0.001705256116526325,0.0017052456488283756,0.0017052326044663154,0.0017052198821872692,0.0017052028117875361,0.0017051837283689668,0.0017051618267240262,0.0017051335639395628,0.0017051007114721522,0.001705058115993573,0.0017050113334358143,0.0017049546468253802,0.0017048832249170634,0.00170479674562785,0.0017046987518708923,0.0017045736226200194,0.0017044263501619459,0.001704249526587353,0.0017040346972171285,0.0017037764671607905,0.0017034639661166221,0.0017030895446130446,0.001702642332348342,0.0017021054199642875,0.001701479773709923,0.0017006764986734312,0.0016997270784694142,0.001698594393030528,0.0016972295662594237,0.0016955815479984095,0.0016935939737200653,0.0016912012995310766,0.0016883248566553154,0.0016848269546043692,0.0016806377818849908,0.001675589130643207,0.001669507559176071,0.0016621666431248603,0.0016533104875350866,0.001642610084608123,0.001629662589014422,0.001613972556557959,0.0015949123279655338,0.0015716523784350272,0.0015431084960211342,0.0015077329108008953,0.0014633475363932864,0.001406585719575496,0.0013318920114834803,0.0012295792018310308,0.0011004430772245672,0.0009836726857680748,0.0008772891494245827,0.0007804475639280613,0.0006924192164597208,0.0006123023551015907,0.0005391716353549379,0.0004719248891464365,0.000409205341780328,0.0003486646054820253,0.0002855988993968031,0.00023093762747445812,0.00017892291167675336,0.00014212315589011223,0.00011659815756484686,9.850755988555644e-05,8.496718998414783e-05,7.476158708718045e-05,6.49680894064084e-05,5.263351778802545e-05,3.5312456949528126e-05,1.4995943561659349e-05,0.0,0.0,0.0,0.0,0.0,0.0,0.0,0.0,0.0,0.0,0.0,0.0,0.0,0.0,0.0,0.0,0.0,0.0,0.0,0.0,0.0
1.0,1e-05,0.0013462603878116098,0.5,0.0017052889689937356,0.001705286553371132,0.001705284298790035,0.0017052820442089384,0.001705276890880717,0.0017052720596355095,0.0017052652153714657,0.0017052586126696822,0.0017052501579905691,0.001705240253937894,0.0017052287394701494,0.0017052155340665824,0.0017051974168970545,0.0017051739048370448,0.0017051478161129248,0.0017051178623926386,0.0017050832384686518,0.0017050371805976741,0.0017049841174211456,0.0017049234047730388,0.0017048420788120465,0.0017047489968210498,0.001704635704120935,0.001704498738319304,0.0017043306109860846,0.001704130355872236,0.0017038946716268662,0.0017036002877522255,0.0017032472042483144,0.0017028376756962297,0.0017023258052665006,0.0017017254425287216,0.0017009882750308187,0.0017001035935125812,0.0016990358078009817,0.0016977419198136736,0.0016962031682151012,0.0016943355698594087,0.001692091134377535,0.0016893762161332094,0.001686087023875225,0.0016821966636719275,0.0016774336195426575,0.0016717027964775824,0.0016648129576872402,0.0016565136031076251,0.0016465386921693133,0.0016344249889776643,0.0016197729495540216,0.0016019434001574404,0.0015801018236990872,0.0015533645854305194,0.0015202144327943383,0.0014786632278669253,0.0014256540807640206,0.0013564265240204655,0.001263317800133479,0.001140606184883127,0.0010265611793689098,0.0009230503014257663,0.0008292395170893843,0.000744273132312771,0.0006673573735083428,0.0005977350235105855,0.0005353006001324699,0.00047964030722197804,0.0004283018852325626,0.0003826213345055899,0.0003419310574741441,0.00030534766095204323,0.0002721138472530198,0.0002422322735619378,0.00021665872122233755,0.00019391209149512227,0.0001735031402822843,0.00015506348513675576,0.00013840164770681477,0.000123171710835608,0.00010937327191936819,9.678828075773247e-05,8.545740033119692e-05,7.52050953972242e-05,6.573722364343419e-05,5.563347949959052e-05,4.2988983501149745e-05,2.5188341055059703e-05,1.5987234557474295e-05,1.0319700804616621e-05,1.6276465103893538e-06,0.0,0.0,0.0,0.0,0.0,0.0,0.0,0.0,0.0,0.0,0.0
1/0.9,1e-05,0.0013462603878116098,0.5,0.0017052867144126387,0.001705284620873049,0.0017052815610844175,0.0017052780181712654,0.0017052736700505786,0.001705267228390302,0.0017052614308960532,0.0017052541840282419,0.0017052458098698825,0.0017052343759228915,0.0017052210094778174,0.0017052042611610983,0.001705187834927393,0.0017051657722409457,0.0017051375899772355,0.001705101919283454,0.001705064074529329,0.0017050139906206782,0.0017049602832781223,0.0017048882172037779,0.001704809226344636,0.0017047062403009639,0.0017045797421972823,0.0017044352879655796,0.0017042613631381115,0.0017040457285603522,0.0017037894310020971,0.0017034804728710807,0.0017031096748014092,0.0017026577923330058,0.0017021117811038108,0.0017014795321476626,0.0017007018627107704,0.0016997546165670966,0.0016986088867661502,0.0016972344780253846,0.0016955775219607368,0.001693583506022116,0.001691174969244696,0.0016882985263689347,0.0016848332352231389,0.0016806486521867075,0.001675603543858076,0.0016695156917721703,0.001662175741970001,0.001653312097950156,0.001642610406691137,0.0016296696748407263,0.0016139751332220698,0.0015949140189013564,0.0015716603499896196,0.0015431133272663417,0.0015077606904608384,0.0014633957683246072,0.0014066639857478569,0.0013320193953154501,0.0012299040225504782,0.0011003910608178337,0.0009836377397610743,0.0008772561359156651,0.000780458434229778,0.0006924594768364494,0.0006123641950402461,0.0005392665693232643,0.00047210082699274103,0.00040949843732291324,0.0003493569229202526,0.0002862726165409818,0.00022991759056965885,0.00017740469287031268,0.00014133429406848938,0.00011615223363219937,9.822058392023402e-05,8.476967257591665e-05,7.459893516519635e-05,6.47562393040618e-05,5.226545742397135e-05,3.4815563379942054e-05,1.5664426856863286e-05,0.0,0.0,0.0,0.0,0.0,0.0,0.0,0.0,0.0,0.0,0.0,0.0,0.0,0.0,0.0,0.0,0.0,0.0,0.0,0.0,0.0
1/0.8,1e-05,0.00029629629629628,0.5,8.274252050670821e-05,8.274248150520649e-05,8.274245810430547e-05,8.274238010130205e-05,8.274234109980034e-05,8.274230209829864e-05,8.274224749619625e-05,8.274216949319283e-05,8.274206028898804e-05,8.274195108478326e-05,8.274179507877643e-05,8.27415454691655e-05,8.274141286405968e-05,8.27411554541484e-05,8.274082784153405e-05,8.274038322441459e-05,8.274007121240091e-05,8.27394705892746e-05,8.273873736104248e-05,8.273778182425062e-05,8.273670538280347e-05,8.273548073564982e-05,8.273368276642106e-05,8.273205250364964e-05,8.273004002616149e-05,8.272784814176547e-05,8.272463831817486e-05,8.272055876109616e-05,8.271619839320514e-05,8.271100729332774e-05,8.270390511986663e-05,8.269574600570921e-05,8.268580452292372e-05,8.26763349583089e-05,8.266294964292254e-05,8.264615949643703e-05,8.262614002561006e-05,8.260181868914464e-05,8.257227895175062e-05,8.253690848985119e-05,8.249536799038147e-05,8.244506775362803e-05,8.238473633063515e-05,8.231163581598292e-05,8.222337151746644e-05,8.21171704283142e-05,8.198822756351575e-05,8.183431203717334e-05,8.164849328243339e-05,8.14248547714867e-05,8.115408684587548e-05,8.082878312042527e-05,8.043658011909447e-05,7.996164323218945e-05,7.938841476067868e-05,7.86948666563972e-05,7.785317134787601e-05,7.682841469078565e-05,7.557571765711016e-05,7.403147659786333e-05,7.210685779260374e-05,6.966473196132428e-05,6.647091458701633e-05,6.206418561092573e-05,5.54120036762211e-05,4.868750125689841e-05,4.232419564504826e-05,3.6187640863981136e-05,2.9967677471360223e-05,2.2935975823680405e-05,1.7787851701012343e-05,1.4144865731978168e-05,1.1522155147488045e-05,9.584193928493966e-06,8.096079930355835e-06,6.890676117652071e-06,5.839507643604721e-06,4.824212750828843e-06,3.6192925567462643e-06,2.363366198729316e-06,1.437162436306153e-06,7.388522486660665e-07,1.8794823673323629e-07,0.0,0.0,0.0,0.0,0.0,0.0,0.0,0.0,0.0,0.0,0.0,0.0,0.0,0.0,0.0,0.0,0.0
1/0.7,1e-05,0.00011303344867355999,0.5,1.2082900617979107e-05,1.208289834673125e-05,1.2082896075483393e-05,1.2082893804235539e-05,1.2082890397363752e-05,1.2082884719244112e-05,1.2082881312372328e-05,1.2082867684885188e-05,1.2082860871141619e-05,1.2082842701158767e-05,1.2082830209295557e-05,1.2082821124304131e-05,1.2082805225569137e-05,1.2082781377466643e-05,1.2082756393740222e-05,1.2082741630629156e-05,1.2082709833159166e-05,1.208264964509097e-05,1.2082588321398846e-05,1.2082517912715295e-05,1.208243160529675e-05,1.2082320314151785e-05,1.2082206751758963e-05,1.2082073883759361e-05,1.2081951236375113e-05,1.2081804173076408e-05,1.2081630990427355e-05,1.2081399323145997e-05,1.2081066585335027e-05,1.2080621420755165e-05,1.2080058719098729e-05,1.2079504534621758e-05,1.2079100820315274e-05,1.2078546635838301e-05,1.2077233286765314e-05,1.20754361618989e-05,1.207421366274017e-05,1.207259766989031e-05,1.2070623955503059e-05,1.2068169872194169e-05,1.206517693533134e-05,1.2061567922487448e-05,1.2057205423167182e-05,1.2051878211319891e-05,1.2045344966860828e-05,1.203772549811442e-05,1.2028558741765807e-05,1.2017498332516886e-05,1.200409626672797e-05,1.198788069265688e-05,1.1968523414988367e-05,1.1945183504203576e-05,1.1916945079604398e-05,1.1882917812031106e-05,1.1842043299982597e-05,1.1792556216062447e-05,1.1733063149710734e-05,1.1661049829550366e-05,1.1574226269930087e-05,1.1468953363971905e-05,1.134140633028557e-05,1.1186245465160579e-05,1.0996474757387116e-05,1.076271281769414e-05,1.0471279920242281e-05,1.0100755926497408e-05,9.612268429396468e-06,8.910564700711953e-06,7.678509834436508e-06,6.3276783580723875e-06,4.803956088003904e-06,3.724572799202786e-06,2.9549684124139597e-06,2.3951205789113812e-06,1.9752145464597214e-06,1.645946066591276e-06,1.3710160560643447e-06,1.1204826543874154e-06,8.447349946321639e-07,5.611447160286086e-07,3.6197104212946573e-07,2.2678523408994244e-07,1.373616634859974e-07,7.160790241799196e-08,2.092046400571314e-08,0.0,0.0,0.0,0.0,0.0,0.0,0.0,0.0,0.0,0.0,0.0,0.0,0.0,0.0,0.0
1/0.6,1e-05,5.273437499999999e-05,0.5,2.645704330622084e-06,2.645704083465316e-06,2.6457035891517795e-06,2.6457035891517795e-06,2.6457033419950114e-06,2.645702847681475e-06,2.6457016118976342e-06,2.645699140329953e-06,2.645698398859648e-06,2.645696915919039e-06,2.6456959272919664e-06,2.6456929614107484e-06,2.6456897483727623e-06,2.6456877711186174e-06,2.645685546707704e-06,2.6456815921994132e-06,2.6456756604369772e-06,2.6456699758313094e-06,2.645661572501192e-06,2.6456529220143064e-06,2.645641552802971e-06,2.645629442121331e-06,2.645612635461096e-06,2.6455953344873247e-06,2.6455711131240444e-06,2.6455424429389376e-06,2.645509323932004e-06,2.6454586567945307e-06,2.6454049001974553e-06,2.6453580639898886e-06,2.645290343035412e-06,2.645220150513254e-06,2.645136364368847e-06,2.645036265877741e-06,2.6448269240951073e-06,2.6445075975506415e-06,2.6443600449600487e-06,2.644156511361467e-06,2.643829152222036e-06,2.64346138295101e-06,2.643027375666117e-06,2.6424648468617796e-06,2.641781334819426e-06,2.6409080063791248e-06,2.6399735066387026e-06,2.6388210146287613e-06,2.637427544769862e-06,2.6357404526703853e-06,2.6336875685540282e-06,2.631216989499477e-06,2.628282744347853e-06,2.624726034875612e-06,2.620411419173801e-06,2.6152219920910795e-06,2.60900402211765e-06,2.601475750537807e-06,2.592419679395569e-06,2.5815005405349225e-06,2.5683395662086587e-06,2.5524276134743635e-06,2.5332339131724083e-06,2.5099901784889598e-06,2.48181986794573e-06,2.447570983846314e-06,2.4057399479915968e-06,2.354311320515597e-06,2.2903305894117023e-06,2.2092674946978787e-06,2.1030169008973936e-06,1.9521311541290044e-06,1.580715702881042e-06,1.2073842923662846e-06,9.426749448425305e-07,7.514660656619827e-07,6.094900732290799e-07,4.99663244571669e-07,4.093447467820843e-07,3.276685797048341e-07,2.3758834103975792e-07,1.5798705503123107e-07,1.03587108888383e-07,6.591275556062067e-08,4.000182861354763e-08,2.453846541346726e-08,1.3236233562169007e-08,4.9572232990331965e-09,0.0,0.0,0.0,0.0,0.0,0.0,0.0,0.0,0.0,0.0,0.0,0.0,0.0,0.0
1/0.5,1e-05,2.666666666666667e-05,0.5,6.833773986814779e-07,6.833772723160814e-07,6.833770195852883e-07,6.833768932198917e-07,6.833767668544952e-07,6.833767036717969e-07,6.83376008662116e-07,6.833755663832281e-07,6.833751872870386e-07,6.833747450081506e-07,6.833743027292628e-07,6.833739236330732e-07,6.833731022579957e-07,6.833722808829183e-07,6.833711435943495e-07,6.833701326711772e-07,6.833682371902292e-07,6.833660257957898e-07,6.833631193916696e-07,6.833596127519157e-07,6.8335544269383e-07,6.833512726357444e-07,6.833468498468658e-07,6.833420479617975e-07,6.833376251729187e-07,6.83332949653247e-07,6.833261259218342e-07,6.833189862769299e-07,6.833104566126639e-07,6.832991469096742e-07,6.832870790143051e-07,6.832715992532297e-07,6.832525812610513e-07,6.832303409512613e-07,6.831937265776156e-07,6.830993000350556e-07,6.830632227143451e-07,6.83021332585394e-07,6.829636783732254e-07,6.828760755620781e-07,6.827809540098372e-07,6.826513978870407e-07,6.824975480167604e-07,6.823077471911663e-07,6.82085280910568e-07,6.818313496462329e-07,6.815180266455267e-07,6.811411418503639e-07,6.806822459128504e-07,6.801216890138254e-07,6.794617457304264e-07,6.786687396844769e-07,6.777088049497061e-07,6.765400513971627e-07,6.751406809959445e-07,6.734542715964994e-07,6.714233901261023e-07,6.689761346741257e-07,6.660182998374532e-07,6.624630409973168e-07,6.581583089903369e-07,6.529626061637446e-07,6.466809507106879e-07,6.390570104242973e-07,6.297852021844044e-07,6.184485833651451e-07,6.044806894852064e-07,5.870652948570258e-07,5.648718666291471e-07,5.353704747889111e-07,4.900815589499953e-07,3.900732356855731e-07,3.0261492336927926e-07,2.393866071941052e-07,1.9234885744985643e-07,1.5577100340371362e-07,1.2531024547299116e-07,9.627204599375076e-08,6.570653114930156e-08,4.3969282002910735e-08,2.8933758479005008e-08,1.852352438173686e-08,1.1322276346752656e-08,6.763202387898917e-09,3.9935256266655975e-09,1.944826635357304e-09,5.139912504022504e-10,0.0,0.0,0.0,0.0,0.0,0.0,0.0,0.0,0.0,0.0,0.0,0.0,0.0
1/0.4,1e-05,1.3605442176870754e-05,0.5,1.8096237682250008e-07,1.809623439284299e-07,1.8096232748139484e-07,1.8096231103435975e-07,1.8096227814028957e-07,1.8096224524621942e-07,1.809621301169738e-07,1.8096206432883343e-07,1.80961982093658e-07,1.8096180117627205e-07,1.8096170249406151e-07,1.8096155447074573e-07,1.8096129131818435e-07,1.809610775067282e-07,1.80960847248237e-07,1.809604854134651e-07,1.8096012357869314e-07,1.8095969595578092e-07,1.809591860976932e-07,1.8095833085186866e-07,1.8095757428825467e-07,1.8095668614835996e-07,1.809554690677635e-07,1.8095393949350044e-07,1.8095224544888644e-07,1.809496303703076e-07,1.8094675213916737e-07,1.8094438376611483e-07,1.8094204006361492e-07,1.8093894802101851e-07,1.8093536256736955e-07,1.8093128370266795e-07,1.8092630025103655e-07,1.8092059312986134e-07,1.8091379228085282e-07,1.8090269053216905e-07,1.8088989473887127e-07,1.8086095618063554e-07,1.8084307825349586e-07,1.808231033293826e-07,1.807965331441994e-07,1.807647328018585e-07,1.8072433066016705e-07,1.8067513757822155e-07,1.806163394277852e-07,1.8054323235682308e-07,1.8045634267045798e-07,1.803553167574355e-07,1.8023156926544024e-07,1.800827153743845e-07,1.7990111543647037e-07,1.7968450798437335e-07,1.7942375669010256e-07,1.7910847525100055e-07,1.78728038882401e-07,1.7827181457612014e-07,1.7772108560622884e-07,1.770566582827805e-07,1.762555067566531e-07,1.7529029605553197e-07,1.7412249077620808e-07,1.7271469036089327e-07,1.7100893545794074e-07,1.6894021093765112e-07,1.6642278662963302e-07,1.6334233096947843e-07,1.5954412669812315e-07,1.547961308210409e-07,1.4871634450129884e-07,1.4050233334403285e-07,1.2750403592676492e-07,1.0948005089200425e-07,8.501158298148037e-08,6.727630097712098e-08,5.382678737575622e-08,4.3018651162343454e-08,3.335050829192233e-08,2.3152178798433696e-08,1.5620374209545218e-08,1.0416663884269793e-08,6.8169506558630826e-09,4.324649193940495e-09,2.6014110926903604e-09,1.5058905325742048e-09,8.975640458079082e-10,4.4729356622857225e-10,1.5203639234508464e-10,0.0,0.0,0.0,0.0,0.0,0.0,0.0,0.0,0.0,0.0,0.0,0.0,0.0
1/0.3,1e-05,6.520951575896632e-06,0.5,4.2880627459189215e-08,4.2880612344199297e-08,4.28806028973306e-08,4.288058589296695e-08,4.2880566999229554e-08,4.2880566999229554e-08,4.288055755236085e-08,4.288054432674468e-08,4.288052543300729e-08,4.288049520302746e-08,4.288047253054258e-08,4.288043285369406e-08,4.288037995122935e-08,4.2880285482542374e-08,4.2880206128845315e-08,4.2880077651431036e-08,4.287995106339049e-08,4.287983581159238e-08,4.28796449848447e-08,4.2879437153733357e-08,4.2879246326985676e-08,4.2878966699672235e-08,4.2878670067995143e-08,4.2878341316964475e-08,4.28779256547418e-08,4.287747220504432e-08,4.2876918618538664e-08,4.287623844399246e-08,4.2875507256355294e-08,4.287463814443514e-08,4.287347806895912e-08,4.287223486103856e-08,4.287062511461254e-08,4.286896057634808e-08,4.2866767013436574e-08,4.2863915948463735e-08,4.2858523675811335e-08,4.285187119087471e-08,4.2847389596364725e-08,4.2841933085005185e-08,4.2833852233521535e-08,4.282508931811795e-08,4.281347722711525e-08,4.279973770128194e-08,4.278348341900141e-08,4.276318020879723e-08,4.273824047543643e-08,4.27094974327381e-08,4.267461959350777e-08,4.2632881438229476e-08,4.258191936035516e-08,4.2520597846267416e-08,4.244666665184256e-08,4.235842345134132e-08,4.22516436050823e-08,4.2122548365586574e-08,4.1967168158627554e-08,4.178027508706818e-08,4.1554245527869726e-08,4.128173548530695e-08,4.095240630627755e-08,4.055407908765701e-08,4.0070525998397145e-08,3.9482411187648375e-08,3.876405617691776e-08,3.7878967712427756e-08,3.6774453049958696e-08,3.5364046889698175e-08,3.346605949536527e-08,3.0829682171168573e-08,2.758995412638815e-08,2.276960057303851e-08,1.7911567239202924e-08,1.4228637460116163e-08,1.1248295867904258e-08,8.451590066924919e-09,5.7979911010931e-09,3.923934514544126e-09,2.6287045774407648e-09,1.731461771684846e-09,1.1102281286571719e-09,6.819392212763547e-10,3.850486999796562e-10,2.239474693375695e-10,1.2485548482438715e-10,6.123082414824899e-11,2.0112383456495633e-11,0.0,0.0,0.0,0.0,0.0,0.0,0.0,0.0,0.0,0.0,0.0,0.0,0.0
1/0.2,1e-05,2.6041666666666712e-06,0.5,7.295997905873665e-09,7.295996098159509e-09,7.295994893016738e-09,7.295991880159811e-09,7.2959882647314994e-09,7.295983444160415e-09,7.295978924875025e-09,7.295970790161322e-09,7.295962354161926e-09,7.2959557258766865e-09,7.295949700162832e-09,7.2959400590206655e-09,7.295928007592957e-09,7.295915353593864e-09,7.295895468738145e-09,7.295867750454416e-09,7.29584696174162e-09,7.295813519029729e-09,7.295774954461063e-09,7.2957225307505316e-09,7.295669504468614e-09,7.295603221616219e-09,7.295514643622564e-09,7.295397142202408e-09,7.295270602211471e-09,7.295137433935295e-09,7.295013304229899e-09,7.29487200124002e-09,7.294697255538249e-09,7.294474906697031e-09,7.2942567758555126e-09,7.293868719883305e-09,7.29346740734062e-09,7.293005235088007e-09,7.292355964420223e-09,7.291500313052935e-09,7.29041899870181e-09,7.289410896774012e-09,7.288150016150034e-09,7.286560131549619e-09,7.284693064111914e-09,7.2823806964203875e-09,7.2796278490461244e-09,7.27626399428705e-09,7.272204470863517e-09,7.2673158092136526e-09,7.261361801354377e-09,7.25433913314307e-09,7.245803408182988e-09,7.235589521914528e-09,7.223221744228906e-09,7.208275262299406e-09,7.190266512589231e-09,7.168667039993374e-09,7.142594981289281e-09,7.111172992539791e-09,7.073221841543647e-09,7.027466487249314e-09,6.972173934352342e-09,6.905280074571994e-09,6.8241667352386475e-09,6.72562281343943e-09,6.605222723634169e-09,6.457047105818251e-09,6.272586446886859e-09,6.0377914937033735e-09,5.7268441714026545e-09,5.3354180174374284e-09,4.866537638876784e-09,4.2659140654661515e-09,3.390999997415074e-09,2.6799139414874286e-09,2.1054121389201853e-09,1.5643235222455327e-09,1.0758918112280517e-09,7.329853077877457e-10,4.962018690323941e-10,3.3237596590881125e-10,2.1879125975827552e-10,1.39502506579962e-10,8.404725940892775e-11,4.4763220508248545e-11,2.5207368766023145e-11,1.6332697401646005e-11,9.23199619592763e-12,3.693762592587715e-12,0.0,0.0,0.0,0.0,0.0,0.0,0.0,0.0,0.0,0.0,0.0,0.0,0.0,0.0
0.2,3e-05,7.812499999999998e-06,0.5,6.566398657595419e-08,6.566398657595419e-08,6.566397030652678e-08,6.566394861395691e-08,6.566392692138704e-08,6.566391065195963e-08,6.566387268996234e-08,6.566382930482261e-08,6.566379134282532e-08,6.56637262651157e-08,6.56636557642636e-08,6.566359610969645e-08,6.56634659542772e-08,6.566332495257301e-08,6.566314056572907e-08,6.5662977871455e-08,6.566273925318638e-08,6.566248978863283e-08,6.56621806695121e-08,6.56616437784077e-08,6.566118823444034e-08,6.566071099790308e-08,6.566000056623968e-08,6.565908947830494e-08,6.565784215553713e-08,6.565659483276932e-08,6.56552824322919e-08,6.56536337969814e-08,6.565159469541317e-08,6.564925460943792e-08,6.564716669958746e-08,6.564494863431775e-08,6.564085145018262e-08,6.563632854936371e-08,6.56310952168814e-08,6.562565580498527e-08,6.561701945060383e-08,6.560704900317508e-08,6.559396838354053e-08,6.55786181787828e-08,6.556094144590601e-08,6.554093547333889e-08,6.551626830981992e-08,6.548661185522971e-08,6.545036357096878e-08,6.540623003755833e-08,6.535293139337572e-08,6.52884719219925e-08,6.521265910185101e-08,6.511999115491672e-08,6.500898485172447e-08,6.487461022763448e-08,6.471230099668811e-08,6.451810368802566e-08,6.428359616139319e-08,6.400039423853409e-08,6.365899115070066e-08,6.324721194305063e-08,6.274954642812344e-08,6.21474718628172e-08,6.141757925266568e-08,6.053054837791169e-08,5.9447028916802216e-08,5.8113578511879246e-08,5.645326988722396e-08,5.4340497640118275e-08,5.154045054795152e-08,4.8016240395651414e-08,4.379563096108661e-08,3.838933819601531e-08,3.051469400159167e-08,2.4115792624185324e-08,1.8945639751629575e-08,1.4075934394983474e-08,9.680835351487542e-09,6.595425214187882e-09,4.4646779613696295e-09,2.990743762365657e-09,1.968660370713101e-09,1.2552188632404292e-09,7.562463709782913e-10,4.0271171344232945e-10,2.2682835689675014e-10,1.4697800718729312e-10,8.307169633587764e-11,3.323844019079476e-11,0.0,0.0,0.0,0.0,0.0,0.0,0.0,0.0,0.0,0.0,0.0,0.0,0.0,0.0
0.3,3e-05,1.9562854727689897e-05,0.5,3.859256981460425e-07,3.859256641373151e-07,3.8592563012858785e-07,3.859255621111332e-07,3.859255281024059e-07,3.859254940936786e-07,3.8592539206749664e-07,3.859252900413147e-07,3.859251880151328e-07,3.859250179714962e-07,3.8592481391913244e-07,3.8592474590167775e-07,3.859244738318593e-07,3.859242697794954e-07,3.859239977096769e-07,3.8592338555258534e-07,3.8592297744785766e-07,3.8592229727331146e-07,3.8592119198967386e-07,3.859199846798543e-07,3.8591893040930775e-07,3.859171619554876e-07,3.859155975540313e-07,3.8591372707402926e-07,3.859112104282083e-07,3.8590882981729657e-07,3.859051908834744e-07,3.8590032763546905e-07,3.85895498396191e-07,3.8588910475545667e-07,3.8588111270453873e-07,3.858531235219625e-07,3.8582156342301863e-07,3.857959038382631e-07,3.8577458036623956e-07,3.857515394534869e-07,3.8572298912690997e-07,3.8568996665269176e-07,3.856405859806373e-07,3.855799654242069e-07,3.855133933404972e-07,3.854247495927631e-07,3.853241857861068e-07,3.8519748627251265e-07,3.850453992439814e-07,3.8486032374995924e-07,3.846470720253606e-07,3.8438583398652724e-07,3.8407416100509287e-07,3.836951337392206e-07,3.8323815847035334e-07,3.826835271410148e-07,3.8202139422464876e-07,3.8122528392704407e-07,3.8026538759871354e-07,3.791014389065217e-07,3.777050745718919e-07,3.760214895307637e-07,3.7398805671179547e-07,3.7153456509745525e-07,3.6857090856473453e-07,3.649853344356921e-07,3.60634070815624e-07,3.5534236385924674e-07,3.4887585942666563e-07,3.409081417531575e-07,3.309669486469289e-07,3.182717288031197e-07,3.0120007888103294e-07,2.774471424090375e-07,2.482859170634454e-07,2.0492251115820155e-07,1.6118789999436682e-07,1.2804634421747903e-07,1.0122835419228749e-07,7.606237210491658e-08,5.216802734476528e-08,3.53065003443646e-08,2.3652763765703243e-08,1.5579040889169114e-08,9.988958363735753e-09,6.1352254198523255e-09,3.463907907090179e-09,2.0150000887661153e-09,1.1232912586924853e-09,5.509413824253551e-10,1.8077339001740584e-10,0.0,0.0,0.0,0.0,0.0,0.0,0.0,0.0,0.0,0.0,0.0,0.0,0.0
0.4,3e-05,4.081632653061e-05,0.5,1.6286616874491327e-06,1.628661539425817e-06,1.628661539425817e-06,1.628661391402501e-06,1.6286612433791852e-06,1.6286610953558694e-06,1.6286605032626062e-06,1.628660207215975e-06,1.6286599111693432e-06,1.62865931907608e-06,1.6286591710527642e-06,1.6286582829128695e-06,1.6286578388429222e-06,1.6286568026797117e-06,1.6286553224465538e-06,1.628654434306659e-06,1.6286526580268698e-06,1.62864984558387e-06,1.6286471811641858e-06,1.628644812791133e-06,1.628641556278186e-06,1.6286359313921862e-06,1.6286311946460812e-06,1.628623053363713e-06,1.628614097953108e-06,1.628599739691477e-06,1.6285828650334777e-06,1.6285636220024258e-06,1.628539346178637e-06,1.6285149223315328e-06,1.628483985458534e-06,1.6284465355596409e-06,1.628403164728116e-06,1.6283010286402253e-06,1.6281553736974939e-06,1.628032736380367e-06,1.627932894653871e-06,1.6278011539028234e-06,1.627660975822776e-06,1.6274524849824944e-06,1.627184932839215e-06,1.6268882201027265e-06,1.6265089103560303e-06,1.6260484098206268e-06,1.6255133055340683e-06,1.6248827262088291e-06,1.6241230705522266e-06,1.623205844075972e-06,1.6220907844381724e-06,1.6207428101129869e-06,1.6191023417158125e-06,1.6171636803489919e-06,1.6148178068404496e-06,1.6119759812123736e-06,1.6085507216851357e-06,1.604443962812029e-06,1.5994794088239548e-06,1.5935071121020245e-06,1.5862940839471942e-06,1.5776092599635251e-06,1.567093831633557e-06,1.5544271804553029e-06,1.5390725738857302e-06,1.5204412491863084e-06,1.4977910914633555e-06,1.4700683967434644e-06,1.435878193298688e-06,1.393146748486553e-06,1.338422898699559e-06,1.2645088621844015e-06,1.1474193849214152e-06,9.850580126891537e-07,7.65044889483694e-07,6.054557719210901e-07,4.844197710243333e-07,3.8716564011135434e-07,3.001883239432997e-07,2.0830225857722163e-07,1.4053600042485614e-07,9.371622564242944e-08,6.132546763597931e-08,3.8905560180728233e-08,2.3403078318687295e-08,1.3545465604062869e-08,8.071711409692469e-09,4.021349419899419e-09,1.3662552046847882e-09,0.0,0.0,0.0,0.0,0.0,0.0,0.0,0.0,0.0,0.0,0.0,0.0,0.0
0.5,3e-05,7.999999999997999e-05,0.5,6.150396588134293e-06,6.150396019490008e-06,6.150396019490008e-06,6.150396019490008e-06,6.150396019490008e-06,6.150394313557155e-06,6.1503914703357336e-06,6.150390333047165e-06,6.150388627114311e-06,6.15038578389289e-06,6.1503829406714675e-06,6.150377822872908e-06,6.150372705074348e-06,6.150367018631504e-06,6.15036133218866e-06,6.150350527947257e-06,6.150342566927275e-06,6.150329488108734e-06,6.150315840645908e-06,6.150301624538798e-06,6.1502834279216976e-06,6.150258407573183e-06,6.150230544003247e-06,6.15019983721189e-06,6.1501566202462754e-06,6.150116246502083e-06,6.150053695630798e-06,6.149972095175986e-06,6.149870307849078e-06,6.149732695932252e-06,6.149572906888335e-06,6.149394921227317e-06,6.149167463513556e-06,6.148936309611946e-06,6.148723068005294e-06,6.148451256037349e-06,6.148080784286061e-06,6.147225258960176e-06,6.1465309442889195e-06,6.145805638504163e-06,6.144799991087196e-06,6.143756244503174e-06,6.142412538059128e-06,6.140821471351367e-06,6.138877845187277e-06,6.136534462091251e-06,6.133684985582106e-06,6.130248952493599e-06,6.126060603016826e-06,6.121150075298861e-06,6.1152017717618605e-06,6.108005578342737e-06,6.099309301301357e-06,6.0888269125626665e-06,6.0762143823346e-06,6.0610105401025085e-06,6.0428204624108735e-06,6.0207778196924055e-06,5.994168679048037e-06,5.962124152011198e-06,5.923424780913988e-06,5.876667435984641e-06,5.820090172907933e-06,5.751481249739677e-06,5.6680338382920586e-06,5.565970150261645e-06,5.440236075248657e-06,5.2834872879978874e-06,5.0837404631819605e-06,4.818197229828436e-06,4.41050429825977e-06,3.5105664321523665e-06,2.7235070153983016e-06,2.154495386787258e-06,1.731176110283189e-06,1.4020624264433643e-06,1.1279076440468363e-06,8.671813964264925e-07,5.910716149801859e-07,3.9550347268819644e-07,2.602554101528578e-07,1.6663381516869537e-07,1.0183452438379957e-07,6.08204867269258e-08,3.591216113720721e-08,1.7481831235411235e-08,4.6088619250889e-09,0.0,0.0,0.0,0.0,0.0,0.0,0.0,0.0,0.0,0.0,0.0,0.0,0.0
0.6,3e-05,0.00015820312499997,0.5,2.3811343424422532e-05,2.3811341200011617e-05,2.3811338975600705e-05,2.3811338975600705e-05,2.3811334526778877e-05,2.3811325629135224e-05,2.3811318955902484e-05,2.381131005825883e-05,2.3811294487382436e-05,2.3811287814149696e-05,2.38112722432733e-05,2.381125889680782e-05,2.3811236652698685e-05,2.3811223306233205e-05,2.381120328653498e-05,2.3811152125083973e-05,2.3811109861276617e-05,2.3811063148647437e-05,2.3811005313963685e-05,2.381094525486902e-05,2.3810851829610657e-05,2.3810747282297725e-05,2.381060269558835e-05,2.3810446986824406e-05,2.3810271258362246e-05,2.3810019899929023e-05,2.3809648423306475e-05,2.3809213550972894e-05,2.3808737527037414e-05,2.380819699518544e-05,2.3807474061638565e-05,2.3806678834737004e-05,2.380588249562998e-05,2.3804917101293542e-05,2.3803527956678083e-05,2.3801687256647192e-05,2.3800288102182626e-05,2.379856529593015e-05,2.3793752782918877e-05,2.3790705339967434e-05,2.3786517886422842e-05,2.3781746525013466e-05,2.3775773981710823e-05,2.376868367192416e-05,2.3759929502774236e-05,2.374950368882284e-05,2.3736895727765337e-05,2.3721522823942402e-05,2.3703052427922474e-05,2.3681067462659275e-05,2.3654516893996193e-05,2.3622493162280542e-05,2.358354928821311e-05,2.3537017948519863e-05,2.3480979476582475e-05,2.341324171544574e-05,2.3331685913714577e-05,2.323342033720149e-05,2.3115014944277923e-05,2.2971768442478267e-05,2.2798896123927675e-05,2.2589825966582317e-05,2.2336287610665946e-05,2.2027995380114715e-05,2.16514704569985e-05,2.11885527506198e-05,2.0612613837933566e-05,1.9882850237348714e-05,1.8926265680329077e-05,1.7567057186945578e-05,1.4230413011616527e-05,1.0867406230346587e-05,8.484828578883133e-06,6.763899729217965e-06,5.486298199016639e-06,4.497936819892745e-06,3.685123725648339e-06,2.9509035177983636e-06,2.1339263263239575e-06,1.4206889866206669e-06,9.31289668317206e-07,5.925652720589038e-07,3.5952041388825613e-07,2.203968577167041e-07,1.1889921214635772e-07,4.4437056818225477e-08,0.0,0.0,0.0,0.0,0.0,0.0,0.0,0.0,0.0,0.0,0.0,0.0,0.0,0.0
0.7,3e-05,0.00033910034602074,0.5,0.00010874611578242939,0.00010874609534119867,0.00010874608512058332,0.00010874601357627584,0.00010874597269381443,0.00010874592159073766,0.00010874588070827625,0.00010874582960519947,0.00010874572739904593,0.00010874570695781522,0.00010874559453104632,0.00010874550254550815,0.00010874533901566248,0.00010874520614766287,0.0001087450017353558,0.00010874478710243336,0.00010874455202828023,0.00010874431695412708,0.00010874380592335938,0.00010874326423074561,0.00010874267143505508,0.00010874185889613444,0.00010874096970259863,0.0001087398454349097,0.0001087383327838373,0.0001087366259410732,0.00010873470446538664,0.00010873205732600995,0.00010872929775986438,0.0001087259607289513,0.00010872206156419375,0.000108717073903901,0.00010871085976976575,0.00010870408350178605,0.00010869552884673474,0.00010868552286430319,0.00010867386114218426,0.00010865502454808684,0.00010863516589245402,0.00010861354929098031,0.00010858654642521503,0.0001085525322173169,0.00010851334637804968,0.00010846636220926731,0.00010840920852820775,0.00010834034202195248,0.00010825757036850808,0.00010815769962557647,0.00010803606408224848,0.00010789146281622007,0.00010771711955951151,0.0001075063909121427,0.00010725152453736762,0.0001069463011907434,0.00010657847146476822,0.00010613258689933454,0.0001055972157361689,0.00010494875346411122,0.00010416705525029877,0.00010322053428298,0.00010207199263257406,0.00010067523311768082,9.896714343848932e-05,9.686278006079247e-05,9.423911232726646e-05,9.090324656433521e-05,8.650400242843523e-05,8.017524920231466e-05,6.910241849886543e-05,5.691844337659056e-05,4.325691477504905e-05,3.353511655339927e-05,2.6605314489848243e-05,2.156538597017498e-05,1.7785485573189127e-05,1.4822345210987622e-05,1.234970240024002e-05,1.0098305250060496e-05,7.644263959257179e-06,5.0400409464421555e-06,3.249542445651344e-06,2.0355377539030056e-06,1.2316659150800534e-06,6.413947165403852e-07,1.8597431698141743e-07,0.0,0.0,0.0,0.0,0.0,0.0,0.0,0.0,0.0,0.0,0.0,0.0,0.0,0.0,0.0
0.8,3e-05,0.0008888888888888701,0.5,0.0007446824037495779,0.0007446821931414687,0.0007446819123306564,0.0007446816315198441,0.0007446811401009226,0.0007446803678711888,0.0007446798062495642,0.0007446789638171273,0.0007446781915873934,0.0007446765769252227,0.0007446753834792705,0.000744674049627912,0.0007446715925333043,0.0007446693460468059,0.0007446663975332768,0.0007446627469927168,0.0007446581838170169,0.0007446536908440202,0.000744647021587228,0.0007446395098979989,0.0007446313312830906,0.0007446200286478956,0.0007446081994924274,0.0007445931761139692,0.0007445732385462959,0.0007445499663502264,0.0007445219554716993,0.0007444916630053223,0.0007444449431064258,0.0007443941865521023,0.0007443371117545021,0.0007442625213824846,0.0007441764177671628,0.0007440753960774374,0.0007439486801983865,0.0007437973231705562,0.0007436182009736595,0.0007434007832022355,0.0007431522656333488,0.000742841513368186,0.0007424636122175317,0.0007420067330259178,0.0007414598539689613,0.0007408007909924904,0.0007400027266639305,0.0007390508482129326,0.0007378988920581701,0.0007365060353278049,0.0007348341930554183,0.000732819480781212,0.0007303885015791208,0.0007274563803811266,0.0007239254652272517,0.0007196493483802326,0.0007144899060217687,0.0007082388467318354,0.0007006671692930013,0.0006914404982305187,0.0006801629254003945,0.0006662595608671453,0.0006489336741535693,0.0006269312343746327,0.0005981530403029782,0.0005583796286729684,0.0004988120383906069,0.0004381106393522279,0.00038079258938585953,0.00032544432196372926,0.00026863225797977604,0.0002073878059317581,0.00016059984551451968,0.0001275871296974182,0.00010387841322023668,8.638551427604462e-05,7.297184869809702e-05,6.211377212019927e-05,5.266382136058574e-05,4.355740752847115e-05,3.292187351932208e-05,2.1198197612505982e-05,1.2840881723556297e-05,6.56370702807905e-06,1.6286676099952395e-06,0.0,0.0,0.0,0.0,0.0,0.0,0.0,0.0,0.0,0.0,0.0,0.0,0.0,0.0,0.0,0.0,0.0
0.9,3e-05,0.00403878116343489,0.5,0.015347594923449396,0.015347565935978153,0.015347531151012658,0.015347503612914976,0.015347451435466735,0.015347403606139183,0.015347339833702444,0.01534729055500133,0.015347208665395061,0.015347120253607766,0.01534700647778313,0.01534686443917403,0.015346699935274717,0.015346476731746134,0.015346232512300897,0.01534595640663729,0.01534561145572948,0.015345144032755659,0.015344563558643984,0.015343965692049563,0.015343204770929389,0.015342277171849559,0.015341187967617539,0.015339861066121315,0.015338240666478735,0.015336286186230062,0.015333994726628171,0.015331220625630053,0.015327887791123694,0.015323810703293129,0.015318995159632606,0.01531308388955903,0.015305978335670177,0.015297447322882865,0.015287160394024906,0.01527480158565973,0.015259913620428459,0.015242120385891686,0.015220489210162117,0.015194576584929708,0.015163052709951106,0.015125151591298675,0.015079989111099448,0.015024859288912734,0.014958601901201962,0.014878809538480267,0.01478202254605459,0.014665115349837972,0.01452344560631058,0.014351373802941754,0.014141451608995177,0.013883515292365674,0.013563444331123178,0.013162043946496236,0.012647208340021008,0.011965602738667612,0.011014607870795935,0.009885184971798253,0.008832098404263121,0.007872133363414774,0.006997355253686762,0.006200496916038039,0.0054725867281183735,0.00480343052097779,0.004177737403534713,0.0035479063245714574,0.0029986278047632897,0.0025415917665764136,0.0021540850769170513,0.0018148925302679951,0.0014992182437265375,0.0011263632714078038,0.0008935293801894218,0.0007529285496641763,0.0006512861558050134,0.0005450043171731378,0.0004241243880224362,0.00030345099460435296,0.00018132170544300522,0.00010524915996878352,3.1886218369159254e-08,0.0,0.0,0.0,0.0,0.0,0.0,0.0,0.0,0.0,0.0,0.0,0.0,0.0,0.0,0.0,0.0,0.0,0.0,0.0
1.0,3e-05,0.00403878116343489,0.5,0.015347615214679268,0.01534759637282296,0.015347568834725277,0.01534753839788047,0.015347492017926479,0.015347449986093175,0.015347392011150684,0.015347319542472572,0.015347244175047337,0.015347177503863474,0.015347063003352056,0.015346913717875147,0.015346723849938494,0.015346557171978836,0.015346328170956004,0.01534604771717171,0.015345720158746648,0.015345265055448106,0.015344748353773169,0.015344151936552308,0.015343389566058574,0.015342525739415481,0.01534148074107711,0.01534023572918715,0.015338629098593416,0.015336820280387747,0.015334535342966882,0.015331935891483016,0.01532863059507434,0.015324791929194762,0.01532006262326119,0.015314405718247789,0.01530763424496503,0.015299402527818319,0.01528949243608654,0.015277585832272783,0.015263207321848637,0.01524598151706148,0.015225224313589938,0.015200127685673066,0.015169829256041333,0.015133499983017145,0.015089836879768049,0.015036910830082713,0.014973005050976668,0.014895756338856694,0.014802773952031882,0.01469008008476068,0.014553731716267032,0.01438799295067839,0.014186322765108395,0.013938621924575392,0.01363248016795275,0.01324952885939949,0.012761873355336848,0.012125351243323536,0.01126952296823496,0.010162139243624616,0.009131047644583173,0.008198934490793506,0.007358266663165902,0.006602181377883179,0.005923831794237342,0.005316195697319364,0.004771958098760649,0.0042838286495431544,0.003843842317255624,0.0034459457932153837,0.0030941429718881063,0.0027788542187142033,0.0024963814570496327,0.0022426860074632278,0.002015359735781337,0.0018104364312509051,0.0016242607737479767,0.0014528448119160633,0.0012920650779706076,0.0011358726113496244,0.000974208759531206,0.000807011199452176,0.0006621752993780812,0.000536155166888915,0.00041427879341417715,0.00028845215229556914,0.00017214209798659293,4.748002852524036e-05,0.0,0.0,0.0,0.0,0.0,0.0,0.0,0.0,0.0,0.0,0.0,0.0,0.0,0.0
1/0.9,3e-05,0.00403878116343489,0.5,0.015347594923449396,0.015347567385351715,0.015347536948506907,0.015347502888228195,0.015347462305768453,0.015347407229573088,0.015347344906509913,0.015347269539084675,0.015347199969153688,0.015347097063630771,0.015346989085300383,0.015346858641679782,0.01534667602061094,0.015346459339263388,0.015346225990119868,0.015345940463528107,0.015345581018884672,0.015345154903057375,0.015344592546115228,0.01534397004017025,0.01534320549561617,0.0153423561627087,0.015341186518243977,0.015339830629276506,0.015338258058961482,0.01533632966743693,0.015334029511593664,0.015331221350316834,0.015327834888988673,0.015323796934244287,0.015318947330305052,0.015313065047702723,0.015306049354974725,0.015297511095319603,0.01528724808112542,0.015274926956472864,0.015260089719316269,0.015242273294802502,0.015220653714061432,0.01519459687615958,0.015162986763454026,0.015125029843919446,0.015079976066737387,0.015024991906593677,0.014958695385796727,0.01487907767258928,0.014782310971393474,0.014665647994622093,0.014524102897221053,0.014352178929955576,0.014142216153549254,0.013884515360123615,0.01356527488993228,0.013164587597097956,0.012651642698434665,0.011974984533735956,0.011043043855400194,0.009880586109485284,0.008829329376072472,0.007870824579088078,0.006997642229652084,0.006202573868352721,0.005476945719106794,0.004811064371530079,0.004191673855022379,0.0035863125499103286,0.003008361797607257,0.0025366030227752024,0.0021373448122732424,0.0017870449913300025,0.0014530738129388964,0.0010844973913758788,0.0008837403111500899,0.0007504298296428841,0.0006523311541433845,0.0005499227663565806,0.0004225438461528194,0.0003001181600979947,0.00017409947698239064,9.454915964558724e-05,0.0,0.0,0.0,0.0,0.0,0.0,0.0,0.0,0.0,0.0,0.0,0.0,0.0,0.0,0.0,0.0,0.0,0.0,0.0,0.0
1/0.8,3e-05,0.0008888888888888701,0.5,0.0007446819123306564,0.0007446816315198441,0.0007446812103036257,0.0007446809996955164,0.0007446802274657826,0.0007446794552360488,0.0007446788936144241,0.0007446780511819873,0.0007446765067225195,0.0007446746814522397,0.0007446736986143965,0.0007446724349657412,0.0007446705394927582,0.0007446677313846352,0.0007446640106413721,0.00074466099192514,0.0007446569201683615,0.0007446512337494125,0.0007446448453034326,0.0007446383164520467,0.00074462971662092,0.0007446194670262709,0.0007446071815532327,0.0007445926495936962,0.0007445718344922344,0.000744547263546158,0.000744518340032491,0.0007444874157417863,0.0007444461716537296,0.0007443966085453585,0.0007443404814842497,0.0007442669792541299,0.0007441825956050334,0.0007440821355369327,0.0007439592457051993,0.0007438082045895329,0.0007436292578993939,0.0007434081193847069,0.000743165463741527,0.0007428487793479544,0.0007424676839743102,0.0007419976417758695,0.0007414565544419168,0.0007407988604181558,0.0007400072196369273,0.0007390494441588711,0.0007378970316865386,0.0007365072287737571,0.0007348350003865036,0.0007328223590920381,0.0007303855881669432,0.0007274544498067921,0.0007239206914434426,0.0007196536658464717,0.0007144919419001577,0.0007082453053805183,0.0007006683978403051,0.0006914464303589286,0.0006801706476977328,0.0006662702667793642,0.0006489436780387575,0.0006269559106247637,0.000598200813242421,0.0005585089771533847,0.00049865253784922,0.0004380923515480768,0.0003808000308723855,0.00032551154105192387,0.0002691505645365809,0.0002068513168748567,0.0001602531845667339,0.0001273430348988254,0.00010368363582055429,8.621839674137389e-05,7.281157592697613e-05,6.194886597067541e-05,5.246606034602264e-05,4.3257326074175815e-05,3.232164040802833e-05,2.145535011387078e-05,1.303927456244707e-05,6.7027434815196664e-06,1.7217914956246145e-06,0.0,0.0,0.0,0.0,0.0,0.0,0.0,0.0,0.0,0.0,0.0,0.0,0.0,0.0,0.0,0.0,0.0
1/0.7,3e-05,0.00033910034602074,0.5,0.00010874610556181403,0.00010874607489996796,0.0001087460646793526,0.00010874603401750655,0.0001087460237968912,0.00010874598291442977,0.00010874594203196837,0.00010874587048766089,0.00010874575806089199,0.0001087456660753538,0.00010874557408981562,0.00010874546166304673,0.00010874521636827822,0.00010874502217658651,0.0001087447564405873,0.00010874453158704951,0.0001087442249685889,0.0001087437343790519,0.00010874320290705349,0.00010874269187628579,0.00010874195088167263,0.00010874096970259863,0.00010874010095029355,0.00010873909932998886,0.00010873798528291527,0.00010873639086692004,0.00010873461247984845,0.00010873241504754733,0.00010872951750309448,0.00010872556212495249,0.0001087206460089672,0.00010871605184236559,0.0001087103589596134,0.00010870226934256071,0.00010869392421012417,0.00010868289105584952,0.00010867060076588634,0.00010865455439978055,0.00010863509434814654,0.00010861448958759287,0.00010858391972706904,0.00010855279795331612,0.00010851415380666264,0.00010846669948957401,0.0001084093720580534,0.00010833917176149444,0.00010825671183681835,0.00010815738789680817,0.00010803731099732167,0.00010789197384698777,0.00010771649610197491,0.00010750596164629784,0.00010725263858444122,0.00010694605078566722,0.0001065783028246149,0.0001061333483351784,0.00010559688356616988,0.0001049496937607238,0.00010416739253060545,0.00010322025832636546,0.00010207223281703488,0.0001006761887452164,9.8967480718796e-05,9.68636181512515e-05,9.424069141233866e-05,9.09057608357123e-05,8.650891343411283e-05,8.019429020871917e-05,6.910115114256155e-05,5.6933907167621166e-05,4.3235798983727685e-05,3.3518497832833666e-05,2.659121004065972e-05,2.1552896378212392e-05,1.7773251496610386e-05,1.4809518338718352e-05,1.2334064858748398e-05,1.0076852178432448e-05,7.588694473577469e-06,5.054513337783422e-06,3.2599981351584877e-06,2.043274759725985e-06,1.2372463710633383e-06,6.449412700682239e-07,1.8878498620376792e-07,0.0,0.0,0.0,0.0,0.0,0.0,0.0,0.0,0.0,0.0,0.0,0.0,0.0,0.0,0.0
1/0.6,3e-05,0.00015820312499997,0.5,2.3811338975600705e-05,2.3811336751189792e-05,2.3811334526778877e-05,2.3811330077957052e-05,2.381132340472431e-05,2.3811321180313397e-05,2.381131005825883e-05,2.3811298936204264e-05,2.3811285589738784e-05,2.381126334562965e-05,2.381125222357508e-05,2.3811229979465945e-05,2.381120773535681e-05,2.3811178818014937e-05,2.3811137666413035e-05,2.3811097627016595e-05,2.381105536320924e-05,2.381099307970366e-05,2.381092634737626e-05,2.381083069770698e-05,2.381069723305217e-05,2.381056154398645e-05,2.381040805963342e-05,2.381020786265121e-05,2.380996317745073e-05,2.38096940237302e-05,2.3809407074722365e-05,2.3809055617798034e-05,2.3808610735615346e-05,2.3808090223461595e-05,2.3807494081336788e-05,2.3806755576913518e-05,2.380575459200246e-05,2.380462904008025e-05,2.3803363350270487e-05,2.380172618383818e-05,2.3799601871415825e-05,2.3797384133735104e-05,2.3794407871932893e-05,2.3791565074785486e-05,2.3785968456927215e-05,2.3781808808519045e-05,2.3776094296882362e-05,2.3768887205522743e-05,2.3759902809843273e-05,2.3749123314556634e-05,2.373665326697577e-05,2.3721585107447978e-05,2.37033293670812e-05,2.368102519885192e-05,2.365437008287591e-05,2.362246313273321e-05,2.358366495758061e-05,2.3536945655165173e-05,2.3480986149815215e-05,2.3413361833635063e-05,2.333177044132929e-05,2.3233540455390818e-05,2.3114931528868666e-05,2.2971787349971032e-05,2.2798920592447723e-05,2.258979704924044e-05,2.2336325425651478e-05,2.2028098815222193e-05,2.165167399059708e-05,2.118859501442716e-05,2.0612781780957535e-05,1.9883285109682295e-05,1.8926891852001214e-05,1.7569154806436974e-05,1.4227049702315373e-05,1.0865777961557931e-05,8.48346501499318e-06,6.762551736204408e-06,5.4849390839485145e-06,4.496504299264476e-06,3.6833998071904067e-06,2.948178614429373e-06,2.138506388394775e-06,1.4220658969760999e-06,9.323751808429753e-07,5.932481662093366e-07,3.600920874930158e-07,2.209106966377138e-07,1.1916614145597313e-07,4.461945851312934e-08,0.0,0.0,0.0,0.0,0.0,0.0,0.0,0.0,0.0,0.0,0.0,0.0,0.0,0.0
1/0.5,3e-05,7.999999999997999e-05,0.5,6.150396019490008e-06,6.15039488220144e-06,6.150394597879298e-06,6.150394029235013e-06,6.150394029235013e-06,6.150391754657875e-06,6.150389480080738e-06,6.15038834279217e-06,6.1503860682150315e-06,6.150379244483619e-06,6.150375263973628e-06,6.1503701461750685e-06,6.150365028376509e-06,6.150361047866518e-06,6.15034967498083e-06,6.150338870739426e-06,6.150324085988031e-06,6.150308163948068e-06,6.150292241908105e-06,6.150270633425298e-06,6.1502450444325e-06,6.150212063064005e-06,6.150181356272646e-06,6.150138707951317e-06,6.15009776556284e-06,6.150042607067252e-06,6.149974369753123e-06,6.1499015832847205e-06,6.149804913756371e-06,6.1496928908323446e-06,6.149554710271234e-06,6.149380705120206e-06,6.149176561822106e-06,6.148934888001234e-06,6.148600809484147e-06,6.148217258914317e-06,6.147803854519556e-06,6.14728127042219e-06,6.146579563375236e-06,6.1459318775353005e-06,6.14461717194976e-06,6.143713027537559e-06,6.142451205870468e-06,6.140860707806992e-06,6.138874433321571e-06,6.136384340000169e-06,6.133620160133684e-06,6.130248099527172e-06,6.126145899659487e-06,6.121175379969518e-06,6.1151437700448515e-06,6.108006715631305e-06,6.099332615717017e-06,6.088812696455556e-06,6.076263854387343e-06,6.061071953685224e-06,6.042809373847327e-06,6.020770995960992e-06,5.994177777356587e-06,5.962131544386895e-06,5.923445820752511e-06,5.876670847850347e-06,5.820087898330795e-06,5.751486367538236e-06,5.6680241713392235e-06,5.566007112140131e-06,5.440288674844966e-06,5.2835464270034655e-06,5.08379334710041e-06,4.818244142981899e-06,4.408306488100552e-06,3.510452134651202e-06,2.7233648543272006e-06,2.154311146039111e-06,1.7310333805678037e-06,1.4018406551724473e-06,1.1276671075145336e-06,8.662255053844107e-07,5.913263676195986e-07,3.9569681174489353e-07,2.603947280025366e-07,1.667054643485302e-07,1.018902515236711e-07,6.087166471252208e-08,3.594116199571178e-08,1.750173378536535e-08,4.625921253621e-09,0.0,0.0,0.0,0.0,0.0,0.0,0.0,0.0,0.0,0.0,0.0,0.0,0.0
1/0.4,3e-05,4.081632653061e-05,0.5,1.6286616874491327e-06,1.6286616874491327e-06,1.628661391402501e-06,1.628660799309238e-06,1.6286605032626062e-06,1.628660207215975e-06,1.628660207215975e-06,1.6286596151227115e-06,1.62865931907608e-06,1.6286581348895537e-06,1.6286570987263432e-06,1.6286556184931855e-06,1.6286547303532907e-06,1.628653102096817e-06,1.6286520659336067e-06,1.6286488094206593e-06,1.6286457009310278e-06,1.6286433325579754e-06,1.6286403720916596e-06,1.628636671508765e-06,1.628630602552818e-06,1.628623793480292e-06,1.6286166883611341e-06,1.6286054385891347e-06,1.6285940407938193e-06,1.6285802746254514e-06,1.6285625118275576e-06,1.6285391981553215e-06,1.628510037562112e-06,1.6284748080129556e-06,1.6284320292746938e-06,1.628384809836959e-06,1.6283250084173823e-06,1.6282555854822797e-06,1.6281636630031778e-06,1.6280741829087864e-06,1.6279679021680538e-06,1.627816992397612e-06,1.6276285587166192e-06,1.6274326498581793e-06,1.6272146855256876e-06,1.6268439611313072e-06,1.626479009646242e-06,1.626068837038205e-06,1.6255502373513562e-06,1.6249099624989334e-06,1.624127363228384e-06,1.6231787558091836e-06,1.622081458969278e-06,1.6207415519148026e-06,1.6191209926536013e-06,1.6171488780174133e-06,1.6148074452083447e-06,1.6119731687693736e-06,1.6085465770322938e-06,1.6044429266488185e-06,1.5994850337099548e-06,1.5934988227963408e-06,1.5862985246466676e-06,1.577603857112499e-06,1.567100788729399e-06,1.554427254466961e-06,1.539074720223809e-06,1.5204389548249139e-06,1.497790795416724e-06,1.4700728374429378e-06,1.4358808577183722e-06,1.3931474145914739e-06,1.338416755731954e-06,1.2644808857777183e-06,1.1475608952113044e-06,9.854219280110083e-07,7.650573234422199e-07,6.054605086671952e-07,4.844216953274384e-07,3.8715231801293384e-07,3.0013681182940694e-07,2.083494780149567e-07,1.4056782543774966e-07,9.37449421656915e-08,6.134263834061022e-08,3.8917550069306724e-08,2.3408851228002866e-08,1.355094246674687e-08,8.077040249060687e-09,4.0232737230046094e-09,1.3677354378426263e-09,0.0,0.0,0.0,0.0,0.0,0.0,0.0,0.0,0.0,0.0,0.0,0.0,0.0
1/0.3,3e-05,1.956285472768989e-05,0.5,3.859254430805876e-07,3.8592539206749664e-07,3.859252390282238e-07,3.8592517101076915e-07,3.8592505198022354e-07,3.859248989409507e-07,3.8592476290604146e-07,3.859246608798595e-07,3.859245418493139e-07,3.859241167402225e-07,3.859238276660404e-07,3.859234365656763e-07,3.859232835264034e-07,3.859228924260394e-07,3.8592231427767506e-07,3.8592166811185617e-07,3.859208348980371e-07,3.8592017172785455e-07,3.859189134049441e-07,3.8591750204276065e-07,3.859157505933042e-07,3.859138801133022e-07,3.8591148249802675e-07,3.859085747518418e-07,3.8590532691838365e-07,3.8590150093656123e-07,3.858964506405557e-07,3.858907881874585e-07,3.858828811583589e-07,3.8587369880198516e-07,3.858634451707011e-07,3.8585024978450474e-07,3.858295214652092e-07,3.85809711381551e-07,3.857879287917088e-07,3.857611639233157e-07,3.857288386280073e-07,3.8569005167451005e-07,3.8563305304753814e-07,3.855822950220277e-07,3.855210963172329e-07,3.854020317629199e-07,3.853163297700982e-07,3.851948676005098e-07,3.850477798548931e-07,3.8486833280524083e-07,3.8465171421663843e-07,3.8438360641488845e-07,3.84070011940361e-07,3.8369210696249e-07,3.832382094834443e-07,3.826879652799288e-07,3.820203909671931e-07,3.8122473978740713e-07,3.8026312601834737e-07,3.7910361546506956e-07,3.7770364620534487e-07,3.7602060530385367e-07,3.7398628825797533e-07,3.71533833909818e-07,3.6856779676618563e-07,3.649842291520545e-07,3.606322173399856e-07,3.5533921805197053e-07,3.4887489017793735e-07,3.409056591160638e-07,3.309617623160141e-07,3.182642128743842e-07,3.011644207304482e-07,2.7747084649197273e-07,2.4831448439438594e-07,2.049045885589091e-07,1.6119917388747015e-07,1.2805447230330615e-07,1.0123405065411196e-07,7.607240467947309e-08,5.217753278404848e-08,3.531158464909747e-08,2.3656198647161574e-08,1.5581132425898692e-08,9.990352721555472e-09,6.136959864945146e-09,3.464469051090797e-09,2.0154592065848033e-09,1.1233252674197955e-09,5.509413824253551e-10,1.8073938129009564e-10,0.0,0.0,0.0,0.0,0.0,0.0,0.0,0.0,0.0,0.0,0.0,0.0,0.0
1/0.2,3e-05,7.812499999999993e-06,0.5,6.566402453795148e-08,6.5664019114809e-08,6.566401369166653e-08,6.56640028453816e-08,6.566395946024185e-08,6.566392149824457e-08,6.566389167096099e-08,6.566384557425e-08,6.566378591968284e-08,6.566373711140063e-08,6.566369372626088e-08,6.566358526341151e-08,6.566352018570188e-08,6.566336833771276e-08,6.566324902857846e-08,6.566309175744685e-08,6.566288567803304e-08,6.566269586804663e-08,6.566236505635605e-08,6.566199628266818e-08,6.566158683541179e-08,6.566103909802244e-08,6.566043170606595e-08,6.565982431410945e-08,6.565908134359123e-08,6.565825160279353e-08,6.565709105030521e-08,6.565568103326335e-08,6.565408662937754e-08,6.565177637068587e-08,6.56493413797174e-08,6.564627730422258e-08,6.564268718390829e-08,6.563776839368915e-08,6.563121723758694e-08,6.562376583983491e-08,6.561522981358915e-08,6.560511565288498e-08,6.559214891924227e-08,6.557955095928744e-08,6.556487322419584e-08,6.554170827114069e-08,6.551612188497326e-08,6.548619156168839e-08,6.544927080776133e-08,6.540496373379188e-08,6.5352668370966e-08,6.528930166279022e-08,6.521238794472757e-08,6.512025688889769e-08,6.500861878960783e-08,6.48735391569969e-08,6.471258028852526e-08,6.451782981933098e-08,6.428333856212593e-08,6.400028306411348e-08,6.365866576215253e-08,6.324652049238587e-08,6.274899326759163e-08,6.214685362457577e-08,6.1416611221735e-08,6.0529498999844e-08,5.94456622849001e-08,5.811164245001791e-08,5.645035223657578e-08,5.433625131956527e-08,5.15407732249284e-08,4.801976272668485e-08,4.3799663067512096e-08,3.839350045786005e-08,3.0519976142356205e-08,2.4120586682127675e-08,1.89506290427008e-08,1.4081194843178133e-08,9.68148070544132e-09,6.596043452429315e-09,4.4652365450439076e-09,2.990993226919218e-09,1.968779679847413e-09,1.255381557514491e-09,7.562463709782913e-10,4.027822142944228e-10,2.2678497175700036e-10,1.4694004519001208e-10,8.302831119612787e-11,3.321674762091987e-11,0.0,0.0,0.0,0.0,0.0,0.0,0.0,0.0,0.0,0.0,0.0,0.0,0.0,0.0
0.2,0.0001,2.604166666666666e-05,0.5,7.295999111015296e-07,7.295997303301139e-07,7.295994893015597e-07,7.295993085301442e-07,7.295992482730055e-07,7.295990675015899e-07,7.295988867301743e-07,7.295986457016201e-07,7.29598404673066e-07,7.295979226159576e-07,7.295972597874337e-07,7.295965367017711e-07,7.295955725875546e-07,7.295944277019222e-07,7.295934635877056e-07,7.29591836644965e-07,7.295901494450859e-07,7.295879199309598e-07,7.295845455312015e-07,7.295812313885817e-07,7.295777364745463e-07,7.295728556463244e-07,7.295656247896995e-07,7.295590567615984e-07,7.295499579336787e-07,7.295385090773558e-07,7.295265781639247e-07,7.29511031822181e-07,7.29489429638014e-07,7.294565894975089e-07,7.294189287859205e-07,7.293794001030373e-07,7.293384855059677e-07,7.29291997123583e-07,7.292333669277822e-07,7.291603955330087e-07,7.290576269832263e-07,7.289395531202545e-07,7.288214491287133e-07,7.286793326674634e-07,7.284790078103826e-07,7.282386119561717e-07,7.279480821626944e-07,7.276193794719511e-07,7.272211099147618e-07,7.267361604637808e-07,7.261462129488913e-07,7.254325876571455e-07,7.245779606612131e-07,7.235560598486897e-07,7.223196134943897e-07,7.208280082869361e-07,7.190218306877272e-07,7.1686155201388e-07,7.142564551433201e-07,7.111107312257669e-07,7.073181469259718e-07,7.027394781253351e-07,6.972099516785153e-07,6.905173419435696e-07,6.824065201959137e-07,6.72546945902079e-07,6.605027791789954e-07,6.456843135403278e-07,6.272304744763197e-07,6.037537208577785e-07,5.726254856586824e-07,5.33455814806961e-07,4.86547892095185e-07,4.264486573853438e-07,3.3894513889540297e-07,2.678790145853212e-07,2.1045860135504532e-07,1.5635901928692393e-07,1.0749530050094087e-07,7.323423641193945e-08,4.9577103049174555e-08,3.3207347507328156e-08,2.185785520591902e-08,1.393681331609929e-08,8.39514505586338e-09,4.4691514513377285e-09,2.517784276813392e-09,1.631401768869562e-09,9.218739625447082e-10,3.6871343073475847e-10,0.0,0.0,0.0,0.0,0.0,0.0,0.0,0.0,0.0,0.0,0.0,0.0,0.0,0.0
0.3,0.0001,6.520951575894e-05,0.5,4.2880636906086904e-06,4.288063312733943e-06,4.2880623680470725e-06,4.288062179109699e-06,4.288060667610707e-06,4.288059156111715e-06,4.288057266737976e-06,4.288055944176359e-06,4.288054999489489e-06,4.28805122074201e-06,4.288049898180392e-06,4.288045174746044e-06,4.28804309643493e-06,4.2880396955621994e-06,4.288034027440981e-06,4.288029304006632e-06,4.288018723513691e-06,4.288008709832872e-06,4.287992650156087e-06,4.287977535166171e-06,4.287962042301508e-06,4.287940314503504e-06,4.287914430083273e-06,4.287878909856972e-06,4.287839799820565e-06,4.287792754414452e-06,4.287740229824496e-06,4.2876686225597706e-06,4.287593992297062e-06,4.287492721864627e-06,4.287373691319041e-06,4.287228398478477e-06,4.28701641074491e-06,4.286804800886091e-06,4.28655578142723e-06,4.286261416998624e-06,4.285910371357832e-06,4.28548507332908e-06,4.284932809385038e-06,4.284365808325827e-06,4.283641800308868e-06,4.282367039846857e-06,4.2813498010255335e-06,4.279882702316846e-06,4.278233656917049e-06,4.276263040106796e-06,4.273879217259724e-06,4.270973171511067e-06,4.2674997468284515e-06,4.2632762407712715e-06,4.258171530802009e-06,4.252024831215437e-06,4.244686314674016e-06,4.235835543391534e-06,4.225147356147431e-06,4.212228952141275e-06,4.1966962216918325e-06,4.177983108426765e-06,4.1553886546887324e-06,4.1281227243798945e-06,4.095189617539559e-06,4.05532685463502e-06,4.006967766961521e-06,3.948156285886605e-06,3.876296222954883e-06,3.7877386306633444e-06,3.6772563676244104e-06,3.536127328907256e-06,3.3464215466618185e-06,3.0822770842050493e-06,2.758160687322589e-06,2.276523045159454e-06,1.7905254841551508e-06,1.4224042503191426e-06,1.1245274759302474e-06,8.451824349274326e-07,5.792600717818351e-07,3.920010285289928e-07,2.6260254454799935e-07,1.7295648404516026e-07,1.1090359338283257e-07,6.810115387707428e-08,3.8446488349442465e-08,2.2365272703436576e-08,1.2463442809695519e-08,6.1091010491570635e-09,2.001413602205752e-09,0.0,0.0,0.0,0.0,0.0,0.0,0.0,0.0,0.0,0.0,0.0,0.0,0.0
0.4,0.0001,0.00013605442176869997,0.5,1.8096240971658732e-05,1.80962360375482e-05,1.80962360375482e-05,1.8096234392844693e-05,1.809622945873417e-05,1.8096224524623642e-05,1.80962163011061e-05,1.809621465640259e-05,1.8096204788181537e-05,1.8096194919960487e-05,1.809618834114645e-05,1.809617518351838e-05,1.8096157091779784e-05,1.8096147223558734e-05,1.8096130776523644e-05,1.8096109395378035e-05,1.8096078146011368e-05,1.8096032094313122e-05,1.809598275320786e-05,1.8095938346213124e-05,1.8095885715700848e-05,1.8095800191118396e-05,1.8095713021832433e-05,1.8095594603179806e-05,1.809545151397455e-05,1.8095267307181573e-05,1.809505349572544e-05,1.809479609962633e-05,1.809446386951757e-05,1.8094102034745653e-05,1.8093623426024618e-05,1.809307738445973e-05,1.809239483250361e-05,1.8091649781814167e-05,1.8090648157377363e-05,1.808957334363442e-05,1.808827156080728e-05,1.808651008334945e-05,1.808441802048637e-05,1.8082242900096105e-05,1.8079595749798835e-05,1.8076415715564746e-05,1.8073110683863995e-05,1.8067104226650187e-05,1.8061446446580227e-05,1.805440876026646e-05,1.804589577490538e-05,1.8035548122780334e-05,1.8023084559591334e-05,1.800800838487875e-05,1.7990116477759254e-05,1.7968488626619724e-05,1.7942359221976857e-05,1.791067318652982e-05,1.7872739744804943e-05,1.7827109090659307e-05,1.7771891459761407e-05,1.7705613197767435e-05,1.76252546290354e-05,1.7528865135203977e-05,1.741200895091017e-05,1.7271214107047102e-05,1.710064026145534e-05,1.6893600872020226e-05,1.6641771271932428e-05,1.6333687877736242e-05,1.5953692289677002e-05,1.5478714251638035e-05,1.4870382830761155e-05,1.4048816422331853e-05,1.2746037727213822e-05,1.0939038165671972e-05,8.498831042684013e-06,6.7262238762127856e-06,5.381853096414757e-06,4.301455585061082e-06,3.3361281099907515e-06,2.3125370131243912e-06,1.5601986424319316e-06,1.0404049008358972e-06,6.807378481443035e-07,4.3180539328709765e-07,2.5973157809539186e-07,1.5029300662586696e-07,8.953108020010606e-08,4.4594490935147256e-08,1.5109891134513457e-08,0.0,0.0,0.0,0.0,0.0,0.0,0.0,0.0,0.0,0.0,0.0,0.0,0.0
0.5,0.0001,0.00026666666666664,0.5,6.833773354988787e-05,6.833772091334823e-05,6.833771459507839e-05,6.833768932199909e-05,6.833767668545944e-05,6.833765773064995e-05,6.833764509411031e-05,6.833762613930083e-05,6.833760718449135e-05,6.833754400179308e-05,6.833749977390429e-05,6.833744922774568e-05,6.833737972677758e-05,6.833730390753966e-05,6.833722808830174e-05,6.833710804117503e-05,6.83369816757785e-05,6.833681108249318e-05,6.833665944401734e-05,6.833653307862081e-05,6.833625507474842e-05,6.833595811606658e-05,6.833552215544853e-05,6.833510514963997e-05,6.833457125583962e-05,6.833397102020608e-05,6.833328232879497e-05,6.833237249793992e-05,6.833133630168834e-05,6.83301421486911e-05,6.832872053798008e-05,6.83269956503174e-05,6.832483480203667e-05,6.832228538016159e-05,6.831865869328106e-05,6.831455497702862e-05,6.830997423140426e-05,6.830412351354473e-05,6.829582446612735e-05,6.82871020946316e-05,6.827645265083868e-05,6.826404672803395e-05,6.824897765449726e-05,6.82317161413307e-05,6.820834486124173e-05,6.818314128290301e-05,6.815093074332648e-05,6.811337494747655e-05,6.806776335759758e-05,6.801299659473971e-05,6.794663580674985e-05,6.786644432610933e-05,6.776974952468146e-05,6.765401777626573e-05,6.751365109379569e-05,6.734484271970074e-05,6.714208944096183e-05,6.6896675204353e-05,6.660130872649429e-05,6.624526790348972e-05,6.581514536676705e-05,6.529562563026636e-05,6.466668293777191e-05,6.390417833941076e-05,6.297659314615244e-05,6.18422109814661e-05,6.044522888624231e-05,5.870270061419612e-05,5.648227104899773e-05,5.3529828855621875e-05,4.8923216234591355e-05,3.900719088489661e-05,3.025916721363609e-05,2.3937858299146008e-05,1.9235113202702195e-05,1.55794128271302e-05,1.253465755245129e-05,9.647713703233952e-06,6.560000512003288e-06,4.389542142864296e-06,2.8882454128016376e-06,1.8489658455468416e-06,1.1297761459826691e-06,6.746838069048736e-07,3.981520913995441e-07,1.9364865191863377e-07,5.070411535929512e-08,0.0,0.0,0.0,0.0,0.0,0.0,0.0,0.0,0.0,0.0,0.0,0.0,0.0
0.6,0.0001,0.0005273437499999701,0.5,0.00026457038363088725,0.00026457035891521043,0.00026457030948385683,0.00026457021062114953,0.0002645701611897959,0.0002645701117584423,0.0002645700376114118,0.00026456988931735097,0.00026456971630761325,0.00026456956801355235,0.0002645694444351682,0.0002645692714254305,0.000264569073700016,0.00026456887597460147,0.0002645685793864797,0.00026456818393565064,0.0002645676896221143,0.00026456704701451707,0.00026456620668150534,0.00026456544049552403,0.00026456457544683543,0.0002645633149473178,0.0002645619061537393,0.0002645603984974535,0.00026455775392003416,0.00026455454088204804,0.00026455127841270833,0.00026454713853684157,0.000264541972960387,0.0002645358929038902,0.00026452853999003737,0.00026452013665991984,0.0002645103739675774,0.0002644985598740592,0.0002644833968063325,0.0002644641803676079,0.0002644443583948012,0.0002644179991254767,0.00026438763591650797,0.0002643484368530774,0.0002642994133081124,0.0002642421470849291,0.0002641751676007571,0.00026409272846073656,0.0002640112779477886,0.00026387918501304423,0.0002637401964044681,0.00026357235224320894,0.0002633688310024656,0.0002631235031943876,0.0002628281632142719,0.0002624685501165956,0.0002620403015844005,0.00026152202619940233,0.00026089786885492334,0.0002601468335835082,0.0002592411523222538,0.00025814796557883295,0.00025683055821533517,0.00025524040100033174,0.00025331733597645193,0.00025099365454705764,0.00024817490575319563,0.00024474926351511077,0.00024056507243985857,0.00023541762493420855,0.00022901652415340825,0.00022090328193467796,0.00021026252809984983,0.00019511166991743217,0.00015842355859950211,0.00012080187437903058,9.430530946979349e-05,7.517532618266798e-05,6.0975453097108855e-05,4.999239949621418e-05,4.096354031414936e-05,3.2817648686344814e-05,2.3629150947723884e-05,1.575960530240175e-05,1.0327865724172901e-05,6.568932584220993e-06,3.983129044352046e-06,2.4414639872620895e-06,1.3159614964040282e-06,4.895186950225035e-07,0.0,0.0,0.0,0.0,0.0,0.0,0.0,0.0,0.0,0.0,0.0,0.0,0.0,0.0
0.7,0.0001,0.00113033448673587,0.5,0.0012082899482355456,0.0012082898346731526,0.0012082897211107598,0.0012082894939859743,0.0012082893804235815,0.0012082884719244388,0.001208288358362046,0.001208287790550082,0.0012082867684885465,0.0012082859735517968,0.0012082837023039404,0.001208282680242405,0.001208281431056084,0.0012082797276201916,0.0012082771156851566,0.001208274276625336,0.0012082713240031226,0.0012082674628817668,0.001208262806823661,0.0012082569015792342,0.0012082503149604506,0.0012082407757194535,0.0012082307254476887,0.0012082191420836209,0.0012082032433486257,0.0012081842784290244,0.0012081598625145677,0.0012081348787881467,0.0012081022296002103,0.0012080648675729718,0.0012080205782397711,0.0012079639673869492,0.0012078945239837385,0.001207816847307048,0.0012077178776817034,0.0012075992617624008,0.0012074575358961585,0.0012072774827223388,0.0012070654617349398,0.0012068132396604815,0.0012065087221041287,0.001206147309788972,0.001205712138699677,0.0012051818591063937,0.0012045510767954625,0.0012037772058695751,0.001202846562060397,0.0012017400101047371,0.0012004009391497735,0.0011987936338229638,0.0011968520008116856,0.0011945055746511925,0.0011916818457536674,0.001188282298743337,0.001184185989671846,0.001179237962654188,0.0011732818990566433,0.0011660772737312147,0.0011573860599025463,0.0011468589396503174,0.0011340895867330094,0.001118560951576103,0.0010995663921902618,0.0010761639085270253,0.0010469826889426361,0.0010098589723854556,0.0009608444783630364,0.0008897299477606591,0.0007673772011408139,0.0006288712829847365,0.000482251104736724,0.00037342301450884747,0.0002960530698414461,0.0002398688709293911,0.00019778809914432324,0.00016483047574902316,0.00013734326637836335,0.00011233625966694131,8.524549660962394e-05,5.6009199264715926e-05,3.603573205274699e-05,2.252748542654118e-05,1.360534247206883e-05,7.059151900223452e-06,2.0190257819866594e-06,0.0,0.0,0.0,0.0,0.0,0.0,0.0,0.0,0.0,0.0,0.0,0.0,0.0,0.0,0.0
0.8,0.0001,0.0029629629629629502,0.5,0.008274247370490779,0.008274245030400678,0.008274242690310575,0.00827423801013037,0.008274231769890096,0.008274223189559721,0.008274214219214327,0.008274205248868934,0.008274190818313303,0.008274176777772688,0.008274164297292141,0.008274144016511253,0.008274118275520125,0.008274086294288724,0.008274048462832067,0.008274002051045034,0.008273965779648444,0.008273899867110556,0.008273819134002021,0.008273745031148774,0.008273625686553546,0.00827349152138767,0.008273359696311895,0.008273181849464104,0.008272965001114605,0.008272703691053158,0.00827238231867908,0.008272029355088618,0.008271564457188253,0.00827102818653976,0.008270352680530169,0.008269562510105556,0.008268623353944415,0.008267452918878142,0.00826607655588285,0.00826441236180495,0.008262382333641021,0.008260003242036804,0.008257102700354742,0.00825365106745354,0.008249464256245134,0.008244449833170473,0.008238442041847295,0.008230978714480358,0.008222193236205502,0.008211566107019971,0.008198719792387227,0.008183149222860144,0.008164552136800483,0.008142144994038918,0.008115107202979503,0.008082407563917066,0.008043025017536879,0.0079954931073747,0.007937975642730096,0.007868425044763372,0.0077839750931139665,0.007681174154880679,0.007555491035595018,0.007400520128616379,0.007207179544256923,0.006961333578237421,0.006638488897469922,0.006185096050093645,0.005542004578587449,0.0048583476451542484,0.004216211320424894,0.0035864716230135855,0.002932096237033089,0.0023719008973482327,0.0018361715897001328,0.00144040580118826,0.0011640103488955106,0.0009635605708046296,0.0008114469138411553,0.0006890009191972993,0.0005820810323685784,0.00047597159674536,0.00036015702743699956,0.00025511350285547434,0.000148953755295052,7.448311788779936e-05,1.801869378932494e-05,0.0,0.0,0.0,0.0,0.0,0.0,0.0,0.0,0.0,0.0,0.0,0.0,0.0,0.0,0.0,0.0,0.0
0.9,0.0001,0.013462603878116338,0.5,0.1705290096284289,0.17052875196201783,0.17052859092051093,0.1705282849416478,0.17052775350467494,0.17052720596355145,0.17052649738092104,0.17052594983979752,0.17052530567376986,0.170523888508509,0.17052251965570023,0.1705206837825214,0.17051860634708219,0.1705164242346635,0.1705136784769706,0.17051037712607886,0.17050608536991957,0.17050147153074646,0.170495335849333,0.1704880165128437,0.1704798678125938,0.1704699234995418,0.1704573703140778,0.17044224851657847,0.17042377705573533,0.17040297854511727,0.17037592357195555,0.17034463320716198,0.17030634558889296,0.170260537332251,0.1702048652833105,0.1701383470888793,0.17005786659579855,0.16996300509615028,0.16984826302247338,0.16970783482844354,0.16953828227788814,0.16933408969919533,0.1690895320667943,0.16879492273404412,0.16843942360752936,0.16801190671912225,0.1674954949188981,0.16687669292857743,0.16612440363317493,0.1652166851273735,0.1641213452139408,0.1627936143539545,0.16118615439645692,0.15923124738779038,0.15684209195572765,0.1539041956409276,0.1502522090761653,0.14563149343070683,0.1396020188910578,0.1311190850456349,0.11957599217336214,0.10729930692463972,0.09539113295619078,0.0843891153909262,0.07401725324221979,0.06379619036058855,0.05524309073060281,0.04803014631286187,0.04192125415407774,0.03672477486102161,0.03227515776458492,0.028425098198392583,0.02505257501265513,0.02204019700090692,0.0192433972023904,0.016503292066383287,0.014134395655890468,0.012003776259029006,0.009949780411157672,0.008036325486371015,0.006490874561111044,0.005151452087722711,0.004377526865866209,0.0036714645350236657,0.0030208246387859014,0.0024311309008400984,0.001914751308917324,0.0014739646003404255,0.001098560743570995,0.0007716867449103838,0.00046390421689453896,0.0002608067204487549,5.094548071254315e-05,0.0,0.0,0.0,0.0,0.0,0.0,0.0,0.0,0.0,0.0,0.0
1.0,0.0001,0.013462603878116338,0.5,0.17052891300352477,0.1705286553371137,0.17052839767070263,0.17052794675448327,0.1705274958382639,0.17052701271374315,0.17052639270394154,0.1705257002254618,0.1705247178722696,0.17052361473794725,0.17052222978098777,0.17052062741799398,0.1705189445342467,0.17051685904673217,0.17051423407016944,0.17051104544833254,0.17050726097292004,0.17050219621752757,0.17049627794214844,0.17048978796941977,0.17048155069634108,0.17047126819612454,0.1704592544997087,0.17044499427427137,0.17042742464586697,0.17040675496845442,0.17038134261866325,0.17035079304480147,0.1703142929872592,0.1702696039690903,0.17021645221973303,0.17015255900186452,0.17007474374572323,0.16998160539019896,0.16986986674062604,0.16973617813366057,0.1695740898569507,0.16937705557324026,0.16914233757691172,0.16885768060928885,0.16851583780256052,0.16810295958713198,0.16760728993299845,0.16700453572884186,0.16628720049251527,0.16540984636284264,0.16435383278539858,0.16307721649970708,0.16152980086806273,0.15964911788993327,0.15735434888507338,0.15453591316010287,0.15104207740720638,0.14664702117331246,0.1410017755650118,0.1334711848269565,0.12267262710152825,0.11017469497853072,0.09879881150288775,0.0884480941040393,0.07905662849320505,0.07056485346905253,0.06289100020644567,0.05596215716312874,0.04968752913750308,0.043975427147606674,0.03871262290992763,0.033716286001665395,0.02881671893490835,0.02446549014712135,0.020950517696442284,0.018016430013280772,0.015558791680402473,0.013466049245967405,0.011650427036631576,0.01003815193807725,0.008551835454156448,0.007069359810175568,0.005472319238175395,0.003920845360556806,0.002401781086204849,0.0010625116022480844,0.00012573315652384404,0.0,0.0,0.0,0.0,0.0,0.0,0.0,0.0,0.0,0.0,0.0,0.0,0.0,0.0,0.0,0.0,0.0
1/0.9,0.0001,0.013462603878116309,0.5,0.17052886469107267,0.1705286553371137,0.17052831714994915,0.17052789844203117,0.17052764077562013,0.17052727038015422,0.17052674699525674,0.17052595789187286,0.17052512852811225,0.17052392876888572,0.17052252770777557,0.17052101391761057,0.17051875933651378,0.17051634371391006,0.17051365432074456,0.17051021608457193,0.1705057552348304,0.17050069853151326,0.1704953036410316,0.17048839496038495,0.17047907870920992,0.17046917465653463,0.1704564040650363,0.17044198279809206,0.1704234710768722,0.17040172242136334,0.17037510226027028,0.170343562281141,0.17030551622513235,0.1702591282190655,0.17020396345087177,0.17013730031908433,0.17005698891958584,0.16995864892338822,0.16984640299306852,0.1697023352609824,0.16953450585455102,0.1693299992449197,0.16908416938461404,0.16878908497941844,0.1684335536446023,0.16800532012148942,0.16748666179224383,0.16686468728423692,0.16610898390888784,0.16519967914424327,0.16410413792892695,0.1627771559119478,0.16116368105416695,0.1592039025399162,0.1568124925267567,0.1538682189682828,0.15021057984662778,0.14558844703590848,0.13960149550616033,0.13147093658201803,0.11949924784324181,0.10663420550108099,0.09493329195203158,0.08412024049098099,0.07405943806495616,0.06435908679178369,0.05519277331176724,0.04766092644995798,0.041341456416731856,0.036010459152949675,0.03148667439050331,0.0276072086451483,0.02424020113102269,0.021271674721607414,0.018577820706386274,0.016002646229686102,0.0134071724710393,0.011110970196767891,0.008866357569236682,0.007071348672785967,0.0056016114120020595,0.004293712813592325,0.0034445248434791242,0.002781565271962366,0.0021850997386507896,0.0016572539914356714,0.0012468880235150062,0.0009043849466082992,0.000599927925710248,0.0003381952165967322,0.0001341556273354957,8.438574962343167e-06,0.0,0.0,0.0,0.0,0.0,0.0,0.0,0.0,0.0,0.0,0.0,0.0
1/0.8,0.0001,0.0029629629629629502,0.5,0.008274250490610917,0.008274246590460745,0.008274244250370643,0.008274243470340609,0.008274240350220473,0.008274234109980199,0.008274221629499652,0.008274214609229346,0.0082742044688389,0.00827419120832832,0.008274177167787704,0.008274156106976783,0.008274125685805449,0.008274089804423878,0.008274058213207494,0.00827401609158565,0.008273961489483258,0.008273900647140592,0.008273837464707823,0.008273753221464134,0.008273651817559692,0.008273523112604052,0.008273379587077766,0.008273209930545334,0.008272994252240887,0.008272739962449746,0.008272412349835395,0.008272051975959609,0.008271597998479723,0.00827105509757594,0.00827039285207693,0.008269600341562213,0.008268656505220866,0.008267496210545039,0.008266122577654866,0.008264468913982425,0.008262485297605532,0.00826006798452964,0.00825718733361345,0.008253704109495864,0.008249494677416466,0.008244425262224396,0.00823838392960975,0.008231037996762955,0.00822218426586011,0.008211563376914852,0.008198717842312141,0.008183243216479261,0.008164604398812772,0.008142118083002739,0.008115179745772682,0.008082438765118433,0.008043117451095927,0.007995575010528288,0.007938100837550581,0.007868593141235735,0.007784198181703739,0.007681492407134621,0.007555901721408008,0.0074010279281686246,0.00720795333405082,0.006962692390556945,0.006641254883971088,0.0061943717772449764,0.005535429315414414,0.004856576196946649,0.004216597825306826,0.003592700942866466,0.002936184374442173,0.002355777676541941,0.0018106696777779989,0.0014264319531411228,0.0011552396911913042,0.0009572949795551597,0.0008062468436183615,0.0006840247175943124,0.0005765900109430392,0.0004675808136677942,0.00035115938099284966,0.0002546938466970909,0.00015381607251305012,7.86843596518385e-05,2.105301062224589e-05,0.0,0.0,0.0,0.0,0.0,0.0,0.0,0.0,0.0,0.0,0.0,0.0,0.0,0.0,0.0,0.0,0.0
1/0.7,0.0001,0.00113033448673587,0.5,0.0012082893804235815,0.0012082891532987957,0.001208289039736403,0.0012082888126116172,0.0012082885854868316,0.0012082882447996533,0.0012082875634252964,0.0012082868820509393,0.0012082862006765824,0.0012082846108030828,0.0012082835887415474,0.0012082823395552266,0.001208280749681727,0.001208278932683442,0.0012082763207484069,0.001208274276625336,0.0012082701883791944,0.0012082649645091246,0.0012082591728270907,0.0012082517912715572,0.0012082458292459342,0.0012082367442545084,0.0012082268643263327,0.001208214713150301,0.0012082001771640196,0.0012081821207435607,0.0012081602032017462,0.0012081332889146473,0.001208100526164318,0.0012080594165781164,0.0012080116635919346,0.0012079582892673083,0.0012078914010179359,0.001207807875878015,0.001207708565565492,0.0012075901767709747,0.00120744532793893,0.0012072706689787696,0.0012070620548631549,0.0012068111955374106,0.0012065092331348963,0.0012061456063530796,0.001205704530019358,0.0012051781683286268,0.0012045408561801084,0.0012038196782044907,0.0012028575776125007,0.0012017518205935905,0.0012003944660933827,0.0011987944287597137,0.0011968483100339188,0.0011944935938187496,0.0011916848551570772,0.00118829348463903,0.001184182526018865,0.0011792461959276676,0.001173275653125038,0.0011660932860286025,0.0011573815174068334,0.0011468639363956014,0.001134097536100507,0.0011185674246324939,0.0010995817231132929,0.001076182930227823,0.0010470218679681598,0.0010099330150655757,0.0009610067590223794,0.0008905418053069454,0.0007672077660507232,0.0006301067282562496,0.00048123574338250036,0.0003727201768596706,0.00029551183147725525,0.00023941178229828155,0.00019736621485498863,0.00016439428259819295,0.0001368447274738737,0.00011162445058873149,8.381529183442061e-05,5.641234575923489e-05,3.636597149107408e-05,2.2792994300959585e-05,1.3799079914223577e-05,7.1991743305732764e-06,2.114418191957344e-06,0.0,0.0,0.0,0.0,0.0,0.0,0.0,0.0,0.0,0.0,0.0,0.0,0.0,0.0,0.0
1/0.6,0.0001,0.0005273437499999701,0.5,0.0002645704330622409,0.0002645704083465641,0.00026457035891521043,0.0002645703341995336,0.00026457030948385683,0.00026457028476818,0.00026457023533682636,0.0002645701117584423,0.000264570012895735,0.00026456986460167414,0.00026456971630761325,0.0002645694938665219,0.0002645692714254305,0.00026456892540595506,0.00026456880182757105,0.0002645682457248427,0.00026456775141130634,0.0002645671335193859,0.0002645662931863742,0.0002645652798436247,0.0002645642912165521,0.0002645627835602663,0.0002645612511883036,0.00026455929864983515,0.0002645570495232449,0.00026455405892635014,0.0002645507223099799,0.00026454674308601253,0.0002645418246663261,0.00026453581875685977,0.00026452862649490623,0.0002645199265766669,0.00026450992908539473,0.00026449778133023953,0.00026448243289493666,0.00026446429158815353,0.000264442171057403,0.0002644156264205023,0.00026438347132496444,0.0002643458293491733,0.0002643001547784169,0.00026424516239750075,0.0002641783064917128,0.0002640969919149874,0.0002640007490694649,0.00026388369562406315,0.0002637377742681401,0.00026357487324224423,0.0002633654325969034,0.00026312302123868966,0.00026282826207697915,0.0002624676356365534,0.0002620396836924801,0.00026152378101245626,0.00026089786885492334,0.0002601477233478736,0.0002592396693816448,0.0002581488924167136,0.0002568292977158175,0.0002552406728727767,0.0002533181021624333,0.0002509940005665331,0.0002481756225078233,0.00024475037572056746,0.000240566629527498,0.00023541976284025315,0.0002290200708530314,0.0002209108078582685,0.0002102775305156773,0.00019517408935923157,0.00015835418169467892,0.00012074789534086391,9.425476591070427e-05,7.512542523117599e-05,6.092730695867081e-05,4.994175707441769e-05,4.0904272121144005e-05,3.272063965484106e-05,2.3764271552878282e-05,1.5806738098090325e-05,1.0362887838221517e-05,6.59401899618948e-06,4.0037913501704254e-06,2.4558979425227756e-06,1.325131012502854e-06,4.962166434397053e-07,0.0,0.0,0.0,0.0,0.0,0.0,0.0,0.0,0.0,0.0,0.0,0.0,0.0,0.0
1/0.5,0.0001,0.00026666666666664,0.5,6.833774618642754e-05,6.83377398681577e-05,6.833773354988787e-05,6.833773354988787e-05,6.833771459507839e-05,6.833769564026892e-05,6.833768300372926e-05,6.833766404891978e-05,6.833762613930083e-05,6.833758822968186e-05,6.833755032006291e-05,6.833749345563446e-05,6.833746186428532e-05,6.833737972677758e-05,6.833728495273017e-05,6.833718386041296e-05,6.83370764498259e-05,6.833695008442936e-05,6.83367921276837e-05,6.833663417093803e-05,6.833644462284323e-05,6.833611607281224e-05,6.83357748862416e-05,6.83354652910201e-05,6.83348776919262e-05,6.833429009283232e-05,6.833346239948502e-05,6.833261575132824e-05,6.833141212092626e-05,6.833001578329456e-05,6.832832880525082e-05,6.832626904928733e-05,6.832385547021352e-05,6.832111650024365e-05,6.831779940858463e-05,6.831391999091103e-05,6.830890012553372e-05,6.830273033504794e-05,6.829576760169891e-05,6.828713368598072e-05,6.827680015567915e-05,6.8264154138621e-05,6.824951470743252e-05,6.823145077399798e-05,6.820964642482603e-05,6.818269584488023e-05,6.815314529690074e-05,6.811382038549934e-05,6.806838886631042e-05,6.801273754567682e-05,6.794688853754292e-05,6.786646959918864e-05,6.776989484488747e-05,6.765392300221833e-05,6.75130887677811e-05,6.734525340723947e-05,6.714226635251698e-05,6.689692793514609e-05,6.660110654185982e-05,6.624565331794914e-05,6.581527489129849e-05,6.529513912348971e-05,6.466683773538266e-05,6.390436788750556e-05,6.297668160193001e-05,6.184259323679062e-05,6.044557007281296e-05,5.8703026005092194e-05,5.648266278172698e-05,5.3529525578670194e-05,4.8890989899340254e-05,3.900580718380456e-05,3.025700636535536e-05,2.3933827242996573e-05,1.9230001722412395e-05,1.5572886054399213e-05,1.252605206894732e-05,9.615294660753139e-06,6.569282050378715e-06,4.396018369436667e-06,2.8926050189820625e-06,1.8518090669688582e-06,1.1319243577237482e-06,6.762633743615495e-07,3.9923251553991037e-07,1.944384356469717e-07,5.130435099283195e-08,0.0,0.0,0.0,0.0,0.0,0.0,0.0,0.0,0.0,0.0,0.0,0.0,0.0
1/0.4,0.0001,0.00013605442176869997,0.5,1.809622616932715e-05,1.8096224524623642e-05,1.8096219590513115e-05,1.809621465640259e-05,1.809621301169908e-05,1.809621301169908e-05,1.8096211366995572e-05,1.8096204788181537e-05,1.8096199854071014e-05,1.8096191630553467e-05,1.8096181762332417e-05,1.8096171894111362e-05,1.809616202589031e-05,1.8096147223558734e-05,1.809612584241312e-05,1.809609952715698e-05,1.8096045251941192e-05,1.809601071316751e-05,1.8095967950876284e-05,1.8095926833288566e-05,1.8095851176927165e-05,1.8095755784123662e-05,1.809566368072717e-05,1.809554197266753e-05,1.8095382436427184e-05,1.8095204808448242e-05,1.809500415462018e-05,1.8094757449093874e-05,1.8094451534241254e-05,1.8094101212393897e-05,1.809365385303953e-05,1.8093161264338672e-05,1.8092516540563258e-05,1.809179369337118e-05,1.809087430410981e-05,1.8089749326909853e-05,1.8088407248846747e-05,1.8086760078282773e-05,1.8084882649227584e-05,1.8082570196094338e-05,1.8079717457858478e-05,1.8076448609634918e-05,1.807237385669209e-05,1.8067417542668597e-05,1.8061559108770575e-05,1.8054419450839266e-05,1.8045800382101874e-05,1.8035140236310173e-05,1.80232671216808e-05,1.8008209861058565e-05,1.799008358368908e-05,1.7968465600770603e-05,1.794216679166634e-05,1.7910695390027184e-05,1.7872892702231253e-05,1.782702438842861e-05,1.7772006589007018e-05,1.7705348400502534e-05,1.7625437191124867e-05,1.7528617607325916e-05,1.741211996839701e-05,1.7271135983630438e-05,1.7100413292371137e-05,1.6893535906231632e-05,1.664166930031489e-05,1.6333573570842386e-05,1.5953468609999815e-05,1.5478460967297695e-05,1.486985488093486e-05,1.4047096884813497e-05,1.2751452091164494e-05,1.095062674659434e-05,8.500074438536598e-06,6.726692616712767e-06,5.381830070565635e-06,4.3011381572839005e-06,3.3345294581802862e-06,2.314387304571689e-06,1.561491379389777e-06,1.0413045536551613e-06,6.813266520004215e-07,4.322264373853273e-07,2.599996647673115e-07,1.5050352867498175e-07,8.966594588782025e-08,4.466685788953047e-08,1.5165811053809575e-08,0.0,0.0,0.0,0.0,0.0,0.0,0.0,0.0,0.0,0.0,0.0,0.0,0.0
1/0.3,0.0001,6.520951575894e-05,0.5,4.288062934859195e-06,4.28806180123495e-06,4.288061423360203e-06,4.28806028973596e-06,4.2880597229238375e-06,4.288058967174342e-06,4.288057644612724e-06,4.288055944176359e-06,4.2880534879904975e-06,4.288048953493522e-06,4.288046308370287e-06,4.288043474309678e-06,4.288040262374322e-06,4.288032893816737e-06,4.288025714196527e-06,4.288018723513691e-06,4.288008331958124e-06,4.287999074026801e-06,4.287985659473251e-06,4.287969788733839e-06,4.287950706059071e-06,4.2879259552630845e-06,4.28789799253174e-06,4.287865684240795e-06,4.287819583521552e-06,4.287771404491197e-06,4.287710188782038e-06,4.287644816450653e-06,4.287557338446516e-06,4.287463247634291e-06,4.287340627278601e-06,4.287194956563289e-06,4.287011687310562e-06,4.286800077451742e-06,4.286542366873681e-06,4.286227786146061e-06,4.2858510450224134e-06,4.285397784262318e-06,4.284862335744556e-06,4.284200865998373e-06,4.283408084777296e-06,4.282465476218682e-06,4.281318815296206e-06,4.279920678729008e-06,4.278258029838288e-06,4.276250381302742e-06,4.273874115950628e-06,4.2708889054422875e-06,4.267479908404187e-06,4.263272650961166e-06,4.258112771278712e-06,4.252058651005373e-06,4.244703319037671e-06,4.235793599294518e-06,4.225105600987789e-06,4.212229707890771e-06,4.196659945716036e-06,4.177970827497458e-06,4.155358046834153e-06,4.128087015216219e-06,4.095130102266766e-06,4.055274141107689e-06,4.0068971043836655e-06,3.948101682985534e-06,3.8761885286517336e-06,3.787589936950049e-06,3.677031910024163e-06,3.5357917761311287e-06,3.344833905908553e-06,3.0831639562383497e-06,2.7591212449317286e-06,2.2767029135394503e-06,1.7910968307739624e-06,1.4228386173418436e-06,1.1248647291427402e-06,8.455427384995469e-07,5.795189159841406e-07,3.922179286342824e-07,2.627159069723667e-07,1.7304981910788938e-07,1.1094931622732741e-07,6.813459579226265e-08,3.8470672333307507e-08,2.2380009818604337e-08,1.2468166244044158e-08,6.107967424913391e-09,2.001791476953643e-09,0.0,0.0,0.0,0.0,0.0,0.0,0.0,0.0,0.0,0.0,0.0,0.0,0.0
1/0.2,0.0001,2.6041666666666672e-05,0.5,7.29599971358668e-07,7.295999111015296e-07,7.295997303301139e-07,7.295994893015597e-07,7.29599188015867e-07,7.295987662158972e-07,7.295987059587587e-07,7.295982239016504e-07,7.295975610731264e-07,7.295970790160181e-07,7.2959617515894e-07,7.295953315590003e-07,7.295938251305368e-07,7.295918969021035e-07,7.295899084165316e-07,7.295879199309598e-07,7.29585389131141e-07,7.295832198741535e-07,7.295808095886119e-07,7.295757479889744e-07,7.295716505035536e-07,7.295652029897297e-07,7.295581529045203e-07,7.29548993819462e-07,7.295379065059704e-07,7.29526276878232e-07,7.295112728507351e-07,7.294931957091727e-07,7.294714428821593e-07,7.294431822841834e-07,7.294125415292351e-07,7.293762366032639e-07,7.293324296635443e-07,7.2928097006723e-07,7.292202308715802e-07,7.291446081627108e-07,7.290543128406065e-07,7.289378659203753e-07,7.288087348724811e-07,7.286496258981626e-07,7.284587614118327e-07,7.282251444857077e-07,7.279512155338985e-07,7.276208256432762e-07,7.272247554716436e-07,7.267254045645512e-07,7.261436218919339e-07,7.25430840200128e-07,7.245785029754599e-07,7.235423212211022e-07,7.223054229382632e-07,7.208162280163513e-07,7.190212883734804e-07,7.16856671185658e-07,7.142462716869066e-07,7.110986797980586e-07,7.07298021041699e-07,7.027160079698733e-07,6.971830167375873e-07,6.904896236598405e-07,6.82368377427217e-07,6.724992825054927e-07,6.60444962454565e-07,6.456071844029949e-07,6.271186974843255e-07,6.035758719133736e-07,5.726269318300074e-07,5.335934119828202e-07,4.866848866996588e-07,4.26570105648074e-07,3.3919797784872266e-07,2.6807213871434637e-07,2.1064425359889134e-07,1.5655142033028657e-07,1.0753555226948652e-07,7.326376240982473e-08,4.959698790489322e-08,3.321976047786768e-08,2.1867195062392932e-08,1.3939283858779485e-08,8.398278427067531e-09,4.472525851096047e-09,2.516036819795692e-09,1.630136368960193e-09,9.20909848328046e-10,3.6762880224101346e-10,0.0,0.0,0.0,0.0,0.0,0.0,0.0,0.0,0.0,0.0,0.0,0.0,0.0,0.0
0.2,0.0003,7.812499999997998e-05,0.5,6.566396488343044e-06,6.566396488343044e-06,6.566395946028796e-06,6.566393234457562e-06,6.566392149829069e-06,6.5663867266866e-06,6.566382930486872e-06,6.56637804965865e-06,6.566372084201935e-06,6.566366118745218e-06,6.566357984031516e-06,6.5663471377465786e-06,6.5663297836906786e-06,6.5663124296347786e-06,6.566297244835866e-06,6.5662750099517444e-06,6.566249521182142e-06,6.566208847613626e-06,6.566161123959901e-06,6.56612316196262e-06,6.566072726737661e-06,6.566018495312974e-06,6.565958840745818e-06,6.565895389978934e-06,6.56582651606958e-06,6.565741915047069e-06,6.565618267398782e-06,6.565464792466917e-06,6.5653061655497065e-06,6.565113643992067e-06,6.564815913470533e-06,6.5644970326933725e-06,6.564135037933586e-06,6.563660512967572e-06,6.563081863666159e-06,6.5623654665460406e-06,6.561524608306264e-06,6.5606238243422085e-06,6.559387076702216e-06,6.55793069179224e-06,6.5562552119265275e-06,6.554153473062773e-06,6.551547110792303e-06,6.548506897124336e-06,6.545146989207837e-06,6.54037082763563e-06,6.53525029651666e-06,6.528934504797582e-06,6.521255877376114e-06,6.511900956617563e-06,6.500821205396833e-06,6.487411401014416e-06,6.4712100340462215e-06,6.451643878333308e-06,6.428186075584836e-06,6.3998875758687795e-06,6.365719609058822e-06,6.324472272070191e-06,6.274667487423033e-06,6.214392241611508e-06,6.141340343300789e-06,6.052551027860075e-06,5.944075434100766e-06,5.810580986033361e-06,5.644377125322963e-06,5.432881890285005e-06,5.152468276125989e-06,4.7995884630428784e-06,4.377073331404345e-06,3.835456229496157e-06,3.0478917530746923e-06,2.4090379778593816e-06,1.8927878960057806e-06,1.4060966521779679e-06,9.657141642048482e-07,6.579155786786337e-07,4.453224284478817e-07,2.982750050368856e-07,1.9632968828129143e-07,1.2513358932337037e-07,7.536432625938344e-08,4.009491921402765e-08,2.260528475238817e-08,1.464140003706489e-08,8.271376893300012e-09,3.2978129352319284e-09,0.0,0.0,0.0,0.0,0.0,0.0,0.0,0.0,0.0,0.0,0.0,0.0,0.0,0.0
0.3,0.0003,0.00019562854727688,0.5,3.8592559611987296e-05,3.859255621111456e-05,3.859255621111456e-05,3.859255281024183e-05,3.859254600849637e-05,3.859254260762364e-05,3.8592525603259984e-05,3.859250859889633e-05,3.859247799104175e-05,3.8592467788423556e-05,3.85924065727144e-05,3.8592375964859816e-05,3.8592328352641584e-05,3.859228414129608e-05,3.8592233128205114e-05,3.859215150725957e-05,3.859208348980495e-05,3.859196105838663e-05,3.859184542871378e-05,3.859174000165912e-05,3.8591590363258954e-05,3.859135570304051e-05,3.85910802323493e-05,3.8590797959912625e-05,3.859043746740314e-05,3.8590008957439027e-05,3.858953623612942e-05,3.858889687205599e-05,3.8588141878309696e-05,3.8587123316926754e-05,3.858603503765283e-05,3.858486513743336e-05,3.858334154644986e-05,3.858150847604784e-05,3.857921458739077e-05,3.857640206564221e-05,3.857301139552939e-05,3.856900346701588e-05,3.8564371478356226e-05,3.85582890174768e-05,3.8550791793541264e-05,3.8542277708659154e-05,3.8531736703629355e-05,3.851915177408821e-05,3.8504334171599154e-05,3.848644558103398e-05,3.84651510164287e-05,3.843822800745357e-05,3.840703010145555e-05,3.836882129632253e-05,3.832322069430864e-05,3.8268174168284335e-05,3.820196767839319e-05,3.812208627925061e-05,3.802557801332606e-05,3.790974258767113e-05,3.7769667441625836e-05,3.7600967149803555e-05,3.7397816017216026e-05,3.7151912513526835e-05,3.6855327503963604e-05,3.6496181740076883e-05,3.606077820694248e-05,3.553107867559507e-05,3.4883671538154286e-05,3.408605465392978e-05,3.309087087014208e-05,3.181977428168667e-05,3.0111401979658416e-05,2.772852778714135e-05,2.4807587916358553e-05,2.0483038151592478e-05,1.610404381527549e-05,1.2793969284863833e-05,1.0115649375148428e-05,7.608321945476018e-06,5.203151631334379e-06,3.5209541462804337e-06,2.358481432853821e-06,1.5531292636026084e-06,9.95632698988193e-07,6.112983712191647e-07,3.4479748183454576e-07,2.0071270683938673e-07,1.1171356790493738e-07,5.470813918756641e-08,1.7823973983280115e-08,0.0,0.0,0.0,0.0,0.0,0.0,0.0,0.0,0.0,0.0,0.0,0.0,0.0
0.4,0.0003,0.0004081632653061,0.5,0.0001628661095356048,0.0001628661095356048,0.00016286607993094165,0.0001628660651286101,0.0001628660355239469,0.00016286596151228903,0.0001628659023029627,0.00016286587269829958,0.00016286579868664166,0.00016286569507032063,0.00016286560625633115,0.0001628654286283522,0.000162865295407368,0.00016286510297705748,0.00016286489574441539,0.00016286464410477855,0.00016286439246514172,0.00016286402240685226,0.0001628636523485628,0.0001628631786739523,0.0001628626161853523,0.0001628618020571155,0.00016286113595219447,0.00016286007018432083,0.0001628587971838051,0.000162857080113342,0.00016285493377526312,0.000162852550599879,0.00016285020443032385,0.00016284684430105555,0.00016284293648551886,0.00016283839216972427,0.00016283281169071924,0.00016282615064150895,0.00016281773551600666,0.00016280761072120703,0.00016279532478599698,0.000162780929518537,0.00016276365519758503,0.0001627421548109674,0.00016271658378316575,0.0001626858615439748,0.00016264868548821572,0.0001626047965750858,0.00016255286259474303,0.00016248984906921385,0.00016241162614798787,0.00016231781637160984,0.00016220854555989823,0.00016207526536636644,0.00016191021936926743,0.00016171402926652752,0.0001614790866597154,0.00016119619930092088,0.00016085365114469968,0.000160440762308818,0.00015994586115482628,0.00015934743249377534,0.00015862501950342383,0.00015775507167423055,0.0001567035732482284,0.00015543533908325552,0.00015389802073368497,0.00015203405193200845,0.000149766083094563,0.0001469908013480974,0.00014356770296126953,0.00013928906681503998,0.00013380726755345614,0.00012640168326828746,0.00011463211999417406,9.825240755580159e-05,7.646119212851102e-05,6.0512952853316905e-05,4.8420868977607855e-05,3.8704204064271734e-05,3.0036032703627348e-05,2.0769728728563587e-05,1.4009503896715147e-05,9.340063993318855e-06,6.110491289546809e-06,3.87570927950013e-06,2.3298129787799115e-06,1.3477818948751134e-06,8.023307785432037e-07,3.989080337058981e-07,1.3418313575806028e-07,0.0,0.0,0.0,0.0,0.0,0.0,0.0,0.0,0.0,0.0,0.0,0.0,0.0
0.5,0.0003,0.0007999999999999799,0.5,0.0006150396588134243,0.0006150396019489959,0.0006150394882201391,0.0006150393744912821,0.0006150392607624253,0.0006150391470335683,0.0006150391470335683,0.0006150389764402831,0.0006150386921181408,0.0006150383509315702,0.0006150378391517142,0.0006150374411007152,0.0006150369293208592,0.0006150362469477179,0.0006150353371168628,0.0006150343704215793,0.0006150330625397252,0.0006150317546578712,0.0006150302193183032,0.0006150283996565932,0.0006150270349103106,0.0006150240779600317,0.0006150215759251804,0.0006150179934661886,0.0006150134443119134,0.0006150078147334978,0.000615000877273228,0.0006149926319311042,0.0006149824247661991,0.0006149704832362267,0.0006149554710271185,0.0006149378999187303,0.0006149164620292084,0.0006148912426551951,0.0006148619006101199,0.0006148264172067731,0.0006147823188425176,0.000614728780983141,0.0006146662301118567,0.0006145902876676747,0.000614496717250676,0.0006143859737762885,0.0006142493854191749,0.000614083455016986,0.0006138842589241594,0.0006136460254012087,0.0006133628121153616,0.0006130171616870871,0.0006126126565753768,0.0006121060229501876,0.0006115151731064783,0.0006108004441054118,0.0006099256417382858,0.0006088737066765681,0.0006076156949261826,0.0006060982392210382,0.0006042659536078339,0.0006020603245897045,0.0005993964820072029,0.0005961910057438072,0.0005923146713858867,0.0005876361789681726,0.0005819725103277299,0.0005751063296190594,0.0005667449556289788,0.0005565283796610325,0.0005439364627882766,0.0005282354548583314,0.0005082113571884242,0.0004815597388160105,0.00043839807385801687,0.0003516971072727573,0.0002724452102198958,0.00021548178080964974,0.00017314024307083675,0.0001402375180799775,0.00011284495620498636,8.700513441298691e-05,5.8916210747315476e-05,3.9399599669024e-05,2.5909423852410413e-05,1.657876724735019e-05,1.0123631059660646e-05,6.039798402361363e-06,3.5610779666473157e-06,1.7277687937310305e-06,4.421209311235769e-07,0.0,0.0,0.0,0.0,0.0,0.0,0.0,0.0,0.0,0.0,0.0,0.0,0.0
0.6,0.0003,0.0015820312499999697,0.5,0.0023811325629136105,0.0023811323404725193,0.0023811321180314277,0.0023811318955903366,0.0023811312282670622,0.0023811301160616056,0.0023811298936205144,0.0023811285589739662,0.002381128336532875,0.002381126557004144,0.0023811254447986875,0.0023811236652699565,0.0023811212184179516,0.002381120106212495,0.002381117436919399,0.00238111432274412,0.0023811074270702884,0.0023811000865142738,0.0023810938581637162,0.002381084738078971,0.002381075840435317,0.002381063383734202,0.0023810491475043556,0.0023810315746581392,0.002381008885666822,0.0023809866415576875,0.0023809532753939857,0.0023809156828495477,0.002380872862939464,0.0023808235922377304,0.002380760863849971,0.0023806794504105384,0.0023805875822398123,0.0023804743597243172,0.0023803378921147763,0.0023801733969277257,0.002379976314120793,0.0023797390806968724,0.0023794515755863077,0.002379111908039822,0.002378699835918103,0.002378190557039466,0.0023775868519175522,0.0023768699242801435,0.002376001514259528,0.0023749197832323115,0.0023736379664434292,0.002372119249892263,0.002370297457354138,0.0023681162000123972,0.0023654285555262068,0.002362222289635543,0.0023583286807726195,0.0023536504109599723,0.0023480446730169574,0.002341273343755288,0.002333103527352325,0.0023232528348426052,0.002311377594739998,0.0022970499416052987,0.0022797228927948876,0.0022587698317544425,0.002233369950856896,0.002202492346864404,0.002164759219657168,0.002118328423337205,0.002060574152041719,0.001987290155953899,0.0018909374616058404,0.0017517987794400719,0.0014340416804520483,0.0010917099570153725,0.0008508996803458209,0.0006776552178493987,0.0005493769995275161,0.0004503061862637527,0.00036895814451190533,0.00029556259421677526,0.00021320088841166322,0.00014176882562984597,9.271077757999322e-05,5.88525741840079e-05,3.561637778198555e-05,2.178076434134427e-05,1.1697954552804455e-05,4.304235117548655e-06,0.0,0.0,0.0,0.0,0.0,0.0,0.0,0.0,0.0,0.0,0.0,0.0,0.0,0.0
0.7,0.0003,0.0033910034602076104,0.5,0.010874608512058417,0.010874607489996881,0.010874604423812276,0.010874600335566134,0.010874596247319993,0.010874593181135386,0.01087459011495078,0.010874579894335427,0.010874570695781608,0.01087456354135086,0.010874549232489365,0.010874542078058618,0.010874529813320192,0.010874513460335624,0.01087449915147413,0.010874479732304957,0.010874433228505096,0.01087439030192061,0.010874353507705334,0.010874304448751636,0.010874238014751835,0.010874147051275184,0.010874042800998573,0.010873933440414285,0.010873812837153109,0.010873628866076738,0.01087342343170812,0.010873162806016594,0.010872872029509774,0.010872517374156988,0.010872113148819739,0.010871604162175108,0.010871011366484577,0.01087028416970214,0.010869392421012503,0.010868332543200293,0.010867013061758092,0.010865463616470424,0.010863561559953045,0.01086135390703658,0.01085863420129088,0.010855308413054689,0.010851398005620247,0.010846617312788413,0.0108408411320211,0.01083383081194979,0.010825416690359605,0.010815384645358887,0.01080338973117943,0.010788690953208072,0.010771743639858833,0.010750121417046675,0.010724541771969447,0.0106938426206614,0.010656927802125814,0.010612159973782983,0.010558313172821191,0.010493277353200606,0.010414684909374472,0.010319546311351747,0.010204180604512681,0.010063719198733402,0.009891876415571193,0.009680020434328836,0.00941539694910607,0.009077689931732975,0.008627399259020178,0.007900866305550184,0.006886543820096043,0.005604380399705694,0.0044745608725051894,0.003421426622305761,0.002692174474120835,0.002171251172819601,0.0017851030379454483,0.0014844575049382694,0.0012340657155651825,0.0010033874490868947,0.0007597443320320555,0.0005225534894501975,0.0003305214137484618,0.00020399428391205967,0.00012194829415780927,6.258082781255374e-05,1.726977376365704e-05,0.0,0.0,0.0,0.0,0.0,0.0,0.0,0.0,0.0,0.0,0.0,0.0,0.0,0.0,0.0
0.8,0.0003,0.00888888888888888,0.5,0.07446817719252496,0.07446814209117343,0.07446812805063283,0.0744681069898219,0.07446806486820005,0.07446802976684852,0.07446797711482121,0.07446790691211813,0.07446775246617136,0.07446766822292768,0.07446757695941368,0.07446735933103414,0.07446711362157338,0.07446687493238292,0.07446653093913785,0.07446615535467639,0.07446568499656579,0.07446520059791457,0.07446460036480329,0.07446371581074454,0.07446272244249602,0.07446161674992259,0.0744604233039703,0.07445885076342142,0.07445686402692438,0.07445439640191129,0.07445151458095005,0.07444813432079697,0.07444414329712715,0.0744390676416948,0.07443313200314979,0.07442582390175964,0.07441714684765954,0.07440672525638801,0.07439415897253754,0.07437896359745688,0.07436066175276516,0.07433867777629713,0.07431223241804867,0.0742797145259842,0.07424129258659108,0.07419496582283171,0.07413901777861584,0.07407171444717757,0.07399106909201983,0.07389372953407078,0.07377520631046876,0.07363322134349899,0.0734620390723202,0.07325647853744544,0.07300760293477321,0.07270826562913048,0.07234687966437464,0.07191033117557123,0.07138246652074266,0.0707431445443766,0.0699668290132294,0.06902019821428639,0.06786017225880542,0.0664240706633457,0.06462035612336738,0.062292164208983855,0.05907517097231559,0.05423288687567002,0.04897373912816335,0.04286021395382493,0.036348460436156756,0.030835224535274534,0.026167752189556744,0.022163846323712072,0.01865503449090044,0.015462812278012293,0.012249588926499176,0.0090117419768824,0.007246000078997501,0.005888722078550727,0.004757935548900614,0.0038854949665675753,0.0031646571215256302,0.0025716443582431765,0.0019914541186774252,0.001314201621839775,0.00031280218409257885,0.0,0.0,0.0,0.0,0.0,0.0,0.0,0.0,0.0,0.0,0.0,0.0,0.0,0.0,0.0,0.0,0.0
0.9,0.0003,0.04038781163434901,0.5,1.5347583328460916,1.534755941379714,1.534752752757877,1.5347489843866151,1.534744853671963,1.5347402156765637,1.5347339833702462,1.5347259393469759,1.5347153589199714,1.5347031117133705,1.5346912268501602,1.5346726748685637,1.5346537605435764,1.5346283965062375,1.5345999887844177,1.534563899382718,1.5345189688022887,1.5344671536974388,1.5344040334788036,1.5343283037101767,1.534236413426331,1.534126188566923,1.533996252227069,1.5338318207964332,1.5336394889247247,1.5334073717487329,1.5331276426512217,1.5327987073212725,1.5323995498422331,1.5319024147103868,1.5313241146590553,1.5306176899848218,1.529764081425344,1.528747635746149,1.5275031311369363,1.5260250599781695,1.5242347212854193,1.5220786331742393,1.5194865734955392,1.5163503465128978,1.5125574083692084,1.5080656547624873,1.5025517304510003,1.4958441020736573,1.4877939914342944,1.4781080453239153,1.466278040902923,1.4519699700339,1.4345585729620989,1.4132387226736978,1.3868778061984888,1.3537696209790095,1.310923819481658,1.2495696625319275,1.1334496935656384,1.000058626888372,0.8699716971209317,0.7613367280420902,0.6664892148487168,0.5823623555518016,0.5062482855250219,0.43535246760303303,0.36957583710285663,0.3152353437581354,0.2693725987223143,0.23060758095811193,0.19781209808468483,0.1700059387618938,0.1463538290058231,0.12610767465232542,0.10852249769041218,0.0929438334880564,0.07888621437058764,0.06510912150608936,0.05300714213614362,0.04204263113783953,0.03423760956785045,0.028144080768826,0.022809661373021876,0.017488648682668417,0.01197276771687253,0.007399414378597749,0.004593499630789842,0.0016061957816682875,0.0,0.0,0.0,0.0,0.0,0.0,0.0,0.0,0.0,0.0,0.0,0.0,0.0,0.0,0.0,0.0
1.0,0.0003,0.04038781163434901,0.5,1.5347571733472418,1.5347538397880487,1.534750796103568,1.5347472451383406,1.534742244799551,1.5347365922426581,1.5347304324050186,1.5347209390081862,1.534709923769113,1.5346984012492935,1.534682603077465,1.534661804566847,1.534640353838126,1.534615279675499,1.5345823064269584,1.5345453474011213,1.5345046924727006,1.5344545441474473,1.5343929457710523,1.5343185929073098,1.534240254266271,1.534141624395361,1.5340147317399873,1.5338605908616436,1.5336707229249908,1.5334609985705356,1.5331956182712905,1.5328825535818478,1.5324900632211949,1.53202778552352,1.5314359338293815,1.5307744397355776,1.5299422094361426,1.5289676506528962,1.527787063417778,1.5263449367233546,1.524635473075377,1.52255910051012,1.52006451120348,1.5170450312612769,1.5134242062281027,1.5090574610911245,1.5037849299464277,1.497418701511669,1.4897437612188902,1.4802726122704346,1.468931554020662,1.4551992467992365,1.4384836939746641,1.4180662961347885,1.3929098090897964,1.3614818101723376,1.3212674913145788,1.267134258389257,1.1567959855000773,1.0266407177691779,0.8998369814635894,0.7653131568787587,0.6534139086630525,0.5594393531662131,0.4799610696954526,0.4125141086334789,0.3550012264357388,0.30561121343018577,0.26235654365092764,0.22348622889742886,0.1905210968485422,0.1616539236095174,0.13552802305742487,0.11103295763755858,0.09115661094846503,0.0744039541606993,0.060262053970586586,0.04807630080874369,0.037710743435033015,0.02865744888456946,0.020542478778296538,0.013056754204067723,0.0055845812726458026,0.001029634978611398,0.0,0.0,0.0,0.0,0.0,0.0,0.0,0.0,0.0,0.0,0.0,0.0,0.0,0.0,0.0,0.0,0.0,0.0,0.0,0.0
1/0.9,0.0003,0.04038781163434896,0.5,1.5347576081593106,1.5347553616302891,1.5347515932590274,1.534747535013053,1.534743621704435,1.5347368096486926,1.5347299251242719,1.5347206491334735,1.5347101411751474,1.53469622718895,1.5346801391424092,1.5346628191283405,1.5346431076478941,1.5346173087984862,1.5345862197355764,1.5345489708350268,1.5345026633497134,1.5344506308388293,1.5343878729635845,1.5343106938213955,1.534214455416863,1.5341013318103307,1.5339652356328368,1.5337963111441586,1.5335978919034885,1.5333552667691706,1.533066261680861,1.5327158031535126,1.5323001952845419,1.531796900315056,1.5311999033447716,1.5304683320392338,1.5296050126768888,1.5285052280178653,1.5272378233063693,1.5256798916643235,1.5238112867992126,1.5216099782328907,1.518958494238139,1.5157002300015576,1.511765832998194,1.5070188447071635,1.5013187483616077,1.4944406736533458,1.4861290235546776,1.4760631241649587,1.4639122284372876,1.4490377423801435,1.4309131810470446,1.4086317438687792,1.3809362442174649,1.3457387870080244,1.2878310954519316,1.18997772642784,1.0872625787265893,0.9618662566186086,0.8460200018495472,0.7420383190609376,0.6487095319547517,0.56444744610448,0.4855813055577294,0.4166272858657443,0.35864234269878437,0.3086755514841401,0.26476851866452017,0.22379820655669985,0.18810412149615993,0.15831420457873852,0.13305155092031284,0.11119927325382499,0.09154185444130696,0.07505965076025418,0.060993987619515015,0.04862742510578337,0.03870479629269156,0.029794337506786218,0.021791331508195906,0.017429441772651138,0.013749627235493932,0.01083885031045836,0.008255414404453452,0.005821119038002475,0.0037394562592431555,0.002425888999790016,0.0011911676621224347,0.0,0.0,0.0,0.0,0.0,0.0,0.0,0.0,0.0,0.0,0.0,0.0,0.0,0.0,0.0
1/0.8,0.0003,0.00888888888888888,0.5,0.07446821229387651,0.07446819123306558,0.07446816315198436,0.07446814209117343,0.07446807890874067,0.07446804380738913,0.07446798764522666,0.07446791042225329,0.07446776299657683,0.07446764365198161,0.07446746814522391,0.07446732773981776,0.07446711713170853,0.07446686440197746,0.07446661167224639,0.07446618343575763,0.07446573413845795,0.07446515145602242,0.07446454771277598,0.07446378952358276,0.07446300325330832,0.07446181682762636,0.07446041979383515,0.07445881917220504,0.07445672713165338,0.07445429460799183,0.0744516620066265,0.0744482010133649,0.07444410468564044,0.07443888160453165,0.0744331390234201,0.07442599238824703,0.07441709068549708,0.07440688321246992,0.07439418003334845,0.07437914612448489,0.07436096362438839,0.07433908495197497,0.07431232719169782,0.07428040602260949,0.07424176645483685,0.07419511324850815,0.07413920732591414,0.07407213215326088,0.07399154296026558,0.07389379271650355,0.07377632955371798,0.0736347236813448,0.07346419780543975,0.07325833890907692,0.07301140441114475,0.07271185298725763,0.07235055477588063,0.07191530152694897,0.07138876370320851,0.07075090545320156,0.06997735590855553,0.06903385264003453,0.06787828806633399,0.06645010884591633,0.06466152649858589,0.06236783219249356,0.05928112464232758,0.054572046664632216,0.04904888410153515,0.042760845537757004,0.03636115659500792,0.03069894353792962,0.025908995556426676,0.02179439757850804,0.01816629731263087,0.01477481525746897,0.01105444406880479,0.00872309654291803,0.007149285325105825,0.005912931480706242,0.004730230052131949,0.0037816511281786027,0.0030194217694034654,0.002420957766227216,0.0018592624287866503,0.001239899080904886,0.000363604370173014,0.0,0.0,0.0,0.0,0.0,0.0,0.0,0.0,0.0,0.0,0.0,0.0,0.0,0.0,0.0,0.0,0.0
1/0.7,0.0003,0.0033910034602076104,0.5,0.01087461260030456,0.01087461055618149,0.010874607489996881,0.01087460340175074,0.010874598291443063,0.010874595225258459,0.010874587048766175,0.010874574784027749,0.010874569673720072,0.010874564563412396,0.010874556386920113,0.010874546166304759,0.010874520614766374,0.010874506305904877,0.01087447666612035,0.010874444982212754,0.010874416364489763,0.010874376504089883,0.010874320290705435,0.010874271231751735,0.0108742037756904,0.010874117922521425,0.01087402798110631,0.010873903289598991,0.010873769399537854,0.010873578785061502,0.010873398902231272,0.010873148497155097,0.010872873051571308,0.010872523506526201,0.010872095773773637,0.01087154386054452,0.010870922447130997,0.010870190140040883,0.01086932189876656,0.010868222671585237,0.010866954293219806,0.010865407403085978,0.010863503302445527,0.010861209796360089,0.010858441542691458,0.010855199563501169,0.010851247762574543,0.010846486999942648,0.01084076498843671,0.010833837455349769,0.010825488234667084,0.010815443413897173,0.01080334731562571,0.010788789071115471,0.010771148800045231,0.010749647180494247,0.01072452286383104,0.010693874304568996,0.01065671981260336,0.010612082297106293,0.01055819103646771,0.010493164415400946,0.01041463891660538,0.010319401689644486,0.010204049780636151,0.010063594507226083,0.009891798227863735,0.009679962687852085,0.009415593695951633,0.009078627673191706,0.008631252431008636,0.007936157579336784,0.006865503150297526,0.005591895918050781,0.004432239348447339,0.003392210993316347,0.0026743221252820003,0.00215875953673394,0.0017750990996369513,0.001475323340996398,0.0012245186387630095,0.0009908896806320212,0.0007429324418362578,0.0005247846497819763,0.0003348886826892268,0.0002091444519889412,0.00012632884989853448,6.596282943319298e-05,1.962664766428988e-05,0.0,0.0,0.0,0.0,0.0,0.0,0.0,0.0,0.0,0.0,0.0,0.0,0.0,0.0,0.0
1/0.6,0.0003,0.0015820312499999697,0.5,0.0023811318955903366,0.0023811312282670622,0.0023811305609437883,0.0023811296711794233,0.0023811294487383317,0.0023811294487383317,0.002381128781415058,0.002381127669209601,0.002381127001886327,0.0023811249999165047,0.0023811241101521392,0.0023811212184179516,0.002381120106212495,0.0023811185491248556,0.00238111432274412,0.0023811114310099326,0.002381106537305923,0.002381100753837548,0.0023810929683993507,0.002381086517607702,0.002381075840435317,0.0023810644959396587,0.0023810475904167162,0.0023810306848937738,0.002381008885666822,0.002380985084470048,0.0023809543875994424,0.002380916350172822,0.0023808737527038293,0.0023808201444008147,0.0023807559701459614,0.00238067811576399,0.0023805851353878075,0.002380468576255942,0.0023803354452627714,0.002380172284722269,0.0023799740897098793,0.002379735076757228,0.002379449128734303,0.0023791010084263458,0.002378685154806074,0.00237817887888217,0.0023775720595849777,0.0023768463455244608,0.0023759762671956603,0.0023749204505555854,0.00237365876468547,0.0023721317065933784,0.002370295010502133,0.0023680814992021472,0.0023654165437072745,0.0023621919264265744,0.0023583471433832014,0.002353641958198501,0.00234800552338488,0.0023412571055556196,0.0023330772793035462,0.00232323292636493,0.0023113579087034137,0.0022970058982692125,0.002279688191984638,0.002258724231330717,0.002233317232318247,0.0022024189413042596,0.0021646718003082693,0.002118248900647049,0.0020604605958645865,0.0019871993999886297,0.0018909020934723163,0.0017524976893490813,0.0014318815550139854,0.0010906954031977426,0.0008498279591677151,0.0006765783805261919,0.000548275693684261,0.00044913414415344966,0.00036759813967941475,0.0002934431754984288,0.00021374053049926908,0.0001426052041333076,9.344839223889715e-05,5.9449828514272406e-05,3.610752771167792e-05,2.2147569700974126e-05,1.1956208659857375e-05,4.477516727707332e-06,0.0,0.0,0.0,0.0,0.0,0.0,0.0,0.0,0.0,0.0,0.0,0.0,0.0,0.0
1/0.5,0.0003,0.0007999999999999799,0.5,0.0006150396588134243,0.0006150395450845675,0.0006150394313557105,0.0006150394313557105,0.0006150393176268537,0.0006150392607624253,0.0006150390901691399,0.0006150389195758546,0.0006150386921181408,0.0006150381234738565,0.0006150378391517142,0.0006150372705074299,0.0006150368155920024,0.0006150364744054316,0.0006150358488967189,0.0006150352802524344,0.0006150345410148647,0.0006150333468618675,0.0006150316977934426,0.0006150298781317326,0.0006150282290633078,0.0006150252721130289,0.0006150224857560353,0.0006150181071950454,0.0006150137854984839,0.0006150083833777821,0.0006150013321886555,0.0006149932574398171,0.0006149838463769101,0.0006149716773892239,0.0006149568357734011,0.0006149406294112955,0.0006149199591915575,0.0006148949957074721,0.000614864630102685,0.0006148250524604905,0.0006147749264668204,0.0006147220141161566,0.0006146602593468704,0.0006145845443604021,0.0006144955230976788,0.000614379832418017,0.0006142421636367629,0.0006140859001874089,0.0006138871021455815,0.0006136470489609206,0.0006133694652534892,0.0006130225069433604,0.0006126113486935226,0.0006121172536748046,0.0006115128416649124,0.0006107897535928651,0.0006099375832682583,0.0006088702663786475,0.0006076158370872538,0.0006060983813821093,0.0006042590161475641,0.0006020594431910637,0.000599397391838058,0.0005961831300204682,0.0005923106908758959,0.0005876247776502704,0.0005819598864246161,0.0005750881330019585,0.0005667266168508068,0.0005565046103299444,0.0005439066942599881,0.0005281899348833649,0.0005081433473320095,0.0004814031910445143,0.00043810362984755277,0.0003518215835066132,0.0002725663314524737,0.0002154687588555369,0.00017305653863217257,0.00014010491023285464,0.00011265537020056629,8.626276929969838e-05,5.910585361616398e-05,3.954801582725326e-05,2.6019513385870897e-05,1.6655534225744638e-05,1.017941506396061e-05,6.085289945113628e-06,3.5903631472940867e-06,1.7481831235411093e-06,4.5991949722540064e-07,0.0,0.0,0.0,0.0,0.0,0.0,0.0,0.0,0.0,0.0,0.0,0.0,0.0
1/0.4,0.0003,0.0004081632653061,0.5,0.0001628661095356048,0.0001628661095356048,0.00016286607993094165,0.0001628660355239469,0.00016286600591928376,0.00016286599111695217,0.00016286596151228903,0.00016286587269829958,0.00016286582829130481,0.00016286576908197852,0.0001628656506633259,0.000162865576651668,0.0001628654286283522,0.00016286531020969958,0.0001628650881747259,0.0001628648069304259,0.00016286449608146275,0.00016286408161617858,0.0001628637263602207,0.00016286322308094701,0.00016286266059234705,0.0001628616688361313,0.00016286094352188396,0.00016285978894002085,0.00016285867876515247,0.00016285703570634725,0.0001628552298218947,0.00016285292065816847,0.00016285025623848437,0.00016284711814418975,0.00016284319552632148,0.00016283836256506115,0.00016283286349887976,0.00016282578798438528,0.00016281758749269086,0.0001628078475585123,0.0001627952507743391,0.00016278124036750015,0.00016276351457543504,0.00016274290972987792,0.00016271735350440784,0.0001626868977071853,0.00016265049877383405,0.00016260600296510945,0.00016255275897842197,0.0001624890645456402,0.00016241164095031943,0.00016231839366254142,0.0001622068432917667,0.00016207212727207182,0.00016191001213662534,0.0001617148878017591,0.00016147978236929957,0.0001611963325219051,0.00016085366594703127,0.0001604385715637444,0.00015994464736363684,0.00015934494570207016,0.0001586236724912502,0.000157752984545478,0.0001567007608052285,0.0001554313276513978,0.00015389391308667197,0.00015202891552295073,0.00014975800102152122,0.0001469814092687109,0.00014355467690948056,0.00013926792168438026,0.00013377160873668379,0.00012629992463985185,0.00011481559489408814,9.845852262186482e-05,7.654806701254457e-05,6.055340762552062e-05,4.8437329170323015e-05,3.870578791375062e-05,3.000585074953902e-05,2.0813736060346126e-05,1.4041151281629734e-05,9.362341502344325e-06,6.1259745283778e-06,3.885641643989226e-06,2.3364592256586064e-06,1.3533919785433214e-06,8.059721521114862e-07,4.0106917411634236e-07,1.3535251995275267e-07,0.0,0.0,0.0,0.0,0.0,0.0,0.0,0.0,0.0,0.0,0.0,0.0,0.0
1/0.3,0.0003,0.00019562854727688,0.5,3.85925494093691e-05,3.859254260762364e-05,3.8592532405005444e-05,3.859251880151452e-05,3.859250859889633e-05,3.85924949954054e-05,3.8592474590169016e-05,3.85924507840599e-05,3.859244398231444e-05,3.8592423577078054e-05,3.859238616747801e-05,3.859235555962343e-05,3.85923079474052e-05,3.8592273938677886e-05,3.8592236529077844e-05,3.859219231773234e-05,3.859208689067768e-05,3.859200186885941e-05,3.859189304093201e-05,3.8591743402531845e-05,3.8591583561513494e-05,3.8591348901295046e-05,3.859111934238571e-05,3.859076735205804e-05,3.8590461273512254e-05,3.8590015759184486e-05,3.8589510729583936e-05,3.858889007031052e-05,3.8588148680055156e-05,3.858717943132682e-05,3.858600953110735e-05,3.8584739305142315e-05,3.858310518579506e-05,3.858117178964747e-05,3.857886429749947e-05,3.857602456876907e-05,3.857276823312912e-05,3.856863107145183e-05,3.856369980599185e-05,3.855783330053084e-05,3.8550742480886664e-05,3.8542124669386256e-05,3.8531845531556745e-05,3.8519403438670304e-05,3.8504473607381126e-05,3.8486375863142995e-05,3.8464678295119084e-05,3.843837594541737e-05,3.840681584647349e-05,3.836887230941349e-05,3.8323050650672084e-05,3.826787319104764e-05,3.8201432040938055e-05,3.812177679983208e-05,3.80251324989983e-05,3.790912022796135e-05,3.776874410467937e-05,3.760001150456614e-05,3.739627032055978e-05,3.715036851730695e-05,3.685341621348877e-05,3.649358517374675e-05,3.605792827559389e-05,3.552751796184568e-05,3.487892221938541e-05,3.407969672235914e-05,3.308148106053173e-05,3.180445335003341e-05,3.006797963662874e-05,2.7750944639747874e-05,2.482920386343692e-05,2.0548459039882763e-05,1.612905043246669e-05,1.280978674393581e-05,1.0126933470869955e-05,7.619247249124423e-06,5.211713328434724e-06,3.526633603741238e-06,2.3621203666760134e-06,1.5557207286236462e-06,9.97178395644442e-07,6.123781483112638e-07,3.454419472170742e-07,2.0117182465807453e-07,1.1195502986883985e-07,5.467753133298722e-08,1.781037049235603e-08,0.0,0.0,0.0,0.0,0.0,0.0,0.0,0.0,0.0,0.0,0.0,0.0,0.0
1/0.2,0.0003,7.812499999997998e-05,0.5,6.566400284542772e-06,6.566397572971538e-06,6.566396488343044e-06,6.566394319086057e-06,6.566393234457562e-06,6.566392149829069e-06,6.566390522886328e-06,6.566384557429613e-06,6.566379676601391e-06,6.566375880401662e-06,6.566367745687959e-06,6.566358526345763e-06,6.5663471377465786e-06,6.566337918404381e-06,6.56632598749095e-06,6.566307548806557e-06,6.5662896524364095e-06,6.566266332923794e-06,6.566238132582957e-06,6.566205051413898e-06,6.566163293216889e-06,6.566115569563164e-06,6.566054288053267e-06,6.5659832448869275e-06,6.565887797579477e-06,6.565780419358597e-06,6.565659754438667e-06,6.565493263964877e-06,6.565314842577657e-06,6.565096289936167e-06,6.564815913470533e-06,6.564495405750632e-06,6.564109820321106e-06,6.563639905026191e-06,6.563068848124234e-06,6.562389328372902e-06,6.561569078074508e-06,6.5605918278016434e-06,6.559385992073723e-06,6.557936114934708e-06,6.556166814704287e-06,6.55406724509752e-06,6.551541687649834e-06,6.5484835776117205e-06,6.544826752645059e-06,6.540431837988403e-06,6.535115802583435e-06,6.528721375298562e-06,6.521035968949007e-06,6.51178869756846e-06,6.500561979186828e-06,6.487063777582171e-06,6.47101805480283e-06,6.451358621039453e-06,6.427783678413656e-06,6.399388646761657e-06,6.3651236057015095e-06,6.3237466556078745e-06,6.273758839902398e-06,6.213324967173663e-06,6.140012758024445e-06,6.050836230211464e-06,5.941911600255744e-06,5.807703195482333e-06,5.640340680383491e-06,5.425865428558968e-06,5.151452521541598e-06,4.803307111833683e-06,4.380199501880441e-06,3.835460025695885e-06,3.05841427640676e-06,2.416014850645397e-06,1.8985038881678174e-06,1.411890195277307e-06,9.672988064342098e-07,6.588722210101169e-07,4.4596832471590687e-07,2.9867197906559634e-07,1.965986761477402e-07,1.2530170673990084e-07,7.546790828053609e-08,4.015836998091174e-08,2.256244192688524e-08,1.4599099525808833e-08,8.23666878150017e-09,3.2701549086414283e-09,0.0,0.0,0.0,0.0,0.0,0.0,0.0,0.0,0.0,0.0,0.0,0.0,0.0,0.0
0.2,0.001,0.00026041666666665,0.5,7.295999710648035e-05,7.295998505015319e-05,7.295997902198961e-05,7.29599488811717e-05,7.295993079668097e-05,7.295990668402665e-05,7.295989462769948e-05,7.295983434606369e-05,7.295975597993714e-05,7.295969569830134e-05,7.295961733217479e-05,7.295957513502973e-05,7.295949676890318e-05,7.295935812114085e-05,7.295920138888776e-05,7.295896629050813e-05,7.295867693865628e-05,7.295844184027665e-05,7.295813440393406e-05,7.295765215084763e-05,7.295725429205134e-05,7.29566575038569e-05,7.295597632137232e-05,7.295509620948962e-05,7.295396291473652e-05,7.295279947916553e-05,7.29513165509248e-05,7.294971305941246e-05,7.294758511766862e-05,7.294514371141862e-05,7.294225622106369e-05,7.293879605516863e-05,7.293445879147263e-05,7.292923538773035e-05,7.292305049189702e-05,7.291529224536924e-05,7.29060570987643e-05,7.289482060185072e-05,7.288178771219022e-05,7.286583116319331e-05,7.284634813850195e-05,7.282360387731369e-05,7.279522931134146e-05,7.276104359567788e-05,7.27209985050143e-05,7.267217640817789e-05,7.261284119405751e-05,7.254194396219023e-05,7.245629279996029e-05,7.235349754050813e-05,7.223144531249888e-05,7.208060860339395e-05,7.189893180941246e-05,7.168234290605598e-05,7.142058497299272e-05,7.110462782117945e-05,7.072480227623347e-05,7.026527536651126e-05,6.971028043016868e-05,6.903900221836314e-05,6.822539906442795e-05,6.723631004050822e-05,6.602749445408848e-05,6.454042185088634e-05,6.268821735146508e-05,6.0331482687113256e-05,5.720292607060096e-05,5.326886815200535e-05,4.855984760802394e-05,4.250767988040058e-05,3.377381727430503e-05,2.669883294753045e-05,2.098183111496881e-05,1.5581262659143278e-05,1.0667953679590883e-05,7.267692660107912e-06,4.919436607831714e-06,3.2949851707175415e-06,2.169020664544719e-06,1.3826919367283737e-06,8.328993055555426e-07,4.434889805169684e-07,2.4935498649690974e-07,1.6168137538579996e-07,9.160397376543068e-08,3.654875578703647e-08,0.0,0.0,0.0,0.0,0.0,0.0,0.0,0.0,0.0,0.0,0.0,0.0,0.0,0.0
0.3,0.001,0.00065209515758964,0.5,0.00042880629348593196,0.0004288062179109824,0.0004288061801235076,0.000428806104548558,0.00042880602897360845,0.00042880602897360845,0.0004288058022487597,0.00042880572667381014,0.00042880542437401183,0.00042880527322411264,0.0004288050842867387,0.0004288048197744152,0.00042880459304956646,0.00042880387508754546,0.000428803232700474,0.00042880228801360433,0.00042880157005158333,0.0004288006253647136,0.0004287989249283481,0.0004287973378544069,0.00042879541069319266,0.0004287929167198566,0.00042879019602167184,0.00042878694629883997,0.00042878248737681485,0.00042877783951741574,0.00042877217139619737,0.00042876431160144125,0.00042875565826971457,0.00042874555012020846,0.00042873353370322554,0.000428720005787251,0.00042870065860015896,0.0004286802155762981,0.00042865425558111795,0.00042862302423320474,0.00042858474552124335,0.0004285401374072548,0.0004284856478686089,0.0004284204077933854,0.0004283409218401665,0.00042824647204693113,0.0004281319193171079,0.00042799284251614656,0.0004278260486024274,0.00042762713533513744,0.000427387543851237,0.0004270947853903083,0.00042673657902304483,0.00042631328373045704,0.0004258047210010077,0.00042519309293407095,0.00042445440448315584,0.00042356758913106735,0.00042249143963654797,0.0004211972941999701,0.00041963706825966473,0.00041776048558042476,0.00041549234908741994,0.0004127569326811728,0.00040945092540561,0.0004054500253624126,0.00040059741453120584,0.00039469612569965136,0.00038748397047392495,0.0003785957329101896,0.0003675008768624061,0.00035332760749971466,0.0003342635619562794,0.00030758817430344545,0.0002749477125616129,0.00022766437761414718,0.00017860624055078601,0.0001418899839907241,0.00011219265640405451,8.469694046102349e-05,5.7472784205564474e-05,3.88712384598107e-05,2.6023856012519956e-05,1.712889227827214e-05,1.0972197904618e-05,6.728758954486647e-06,3.7880998789224388e-06,2.2065429090985553e-06,1.2252210825624694e-06,5.959840523740213e-07,1.9022214808843667e-07,0.0,0.0,0.0,0.0,0.0,0.0,0.0,0.0,0.0,0.0,0.0,0.0,0.0
0.4,0.001,0.0013605442176870602,0.5,0.0018096231103438105,0.0018096229458734595,0.0018096226169327578,0.0018096219590513544,0.0018096216301106526,0.001809621301169951,0.0018096208077588985,0.0018096204788181965,0.001809619985407144,0.0018096191630553897,0.0018096176828222316,0.0018096163670594247,0.001809614886826267,0.001809613406593109,0.001809612090830302,0.0018096086369529338,0.0018096050186052147,0.0018096020581388989,0.0018095972884987236,0.001809592025447496,0.0018095854466334612,0.001809576729704865,0.001809567519365216,0.0018095552663240763,0.0018095411218739014,0.0018095227011946037,0.0018095034581635519,0.0018094763205556582,0.0018094468803628524,0.0018094082298303977,0.001809364480717066,0.0018093113567937346,0.0018092490225307546,0.00180916695182567,0.0018090771510140943,0.0018089668736438354,0.001808832912543051,0.0018086722250102501,0.0018084778210555206,0.0018082438619814068,0.0018079638512090489,0.0018076231508772197,0.001807215840053288,0.0018067270341704995,0.001806134776437013,0.0018054171922961633,0.0018045588215349676,0.001803521178091323,0.0018022852656397034,0.001800774687702129,0.00179896296455211,0.0017967917092150873,0.00179417860428045,0.0017910086849729386,0.0017871849960207154,0.0017825980824052756,0.0017770804310742571,0.0017704134609313525,0.0017623559762070093,0.0017526720441829035,0.0017409450614602785,0.0017268103972712542,0.0017096744781195366,0.001688890688820677,0.0016636089643661985,0.0016326588515041284,0.0015944752503755787,0.0015467180768283576,0.001485458709826386,0.0014021476515906908,0.0012699679291765884,0.0010799823059529274,0.000850236551052443,0.0006722607173197293,0.0005376522612343157,0.0004296587262675403,0.0003334549194622469,0.00022980636222478024,0.00015476742252131458,0.00010305794420748915,6.733942469779318e-05,4.2648642213994145e-05,2.5592080006571817e-05,1.4799371112069467e-05,8.787321906332904e-06,4.337247622817718e-06,1.4225040646828124e-06,0.0,0.0,0.0,0.0,0.0,0.0,0.0,0.0,0.0,0.0,0.0,0.0,0.0
0.5,0.001,0.00266666666666664,0.5,0.006833775249382704,0.006833775249382704,0.006833774301234556,0.006833773037037025,0.006833771140740729,0.00683377019259258,0.0068337692444444325,0.006833767348148136,0.006833763239506161,0.006833759130864185,0.0068337528098765315,0.006833749649382704,0.006833744592592581,0.006833740483950606,0.006833732582716037,0.0068337221530864085,0.00683371077530863,0.006833692444444432,0.006833674113580235,0.0068336523061728275,0.006833629866666655,0.00683360015802468,0.0068335584395061615,0.0068335119802469015,0.006833463940740729,0.006833406103703692,0.006833327723456778,0.0068332401777777664,0.006833131772839495,0.006832993343209865,0.006832831841975297,0.006832639367901222,0.0068324039111111,0.006832113145679,0.006831780029629617,0.006831370745679001,0.006830878972839494,0.006830277530864186,0.006829582538271593,0.006828718775308631,0.006827677076543198,0.006826416355555544,0.006824921441975297,0.00682311585185184,0.006820919940740729,0.006818285985185173,0.006815138449382705,0.006811318676543198,0.006806619970370359,0.006801068562962951,0.006794418883950605,0.006786373214814803,0.006776685353086408,0.006765049995061717,0.0067509478716049265,0.006733958637037025,0.006713435970370358,0.006688889995061717,0.006659233817283939,0.006623413412345667,0.006580143407407396,0.00652789886419752,0.0064646542222222105,0.00638794145185184,0.006294572879012335,0.006180336829629619,0.006039495427160484,0.005863469195061718,0.005638130725925916,0.005333810567901226,0.004798567664197523,0.003953705718518511,0.003051712158024686,0.002404618745679008,0.0019277381530864164,0.0015591022617283924,0.0012528241777777756,0.0009570433580246897,0.000657411160493826,0.00043739717530864115,0.0002865919999999995,0.00018285384691357992,0.00011140803950617265,6.622435555555544e-05,3.891452839506166e-05,1.8771437037037006e-05,4.529619753086412e-06,0.0,0.0,0.0,0.0,0.0,0.0,0.0,0.0,0.0,0.0,0.0,0.0,0.0
0.6,0.001,0.0052734375,0.5,0.02645704330622409,0.026457038363088728,0.026457028476818002,0.02645702600525032,0.026457018590547273,0.026457008704276547,0.026456988931735096,0.026456976573896687,0.026456969159193645,0.026456954329787553,0.02645693702881378,0.026456912313136963,0.026456880182757107,0.026456862881783335,0.026456840637674197,0.02645679862102361,0.026456739303399254,0.026456660213233438,0.02645658112306763,0.026456472374089636,0.02645638586922078,0.026456230160456836,0.026456057150719123,0.02645584953903387,0.026455612268536433,0.026455357697065224,0.02645500549867059,0.026454632291950667,0.026454135506846662,0.026453515143358572,0.026452839169597647,0.026451969177773718,0.026450782825286536,0.02644955692771645,0.02644803320624073,0.02644617335156031,0.02644390939556394,0.026441235159332423,0.026438012235075584,0.026434129402247753,0.026429485326573982,0.026423926770858006,0.026417197927844787,0.026408973786384182,0.02639918514258111,0.026387200510892914,0.026373124932946062,0.02635598708264168,0.026335414989043678,0.026310595506384808,0.02628080322955051,0.026244505786578175,0.026200852958185326,0.026148565708096726,0.026085533317512264,0.02600943127702737,0.025917637253331845,0.02580719525147846,0.0256738986632731,0.025512761100918085,0.025318173341559964,0.025082658892961827,0.024796833212636548,0.024449099705021942,0.02402362674333337,0.023498668239324057,0.022842360742442502,0.022001034160482238,0.02086062688072014,0.0184538439311666,0.015919610886758587,0.012824255360023728,0.009740717634158558,0.00765183513451858,0.006150557964914045,0.0050109156353494114,0.004078489540212156,0.003194726141158401,0.002418550083285751,0.0016540744268179104,0.0010564740770779772,0.0006598492533693221,0.0003945931950743601,0.00023819733531653934,0.00012602029295065846,4.4451144754012554e-05,0.0,0.0,0.0,0.0,0.0,0.0,0.0,0.0,0.0,0.0,0.0,0.0,0.0,0.0
0.7,0.001,0.011303344867358702,0.5,0.12082893804235878,0.12082891532988022,0.12082889261740165,0.12082884719244452,0.12082881312372667,0.12082880176748739,0.12082868820509457,0.1208286087114196,0.1208284724365482,0.12082830209295897,0.12082815446184832,0.12082792733706266,0.12082781377466985,0.12082763207484133,0.12082740495005567,0.12082715511279146,0.12082681442561301,0.12082638288852028,0.12082599677638468,0.12082525862083134,0.12082433308732983,0.120823333738273,0.12082228896425903,0.12082107384665584,0.12081964296050629,0.120817780537264,0.12081550928940755,0.12081270429830485,0.12080933717335766,0.12080546469576242,0.12080029760688901,0.12079456838417113,0.12078770353752502,0.1207787775334492,0.12076827869023278,0.12075596852685085,0.12074142686244996,0.12072343290130727,0.12070211724017454,0.12067570262760409,0.12064418338547626,0.1206057368373863,0.12055997687119858,0.12050462656093702,0.12043871494814298,0.12035865913932295,0.12026197779619373,0.12014628043038643,0.12000683716824,0.11983921339831473,0.1196369587766983,0.11939262928854125,0.11909786674173183,0.11874363724792104,0.11831753411569307,0.11780055267860909,0.1171780661004736,0.11642647611605814,0.1155173978052768,0.11441566089507252,0.11307549974113794,0.11143895209817659,0.10942477543036343,0.10691594937001478,0.1037199402363398,0.09941948005127212,0.09143589052663807,0.08149985685092904,0.07218423156156686,0.06284738713910583,0.05295715317642201,0.0440633894639159,0.03553443358211195,0.02612994572036636,0.020253364441558022,0.016112152799944955,0.012789476173316057,0.010308898758181943,0.008331027987354054,0.006653223127080379,0.0050964530650766515,0.00335515547097606,0.0016123134283330866,0.0007557463679927494,0.00019278351805504087,0.0,0.0,0.0,0.0,0.0,0.0,0.0,0.0,0.0,0.0,0.0,0.0,0.0,0.0,0.0
0.8,0.001,0.029629629629629617,0.5,0.8274249710580897,0.827424659046076,0.8274242690310588,0.8274236450070316,0.827423176989011,0.8274223189559734,0.8274216169289427,0.8274206808929017,0.8274193548418436,0.8274176387757685,0.8274165467337206,0.8274148306676454,0.8274123735730378,0.827409136448396,0.8274056263132422,0.8274005561180201,0.8273947058927639,0.8273871396014324,0.8273785982725582,0.8273689259001346,0.8273578494736492,0.8273448229720787,0.8273282083323509,0.8273089415905068,0.8272842926414271,0.8272544174911184,0.8272177560795123,0.8271759074681792,0.8271239964694052,0.8270652602078321,0.8269916253726065,0.8269012198916462,0.8267931857319137,0.8266603856185962,0.8265060956778375,0.8263184984546196,0.8260912757056659,0.8258211123033311,0.8254879614757372,0.8250897561432935,0.8246159659005385,0.8240380416482221,0.8233489241145348,0.8225157350335361,0.8215093012819484,0.8203020487980637,0.8188501008924597,0.8170910551624032,0.8149711285370379,0.812428893651173,0.8093455519306044,0.8056326869709591,0.801153559507247,0.7957355878944079,0.7891797084677218,0.781213729746765,0.7715085180586194,0.7596119289939788,0.7448745485478947,0.7263115107992242,0.702025275685344,0.6587958551856407,0.5943355772159006,0.5320767780115983,0.47628902996776623,0.421736888499561,0.368966842648922,0.3234034942839788,0.28262044297894084,0.2457103967995633,0.2140045550021606,0.18643361341439088,0.1623985869730151,0.14137634853561717,0.12287594719869058,0.10641431036207387,0.09148586155911985,0.07726802011729461,0.06169312142352227,0.05132706829042805,0.04359123743105307,0.036805951171317554,0.031905529486150205,0.027398164935201075,0.023009013935930397,0.01881639150376883,0.015205398466586055,0.012215465342609366,0.00971827719121781,0.007593553381142385,0.005746988281251953,0.004103386996252531,0.0023540916416230863,0.00015304189270413674,0.0,0.0,0.0,0.0,0.0,0.0
0.9,0.001,0.1346260387811634,0.5,17.05234859047418,17.052184328137123,17.052016844969934,17.05182440036917,17.0515643183355,17.051240624906605,17.05086700861056,17.050372611184333,17.049836342966305,17.049181709240695,17.04843447664861,17.047424746400253,17.046390859925857,17.045059046663674,17.043460709707542,17.041563640756085,17.03920277226471,17.036334623026555,17.032913296212147,17.028767282616624,17.023808009411177,17.01775929041145,17.010481824713963,17.001777531265212,16.99113912931841,16.978399940913903,16.963207285151547,16.94498704905919,16.92273513884122,16.895934611260433,16.863427577882117,16.82383069216187,16.775106779037216,16.714402183005628,16.642963365330626,16.558996323625173,16.460989683346874,16.347126091090196,16.21510184809872,16.062197768528186,15.882762100693414,15.670362041600688,15.418639672557005,15.11606200604465,14.730124424307915,14.33349449171956,13.973579607085208,13.589036644798353,13.175475613380495,12.718273138796224,12.213188998168462,11.64314715531149,10.977722038323863,10.139297277325324,8.710212529339488,6.888607628021769,4.142769414368483,3.4327253322674673,2.8812241981016125,2.4382553771060165,2.0637122871910463,1.742066501052428,1.463765036499968,1.2251884856657522,1.0205031199617867,0.845883398391307,0.6972469187540192,0.570713385940808,0.46230587993840827,0.37215725999002525,0.29368817533064867,0.22701377063772277,0.16977237221233976,0.12959493185966448,0.10107367577749297,0.07644398770992113,0.054855568500438046,0.035351026390434366,0.01518862972468313,0.0038360086947140134,0.0,0.0,0.0,0.0,0.0,0.0,0.0,0.0,0.0,0.0,0.0,0.0,0.0,0.0,0.0,0.0,0.0,0.0,0.0,0.0
1.0,0.001,0.1346260387811634,0.5,17.05234859047418,17.05219560104261,17.052003156441845,17.051798633728065,17.051523252751238,17.051235793661395,17.050860566950284,17.050407235108317,17.0499200845499,17.049345166370212,17.04861242751375,17.047733140885995,17.04670972210955,17.045398039035728,17.043881028040587,17.042010530937773,17.039712468634097,17.037093933731658,17.033857804650204,17.029991198069176,17.025197797615853,17.019632203136872,17.012616429888123,17.004502353562213,16.994591054019132,16.98271182726155,16.968175415639873,16.950815946401978,16.930180087705896,16.904953740855202,16.874553935594868,16.83815452899442,16.79387053021541,16.74040636033472,16.675349617578757,16.595741164257955,16.497924552957816,16.37572303668062,16.220897731932588,16.030578073852972,15.825108436010328,15.589321929283415,15.313539153899104,14.983748693548263,14.576526255842579,14.070700519075475,13.679267395915264,13.284231774245368,12.863586526938322,12.410395596291298,11.911050974969987,11.353981025495013,10.71097127585488,9.915953642630193,8.628972725553641,6.793816986636562,4.092463268438392,3.2071222852303194,2.6645790848866087,2.2386565073979594,1.886168051854991,1.5891769152175166,1.3371332683675385,1.1226050457609313,0.9402432537455159,0.7851337107377819,0.6531344291798772,0.5403836337359816,0.4434865694403277,0.3590001688750742,0.284016022425337,0.21810012322998049,0.16080316548471185,0.10652009954135644,0.0594967847297268,0.028977003546740807,0.006093005414126981,0.0009098845140694447,0.0,0.0,0.0,0.0,0.0,0.0,0.0,0.0,0.0,0.0,0.0,0.0,0.0,0.0,0.0,0.0,0.0,0.0,0.0,0.0,0.0,0.0
1/0.9,0.001,0.13462603878116325,0.5,17.052419448737222,17.052293031154292,17.052145678175464,17.051957259612376,17.05173824316297,17.05147252467656,17.05118587079425,17.05083560551671,17.05038871533502,17.049815407570406,17.049135007203688,17.048340267367063,17.047451318248893,17.04639971720874,17.04503730606024,17.04336166918079,17.04138327426834,17.038949131891318,17.036053605596987,17.03271279953604,17.028526525563784,17.02359382420698,17.017619184300436,17.01038761543242,17.00168976364394,16.99111980433758,16.97846757834681,16.96316702477482,16.94503697192633,16.9227906981611,16.896132692313937,16.863930832591226,16.825088426330876,16.778243062384387,16.721702194514084,16.65349386946779,16.570460868502447,16.469615066457237,16.346624446796156,16.195366211426293,16.00736555104625,15.769084511377223,15.440636331986516,15.006622223982927,14.515330483214898,13.861718565967017,13.428022514939585,13.010325132416616,12.57857365758518,12.114882820687304,11.612058897609096,11.05483917953269,10.414992285088365,9.632596279968137,8.443897384146707,6.540451189014813,4.088207746618164,3.0972662108732196,2.537784664832195,2.1142438912308177,1.7709122557710333,1.4850595549593313,1.244274319857777,1.0404730720267745,0.8677665235584444,0.7212517657747611,0.5973263001660373,0.49245043441028247,0.403730252628235,0.32841838671192597,0.2638383268164289,0.2059310217599526,0.15415537207926291,0.11297947438371492,0.0763272326174078,0.059707749103785374,0.04465922549011825,0.03060835401178921,0.019503736902469107,0.008402340623287307,0.0,0.0,0.0,0.0,0.0,0.0,0.0,0.0,0.0,0.0,0.0,0.0,0.0,0.0,0.0,0.0,0.0,0.0,0.0,0.0
1/0.8,0.001,0.029629629629629617,0.5,0.8274241910280554,0.8274237230100349,0.8274230989860076,0.827422786973994,0.8274220069439598,0.827421304916929,0.8274206028898983,0.8274196668538573,0.8274186528148129,0.827417560772765,0.8274156106976797,0.8274124905775428,0.827410072484437,0.827407654391331,0.8274032082201362,0.8273986840459381,0.8273931458326955,0.8273862815683948,0.8273779352470292,0.827367248835561,0.8273558603970621,0.827339947784365,0.827322436110098,0.8273012582946703,0.827275868317058,0.8272448231216981,0.8272094877611502,0.8271665471077692,0.8271135440669473,0.8270502446296744,0.8269710715812061,0.826877038960587,0.826763973607134,0.8266307054757961,0.8264691222542179,0.8262716966525694,0.8260353865537176,0.8257480234891293,0.8254029772035143,0.8249896392884077,0.8245071517107719,0.8238996253186587,0.8231865218614205,0.8223120691916144,0.8212709631050078,0.8200089525127242,0.8184857098619972,0.816661063606067,0.8144526425733252,0.8117959772814476,0.8085891958079716,0.8047150596387617,0.8000448638181795,0.7943819627746112,0.7875226126631312,0.7791822585272745,0.7689852379025849,0.7564177840070564,0.7407385952977155,0.7206385863697167,0.6869239332253162,0.6290789339693643,0.5757553788064784,0.5211221532162212,0.4596408879499795,0.4033507225611385,0.3538021617501196,0.31017469192397934,0.27166769025564574,0.2375038568160685,0.2068635750468436,0.17873974817085425,0.1513016846994054,0.1276372505272637,0.10709863071105115,0.08886523365482091,0.07177859775332557,0.053397775020637216,0.04127957942328883,0.033613444247466935,0.027760800898086666,0.022749575946565483,0.018800673898580308,0.01575902478333815,0.012950838657323051,0.01065181713611236,0.008707631277445562,0.007065044031490561,0.0056355999923724896,0.004362161960088399,0.0032173118789372195,0.0022021807924684955,0.0013462148344721427,0.0006882985021515304,0.00023365799673559715,3.5491366554731e-06,0.0,0.0,0.0,0.0
1/0.7,0.001,0.011303344867358702,0.5,0.12082897211107663,0.12082896075483734,0.12082894939859806,0.12082890397364093,0.12082886990492309,0.12082882447996596,0.12082874498629098,0.12082864278013744,0.12082858599894104,0.12082849514902677,0.12082844972406964,0.12082830209295897,0.12082814310560903,0.1208279614057805,0.12082773428099487,0.12082740495005567,0.12082696205672366,0.1208265645883488,0.12082584914527401,0.12082526997707062,0.1208245886027137,0.12082356086305865,0.12082247066408755,0.1208212214777665,0.12081964296050629,0.12081766697487117,0.12081528216462191,0.12081243742668171,0.1208089283487435,0.12080491959627689,0.12080005344774444,0.12079398921596773,0.12078684046333957,0.12077789174678519,0.12076763138459369,0.12075514519950288,0.12073972342655763,0.12072164429362033,0.1206994598801825,0.12067344841410656,0.12064117966018613,0.12060258548098549,0.12055697882402806,0.1205016569043647,0.12043477433311206,0.12035419613728503,0.12025721953193448,0.12014082943553096,0.12000019944637953,0.11982990696022294,0.11962592051211599,0.11937894502020617,0.11908192825989923,0.11872445088165373,0.11829333396978264,0.11777241759578738,0.11714505919099982,0.1163867633472882,0.11546927574131838,0.11435641539473716,0.11300394975554029,0.11135110590920894,0.10931687412282338,0.10678305297981454,0.10355426406145143,0.09920749881071046,0.09097923343262126,0.08126330638668032,0.07196675390119261,0.061633774237612717,0.051767359986823365,0.042700901943552465,0.03305350412356009,0.02510825894086248,0.019964688839003878,0.016193259060898604,0.0129754232353232,0.010118409200461911,0.007936603084603836,0.006165211456405351,0.0046134608521643675,0.002946478487926652,0.0016446446415695796,0.0008350129181826755,0.00026092095374838706,0.0,0.0,0.0,0.0,0.0,0.0,0.0,0.0,0.0,0.0,0.0,0.0,0.0,0.0,0.0
1/0.6,0.001,0.005273437499999969,0.5,0.026457033419953365,0.026457030948385682,0.026457028476818002,0.026457028476818002,0.026457018590547273,0.02645701364741191,0.026457008704276547,0.02645699387487046,0.026456988931735096,0.026456974102329008,0.0264569617444906,0.026456946915084507,0.02645691972784001,0.02645689501216319,0.026456857938647972,0.026456820865132746,0.026456761547508388,0.026456709644587073,0.026456625611285898,0.026456544049552406,0.026456442715277455,0.026456274648675105,0.02645609669580203,0.02645591627136127,0.026455679000863836,0.026455386120093564,0.02645500549867059,0.02645454331551413,0.02645404158727476,0.026453381678703765,0.02645269458288827,0.02645171337051867,0.026450662954253978,0.026449430877764687,0.0264478082935817,0.026445957089388166,0.02644374380052927,0.026441075743216958,0.026437799680254965,0.02643392302634634,0.026429231990886613,0.02642356468619265,0.026416775289771228,0.026408577099771277,0.02639877239077828,0.026386847076714442,0.026372557708163127,0.026355203595686605,0.026334495565866114,0.02630945487789974,0.0262792374914242,0.026242936341100344,0.02619921678038009,0.02614618435263548,0.026082482167209296,0.026006046465087383,0.025913439295624605,0.02580201731718546,0.025668267196310518,0.02550512642834955,0.02530903719162484,0.025071618400128014,0.024783464503046644,0.02443263288534312,0.024002834680211704,0.023472401653787594,0.022807656224840975,0.0219518314268603,0.02077379082179395,0.018291613935896307,0.01589547355677984,0.01281156633154627,0.009729827906953323,0.007638456538657947,0.006135844722505336,0.004996165319425478,0.004066013066555317,0.00319148344436011,0.00236351074258366,0.001622371628165716,0.0010563430839908513,0.0006691917792058618,0.0004070325952159751,0.00024865206660981004,0.00013426297116887542,5.038290718991081e-05,0.0,0.0,0.0,0.0,0.0,0.0,0.0,0.0,0.0,0.0,0.0,0.0,0.0,0.0
1/0.5,0.001,0.00266666666666664,0.5,0.006833776829629617,0.006833776829629617,0.006833774301234556,0.006833773037037025,0.006833770824691346,0.006833768612345667,0.006833765767901223,0.006833764187654309,0.006833761027160482,0.006833756286419742,0.006833752493827149,0.006833746804938259,0.00683373985185184,0.006833732266666655,0.006833721520987643,0.00683371425185184,0.006833702874074062,0.006833689283950606,0.006833672217283939,0.006833656414814803,0.00683363397530863,0.006833597945679001,0.006833563812345667,0.006833521461728383,0.006833468997530852,0.006833411792592581,0.006833332148148136,0.0068332284839506055,0.006833124187654309,0.006832993659259247,0.0068328258370370255,0.006832628622222211,0.006832387792592581,0.006832105876543198,0.00683177908148147,0.006831373274074062,0.006830870123456778,0.006830265520987642,0.006829567999999988,0.006828701076543198,0.006827653688888877,0.006826376533333321,0.006824854123456779,0.0068230330469135686,0.006820831130864185,0.006818179476543198,0.006814959565432087,0.006811127782716037,0.006806476483950605,0.006800908325925914,0.006794203022222211,0.00678610646913579,0.006776330113580235,0.006764594567901222,0.006750464948148136,0.0067333546666666555,0.006712823466666655,0.006688052148148136,0.00665813428148147,0.0066221526913580134,0.00657860203456789,0.006525966854320976,0.006462338212345668,0.006385076780246902,0.006290944948148137,0.006175750320987643,0.0060333978864197425,0.005854882765432088,0.005624384790123446,0.005293314528395052,0.00474961667160493,0.003998406479012339,0.0030803177876543154,0.0024167158518518476,0.0019320016592592557,0.0015595248197530838,0.0012511017086419731,0.0009512536493827145,0.0006577430123456779,0.0004397457382716042,0.00028922216296296246,0.0001851278222222219,0.00011313177283950599,6.772369382716037e-05,3.99688691358024e-05,1.9536276543209845e-05,5.150340740740732e-06,0.0,0.0,0.0,0.0,0.0,0.0,0.0,0.0,0.0,0.0,0.0,0.0,0.0
1/0.4,0.001,0.0013605442176870602,0.5,0.0018096232748141614,0.0018096231103438105,0.0018096229458734595,0.0018096226169327578,0.0018096221235217053,0.0018096216301106526,0.001809621465640302,0.0018096204788181965,0.0018096203143478456,0.001809619820936793,0.0018096188341146877,0.0018096175183518809,0.0018096153802373196,0.0018096139000041618,0.0018096101171860917,0.0018096089658936356,0.0018096068277790743,0.0018096018936685481,0.0018095977819097765,0.0018095931767399518,0.0018095857755741627,0.0018095768941752157,0.0018095673548948652,0.00180955501961855,0.0018095393949352173,0.0018095212209614459,0.0018095021424007448,0.0018094745113817986,0.001809446058011098,0.0018094077364193448,0.0018093623426025044,0.001809309547619875,0.0018092462265347899,0.0018091708991140908,0.0018090787957176031,0.0018089642421182215,0.0018088332414837528,0.0018086692645439344,0.0018084742027078015,0.0018082438619814068,0.001807959903920628,0.0018076175588852903,0.0018072090967689023,0.00180671585018664,0.0018061182471667506,0.0018054005807907254,0.0018045380982707581,0.0018034985634180782,0.0018022367468861964,0.0018007284715335344,0.001798905728870007,0.001796715559442634,0.00179406347503484,0.0017908851677394344,0.0017870634524314217,0.0017824416711015973,0.001776883231123563,0.001770164123879432,0.0017620776923733357,0.0017523273965626535,0.0017405337211127505,0.0017262888617886425,0.0017090505598435076,0.0016881143065293905,0.0016626128496861486,0.0016313713775975107,0.001592730219952838,0.0015441518459437182,0.0014810025501398886,0.001391227231468737,0.0012720638570929124,0.001083026569912373,0.0008606198932436276,0.0006772607804565569,0.0005400660281036976,0.0004307868284041641,0.00033365244835364293,0.00023093314859859708,0.00015570062729215633,0.00010376335754237463,6.785503924777359e-05,4.301113486731371e-05,2.5835167185159077e-05,1.499969599943028e-05,8.919227127731404e-06,4.417838094744482e-06,1.4703649367862575e-06,0.0,0.0,0.0,0.0,0.0,0.0,0.0,0.0,0.0,0.0,0.0,0.0,0.0
1/0.3,0.001,0.00065209515758964,0.5,0.0004288062179109824,0.000428806104548558,0.0004288060667610832,0.00042880599118613364,0.0004288058400362345,0.00042880572667381014,0.00042880572667381014,0.00042880561331138577,0.0004288054621614866,0.00042880515986168827,0.0004288048197744152,0.00042880455526209165,0.00042880402623744464,0.00042880372393764633,0.0004288030437631001,0.00042880213686370515,0.000428801267751785,0.00042880047421481446,0.0004287993405905708,0.00042879760236673046,0.0004287956752055162,0.0004287930111885436,0.00042879015823419703,0.00042878645506166767,0.00042878275188913836,0.00042877821739216367,0.00042877249258973306,0.000428765161819624,0.0004287565462753721,0.0004287457390575824,0.00042873315582847766,0.00042871781411371325,0.0004286998650631884,0.00042867855292740736,0.00042865289523202557,0.00042862189060896105,0.00042858183588568454,0.0004285370388343221,0.0004284820580585039,0.0004284147018846923,0.00042833582053107,0.0004282389523394481,0.00042812286921689596,0.0004279822242357308,0.0004278127285175642,0.00042761207702643396,0.0004273679510455589,0.0004270742101102856,0.00042672182301413966,0.00042629465450538605,0.00042578148170401237,0.00042516295742292667,0.00042441724050170076,0.0004235194289944486,0.00042243672337305334,0.0004211305237320178,0.00041955937721149827,0.0004176638819011264,0.00041537524570304846,0.00041261872499213166,0.00040927353210521247,0.0004052350713120747,0.0004003327699515202,0.00039436225446615213,0.0003870505481380937,0.0003780124643430821,0.00036665653463198054,0.0003518433721712101,0.0003327047152588038,0.0003084206512667872,0.0002749397016169576,0.00022984326009170013,0.00018085130779043208,0.00014310774204701572,0.00011292427859718406,8.529075173359713e-05,5.786556611226e-05,3.911872752594206e-05,2.6179842708449448e-05,1.7230427223030508e-05,1.103989416570271e-05,6.77255463776724e-06,3.8125672688483945e-06,2.22420855356247e-06,1.233968882976151e-06,5.949260030799259e-07,1.8990095455272915e-07,0.0,0.0,0.0,0.0,0.0,0.0,0.0,0.0,0.0,0.0,0.0,0.0,0.0
1/0.2,0.001,0.00026041666666665,0.5,7.296002724729826e-05,7.296002724729826e-05,7.296000916280751e-05,7.295999107831676e-05,7.295995490933528e-05,7.295993079668097e-05,7.295991271219023e-05,7.2959858458718e-05,7.295981023340937e-05,7.295975597993714e-05,7.295968364197417e-05,7.295958116319331e-05,7.295946662808528e-05,7.2959370177468e-05,7.295923152970566e-05,7.295908685377973e-05,7.295886983989085e-05,7.295852623456676e-05,7.295824893904208e-05,7.295779079860999e-05,7.295734471450504e-05,7.295669970100196e-05,7.29559823495359e-05,7.295522882908838e-05,7.29541799286254e-05,7.295299840856368e-05,7.295145519868713e-05,7.294974922839392e-05,7.294769965277665e-05,7.294510151427356e-05,7.294200303819331e-05,7.293837408371801e-05,7.293392529899578e-05,7.292861448688159e-05,7.292220654899578e-05,7.291441213348652e-05,7.290517698688158e-05,7.289388623649578e-05,7.288017216435072e-05,7.286393831982911e-05,7.284414785879516e-05,7.282058376735998e-05,7.279201027198962e-05,7.275766179590937e-05,7.271598910107911e-05,7.26661904417427e-05,7.260614390431986e-05,7.253369743441246e-05,7.244681351273036e-05,7.234182098765319e-05,7.221546465084764e-05,7.20628918306316e-05,7.18792679398137e-05,7.165783540702049e-05,7.139098066165013e-05,7.106939019097112e-05,7.068136935763779e-05,7.021275197723657e-05,6.964572482638781e-05,6.896040099344028e-05,6.812741729359462e-05,6.711307629243723e-05,6.586924913194342e-05,6.43283058449064e-05,6.236331741898052e-05,5.9967972366897216e-05,5.706294608410405e-05,5.34101773485717e-05,4.8583441840277025e-05,4.206158673321694e-05,3.4777048369984026e-05,2.719490258487612e-05,2.1296332465277447e-05,1.590127977912784e-05,1.0782166280864032e-05,7.329626012731368e-06,4.954490379050849e-06,3.3156677999613685e-06,2.1814296392746577e-06,1.3900221836419537e-06,8.373420621141846e-07,4.459816261574005e-07,2.477273823302431e-07,1.6034915123456541e-07,9.030189043209736e-08,3.559630594135747e-08,0.0,0.0,0.0,0.0,0.0,0.0,0.0,0.0,0.0,0.0,0.0,0.0,0.0,0.0
