s,q,source_radius,LD_coeff,1.0e-08,1.2e-08,1.5e-08,1.7e-08,2.1e-08,2.5e-08,3.1e-08,3.7e-08,4.4e-08,5.3e-08,6.4e-08,7.7e-08,9.3e-08,1.1e-07,1.4e-07,1.6e-07,2.0e-07,2.4e-07,2.8e-07,3.4e-07,4.1e-07,5.0e-07,6.0e-07,7.2e-07,8.7e-07,1.0e-06,1.3e-06,1.5e-06,1.8e-06,2.2e-06,2.7e-06,3.2e-06,3.9e-06,4.6e-06,5.6e-06,6.7e-06,8.1e-06,9.8e-06,1.2e-05,1.4e-05,1.7e-05,2.1e-05,2.5e-05,3.0e-05,3.6e-05,4.3e-05,5.2e-05,6.3e-05,7.6e-05,9.1e-05,1.1e-04,1.3e-04,1.6e-04,1.9e-04,2.3e-04,2.8e-04,3.4e-04,4.0e-04,4.9e-04,5.9e-04,7.1e-04,8.5e-04,1.0e-03,1.2e-03,1.5e-03,1.8e-03,2.2e-03,2.6e-03,3.1e-03,3.8e-03,4.5e-03,5.5e-03,6.6e-03,7.9e-03,9.5e-03,1.1e-02,1.4e-02,1.7e-02,2.0e-02,2.4e-02,2.9e-02,3.5e-02,4.2e-02,5.1e-02,6.1e-02,7.4e-02,8.9e-02,1.1e-01,1.3e-01,1.6e-01,1.9e-01,2.3e-01,2.7e-01,3.3e-01,3.9e-01,4.8e-01,5.7e-01,6.9e-01,8.3e-01,1.0e+00
0.2,1e-06,8.680555555555554e-07,0.5,9.910704142728015e-07,1.0736596154622017e-06,1.321427219030402e-06,1.6517840237880023e-06,2.2299084321138032e-06,2.684149038655504e-06,3.1383896451972044e-06,3.7165140535230055e-06,4.212049260659406e-06,5.285708876121608e-06,6.565841494557309e-06,7.845974112993012e-06,9.910704142728015e-06,1.1397309764137217e-05,1.3957575001008621e-05,1.7137259246800526e-05,2.064730029735003e-05,2.4941938759198836e-05,3.105353964721444e-05,3.774326494355586e-05,4.558923905654887e-05,5.409592677905708e-05,6.524546893962609e-05,7.862491953230891e-05,9.456463536186314e-05,0.00011364274083661457,0.0001359418251577526,0.00016162706672765605,0.0001929283739784387,0.00022484910023814184,0.0002640789708031069,0.00030909008545132997,0.00037227082436122106,0.00044738570284298044,0.0005418677490036542,0.0006546845978283748,0.0008312190153707175,0.0009778148474819028,0.0011671505912086025,0.0013940231268758847,0.0017029480339248357,0.0020299599760342656,0.0024606626602369872,0.0029641264306875703,0.003547288780285925,0.004301575954748716,0.0051567458384643595,0.006224459031440924,0.007487247917626852,0.00901853429687952,0.010871299141761928,0.01309319642136036,0.015771316448329038,0.018997870065795924,0.02289736049455405,0.027587848997703647,0.03324921485543524,0.04007793777737841,0.048326658129971535,0.058307645682911725,0.07041910426973369,0.0851192800732368,0.1030086791752692,0.12495081296886663,0.15217865563858568,0.186960849951898,0.23447941404283185,0.29651381484021405,0.3669872215097298,0.45337726032706727,0.5859866938060287,0.6878004311238891,0.7696305549651574,0.8476401023594041,0.9177157181413912,0.9502692428606074,0.9721937025651504,0.9878876329319649,0.9969749227388347,0.9996183553013038,1.0,1.0,1.0,1.0,1.0,1.0,1.0,1.0,1.0,1.0,1.0,1.0,1.0,1.0,1.0,1.0,1.0,1.0,1.0,1.0
0.2,3e-06,2.604166666666667e-06,0.5,9.910704142728015e-07,1.321427219030402e-06,1.5691948225986022e-06,1.7343732249774025e-06,2.1473192309244033e-06,2.477676035682004e-06,2.9732112428184046e-06,3.964281657091206e-06,4.624995266606407e-06,5.946422485636809e-06,6.85490369872021e-06,8.176330917750612e-06,9.910704142728015e-06,1.1975434172463018e-05,1.4287931805766221e-05,1.7261143048584625e-05,2.122542470567583e-05,2.5933009173471638e-05,3.163166405554025e-05,3.906469216258626e-05,4.666289867201107e-05,5.5830300004034485e-05,6.70624313657929e-05,8.068964956204392e-05,9.720748979992395e-05,0.00011702889808537997,0.0001382130281904611,0.00016373309135798574,0.00019247413337189698,0.00022526204624408883,0.0002628401327852659,0.00030776865823229954,0.00037231211896181574,0.00044598168642276067,0.0005400507865774874,0.0006548497762307536,0.0008289065177374144,0.000977071544671198,0.0011650032719776782,0.0013965420975121613,0.0017006768308921274,0.0020304968058419966,0.0024596715898227146,0.0029633831278768658,0.0035470410126823564,0.0043008326519380115,0.005156415481659602,0.006223798317831409,0.007488321577242315,0.009018905948284871,0.01087088619575598,0.01309319642136036,0.015771646805133793,0.018998283011801873,0.022897938618962374,0.027587931586904837,0.03324954521224,0.040077607420573653,0.048326947192175694,0.058309297466935514,0.07041885650213012,0.08512134480326654,0.10301033095929298,0.12495176274468031,0.15217981188740234,0.1869607260680962,0.23448387385969607,0.29651773782727053,0.3669911032021857,0.4533794902354994,0.5859931357637216,0.6878039824595402,0.7696330326411932,0.847641341197422,0.9177200953690542,0.9502705642878265,0.9721939503327539,0.9878882936455745,0.9969755834524442,0.9996183553013038,1.0,1.0,1.0,1.0,1.0,1.0,1.0,1.0,1.0,1.0,1.0,1.0,1.0,1.0,1.0,1.0,1.0,1.0,1.0,1.0
0.2,1e-05,8.680555555555556e-06,0.5,1.5691948225986022e-06,1.8169624261668026e-06,2.1473192309244033e-06,2.5602652368714037e-06,2.8080328404396043e-06,3.3035680475760047e-06,3.964281657091206e-06,4.790173668985207e-06,5.616065680879209e-06,6.276779290394409e-06,7.598206509424811e-06,9.167401332023414e-06,1.0736596154622016e-05,1.2553558580788818e-05,1.5237707619444323e-05,1.8830337871183228e-05,2.2216495119948633e-05,2.684149038655504e-05,3.2622734469813046e-05,3.980799497329086e-05,4.8975396305314274e-05,5.839056524090589e-05,7.05311778157477e-05,8.506687722508213e-05,0.00010191507426771976,0.00011913492271570968,0.0001395344554094915,0.00016125541532230374,0.00018793172730647998,0.00022154553219056583,0.0002613535271638567,0.00030619946340970097,0.00037111457554456944,0.00044362789418886275,0.0005345173100977976,0.0006889591163219759,0.0008229600952517775,0.0009728594954105387,0.0011564139950539804,0.0014049661960334801,0.001692046259367835,0.002032148589865785,0.0024557898973668127,0.00295867554340907,0.003543407087830023,0.0042982723867011395,0.005157654319677443,0.006224211263837356,0.007489230058455398,0.009019566661894388,0.010869069233329814,0.013092659591552628,0.01577127515372844,0.01899869595780782,0.022900416294998054,0.027586362392082238,0.033250288515050706,0.040079506972201015,0.048329259689809,0.05830987559134384,0.07042125158896462,0.08512258364128437,0.10301132202970725,0.1249550250181273,0.15218431299886717,0.18696634213377708,0.23448701224934126,0.29652958937764123,0.3669995685953076,0.45339311745369565,0.5860121312799951,0.6878113328984461,0.7696420348641227,0.8476460487818898,0.9177330618736409,0.9502751892830931,0.9721978320252098,0.9878903583756042,0.9969773178256691,0.9996183553013038,1.0,1.0,1.0,1.0,1.0,1.0,1.0,1.0,1.0,1.0,1.0,1.0,1.0,1.0,1.0,1.0,1.0,1.0,1.0,1.0
0.2,3e-05,2.604166666666666e-05,0.5,7.433028107046011e-07,8.258920118940012e-07,9.910704142728015e-07,1.1562488166516018e-06,1.5691948225986022e-06,1.8995516273562027e-06,2.1473192309244033e-06,2.8906220416290043e-06,3.633924852333605e-06,4.046870858280606e-06,4.707584467795807e-06,6.111600888015609e-06,7.1852605034778105e-06,8.671866124887013e-06,1.0323650148675015e-05,1.2388380178410018e-05,1.536159142122842e-05,1.8252213462857427e-05,2.1803549114001632e-05,2.733702559369144e-05,3.328344807932825e-05,3.9725405772101456e-05,4.806691509223087e-05,5.7812440832580083e-05,6.85490369872021e-05,8.415839601199872e-05,0.00010385592049567065,0.0001296237512667635,0.00016232907493776594,0.0002002375182837006,0.0002462397033461965,0.00029959232731454895,0.00037194046755646346,0.00048698722481329784,0.0005762248566984447,0.0006734323464983686,0.0007984311024985257,0.0009567546011786057,0.001170536748457368,0.0014237965339046635,0.001681433547014997,0.0020261195781789585,0.002472555505208261,0.0029543809049472213,0.0035481146722978188,0.0042956295322630796,0.005156415481659602,0.006221155463393348,0.007494846124136277,0.009017006396657515,0.010868408519720298,0.013092824769955007,0.01577144033213082,0.01900142140144707,0.022902728792631357,0.027587270873295322,0.03325037110425189,0.04007991991820696,0.0483315721874423,0.058314005051403314,0.07042505069221933,0.08512559814712779,0.1030187963524149,0.12496621585488846,0.15219455405981466,0.1869819101982013,0.23450724660363267,0.29655973443607536,0.36702946588613816,0.4534316866106511,0.5860532607021874,0.6878402391188624,0.7696641687700415,0.8476572809132515,0.917766675678525,0.9502885687336858,0.9722063387129324,0.9878971306901018,0.9969824383561429,0.9996183553013038,1.0,1.0,1.0,1.0,1.0,1.0,1.0,1.0,1.0,1.0,1.0,1.0,1.0,1.0,1.0,1.0,1.0,1.0,1.0,1.0
0.2,0.0001,8.680555555555555e-05,0.5,8.258920118940012e-07,9.084812130834013e-07,1.238838017841002e-06,1.4040164202198022e-06,1.7343732249774025e-06,1.982140828545603e-06,2.1473192309244033e-06,2.477676035682004e-06,2.8906220416290043e-06,3.468746449954805e-06,4.4598168642276065e-06,5.285708876121608e-06,6.111600888015609e-06,7.845974112993012e-06,9.167401332023414e-06,1.1810255770084217e-05,1.4122753403387421e-05,1.7921856658099827e-05,2.1886138315191034e-05,2.700666878893384e-05,3.311826967694945e-05,3.956022736972266e-05,4.6497720269632266e-05,5.525217559570868e-05,6.65668961586565e-05,8.052447115966512e-05,9.844632781776494e-05,0.00011876327131035737,0.000143870388471935,0.00017219848447989927,0.00022575758145122524,0.00030421732258115533,0.00038403978553071055,0.0004678678247379517,0.0005649101361354968,0.0006902805435410062,0.0007988853431050674,0.0009626597290636478,0.0011769787061501411,0.0013893981316092782,0.001689692467133937,0.00203623675532466,0.002460414892633419,0.0029496733204794254,0.003560998587683365,0.004289104985369116,0.00516632618580233,0.006216902119532094,0.007491212199283943,0.009032615755682313,0.010872785747383337,0.01309583927579842,0.015775528497589696,0.01901038232977612,0.022902068079021842,0.027595199436609506,0.033257762837758345,0.04008871566813363,0.048344497397428444,0.058326228253179346,0.0704392560348239,0.0851434374145847,0.1030420865071503,0.1249939658264881,0.15223754173903373,0.18702972934568995,0.2345691472099241,0.2966639620079764,0.36713051377379335,0.4535648204029684,0.5862188520505722,0.6879428149067397,0.7697374253914966,0.8476921335561535,0.9178778407433259,0.9503358923459673,0.9722380529661891,0.987924715483299,0.9969992039639843,0.9996185204797061,1.0,1.0,1.0,1.0,1.0,1.0,1.0,1.0,1.0,1.0,1.0,1.0,1.0,1.0,1.0,1.0,1.0,1.0,1.0,1.0
0.2,0.0003,0.0002604166666666,0.5,9.084812130834013e-07,9.910704142728015e-07,1.1562488166516018e-06,1.321427219030402e-06,1.5691948225986022e-06,2.1473192309244033e-06,2.725443639250204e-06,3.3035680475760047e-06,3.881692455901805e-06,4.212049260659406e-06,5.533476479689808e-06,6.68972529634141e-06,8.258920118940012e-06,1.0075882545106815e-05,1.1232131361758417e-05,1.346203979387222e-05,1.5113823817660222e-05,1.8912927072372626e-05,2.2877208729463833e-05,2.766738239844904e-05,3.361380488408585e-05,3.980799497329086e-05,4.814950429342027e-05,6.012493846588329e-05,7.234814024191451e-05,8.614053684054432e-05,0.00010682913173848906,0.0001297063404679529,0.00015778666887234893,0.0001927219009754652,0.00024681782775452224,0.00031462356193101977,0.00038647616696579787,0.00046691804892427357,0.0005630105845081406,0.0006646778911722922,0.0007947971776461921,0.0009587367420071513,0.0011797867389905807,0.0013873746961801379,0.0017130239164699426,0.002028019129806315,0.002451330080502585,0.002961979111456646,0.0035576124304345998,0.004285966595723919,0.005170290467459421,0.0062208251065885905,0.007504178703870679,0.009029312187634737,0.010875924137028535,0.013108186361376235,0.015791922454025793,0.01901810442008733,0.02291495199440739,0.02761518602329734,0.033284810801147875,0.04011948014557668,0.04837550964247506,0.05836694472936572,0.07048108746522633,0.08520030007960361,0.10311707750183027,0.12508473135859524,0.15234342109495855,0.187174095269369,0.23476323183271922,0.29696268714867846,0.36741912173734975,0.4539595554900531,0.5866582266008998,0.6882388146038024,0.7699539742770152,0.8477899191703617,0.9181963047031123,0.9504549033848813,0.9723253497518463,0.988001440851204,0.9970468579330706,0.999619346371718,1.0,1.0,1.0,1.0,1.0,1.0,1.0,1.0,1.0,1.0,1.0,1.0,1.0,1.0,1.0,1.0,1.0,1.0,1.0,1.0
0.2,0.001,0.0008680555555555,0.5,1.11540749553837e-06,1.4045872166038734e-06,1.5698327714984467e-06,1.8177011038403067e-06,2.5613061008658867e-06,3.0570427655496068e-06,3.84195915129883e-06,4.626875537048053e-06,5.6183488664154935e-06,7.0642474717430105e-06,7.890475246215876e-06,9.749487738779827e-06,1.140194328772556e-05,1.36327582788023e-05,1.5904884658602683e-05,1.9375041311388724e-05,2.2969132130345693e-05,2.8339612664419327e-05,3.478418930530769e-05,4.106352039130147e-05,5.114349923987045e-05,6.085167558992663e-05,7.510410469958358e-05,8.98109590852006e-05,0.0001084837067882874,0.00013190726419459316,0.00015479377354749157,0.00018061339149976865,0.00021275365192676316,0.0002480335778967546,0.0002895102121752925,0.0003425540352964505,0.0004082391433670434,0.0004795839116927755,0.0005691883138343579,0.0006757716967413577,0.0008095379734285148,0.000964951417806861,0.001152463811223478,0.0013910370811025183,0.001699881023200476,0.0020361557274109327,0.002460630246546368,0.0029764442461497785,0.0035683538237821404,0.004306009980831515,0.005180282900389979,0.006244340339744861,0.007520449137418204,0.009064379668186925,0.010907611210258444,0.013130866217198757,0.01582284024059753,0.019057232797937737,0.02296590984202525,0.027672557670698657,0.033356715579350917,0.04020304547557671,0.04848242613523696,0.05848432645911825,0.07061814230947187,0.08538382411263137,0.10334440478551127,0.12537027397713002,0.15270746579417013,0.1876441354352568,0.23539344966620399,0.29796727311785315,0.3684115771035759,0.45537089364796085,0.587864738251041,0.6891279578954326,0.770588976469033,0.847961159032322,0.9191761269746844,0.9508442808513451,0.972587745389649,0.988204524423293,0.9971875619670831,0.9996196873554102,1.0,1.0,1.0,1.0,1.0,1.0,1.0,1.0,1.0,1.0,1.0,1.0,1.0,1.0,1.0,1.0,1.0,1.0,1.0,1.0
0.3,1e-06,2.1736505252988773e-06,0.5,7.490406991704506e-07,8.371631343669743e-07,9.252855695634979e-07,1.2777753103495922e-06,1.5862038335374248e-06,1.9386935743235195e-06,2.423366967904399e-06,2.8199179262887556e-06,3.524897407860944e-06,4.362060542227918e-06,5.243284894193155e-06,6.168570463756653e-06,7.181978468516673e-06,8.239447690874957e-06,1.0090018830001953e-05,1.2381202145111567e-05,1.440801815463161e-05,1.7095752428125578e-05,2.0885017141576096e-05,2.5291138901402274e-05,3.053442379559543e-05,3.6702994259352084e-05,4.353248298708266e-05,5.203629798354719e-05,6.327190847110395e-05,7.732743688494947e-05,9.199982234517065e-05,0.00010891932990290318,0.00012923155121570188,0.0001515705885380206,0.0001814440940696421,0.00021797084345860114,0.0002644994892423656,0.00031935570515220156,0.00038011612422020455,0.00046726921262956643,0.0005802421745515097,0.000690879891940745,0.000821124851161207,0.0009881609270762175,0.0012259593184540364,0.001433091102383465,0.0017310771170005097,0.00208391934752739,0.002518759504004636,0.0030411492998496277,0.003654305203947039,0.004402420617547927,0.005318585515068584,0.00638764283765521,0.007704280141926469,0.009276120018526861,0.011172294517868057,0.01346197975157933,0.016222811585068816,0.019542956514750638,0.023548693990261414,0.028372472031701516,0.034188905244412864,0.04120671161615841,0.049676379168984285,0.059923872790682425,0.07236966868079305,0.08745490774990994,0.10582332438714372,0.12837248965618855,0.15632646824314178,0.1917330933583178,0.23920253426024035,0.31023802927215804,0.3933934874700472,0.504454941588925,0.6363169034340256,0.7251218028299287,0.7979457426641597,0.8669969407415398,0.9245799291636617,0.9555843099061602,0.9776352749878214,0.9945353074873756,0.999940781723548,1.0,1.0,1.0,1.0,1.0,1.0,1.0,1.0,1.0,1.0,1.0,1.0,1.0,1.0,1.0,1.0,1.0,1.0,1.0
0.3,3e-06,6.520951575896631e-06,0.5,9.693467871617598e-07,1.1896528751530687e-06,1.365897745546116e-06,1.5862038335374248e-06,1.9386935743235195e-06,2.026816009520043e-06,2.3352445327078755e-06,2.5555506206991844e-06,2.908040361485279e-06,3.2164688846731115e-06,4.362060542227918e-06,5.595774634979249e-06,7.446345774106245e-06,9.076610825241931e-06,1.0398447353189785e-05,1.2293079709915042e-05,1.5729854682579465e-05,1.8681956261663004e-05,2.225091488712221e-05,2.5863934730179678e-05,3.0710668665988474e-05,3.6262382083369466e-05,4.251907498232264e-05,5.1022889978787166e-05,6.040792932721693e-05,7.318568243071285e-05,8.851898615490796e-05,0.00010446914692547873,0.00012623538841902005,0.00014883879304692838,0.0001793732168425238,0.00021664900693065328,0.0002641469995015795,0.0003193116439346033,0.00038302416458168984,0.00047185157925978567,0.000580638725509894,0.0006877956067088668,0.0008200673819388487,0.0009888218453401915,0.0012227428495693632,0.0014315930209851243,0.0017334564227508159,0.002081187552036298,0.0025183188918286533,0.0030398715245392783,0.003654261142729441,0.004403169658247097,0.005316602760276662,0.00638662942965045,0.007705249488713631,0.009276472508267648,0.01117247076273845,0.013463125343236884,0.016223384380897595,0.01954339712692662,0.02354803307199744,0.028372472031701516,0.03418820026493129,0.041207416595639985,0.04967681978116027,0.05992382872946483,0.072370770211233,0.08745561272939151,0.10582438185636607,0.12837284214592934,0.15632801038575772,0.19173595733746168,0.23920284268876355,0.3102435369243578,0.3933982020203302,0.5044700105253437,0.6363219264128318,0.725122639993063,0.7979468882558173,0.8669934158441318,0.9245817797348008,0.9555858079875585,0.9776365087019142,0.9945360124668572,0.999940781723548,1.0,1.0,1.0,1.0,1.0,1.0,1.0,1.0,1.0,1.0,1.0,1.0,1.0,1.0,1.0,1.0,1.0,1.0,1.0
0.3,1e-05,2.1736505252988773e-05,0.5,6.168570463756653e-07,7.490406991704506e-07,8.371631343669743e-07,1.1455916575548068e-06,1.2337140927513305e-06,1.4099589631443778e-06,1.4980813983409013e-06,1.9386935743235195e-06,2.1589996623148284e-06,2.643673055895708e-06,3.524897407860944e-06,4.185815671834871e-06,4.9789175886035836e-06,6.565121422141009e-06,7.666651862097554e-06,9.076610825241931e-06,1.101530439956545e-05,1.3570855020264636e-05,1.537736494179337e-05,1.9430996960833453e-05,2.366087385026659e-05,2.811105682769103e-05,3.423556607384942e-05,4.0712565060793904e-05,4.864358422848103e-05,6.120103124398564e-05,7.591747792180509e-05,9.367414861390459e-05,0.00011301702313954152,0.00014064340657365167,0.00017166250376282797,0.000210039824290914,0.000261194897922496,0.0003218231333377042,0.0003994589987458415,0.000488242352206339,0.000572046788078233,0.00067757340422607,0.0008138547502574937,0.0010190037793950007,0.0012102735249890553,0.001424631348604599,0.001745617318807936,0.0020775304709756423,0.0025175257899118847,0.003036346627131417,0.003653644285683065,0.004401539393195961,0.005315060617660723,0.006390066204623114,0.0077054697948016225,0.009275459100262886,0.011173043558567228,0.013467399281343917,0.016222679401416022,0.01954366149423221,0.023549134602437394,0.0283704011544744,0.03418868493832487,0.04121155835009422,0.049678361923776206,0.059927221443219894,0.07237226829263134,0.08745913762679937,0.10582737801916275,0.12837817355325873,0.15633312148699913,0.19174142092844387,0.23920976029992647,0.31025776869764204,0.3934109357122161,0.5045130583349372,0.636332104554097,0.7251301744612723,0.7979537618057626,0.8669851323352233,0.9245922222433716,0.9555929018435918,0.9776407385788036,0.9945387002011307,0.999940781723548,1.0,1.0,1.0,1.0,1.0,1.0,1.0,1.0,1.0,1.0,1.0,1.0,1.0,1.0,1.0,1.0,1.0,1.0,1.0
0.3,3e-05,6.520951575896632e-05,0.5,5.727958287774034e-07,7.490406991704506e-07,8.81224351965236e-07,1.1455916575548068e-06,1.4099589631443778e-06,1.4980813983409013e-06,1.8946323567252574e-06,2.1149384447165666e-06,2.8199179262887556e-06,3.9214483662453005e-06,4.714550283014013e-06,5.287346111791416e-06,6.300754116551438e-06,8.019141602883648e-06,9.737529089215858e-06,1.172028388113764e-05,1.4011467196247254e-05,1.6743262687339483e-05,1.9475058178431716e-05,2.370493506786485e-05,2.8287301698084076e-05,3.361870902747375e-05,4.0668503843195644e-05,4.9965420756428885e-05,6.243474533673697e-05,7.565311061621552e-05,9.248449573875153e-05,0.00011270859461635369,0.00013835222325854206,0.00016470083138230262,0.00019532337761309456,0.00022506469949192128,0.0002704036924005327,0.0003195760112401929,0.00038624063346636296,0.0004631715193929281,0.0005566253619188414,0.0006702151808871603,0.0008390137055061012,0.0010036704756708056,0.001185158630958046,0.0014424320805142966,0.0017335886064036106,0.0020788963687211883,0.0025368246032199233,0.003028724036486918,0.0036719296909863437,0.004404050882599062,0.0053128134955632116,0.00639879032570757,0.007708730324903893,0.009276692814355638,0.011177097190586268,0.013470483566575795,0.016221005075147288,0.019544586779801774,0.02354931084730779,0.028372560154136715,0.03418894930563046,0.04121314455392776,0.04967800943403542,0.05993665054378592,0.07237420698620567,0.08746385217708239,0.10584310787384534,0.12838614863364403,0.15634550268914424,0.1917537580693714,0.23922319897129393,0.3103030636293331,0.39344970958370257,0.5046436117226808,0.6363616696311054,0.7251591226812344,0.7979698882114036,0.8669623086245075,0.9246181302393194,0.9556079267187928,0.9776510929649392,0.9945461465469048,0.999940781723548,1.0,1.0,1.0,1.0,1.0,1.0,1.0,1.0,1.0,1.0,1.0,1.0,1.0,1.0,1.0,1.0,1.0,1.0,1.0
0.3,0.0001,0.00021736505252980003,0.5,3.965509583843562e-07,4.846733935808799e-07,9.252855695634979e-07,1.1455916575548068e-06,1.4099589631443778e-06,1.4099589631443778e-06,1.5862038335374248e-06,1.8946323567252574e-06,2.3793057503061373e-06,3.1724076670748496e-06,3.568958625459206e-06,4.406121759826181e-06,4.9789175886035836e-06,5.9042031581670814e-06,7.005733598123627e-06,8.547876214062789e-06,1.0706875876377618e-05,1.317430406188028e-05,1.537736494179337e-05,1.8549772608868218e-05,2.1634057840746546e-05,2.6965465170136222e-05,3.154783180035545e-05,3.661487182415556e-05,4.6043972390183584e-05,5.6838970701757724e-05,6.706117318455447e-05,8.010329359363996e-05,9.565690340582638e-05,0.00011561663497783897,0.00014192118188400125,0.0001717506261980245,0.0002223769652184273,0.0003364514575803271,0.00040862373200627997,0.0004933093922301391,0.0005922268257382369,0.000680084893629171,0.0008014294868947839,0.0010135401884128162,0.0011941030581304932,0.0014542404868306308,0.0017423127274880665,0.0020822890824762543,0.002532286297807302,0.003035597586432247,0.0036567726321325416,0.004411673473243561,0.005323344126569196,0.0063902424494935075,0.007700578999648215,0.009279160242541142,0.011181238945040504,0.013465460587769594,0.016225323074471918,0.019549345391302386,0.02355790278473945,0.028376525663720557,0.034204018242049064,0.04121891657343313,0.04969351898263001,0.05994537466487038,0.07239548855430562,0.08748218164360326,0.10586839901274674,0.12842584779070004,0.15638498154011227,0.1918042081635214,0.23927884828912055,0.3104637989511315,0.3935842284810301,0.5050994250187348,0.6364722192260595,0.7252334539553227,0.7980220566930399,0.8668954236961933,0.9247067814091271,0.955659786771906,0.9776923342646112,0.9945723629713757,0.9999411342132887,1.0,1.0,1.0,1.0,1.0,1.0,1.0,1.0,1.0,1.0,1.0,1.0,1.0,1.0,1.0,1.0,1.0,1.0,1.0
0.3,0.0003,0.0006520951575896,0.5,8.81224351965236e-07,8.81224351965236e-07,8.81224351965236e-07,1.0574692223582833e-06,1.4099589631443778e-06,1.8505711391269958e-06,2.2030608799130903e-06,2.5555506206991844e-06,2.9961627966818026e-06,3.789264713450515e-06,4.582366630219227e-06,5.551713417380987e-06,6.785427510132318e-06,7.57852942690103e-06,9.252855695634979e-06,1.101530439956545e-05,1.3042120409085493e-05,1.489269154821249e-05,1.8770078696859527e-05,2.1678119058344805e-05,2.5819873512581415e-05,3.0137872837211073e-05,3.6747055476950344e-05,4.432558490385137e-05,5.269721624752112e-05,6.344815334149699e-05,7.543280452822421e-05,9.085423068761584e-05,0.00011019710521325277,0.00013372579541072457,0.00016474489259990087,0.00021034825281410183,0.0002662178767286978,0.00032931354032940873,0.000403248263459292,0.00048092819008502757,0.0005721349105134295,0.0006793358529300005,0.0008235922793467097,0.0009913333347432924,0.0011989057308487037,0.0014444588965238166,0.0017405943400017343,0.0020834346741338094,0.002539820766016605,0.0030185458952217198,0.003646065756256164,0.004418238594665703,0.005312064454864041,0.006398878448142767,0.007716617282853983,0.009288457159454373,0.011187760005245047,0.013470836056316582,0.01624021576602013,0.019560184450831557,0.023573985129162815,0.028397146313556543,0.034221025872041996,0.041245397365209685,0.049724758385907175,0.05998146080208336,0.0724269042024532,0.08754162022614331,0.10594180500126543,0.12850885912465518,0.15649870354273338,0.1919485086511557,0.23945412381272643,0.3109134436767218,0.3939871242547486,0.5063471505786824,0.6367588374465362,0.7254454765344055,0.7981691770986006,0.8666634854467561,0.9249461219431209,0.9558010910967436,0.9777999317579862,0.9946484566941679,0.9999429847844279,1.0,1.0,1.0,1.0,1.0,1.0,1.0,1.0,1.0,1.0,1.0,1.0,1.0,1.0,1.0,1.0,1.0,1.0,1.0
0.3,0.001,0.0021736505252988,0.5,7.049794815721889e-07,7.931019167687124e-07,8.81224351965236e-07,9.693467871617598e-07,1.2337140927513305e-06,1.6743262687339485e-06,2.2030608799130903e-06,2.467428185502661e-06,2.908040361485279e-06,3.348652537467897e-06,3.789264713450515e-06,4.4942441950227035e-06,5.9042031581670814e-06,7.57852942690103e-06,8.900365954848884e-06,1.1632161445941115e-05,1.3394610149871588e-05,1.612640564096382e-05,1.929881330803867e-05,2.3352445327078754e-05,2.7758567086904935e-05,3.339840293948245e-05,4.115317723677652e-05,4.970105345083931e-05,6.0980725155994337e-05,7.459564139385723e-05,9.173545503958108e-05,0.00011270859461635369,0.00013429859123950197,0.00016179279102081733,0.00019316437795077973,0.00023008767829812312,0.0002774094259986563,0.0003309878665981427,0.0003942597750692466,0.00047599333371402226,0.000572046788078233,0.0006869143823569015,0.000823151667170727,0.0009900114982153445,0.001201505342687001,0.0014515527525571369,0.0017394487483441794,0.0020863427144952947,0.002536295868608744,0.0030527374000779706,0.0036530274286366896,0.004434232816653871,0.005327089330065048,0.006423288362692204,0.007732214953883767,0.009319432195425952,0.011190403678300943,0.013485155952036016,0.01626837088406542,0.01960547938252257,0.023620425652511382,0.028458655773323717,0.034300292002501266,0.0413362515958973,0.0498357926542548,0.06011518659749408,0.07257556675062972,0.08773932290950671,0.10619788879794653,0.12883892170568376,0.1569168444977409,0.19248508615906734,0.24016143853883132,0.31252652485299415,0.39555918443743693,0.510094733380285,0.6375589450969029,0.7261014599420084,0.7986893638335656,0.8665480450566486,0.9256438313237894,0.9562490174348476,0.9781627318236903,0.9948981075530796,0.9999485364978452,1.0,1.0,1.0,1.0,1.0,1.0,1.0,1.0,1.0,1.0,1.0,1.0,1.0,1.0,1.0,1.0,1.0,1.0,1.0
0.4,1e-06,4.53514739229025e-06,0.5,5.453186867399081e-07,7.270915823198775e-07,9.997509256898316e-07,1.181523821269801e-06,1.317853492954778e-06,1.5450696124297398e-06,2.272161194749617e-06,2.7265934336995404e-06,3.2719121204394486e-06,3.908117254969341e-06,4.907868180659173e-06,6.543824240878897e-06,8.361553196678592e-06,1.0361055048058254e-05,1.2451443347227902e-05,1.4814490989767504e-05,1.6995765736727135e-05,2.0085904961586616e-05,2.408490866434594e-05,2.8629231053845175e-05,3.344621278671437e-05,3.944471834085335e-05,4.635208837289219e-05,5.6076938286420555e-05,6.480203727425909e-05,7.725348062148699e-05,9.161353937230457e-05,0.0001092455102435616,0.00012910419908567324,0.00014855389891272998,0.00017309323981602585,0.00020208601666103096,0.00023603210491059023,0.00027743088187892823,0.0003258733585509901,0.00039062995260135417,0.00048342501579492857,0.0005906255809632155,0.0006934181534136881,0.0008171600520797523,0.001032788149461491,0.001228557558001118,0.0014637262416577034,0.0017714677538745915,0.0021100197718922843,0.002581993095265675,0.003069326228315573,0.0037302070334204467,0.004478429714851496,0.005383749621287533,0.006485429698173832,0.007817279704088268,0.009423288679761192,0.011350126816132762,0.01368036445102018,0.016470805614292185,0.019841011428016503,0.023909361490439585,0.028803596703930262,0.034711352139950954,0.041846256394032014,0.0504628369632093,0.06089128431230383,0.07353254400574112,0.0889197559462572,0.10768585335626156,0.13072588597358994,0.15933921189907188,0.1956417130804821,0.243787718159853,0.32083543186354346,0.42980560161352527,0.5798016866797867,0.6808113396839632,0.7579465770368755,0.8210239530778718,0.878962791133718,0.9268710372656703,0.9590423858492345,0.9830435880951659,0.9990121551989707,1.0,1.0,1.0,1.0,1.0,1.0,1.0,1.0,1.0,1.0,1.0,1.0,1.0,1.0,1.0,1.0,1.0,1.0,1.0
0.4,3e-06,1.3605442176870747e-05,0.5,4.544322389499234e-07,4.544322389499234e-07,5.453186867399081e-07,6.362051345298928e-07,6.362051345298928e-07,1.181523821269801e-06,1.726842508009709e-06,2.090388299169648e-06,2.4539340903295866e-06,2.953809553174502e-06,3.817230807179357e-06,4.907868180659173e-06,7.452688718778744e-06,9.361304122368423e-06,1.1179033078168117e-05,1.4178285855237612e-05,1.7450197975677058e-05,2.0722110096116508e-05,2.463022735108585e-05,2.8356571710475223e-05,3.371887213008432e-05,4.008092347538325e-05,4.7442725746372007e-05,5.562250604747063e-05,6.616533399110885e-05,7.743525351706695e-05,9.274961996967937e-05,0.00010774588385502684,0.00012501430893512394,0.0001454637596878705,0.0001703666463823263,0.00019990474191407132,0.00023471425141763545,0.00027743088187892823,0.0003269639959244699,0.0003904481797057742,0.0004895144077968575,0.000587535441738356,0.0006909642193233586,0.0008136154806159429,0.0010292435779976816,0.0012257400781196285,0.0014692248717489975,0.0017657419076638225,0.0021088836912949095,0.00258103878756388,0.003067872045150933,0.0037301161469726566,0.004475066916283266,0.005383749621287533,0.006486247676203942,0.007817097931192687,0.009423425009432877,0.011351580999297402,0.01368009179167681,0.016470260295605443,0.019840102563538603,0.023908997944648427,0.02880332404458689,0.034712669993443905,0.041846347280479805,0.050462109871626984,0.06089201140388615,0.07353299843798007,0.0889224825396909,0.10768676222073946,0.1307272492703068,0.15934202937895336,0.1956435308094379,0.24378999032104776,0.32084015795882853,0.4298100096062431,0.5798019593391301,0.6808116123433067,0.7579492127438614,0.8210242257372152,0.8789590647893586,0.9268753089287164,0.9590441126917426,0.9830454058241217,0.9990135184956875,1.0,1.0,1.0,1.0,1.0,1.0,1.0,1.0,1.0,1.0,1.0,1.0,1.0,1.0,1.0,1.0,1.0,1.0,1.0
0.4,1e-05,4.53514739229025e-05,0.5,6.362051345298928e-07,8.179780301098622e-07,8.179780301098622e-07,9.088644778998468e-07,1.181523821269801e-06,1.2724102690597857e-06,1.6359560602197243e-06,1.999501851379663e-06,2.363047642539602e-06,2.635706985909556e-06,3.2719121204394486e-06,5.271413971819112e-06,6.725597136458867e-06,8.452439644468576e-06,9.815736361318346e-06,1.1360805973748085e-05,1.3269421377337765e-05,1.5996014811037305e-05,1.917704048368677e-05,2.244895260412622e-05,2.599352406793562e-05,3.1083165144174764e-05,3.68090113549438e-05,4.335283559582269e-05,5.021476240396654e-05,6.048493100423481e-05,7.275460145588274e-05,8.938682140144994e-05,0.00010892740767629665,0.0001311037009370529,0.0001578243165873084,0.00019063432423949288,0.00022962461034139632,0.0002803392482082078,0.0003460501499603667,0.00041762322759497964,0.00048287969710818863,0.0005718120862706886,0.0006791489811106606,0.0008465618179398124,0.0010117933800220045,0.0012141066128025105,0.0014814036557528553,0.0017587436511839936,0.0021058844385178402,0.0025736769852928915,0.003069235341867783,0.003728843736703597,0.004472158549953986,0.005387884954661977,0.006487065654234052,0.007816098180266998,0.009423879441671827,0.011353853160492151,0.01367891026785554,0.016469442317575335,0.019841647633151032,0.023909815922678535,0.028803687590378053,0.03471389696048907,0.04184702892883823,0.0504637458276872,0.060893647359946367,0.07353281666508449,0.08892207355067586,0.10768994324641211,0.13073052118242723,0.15934502863173042,0.1956443033442441,0.24379467097310892,0.3208688326331063,0.4298336400826685,0.5798125930535215,0.6808173381895174,0.757956301886789,0.821026043466171,0.8789563381959249,0.9268900325332584,0.959053019563626,0.9830496774871679,0.999019789660585,1.0,1.0,1.0,1.0,1.0,1.0,1.0,1.0,1.0,1.0,1.0,1.0,1.0,1.0,1.0,1.0,1.0,1.0,1.0
0.4,3e-05,0.0001360544217687,0.5,1.2724102690597857e-06,1.454183164639755e-06,1.726842508009709e-06,1.8177289557996936e-06,2.090388299169648e-06,2.7265934336995404e-06,3.726344359389372e-06,4.9987546284491575e-06,5.907619106349004e-06,6.998256479828821e-06,8.361553196678592e-06,9.543077017948392e-06,1.1724351764908024e-05,1.3723853616287688e-05,1.5814241915457337e-05,1.7995516662416968e-05,2.117654233506643e-05,2.517554603782576e-05,2.872011750163516e-05,3.390064502566429e-05,4.017180992317323e-05,4.7442725746372007e-05,5.63495976297905e-05,6.616533399110885e-05,7.861677733833676e-05,8.965948074481989e-05,0.00010274712922657769,0.00011883403048540498,0.00013664777425224199,0.00015555215539255878,0.0001787281995790049,0.00020453995075136054,0.00023571400234332528,0.0002759766987142885,0.00032269233287834063,0.0003785420550452862,0.00046161226832533225,0.0006027134785192835,0.0006985986809377173,0.0008142516857504728,0.0009988875044358266,0.0012459168695290051,0.0014743145128252365,0.0017488370283748854,0.002118972086999598,0.0025671331610520125,0.003079959942707001,0.003726389802613267,0.004461888381353718,0.005394610551798436,0.006500698621402549,0.007821096934895447,0.009434422269615465,0.011355852662343532,0.01367809228982543,0.016469805863366493,0.019839648131299653,0.023910815673604226,0.02880486911419932,0.034714942154638655,0.041850528057078146,0.05046656330756869,0.06089473799731985,0.07353699744168282,0.08892820838590168,0.10769557820617509,0.13073761032535486,0.15935838893955556,0.1956605265751746,0.24381248471687578,0.3209527662676403,0.42990557670609425,0.5798280437496458,0.6808386056183002,0.7579647543264335,0.8210374042721448,0.8789481584156238,0.9269308405483161,0.9590726510363486,0.98306521906974,0.9990373307450084,1.0,1.0,1.0,1.0,1.0,1.0,1.0,1.0,1.0,1.0,1.0,1.0,1.0,1.0,1.0,1.0,1.0,1.0,1.0
0.4,0.0001,0.000453514739229,0.5,6.362051345298928e-07,8.179780301098622e-07,1.0906373734798161e-06,1.3632967168497702e-06,1.6359560602197243e-06,2.1812747469596323e-06,2.635706985909556e-06,3.181025672649464e-06,3.817230807179357e-06,4.3625494939192645e-06,5.089641076239143e-06,6.271164897508943e-06,8.088893853308637e-06,1.0815487287008177e-05,1.2178784003857948e-05,1.336030782512775e-05,1.4996263885347472e-05,1.708665218451712e-05,1.9358813379266738e-05,2.2539839051916202e-05,2.599352406793562e-05,2.9901641322904962e-05,3.4900395951354116e-05,3.9717377684223305e-05,4.80789308809019e-05,6.343874055740931e-05,7.998007405518652e-05,9.697583979191366e-05,0.00011506224290212061,0.00013660233102834698,0.0001625049686484926,0.0002000865148096513,0.00024480264712232374,0.0003073779664257282,0.00035518423796326013,0.0004108067440107308,0.0004742454845681401,0.000551771624532997,0.0006654251274943729,0.0008545143821214361,0.0009947521710613823,0.001222513609223084,0.001472178681302172,0.00178010196641464,0.002108474702279855,0.002570359629948557,0.00308659465339567,0.0037173466010581636,0.0044727947550885164,0.005393838016992221,0.006486611221995102,0.007816734385401527,0.009429832504002072,0.011350399475476133,0.013683863579260094,0.016469987636262076,0.01984928209476539,0.023913860369605192,0.028817820433009393,0.0347254395393584,0.041865933309978544,0.0504819231172452,0.06090723488389097,0.07354999420371679,0.08894911226889338,0.10771920868260049,0.1307724198348584,0.15940083291067347,0.19571378603357956,0.2438795134721209,0.3212433302412249,0.4301597861005629,0.5798878470322917,0.6809054980438737,0.7580099248909851,0.8210612165214657,0.8789187112065399,0.9270729869526596,0.9591393616890265,0.9831138433193076,0.9990992244159534,1.0,1.0,1.0,1.0,1.0,1.0,1.0,1.0,1.0,1.0,1.0,1.0,1.0,1.0,1.0,1.0,1.0,1.0,1.0
0.4,0.0003,0.001360544217687,0.5,3.6354579115993875e-07,4.544322389499234e-07,7.270915823198775e-07,7.270915823198775e-07,1.0906373734798161e-06,1.5450696124297398e-06,1.999501851379663e-06,2.272161194749617e-06,2.7265934336995404e-06,2.90836632927951e-06,3.453685016019418e-06,4.089890150549311e-06,4.907868180659173e-06,6.089392001928974e-06,7.18002937540879e-06,8.725098987838529e-06,1.0451941495848238e-05,1.2814989138387841e-05,1.5632469019877365e-05,1.8904381140316814e-05,2.3630476425396017e-05,2.9628981979535008e-05,3.9717377684223305e-05,4.7806271537531944e-05,5.953062330243997e-05,7.334536336651764e-05,8.96140375209249e-05,0.00011206299012505112,0.00012905875586177826,0.00015023529819684469,0.00017668325450373023,0.00020735743063285007,0.00024343935040547398,0.0002861105376428718,0.0003392791096000128,0.00040608064872565155,0.0004917865689916071,0.0005804917420346322,0.0006860563511426994,0.0008321563159650998,0.0009992056070030916,0.0012196961293415944,0.0014804493480510606,0.0017649239296337125,0.002120380826940343,0.0025552724796154194,0.0030919569538152792,0.00373834137049765,0.004469159297176917,0.0053914749693496815,0.006506469910837214,0.007820778832328183,0.00943492214507831,0.011357215959060382,0.013687317264276114,0.016485165673043003,0.019857598204738175,0.02392931106572949,0.028830726308595574,0.034748888242888215,0.041890836196673005,0.0505145513520018,0.060942680598529066,0.07359843668038886,0.08900191729505935,0.10779500798005733,0.13086898668563526,0.15952252986426427,0.1958793811414529,0.24410850187732774,0.32201718290093273,0.4309868982186756,0.5798863019626792,0.6810588234812954,0.7581208063572888,0.821131199086264,0.878874085960675,0.9274245357327113,0.959326496885026,0.9832496276723058,0.9992719086667544,1.0,1.0,1.0,1.0,1.0,1.0,1.0,1.0,1.0,1.0,1.0,1.0,1.0,1.0,1.0,1.0,1.0,1.0,1.0
0.4,0.001,0.0045351473922902,0.5,1.8177289557996937e-07,1.8177289557996937e-07,6.362051345298928e-07,7.270915823198775e-07,1.2724102690597857e-06,1.3632967168497702e-06,1.5450696124297398e-06,1.9086154035896784e-06,2.363047642539602e-06,3.181025672649464e-06,3.544571463809403e-06,4.27166304612928e-06,4.544322389499234e-06,5.271413971819112e-06,7.089142927618806e-06,8.997758331208484e-06,1.0906373734798162e-05,1.2087897556067963e-05,1.4905377437557488e-05,1.7995516662416968e-05,2.117654233506643e-05,2.581175117235565e-05,3.208291606986459e-05,3.908117254969341e-05,4.762449864195198e-05,5.798555369001023e-05,6.94372461115483e-05,8.452439644468576e-05,0.0001020654808681528,0.00012633216242807871,0.00015327999419780918,0.00018681709343231352,0.00022580737953421695,0.000273068332385009,0.00033373503628482377,0.00040608064872565155,0.00048560629054188815,0.000587671771410041,0.0007024159117448967,0.0008409723014007283,0.0010136565522016992,0.0012199687886849644,0.0014735419780190218,0.0017756485304729309,0.00213646772819917,0.002569723424814027,0.003099591415429638,0.0037233905498361974,0.0045020601912768915,0.0054045626178314396,0.006513240951197568,0.007852907191621942,0.009458189075712546,0.011391661922772786,0.013726034891034647,0.016533517263267274,0.019907585751022666,0.023994022216555957,0.02891188790647203,0.034840001906797674,0.04199667346512444,0.050643110232400736,0.06110218631440049,0.07378834391304603,0.08922186249871111,0.10811002040809742,0.13126556970056688,0.1600422185727274,0.19658852265033425,0.24526812206468016,0.3243475114222679,0.43547337138415654,0.5782085381364761,0.6811976070870707,0.7584040994150503,0.8214492107670812,0.8789958738007135,0.9280800087941727,0.959807286193835,0.9836484374052082,0.9998491284966686,1.0,1.0,1.0,1.0,1.0,1.0,1.0,1.0,1.0,1.0,1.0,1.0,1.0,1.0,1.0,1.0,1.0,1.0,1.0
0.5,1e-06,8.888888888888888e-06,0.5,8.321082465579264e-07,9.245647183976961e-07,1.0170211902374656e-06,1.3868470775965441e-06,1.9415859086351615e-06,2.0340423804749313e-06,2.4038682678340096e-06,2.7736941551930882e-06,3.1435200425521665e-06,3.6058024017510145e-06,4.807736535668019e-06,5.5473883103861765e-06,6.564409500623642e-06,8.321082465579264e-06,9.800386015015579e-06,1.2111797811009818e-05,1.4700579022523367e-05,1.8121468480594844e-05,2.172727088234586e-05,2.570289917145595e-05,3.064932041488362e-05,3.652030637670899e-05,4.262243351813379e-05,5.0666146568193745e-05,6.11137278860877e-05,7.294815628157822e-05,8.686285529346354e-05,0.00010211817314702553,0.00011839051219082499,0.00013678935008693913,0.00016073557629343947,0.00018958199550744758,0.00022258895595424533,0.00026484156358502005,0.0003188823713753654,0.00039839493715756726,0.0004883088560217432,0.0005632910546837963,0.0006557937547594858,0.0008276241076736977,0.0009866492392381014,0.0011821022207073742,0.0014548950408706145,0.0017150675526277262,0.002069453209189563,0.002505662843329596,0.0030167159914239227,0.00362766835734112,0.004368799435608714,0.005265812125398158,0.0063480613565185815,0.007641666082264718,0.009207185291691617,0.011085346060644697,0.013348356893630817,0.01608765724129951,0.019372080946935485,0.02334687712779902,0.02812803242781311,0.033898287063569045,0.0408597971107445,0.04927500026465665,0.05943236071744558,0.07175232427480265,0.08672417058570389,0.10501298528032872,0.127424942564884,0.15520228759500884,0.1903055136278297,0.23626331436758316,0.3027592108488794,0.456211528573141,0.6040098556749852,0.698350775323793,0.7694215104881929,0.8257449761117902,0.8741489901834804,0.9100810884863447,0.9519306783563699,0.9808493985313567,1.0,1.0,1.0,1.0,1.0,1.0,1.0,1.0,1.0,1.0,1.0,1.0,1.0,1.0,1.0,1.0,1.0,1.0,1.0,1.0
0.5,3e-06,2.6666666666666667e-05,0.5,5.547388310386176e-07,5.547388310386176e-07,6.471953028783873e-07,1.0170211902374656e-06,1.3868470775965441e-06,1.7566729649556226e-06,2.126498852314701e-06,2.7736941551930882e-06,3.051063570712397e-06,3.7907153454305537e-06,4.71528006382825e-06,5.362475366706637e-06,6.93423538798272e-06,8.505995409258804e-06,1.0170211902374656e-05,1.2389167226529127e-05,1.5162861381722215e-05,1.7751642593235763e-05,2.1357444994986778e-05,2.5240616812257102e-05,3.0140809819764892e-05,3.5549513422391415e-05,4.109690173277759e-05,4.8493419479959155e-05,5.6814501945538426e-05,6.615260560135516e-05,7.965125048996151e-05,9.509148128720305e-05,0.00011238084152123996,0.00013336846062886765,0.0001578694256664066,0.0001882876049016908,0.00022231158653872603,0.0002657661283034177,0.00031957579491416363,0.0004122171796976128,0.0004812821641619207,0.0005589456005073272,0.0006508473335160582,0.000844358729076696,0.000980824481512196,0.001184598545447048,0.0014462041325176763,0.0017118778043492542,0.002072735413939875,0.002501317389153127,0.00302180109737511,0.0036291476608905564,0.004369261717967912,0.0052647026477360805,0.006350049170663136,0.007645456797610148,0.009206769237568338,0.011085484745352456,0.013348911632461855,0.01608774969777135,0.019373467794013083,0.023347062040742703,0.028129095677239264,0.03389884180240009,0.04086243212019194,0.049276294655262405,0.059433470195107654,0.0717531563830492,0.08672541874807373,0.10501252299796952,0.12742623695548974,0.15520177908441374,0.19030754767021016,0.23626447007348117,0.30276424972659466,0.45622511967450147,0.6040114274350065,0.6983505904108492,0.7694221576834958,0.8257454383941494,0.8741497298352551,0.9100718428391608,0.9519348388976027,0.9808518948560964,1.0,1.0,1.0,1.0,1.0,1.0,1.0,1.0,1.0,1.0,1.0,1.0,1.0,1.0,1.0,1.0,1.0,1.0,1.0,1.0
0.5,1e-05,8.888888888888889e-05,0.5,4.6228235919884804e-07,4.6228235919884804e-07,5.547388310386176e-07,5.547388310386176e-07,7.396517747181568e-07,1.0170211902374656e-06,1.0170211902374656e-06,1.3868470775965441e-06,1.6642164931158528e-06,2.31141179599424e-06,2.588781211513549e-06,3.1435200425521665e-06,4.068084760949863e-06,4.900193007507789e-06,5.5473883103861765e-06,6.93423538798272e-06,8.321082465579264e-06,9.985298958695117e-06,1.2389167226529127e-05,1.5810056684600603e-05,1.9230946142672076e-05,2.2744292072583324e-05,2.7089746249052496e-05,3.263713455943867e-05,3.864680522902369e-05,4.8632104187718814e-05,5.9819337280330934e-05,7.220850450686006e-05,8.718645294490274e-05,0.00010942223442236732,0.00013984041365765152,0.00018172319540106716,0.0002469974645199445,0.00030159301114132843,0.00034403053171578273,0.0003942343959247776,0.0004545160155643074,0.0005418411532169698,0.0007023918165667297,0.0008140792345491714,0.0009760629732124477,0.0011839513501441697,0.0014455569372147977,0.0017113692937541355,0.0020824895717189706,0.002504553365667519,0.0030121856243037737,0.0036339091691903044,0.0043654247743865615,0.005262437464176007,0.006346304683553626,0.00764453223289175,0.009205613531670341,0.011084513952398138,0.013348356893630817,0.016086593991873354,0.019373375337541243,0.02334738563839414,0.02813006647019358,0.03389750118355841,0.040862894402551135,0.049273937015230494,0.059438000562227804,0.07175532911013743,0.08672648199749988,0.1050131701932724,0.12743090600731766,0.15521093227512586,0.19031378848205935,0.23627366949242923,0.3027727557220039,0.45626977615040004,0.6040203032563031,0.6983557679732724,0.7694235445305733,0.8257501536742132,0.8741537054635442,0.9100413322034536,0.9519499093025126,0.9808603083950338,1.0,1.0,1.0,1.0,1.0,1.0,1.0,1.0,1.0,1.0,1.0,1.0,1.0,1.0,1.0,1.0,1.0,1.0,1.0,1.0
0.5,3e-05,0.0002666666666666,0.5,4.6228235919884804e-07,6.471953028783873e-07,6.471953028783873e-07,6.471953028783873e-07,9.245647183976961e-07,1.2019341339170048e-06,1.4793035494363137e-06,1.6642164931158528e-06,1.8491294367953922e-06,2.126498852314701e-06,2.4963247396737793e-06,3.1435200425521665e-06,3.6058024017510145e-06,4.3454541764691715e-06,5.639844782225946e-06,6.4719530287838726e-06,7.488974219021338e-06,8.783364824778113e-06,1.0447581317893965e-05,1.2204254282849589e-05,1.5625143740921062e-05,1.9785684973710694e-05,2.4223595622019637e-05,2.9216245101367194e-05,3.550328518647153e-05,4.3269628821012176e-05,5.2792645420508446e-05,6.324022673840241e-05,7.812571870460531e-05,9.52301659949627e-05,0.00011547813332787224,0.00015805433861008615,0.00024177367386099752,0.00031805026312880743,0.0003597481319285435,0.00040449706429899205,0.00046006340387469354,0.0005475272262351156,0.0006733604844090421,0.0008236947076205075,0.0009933523334464847,0.0011772482559357863,0.001438715158298655,0.0017269019810232167,0.0020691758397740436,0.0025222125517889147,0.0030006747935597228,0.003642600077543243,0.004368198468541755,0.005261327986513929,0.006338445883447245,0.007634778075112655,0.009203394576346186,0.01108405167003894,0.013351731554852968,0.016086039253042316,0.019380078431749628,0.023348772485471736,0.028136353510278687,0.033898055922389446,0.040861507555473534,0.049273798330522735,0.05943883267047436,0.0717592122819547,0.08672851603988035,0.10502320172046702,0.12743788647094156,0.15522133362820784,0.19032594650810628,0.23629798554452308,0.302810801560166,0.4564147941264807,0.6040371303341779,0.6983620550133575,0.7694233596176296,0.8257412778529166,0.8741402068186556,0.9099566420752484,0.9519810671335225,0.9808894321836633,1.0,1.0,1.0,1.0,1.0,1.0,1.0,1.0,1.0,1.0,1.0,1.0,1.0,1.0,1.0,1.0,1.0,1.0,1.0,1.0
0.5,0.0001,0.0008888888888888,0.5,8.321082465579264e-07,9.245647183976961e-07,9.245647183976961e-07,1.0170211902374656e-06,1.1094776620772352e-06,1.3868470775965441e-06,1.5717600212760833e-06,2.0340423804749313e-06,2.588781211513549e-06,2.7736941551930882e-06,3.883171817270323e-06,4.71528006382825e-06,6.009670669585024e-06,7.211604803502029e-06,9.15319071213719e-06,1.0909863677092814e-05,1.2943906057567745e-05,1.5162861381722215e-05,1.830638142427438e-05,2.2004640297865166e-05,2.6442550946174108e-05,3.1712569841040976e-05,3.8924174644543004e-05,4.6782974750923424e-05,5.6583360765939e-05,6.749322444303181e-05,8.237871640923471e-05,0.00010456826965077943,0.00012370675932161173,0.0001423829666332452,0.0001688255175794193,0.00020206361920581647,0.00023899997970580443,0.0002931794722039094,0.00034097946814507033,0.00039580615594605366,0.00046191253331148897,0.0005509481156931871,0.0006667036184365786,0.0008199039922750769,0.0010034300888770195,0.0011579248533212746,0.0014457418501584774,0.0017286586539881723,0.0020836915058528877,0.0025075119727663913,0.003016947132603522,0.003623369131400571,0.004378461136915969,0.005257999553527698,0.006338630796390925,0.007638152736334806,0.009207740030522655,0.01109154064425796,0.013353534456053844,0.016094452791979734,0.019377998161133232,0.023349974419605655,0.028137370531468923,0.0339081799060559,0.04087084565912935,0.04928369117300959,0.05945168412006009,0.07177506856687522,0.08675116787548111,0.10504414311133872,0.12747251141964555,0.15526321640995125,0.19038165153238976,0.2363798557503372,0.30299206247320787,0.4569131345096971,0.6040633879721804,0.6983860936960358,0.76944046406492,0.8257475648930017,0.874124396761971,0.9096237987766252,0.9520931243773924,0.9809701466835794,1.0,1.0,1.0,1.0,1.0,1.0,1.0,1.0,1.0,1.0,1.0,1.0,1.0,1.0,1.0,1.0,1.0,1.0,1.0,1.0
0.5,0.0003,0.0026666666666665994,0.5,6.471953028783873e-07,8.321082465579264e-07,9.245647183976961e-07,1.0170211902374656e-06,1.4793035494363137e-06,1.9415859086351615e-06,2.31141179599424e-06,2.9586070988726274e-06,3.3284329862317056e-06,4.068084760949863e-06,4.900193007507789e-06,5.824757725905485e-06,7.211604803502029e-06,8.598451881098573e-06,9.800386015015579e-06,1.2019341339170048e-05,1.4608122550683597e-05,1.6734621402998298e-05,1.9693228501870927e-05,2.329903090362194e-05,2.764448508009111e-05,3.272959103127844e-05,3.860057699310381e-05,4.6459377099484224e-05,5.533519839610211e-05,6.532049735479723e-05,7.733983869396728e-05,9.148567888545203e-05,0.00010868258264764918,0.00012856072409319963,0.00015435607973649534,0.00018292512953498415,0.00021889069708065455,0.0002601262835211918,0.0003199918490374426,0.0003886870076143914,0.0004642701733434031,0.0005589456005073272,0.0006899101928683608,0.0008320620183220066,0.0009884983686748968,0.0011762774629814688,0.001439084984186014,0.0017269482092591366,0.002079854562271537,0.0025034438880054415,0.0030192123161635965,0.0036346950492009427,0.004389047402941623,0.005249724699298038,0.00634875478005738,0.007652021207110771,0.009211576974104005,0.011098890933769222,0.013370361533928682,0.016106056079195626,0.01939537997783911,0.023368974224568725,0.02815946762823863,0.03393369789228368,0.04089959962187152,0.04931988788173486,0.05949865200775469,0.07183095850410236,0.08681884601286781,0.10511658275702518,0.127579576014036,0.15540957500487362,0.19058602656339155,0.23669564082990593,0.3039953076491412,0.45803444660016984,0.6039210050055471,0.6983506828673212,0.7694437000414344,0.8257502461306852,0.8741184795477732,0.9089665257183163,0.9523373019195212,0.9811753075945918,1.0,1.0,1.0,1.0,1.0,1.0,1.0,1.0,1.0,1.0,1.0,1.0,1.0,1.0,1.0,1.0,1.0,1.0,1.0,1.0
0.5,0.001,0.0088888888888888,0.5,5.087293328708521e-07,6.01225575211007e-07,6.93721817551162e-07,7.399699387212395e-07,1.1099549080818592e-06,1.2486992715920915e-06,1.896172967973176e-06,2.2199098161637185e-06,2.5436466643542605e-06,3.1911203607353453e-06,3.884842178286507e-06,4.717308359347902e-06,5.411030176899063e-06,6.659729448491155e-06,8.04717308359348e-06,9.434616718695804e-06,1.133078968666898e-05,1.4568158168574402e-05,1.748178980228928e-05,2.025667707249393e-05,2.4187767371950516e-05,2.9321308821829114e-05,3.491733148340849e-05,4.194704590126026e-05,5.054919643889467e-05,6.0353798126951095e-05,7.371950514510348e-05,8.921262573707943e-05,0.00010835934790149151,0.00013037345357844838,0.00015789108567464447,0.00019105098855359002,0.00022624580876401897,0.00027129147878367444,0.0003263729910972367,0.0003936177592785293,0.00047506070065903575,0.0005720430107526882,0.0006892819979188345,0.0008257602034917332,0.0009888310787374262,0.0011876517516475893,0.0014313331020927274,0.0017311134235171695,0.0020886576482830386,0.0025159440397733842,0.003023285929009134,0.003649624234015493,0.0043920915712799165,0.005291895016764944,0.006371187420511042,0.007681581685744017,0.009244028211353913,0.011143762284657186,0.013410197710718002,0.01616801942421089,0.01946333680194242,0.02345219100474043,0.028265232974910393,0.03406322118163949,0.04105598335067638,0.049512498554746216,0.05972810729564111,0.07211395537056307,0.08716642386403052,0.10553576135969477,0.12814637530350328,0.156205850387328,0.19177213550699504,0.23883547230893745,0.3187537981269511,0.4550719852006012,0.6000298762862759,0.6970045091918141,0.7690046016880564,0.8257679269279685,0.8736907388137357,0.911006682853509,0.9522081165452654,0.98141264886114,1.0,1.0,1.0,1.0,1.0,1.0,1.0,1.0,1.0,1.0,1.0,1.0,1.0,1.0,1.0,1.0,1.0,1.0,1.0,1.0
0.6,1e-06,1.7578125e-05,0.5,7.473447425161481e-07,8.407628353306667e-07,8.407628353306667e-07,8.407628353306667e-07,9.341809281451852e-07,1.0275990209597037e-06,1.4012713922177777e-06,1.961779949104889e-06,2.4288704131774812e-06,3.082797062879111e-06,3.923559898209778e-06,4.484068455096889e-06,5.418249383242074e-06,6.632684589830815e-06,7.940537889234074e-06,9.715481652709925e-06,1.130358923055674e-05,1.382587773654874e-05,1.7188929077871408e-05,2.1486161347339258e-05,2.531630315273452e-05,3.148189727849274e-05,3.792774568269452e-05,4.5681447386299555e-05,5.689161852404178e-05,7.11845867246631e-05,9.0802386215712e-05,0.00011864097787443852,0.0001443309533984311,0.000162687608636484,0.00018786378464999672,0.00022270873326981215,0.00025904837137465987,0.0003016470216980803,0.00035190595563229125,0.000471854786806133,0.0005478036962643366,0.0006266485665997902,0.0007580878231898178,0.0009470726249535887,0.001140448077079642,0.0013511058763763812,0.0016393941108019854,0.001982705601895341,0.002377677298315125,0.002844954598573347,0.003446006607741959,0.004144493687716114,0.004994411496142603,0.0060176198667400245,0.00724373233493058,0.00873104179063053,0.010515607617666277,0.012662261972451098,0.015260405969808486,0.018373937585223574,0.022142703703639695,0.026677404765042052,0.03214063495997432,0.038746648684306585,0.04671413769331765,0.05634040506738971,0.06799931001396647,0.08215112347634507,0.09938839641724799,0.12052143737374836,0.14664814248164884,0.1794299525216556,0.22174956300183907,0.2799295571529323,0.41307448799061375,0.586997397231807,0.6875871970316961,0.760825300272608,0.8159550535661679,0.8597010649055363,0.889887626909063,0.9193615957006004,0.9623473706006442,0.993440461776843,1.0,1.0,1.0,1.0,1.0,1.0,1.0,1.0,1.0,1.0,1.0,1.0,1.0,1.0,1.0,1.0,1.0,1.0,1.0,1.0
0.6,3e-06,5.273437499999999e-05,0.5,8.407628353306667e-07,8.407628353306667e-07,1.0275990209597037e-06,1.2144352065887406e-06,1.8683618562903704e-06,2.0551980419194075e-06,2.4288704131774812e-06,2.8025427844355554e-06,3.5498875269517037e-06,4.484068455096889e-06,5.418249383242074e-06,6.632684589830815e-06,8.314210260492148e-06,9.99573593115348e-06,1.1490425416185777e-05,1.3639041550919704e-05,1.634816624254074e-05,2.0365144233565035e-05,2.400844985333126e-05,2.895960877250074e-05,3.5031784805444445e-05,4.2972322694678515e-05,5.2968058625832e-05,6.5579501155792e-05,8.015272363485688e-05,9.799557936242992e-05,0.00011336285563041822,0.00013111229326517675,0.00014540526146579808,0.00016128633724426622,0.00018062388245687155,0.00020393169661409393,0.00024765136405128856,0.0002946406647369914,0.00038399507051407834,0.00046461488461300787,0.00052968058625832,0.0006229585519336167,0.0007576207327257452,0.0009406734855957942,0.001135403500067658,0.0013477428250350586,0.0016334153528618563,0.0019808372400390508,0.0023805265501459683,0.0028421520557889114,0.0034437645735144106,0.0041444469786697065,0.004993524024260866,0.006018227084343319,0.007242471190677584,0.008729080010681425,0.010514720145784539,0.012663009317193615,0.015260125715530043,0.018373984294269983,0.022142096486036402,0.02667847907310942,0.032141195468531204,0.03874622830288892,0.046714231111410466,0.05634213330210678,0.06799968368633773,0.08214934853258159,0.09939068516052195,0.12051751381385016,0.14664954375304104,0.17942957884928434,0.221757923921146,0.27993315374950567,0.41308812703216463,0.586996696596111,0.687587290449789,0.760826794962093,0.815954493057611,0.8597024661769286,0.8898860388014851,0.9193544025074537,0.9623545637937909,0.993444478754834,1.0,1.0,1.0,1.0,1.0,1.0,1.0,1.0,1.0,1.0,1.0,1.0,1.0,1.0,1.0,1.0,1.0,1.0,1.0,1.0
0.6,1e-05,0.0001757812499999,0.5,4.670904640725926e-07,5.605085568871111e-07,6.539266497016296e-07,7.473447425161481e-07,7.473447425161481e-07,9.341809281451852e-07,1.1210171137742223e-06,1.3078532994032592e-06,1.4946894850322962e-06,1.7749437634758519e-06,2.2420342275484446e-06,2.895960877250074e-06,4.110396083838815e-06,5.137995104798518e-06,5.885339847314666e-06,7.473447425161482e-06,8.781300724564741e-06,1.0929916859298666e-05,1.326536917966163e-05,1.6161330056911703e-05,1.8870454748532742e-05,2.3821613667702223e-05,2.8679354494057184e-05,3.521862099107348e-05,4.250523223060593e-05,5.109969676954163e-05,6.221644981446934e-05,7.893828842826815e-05,0.00010495522727711156,0.000137464723576564,0.00017343068931015363,0.00026381269410820027,0.0002909973591172252,0.00032219900211727436,0.0003616214372850012,0.00042612663037342623,0.0005313621119289813,0.0006311326350548871,0.0007753701703605036,0.0009290429330403866,0.0011311062677981903,0.001375020908136898,0.0016261287416223238,0.0019714020126647843,0.002369690051379484,0.0028433664909955003,0.0034412422850084185,0.0041542091693688235,0.004994785168513862,0.006016592267719065,0.007237286486526378,0.008726651140268247,0.010510563040654293,0.012661421209615767,0.015260032297437229,0.018375245438522977,0.02214074192369059,0.02667591007555702,0.03214077508711354,0.03874646184812096,0.04671348376666795,0.05633965772264719,0.0680014119210548,0.0821552338724289,0.09939017136101147,0.12051863483096394,0.14665421465768178,0.17942976568546998,0.22175755024877472,0.27994730659056705,0.41310055163850895,0.586994874943301,0.6875901864106663,0.7608264212897218,0.8159539325490542,0.859697701854195,0.8898900557794761,0.919335158380334,0.9623775446446233,0.9934623216105616,1.0,1.0,1.0,1.0,1.0,1.0,1.0,1.0,1.0,1.0,1.0,1.0,1.0,1.0,1.0,1.0,1.0,1.0,1.0,1.0
0.6,3e-05,0.0005273437499999,0.5,8.407628353306667e-07,1.0275990209597037e-06,1.3078532994032592e-06,1.5881075778468148e-06,2.0551980419194075e-06,2.6157065988065183e-06,2.9893789700645925e-06,3.456469434137185e-06,3.830141805395259e-06,4.484068455096889e-06,5.885339847314666e-06,7.006356961088889e-06,8.594464538935704e-06,1.0089154023967999e-05,1.1770679694629333e-05,1.382587773654874e-05,1.7188929077871408e-05,2.0551980419194072e-05,2.4942630781476445e-05,3.0734552535976595e-05,3.643305619766222e-05,4.456043027252533e-05,5.586401950308207e-05,6.833533489382029e-05,7.608903659742534e-05,8.711237154953852e-05,0.00010037774072920015,0.00012102313924120874,0.00013961333971129793,0.0001611929191514517,0.0001984667381844446,0.0002192055547892677,0.0002468106012159579,0.0002906236867459671,0.00039613942257996575,0.00045312445919682207,0.0005169757256355455,0.0006294044003378185,0.0007647672168260559,0.0009378709428113587,0.0011329746296544806,0.0013530209472790789,0.001635704096135812,0.001965049582353397,0.002370063723750742,0.002845888779501492,0.0034386732874560192,0.0041441667243912635,0.005003052669727947,0.006021496717591827,0.0072360253422733825,0.0087244091060407,0.010512571529649805,0.012668147312298412,0.015254333793775544,0.018381457741695143,0.02214106888701544,0.02667936654499116,0.032146286754589595,0.038749451227091024,0.04671128844148681,0.05634344115540618,0.0680040276276536,0.08215943768660557,0.0993981118989007,0.12052592144220346,0.14666677939116532,0.17945097159253887,0.2217819790800457,0.2799941557641135,0.41316089972646713,0.5869894566939178,0.6875843944889117,0.76082072278606,0.8159469261920931,0.8596899481524914,0.8898751088846258,0.9192841521016571,0.9624364914611893,0.9934995020115017,1.0,1.0,1.0,1.0,1.0,1.0,1.0,1.0,1.0,1.0,1.0,1.0,1.0,1.0,1.0,1.0,1.0,1.0,1.0,1.0
0.6,0.0001,0.0017578124999999,0.5,5.605085568871111e-07,5.605085568871111e-07,7.473447425161481e-07,1.0275990209597037e-06,1.4946894850322962e-06,1.8683618562903704e-06,2.148616134733926e-06,2.5222885059919998e-06,2.9893789700645925e-06,3.6433056197662223e-06,4.2038141766533335e-06,5.324831290427555e-06,6.445848404201778e-06,7.753701703605037e-06,8.968136910193778e-06,1.0743080673669629e-05,1.261144252996e-05,1.4946894850322963e-05,1.8496782377274668e-05,2.204666990422637e-05,2.6063647895250665e-05,3.120164300004918e-05,3.6900146661734815e-05,4.465384836533985e-05,5.2687804347388444e-05,6.399139357794518e-05,7.828436177856652e-05,9.481936420673629e-05,0.00012303162823672087,0.00015493390693287895,0.00017936273820387555,0.00021103147166799734,0.0002598891342099905,0.00031267035665019345,0.000373298698886816,0.0004490607721593905,0.0005368737794050379,0.0006459861118123956,0.0007677098867497131,0.0009251193731421768,0.001135403500067658,0.0013655856807626317,0.0016048294164606135,0.0019659837632815423,0.0023572187359887455,0.002859247566773968,0.003436571380367693,0.004149538264728098,0.004995719349442007,0.00601855404766817,0.007250365019520411,0.008736179785735328,0.010524856008854914,0.01267636810446609,0.015259378370787528,0.018384306993525987,0.02214802853493012,0.02668086123447619,0.032153246402504276,0.038760287725857503,0.046728337243425455,0.05636212477396908,0.06802630784278987,0.08218111068413853,0.09942735176195164,0.12056576425878886,0.14671694490700674,0.17952276339686682,0.22189179204814918,0.28022667339712887,0.4130066664552304,0.5868128030804055,0.6875034944205344,0.760777937299551,0.8159162850576499,0.8596655660302668,0.8898350325228084,0.9191813921995612,0.9625991323607793,0.993624775673966,1.0,1.0,1.0,1.0,1.0,1.0,1.0,1.0,1.0,1.0,1.0,1.0,1.0,1.0,1.0,1.0,1.0,1.0,1.0,1.0
0.6,0.0003,0.0052734374999999,0.5,1.1210171137742223e-06,1.2144352065887406e-06,1.3078532994032592e-06,1.4946894850322962e-06,1.6815256706613333e-06,2.148616134733926e-06,2.5222885059919998e-06,3.1762151556936296e-06,3.736723712580741e-06,4.484068455096889e-06,5.137995104798518e-06,6.445848404201778e-06,7.847119796419556e-06,9.435227374266371e-06,1.1397007323371259e-05,1.3452205365290667e-05,1.5227149128766519e-05,1.8590200470089185e-05,2.1953251811411852e-05,2.6717574544952296e-05,3.0547716350347555e-05,3.549887526951704e-05,4.185130558090429e-05,4.969842537732385e-05,6.0534924143808e-05,7.221218574562281e-05,8.631831776061511e-05,0.00010378750111693007,0.0001240592272576806,0.00015278529079814504,0.00018431389712304504,0.0002214942980632234,0.00026409294838664385,0.00031622024417714517,0.00037600782357843704,0.00045055546164442283,0.0005393026498182154,0.0006470137108333553,0.0007778924588664957,0.0009277350797409834,0.001112329231142472,0.0013608213580290913,0.001649016174361881,0.0019692533965300504,0.002356004300782157,0.0028654131608997265,0.0034354503632539183,0.004154676259832897,0.00501543056702587,0.006024999896072371,0.0072686749657120565,0.008747670211151514,0.010530741348702228,0.012686644094675688,0.015281985549248641,0.018402943903042483,0.022175400036124778,0.026723740139078054,0.03219369643669297,0.03880428764757315,0.04678499531671746,0.05643214163453357,0.06811421426812833,0.08228877503610726,0.09956210736083658,0.12073274909969481,0.146945212016799,0.179854584462544,0.22243464458549433,0.28149991529314433,0.41513823378802567,0.5850985810772591,0.6867443789983235,0.7604471438328948,0.8157865273267306,0.8596487507735602,0.8899041619114911,0.9194456719841335,0.9626239815734681,0.9938092764072747,1.0,1.0,1.0,1.0,1.0,1.0,1.0,1.0,1.0,1.0,1.0,1.0,1.0,1.0,1.0,1.0,1.0,1.0,1.0,1.0
0.6,0.001,0.017578125,0.5,2.8025427844355557e-07,2.8025427844355557e-07,2.8025427844355557e-07,2.8025427844355557e-07,5.605085568871111e-07,1.0275990209597037e-06,1.2144352065887406e-06,1.7749437634758519e-06,2.4288704131774812e-06,2.895960877250074e-06,4.297232269467852e-06,5.231413197613037e-06,6.726102682645333e-06,7.940537889234074e-06,8.968136910193778e-06,1.1210171137742222e-05,1.382587773654874e-05,1.644158433535526e-05,1.943096330541985e-05,2.344794129644415e-05,2.7932009751541035e-05,3.213582392819437e-05,3.88619266108397e-05,4.773664542821896e-05,5.843301705548133e-05,6.898926154352192e-05,8.309539355851422e-05,9.953697789386948e-05,0.00012018237640587807,0.00014381715388795126,0.00017417803405266977,0.00021135843499284814,0.0002556853200333372,0.0003092138872160563,0.00037082311942723123,0.0004462115203285477,0.0005389289774469573,0.0006491156179216819,0.0007823298182751854,0.000944783881679633,0.0011389533875946097,0.0013761419252506723,0.0016572369665295585,0.001995317044425301,0.0023951931907178477,0.0028827422171168195,0.0034853823338632786,0.004189988298916785,0.005042615232034895,0.00608212505982845,0.00732332455000855,0.00882338557537768,0.010623458805820638,0.012797391243707299,0.015420664708031794,0.01858496905689157,0.02238358225596193,0.02696821528797365,0.032496371057412,0.039172074678983905,0.047232654817484634,0.05697877760463772,0.06877762285425064,0.08311893491790348,0.100621328406214,0.1221076765897389,0.14879344227408783,0.18263022283624897,0.22731363802796462,0.31642319498378474,0.4283837516229642,0.5474553869052776,0.6772746803478087,0.7568199061250928,0.8148553357775554,0.8601734802008993,0.8922777288137224,0.9244045846050066,0.9562454876141855,0.991219353202085,1.0,1.0,1.0,1.0,1.0,1.0,1.0,1.0,1.0,1.0,1.0,1.0,1.0,1.0,1.0,1.0,1.0,1.0,1.0,1.0
0.7,1e-06,3.767781622452902e-05,0.5,2.8195794794576955e-07,2.8195794794576955e-07,3.7594393059435935e-07,3.7594393059435935e-07,4.699299132429492e-07,6.579018785401289e-07,9.398598264858984e-07,1.2218177744316679e-06,1.785733670323207e-06,2.2556635835661564e-06,2.6316075141605156e-06,3.1955234100520546e-06,3.853425288592183e-06,4.3233552018351325e-06,5.357201010969621e-06,6.20307485480693e-06,7.894822542481546e-06,9.210626299561805e-06,1.1184331935182191e-05,1.3815939449342707e-05,1.8374259607799315e-05,2.8900689664441378e-05,4.1306839374055234e-05,5.540473677134371e-05,7.100640989100962e-05,8.707801292391848e-05,0.00010380751783536749,0.00012260471436508546,0.00014544330814869277,0.00021146846095932713,0.0002675780926005353,0.00030860297402664476,0.0003671562412167162,0.00042256097798805994,0.0005114247245823016,0.0006244898617085552,0.0007714839385709497,0.0009043331250447314,0.0010793820177277301,0.0013240275305620094,0.0015952240834945155,0.0019062706930700235,0.002328455727127489,0.002773479354968562,0.00336878656906473,0.004020861316680647,0.004855174884652178,0.005844941267924478,0.0070397380723446765,0.008481905983095964,0.010219659809277064,0.012309297154494487,0.014827087643667561,0.017864385651930714,0.021513485414244863,0.025925140446778346,0.031240752660425967,0.03766051219822922,0.045408575628804994,0.05476628999121184,0.06610706159451261,0.07986303798692551,0.09662576694324078,0.11717401631568462,0.14258824896078523,0.17452952614288247,0.21581864915920845,0.27255380450793426,0.37581286714155593,0.5073500092975634,0.6454534821313145,0.7333568799548529,0.7960548349937445,0.8420232851211872,0.8774888016876499,0.89928386910591,0.9225153242969883,0.9560871172990647,0.9994739604551158,1.0,1.0,1.0,1.0,1.0,1.0,1.0,1.0,1.0,1.0,1.0,1.0,1.0,1.0,1.0,1.0,1.0,1.0,1.0,1.0,1.0
0.7,3e-06,0.0001130334486735,0.5,6.579018785401289e-07,6.579018785401289e-07,7.518878611887187e-07,9.398598264858984e-07,1.2218177744316679e-06,1.4097897397288477e-06,1.6917476876746172e-06,1.9737056356203865e-06,2.1616776009175663e-06,2.7255934968091053e-06,3.1955234100520546e-06,3.7594393059435936e-06,4.417341184483722e-06,5.357201010969621e-06,6.673004768049879e-06,7.706850577184366e-06,8.834682368967444e-06,1.0902373987236421e-05,1.3627967484045526e-05,1.6165589015557454e-05,1.9455098408258097e-05,2.4060411558038998e-05,2.8383766759874132e-05,3.439886964938388e-05,4.2387678174514016e-05,5.2162220369967364e-05,7.391997535311591e-05,0.00016297169391265478,0.00020470147020862868,0.00022951376962785638,0.000257333620491839,0.00028552941528641596,0.0003489699535742141,0.00043261747813145906,0.0005081822081809252,0.0006540484532515367,0.0007597826837312003,0.0009084685082812695,0.0010839403378861867,0.0013424017901698087,0.001596445901268947,0.0019014304149636212,0.00232671698644849,0.002772210544202806,0.003368645590090757,0.004022788029324942,0.004852637263120667,0.005847337910482017,0.00704283960977208,0.008482798849931125,0.010218531977485281,0.012310659951242892,0.014828638412381263,0.01786466760987866,0.02151301548433162,0.025928805900101642,0.03124112860435656,0.037661640030021,0.0454081996848744,0.054767746773942895,0.0661078134823738,0.07986195714812505,0.09662665981007594,0.11717617799328554,0.14259083357530808,0.1745326276803099,0.2158206698578354,0.272557094017327,0.375802152739534,0.5073610056575332,0.6454500986359392,0.7333541543613561,0.7960553989096404,0.8420203715557251,0.8774856061642399,0.8992906360966606,0.9225152303110057,0.956033263331007,0.9995215173623361,1.0,1.0,1.0,1.0,1.0,1.0,1.0,1.0,1.0,1.0,1.0,1.0,1.0,1.0,1.0,1.0,1.0,1.0,1.0,1.0,1.0
0.7,1e-05,0.0003767781622452,0.5,9.398598264858984e-08,1.8797196529717967e-07,3.7594393059435935e-07,3.7594393059435935e-07,3.7594393059435935e-07,4.699299132429492e-07,6.579018785401289e-07,6.579018785401289e-07,8.458738438373086e-07,1.3158037570802578e-06,1.5037757223774374e-06,1.9737056356203865e-06,2.537621531511926e-06,3.101537427403465e-06,4.0413972538893635e-06,5.1692290456724415e-06,6.0151028895097495e-06,7.330906646590008e-06,8.740696386318856e-06,1.10903459525336e-05,1.3439995518748347e-05,1.6165589015557454e-05,2.0113000286798226e-05,2.453034147128195e-05,2.988754248225157e-05,3.571467340646414e-05,9.093143821251067e-05,0.000151693375994824,0.0001785733670323207,0.00020742706370543778,0.00024041614361509282,0.0002811120741019322,0.000370304771635444,0.00045921551122101,0.0005204943719078906,0.0006314918174158752,0.0007520758331540159,0.0009077166204200807,0.00110170368860677,0.0013300896264428434,0.0015920285600844633,0.0019131316698033705,0.0023185402059580627,0.0027756880255608036,0.003354265734745523,0.004024761734960563,0.004851838382268154,0.0058500635039788265,0.007044531357459754,0.008482986821896422,0.010221727500895334,0.012310377993294945,0.01483310274655707,0.017861002156555363,0.02151367338621016,0.025926174292587482,0.031241034618373912,0.03766013625429863,0.04540523912642097,0.05476915656368262,0.06610884732818294,0.07986505868555246,0.09663098316527778,0.11717960848165222,0.14259543888845785,0.1745388307551647,0.21582837670841257,0.2725852428191302,0.37577499079054855,0.5073961564150438,0.6454242524907108,0.7333427820574556,0.7960501356946121,0.8420152023266794,0.8774845723184307,0.8992850909236844,0.9225058317127409,0.9558951979224962,0.999691068075034,1.0,1.0,1.0,1.0,1.0,1.0,1.0,1.0,1.0,1.0,1.0,1.0,1.0,1.0,1.0,1.0,1.0,1.0,1.0,1.0,1.0
0.7,3e-05,0.0011303344867358,0.5,8.458738438373086e-07,1.1278317917830782e-06,1.2218177744316679e-06,1.5977617050260273e-06,1.9737056356203865e-06,2.0676916182689766e-06,2.2556635835661564e-06,2.4436355488633358e-06,3.477481357997824e-06,4.135383236537953e-06,5.263215028321031e-06,6.2970608374555194e-06,7.706850577184366e-06,9.492584247507573e-06,1.1184331935182191e-05,1.3627967484045526e-05,1.6259574998206043e-05,1.9925028321501045e-05,2.340250967949887e-05,2.7537892916036823e-05,3.336502384024939e-05,3.9944042625650685e-05,4.71809632895921e-05,5.751942138093698e-05,7.119438185630681e-05,8.923969052483606e-05,0.00010935269081163427,0.00013557477997059084,0.00016400553972178926,0.00019455098408258098,0.00023082957338493664,0.00028468354144257864,0.00035023876433997006,0.00044831313723377354,0.0005220921336129166,0.0006528266354771051,0.0007344534614074053,0.0009226603916612065,0.0010849741836953212,0.0013220068319350648,0.0016004872985228365,0.0019058007631567804,0.0023174123741662796,0.002777661731196424,0.0033510702113354707,0.004026641454613534,0.004856678660374556,0.0058402889617833725,0.00704744492292186,0.008490834651447579,0.010228494491646032,0.012317849878915509,0.014830001209129667,0.017863821736034822,0.021518748629273183,0.02592946380198018,0.0312417865062351,0.037668594992736996,0.04540862262179632,0.05477404383478035,0.06611223082355829,0.07987478623475659,0.09663634036628875,0.11718985295376091,0.14261141650550813,0.17455852081852957,0.21586625305941995,0.27266226433191076,0.37566013991975195,0.5076157076705109,0.6452710553389935,0.7332894920052938,0.7960125413015526,0.8419925517048611,0.8774701924630854,0.8992784179189163,0.9224974669602851,0.955690120508357,1.0,1.0,1.0,1.0,1.0,1.0,1.0,1.0,1.0,1.0,1.0,1.0,1.0,1.0,1.0,1.0,1.0,1.0,1.0,1.0,1.0,1.0
0.7,0.0001,0.0037677816224529,0.5,3.7594393059435935e-07,4.699299132429492e-07,1.1278317917830782e-06,1.5037757223774374e-06,1.785733670323207e-06,2.0676916182689766e-06,2.6316075141605156e-06,3.0075514447548748e-06,3.571467340646414e-06,4.0413972538893635e-06,5.263215028321031e-06,6.20307485480693e-06,7.142934681292828e-06,8.928668351616035e-06,1.0338458091344883e-05,1.2782093640208218e-05,1.5883631067611684e-05,1.879719652971797e-05,2.349649566214746e-05,2.8665724707819902e-05,3.439886964938388e-05,4.135383236537953e-05,4.9812570803752616e-05,6.0245014877746086e-05,7.227522065676559e-05,8.829983069835016e-05,0.00010681506928012236,0.00012838485229797373,0.0001545129554742817,0.00018628021760950505,0.00022744607800958741,0.0002775406067612858,0.00033914841838743646,0.0004198353844912508,0.0005252876570229686,0.0006376948922706821,0.0007727527493367057,0.0009201227701296945,0.0010913652305154253,0.0013078149485551277,0.001598043662973973,0.0019142595015951536,0.0023065100001790433,0.0027714586563416174,0.0033702433517957832,0.004029930964006235,0.004846340202283211,0.005851003363805312,0.007057219465117314,0.008490552693499633,0.01022539295421863,0.012319964563525103,0.014840809597134255,0.01787453613805676,0.021530214919156312,0.025944407573221306,0.03126166454156528,0.0376854184836311,0.0454347037319813,0.05480609305486352,0.06614662969320767,0.07991816076574891,0.09669663237415782,0.11726090635664325,0.14270573143909598,0.17469757307985814,0.21609369913742954,0.2732128342182662,0.3755358904506905,0.5098180812019153,0.6437455688546243,0.7327801819653211,0.7957844373216645,0.8418971559324727,0.8774411507944471,0.8993256928681885,0.9225730316903346,0.9566823305271782,0.9987073167946513,1.0,1.0,1.0,1.0,1.0,1.0,1.0,1.0,1.0,1.0,1.0,1.0,1.0,1.0,1.0,1.0,1.0,1.0,1.0,1.0,1.0
0.7,0.0003,0.011303344867358702,0.5,8.458738438373086e-07,1.1278317917830782e-06,1.3158037570802578e-06,1.3158037570802578e-06,2.0676916182689766e-06,2.537621531511926e-06,3.3834953753492344e-06,3.7594393059435936e-06,4.135383236537953e-06,5.075243063023852e-06,6.2970608374555194e-06,7.706850577184366e-06,9.398598264858984e-06,1.0714402021939242e-05,1.2970065605505398e-05,1.5695659102314503e-05,1.8327266616475018e-05,2.1992719939770023e-05,2.6598033089550924e-05,3.214320606581772e-05,3.853425288592183e-05,4.7603900211510754e-05,5.709648445901833e-05,6.83748023768491e-05,8.303661567002913e-05,9.910821870293799e-05,0.00011752947130206159,0.00014215379875599213,0.00017063155149851485,0.00020460748422598007,0.0002462432745393054,0.0002964787822649767,0.00035944939063953186,0.0004374107632465371,0.0005311617809385055,0.0006369899974008177,0.0007600176486878218,0.0009094083681077553,0.0010914592164980737,0.0013215369020218217,0.0015979496769913245,0.0019252558615650386,0.002315391675539335,0.0027856975327128788,0.0033597639147304654,0.004050560887197601,0.00487904732424492,0.005863691471462871,0.007060367995536042,0.008526267366906098,0.010285121046191809,0.01236042552905532,0.014891280069816548,0.017931773601489752,0.021601973216908512,0.02602922992256166,0.031371064225368235,0.03781817368412223,0.04559650060111085,0.0549971665575881,0.06638582401904833,0.0802130887793002,0.09706491644716632,0.1177346896951748,0.1433444601771758,0.17561031795034993,0.21763333051218742,0.2774653709821756,0.3832530324929749,0.5171086678619491,0.6277346807665064,0.7284551350157984,0.7941070694893352,0.8414120002900407,0.8775435015295514,0.8999583125173962,0.9238942866344085,0.9578748246750235,0.9929697545119028,1.0,1.0,1.0,1.0,1.0,1.0,1.0,1.0,1.0,1.0,1.0,1.0,1.0,1.0,1.0,1.0,1.0,1.0,1.0,1.0,1.0
0.7,0.001,0.037677816224529,0.5,1.4097897397288477e-06,1.5977617050260273e-06,1.6917476876746172e-06,1.8797196529717968e-06,2.1616776009175663e-06,2.349649566214746e-06,3.1955234100520546e-06,3.571467340646414e-06,4.511327167132313e-06,4.793285115078082e-06,5.82713092421257e-06,7.518878611887187e-06,8.928668351616035e-06,1.0996359969885012e-05,1.3439995518748347e-05,1.6165589015557454e-05,1.9455098408258097e-05,2.330852369685028e-05,2.7631878898685415e-05,3.3646981788195165e-05,4.013201459094786e-05,4.671103337634915e-05,5.874123915536865e-05,6.93616551946593e-05,8.378850353121784e-05,0.00010061199442531542,0.00012147688257330236,0.00014873281754139341,0.00018017112873734673,0.00021325419462965036,0.00025498397092562426,0.00030841500206134755,0.000370633722574714,0.00044840712321642215,0.0005388686315156899,0.0006479393643793784,0.0007813524667490516,0.0009449350695489222,0.001141835703197718,0.0013721953466694116,0.0016511457431704264,0.0019917509442889158,0.002398851228131283,0.002889176099608976,0.0034728760448480434,0.004181812311966356,0.005036990768085875,0.006064304551426287,0.007308537982719643,0.008803385036745465,0.010603733527370528,0.012774480775613682,0.015389029833923479,0.018544280250410612,0.022340186117621858,0.026916833542694942,0.03244250442756216,0.039110574931522986,0.04716517364450714,0.056927309690250866,0.06875647945238503,0.0831721434570084,0.10082120722269118,0.12263718652209053,0.1500592887075043,0.18579684770074337,0.2468609034242806,0.3444292087945128,0.4259551877654311,0.5033484621003169,0.5927755606745543,0.673745424586141,0.754979953024866,0.834279216094874,0.8782993368020113,0.9119089121691124,0.9350514566206052,0.9581027406829463,0.9702638689357953,0.9871403679241066,1.0,1.0,1.0,1.0,1.0,1.0,1.0,1.0,1.0,1.0,1.0,1.0,1.0,1.0,1.0,1.0,1.0,1.0,1.0,1.0
0.8,1e-06,9.876543209876548e-05,0.5,5.656312284247038e-07,8.013109069349971e-07,1.225534328253525e-06,1.4612140067638182e-06,1.6026218138699943e-06,1.7440296209761701e-06,2.6396123993152846e-06,2.8281561421235192e-06,3.676602984760575e-06,4.289370148887337e-06,4.855001377312041e-06,6.080535705565566e-06,9.380051204709672e-06,1.2491022961045543e-05,1.574340252448759e-05,1.923146176643993e-05,2.2860928815498446e-05,2.72445708357899e-05,3.384360183407811e-05,7.240079723836209e-05,0.00010369905854452903,0.00014046508839213478,0.00014640421629059418,0.00015347460664590296,0.00018156762432432994,0.00021225311846637013,0.00023520831915327267,0.00027961037058461195,0.0003252850922799068,0.0003933965193693815,0.00047272629915594624,0.0005727487547157147,0.000708783065151856,0.0008440632006167643,0.0010288832045045363,0.0012280796687814362,0.0014719138641681856,0.0017831053116731767,0.0021589201270256902,0.0025760260220532073,0.0031368965209720035,0.003761589076831387,0.004532073081817237,0.005455513198156269,0.006583099052020916,0.007914736371539775,0.009536448239369102,0.011487923113370033,0.013842975868851989,0.016672640360917975,0.020087733174403526,0.024198458126980064,0.029168376915533725,0.03514926725302514,0.042382936489605866,0.051124342901488345,0.0617082930399643,0.07455684207330995,0.09021813379780456,0.10940132836608558,0.13311683169586236,0.16284815309148576,0.20099620857387587,0.2520275522742241,0.32722648006366745,0.4286070162028836,0.5108288684603839,0.5914952819756518,0.6799721200367509,0.770583320402375,0.8274677689185262,0.8682675035997715,0.8961806034116236,0.9128568261036549,0.9332859177244128,0.9597568935834605,1.0,1.0,1.0,1.0,1.0,1.0,1.0,1.0,1.0,1.0,1.0,1.0,1.0,1.0,1.0,1.0,1.0,1.0,1.0,1.0,1.0,1.0,1.0,1.0
0.8,3e-06,0.0002962962962962,0.5,5.656312284247038e-07,6.127671641267625e-07,6.599030998288211e-07,8.013109069349971e-07,8.013109069349971e-07,8.484468426370558e-07,9.42718714041173e-07,1.084126521147349e-06,1.6968936852741116e-06,1.885437428082346e-06,2.168253042294698e-06,4.053690470377044e-06,6.504759126884094e-06,8.861555911987027e-06,1.1124080825685843e-05,1.3056654189470246e-05,1.5130635360360828e-05,1.7958791502484346e-05,4.54861779524866e-05,7.367346750231767e-05,0.00011076944889983783,0.00012750270607406867,0.00013626999011465157,0.00015672698620934503,0.0001813790805815217,0.00020315588287587278,0.00022502695704162802,0.0002592476463613226,0.0003355135903272535,0.00040310652212400557,0.0004812107675823168,0.0006028686176293302,0.0007040694715816501,0.0008353901884475855,0.0010315699528395535,0.0012316148639590905,0.0014848762464862518,0.0017782031743601627,0.0021566104661762896,0.0025714067003544056,0.003130438897780821,0.0037581010175894345,0.004541641676764755,0.005456738732484522,0.006579139633421943,0.007916810352710664,0.009535646928462168,0.011487970249305734,0.013837178148760636,0.016674714342088864,0.020090608466481353,0.02419902375820849,0.029162673467313775,0.03515110555451752,0.04238552896606948,0.05112076057037499,0.0617038622620083,0.07455863323886663,0.09021398583546278,0.1094017054535712,0.13311442776314156,0.16284725750870743,0.20100158207054591,0.25203504688800066,0.3272697037167062,0.4286017841140207,0.5108337234617611,0.5915080086782913,0.6800602642365138,0.7705697452528928,0.8274635266843131,0.8682698603965565,0.8961825359849874,0.9128584758614046,0.9332731910217732,0.9597564222241035,1.0,1.0,1.0,1.0,1.0,1.0,1.0,1.0,1.0,1.0,1.0,1.0,1.0,1.0,1.0,1.0,1.0,1.0,1.0,1.0,1.0,1.0,1.0,1.0
0.8,1e-05,0.0009876543209876,0.5,1.7440296209761701e-06,1.9325733637844046e-06,2.4039327208049914e-06,2.8281561421235192e-06,3.4880592419523403e-06,4.525049827397631e-06,5.373496670034686e-06,6.2690794483738005e-06,7.918837197945854e-06,9.474323076113789e-06,1.1406896439898194e-05,1.9042918023631697e-05,2.625471618604667e-05,3.313656279854723e-05,3.92170985041128e-05,4.609894511661336e-05,5.387637450745304e-05,6.302074603365242e-05,7.692584706575972e-05,9.738284316045317e-05,0.00011251347852081401,0.00012934100756644895,0.0001519662567034371,0.0001770425744969323,0.0001994792798911122,0.00022351860709916212,0.00025132880916337675,0.0002937511512952295,0.0003586101988212622,0.00039311370375516916,0.0004399196879073134,0.0005949497804313843,0.0006752222789319902,0.0008307708667487837,0.0010524983082912677,0.0012467454993194513,0.0014774759045810284,0.0017700957934194085,0.0021629738174960673,0.002583756315508345,0.0031162038451987995,0.0037630974267738523,0.004532544441174258,0.005457869994941371,0.006580365167750196,0.007916904624582069,0.009535552656590764,0.011486084811877652,0.013839817761159952,0.01667141482658972,0.02008801599001774,0.02420067351595806,0.02917153502322576,0.03515030424361058,0.04238666022852633,0.05112217464844605,0.061710744108620805,0.07456433668708658,0.09022006637116835,0.10940594768778439,0.13312493907680312,0.162857768822369,0.20101430877318546,0.2520581434964947,0.32747182260899665,0.4285863706630461,0.5108546046812772,0.591554578982765,0.6809546214805247,0.770469251437976,0.8274158722533184,0.8682454439818629,0.8961780580710957,0.9128624352800034,0.9332794129652859,0.9597666035862151,1.0,1.0,1.0,1.0,1.0,1.0,1.0,1.0,1.0,1.0,1.0,1.0,1.0,1.0,1.0,1.0,1.0,1.0,1.0,1.0,1.0,1.0,1.0,1.0
0.8,3e-05,0.0029629629629629,0.5,2.0739811708905807e-06,2.545340527911167e-06,3.2995154991441056e-06,3.676602984760575e-06,5.090681055822334e-06,5.844856027055273e-06,7.541749712329384e-06,9.144371526199378e-06,1.121835269708996e-05,1.465927600334024e-05,1.6356169688614353e-05,1.927859770214199e-05,2.2201025715669624e-05,2.597190057183432e-05,3.0214134785019597e-05,3.502200022662958e-05,4.105539999649309e-05,4.897423719443894e-05,5.755297749221362e-05,6.792288334666652e-05,8.112094534324295e-05,9.521459011815848e-05,0.00011284343007072841,0.00013513872765780216,0.00016195907507227352,0.00019405864728537546,0.0002328986583038718,0.00028366406105498896,0.0003308471326927497,0.00039429210214772065,0.00048276625346048473,0.0005793477857140029,0.0006946422844412383,0.0008522177174932204,0.0010360950026669512,0.0012273254938102033,0.0014913338696774337,0.0017259294216665797,0.0021539708537769743,0.002584274810801068,0.003128647732224143,0.003761777620574195,0.004533487159888299,0.005453439216985378,0.006585691528484529,0.00791417074031135,0.009531970325477406,0.011492071075711813,0.013841420382973821,0.016674572934281758,0.020095227788180157,0.024209535071870045,0.02917153502322576,0.03516849871479158,0.042394343386045766,0.05114051052743415,0.0617245078018458,0.07457951445838265,0.09024019341571313,0.10943220240397043,0.13315892408644428,0.16290712014704903,0.20109222447490097,0.25222203514493075,0.32860874137813034,0.4285470592926706,0.511023445602962,0.5919397738493223,0.6828195547765766,0.7697685286178292,0.8271458304776812,0.8681589495398496,0.8962048312825744,0.9129030664565787,0.9333511538594245,0.9599405823248914,0.998633906311483,1.0,1.0,1.0,1.0,1.0,1.0,1.0,1.0,1.0,1.0,1.0,1.0,1.0,1.0,1.0,1.0,1.0,1.0,1.0,1.0,1.0,1.0,1.0
0.8,0.0001,0.0098765432098765,0.5,1.4140780710617596e-06,1.6968936852741116e-06,2.545340527911167e-06,2.8281561421235192e-06,3.2995154991441056e-06,4.053690470377044e-06,4.807865441609983e-06,5.891991962757331e-06,7.400341905223208e-06,8.625876233476733e-06,1.0699857404367315e-05,1.3103790125172305e-05,1.5460586910275237e-05,2.0221316416183163e-05,2.484063811498491e-05,2.9837047299403126e-05,3.5776175197862515e-05,4.3553604588702196e-05,5.250943237209334e-05,6.273793041944007e-05,7.640735177303708e-05,9.229216210463084e-05,0.00011109940044975224,0.0001343845526865692,0.00016054499700121177,0.00019217320985729313,0.00023110749274719356,0.0002797517783917181,0.0003379175230480585,0.00040470914393787557,0.0004887525172946462,0.0005881150697545858,0.0007090187448303663,0.0008498137847724155,0.0010230854844131831,0.0012330760779658543,0.001490768238449009,0.0017951721112129037,0.002158543039540074,0.0025930420948416504,0.0031339269570227735,0.003777756702777193,0.004549089154605681,0.005484454662677333,0.0065927619188398375,0.007928782880378987,0.009555349749585627,0.011512292392127997,0.01388148592832057,0.016710349109479623,0.020135481877269712,0.024257990813771762,0.029237148245723026,0.03524089951202994,0.042477255496945684,0.05124609502340676,0.061859646529503605,0.07474062508661228,0.09044664881408813,0.10969588082828774,0.1335117365651742,0.16339186610980902,0.20185215003028956,0.25379661107705803,0.3336818878658715,0.42849016621827823,0.5129515410528547,0.5965479714672983,0.6835459195457453,0.7584609475944553,0.8242196315892975,0.8673948760221192,0.8965637714329456,0.9133929973722659,0.9341994592942544,0.9627710009919286,0.9888723839791365,1.0,1.0,1.0,1.0,1.0,1.0,1.0,1.0,1.0,1.0,1.0,1.0,1.0,1.0,1.0,1.0,1.0,1.0,1.0,1.0,1.0,1.0,1.0
0.8,0.0003,0.029629629629629596,0.5,1.7911655566782287e-06,2.2625249136988153e-06,2.7338842707194017e-06,3.346651434846164e-06,4.336506084589396e-06,5.373496670034686e-06,6.2690794483738005e-06,7.164662226712915e-06,8.955827783391144e-06,1.0511313661559079e-05,1.2726702639555837e-05,1.4847819746148476e-05,1.786451963108023e-05,2.1022627323118158e-05,2.5641949021919908e-05,2.9507095749488718e-05,3.601185487637281e-05,4.345933271729808e-05,5.142530585094599e-05,6.273793041944007e-05,7.52289533804856e-05,8.993536531952791e-05,0.00010794129275771431,0.00013146212467304158,0.00015922519080155412,0.00019212607392159108,0.00023082467713298122,0.00027885619561337897,0.000337540435562442,0.00040621749388034147,0.0004905908187870264,0.0005913674493180279,0.0007150521446002298,0.000860702185919591,0.0010355293714385265,0.001253721617803356,0.0015130164001003806,0.0018200127493278888,0.0021954504771947857,0.002643336138235747,0.003183042602024319,0.0038266366681002275,0.004615927911431199,0.005562417500328537,0.006700043308497723,0.008077119670033366,0.00972800868206227,0.011712572982926044,0.014109765264925642,0.0169983968125549,0.020476746051752617,0.02467717068997017,0.029739475912499865,0.035849848665364836,0.04322652833086561,0.052151057852950586,0.06296705820288777,0.07610761435790768,0.09216508362197809,0.11188680625565513,0.13642370040097598,0.1675474173372382,0.20872249547447883,0.27420953507187007,0.3517747811054282,0.4346472978193596,0.5363359144343245,0.613591335962513,0.6785855693521392,0.7356505485020294,0.7882890862020107,0.8457286074969894,0.8962323586690245,0.9183627276170767,0.9450366236793217,0.9655752592146513,0.9759608141997572,0.9879823161052745,0.9996929093789011,1.0,1.0,1.0,1.0,1.0,1.0,1.0,1.0,1.0,1.0,1.0,1.0,1.0,1.0,1.0,1.0,1.0,1.0,1.0,1.0,1.0
0.8,0.001,0.0987654320987654,0.5,2.6396123993152846e-06,2.9224280135276363e-06,3.2995154991441056e-06,3.818010791866751e-06,4.807865441609983e-06,5.986263834161449e-06,6.787574741096446e-06,7.965973133647912e-06,9.427187140411731e-06,1.0935537082877607e-05,1.366942135359701e-05,1.640330562431641e-05,1.9797092994864634e-05,2.337942410822109e-05,2.8564377035447544e-05,3.4739184612417225e-05,4.044263283236633e-05,4.864428564452453e-05,5.967409459880625e-05,7.126953478151268e-05,8.531604362072617e-05,0.00010327483512321051,0.00012349615153939368,0.00014904382868990946,0.0001801064103175661,0.00021734379952219245,0.0002612744915965111,0.0003153394098467724,0.00037920860272306185,0.00045787847940979777,0.0005502177774501306,0.0006607044107357561,0.0007985298867285756,0.0009585563884370648,0.0011536520263078856,0.0013901801516608158,0.0016717702315449143,0.0020153440668772196,0.002427076465234702,0.0029222394697848283,0.0035282661951061963,0.004247654845791015,0.0051084984395177125,0.006146714559291257,0.007407176615900007,0.008911614275702614,0.010728327509531357,0.012932545270766727,0.015565888590633637,0.01876481600298955,0.02261511491081221,0.027261586908578345,0.032858602185712196,0.039618602404422935,0.0477988555017724,0.05772318535603375,0.06977146047302986,0.08450605970162199,0.10264750295495181,0.12526129805956437,0.15424806021483806,0.19431666939740855,0.2827302510327955,0.36782631124160015,0.4354739207237666,0.500144283099184,0.5691893788030451,0.6301032899186226,0.6831355069535875,0.73209621613448,0.7745343016688573,0.8111436516661893,0.8440143677873769,0.8728654255837645,0.8953141035056127,0.9146491700587257,0.9313705961130954,0.9463034019513146,0.9598468760847157,0.973132280970148,0.9841858464360236,0.9919164698427112,0.9946541249882868,0.9982804810655889,1.0,1.0,1.0,1.0,1.0,1.0,1.0,1.0,1.0,1.0,1.0,1.0,1.0,1.0,1.0,1.0
0.9,1e-06,0.0004487534626038,0.5,1.6856794308013012e-05,1.9170471958132444e-05,2.0870316762301825e-05,2.2570161566471203e-05,2.535601832885991e-05,2.885014375965252e-05,3.31469736813029e-05,3.834094391626489e-05,4.447927237576543e-05,5.052316501281211e-05,5.821968454280124e-05,6.95992011484907e-05,8.178142224503792e-05,0.00010359609723187829,0.000137498557492812,0.00016729305947700307,0.00018325271347170447,0.00020303701827578699,0.00022574883357593897,0.0002494522250118564,0.00030819130657815385,0.00037722389279192144,0.0004278414936271874,0.0005197275488747877,0.000602594983078045,0.0007254087701792826,0.0008685734770193259,0.0010803458088720944,0.0012977370721608673,0.0015536581510108127,0.001859535779938847,0.0022645238045322018,0.0027165880866188027,0.003276214770480344,0.003940381909798302,0.004755315839663839,0.00572753263182627,0.00690075607208173,0.008316821229777277,0.010008544553215626,0.012056432581038685,0.014525740466562069,0.017503915781378047,0.0210835056314914,0.025408619081966705,0.030619871072437754,0.036919732006245605,0.04453069268109155,0.05373185817023795,0.06489124487378747,0.07847012456651596,0.09506731479860334,0.11548202593547653,0.14087945437248245,0.17293352228052689,0.21436251759103284,0.26970601750726825,0.3507003643900645,0.4289597082008635,0.4934942689732427,0.5526170905040815,0.6070815817849163,0.6576032358245693,0.7052344926463769,0.7524788931215024,0.8018497522287327,0.8624629126916268,0.9049476532792556,0.9230566665930068,0.9415281245933358,0.9632008153211168,0.9893067012981714,1.0,1.0,1.0,1.0,1.0,1.0,1.0,1.0,1.0,1.0,1.0,1.0,1.0,1.0,1.0,1.0,1.0,1.0,1.0,1.0,1.0,1.0,1.0,1.0,1.0,1.0,1.0,1.0
0.9,3e-06,0.0013462603878116,0.5,1.0907337493420184e-05,1.2418310652681854e-05,1.4920859947708996e-05,1.82261137335939e-05,2.1531367519478806e-05,2.497827503904449e-05,2.9652848250510285e-05,3.479960057424535e-05,4.004078872043427e-05,4.764287242796955e-05,5.751141587439734e-05,6.851318919027137e-05,8.163976851135714e-05,9.953535686636254e-05,0.00011237862872008675,0.00012918820511687284,0.0001494446890332246,0.0001765005521662539,0.0002037925048554178,0.00023523963373255134,0.00029327044663044486,0.0003699995523742016,0.000434593654932638,0.0005326180386397389,0.0006145883325296845,0.0007262114746701404,0.000865882056079391,0.0010745852237024093,0.001305764117069445,0.001567115255710487,0.0018652963651085322,0.0022612185507463168,0.0027115357701175216,0.0032792367167988673,0.003939862512774806,0.004749413600760473,0.005719175061539104,0.00690014223923578,0.008312052220743358,0.01000878064277176,0.012059218437801073,0.01452819579794587,0.017505379536626085,0.02108411946433735,0.025406258186405357,0.030627803681523878,0.03692133741522732,0.04452776517059548,0.05373502177029015,0.06489492787086316,0.07846903855455775,0.09506797584936051,0.11548731434153395,0.14088275962626834,0.17293999113436498,0.21437290553150276,0.2697281154897225,0.35070022273633084,0.4289719848577825,0.49349143589856914,0.5526232288325409,0.6070954638508171,0.657629630636945,0.7052659869931653,0.75252729148051,0.8020659630442407,0.8619553673638486,0.9048612917196216,0.9230640798050693,0.9415372376502026,0.96322211059908,0.9896947380926344,1.0,1.0,1.0,1.0,1.0,1.0,1.0,1.0,1.0,1.0,1.0,1.0,1.0,1.0,1.0,1.0,1.0,1.0,1.0,1.0,1.0,1.0,1.0,1.0,1.0,1.0,1.0,1.0
0.9,1e-05,0.0044875346260387,0.5,6.232764281954391e-06,7.271558328946789e-06,8.97140313311617e-06,1.0860119582193256e-05,1.3551540522128107e-05,1.803724208868619e-05,2.124806005211724e-05,2.5450454151313763e-05,3.0313899007687266e-05,3.6405009555960875e-05,4.532919477785012e-05,5.368676506501623e-05,6.558567869420189e-05,7.965661623982619e-05,9.52857448559391e-05,0.00011445621681407154,0.0001369319425580889,0.00016309066537780655,0.00019406561514267082,0.00023457858297537434,0.00028788760475057516,0.000343793611643257,0.0004128734157682515,0.0005042400739923556,0.0006105275921641688,0.0007340024300225834,0.000886657937019239,0.0010768989013525288,0.0012942429467300747,0.0015461505031257312,0.0018542001559702043,0.0022674513150282715,0.0027043586476110286,0.003282447534762298,0.003944300996430137,0.004738836788645641,0.00571553928237463,0.006884182585241079,0.008307377647531892,0.01002242661911634,0.012072297799210933,0.014536270060765674,0.017507834868009883,0.021088321858436548,0.025397003475804883,0.030642394016093,0.03693054490791657,0.044526065325791314,0.05374942323321436,0.06491126526814768,0.07848353445330442,0.09509054601092698,0.11552121680179489,0.14092383920903578,0.17301568144606175,0.21449756081714183,0.26996047483087016,0.35069885341690527,0.429040970226085,0.4936490020683334,0.5528187582029316,0.607327870409876,0.6579294171553248,0.705708088295983,0.7533156417263548,0.8059506750367025,0.8564770980853893,0.9038844003542477,0.9231415643973927,0.9416637816522907,0.9634701462867551,0.9894959979042802,0.9999304952346739,1.0,1.0,1.0,1.0,1.0,1.0,1.0,1.0,1.0,1.0,1.0,1.0,1.0,1.0,1.0,1.0,1.0,1.0,1.0,1.0,1.0,1.0,1.0,1.0,1.0,1.0,1.0
0.9,3e-05,0.0134626038781163,0.5,6.941032950358299e-06,8.027044908577624e-06,9.11305686679695e-06,1.1568388250597165e-05,1.4212591279305088e-05,1.6431833106970667e-05,2.0303701827578697e-05,2.4411660104321363e-05,2.9794501984191065e-05,3.626335582228009e-05,4.3676567884907664e-05,5.269518892925076e-05,6.374418015635173e-05,7.677632365498363e-05,9.443582245385441e-05,0.00011426734516916384,0.000140095542610293,0.00016700975200964152,0.00020138439138284452,0.0002424639741502712,0.00029449811232234497,0.0003543704237580887,0.0004270387891363296,0.0005128337338356564,0.000614871639997046,0.0007385825674115954,0.0008986040685596517,0.001080015283493506,0.0013007590184793906,0.0015660764616634946,0.0018887164490770882,0.0022724091957070985,0.0027342003675064467,0.003291891117007684,0.003971640167030528,0.004777697129585402,0.005753360829267399,0.006920540376885813,0.008337644328628352,0.010034183879011846,0.01208584933973306,0.014547649577371364,0.017546695208949647,0.021148713566895787,0.02547689618160084,0.030698819420009175,0.03702016450342528,0.0446463293456863,0.05387974466820068,0.06507128676929574,0.078689026802964,0.09535015008685263,0.11586104410889508,0.14138747187937298,0.17366804410757297,0.21555453375995662,0.2721329709264211,0.35139130408504815,0.4299722963071249,0.4951565283200755,0.5545921685127926,0.6095146735325288,0.6608267081882091,0.71016026514557,0.7637051403873493,0.8097342462633161,0.8487317080172803,0.8847478780742873,0.9238073841636036,0.942815332071293,0.9661242178589095,0.9839466184515131,0.9968400829448716,1.0,1.0,1.0,1.0,1.0,1.0,1.0,1.0,1.0,1.0,1.0,1.0,1.0,1.0,1.0,1.0,1.0,1.0,1.0,1.0,1.0,1.0,1.0,1.0,1.0,1.0,1.0
0.9,0.0001,0.04487534626038779,0.5,7.129904595266008e-06,8.310352375939188e-06,1.0576812114831694e-05,1.317379723231269e-05,1.5251385326297486e-05,1.8320549556047754e-05,2.1153624229663388e-05,2.5639325796221472e-05,3.121103932099888e-05,3.782154689276869e-05,4.5281976866623185e-05,5.5103302401824045e-05,6.553846078297496e-05,7.918443712755692e-05,9.656062845906613e-05,0.00011676989446419098,0.0001402844142552007,0.00016743471321068387,0.0001992595853776328,0.00024114187263591722,0.00029345931827535256,0.0003498847221915306,0.00042618886673424496,0.0005184998831828877,0.000627195514827274,0.0007534089915368505,0.0009076699075152217,0.0010925280299686417,0.0013131773291320725,0.0015862385097573926,0.0019086424076148515,0.002288132760145665,0.002794355986409552,0.0033330179176863373,0.0040161666573175206,0.004841488527652981,0.005838919684410591,0.007035327119078473,0.008485153083301273,0.010246806133266699,0.01233279901544989,0.014848474889798118,0.017877645548739177,0.021539630653943518,0.02596125751496666,0.03128125235499332,0.03770520195950554,0.04549615731194853,0.05492935161686405,0.06633299657519046,0.08026020279904,0.09731129881175182,0.11833691528407901,0.14467185534849558,0.17832188865601015,0.22347363852346946,0.29316538677796494,0.36727559829343137,0.4450941156850157,0.5134151279765935,0.5778711181446912,0.6426485678524217,0.6933538523488361,0.7362345151221027,0.7742108423278733,0.8080807694479716,0.8383999096438051,0.8666073704137479,0.900265430766171,0.9268182814908998,0.9406880707346975,0.954584679752072,0.9761330457195925,0.9907777281045351,0.9955572667326584,0.9970991204058625,0.9983272582768749,1.0,1.0,1.0,1.0,1.0,1.0,1.0,1.0,1.0,1.0,1.0,1.0,1.0,1.0,1.0,1.0,1.0,1.0,1.0,1.0,1.0,1.0,1.0
0.9,0.0003,0.1346260387811634,0.5,9.11305686679695e-06,1.0718465848512475e-05,1.3079361409858835e-05,1.4968077858935924e-05,1.7848370443778482e-05,2.1153624229663388e-05,2.549767206254069e-05,3.1022167676091174e-05,3.7254931958045566e-05,4.4857015665580847e-05,5.524495613550483e-05,6.638838318505965e-05,7.890112966019536e-05,9.939370313268176e-05,0.0001317379723231269,0.00016323231911148734,0.00019208246287113988,0.0002247572574401735,0.00026305098344521147,0.0003124881364998042,0.0003963471468388269,0.00046703235994553696,0.000553913316603083,0.0006839042262108136,0.0008073318461580013,0.000982038117697632,0.0011879554285582614,0.0014331108236484676,0.0017160877656314424,0.0020714969834365236,0.002502927038316957,0.002993851661343319,0.003607590071470919,0.004343103474652764,0.00522980862958323,0.006304252199551959,0.007587682244611067,0.009148611953950827,0.011016269214620705,0.01327720445789966,0.015989779022064176,0.01926382176862808,0.023217613565214828,0.027993233106706247,0.033753251661456644,0.04072728993176256,0.049177832286134496,0.05944980556608515,0.0720327650752153,0.08771024483242458,0.10814403200543346,0.13146000047973397,0.1604246476741118,0.1989027596224909,0.2757000480300593,0.3625847821205035,0.45699963982177316,0.5377354214226908,0.6021019808669247,0.6591218110675384,0.7113376437620135,0.7611766212411474,0.807367354027244,0.8480629607405733,0.8811733405406753,0.9090123599493144,0.9308909207700448,0.9421211343404348,0.9520548385043557,0.9612709248534498,0.9705330486659901,0.9832302283023782,0.9966784088168306,0.9979736905576077,0.9996026140591142,1.0,1.0,1.0,1.0,1.0,1.0,1.0,1.0,1.0,1.0,1.0,1.0,1.0,1.0,1.0,1.0,1.0,1.0,1.0,1.0,1.0,1.0,1.0,1.0,1.0
0.9,0.001,0.448753462603878,0.5,3.295810203639519e-05,4.02768782765689e-05,4.887053811986965e-05,5.930569650102057e-05,7.16767892424755e-05,8.522832976460361e-05,0.00010251008527365896,0.00012234160798896837,0.00014713101138310518,0.00017437574616104216,0.00021262225425485319,0.0002545045415131376,0.0003042722199463189,0.00036877188668230147,0.0004437539297106619,0.000533798486420412,0.0006469798196313565,0.0007815036487168721,0.0009434610842252324,0.0011386599292373496,0.0013711137062075121,0.0016548933526813446,0.0019909432268833856,0.0023975838783696826,0.0028859587341897907,0.003474246690166077,0.004195453066246163,0.00504849185047183,0.006085491616837605,0.007323828556674998,0.008824933172490241,0.010634040223238729,0.012810313751687804,0.015445545377262612,0.018636531817978353,0.022485452633730096,0.027156578937676323,0.03284529844647406,0.0398223586630985,0.048489111832978535,0.059403909756372573,0.07357924610371962,0.09210084952577163,0.11475812813845651,0.1379702172080578,0.15864665722686186,0.18011310011840365,0.20285947892957373,0.22724370542747224,0.2537060866342903,0.28314092978866584,0.3165181852230225,0.355631850256516,0.4044372276588925,0.4851314102800192,0.60036691150098,0.7595977487255413,0.7997596041703615,0.8320768174976736,0.8638216080871817,0.8918938839772818,0.9187793848866043,0.9421749155413222,0.9601226796882334,0.9697327050706938,0.9777224006114908,0.9846306171135464,0.9910518752971187,0.9977912405486268,0.9987555247317031,0.999241774781518,0.9998340762599486,1.0,1.0,1.0,1.0,1.0,1.0,1.0,1.0,1.0,1.0,1.0,1.0,1.0,1.0,1.0,1.0,1.0,1.0,1.0,1.0,1.0,1.0,1.0,1.0,1.0,1.0,1.0,1.0
1.0,1e-06,0.0004487534626038,0.5,3.730214986927249e-06,4.344047832877303e-06,5.193970234961992e-06,5.760585169685119e-06,6.941032950358299e-06,8.121480731031479e-06,1.0010197180108567e-05,1.265440020881649e-05,1.553469279365905e-05,1.87455107570901e-05,2.228685409910964e-05,2.7244734777936997e-05,3.4327421461976076e-05,4.103236485619974e-05,4.830392318514653e-05,5.7322544229489624e-05,6.983529070462533e-05,8.522832976460361e-05,0.00010336000767574365,0.00012484415728399552,0.0001511917517486209,0.00018112790746649274,0.0002157386363958304,0.00026116226699613435,0.00031546286490710066,0.0003811901973349833,0.0004548973567602167,0.0005483416030783057,0.0006648754079863619,0.000796518944487035,0.0009607900576455148,0.0011595302459996514,0.0013974140827609106,0.001684451765109401,0.002030039657379281,0.002438899550693244,0.0029387011410302684,0.003549275951105664,0.004273268183948139,0.00515128524321285,0.006217276807071959,0.0075355064527053124,0.009098372096405375,0.01099129093958166,0.0132420271140356,0.015936753307756336,0.019192333851030512,0.02320004850223841,0.028054758045034933,0.03390444341320526,0.04119654153353577,0.050036726091352304,0.061214386126546644,0.07525090181488653,0.09316296922091014,0.11668315516126711,0.16904725209699464,0.25527787646321226,0.34713885899995106,0.425041140966052,0.503095936785416,0.5689649229469794,0.6280873667345283,0.6820460125323892,0.7309648545754439,0.7700127922765096,0.797799635893243,0.8225688772392858,0.8442757065168839,0.861100062119884,0.8750699061175715,0.8888142845891503,0.902529907352792,0.9163261783088092,0.9304753559333366,0.9450846248848591,0.96046467901925,0.9851641322924994,0.9935091426152792,0.9979426211720204,1.0,1.0,1.0,1.0,1.0,1.0,1.0,1.0,1.0,1.0,1.0,1.0,1.0,1.0,1.0,1.0,1.0,1.0,1.0,1.0
1.0,3e-06,0.0013462603878116,0.5,5.6189314360043374e-06,6.468853838089027e-06,7.129904595266008e-06,8.357570287166115e-06,1.1285080783235601e-05,1.4637552480347433e-05,1.7328973420282284e-05,2.0917534673528752e-05,2.4222788459413657e-05,2.9133451227014084e-05,3.423298563952222e-05,4.1079582767426666e-05,5.146752323735065e-05,6.105275921641688e-05,7.27155832894679e-05,8.57477267880998e-05,0.00010321835394206287,0.00012456084981663396,0.00015393039059978267,0.00018684127472495094,0.00022258523352373485,0.0002645619566044731,0.00031999578438488566,0.00038109576151252944,0.0004591469687706401,0.0005507969344621059,0.0006655364587435389,0.0008014296072546355,0.0009640480935201727,0.001166896240151052,0.0014034107574867304,0.0016939425652660134,0.0020428357113217786,0.0024533482315286835,0.002955085756226012,0.003561883133403254,0.004289511145410201,0.005171541727129202,0.006228042490831698,0.007505239771608852,0.009046432394055757,0.01090001871718001,0.013144380473618314,0.015843734022639288,0.019096528709151076,0.023040357526468946,0.02781045257234681,0.033580339670543635,0.040621049631501975,0.049227080567544185,0.059801154043524714,0.07292806388998907,0.08941400872322579,0.11046710601988705,0.1379271072551076,0.1745015346765507,0.22428281186816532,0.29560735549288797,0.37740469017400935,0.4451711753161381,0.5102760340203162,0.5693000756808682,0.6217804703319476,0.6689704285554284,0.7109539037974721,0.7477466196225173,0.7795809353717117,0.806942251172468,0.8306795450686464,0.8515031160988336,0.8701659955112765,0.8875879409987646,0.9072246426123517,0.9292679467253528,0.9448499046481501,0.965737928127162,0.9849921174418997,0.9911783248633844,0.9964877428912963,1.0,1.0,1.0,1.0,1.0,1.0,1.0,1.0,1.0,1.0,1.0,1.0,1.0,1.0,1.0,1.0,1.0,1.0,1.0,1.0,1.0
1.0,1e-05,0.0044875346260387,0.5,6.185546370727464e-06,7.271558328946789e-06,8.45200610961997e-06,1.0151850913789349e-05,1.1946131540412582e-05,1.4259809190532016e-05,1.775393462132463e-05,2.228685409910964e-05,2.6583684020760016e-05,3.2344269190445136e-05,3.7915982715222544e-05,4.6981821670792566e-05,5.699201885090113e-05,6.974085488217147e-05,8.518111185337668e-05,0.00010529594203604767,0.00012555242595239943,0.00015194723832825173,0.00018419707169624303,0.0002189022364480345,0.0002631454192676653,0.0003182015037582624,0.0003841177078310528,0.00046330214495860975,0.0005600988629738104,0.0006670474319028006,0.000810164920831617,0.0009783079027107047,0.0011735067477228218,0.001410776751638131,0.0016973422548743522,0.0020466603621311598,0.0024611391868811267,0.00296434046682649,0.0035776066978418205,0.004307878912877476,0.005188823482638257,0.0062452770284295266,0.007534231569102185,0.009075188101992955,0.010930946449033647,0.013174694372626002,0.01587107319323968,0.0191142826437724,0.023026239371012093,0.027757379640127745,0.03347830176438225,0.0403857627798582,0.048744844040183574,0.05889726156890765,0.07125357510414855,0.08639050421363197,0.10504710364388176,0.12827250816444902,0.15765885852399453,0.1955466521462146,0.24569415145730528,0.31623771083033453,0.3954942024904237,0.4581535511363368,0.5141032818148148,0.5648074802992709,0.6106111206491291,0.6516093469555119,0.6882316061210279,0.7214950663893276,0.751462574800254,0.7799309145297256,0.8063299765175884,0.8318403974161603,0.8572940151675263,0.8842251285790941,0.9115659045884666,0.9400493068316196,0.9706028367387836,0.9878025275181265,0.9946716475896862,1.0,1.0,1.0,1.0,1.0,1.0,1.0,1.0,1.0,1.0,1.0,1.0,1.0,1.0,1.0,1.0,1.0,1.0,1.0,1.0,1.0,1.0,1.0
1.0,3e-05,0.0134626038781163,0.5,5.4772777023235554e-06,6.1383284595005365e-06,7.790955352442988e-06,9.726889712747003e-06,1.2135003185320292e-05,1.520416741507056e-05,1.7328973420282284e-05,2.0539791383713333e-05,2.3561737702236676e-05,2.7764131801433195e-05,3.243870501289899e-05,4.3298824595092245e-05,5.552826360286639e-05,7.026025190566768e-05,8.522832976460361e-05,0.00010406827634414755,0.00012678009164429955,0.0001501529577016285,0.00018372489258397374,0.0002240962066829965,0.00026720615963318105,0.0003138102380141582,0.0003866674750373069,0.00046353823451474437,0.0005573130062114218,0.0006763021425032783,0.000811439804434744,0.00097807181315457,0.0011880498643807153,0.001427680763857371,0.0017086273356575878,0.0020682389475618654,0.002477146058787055,0.0029807722999334605,0.003598524232515349,0.004335926352146271,0.005223150904100233,0.006295375232241296,0.007578285880276908,0.00913241621039999,0.010995965512793126,0.013254445424688281,0.015973961021803155,0.01925121458633049,0.0232016066933089,0.027979114951249395,0.03372888721926355,0.040665198378499155,0.049065359221591956,0.05926428639287455,0.07170072872346754,0.08686575249013098,0.10556583961662078,0.1288032847045509,0.15817546969072835,0.19600367430898002,0.24619508627751174,0.3170044352728374,0.3945998480338745,0.45642783091681505,0.5117203827068366,0.5620146352860206,0.6077987746385421,0.6492153044204841,0.6873628909902748,0.7217557564772115,0.7552780653348572,0.7857127949773741,0.8143942763581241,0.8423993611605483,0.8704899103822932,0.8992951971262801,0.9298700223114074,0.9670283464230827,0.9967133028532272,1.0,1.0,1.0,1.0,1.0,1.0,1.0,1.0,1.0,1.0,1.0,1.0,1.0,1.0,1.0,1.0,1.0,1.0,1.0,1.0,1.0,1.0,1.0,1.0,1.0
1.0,0.0001,0.04487534626038779,0.5,6.468853838089027e-06,7.649301618762207e-06,9.018621044343096e-06,1.133229869446253e-05,1.369319425580889e-05,1.6148525639609105e-05,1.992595853776328e-05,2.4553313838002146e-05,3.00305915403257e-05,3.6546663289641655e-05,4.2921081305276826e-05,5.099534412508138e-05,6.364974433389788e-05,7.436821018241035e-05,8.702261039122684e-05,0.0001060514286156785,0.00012701618120043417,0.00015492196673554814,0.00018669962099127017,0.00022541830819735047,0.00026857547905876196,0.00032344269190445133,0.0003917197915385881,0.00046859055101602557,0.0005651983973863187,0.000681118369448425,0.0008220166165495757,0.0009936065059482292,0.0011984850227618662,0.0014286723399931365,0.001728033897171855,0.0020954836823398023,0.0025152036952359584,0.0030211436140324833,0.003652683176692635,0.004384749672354914,0.005294119424674305,0.00637998972915995,0.00768429009098136,0.009258204725908525,0.011144843586891627,0.013427215761867608,0.016181389305823045,0.019500383503874986,0.023501204340043755,0.02832295578080388,0.034146718515710626,0.04118313164674732,0.04972409630111882,0.0600695878688498,0.07267828113959862,0.08813676422453741,0.10719844611520302,0.13102332923670734,0.16133562283541292,0.20102374097689327,0.2557748921967869,0.33549643306455007,0.409017270612082,0.47014430360285886,0.5259520028043662,0.5774616916364425,0.6255138017010158,0.6711345670806922,0.7146961121338511,0.7566309057094198,0.7995332887218508,0.8421181784991919,0.8757101337758973,0.9057001179125679,0.9343364117522737,0.9645053517724943,0.9898160881244875,0.9998031013101837,1.0,1.0,1.0,1.0,1.0,1.0,1.0,1.0,1.0,1.0,1.0,1.0,1.0,1.0,1.0,1.0,1.0,1.0,1.0,1.0,1.0,1.0,1.0,1.0,1.0,1.0
1.0,0.0003,0.1346260387811634,0.5,6.799379216677518e-06,8.45200610961997e-06,1.0671247937285549e-05,1.2796053942497273e-05,1.6290179373289884e-05,1.87455107570901e-05,2.327843023487511e-05,2.653646610953309e-05,3.1494346788360446e-05,3.834094391626489e-05,4.660407838097715e-05,5.5575481514093317e-05,6.756883096573283e-05,8.050653864191088e-05,9.571070605698144e-05,0.00011596718997333322,0.00013943449185311604,0.00017045665952920722,0.00021809953195717677,0.0002728250910691854,0.00032117623216555886,0.00039011438255687257,0.00047302903467135674,0.0005677953825037996,0.0006787102559758516,0.0008104010103877516,0.0009941259029717254,0.0011969268316913777,0.0014297583519513558,0.0017200068522632771,0.0020825931925748512,0.0025038713965414958,0.0030074504197766744,0.0036391788540817336,0.004371623093033828,0.00527759315574488,0.006351800636157474,0.0076494432724958875,0.009211081250504051,0.011096964624907524,0.013366399092207326,0.016104896289635424,0.01940500332319659,0.023384764970958153,0.028190603975634804,0.03398768859069833,0.041002475918393094,0.04950283316910944,0.05982651006185358,0.07243147311761547,0.08790364939681007,0.10711770348700497,0.13137751078882054,0.1631133771931067,0.2087168135993628,0.3141023752309192,0.40128788741587895,0.4852739611540133,0.5694806369733999,0.6333746395620746,0.6854456549228166,0.730431575486047,0.7705025364517553,0.8078811321193041,0.8445752569457076,0.8794440317599003,0.9139708544609877,0.9430501467438245,0.9719699369225367,0.9879323295560893,0.9991564992338422,0.9995714502377044,0.9999749745070498,1.0,1.0,1.0,1.0,1.0,1.0,1.0,1.0,1.0,1.0,1.0,1.0,1.0,1.0,1.0,1.0,1.0,1.0,1.0,1.0,1.0,1.0,1.0,1.0,1.0,1.0,1.0
1.0,0.001,0.448753462603878,0.5,5.4725559112008626e-05,6.610507571769808e-05,7.956218041737233e-05,9.519130903348525e-05,0.00011398403770180226,0.00013735690375913124,0.00016252405044308343,0.000194585012166167,0.00023264264861507034,0.00027655530605611263,0.00033496386224382156,0.0004057907290842124,0.0004902163543579583,0.0005905071978039516,0.000710251820675439,0.0008551635902308785,0.0010320418856869479,0.0012410755786885547,0.0014916610335698572,0.001807029462654504,0.0021783983344542865,0.0026272990164886833,0.0031552424819169564,0.00380349718515144,0.004576171084468877,0.005500225607179842,0.006600875117879515,0.007916979957507658,0.009496655177604507,0.011364926271120335,0.013588889889908607,0.01623875906796376,0.019382480379541347,0.023086583861560105,0.027474308262322316,0.03264235586402073,0.038732097092868754,0.04585685493581103,0.05420946734229831,0.06397389529447073,0.07538740879624357,0.0887675010827067,0.10492122069255078,0.12546157869119884,0.1532611239260522,0.17712718106614644,0.19844214889847223,0.22061922135397927,0.24444316011725908,0.27039341585890986,0.29898036698138347,0.33101427284133406,0.36802834623421105,0.4135012251159247,0.4817729891260928,0.5989997640993155,0.7547436057976795,0.8059290964512718,0.8402313979844751,0.8668338275159923,0.889244109235049,0.9095245798503041,0.9293867469899998,0.9501384995772109,0.9668139771061124,0.9837376319764227,0.9934307608826425,0.9989330168600051,0.9993991048617261,0.9996610698332131,0.9999113247627158,1.0,1.0,1.0,1.0,1.0,1.0,1.0,1.0,1.0,1.0,1.0,1.0,1.0,1.0,1.0,1.0,1.0,1.0,1.0,1.0,1.0,1.0,1.0,1.0,1.0,1.0,1.0,1.0,1.0
1/0.9,1e-06,0.0004487534626038,0.5,3.399689608338759e-06,4.39126574410423e-06,4.910662767600429e-06,6.232764281954391e-06,8.876967310662315e-06,1.1757259895504873e-05,1.6951230130466865e-05,2.0539791383713333e-05,2.7433606422844706e-05,3.380802443847988e-05,4.254333801546141e-05,5.1420305326123724e-05,6.218598908586313e-05,7.587918334167201e-05,9.080004328938102e-05,0.00011157592422922899,0.00013872622318471213,0.00018594413441163932,0.0002034619794768293,0.00023113167545580867,0.00025596829676117236,0.00030889957524655776,0.00040890711122518956,0.00048573065279140017,0.0006194989952972849,0.0007691325559754172,0.000904175782084429,0.0010722715460522898,0.0012754974359729845,0.0015383123298620613,0.0018795089563878374,0.0022472892669343734,0.0027218764926762186,0.003259594065728466,0.003943309420294371,0.004756496287444512,0.005738676058875825,0.006901322687016453,0.008311296734163726,0.010008544553215626,0.01205298567351912,0.014528904066614274,0.017501979847017745,0.021079869852326925,0.02541744883136614,0.030614724320114018,0.03691770163606285,0.04452568758250149,0.05373053606872359,0.06488647586475355,0.07846781088886584,0.09506150699552242,0.115485661714641,0.14088167361431012,0.17293781911044856,0.2143545849819467,0.2696939769399054,0.35071164947084776,0.4289731653055632,0.4934896416179425,0.55262242612805,0.6070940945313915,0.6576185344278067,0.705240111577813,0.7524926335336695,0.8018457859241895,0.8625335979047335,0.9049690902109526,0.9230605384617273,0.941538370880072,0.9632051593689496,0.9892546199420882,1.0,1.0,1.0,1.0,1.0,1.0,1.0,1.0,1.0,1.0,1.0,1.0,1.0,1.0,1.0,1.0,1.0,1.0,1.0,1.0,1.0,1.0,1.0,1.0,1.0,1.0,1.0,1.0
1/0.9,3e-06,0.0013462603878116,0.5,6.4216359268621e-06,7.743737441216062e-06,9.254710600477732e-06,1.1096209138327894e-05,1.3787630078262743e-05,1.7470627153963067e-05,2.1484149608251876e-05,2.5450454151313763e-05,3.0786078119956535e-05,3.649944537841473e-05,4.372378579613459e-05,5.3120150130293105e-05,6.47357562921172e-05,7.88066938377415e-05,0.00010213234198384354,0.000123899799059457,0.00014901972783218226,0.00017838926861533098,0.00021271669007730707,0.00025818753858883797,0.00029917268553381076,0.00035328441179986937,0.00043421591164282254,0.0005056093934179365,0.0006316812163938321,0.000697927945845211,0.0008589410231290328,0.0010901671344072954,0.0013046781051112256,0.0015563967898619745,0.0018533974514793466,0.002253758120772462,0.0027113941163838407,0.0032770646928824286,0.003936368387344014,0.004748610896269615,0.005728996387074305,0.006900614418348049,0.00831521582079556,0.010020112941466222,0.012055913184015188,0.014526023774029432,0.01749621926184806,0.021081239171752506,0.025416315601496695,0.030619021150035668,0.03691963757042315,0.04453069268109155,0.053735588385224874,0.06489837477838273,0.07847867100844803,0.09507331147332915,0.11549486920733026,0.14088417616360516,0.172937913546271,0.21436823095829127,0.26971404455217685,0.3507513125162784,0.4289938939685918,0.4935085287824333,0.5526496236449168,0.6071305939767699,0.6576532868104698,0.7052836464919642,0.7525651130274028,0.8020254972943193,0.8622451909029595,0.9049458117807178,0.9230642686767142,0.9415338851785054,0.963223763225973,0.9893257773343072,1.0,1.0,1.0,1.0,1.0,1.0,1.0,1.0,1.0,1.0,1.0,1.0,1.0,1.0,1.0,1.0,1.0,1.0,1.0,1.0,1.0,1.0,1.0,1.0,1.0,1.0,1.0,1.0
1/0.9,1e-05,0.0044875346260387,0.5,6.704943394223663e-06,8.215916553485334e-06,9.821325535200858e-06,1.081290167096633e-05,1.3268233054766545e-05,1.638461519574374e-05,1.97843048040825e-05,2.384504516959824e-05,2.9133451227014084e-05,3.479960057424535e-05,4.197672308073828e-05,4.995655007808898e-05,6.105275921641688e-05,7.23850579108794e-05,9.042229999956559e-05,0.00010779849133107481,0.00013036865289754601,0.00015666902945094446,0.00018599135232286626,0.00022537109028612356,0.00027244734777936996,0.0003278339576485556,0.00040484637085967386,0.0005069314949322904,0.0006289897954538972,0.0007506231347744617,0.0008959598655309437,0.001070193957958305,0.0012820607256335275,0.0015492668852667086,0.0018821531594165452,0.0022213194157595633,0.002736419609334112,0.003264551946407293,0.0039496366203987795,0.004768678508541059,0.005735323587178712,0.006910105218504662,0.008312902143145442,0.01001137762788924,0.012056385363127458,0.01452956511737145,0.017506135023205714,0.021089455088305994,0.025423209416535825,0.030623695723247135,0.03692629529590615,0.04454353595294527,0.053739932433057754,0.0649116430114375,0.07849411126541925,0.09509465396920372,0.11553047151239536,0.1409245946956154,0.1730075599653307,0.21445265658356502,0.2698454992170326,0.35094079799403205,0.4291781382581992,0.4937132656455132,0.5528725866217303,0.607375938243505,0.6579782404755334,0.7057257477947819,0.7532653074329869,0.8046495854928445,0.8577349360225633,0.9044134298316342,0.9230917967189596,0.9415943241048759,0.9633550290191839,0.9904538604514297,1.0,1.0,1.0,1.0,1.0,1.0,1.0,1.0,1.0,1.0,1.0,1.0,1.0,1.0,1.0,1.0,1.0,1.0,1.0,1.0,1.0,1.0,1.0,1.0,1.0,1.0,1.0,1.0
1/0.9,3e-05,0.0134626038781163,0.5,6.468853838089027e-06,7.649301618762207e-06,1.0104633002562422e-05,1.2512746475135709e-05,1.4826424125255143e-05,1.8131677911140045e-05,2.1909110809294222e-05,2.5450454151313763e-05,3.069164229750268e-05,3.626335582228009e-05,4.325160668386532e-05,5.307293221906618e-05,6.374418015635173e-05,7.696519529989134e-05,9.429416872017363e-05,0.00011388960187934841,0.00013532653357637336,0.0001638461519574374,0.00019623763905910946,0.00023656173524690528,0.0002902485003119215,0.0003524817073090116,0.00042496120104234484,0.0005147224502847334,0.0006195934311197387,0.0007510953138867311,0.0009016732327894019,0.0010788348357128328,0.0012975954184271865,0.001565793154196133,0.0018883859236984997,0.002265798688135329,0.0027368445705351547,0.0032811254332479447,0.003952564130894849,0.00477604450269246,0.005752983085977583,0.006941599565293022,0.008331269910612716,0.010030973061048415,0.012086982569602507,0.014558981876065826,0.017533804719184694,0.021134973154728752,0.02547599904128753,0.030699574906588808,0.0369930142044698,0.04463962440229207,0.053851555575198204,0.0650549021541,0.07866390687419128,0.09530061849797558,0.11577822389260305,0.14127528212229779,0.17347964464177754,0.21516899951478874,0.27113360383530316,0.35266996512107335,0.43066200833641666,0.4953379395350093,0.5546709752066303,0.6094815265588474,0.6606022342382363,0.7094538851936152,0.7618507513597342,0.8105505495126073,0.8510862291606109,0.8887255621339549,0.9232328838377056,0.941970981382733,0.9643853710600666,0.9875595441469527,0.9991751030908655,1.0,1.0,1.0,1.0,1.0,1.0,1.0,1.0,1.0,1.0,1.0,1.0,1.0,1.0,1.0,1.0,1.0,1.0,1.0,1.0,1.0,1.0,1.0,1.0,1.0,1.0,1.0
1/0.9,0.0001,0.0448753462603877,0.5,7.413212062627571e-06,8.640877754527679e-06,1.0151850913789349e-05,1.2607182297589564e-05,1.5251385326297486e-05,1.7517845065189993e-05,2.0162048093897914e-05,2.5119928772725274e-05,3.0313899007687266e-05,3.635779164473395e-05,4.447927237576543e-05,5.444225164464707e-05,6.487741002579798e-05,7.701241321111826e-05,9.358590005176972e-05,0.0001124730645425406,0.00013688472464686195,0.00016323231911148734,0.00019637929279279023,0.00023845045169598237,0.00028732098981585204,0.0003549842566040387,0.00042987186380994525,0.0005188304085614761,0.0006290842312763512,0.0007663939171242554,0.000916546874825884,0.0010977220002036036,0.0013161520575393688,0.0015914796979035813,0.0019280017512178916,0.002303903542495459,0.0027952531267228637,0.0033512440314199315,0.0040382174218604955,0.004859809077209029,0.005867864263992697,0.007072062654013022,0.008500923865651065,0.010241848252587872,0.012326141289966893,0.01485395216750044,0.01790144337599755,0.021567772529034766,0.025995821025984772,0.0313347030305022,0.0377661602828995,0.04555796555774458,0.05499002663279065,0.06643475117388449,0.0803724397740264,0.09743340433018466,0.11849755061807302,0.14480737075371686,0.17836802055527887,0.22263858976342127,0.285791837760768,0.3750915319209134,0.44903945547549284,0.514697802535073,0.5767610722696573,0.640067872914314,0.6956205009593736,0.7402775959888196,0.7793278001496241,0.8136986148720178,0.843841490605241,0.8706129130410394,0.8979730011761037,0.9304109507024231,0.9530924521035674,0.9647090970594385,0.9746699987402261,0.9828389806899519,0.9916779375820766,0.9974088226855999,0.9999212877419847,1.0,1.0,1.0,1.0,1.0,1.0,1.0,1.0,1.0,1.0,1.0,1.0,1.0,1.0,1.0,1.0,1.0,1.0,1.0,1.0,1.0,1.0,1.0
1/0.9,0.0003,0.1346260387811632,0.5,9.160274778023877e-06,1.0340722558697058e-05,1.1946131540412582e-05,1.4165373368078162e-05,1.7659498798870773e-05,2.0398137650032554e-05,2.4458878015548293e-05,3.0786078119956535e-05,3.829372600503796e-05,4.6226335091161735e-05,5.7039236762128065e-05,6.75216130545059e-05,8.097871775418016e-05,9.689115383765463e-05,0.00011757259895504873,0.00014226756652673165,0.00017125936402006498,0.00020667279744026037,0.0002476579443852332,0.00029742562281841444,0.00035885612532464677,0.0004373795116950267,0.0005261964027128768,0.0006314451268376975,0.0007586029617718124,0.0009151303374890762,0.0010982413972270998,0.0013201183620824308,0.0015915741337260354,0.0019193608734633639,0.0023204770293361104,0.0027907674251563055,0.0033615847539786286,0.004045252890633308,0.004859289680185532,0.005871688914802079,0.007081789543725769,0.008524768910820664,0.010268290282874952,0.012374728520619402,0.014890640484523763,0.01794880294095816,0.021630902876345167,0.026070142018255957,0.03142843058428765,0.03791409399877347,0.045745609536960385,0.05525902707305045,0.06682760419529253,0.0809847616468172,0.09847082905775147,0.12037238500124939,0.14861459815385522,0.2043565700229347,0.28432879078140166,0.36508582044237137,0.4524469832570953,0.5210210363349381,0.5824851107760528,0.6381436013780831,0.6895995090092719,0.7383880296173404,0.7777708367448274,0.8112873377993922,0.8423272121921935,0.8745452206880179,0.9018940709602102,0.9267073193995166,0.9497235013554374,0.9631280525199161,0.9743951904968854,0.9811583535756518,0.987512987286483,0.9950967504444622,1.0,1.0,1.0,1.0,1.0,1.0,1.0,1.0,1.0,1.0,1.0,1.0,1.0,1.0,1.0,1.0,1.0,1.0,1.0,1.0,1.0,1.0,1.0,1.0,1.0,1.0
1/0.9,0.001,0.4487534626038775,0.5,3.843537973871874e-05,4.6226335091161735e-05,5.463112328955477e-05,6.780492052186746e-05,8.239525509098796e-05,9.929926731022791e-05,0.00012163333932056448,0.00014793371587396294,0.000180325202975635,0.00021819396777963062,0.00026215384313189985,0.0003119215215650811,0.00037859321221750235,0.000454708485115309,0.0005464528866292285,0.000661617372111704,0.0007915138458969807,0.000958665251640303,0.001156413863858674,0.0013888676408288368,0.0016771802067804542,0.002019698934820584,0.0024315807744530703,0.002928549290116479,0.0035308137478159353,0.004248384344731548,0.005120971344205163,0.006166328680858105,0.0074329019316092,0.008955160171654106,0.010798689079687025,0.013016703241660703,0.01569759458739195,0.018934901799021304,0.022861684950386253,0.02764037365610742,0.03346536405670607,0.04062699908831657,0.04949759198096325,0.060657403645713814,0.07467545713076396,0.08975572474677507,0.10691556360904249,0.12740657889045842,0.15601525025209642,0.1898886714976256,0.21332240144252607,0.23668176317724415,0.26119357247127784,0.28749758480384074,0.31618600721754103,0.348040437796918,0.3845050835747585,0.42869066054269245,0.49191294112625294,0.61089593908965,0.7579385113250271,0.8141301393627206,0.8477035852182251,0.8739777558308927,0.8962253246278615,0.9157799615117362,0.9334780845619906,0.9499368790962719,0.9656843357979195,0.9792664735265226,0.9861805922674816,0.9901685698317966,0.9949603851168388,0.9999068862790605,0.999987723343081,1.0,1.0,1.0,1.0,1.0,1.0,1.0,1.0,1.0,1.0,1.0,1.0,1.0,1.0,1.0,1.0,1.0,1.0,1.0,1.0,1.0,1.0,1.0,1.0,1.0,1.0,1.0,1.0,1.0
1/0.8,1e-06,9.876543209876548e-05,0.5,5.184952927226452e-07,8.013109069349971e-07,8.955827783391143e-07,1.225534328253525e-06,1.2726702639555835e-06,2.2625249136988153e-06,2.45106865650705e-06,4.006554534674986e-06,5.703448219949097e-06,7.164662226712915e-06,1.0369905854452904e-05,1.3150926060874365e-05,1.7063208724145233e-05,2.1022627323118158e-05,2.5924764636132258e-05,3.2052436277399885e-05,3.780302043305104e-05,4.525049827397631e-05,5.3263607343326274e-05,6.118244454127213e-05,6.924268954632416e-05,7.932977978656472e-05,9.365910423999055e-05,0.00011232493477800576,0.0001307550856375107,0.00017586417610438083,0.00027682935037819047,0.00031152139905490564,0.0003423954369397541,0.0003973559379683544,0.00048262484565337856,0.0005650184612605771,0.0006998743733041668,0.0008785195696149691,0.0010358121870527389,0.001238449574635889,0.001473893573467672,0.0018042693468034012,0.0021549607084267175,0.00257470621585355,0.0031300146743595027,0.003760222134696027,0.004533298616145491,0.005456785868420224,0.00657107938841689,0.007916291857417943,0.009539700618932544,0.011487121802463097,0.01383774377998906,0.016674902885831674,0.020091598321131096,0.024198222447301552,0.02916305055479939,0.0351506813310962,0.042386330276976414,0.05112745387324468,0.061704804980722346,0.07455165712038272,0.09021351447610576,0.10939916011304329,0.133115936113084,0.16284570202282925,0.20099064653346302,0.25202802363358107,0.3272048918051159,0.4286157363509885,0.5108284913728982,0.5915000427051578,0.6799309232289473,0.770594868706622,0.8274769604259882,0.8682747625338695,0.896179754964781,0.9128601256191541,0.9332797900527715,0.9597607115942524,1.0,1.0,1.0,1.0,1.0,1.0,1.0,1.0,1.0,1.0,1.0,1.0,1.0,1.0,1.0,1.0,1.0,1.0,1.0,1.0,1.0,1.0,1.0,1.0
1/0.8,3e-06,0.0002962962962962,0.5,1.2726702639555835e-06,1.4612140067638182e-06,1.6497577495720528e-06,1.7440296209761701e-06,2.026845235188522e-06,2.969563949229695e-06,3.818010791866751e-06,4.477913891695572e-06,5.6563122842470385e-06,6.693302869692328e-06,8.107380940754088e-06,9.710002754624083e-06,1.1642576118408488e-05,1.3810829160703185e-05,1.6544713431422588e-05,2.0032772673374926e-05,2.4227870950858146e-05,2.9224280135276365e-05,3.6200398619181045e-05,4.383642020291455e-05,6.047540550574125e-05,8.201652812158205e-05,0.00011152362387107077,0.00014630994441919005,0.0001633731531433353,0.00018175616806713815,0.00020240170790463986,0.00023341715359659446,0.0003316013076639826,0.0004255903634538876,0.0004756958631051759,0.0005834014761843799,0.0006947836922483445,0.000841470724153151,0.0010273748545620704,0.001223177531468422,0.0014689443002189558,0.0017886202161503176,0.0021502471148565116,0.0025935134541986713,0.0031222843809043653,0.0037573468426182013,0.004523258661840952,0.005458388490234094,0.006573153369587781,0.007918554382331642,0.0095363539674977,0.011495229183403852,0.013836329701917999,0.016672263273432356,0.020088864436860376,0.024198693806658574,0.029163003418863687,0.035146156281268805,0.04238392634425561,0.05111962930791814,0.06170730318531455,0.07455971736538779,0.09021530564166244,0.10940297812383515,0.13311065688828538,0.16284315668230134,0.2009924848349554,0.2520241113509178,0.3271952760742327,0.42861488790414587,0.5108329692867899,0.5915003726567076,0.679929084927455,0.7706000536595492,0.8274855863022217,0.8682779677774972,0.8961831958880873,0.9128588058129544,0.933283985151049,0.9597716471313352,1.0,1.0,1.0,1.0,1.0,1.0,1.0,1.0,1.0,1.0,1.0,1.0,1.0,1.0,1.0,1.0,1.0,1.0,1.0,1.0,1.0,1.0,1.0,1.0
1/0.8,1e-05,0.0009876543209876,0.5,2.545340527911167e-06,2.9224280135276363e-06,3.393787370548223e-06,4.147962341781161e-06,4.807865441609983e-06,5.562040412842921e-06,6.316215384075859e-06,7.636021583733501e-06,9.238643397603495e-06,1.1124080825685843e-05,1.366942135359701e-05,1.6120490010104058e-05,1.923146176643993e-05,2.3662239722433444e-05,2.7763066128512546e-05,3.238238782731429e-05,3.8085836047263394e-05,4.930418874435335e-05,5.9956910213018604e-05,7.183516600993738e-05,8.559885923493852e-05,0.00010039954304538493,0.00011812265486935898,0.00013876819470686068,0.0001650700468286094,0.00020141185325489662,0.00024227870950858148,0.00028300415795516013,0.0003339109685133835,0.00041107249525765353,0.00047522450374815533,0.0005839671074128047,0.0006725355305969729,0.0008685267512461327,0.0010306743700612144,0.001227231221938799,0.0014904382868990945,0.001773772396404169,0.002152980999127231,0.0025857831607435334,0.0031253010807892967,0.003771534759264521,0.004524107108683589,0.00546380912283983,0.006578668274064922,0.00791327515753301,0.009542387367267561,0.011481371218307447,0.013840524800195483,0.01666882235012611,0.02009103268990267,0.02419751540826602,0.02916488885629177,0.035150964146710414,0.04238793289879028,0.051122693143738775,0.06170852871964281,0.074555569403046,0.09022001923523264,0.10940359089099928,0.13312173383317535,0.16285215964602043,0.2009920134755984,0.2520331143146369,0.3271866501979992,0.42864255669840295,0.5108563015749624,0.5915339805788632,0.6801890396128518,0.7705929361332582,0.8274942121784551,0.8683048823967832,0.8961863068598436,0.9128677145048021,0.933299964233252,0.9597981375271998,1.0,1.0,1.0,1.0,1.0,1.0,1.0,1.0,1.0,1.0,1.0,1.0,1.0,1.0,1.0,1.0,1.0,1.0,1.0,1.0,1.0,1.0,1.0,1.0
1/0.8,3e-05,0.0029629629629629,0.5,1.7440296209761701e-06,2.45106865650705e-06,3.393787370548223e-06,4.053690470377044e-06,4.4307779559935135e-06,4.807865441609983e-06,6.080535705565566e-06,7.35320596952115e-06,8.248788747860265e-06,1.0417041790154962e-05,1.2679566703853778e-05,1.4376460389127889e-05,2.0174180480481102e-05,2.625471618604667e-05,3.176962066318753e-05,3.8085836047263394e-05,4.572185763099689e-05,5.4724821350090093e-05,6.495331939743683e-05,7.81985173297153e-05,9.592162915368936e-05,0.00011312624568494076,0.00013117930905882924,0.0001522962082533515,0.00017619412765429524,0.00020810515612458894,0.00024628526404325645,0.0002886133343037051,0.0003424425728754561,0.00040979982499369795,0.00048399178778873824,0.0005782165232571535,0.0006873833503431213,0.000831760721398527,0.0010260550483624127,0.001248913752361746,0.0014828494012510633,0.0017821625929591357,0.002149728619563789,0.0025803153922020947,0.0031242640902038516,0.003765312815751849,0.0045254740508189496,0.0054639505306469365,0.006576358613215521,0.007910682681069398,0.00954120896887501,0.011481889713600169,0.013846275384351134,0.016680512062180217,0.02009188113674531,0.024205010022042648,0.029174928810596308,0.035159684294815294,0.04238995974402547,0.05113442999172858,0.06172464920965291,0.07456692916355019,0.09023877933764206,0.10942173822624457,0.13314855418058982,0.1628833636354552,0.20103910227536476,0.2521088146273744,0.3275183457775346,0.428776705571411,0.511039424685165,0.5918384315875628,0.6823928331506659,0.770279246481161,0.8274177576907464,0.8683008287063128,0.8962078008465237,0.9129008510676007,0.9333564802201587,0.9599484540261537,0.9992651978983406,1.0,1.0,1.0,1.0,1.0,1.0,1.0,1.0,1.0,1.0,1.0,1.0,1.0,1.0,1.0,1.0,1.0,1.0,1.0,1.0,1.0,1.0,1.0
1/0.8,0.0001,0.0098765432098765,0.5,1.6968936852741116e-06,2.356796785102933e-06,2.7338842707194017e-06,2.9224280135276363e-06,3.4880592419523403e-06,4.525049827397631e-06,5.090681055822334e-06,6.410487255479977e-06,7.730293455137618e-06,9.238643397603495e-06,1.1501168311302311e-05,1.4046508839213478e-05,1.6874664981337e-05,2.0456996094693455e-05,2.4699230307878734e-05,3.0166998849317536e-05,3.676602984760575e-05,4.2516614003256907e-05,5.1283898043839816e-05,6.283220229084419e-05,7.631307990163296e-05,9.167939494050408e-05,0.00011043949734992343,0.00013513872765780216,0.0001622418906864859,0.00019787665807724224,0.00023874351433092708,0.00028413542041200954,0.00034065140731877786,0.0004060760860732353,0.00048502877837418355,0.000581893126241914,0.0007043522871958625,0.0008515106784576895,0.0010274219904977725,0.001238261030893081,0.0014824723137654467,0.0017860277396867044,0.0021606641566466666,0.0025954460275624557,0.00312629093543904,0.0037760126731562166,0.004530187644389155,0.005458011402748477,0.006585550120677423,0.007938257203455102,0.009552050234086484,0.011509558507857278,0.013867203739802847,0.01670709672991618,0.020123886437087006,0.024248375082888542,0.029222488969719688,0.035222092273684814,0.04247159918466144,0.051230964388046404,0.06183056365717544,0.07471964959522487,0.09040196394704259,0.10964172163816609,0.1334268918809105,0.16327162233783304,0.20160412073662531,0.2531253010807893,0.33152447608878827,0.4297584057042778,0.512916990411985,0.5954569159636027,0.6844071873628933,0.7646580033330763,0.825806180049093,0.8679685203596132,0.89633747180564,0.9131231912763073,0.933760340917254,0.9612109429279976,0.9924014514851497,1.0,1.0,1.0,1.0,1.0,1.0,1.0,1.0,1.0,1.0,1.0,1.0,1.0,1.0,1.0,1.0,1.0,1.0,1.0,1.0,1.0,1.0,1.0
1/0.8,0.0003,0.029629629629629596,0.5,1.6026218138699943e-06,2.2625249136988153e-06,3.110971756335871e-06,3.676602984760575e-06,4.2422342131852784e-06,5.184952927226452e-06,5.750584155651156e-06,6.410487255479977e-06,8.013109069349971e-06,9.615730883219966e-06,1.225534328253525e-05,1.4235052582021712e-05,1.6874664981337e-05,2.026845235188522e-05,2.4793502179282853e-05,2.9789911363701068e-05,3.714311733322222e-05,4.374214833151043e-05,5.307506360051804e-05,6.4293416297608e-05,7.673730332295148e-05,9.34705604971823e-05,0.00011246634258511195,0.00013763693225001127,0.0001664369889639691,0.00019999777518383486,0.0002394034174307559,0.0002862094015829001,0.0003435738353323055,0.0004121094858430988,0.0004941260139646809,0.0005940541976530452,0.0007145336493075071,0.0008667827216251565,0.001045663597614469,0.001258576619180668,0.001510753875186682,0.0018211911477204403,0.0021964874677802312,0.0026409322055149422,0.0031818642036317672,0.0038313502616704334,0.004608480433590275,0.0055486538071035365,0.0066837342747448104,0.008049262332033449,0.009698407314441377,0.011681934624719706,0.014080163897304748,0.016962337821742828,0.02041363103384756,0.024616789556335835,0.029663021424791127,0.03576090315469505,0.043120896698957294,0.05202129262196282,0.06281174529474949,0.07591247158410117,0.09190352631476736,0.1115425253812873,0.13590562933167466,0.16669897049460114,0.2068931498098819,0.2648700679077998,0.3490522094592773,0.44006005872383414,0.536245177758098,0.6166276915326325,0.683385704500294,0.7422097496346494,0.7975717074276242,0.861019222223123,0.8953339948704789,0.914708137114289,0.9371007232726518,0.9682396179802101,0.9826918258180112,0.9970168609012882,1.0,1.0,1.0,1.0,1.0,1.0,1.0,1.0,1.0,1.0,1.0,1.0,1.0,1.0,1.0,1.0,1.0,1.0,1.0,1.0,1.0,1.0
1/0.8,0.001,0.0987654320987654,0.5,2.0739811708905807e-06,2.6396123993152846e-06,3.016699884931754e-06,3.865146727568809e-06,5.279224798630569e-06,6.3633513197779185e-06,6.928982548202622e-06,8.013109069349971e-06,9.615730883219966e-06,1.1595440182706428e-05,1.3103790125172305e-05,1.649757749572053e-05,2.031558828758728e-05,2.375651159383756e-05,2.80458817427249e-05,3.379646589837605e-05,4.11496718678972e-05,5.029404339409658e-05,5.990977427731655e-05,7.141094258861886e-05,8.602308265625704e-05,0.00010308629138040228,0.0001250516374175616,0.0001500336833396527,0.0001825103430383711,0.00021847506197904186,0.0002624057540533605,0.00031628212856081356,0.00038604331339986035,0.0004653730931864251,0.0005640757425465359,0.0006780504350741137,0.0008218621749010947,0.000985282463980132,0.001181367956500696,0.001424966472208935,0.0017195660703468018,0.0020722842772053066,0.002492689687731968,0.003006282843141599,0.0036130637434341997,0.004355454730741623,0.005252357315280396,0.006322390191652829,0.007612500751818174,0.009188962121373526,0.011055309495496539,0.013316703146738504,0.01604243290058145,0.019328986017407488,0.02329123277252254,0.028080903742951527,0.03385114358379044,0.04083508663302166,0.049280102281209597,0.05954418796001138,0.07203756771784203,0.0873475553135492,0.10629888821411178,0.1301716370253906,0.16139009719241398,0.23164870756092462,0.3119873849152562,0.37817778694519355,0.4484348889637617,0.5265479488420491,0.589175486900075,0.6439572955964289,0.6927688666767601,0.7367249650204221,0.7772249622865378,0.8167560803942978,0.8560021674988674,0.8920979714767255,0.9263643355181154,0.943480006538697,0.9554679476579945,0.9648629409543217,0.9712952521480317,0.9762084192700001,0.9800470284657686,0.9832950715231261,0.9867724780436098,0.9914434135920053,0.9958183354641919,0.998852852732819,1.0,1.0,1.0,1.0,1.0,1.0,1.0,1.0,1.0,1.0,1.0,1.0,1.0,1.0
1/0.7,1e-06,3.767781622452902e-05,0.5,1.5977617050260273e-06,2.0676916182689766e-06,2.4436355488633358e-06,2.913565462106285e-06,3.571467340646414e-06,4.0413972538893635e-06,4.793285115078082e-06,5.7331449415639805e-06,7.142934681292828e-06,8.270766473075906e-06,1.0620416039290653e-05,1.221817774431668e-05,1.5037757223774374e-05,1.9173140460312327e-05,2.2838593783607333e-05,2.7161948985442464e-05,3.270712196170926e-05,3.9380126729759146e-05,4.689900534164633e-05,5.6297603606505314e-05,6.583718084533719e-05,7.081843792571244e-05,7.692752679787079e-05,8.548025121889246e-05,9.403297563991414e-05,0.00010690905526277094,0.0001193152049723848,0.00013454093416145636,0.00015211631291674267,0.0001802651147199953,0.0002246264985301297,0.0003452575072595948,0.0003867053256076229,0.00042848209489492107,0.000509732976894627,0.0006178168569405053,0.0007687583450741406,0.0009098782980209982,0.0010837053729295652,0.0013200801192907686,0.0015994534527137018,0.0019052368472608889,0.0023135589488776876,0.0027713176773676443,0.0033580721670427908,0.0040254666298304275,0.0048585583800275275,0.005844095394080641,0.007040959890119108,0.008480496193356234,0.01021994176722501,0.01230779337877211,0.014826993657684912,0.017862082995355823,0.021516023035776374,0.025927866040275156,0.031241598534269804,0.03765910240848949,0.045406836888125995,0.05476577306830727,0.06610894131416559,0.07986045337240268,0.09662665981007594,0.1171724185539796,0.14259426406367476,0.17452915019895188,0.21581597055870297,0.27255493233972605,0.3758264951090399,0.507345028040483,0.6454587453463428,0.7333638349175688,0.7960600982087729,0.8420258227427186,0.8774884257437193,0.8993061437837977,0.9225166401007454,0.9561331704305625,0.9994397495574318,1.0,1.0,1.0,1.0,1.0,1.0,1.0,1.0,1.0,1.0,1.0,1.0,1.0,1.0,1.0,1.0,1.0,1.0,1.0,1.0,1.0
1/0.7,3e-06,0.0001130334486735,0.5,8.458738438373086e-07,1.2218177744316679e-06,1.3158037570802578e-06,1.4097897397288477e-06,1.785733670323207e-06,2.1616776009175663e-06,2.6316075141605156e-06,3.0075514447548748e-06,3.853425288592183e-06,4.3233552018351325e-06,4.981257080375261e-06,6.20307485480693e-06,7.4248926292385974e-06,9.116640316913214e-06,1.10903459525336e-05,1.3158037570802577e-05,1.5883631067611684e-05,1.8985168495015146e-05,2.2556635835661563e-05,2.6879991037496694e-05,3.167327615257478e-05,3.8252294937976066e-05,4.661704739370056e-05,5.855326719007147e-05,7.321508048325149e-05,9.454989854448138e-05,0.00012871380323724378,0.00015479491342222746,0.00018252077830356147,0.0002156038441958651,0.0002499087278626004,0.0002838376675987413,0.0003667333042947976,0.00045902753925571276,0.0005140093391051378,0.0006144803545564804,0.0007408915012188337,0.0009245401113141783,0.0011109143149063319,0.001318247392629121,0.0016021790462105111,0.0019037800645298358,0.0023078258039361237,0.002772210544202806,0.003349472449630445,0.004026547468630886,0.0048595452328453375,0.0058451762328810995,0.007041993735928243,0.008479321368573127,0.010218531977485281,0.012306054638093112,0.014826946664693587,0.017869554880976385,0.02151705688158551,0.02592946380198018,0.03124394818383602,0.037661170100107756,0.04540500416146435,0.05476868663376938,0.06611016313194001,0.07986388386076936,0.09662468610444032,0.11717194862406637,0.14258745007993273,0.1745288212480126,0.21581860216621712,0.27255164283033334,0.3758343899315824,0.5073517950312336,0.6454647604492323,0.7333668424690136,0.7960631997462002,0.8420287363081808,0.8774935009867824,0.8993058618258497,0.9225195536662075,0.9561759340526675,0.9994180387954399,1.0,1.0,1.0,1.0,1.0,1.0,1.0,1.0,1.0,1.0,1.0,1.0,1.0,1.0,1.0,1.0,1.0,1.0,1.0,1.0,1.0
1/0.7,1e-05,0.0003767781622452,0.5,1.8797196529717967e-07,3.7594393059435935e-07,5.639158958915391e-07,7.518878611887187e-07,1.0338458091344883e-06,1.4097897397288477e-06,1.9737056356203865e-06,2.913565462106285e-06,3.1955234100520546e-06,3.665453323295004e-06,4.3233552018351325e-06,5.263215028321031e-06,6.0151028895097495e-06,7.330906646590008e-06,9.022654334264626e-06,1.0620416039290653e-05,1.3533981501396937e-05,1.607160303290886e-05,1.9925028321501045e-05,2.359048164479605e-05,2.875971069046849e-05,3.496278554527542e-05,4.393844688821575e-05,5.512277882339794e-05,6.922067622068641e-05,8.78299007851072e-05,0.0001147098918226039,0.00014845085959344767,0.0001842595189825604,0.00021419405445613626,0.0002481229941922772,0.00029159151116725,0.00035869750277834315,0.0004448356558757757,0.0005061615095539806,0.00059817378656695,0.0007650928917508456,0.0009062128446977033,0.0010962525016131519,0.0013185293505770669,0.0015754870271383115,0.001933432642055466,0.0023000249673762905,0.0027974457805439524,0.003337395250860101,0.00404092732397612,0.004850663557485046,0.005841510779557804,0.007043873455581214,0.008485289478471313,0.010218719949450578,0.012305913659119138,0.014824550022136049,0.01786936690901109,0.021518560657307888,0.0259316254795811,0.03124770762314196,0.03765797457669771,0.04540462821753375,0.054766196005229195,0.06610884732818294,0.07986134623923784,0.09662431016050974,0.11717420428764992,0.1425893297995857,0.17453347355415372,0.21581911908912169,0.2725468965382096,0.375881570894872,0.5073665508305095,0.6454830877158488,0.733383853931873,0.7960768277136843,0.8420378529484978,0.8775066590243531,0.8993005046248388,0.9225389147786331,0.9563578909150753,0.9993476432944361,1.0,1.0,1.0,1.0,1.0,1.0,1.0,1.0,1.0,1.0,1.0,1.0,1.0,1.0,1.0,1.0,1.0,1.0,1.0,1.0,1.0
1/0.7,3e-05,0.0011303344867358,0.5,9.398598264858984e-07,1.1278317917830782e-06,1.5037757223774374e-06,1.5977617050260273e-06,1.9737056356203865e-06,2.4436355488633358e-06,2.8195794794576954e-06,3.3834953753492344e-06,3.7594393059435936e-06,4.699299132429492e-06,5.82713092421257e-06,7.048948698644238e-06,8.740696386318856e-06,1.0244472108696292e-05,1.2594121674911039e-05,1.4755799275828604e-05,1.766936473793489e-05,2.1522790026527072e-05,2.6316075141605154e-05,3.186124811787196e-05,3.872222485121902e-05,4.614711748045761e-05,5.479382788412788e-05,6.588417383666148e-05,8.04989941385172e-05,9.393898965726554e-05,0.0001100105926901744,0.00013078149485551278,0.00016503938553092377,0.000207145105757492,0.00025301026529000385,0.0003055484295905656,0.00036151708225780083,0.00043139566035702736,0.000521998147630268,0.0006159841302788578,0.0007732226792499487,0.0009135437513442933,0.00109371488008164,0.0013131721495660972,0.0015844156954899276,0.001912567753907479,0.002297017415931536,0.0027791655069188017,0.0033368783279555335,0.004027581314440021,0.004860720057628445,0.005849029658169692,0.007038610240552893,0.008480026263442991,0.010218907921415877,0.012308310301676678,0.014831598970834694,0.017863163834156284,0.021523447928405614,0.02593218939547699,0.03125080916056937,0.03766192198796895,0.045405850035308185,0.05476840467582143,0.06611185487962769,0.07986585756640498,0.0966331448428787,0.11718191113822711,0.14260300476006108,0.17454493984403685,0.21583725838377288,0.2725582688421101,0.37599444806003296,0.5075118531596842,0.6454730312157054,0.7334097000771014,0.7961039896626697,0.8420667066451708,0.8775388962164016,0.8993272906298936,0.9225738775641784,0.9567836474164734,0.9991411560905572,1.0,1.0,1.0,1.0,1.0,1.0,1.0,1.0,1.0,1.0,1.0,1.0,1.0,1.0,1.0,1.0,1.0,1.0,1.0,1.0,1.0
1/0.7,0.0001,0.0037677816224529,0.5,9.398598264858984e-07,1.1278317917830782e-06,1.1278317917830782e-06,1.2218177744316679e-06,1.5037757223774374e-06,1.9737056356203865e-06,2.4436355488633358e-06,2.537621531511926e-06,2.8195794794576954e-06,3.947411271240773e-06,5.357201010969621e-06,6.20307485480693e-06,7.4248926292385974e-06,9.116640316913214e-06,1.1466289883127961e-05,1.3533981501396937e-05,1.5789645084963092e-05,1.907915447766374e-05,2.31205517315531e-05,2.791383684663118e-05,3.439886964938388e-05,4.1776769287298185e-05,5.0423479690968447e-05,6.094990974761051e-05,7.279214356133283e-05,8.952164847278182e-05,0.00011405198994406377,0.0001389582753459401,0.00016987966363732614,0.00020216384867711675,0.00024304775112925334,0.0002914975251846014,0.00035296435783677913,0.0004246286696063289,0.0005085111591201953,0.0006228921000035292,0.0007616154103928477,0.0009155174569799137,0.001100857814762933,0.0013203620772387144,0.001572855419624151,0.0019178309689358,0.002305335175395936,0.0027783666260662887,0.0033409667182007475,0.004041632218845985,0.004880551099967298,0.005849170637143664,0.007043403525667971,0.008481718011130667,0.01022529896823598,0.012320199528481724,0.014830565125025558,0.017874865088996033,0.02153435030239285,0.02594290379749893,0.03126368524019222,0.03768654631542288,0.04542920555199636,0.054798574176251634,0.06614117850621405,0.07990932608337994,0.09668521307726602,0.11724723139616788,0.14268538347385257,0.1746649599438791,0.2159922412691604,0.2728454900050842,0.3763483052847049,0.5092782257175819,0.644655541138628,0.7332410892242298,0.7961061513402706,0.842129771239528,0.8776400251337315,0.8994150735376873,0.9227350635244208,0.9573269803821649,0.9983648318738798,1.0,1.0,1.0,1.0,1.0,1.0,1.0,1.0,1.0,1.0,1.0,1.0,1.0,1.0,1.0,1.0,1.0,1.0,1.0,1.0,1.0
1/0.7,0.0003,0.011303344867358702,0.5,6.579018785401289e-07,9.398598264858984e-07,1.1278317917830782e-06,1.4097897397288477e-06,1.8797196529717968e-06,2.1616776009175663e-06,2.8195794794576954e-06,3.571467340646414e-06,4.135383236537953e-06,4.8872710977266715e-06,5.639158958915391e-06,7.048948698644238e-06,8.458738438373086e-06,1.0338458091344883e-05,1.2970065605505398e-05,1.4943771241125785e-05,1.85152385817722e-05,2.1616776009175664e-05,2.509425736717349e-05,3.101537427403465e-05,3.815830895532748e-05,4.614711748045761e-05,5.5733687710613774e-05,6.804585143757904e-05,8.270766473075906e-05,9.887325374631651e-05,0.00011898625403311474,0.00014182484781672208,0.0001711484744030821,0.00020601727396570894,0.00024755907829638566,0.00029943934071840724,0.0003615640752491251,0.0004376927211944829,0.0005263215028321032,0.0006345933548432786,0.0007619443613321178,0.0009146715831360764,0.0011020796325373644,0.0013283038927725203,0.0015988895368178103,0.0019230471909727968,0.0023207018835589804,0.00279260550243755,0.003361314683444167,0.004045344665160604,0.004873878095199248,0.005871398322040056,0.007058535268874394,0.008528335058524366,0.010262517417364822,0.012341910290473547,0.014887238672562657,0.01794136017171991,0.021607142445954183,0.02603970935962698,0.031381590655424875,0.03782080529163639,0.045598944236659715,0.05500712907174885,0.06639014737425017,0.08022474304114861,0.09707981322541612,0.11774526311822275,0.14333731724249452,0.1755777988003535,0.21740151408598468,0.276049096209644,0.3823406635664137,0.5193899896187782,0.6324037164125231,0.7304657771425996,0.7951555771117628,0.8419737545083313,0.8778564748517712,0.899785848239236,0.9235253916525128,0.9579140168297879,0.9955304026091637,1.0,1.0,1.0,1.0,1.0,1.0,1.0,1.0,1.0,1.0,1.0,1.0,1.0,1.0,1.0,1.0,1.0,1.0,1.0,1.0,1.0
1/0.7,0.001,0.037677816224529,0.5,9.398598264858984e-07,1.0338458091344883e-06,1.0338458091344883e-06,1.2218177744316679e-06,1.785733670323207e-06,2.6316075141605156e-06,2.7255934968091053e-06,3.2895093927006443e-06,3.665453323295004e-06,4.3233552018351325e-06,5.357201010969621e-06,6.8609767333470584e-06,8.082794507778727e-06,1.0902373987236421e-05,1.3252023553451168e-05,1.6447546963503224e-05,1.9737056356203867e-05,2.368446762744464e-05,2.8665724707819902e-05,3.3083065892303625e-05,3.9944042625650685e-05,4.793285115078082e-05,5.808333727682852e-05,7.236920663941418e-05,8.660808301067554e-05,0.00010484136364450197,0.00012354457419157136,0.00014859183856742053,0.00017894931096291506,0.00021644971803970242,0.00025893138219686504,0.00031114059555815667,0.0003744401548719819,0.0004505688008173397,0.0005433799586828221,0.0006536725093209423,0.000785393864002941,0.0009473787050977856,0.0011465350023301475,0.0013816879309169192,0.0016607323134005824,0.0020050969538250155,0.002413888985355057,0.0029091481209218015,0.0034936469470133818,0.0042087392959951776,0.0050713896377352595,0.006105987334730936,0.007350831674911509,0.008866449631102669,0.010678217418619535,0.012858551237092846,0.015490769660140577,0.018664676294183457,0.022488402012258685,0.027098367468180694,0.03267211218317267,0.039375568409600686,0.04749111703233245,0.05731392102987584,0.06923858055038097,0.08375833403078764,0.10155476781726343,0.12355688635529831,0.15122166034791074,0.18724808525882025,0.2503935545540931,0.34778784487745146,0.4267625273563825,0.5106057777224932,0.6047533222752559,0.68535156561145,0.7758865709491489,0.8364429613874098,0.8752882138899158,0.9027922718521991,0.9312449303373547,0.9579927770832475,0.9802868160833889,1.0,1.0,1.0,1.0,1.0,1.0,1.0,1.0,1.0,1.0,1.0,1.0,1.0,1.0,1.0,1.0,1.0,1.0,1.0,1.0,1.0
1/0.6,1e-06,1.7578124999999995e-05,0.5,5.605085568871111e-07,5.605085568871111e-07,6.539266497016296e-07,9.341809281451852e-07,1.0275990209597037e-06,1.1210171137742223e-06,1.6815256706613333e-06,1.8683618562903704e-06,2.335452320362963e-06,2.8025427844355554e-06,3.5498875269517037e-06,3.736723712580741e-06,4.390650362282371e-06,5.885339847314666e-06,7.2866112395324445e-06,8.968136910193778e-06,1.0743080673669629e-05,1.2798278715589037e-05,1.569423959283911e-05,1.952438139823437e-05,2.475579459584741e-05,2.9520117329387852e-05,3.5965965733589627e-05,4.3159158880307556e-05,5.315489481146104e-05,6.726102682645334e-05,7.884487033545363e-05,9.486607325314355e-05,0.00012092972114839422,0.0001552141612113225,0.00020229687998983984,0.0002375622100273206,0.0002692309434914424,0.00030893363293761275,0.00035181253753947676,0.0004236043418674342,0.0005612559016296273,0.0006370179749022017,0.0007529498280850192,0.000927828497833798,0.0011418493484718598,0.0013510124582835669,0.0016406085460085743,0.0019794359686468328,0.002369316379008226,0.0028495320851212582,0.003447221042948548,0.00414524103245863,0.004994037823771345,0.006018320502436133,0.00724475993395154,0.008733470661043708,0.010517008889058495,0.0126629158991008,0.015258724444137825,0.018373096822388243,0.02213990116085526,0.02667404171370073,0.03213825279860755,0.03874562108528563,0.046712502876693394,0.05634082544880738,0.06799898305064161,0.08215205765727321,0.09939021807005786,0.12051676646910764,0.1466479556454632,0.17942369350943702,0.22174680716810105,0.27992596055635893,0.41307981282190415,0.586999919520313,0.687590279828759,0.7608301580134343,0.8159545864757038,0.859701718832186,0.8898894952709192,0.9193674810404477,0.9623426062779107,0.9934375658159657,1.0,1.0,1.0,1.0,1.0,1.0,1.0,1.0,1.0,1.0,1.0,1.0,1.0,1.0,1.0,1.0,1.0,1.0,1.0,1.0
1/0.6,3e-06,5.273437499999999e-05,0.5,4.670904640725926e-07,4.670904640725926e-07,8.407628353306667e-07,1.4012713922177777e-06,1.8683618562903704e-06,2.0551980419194075e-06,2.8025427844355554e-06,3.1762151556936296e-06,3.830141805395259e-06,4.670904640725926e-06,5.418249383242074e-06,6.632684589830815e-06,7.380029332346963e-06,8.781300724564741e-06,1.0369408302411555e-05,1.1677261601814814e-05,1.3732459643734222e-05,1.5974493871282665e-05,1.8683618562903705e-05,2.139274325452474e-05,2.4942630781476445e-05,2.9940498747053183e-05,3.7694200450658224e-05,4.694259163929556e-05,5.665807329200548e-05,6.880242535789289e-05,8.487033732199008e-05,0.00010290002923519214,0.0001233585915615717,0.00014839464043586267,0.00017800817585806504,0.00022163442520244518,0.00027866617086570874,0.0003147255546921129,0.00036867450329249735,0.00043331982352014416,0.0005302410948152071,0.0006528523416342626,0.0007533702095026846,0.000934134219098778,0.0011411954218221582,0.0013504052406802724,0.0016190756756148277,0.001975138736377365,0.0023663270000381614,0.002857239077778456,0.003446146734881181,0.004147716611918215,0.004994364787096196,0.00602009544619961,0.007244900061090762,0.008732162807744304,0.010515187236248611,0.012661608045801397,0.01525849089890579,0.018373050113341838,0.02214106888701544,0.02667236018803007,0.03214044812378869,0.0387473960290491,0.046714838329013755,0.05634278722875648,0.06799931001396647,0.08215060967683459,0.09938956414340817,0.12052153079184118,0.14664818919069525,0.17942495465369002,0.22174830185758607,0.2799287630991434,0.41309765567763174,0.5869996392660346,0.6875924284448938,0.7608316527029194,0.8159597244708087,0.8597045213749704,0.8898910833784971,0.9193719651089028,0.9623425128598179,0.9934378460702441,1.0,1.0,1.0,1.0,1.0,1.0,1.0,1.0,1.0,1.0,1.0,1.0,1.0,1.0,1.0,1.0,1.0,1.0,1.0,1.0
1/0.6,1e-05,0.00017578125,0.5,4.670904640725926e-07,5.605085568871111e-07,6.539266497016296e-07,9.341809281451852e-07,1.4012713922177777e-06,1.6815256706613333e-06,1.7749437634758519e-06,2.0551980419194075e-06,2.335452320362963e-06,2.709124691621037e-06,3.6433056197662223e-06,4.390650362282371e-06,4.951158919169481e-06,6.165594125758222e-06,7.380029332346963e-06,9.154973095822815e-06,1.0556244488040592e-05,1.2471315390738223e-05,1.4666640571879408e-05,1.830994619164563e-05,2.214008799704089e-05,2.653073835932326e-05,3.185556964975082e-05,3.8581672332396146e-05,4.7923481613848e-05,5.838630800907407e-05,7.043724198214696e-05,8.888731531301436e-05,0.00011252209279508755,0.00014185537393884636,0.00017567272353770206,0.0002128998335242877,0.0002544241757803412,0.00030080625886274963,0.0003556893883912793,0.0004456510117716606,0.0005416381021385784,0.0006274893294351208,0.0007943340432018509,0.0009328263657993746,0.0011132634120706172,0.0013606345218434622,0.0016385533479666547,0.0019813043305031233,0.0023573588631279675,0.002867655195127275,0.0034294716053137895,0.004148323829521509,0.0049978679655767405,0.006023738751819376,0.007245974369158129,0.008730761536352086,0.010517896360940233,0.012663196153379243,0.015256202155631834,0.01838000976125652,0.022141302432247476,0.026678245527877384,0.032142082940412944,0.03874823679188443,0.04671175553195088,0.05634390824587025,0.06800159875724043,0.08214990904113847,0.09938891021675847,0.12052442675271843,0.14665300022247518,0.17943069986639812,0.22175143136369538,0.27992866968105057,0.4132202202154044,0.5870179492122263,0.6876079358483009,0.7608438904730781,0.8159672913363266,0.8597180669984286,0.8898939793393743,0.9193899013827233,0.962339430062755,0.9934377526521513,1.0,1.0,1.0,1.0,1.0,1.0,1.0,1.0,1.0,1.0,1.0,1.0,1.0,1.0,1.0,1.0,1.0,1.0,1.0,1.0
1/0.6,3e-05,0.0005273437499999,0.5,9.341809281451852e-07,1.1210171137742223e-06,1.4946894850322962e-06,1.5881075778468148e-06,1.7749437634758519e-06,2.148616134733926e-06,2.5222885059919998e-06,3.456469434137185e-06,4.0169779910242964e-06,4.8577408263549625e-06,5.791921754500148e-06,7.146484100310667e-06,8.641173585342963e-06,9.668772606302666e-06,1.2377897297923704e-05,1.4619931525472147e-05,1.7422474309907702e-05,2.0972361836859407e-05,2.526959410632726e-05,3.022075302549674e-05,3.722710998658563e-05,4.647550117522296e-05,5.3668694321940886e-05,6.114214174710237e-05,7.011027865729615e-05,8.178754025911096e-05,9.56134179956597e-05,0.00011214842042382948,0.00013185963800769289,0.00015596150595383867,0.0001849211147263394,0.00021929897288208223,0.00026217787748394623,0.00031234339332534265,0.000371850718448191,0.000442848468987225,0.0005332771828316789,0.0006339818868857299,0.0007594423855356283,0.0009259134269311003,0.0011516582482173842,0.0013389148152640866,0.0016129100814890693,0.001982705601895341,0.0023685690342657097,0.002855744388293424,0.0034522189109141245,0.004142391780627788,0.004994551623281825,0.006017479739600803,0.007235838506087754,0.008720392128049674,0.010514253055320466,0.012666605913766973,0.015257089627513572,0.018381084069323886,0.022139013688973523,0.026675209439860913,0.032148855752142,0.03874510728577515,0.0467150718742458,0.056346150280097804,0.06800145863010121,0.08215280500201573,0.09939960658838573,0.12053087260112264,0.1466627624131743,0.17944368498129934,0.22176119355439447,0.27994025352455953,0.4137485929483633,0.5870514863075467,0.6876427807969208,0.7608722895732937,0.8159927944756651,0.8597406741768897,0.8899160260092785,0.9194406274071215,0.9623260712754825,0.9934356974541094,1.0,1.0,1.0,1.0,1.0,1.0,1.0,1.0,1.0,1.0,1.0,1.0,1.0,1.0,1.0,1.0,1.0,1.0,1.0,1.0
1/0.6,0.0001,0.0017578124999999,0.5,3.7367237125807406e-07,4.670904640725926e-07,6.539266497016296e-07,9.341809281451852e-07,1.0275990209597037e-06,1.3078532994032592e-06,1.6815256706613333e-06,2.0551980419194075e-06,2.2420342275484446e-06,2.895960877250074e-06,4.0169779910242964e-06,5.0445770119839995e-06,5.885339847314666e-06,7.006356961088889e-06,8.22079216767763e-06,9.52864546708089e-06,1.130358923055674e-05,1.4012713922177778e-05,1.6535002428169777e-05,2.027172614075052e-05,2.475579459584741e-05,3.022075302549674e-05,3.610609287281141e-05,4.414004885486e-05,5.3855530507569926e-05,6.459861118123955e-05,7.767714417527215e-05,9.430556469625644e-05,0.00011439045465137793,0.00013699763311249142,0.00016334153528618564,0.0001969720486994123,0.0002385898090482803,0.0002896895058178219,0.0003484961952445613,0.0004442497403794428,0.0005412644297673203,0.0006580837548318757,0.0007956886055476615,0.0009478666787425122,0.0011257814365077626,0.0013448001551114013,0.0016429907073753445,0.0019746716459132924,0.0023760424816908713,0.0028606955472125933,0.0034644566810728265,0.004133890734181666,0.004997727838437519,0.006012995671145706,0.007252466926608738,0.008721699981349078,0.010516308253362385,0.012668053894205599,0.015263722312103403,0.018384166866386765,0.022148168662069343,0.026685578848163322,0.032159785669001295,0.038760614689182356,0.04673179371285959,0.056366562133377776,0.06802327175477339,0.08218377309978374,0.09942893986952948,0.12057842241036522,0.14671362856471182,0.17950678890299554,0.22184863288926887,0.2800851916955613,0.41510642492742234,0.5870052443516035,0.6876760376379628,0.7609288075194465,0.8160627646271831,0.859822134753824,0.8899665651974912,0.9196130772064571,0.9622813240090243,0.9934189756154956,1.0,1.0,1.0,1.0,1.0,1.0,1.0,1.0,1.0,1.0,1.0,1.0,1.0,1.0,1.0,1.0,1.0,1.0,1.0,1.0
1/0.6,0.0003,0.0052734374999999,0.5,4.670904640725926e-07,4.670904640725926e-07,7.473447425161481e-07,1.0275990209597037e-06,1.2144352065887406e-06,1.6815256706613333e-06,1.8683618562903704e-06,2.5222885059919998e-06,2.9893789700645925e-06,3.5498875269517037e-06,4.0169779910242964e-06,5.137995104798518e-06,5.605085568871111e-06,7.006356961088889e-06,8.87471881737926e-06,1.130358923055674e-05,1.3545623458105185e-05,1.6721838613798814e-05,1.9337545212605333e-05,2.2887432739557038e-05,2.7745173565912e-05,3.2322660113823405e-05,3.904876279646874e-05,4.68958825928883e-05,5.6517946152783706e-05,6.744786301208236e-05,8.132044979503837e-05,9.748177985195008e-05,0.0001183140145495877,0.00014232246440291896,0.00017137549126823421,0.00020710791176978754,0.00025092099729979674,0.0003002457503058625,0.00036437727102302947,0.00044238137852315243,0.0005358461803840782,0.0006524786692630046,0.0007806015835581168,0.0009406734855957942,0.0011292379059418998,0.0013656790988554462,0.0016451860325564856,0.0019701875774581954,0.0023814607310741133,0.002863357962857807,0.00345843121408629,0.004156544621689187,0.004986938048717442,0.006017106067229545,0.007266339513391694,0.008747857047337142,0.01052527639027258,0.012694117542100848,0.015279743515021092,0.01841284622088082,0.02219053376716073,0.02673130700459603,0.03221915286698492,0.038825400136549226,0.046811759600308825,0.056465024803204276,0.06814961972530503,0.08233436306540075,0.09962310937544447,0.1208221969235647,0.14702060041770032,0.17992689006638243,0.22248812644363067,0.28142728272598105,0.41459981861008915,0.5854493660157777,0.6871135673011265,0.7608060561454882,0.8161394608813838,0.8600023382548632,0.8901494778232221,0.9202927872497756,0.9620300293393533,0.9933441477231512,1.0,1.0,1.0,1.0,1.0,1.0,1.0,1.0,1.0,1.0,1.0,1.0,1.0,1.0,1.0,1.0,1.0,1.0,1.0,1.0
1/0.6,0.001,0.0175781249999999,0.5,5.605085568871111e-07,5.605085568871111e-07,5.605085568871111e-07,7.473447425161481e-07,9.341809281451852e-07,1.6815256706613333e-06,2.0551980419194075e-06,2.4288704131774812e-06,2.9893789700645925e-06,3.5498875269517037e-06,4.297232269467852e-06,5.324831290427555e-06,6.539266497016296e-06,7.380029332346963e-06,9.808899745524443e-06,1.1490425416185777e-05,1.4573222479064889e-05,1.7282347170685925e-05,2.083223469763763e-05,2.4101867946145777e-05,2.7371501194653924e-05,3.269633248508148e-05,4.1290797024017185e-05,5.0258933934210965e-05,5.922707084440474e-05,7.015698770370341e-05,8.645844489983689e-05,0.00010420788253459541,0.0001258808800675637,0.00015147743749874178,0.0001814646452922022,0.00021551554012309423,0.0002598891342099905,0.00031491239087774194,0.0003774558040170621,0.00045219027826867686,0.0005431327916236106,0.0006571495739037305,0.0007925590994383751,0.0009513231481766493,0.0011485754511545052,0.001384923225975237,0.0016638696511193892,0.002006433797470229,0.00241509124448734,0.002906376994598893,0.003503318607683666,0.00421717296392581,0.005082878430037952,0.006119118624582999,0.007372836139200245,0.008890459766018505,0.010700855695717467,0.012887819957551753,0.015531411857063405,0.018703563325719604,0.02253356500397564,0.02715822768875838,0.032735474665970765,0.03945074084984961,0.047572790093422294,0.057394394699569515,0.06929898923024846,0.0837785600712668,0.10143831633692338,0.12313756435397255,0.15010792825808095,0.1843914808491275,0.23016625291014875,0.3291592105405129,0.42878049826314746,0.5497902787170837,0.6771062475264641,0.7567753456948202,0.8148232933717201,0.8600073828318752,0.8910082703504659,0.9237261824149875,0.9586437168929198,0.9926482763497758,1.0,1.0,1.0,1.0,1.0,1.0,1.0,1.0,1.0,1.0,1.0,1.0,1.0,1.0,1.0,1.0,1.0,1.0,1.0,1.0
1/0.5,1e-06,8.888888888888888e-06,0.5,4.6228235919884804e-07,5.547388310386176e-07,6.471953028783873e-07,8.321082465579264e-07,1.1094776620772352e-06,1.2943906057567746e-06,1.8491294367953922e-06,2.2189553241544704e-06,2.8661506270328576e-06,3.6058024017510145e-06,4.3454541764691715e-06,5.5473883103861765e-06,6.93423538798272e-06,7.766343634540646e-06,9.060734240297422e-06,1.0447581317893965e-05,1.2574080170208666e-05,1.4977948438042676e-05,1.8121468480594844e-05,2.1912183826025395e-05,2.6350094474334338e-05,3.272959103127844e-05,4.003365230662024e-05,4.816982182851996e-05,5.889477256193324e-05,7.02669185982249e-05,8.385801995867104e-05,9.966807664327164e-05,0.00011871410984226418,0.00014215182545364576,0.00016480366105438933,0.00019180095083160204,0.0002293382783985485,0.00027108237543420447,0.00032091641375584033,0.0003854510310999995,0.0004912212348846959,0.0005680063347476246,0.0006662413360773798,0.0007910575730610687,0.0009982525264539924,0.0011725329758719581,0.001440286918319931,0.0017197828326915544,0.0020686211009430053,0.002510008297506065,0.0030058985842186694,0.0036315977573943103,0.004369400402675672,0.005272237850191022,0.006346073542374026,0.007637690453975608,0.009210143898790489,0.011086178168891254,0.013348356893630817,0.01608798083895095,0.01937411498931596,0.023344103433643827,0.028129049449003345,0.03389967391064665,0.0408595659695649,0.049276572024677924,0.05943189843508638,0.07175093742772504,0.08672518760689413,0.10501090500971232,0.12742503502135583,0.15520131680205454,0.19030546739959378,0.236268029647647,0.30276170717361905,0.4561991856341504,0.6040123519997248,0.6983537339308918,0.7694225275093831,0.825746825241227,0.8741498222917269,0.9100853414840493,0.9519287367704612,0.9808484739666383,1.0,1.0,1.0,1.0,1.0,1.0,1.0,1.0,1.0,1.0,1.0,1.0,1.0,1.0,1.0,1.0,1.0,1.0,1.0,1.0
1/0.5,3e-06,2.6666666666666667e-05,0.5,4.6228235919884804e-07,6.471953028783873e-07,8.321082465579264e-07,8.321082465579264e-07,1.0170211902374656e-06,1.2019341339170048e-06,1.2943906057567746e-06,1.3868470775965441e-06,2.0340423804749313e-06,2.8661506270328576e-06,3.4208894580714754e-06,4.437910648308941e-06,5.454931838546407e-06,6.841778916142951e-06,7.951256578220186e-06,9.707929543175808e-06,1.192688486733028e-05,1.405338371964498e-05,1.6642164931158528e-05,1.9693228501870927e-05,2.4131139150179867e-05,2.8938875685847887e-05,3.476363341175337e-05,4.216015115893494e-05,5.159071128659144e-05,6.314777026656265e-05,7.69237845706883e-05,9.106962476217306e-05,0.0001098382885456463,0.00013591101360446131,0.00016716130108630344,0.00020118528272333866,0.00023742821968452836,0.0002777392414066679,0.0003285903009185412,0.00038720770406495514,0.00045960112151549474,0.0005777604925267202,0.0006754869832613568,0.0007903179212863506,0.0010110115195678807,0.0011939828773387846,0.001435386725312423,0.0017257000468892997,0.0020672342538654086,0.002511764970471021,0.0029993804029539656,0.0036295637150138356,0.004374300595683179,0.005276490847895651,0.006348246269462261,0.007638106508098886,0.00920210018574043,0.011086455538306773,0.013348772947754096,0.01608835066483831,0.019376472629347875,0.023344796857182628,0.02812646066779183,0.03390489770130559,0.04086058299075514,0.04927148691872674,0.05943550423748813,0.07175190822067937,0.08672528006336597,0.10501076632500456,0.12742628318372567,0.1552042754091534,0.19030500511723458,0.23626599560526654,0.30276424972659466,0.45619557983174863,0.6040144784985771,0.6983541037567792,0.7694230822482141,0.8257474724365299,0.8741528733552976,0.9100888548299793,0.9519299387045952,0.9808487513360538,1.0,1.0,1.0,1.0,1.0,1.0,1.0,1.0,1.0,1.0,1.0,1.0,1.0,1.0,1.0,1.0,1.0,1.0,1.0,1.0
1/0.5,1e-05,8.888888888888889e-05,0.5,8.321082465579264e-07,9.245647183976961e-07,1.2019341339170048e-06,1.2019341339170048e-06,1.4793035494363137e-06,1.5717600212760833e-06,1.8491294367953922e-06,2.4038682678340096e-06,2.7736941551930882e-06,3.3284329862317056e-06,4.252997704629402e-06,4.992649479347559e-06,5.917214197745255e-06,6.656865972463411e-06,8.228625993739495e-06,1.0355124846054196e-05,1.2296710754689357e-05,1.4608122550683597e-05,1.7381816705876686e-05,2.0525336748428852e-05,2.5055703868577562e-05,3.0140809819764892e-05,3.7167501679587384e-05,4.428665001124964e-05,5.5797480755300954e-05,6.874138681286871e-05,8.039090226467967e-05,9.638587189295981e-05,0.0001137676885988365,0.00013549495948118236,0.00015934872921584292,0.0001886574307890499,0.00022314369478528394,0.0002667831494936552,0.0003257241502915083,0.00039922704540412517,0.0004706496699003472,0.000555802080464775,0.0006619883383727504,0.0008242956746874659,0.0009806395685685162,0.0012289776519301375,0.001421055972177259,0.0017160383455820437,0.002081148952877294,0.0025159255117038104,0.0030019229559295597,0.00363182889857391,0.004385626513483552,0.005264240365376882,0.006343022478803314,0.007639354670468723,0.009200944479842432,0.011085484745352456,0.013354089194884882,0.01608016826708049,0.019377628335245874,0.02334696958427086,0.028125582331309355,0.03390115321419608,0.040858780089554264,0.049268990593987066,0.05943809301869964,0.07175666972897911,0.08672574234572517,0.10501215317208216,0.1274289181931731,0.15520834349391435,0.1903085184631645,0.23627283738418267,0.3027734491455427,0.45617842915622236,0.6040233543198738,0.698362887121604,0.7694302013965457,0.8257509857824599,0.8741601774165729,0.9100984703030506,0.9519311406387291,0.9808503230960751,1.0,1.0,1.0,1.0,1.0,1.0,1.0,1.0,1.0,1.0,1.0,1.0,1.0,1.0,1.0,1.0,1.0,1.0,1.0,1.0
1/0.5,3e-05,0.0002666666666666,0.5,3.698258873590784e-07,4.6228235919884804e-07,7.396517747181568e-07,9.245647183976961e-07,9.245647183976961e-07,1.5717600212760833e-06,1.8491294367953922e-06,2.126498852314701e-06,2.4038682678340096e-06,3.051063570712397e-06,3.6058024017510145e-06,4.160541232789632e-06,4.71528006382825e-06,5.454931838546407e-06,6.4719530287838726e-06,8.321082465579264e-06,9.985298958695117e-06,1.2389167226529127e-05,1.5440230797241525e-05,1.7844099065075534e-05,2.0617793220268623e-05,2.5517986227776413e-05,3.088046159448305e-05,3.855434875718392e-05,4.6736746515003535e-05,5.5889937227140724e-05,6.855647386918917e-05,8.612320351874538e-05,0.00010285782492174369,0.00012403035697305094,0.00014954834320082735,0.0001807061742108297,0.0002213870218203283,0.00026872473540229036,0.0003221183478897573,0.00039728545949549,0.0004693552792945904,0.0005658798358953098,0.0006900026493402005,0.0008190256557925991,0.0009959873428939182,0.0011766472888688278,0.0014572989091384484,0.0017079946325319838,0.0020600688772978264,0.002507696885710071,0.003015421600818166,0.003617590601910585,0.004365378546150642,0.005260264737087772,0.00634052615406364,0.007644069950532552,0.00920196150103267,0.011082202540602144,0.013358157279645833,0.016084976003616157,0.019379015182323468,0.023346229932496142,0.0281312684043275,0.033902355148329996,0.040862524576663777,0.0492702387563569,0.05944396400466147,0.07176341905142342,0.0867402117835681,0.10502518953461157,0.1274358524285611,0.15522304407293688,0.1903252530845675,0.23629225324326902,0.3028249474003575,0.45614930536759285,0.6040573783015108,0.6983888673901909,0.7694549797309989,0.8257737300745324,0.8741828292521737,0.9101281488305112,0.9519328048552221,0.9808566101361602,1.0,1.0,1.0,1.0,1.0,1.0,1.0,1.0,1.0,1.0,1.0,1.0,1.0,1.0,1.0,1.0,1.0,1.0,1.0,1.0
1/0.5,0.0001,0.0008888888888888,0.5,6.471953028783873e-07,7.396517747181568e-07,7.396517747181568e-07,9.245647183976961e-07,1.0170211902374656e-06,1.2943906057567746e-06,1.3868470775965441e-06,1.9415859086351615e-06,2.4963247396737793e-06,2.6812376833533185e-06,3.2359765143919363e-06,4.252997704629402e-06,4.900193007507789e-06,6.379496556944103e-06,7.673887162700878e-06,8.875821296617882e-06,1.1094776620772353e-05,1.280522134980809e-05,1.5024176673962561e-05,1.8445066132034037e-05,2.260560736482367e-05,2.685860506945307e-05,3.166634160512109e-05,3.786092521838566e-05,4.618200768396492e-05,5.570502428346119e-05,6.624506207319492e-05,8.131546698307737e-05,9.777271897055636e-05,0.00011959244632474198,0.00014529534549619793,0.00017441913412572535,0.00021103189697427413,0.0002532845046050488,0.0003057073241381982,0.0003746798521306663,0.00046639667219571776,0.0005654175535361111,0.0006967982000204236,0.0008332639524559236,0.000993583474626084,0.0011827494160102526,0.0014208710592335794,0.001729999272829849,0.002083830190560647,0.002499745629131851,0.0030084873654301833,0.003637838569243495,0.0043607557225586535,0.005271082144293025,0.006344686695296429,0.007640094322243441,0.009199280263349317,0.011094268110177235,0.01335094567484233,0.01609329708608174,0.019389185394225843,0.023356400144398517,0.028140051769152276,0.033915946249690444,0.040874543918002944,0.049289238561319976,0.059459727833110154,0.07178718036468623,0.08676670056275018,0.10505773421269916,0.12747801257972002,0.15527010441710332,0.19039441052550363,0.23639233737403556,0.3031491460188636,0.45622021948149394,0.6041080906763149,0.6984475772498092,0.7695210861083642,0.8258347513459466,0.8742601228626318,0.9102312377966125,0.9519465808695263,0.9808717729975419,1.0,1.0,1.0,1.0,1.0,1.0,1.0,1.0,1.0,1.0,1.0,1.0,1.0,1.0,1.0,1.0,1.0,1.0,1.0,1.0
1/0.5,0.0003,0.0026666666666665994,0.5,5.547388310386176e-07,6.471953028783873e-07,8.321082465579264e-07,9.245647183976961e-07,1.2943906057567746e-06,1.5717600212760833e-06,1.6642164931158528e-06,2.2189553241544704e-06,2.7736941551930882e-06,3.883171817270323e-06,3.975628289110093e-06,4.992649479347559e-06,6.287040085104333e-06,7.858800106380416e-06,9.060734240297422e-06,1.0817407205253044e-05,1.2758993113888206e-05,1.414584019148475e-05,1.7381816705876686e-05,2.1449901466826548e-05,2.5148160340417332e-05,2.9863440404245582e-05,3.642784990486922e-05,4.2807346461813325e-05,5.149825481475167e-05,6.065144552688886e-05,7.294815628157822e-05,8.774119177594136e-05,0.00010604757320021574,0.00012768238761072181,0.00015333905854625788,0.0001828326730631444,0.00022097096769704936,0.0002679388553916523,0.0003238750208547129,0.00039497404769949575,0.000470326072248908,0.0005671742265010666,0.000681404197459102,0.0008223078605429109,0.0009862331851148223,0.0011828881007180123,0.0014356640947279424,0.0017244981127553826,0.0020774044657677834,0.0025077893421819107,0.003019304772635436,0.0036343714515495035,0.0043847481770010735,0.005263731854781763,0.0063426988811518745,0.007656274204815401,0.009212547767058323,0.011100046639667219,0.013368604860963727,0.016117659366411515,0.019405272820325965,0.02338335120593981,0.028181009986177296,0.033958245085557136,0.04093482553764247,0.049356870470470764,0.05954497270014642,0.07188772677781198,0.08690159455516441,0.10520755992531551,0.12766103016572683,0.15550633070265393,0.19071417123336148,0.23695285473456418,0.3058872444323984,0.4555233750532376,0.6037465396431855,0.6983851691313173,0.7695815526409475,0.8259630809288603,0.8740656869023526,0.910510271428625,0.9519626682956265,0.9809148577134192,1.0,1.0,1.0,1.0,1.0,1.0,1.0,1.0,1.0,1.0,1.0,1.0,1.0,1.0,1.0,1.0,1.0,1.0,1.0,1.0
1/0.5,0.001,0.0088888888888888,0.5,6.93721817551162e-07,6.93721817551162e-07,8.787143022314718e-07,9.249624234015493e-07,1.2486992715920915e-06,1.479939877442479e-06,1.8036767256330211e-06,2.4511504220141055e-06,3.052375997225113e-06,3.6073534512660422e-06,4.162330905306972e-06,4.624812117007747e-06,5.596022661579373e-06,6.705977569661232e-06,7.445947508382472e-06,9.11087987050526e-06,1.1654526534859521e-05,1.3966932593363394e-05,1.646433113654758e-05,1.9054225922071914e-05,2.372528616024974e-05,2.881257948895826e-05,3.500982772574864e-05,4.2502023355301194e-05,4.96704821366632e-05,6.0261301884610935e-05,7.279454272170192e-05,8.62064978610244e-05,0.00010521447566192623,0.00012671985200601225,0.0001524800554977454,0.00018499248468030986,0.0002247196207654064,0.0002737426292056885,0.0003277141866111689,0.00039560642848884267,0.00047441322696265464,0.0005682506648167418,0.0006827147647126835,0.0008239565267661002,0.0009961845300034686,0.0011991212856977684,0.0014440513354144987,0.0017390218522372529,0.002096149843912591,0.0025244074459475083,0.0030453000346860907,0.0036683547230893744,0.004425528962885883,0.005324037460978147,0.006419979188345473,0.007723759972251127,0.009300589663544918,0.011206752225690831,0.013505052607237831,0.01626315180945774,0.01958973291710024,0.023597641345820326,0.028442502023355302,0.034283639727136085,0.041327089836975375,0.04984053647820557,0.060154514972829226,0.07265080356110533,0.08781366631980576,0.10632517053994682,0.12909635796045785,0.15746416926812348,0.19367848306162563,0.24288088796392646,0.3283165683894092,0.4436604000462481,0.5956154931205919,0.6952408370909932,0.7683685975257255,0.8256566077003121,0.8725793964620188,0.9111899179095849,0.9518828997571973,0.9809641808301538,1.0,1.0,1.0,1.0,1.0,1.0,1.0,1.0,1.0,1.0,1.0,1.0,1.0,1.0,1.0,1.0,1.0,1.0,1.0,1.0
1/0.4,1e-06,4.53514739229025e-06,0.5,4.544322389499234e-07,7.270915823198775e-07,7.270915823198775e-07,1.0906373734798161e-06,1.454183164639755e-06,1.454183164639755e-06,1.8177289557996936e-06,2.090388299169648e-06,2.5448205381195713e-06,2.90836632927951e-06,3.908117254969341e-06,4.635208837289219e-06,6.089392001928974e-06,6.6347106886688824e-06,7.907120957728668e-06,1.0179282152478285e-05,1.1997011108277979e-05,1.4905377437557488e-05,1.726842508009709e-05,2.0812996543906494e-05,2.5539091828985697e-05,3.135582448754472e-05,3.944471834085335e-05,4.962400049333164e-05,6.0984806467079726e-05,7.261827178419777e-05,8.679655763943537e-05,0.00010292890212215766,0.00012206049938194943,0.0001459636351507154,0.00017468375265235057,0.0002035401998256707,0.00023544134299995534,0.0002765220174010284,0.0003283727358652147,0.00039253856800494386,0.00047451814391151004,0.0005901257055003705,0.0006951449959216978,0.0008238856492162112,0.0009881174603727134,0.0012350559390181019,0.001454183164639755,0.0017792839883845302,0.0021132007975649338,0.0025858103260728545,0.0030701442063456826,0.003727843985777907,0.004470431707445976,0.005384022280630903,0.006486156789756152,0.007814007791967828,0.009423379566208982,0.011349308838102652,0.013679410143318384,0.016468351680201856,0.01984228383828556,0.02391049757103696,0.028802733282676258,0.03471389696048907,0.04184775602042055,0.050462200758074775,0.06089023911815424,0.07353427084824912,0.0889207556971829,0.10768594424270934,0.13072602230326164,0.1593407115254604,0.19563566913170405,0.24378980854815216,0.320828251834168,0.4297982398112543,0.579803777068086,0.6808126120942324,0.7579495762896525,0.821026043466171,0.8789633364524048,0.9268693104231623,0.9590419314169956,0.9830432245493748,0.9990116098802839,1.0,1.0,1.0,1.0,1.0,1.0,1.0,1.0,1.0,1.0,1.0,1.0,1.0,1.0,1.0,1.0,1.0,1.0,1.0
1/0.4,3e-06,1.3605442176870747e-05,0.5,4.544322389499234e-07,4.544322389499234e-07,5.453186867399081e-07,6.362051345298928e-07,1.181523821269801e-06,1.3632967168497702e-06,1.9086154035896784e-06,2.5448205381195713e-06,2.7265934336995404e-06,3.2719121204394486e-06,3.726344359389372e-06,4.180776598339296e-06,5.089641076239143e-06,5.725846210769036e-06,7.2709158231987745e-06,8.997758331208484e-06,1.0451941495848238e-05,1.2542329795017887e-05,1.5268923228717427e-05,1.89952675881068e-05,2.2903384843076142e-05,2.79021394715253e-05,3.335532633892438e-05,3.9717377684223305e-05,4.871513601543179e-05,5.898530461570006e-05,7.134586151513799e-05,8.734187632617528e-05,0.00011142678499052122,0.00013451194272917733,0.00016286851443965257,0.0001964056136741569,0.0002343961488503705,0.000279021394715253,0.0003329170582547139,0.000397628209081183,0.0004737910523291902,0.000575856533197343,0.0007051879484024912,0.0008347920229510094,0.0009964790135693921,0.0012385096240341213,0.0014590910328204142,0.00177937487483232,0.0021171998012676934,0.0025789029560408156,0.0030731434591227524,0.0037283438612407517,0.004467886886907857,0.005384658485765433,0.006486929324562367,0.007813780575848353,0.009423743112000142,0.011346445914997267,0.013682227623199875,0.016465715973215944,0.01984151130347935,0.02391276973223171,0.028806096081244487,0.03471307898245896,0.0418491193171374,0.05046111012070129,0.06088737619504886,0.07353227134639774,0.08891730201216688,0.10768389929763407,0.13072584053036604,0.15934039342289313,0.19564094054567588,0.24379167172033187,0.3208223896582856,0.4297942862507754,0.5798082305040276,0.6808153386876661,0.7579539388391465,0.8210271341035444,0.8789646088626738,0.9268707646063269,0.9590417496441,0.9830440425274048,0.9990127914041051,1.0,1.0,1.0,1.0,1.0,1.0,1.0,1.0,1.0,1.0,1.0,1.0,1.0,1.0,1.0,1.0,1.0,1.0,1.0
1/0.4,1e-05,4.535147392290251e-05,0.5,5.453186867399081e-07,7.270915823198775e-07,9.997509256898316e-07,1.0906373734798161e-06,1.2724102690597857e-06,1.454183164639755e-06,1.726842508009709e-06,2.4539340903295866e-06,2.9992527770694947e-06,3.6354579115993873e-06,4.635208837289219e-06,4.9987546284491575e-06,6.089392001928974e-06,7.36180227098876e-06,8.9068718834185e-06,1.0042952480793308e-05,1.204245433217297e-05,1.3314864601232756e-05,1.6132344482722283e-05,1.9313370155371747e-05,2.3039714514761116e-05,2.7220491113100413e-05,3.3037223771659435e-05,3.994459380369827e-05,4.7215509626897046e-05,5.75765646749553e-05,6.911914354428335e-05,8.347920229510094e-05,9.992964934508817e-05,0.00012092441878457463,0.00014837212601715,0.00017881908602679488,0.0002147192329038388,0.00026161663996347094,0.0003251462669686702,0.00039740099296170804,0.0004841975506011434,0.0005795374343328374,0.0006896009226065088,0.0008573773052268206,0.0010228815266523827,0.0012013825101119125,0.001478858835214736,0.0017412480099844216,0.002144965611067534,0.0025487740985984356,0.003078005884079516,0.0037250265058964174,0.004465478396041423,0.005389793570065567,0.00649742670928211,0.007824368847015886,0.009420607529551388,0.011346400471773373,0.013677910516929851,0.016466715724141635,0.019846282841988323,0.023913360494142347,0.028810958506201252,0.034713124425682855,0.041854072628541954,0.0504628369632093,0.0608924658361251,0.07353345287021902,0.08892302785837765,0.10768603512915714,0.13073015763663606,0.15934375622146138,0.19564907488275307,0.24379898807937894,0.32079117016346975,0.4297824255693388,0.5798325880720353,0.6808210645338768,0.7579547568171766,0.8210314057665906,0.8789650632949128,0.9268728549946261,0.9590455668749072,0.9830456784834651,0.999016790407808,1.0,1.0,1.0,1.0,1.0,1.0,1.0,1.0,1.0,1.0,1.0,1.0,1.0,1.0,1.0,1.0,1.0,1.0,1.0
1/0.4,3e-05,0.0001360544217687,0.5,6.362051345298928e-07,8.179780301098622e-07,9.088644778998468e-07,1.0906373734798161e-06,1.0906373734798161e-06,1.5450696124297398e-06,1.6359560602197243e-06,2.635706985909556e-06,3.181025672649464e-06,3.999003702759326e-06,4.544322389499234e-06,5.089641076239143e-06,5.907619106349004e-06,6.816483584248851e-06,7.907120957728668e-06,9.452190570158407e-06,1.1269919525958101e-05,1.3451194272917734e-05,1.572335546766735e-05,1.9631472722636693e-05,2.326693063423608e-05,2.8265685262685237e-05,3.308266699555442e-05,4.0262696370963215e-05,4.989665983670159e-05,6.153012515381963e-05,7.470866008336742e-05,9.088644778998468e-05,0.0001109723527515713,0.0001329668731167476,0.000160232807453743,0.0001969509323608968,0.0002452116361373787,0.0002902004277934211,0.00034327811330277214,0.000409625220189461,0.00048687870081094795,0.0005824912438860118,0.0006925547321596833,0.0008235221034250512,0.00100802159243872,0.0012179692868335848,0.0014800858022599006,0.0017604704936920034,0.0021392852080806594,0.002562997827677568,0.0030784148730945713,0.003716710395923634,0.0044944257296625325,0.0053932018118576916,0.006493109603012086,0.007818870216924593,0.009429832504002072,0.011350808464491187,0.013676683549884685,0.016473441321278093,0.019850690834706135,0.023904408179035032,0.028809640652708295,0.03471780507774404,0.04185666289230397,0.05047301624536178,0.06089655572627565,0.07353872428419084,0.08893234371927612,0.10769575997907067,0.13074429047926742,0.15936093376009366,0.195673341564313,0.24383788747903307,0.32071205351066856,0.4297614762431233,0.5798840298014845,0.6808407868930473,0.7579722070151522,0.8210455840524459,0.8789823317199928,0.9268804894562405,0.9590513836075658,0.9830516769890192,0.9990291509647073,1.0,1.0,1.0,1.0,1.0,1.0,1.0,1.0,1.0,1.0,1.0,1.0,1.0,1.0,1.0,1.0,1.0,1.0,1.0
1/0.4,0.0001,0.000453514739229,0.5,1.0906373734798161e-06,1.2724102690597857e-06,1.2724102690597857e-06,1.454183164639755e-06,1.6359560602197243e-06,1.999501851379663e-06,2.1812747469596323e-06,2.90836632927951e-06,2.9992527770694947e-06,3.3627985682294334e-06,4.3625494939192645e-06,5.180527524029127e-06,6.180278449718959e-06,7.998007405518653e-06,9.179531226788453e-06,1.0724600839218193e-05,1.2542329795017887e-05,1.4450945198607565e-05,1.7177538632307107e-05,2.035856430495657e-05,2.408490866434594e-05,2.9083663292795098e-05,3.399153147345427e-05,4.062624216212315e-05,4.7897157985321927e-05,5.7712894346640276e-05,7.06187699328181e-05,8.561503381816558e-05,0.0001020654808681528,0.00012433266057669906,0.00014855389891272998,0.00017963706405690473,0.00021871823660659815,0.00026325259602369064,0.00031819345371273636,0.00038835779140660457,0.00047488168970267,0.0005784013537354626,0.0006908733328755686,0.0008502427190753068,0.0010146563031273891,0.0012187872648636946,0.0014504568202803657,0.001756017057750294,0.002142011801514359,0.0025615436445129286,0.0030897756790683193,0.003703213758426821,0.004492426227811153,0.005394019789887801,0.006492609727549241,0.007836365858124165,0.009427287683463952,0.011350490361923923,0.013679773689109545,0.016479167167488862,0.01985155425596014,0.023911315549067072,0.028818274865248343,0.03473589148085425,0.041869750540785726,0.05049351113933842,0.060920277089148836,0.07356926213064827,0.08896492651080883,0.10773384140069467,0.1307870979961765,0.15941537474231987,0.19575245821711418,0.2440008923231444,0.32046979568408435,0.4297160330192282,0.5799673726741079,0.6808950461023778,0.7580204677189287,0.8210903910712063,0.8789999636908641,0.9269111181891457,0.9590734690143787,0.9830693089598905,0.9990689592288394,1.0,1.0,1.0,1.0,1.0,1.0,1.0,1.0,1.0,1.0,1.0,1.0,1.0,1.0,1.0,1.0,1.0,1.0,1.0
1/0.4,0.0003,0.001360544217687,0.5,6.362051345298928e-07,8.179780301098622e-07,9.997509256898316e-07,1.2724102690597857e-06,1.3632967168497702e-06,1.454183164639755e-06,1.5450696124297398e-06,2.272161194749617e-06,3.181025672649464e-06,3.817230807179357e-06,4.180776598339296e-06,4.907868180659173e-06,5.9985055541389895e-06,6.998256479828821e-06,8.725098987838529e-06,9.997509256898315e-06,1.2087897556067963e-05,1.3542080720707718e-05,1.654133349777721e-05,2.054033720053654e-05,2.4175795112135927e-05,2.926543618837507e-05,3.390064502566429e-05,4.1444220192233016e-05,5.0714637866811456e-05,6.243898963171948e-05,7.570841100905725e-05,9.07955613421947e-05,0.00010842753221345173,0.000130694711921998,0.00015650646309435363,0.000189952675881068,0.00022826131362454653,0.0002754768232514436,0.0003317355344334441,0.00039481072919969346,0.00047751739668857956,0.0005737661448981733,0.0006916458676817835,0.0008357917738766992,0.00100938488915557,0.0012210594260584442,0.0014695429743162623,0.0017643786109469727,0.0021261066731511117,0.0025653608753201077,0.0030880488365603097,0.0037223453556866127,0.004494062183871373,0.005388112170781452,0.006497835698297165,0.00783413914015331,0.00944119330997582,0.011362714589151675,0.013699950480518922,0.01649898041310708,0.01987859297417766,0.023954486611767314,0.028855356535946657,0.03477997140803239,0.041925100387489825,0.05056004001912069,0.06100580123651921,0.0736942309963595,0.08908921372816163,0.10787407918963463,0.1309658261957555,0.15966094992424842,0.19610836954665975,0.24473284633042106,0.3207621773866247,0.43002377453144514,0.5795491132413784,0.6808584188639185,0.7580719094483779,0.8211803686545184,0.878561618353173,0.9269927342192611,0.9591336358428157,0.983119296506175,0.9991840214717416,1.0,1.0,1.0,1.0,1.0,1.0,1.0,1.0,1.0,1.0,1.0,1.0,1.0,1.0,1.0,1.0,1.0,1.0,1.0
1/0.3,1e-06,2.173650525298878e-06,0.5,5.727958287774034e-07,6.168570463756653e-07,8.371631343669743e-07,9.252855695634979e-07,9.252855695634979e-07,1.365897745546116e-06,1.7183874863322102e-06,2.3352445327078755e-06,2.7758567086904937e-06,3.524897407860944e-06,3.965509583843562e-06,4.6264278478174895e-06,6.036386810961867e-06,7.622590644499292e-06,9.340978130831502e-06,1.172028388113764e-05,1.3747099890657682e-05,1.7183874863322105e-05,2.0135976442405643e-05,2.5070832813410965e-05,3.0622546230791954e-05,3.754015739371905e-05,4.472213586223573e-05,5.300564477070895e-05,6.397688795267613e-05,7.710713079695815e-05,9.235231208595674e-05,0.00011178330904679019,0.00013262426497076803,0.0001580475875249651,0.00018690768505182656,0.0002219363530424447,0.00026132708157529074,0.0003160951750499302,0.00037945520595623064,0.00046273090721694546,0.0005715621146846521,0.0006974009521452878,0.0008271612379721689,0.0009903199267385322,0.0012314669706538191,0.0014372769180553,0.0017234985875736086,0.002092599407394248,0.002519728850791798,0.0030437929729055235,0.0036569048157853367,0.00440233249511273,0.005321581677865265,0.00638689379695604,0.007701195856694591,0.009274665998346119,0.011171369232298493,0.013463830322718457,0.016222591278980826,0.019542559963792255,0.02354975145948377,0.028372868582659902,0.034187098734491335,0.04120829781999195,0.0496760707404611,0.05992510650477518,0.07237019741540422,0.08745481962747474,0.1058235887544493,0.12837451647219808,0.15632779007966974,0.19173657419450807,0.23920605915764823,0.3102330062933518,0.3933937958985704,0.5044441906518311,0.6363156256587152,0.7251200844424422,0.797944288643979,0.8669949139255302,0.9245789598168745,0.9555836489878962,0.9776348784368631,0.9945352193649404,0.999940781723548,1.0,1.0,1.0,1.0,1.0,1.0,1.0,1.0,1.0,1.0,1.0,1.0,1.0,1.0,1.0,1.0,1.0,1.0,1.0
1/0.3,3e-06,6.52095157589663e-06,0.5,7.931019167687124e-07,8.81224351965236e-07,1.0574692223582833e-06,1.1455916575548068e-06,1.321836527947854e-06,1.5421426159391632e-06,1.982754791921781e-06,2.68773427349397e-06,2.9961627966818026e-06,3.524897407860944e-06,4.317999324629657e-06,5.551713417380987e-06,7.181978468516673e-06,8.151325255678433e-06,9.340978130831502e-06,1.1059365617163712e-05,1.2821814321094185e-05,1.5465487376989893e-05,1.9695364266423025e-05,2.4806465507821393e-05,2.978538309642498e-05,3.577770868978858e-05,4.300374837590352e-05,5.1727869460359356e-05,6.0672296632806505e-05,7.270100903713197e-05,9.036955729403496e-05,0.00010953618694927884,0.00013143461209561496,0.00015782728143697377,0.00019065288854767882,0.00022444784244554563,0.0002607102245289151,0.00030908944145180656,0.0003797195732618202,0.0004603516014666393,0.0005635870342993667,0.0006947132178717939,0.0008331976247831307,0.0009957835177207166,0.0011863923450507973,0.0014459569779221575,0.0017160522417995023,0.0021059940175441193,0.0025183188918286533,0.0030463485235262227,0.003668052303837697,0.00440739953513653,0.005316118086883081,0.006387554715220014,0.007697054102240354,0.00927105297850306,0.011172426701520853,0.013463169404454483,0.016225411196907114,0.019544542718584176,0.02355133766331731,0.028376305357632567,0.0341878477751905,0.041205389779630466,0.049675189516109136,0.05992642834130313,0.07237002117053383,0.08745653801496107,0.10583041824317703,0.1283741199212397,0.15632911191619767,0.1917410684387031,0.23921557638064944,0.31022798331454565,0.3933926943681304,0.5044285929808013,0.6363180490256831,0.7251221112584518,0.7979438920930206,0.8669889215999368,0.9245787835720042,0.955584662395901,0.9776358918448679,0.994535924344422,0.999940781723548,1.0,1.0,1.0,1.0,1.0,1.0,1.0,1.0,1.0,1.0,1.0,1.0,1.0,1.0,1.0,1.0,1.0,1.0,1.0
1/0.3,1e-05,2.1736505252988773e-05,0.5,2.643673055895708e-07,2.643673055895708e-07,3.5248974078609444e-07,3.965509583843562e-07,5.287346111791416e-07,8.81224351965236e-07,1.0134080047600214e-06,1.4540201807426394e-06,1.9386935743235195e-06,2.3793057503061373e-06,3.128346449476588e-06,3.4367749726644204e-06,4.670489065415751e-06,5.595774634979249e-06,6.521060204542747e-06,8.635998649259314e-06,1.0398447353189785e-05,1.2601508233102876e-05,1.537736494179337e-05,1.9078507220047362e-05,2.418960846144573e-05,2.9476954573237147e-05,3.498460677301987e-05,4.1681911847955666e-05,5.199223676594893e-05,6.375658186468483e-05,7.82086612369147e-05,9.552471975303159e-05,0.00011962620577928079,0.00014509358955107612,0.00017800731909697767,0.0002160321498842776,0.0002623404895800508,0.00031847448080023634,0.000385403470331996,0.0004713228446486065,0.0005595334022803266,0.0006897783615007886,0.0008310386251208159,0.0010149942085935588,0.0011953808334408426,0.0014215470633727205,0.0017308568109125184,0.0020944059173157764,0.0025208744424493525,0.003010658937271631,0.0036625887128555125,0.004416828635702558,0.00530219474212203,0.0063861888174744676,0.007703795468532888,0.009275415039045288,0.011176215966234302,0.013465680893857584,0.01623025793084292,0.019546877963116882,0.023554201642461196,0.028381416458873966,0.03418961022389443,0.04120534571841287,0.049682547739448045,0.05993021760601658,0.07238011118936383,0.08746222191203125,0.10583997952739585,0.12838306434841215,0.1563380563433701,0.1917461354787269,0.23923549205100386,0.31020233968590344,0.3933863495527963,0.5043766888664706,0.6363257156775453,0.7251256361558597,0.7979476813577341,0.8669759235407454,0.9245844674690743,0.955589376946184,0.9776390642525349,0.9945369377524267,0.9999410460908535,1.0,1.0,1.0,1.0,1.0,1.0,1.0,1.0,1.0,1.0,1.0,1.0,1.0,1.0,1.0,1.0,1.0,1.0,1.0
1/0.3,3e-05,6.52095157589663e-05,0.5,5.287346111791416e-07,7.931019167687124e-07,9.693467871617598e-07,1.2777753103495922e-06,1.4540201807426394e-06,1.6302650511356867e-06,2.1589996623148284e-06,2.467428185502661e-06,2.9521015790835407e-06,3.568958625459206e-06,4.009570801441824e-06,4.450182977424442e-06,5.463590982184464e-06,6.6091826397392704e-06,8.239447690874957e-06,1.0090018830001953e-05,1.220495727471852e-05,1.4716446677819442e-05,1.7976976780090814e-05,2.2339037322318736e-05,2.612830203576925e-05,3.2384994934722426e-05,3.842138174568429e-05,4.670489065415751e-05,5.758801140092817e-05,7.547686574582246e-05,9.543659731783506e-05,0.00011759938976976075,0.0001407315290088482,0.00016826979000776182,0.0001989804586737503,0.00023387694301157364,0.0002795243644433729,0.00033156066242692007,0.0003937310404580675,0.00047423088501009176,0.000570548706679892,0.0006873990557504824,0.0008166306069661843,0.0009800536630381372,0.0012121681573457805,0.0014457366718341662,0.00175438550110999,0.0020777948382812318,0.0025195085447038065,0.0030562622974858317,0.0036438626953762513,0.004409294167493255,0.005320920759601291,0.00641452018039015,0.0077040598358384775,0.009288148730931187,0.011185072270971553,0.013466385873339157,0.016224177482814364,0.0195540599415854,0.023548958357567002,0.028376790031026146,0.034201727058733956,0.041212131145922995,0.0496886722486942,0.059942951297902475,0.07239191959568017,0.08747438280808838,0.10584491438376686,0.12839244938776057,0.15635493178971027,0.19178067947332392,0.2393184152625238,0.3101427689197106,0.39338167906373084,0.5042792695143608,0.636341313348575,0.7251390307660096,0.7979527924589754,0.8669390443016156,0.9245985670587058,0.9555963386185645,0.9776483171082305,0.9945424454046266,0.9999428085395574,1.0,1.0,1.0,1.0,1.0,1.0,1.0,1.0,1.0,1.0,1.0,1.0,1.0,1.0,1.0,1.0,1.0,1.0,1.0
1/0.3,0.0001,0.00021736505252980003,0.5,7.049794815721889e-07,8.81224351965236e-07,9.693467871617598e-07,1.1455916575548068e-06,1.5862038335374248e-06,2.026816009520043e-06,2.2911833151096136e-06,3.0402240142800645e-06,3.392713755066159e-06,4.450182977424442e-06,5.37546854698794e-06,6.256692898953176e-06,7.57852942690103e-06,9.03254960764367e-06,1.0618753441181094e-05,1.2293079709915042e-05,1.5685793464981202e-05,1.90344460024491e-05,2.4013363591052684e-05,2.8992281179656266e-05,3.520491286101118e-05,4.278344228791221e-05,5.379874668747766e-05,6.300754116551438e-05,7.48600086994468e-05,8.821055763172013e-05,0.00010407259596709438,0.0001227104910111591,0.00014540201807426394,0.0001738215034251428,0.0002070436614942322,0.0002486815121245896,0.0002933155255516288,0.0003417828649097168,0.0004045260387696416,0.00048603929132642594,0.0005761885425324696,0.0006914967489871207,0.000825002238309854,0.0009842835399275704,0.0011811931213742024,0.001454945466312203,0.0017516977668364962,0.002097842692288441,0.0025168648716479107,0.00304286768733596,0.0036472994703489153,0.004426037430180595,0.005317880535587012,0.006400332468323509,0.0077088625085566884,0.009297401586626822,0.011185380699494742,0.013476564014604354,0.016243564418557597,0.01956573616424894,0.02356706751799989,0.02839115398796318,0.03422005652525483,0.041235615774902874,0.04971929479492499,0.05998168110817135,0.07243589269084323,0.08751804747472824,0.10590527825187648,0.12846184580547784,0.1564404546130685,0.19191466963604023,0.23965799506655358,0.30988831538808065,0.39337643577883663,0.5042976430420992,0.6363555451218592,0.7251555977838265,0.7979652617835558,0.8668063759754272,0.924642407970216,0.9556162102277013,0.9776775737567158,0.9945604664426242,0.9999469502940117,1.0,1.0,1.0,1.0,1.0,1.0,1.0,1.0,1.0,1.0,1.0,1.0,1.0,1.0,1.0,1.0,1.0,1.0,1.0
1/0.3,0.0003,0.0006520951575896,0.5,4.40612175982618e-07,7.049794815721889e-07,1.0574692223582833e-06,1.1455916575548068e-06,1.5862038335374248e-06,1.806509921528734e-06,1.8946323567252574e-06,2.423366967904399e-06,2.731795491092232e-06,3.965509583843562e-06,4.538305412620966e-06,5.551713417380987e-06,6.432937769346223e-06,8.195386473276696e-06,9.605345436421072e-06,1.0927181964368927e-05,1.3306487714675064e-05,1.467238546022118e-05,1.736011973371515e-05,2.101720079437088e-05,2.6568914211751868e-05,3.3178096851491135e-05,3.978727949123041e-05,4.904013518686539e-05,5.965888862804648e-05,7.33619273011059e-05,8.73293332797549e-05,0.00010407259596709438,0.00012482542945587569,0.000151129976362038,0.00018245750207440212,0.0002189401902457629,0.00026582132577031346,0.0003212503375089268,0.00038672530685994385,0.00046907572255109513,0.000567508482665612,0.0006835657298194336,0.0008294524212872784,0.000999881210957355,0.0012025628119093593,0.0014494378141124203,0.0017440751761919969,0.0021115016697439023,0.0025310966449321494,0.003045863850132642,0.0036776135880565194,0.004428813286889285,0.005327133391282646,0.006420644689636308,0.0077336249128469115,0.009312250216957436,0.011230499386315361,0.013529261230851877,0.016277579678543454,0.019605611566175365,0.02362483177427121,0.028454646202522277,0.034286368657740214,0.04132083016973791,0.04982257428897532,0.0601248800653657,0.07258019317847754,0.0876864053871712,0.10610421464933263,0.12870444686957386,0.1567573869512528,0.19243128741237986,0.24108121645619504,0.30896787655245295,0.39341626711954547,0.5062121470079614,0.6361600454993758,0.7250921936917026,0.7979356526453297,0.8663798193278585,0.9247490361168038,0.9556696124234304,0.9777575889278742,0.9946070391496256,0.9999595518022448,1.0,1.0,1.0,1.0,1.0,1.0,1.0,1.0,1.0,1.0,1.0,1.0,1.0,1.0,1.0,1.0,1.0,1.0,1.0
1/0.3,0.001,0.0021736505252988,0.5,4.40612175982618e-07,7.490406991704506e-07,7.490406991704506e-07,1.0134080047600214e-06,1.2337140927513305e-06,1.6743262687339485e-06,2.1149384447165666e-06,2.467428185502661e-06,2.908040361485279e-06,3.348652537467897e-06,4.053632019040086e-06,5.111101241398369e-06,6.168570463756653e-06,7.446345774106245e-06,8.856304737250623e-06,1.1367794140351545e-05,1.3747099890657682e-05,1.5862038335374248e-05,1.912256843764562e-05,2.4586159419830084e-05,2.8992281179656266e-05,3.397119876825985e-05,4.018383044961477e-05,4.956886979804453e-05,6.049605176241345e-05,7.367035582429374e-05,8.88274146780958e-05,0.00010821435042133098,0.0001295399797388897,0.0001581357099601616,0.00019166629655243883,0.00022656278089026218,0.00027309142667402667,0.00032882886693582784,0.0004009570801441824,0.0004826025163537615,0.0005772019505372296,0.0006940963608254182,0.0008366784609733933,0.0010086493932594091,0.0012177639319807597,0.0014645948729662224,0.0017661057849911279,0.0021243675452825945,0.0025570927633151237,0.0030813771915168407,0.003709954521773644,0.004464282567055886,0.005376834444733486,0.006479818904870774,0.007807515574759197,0.009407114018446494,0.011327257820161144,0.013646464069663253,0.016442368632360954,0.01981309583984558,0.02387144240916868,0.028768670500345088,0.03470036785829349,0.04181123152160656,0.05040400611640198,0.06078218530949657,0.07336051734214276,0.08864085948278476,0.10727003040576504,0.13021794969407416,0.15890920463509908,0.19638529701843027,0.24748194547547694,0.30866050549848745,0.3940537448157571,0.5089334559292652,0.6321476988412252,0.7234474324999771,0.7971741866827966,0.865337507164354,0.924938543413694,0.9558000336275213,0.9780674274100253,0.9947553492080613,1.0,1.0,1.0,1.0,1.0,1.0,1.0,1.0,1.0,1.0,1.0,1.0,1.0,1.0,1.0,1.0,1.0,1.0,1.0,1.0
1/0.2,1e-06,8.680555555555545e-07,0.5,7.433028107046011e-07,9.084812130834013e-07,1.238838017841002e-06,1.4040164202198022e-06,1.5691948225986022e-06,1.8995516273562027e-06,2.5602652368714037e-06,3.0558004440078045e-06,3.386157248765405e-06,4.4598168642276065e-06,5.285708876121608e-06,6.68972529634141e-06,7.928563314182412e-06,9.580347337970414e-06,1.1892844971273618e-05,1.4576994009929122e-05,1.8169624261668026e-05,2.172095991281223e-05,2.6263365978229238e-05,3.1549074854350846e-05,3.8321389351881656e-05,4.633254186725347e-05,5.731690562544369e-05,6.97878750050431e-05,8.564500163340792e-05,0.00010414498269983356,0.00012603112101502458,0.00015279002220039021,0.00018599088107852906,0.00022414709202803193,0.0002659785224304631,0.0003096682098596558,0.00036991703212732314,0.00045333212532861725,0.0005463275658678818,0.0006571622738640567,0.000793434455826567,0.0009892534518466346,0.0011745010301144592,0.001382708406312937,0.001699768349679044,0.002023270250737924,0.002459754179023904,0.0029701554423743966,0.003549849045522796,0.004303145149571315,0.005158521506289932,0.0062254501018551974,0.0074833662251709504,0.009019979607900335,0.010871877266170253,0.013094104902573442,0.015771151269926658,0.018999934795825662,0.02289975558138854,0.02758751864089889,0.033247934722816806,0.04007872237478971,0.04832909451140662,0.058309132288533135,0.07042125158896462,0.08512295529268973,0.10300851399686681,0.12495436430451778,0.15218129849302375,0.18696489682275627,0.23448626894653055,0.29651100680737363,0.3669820596846554,0.4533756911322447,0.5859839683623895,0.6877949802366107,0.7696284902351277,0.8476368813805578,0.9177129926977519,0.9502691602714063,0.9721932070299433,0.9878877981103673,0.9969755834524442,0.9996183553013038,1.0,1.0,1.0,1.0,1.0,1.0,1.0,1.0,1.0,1.0,1.0,1.0,1.0,1.0,1.0,1.0,1.0,1.0,1.0,1.0
1/0.2,3e-06,2.604166666666668e-06,0.5,5.781244083258009e-07,9.910704142728015e-07,1.321427219030402e-06,1.4866056214092023e-06,1.5691948225986022e-06,1.8582570267615028e-06,2.2299084321138032e-06,2.9732112428184046e-06,3.7165140535230055e-06,4.4598168642276065e-06,5.7812440832580085e-06,6.978787500504311e-06,8.341509320129412e-06,9.993293343917415e-06,1.1562488166516017e-05,1.4453110208145021e-05,1.6517840237880024e-05,1.998658668783483e-05,2.4446403552062436e-05,2.9319166422237043e-05,3.6587016126904256e-05,4.3937455032760864e-05,5.343521316954188e-05,6.441957692773209e-05,7.812938432517251e-05,9.448204616067373e-05,0.00011397309764137216,0.0001374284307791618,0.00016872973802994445,0.0002071337165830155,0.0002545812126663259,0.00031644052435718655,0.0003832138935188166,0.0004548187309500265,0.000551117739536867,0.0006567080332575151,0.0007863317845242786,0.0010061842380904617,0.0011824295934286415,0.0013892329532068995,0.0016828375634352168,0.0020319421168628112,0.0024619840874560176,0.002966686695924442,0.0035515834187477735,0.004288361682558412,0.005157613025076848,0.006226730234473633,0.007483944349579276,0.009017501931864652,0.0108722902121762,0.013098399541035291,0.01577453742717542,0.01900133881224588,0.022898929689376644,0.027586940516490566,0.033249751685242974,0.04007789648277782,0.04832996169801911,0.05831169255377001,0.07042282078378721,0.08512295529268973,0.10301318028673402,0.12495638773994693,0.15218233085803862,0.18697274279686926,0.2344928347880251,0.29650229364664815,0.36698354629027685,0.45337048801256974,0.5859822339891645,0.6877901900629416,0.7696270036295063,0.8476308523688709,0.9177105976109174,0.9502714727690396,0.9721936199759492,0.9878882936455745,0.9969770700580656,0.9996183553013038,1.0,1.0,1.0,1.0,1.0,1.0,1.0,1.0,1.0,1.0,1.0,1.0,1.0,1.0,1.0,1.0,1.0,1.0,1.0,1.0
1/0.2,1e-05,8.68055555555557e-06,0.5,9.910704142728015e-07,1.4040164202198022e-06,1.8169624261668026e-06,2.1473192309244033e-06,2.642854438060804e-06,2.8080328404396043e-06,3.1383896451972044e-06,4.046870858280606e-06,5.533476479689808e-06,6.194190089205009e-06,7.1852605034778105e-06,8.837044527265813e-06,1.0406239349864415e-05,1.2553558580788818e-05,1.4618288610523822e-05,1.7591499853342224e-05,2.1473192309244032e-05,2.527229556395644e-05,3.0310236836509845e-05,3.708255133404065e-05,4.426781183751846e-05,5.467405118738288e-05,6.54932365431943e-05,7.879009793468771e-05,9.365615414877973e-05,0.00011174318920925836,0.0001340835681309911,0.00015679559845807614,0.00018512369446604037,0.00021972856976439903,0.00026209682997456127,0.00031090704787749675,0.0003703712727338648,0.00044395825099362036,0.0005547516643892006,0.000678057341764975,0.0008090025202507689,0.0009666653053213338,0.0011526974810004574,0.0014252005503248833,0.0016733398052984358,0.002042141883209702,0.0024557073081656233,0.0029437268979937885,0.003575038751885563,0.004273991161551457,0.005177062781956952,0.006211740294457757,0.00749038630727205,0.00902468719236813,0.010873611639395231,0.013100340387263243,0.015777221576214077,0.019006789699524382,0.022899260046181404,0.02759073961974528,0.03325227065587925,0.04008223241584026,0.04833025076022327,0.05831640013823781,0.07042951050908355,0.08513356800504257,0.10302313228547734,0.12496873482552474,0.15220458864775915,0.18700082312527366,0.23453549211043945,0.29647487403185324,0.3669768565649805,0.4533725114479989,0.5859818210431585,0.687789446760131,0.7696231219370504,0.8476060756085141,0.9177007694959759,0.9502759325859038,0.9721970887223992,0.9878938271220542,0.9969823557669417,0.9996185204797061,1.0,1.0,1.0,1.0,1.0,1.0,1.0,1.0,1.0,1.0,1.0,1.0,1.0,1.0,1.0,1.0,1.0,1.0,1.0,1.0
1/0.2,3e-05,2.6041666666666645e-05,0.5,9.910704142728015e-07,1.1562488166516018e-06,1.4040164202198022e-06,1.4040164202198022e-06,1.7343732249774025e-06,2.064730029735003e-06,2.2299084321138032e-06,2.5602652368714037e-06,3.7991032547124054e-06,4.3772276630382066e-06,5.1205304737428075e-06,6.194190089205009e-06,7.68079571061421e-06,9.662936539159814e-06,1.1479898965326617e-05,1.3957575001008621e-05,1.6683018640258824e-05,2.056471109616063e-05,2.4859349558009437e-05,3.0847066644240946e-05,3.671089992868835e-05,4.554794445595417e-05,5.603677300700798e-05,6.76818503747134e-05,8.122647936977502e-05,9.906574682668544e-05,0.00011954786872165668,0.00014473757508442372,0.00017273531428763035,0.0002074227787871784,0.0002519383582282651,0.00030636464181207977,0.00036863689950888745,0.00045147386830185574,0.0005535954155725491,0.0006634803477550458,0.0007961186048652224,0.00098508269718657,0.0011818927636209104,0.0014025711091989876,0.0016894859941309636,0.002027441005397989,0.0024815990227385,0.002929893206794564,0.0035450175772532163,0.004291211009999446,0.005162609671748807,0.006227597421086121,0.007503765757864732,0.009023117997545531,0.010872744452782742,0.013093568072765712,0.015775322024586723,0.019018352187690896,0.022904339282054553,0.027598544299257677,0.03325491351031731,0.04008776589231995,0.04834998957930754,0.0583312661944519,0.0704532961990261,0.08514620415282455,0.10304716574302346,0.1249963609133226,0.15224551159694852,0.18708688107291302,0.23463876990652677,0.29638832054900677,0.3669692170638705,0.4533770951486649,0.5859640643649029,0.6877754065959287,0.7695991710687055,0.847544133707622,0.9176648431934584,0.9502823745435965,0.9722046043397073,0.9879067110374397,0.9969956526283332,0.999619346371718,1.0,1.0,1.0,1.0,1.0,1.0,1.0,1.0,1.0,1.0,1.0,1.0,1.0,1.0,1.0,1.0,1.0,1.0,1.0,1.0
1/0.2,0.0001,8.680555555555557e-05,0.5,7.433028107046011e-07,8.258920118940012e-07,9.910704142728015e-07,1.321427219030402e-06,1.5691948225986022e-06,1.982140828545603e-06,2.477676035682004e-06,3.1383896451972044e-06,3.881692455901805e-06,4.955352071364008e-06,6.029011686826209e-06,7.350438905856611e-06,9.167401332023414e-06,1.0736596154622016e-05,1.379239659862982e-05,1.6104894231933023e-05,1.998658668783483e-05,2.3207565534221436e-05,2.7915150002017243e-05,3.311826967694945e-05,3.947763816853326e-05,4.847986109817787e-05,5.694525422009139e-05,6.83425639842286e-05,8.461263661854043e-05,0.00010162601206355685,0.00012128224194663408,0.00014589382390107531,0.00017818620156613078,0.0002174160721310958,0.0002617664731698037,0.000312393653498906,0.00038052974448016106,0.0004597327884207958,0.0005463275658678818,0.0006643888289681293,0.0007973574428830635,0.0009662523593153867,0.0011745836193156486,0.0014108300293179275,0.0016917159025630773,0.002035699925516929,0.0024450533012121906,0.0029638786630840023,0.0035616593012928804,0.004296414129674378,0.005160627530920261,0.006240729104075236,0.007505830487894467,0.009022292105533637,0.010876295788433887,0.01311991402794513,0.015797166868301318,0.01902487673458486,0.02292647318797331,0.027617828877735402,0.03328794919079307,0.04012650022767778,0.048394918104754575,0.05838874827847972,0.07053051710213819,0.08522879335401394,0.10314771809547155,0.1251180148066746,0.15242266543349978,0.18743363183410672,0.2350195061240099,0.2960538342841897,0.36693836999722623,0.4534298696482249,0.5857641984980245,0.6876988464064262,0.769508240358196,0.8472879420055326,0.9175414549268816,0.9503078120175629,0.9722292159216618,0.9879579163421771,0.9970431414190171,0.9996228977073692,1.0,1.0,1.0,1.0,1.0,1.0,1.0,1.0,1.0,1.0,1.0,1.0,1.0,1.0,1.0,1.0,1.0,1.0,1.0,1.0
