s,q,source_radius,LD_coeff,1.0e-08,1.2e-08,1.5e-08,1.7e-08,2.1e-08,2.5e-08,3.1e-08,3.7e-08,4.4e-08,5.3e-08,6.4e-08,7.7e-08,9.3e-08,1.1e-07,1.4e-07,1.6e-07,2.0e-07,2.4e-07,2.8e-07,3.4e-07,4.1e-07,5.0e-07,6.0e-07,7.2e-07,8.7e-07,1.0e-06,1.3e-06,1.5e-06,1.8e-06,2.2e-06,2.7e-06,3.2e-06,3.9e-06,4.6e-06,5.6e-06,6.7e-06,8.1e-06,9.8e-06,1.2e-05,1.4e-05,1.7e-05,2.1e-05,2.5e-05,3.0e-05,3.6e-05,4.3e-05,5.2e-05,6.3e-05,7.6e-05,9.1e-05,1.1e-04,1.3e-04,1.6e-04,1.9e-04,2.3e-04,2.8e-04,3.4e-04,4.0e-04,4.9e-04,5.9e-04,7.1e-04,8.5e-04,1.0e-03,1.2e-03,1.5e-03,1.8e-03,2.2e-03,2.6e-03,3.1e-03,3.8e-03,4.5e-03,5.5e-03,6.6e-03,7.9e-03,9.5e-03,1.1e-02,1.4e-02,1.7e-02,2.0e-02,2.4e-02,2.9e-02,3.5e-02,4.2e-02,5.1e-02,6.1e-02,7.4e-02,8.9e-02,1.1e-01,1.3e-01,1.6e-01,1.9e-01,2.3e-01,2.7e-01,3.3e-01,3.9e-01,4.8e-01,5.7e-01,6.9e-01,8.3e-01,1.0e+00
0.2,1e-06,8.680555555555553e-08,0.5,7.296001822587668e-11,7.295999412302127e-11,7.2959963994452e-11,7.295994893016736e-11,7.295992784016888e-11,7.295988867302882e-11,7.295985854445955e-11,7.295982540303336e-11,7.295976815875174e-11,7.29597079016132e-11,7.295963258019002e-11,7.295955725876684e-11,7.295944277020361e-11,7.295933732021118e-11,7.295921680593409e-11,7.295909026594315e-11,7.295896975166607e-11,7.295875583882424e-11,7.295843346313304e-11,7.295805986887409e-11,7.2957650120332e-11,7.295705960037431e-11,7.295642087470577e-11,7.295557727476619e-11,7.295470957197119e-11,7.295355564776813e-11,7.295220287500787e-11,7.295091939795694e-11,7.294919303093773e-11,7.294693941395627e-11,7.294417963701108e-11,7.29409106872452e-11,7.293622268186669e-11,7.293063081941005e-11,7.29231016899493e-11,7.29131411849484e-11,7.290432857843672e-11,7.289478384769177e-11,7.288191292289933e-11,7.286680344541007e-11,7.284766577820932e-11,7.282447883129859e-11,7.279646227473377e-11,7.276104614155606e-11,7.272177053865478e-11,7.267395047350832e-11,7.261592284909296e-11,7.254532257272093e-11,7.24597182688521e-11,7.235796203899723e-11,7.223495612923575e-11,7.208578958277652e-11,7.190700665272419e-11,7.169182841099286e-11,7.143139705821694e-11,7.111887943488583e-11,7.074040736056423e-11,7.028499595889604e-11,6.973348948553897e-11,6.906760592465955e-11,6.82602265510572e-11,6.727764954714574e-11,6.607787870021875e-11,6.460119617312475e-11,6.276196753342566e-11,6.04202516025729e-11,5.735425993073719e-11,5.348843910475837e-11,4.8809116779901396e-11,4.280233270583435e-11,3.4152209568231737e-11,2.7047877869916242e-11,2.1310135893722684e-11,1.5924376953747923e-11,1.1071902728435318e-11,7.65422930607351e-12,5.2973255634514046e-12,3.67091911136667e-12,2.5471777089942793e-12,1.768703684750247e-12,1.2266123892902656e-12,8.422863339593733e-13,5.648805452563381e-13,4.0972443922609166e-13,3.0030350134876655e-13,2.1863700148360947e-13,1.5639137737034505e-13,1.0879426363649457e-13,7.106726919572511e-14,4.2619874090330995e-14,2.2385526968129455e-14,1.3190287626712082e-14,6.646362381116229e-15,4.639799667687667e-16,0.0,0.0,0.0,0.0,0.0,0.0
0.3,1e-06,2.1736505252988774e-07,0.5,4.288062934859322e-10,4.288061990172453e-10,4.288061423360331e-10,4.2880612344229565e-10,4.288059911861339e-10,4.28805896717447e-10,4.2880580224876e-10,4.2880570778007296e-10,4.2880555663017383e-10,4.288053299053251e-10,4.288049520305772e-10,4.288045552620919e-10,4.2880402623744493e-10,4.288035161065352e-10,4.288028737194638e-10,4.2880208018249323e-10,4.288012677517853e-10,4.288002663837034e-10,4.2879922722814666e-10,4.287978857727916e-10,4.287959963990522e-10,4.287942014939997e-10,4.287914430083401e-10,4.2878896792874144e-10,4.2878560484348517e-10,4.28781429327521e-10,4.287760823998383e-10,4.2876948848548763e-10,4.2876183652184284e-10,4.2875248412183254e-10,4.2874275384707435e-10,4.2872867801271537e-10,4.2871186258643426e-10,4.286913817750985e-10,4.2866683881022297e-10,4.28636287636856e-10,4.2859935038024965e-10,4.2855166258706577e-10,4.2849528367468037e-10,4.2842762520107045e-10,4.2834706230482003e-10,4.282499862820868e-10,4.2812974653730783e-10,4.279920489791762e-10,4.278295061563708e-10,4.2763197213191073e-10,4.273954981146804e-10,4.271073119382011e-10,4.267611786691328e-10,4.2634402384119827e-10,4.258395610527635e-10,4.2523448911270273e-10,4.244999761777518e-10,4.236087963723251e-10,4.2254269834609967e-10,4.212611361386266e-10,4.197158551446003e-10,4.1785272480638525e-10,4.1560501244350396e-10,4.1289402563970804e-10,4.096124101791216e-10,4.0564149449716936e-10,4.008272379528735e-10,3.949733157209673e-10,3.8781710485166603e-10,3.7899807504800697e-10,3.6798878873688344e-10,3.539237804894628e-10,3.349808249089893e-10,3.091586217556815e-10,2.7677851571514603e-10,2.290240465320095e-10,1.805893083339818e-10,1.4381491574395683e-10,1.1407851590835526e-10,8.628543143247122e-11,5.998825861480153e-11,4.134884981930905e-11,2.8500617153835537e-11,1.964370540670036e-11,1.3533565201986412e-11,9.318995882593947e-12,6.407999974739196e-12,4.393889781004239e-12,2.9910297794581104e-12,1.9917022211850076e-12,1.2506520530955489e-12,8.290760906107167e-13,5.37829128673564e-13,3.340979583480163e-13,1.9409536425432174e-13,1.2496317912762423e-13,7.179620209933053e-14,2.314482830833682e-14,0.0,0.0,0.0,0.0,0.0,0.0
0.4,1e-06,4.5351473922902503e-07,0.5,1.8096244261066214e-09,1.8096244261066214e-09,1.8096242616362705e-09,1.8096242616362705e-09,1.8096240971659199e-09,1.8096237682252179e-09,1.8096235215196916e-09,1.8096229458734636e-09,1.8096219590513583e-09,1.8096214656403058e-09,1.8096204788182005e-09,1.8096199031719725e-09,1.8096188341146918e-09,1.8096178472925865e-09,1.8096162025890778e-09,1.8096145578855692e-09,1.8096114329489027e-09,1.8096079790715342e-09,1.8096053475459202e-09,1.8096017291982013e-09,1.80959580826557e-09,1.8095884070997808e-09,1.8095831440485528e-09,1.8095749205310092e-09,1.809566368072764e-09,1.809555019618554e-09,1.8095397238759228e-09,1.8095200696689938e-09,1.8095001687565384e-09,1.8094736890300483e-09,1.8094352029679445e-09,1.8093888223289988e-09,1.8093305998247905e-09,1.8092508317046181e-09,1.8091534652569024e-09,1.8090277276736618e-09,1.8088797865930531e-09,1.8087205792934102e-09,1.8085294647456982e-09,1.808292627440444e-09,1.8080128633736125e-09,1.807672656452836e-09,1.8072632075143428e-09,1.8067732503390983e-09,1.806185926716138e-09,1.8054793620887964e-09,1.8046218959145307e-09,1.8035920648125524e-09,1.8023550833036518e-09,1.8008641595730067e-09,1.7990691301636014e-09,1.7969049470516659e-09,1.7942958716406248e-09,1.7911511162967968e-09,1.7873763572739576e-09,1.7828193772623765e-09,1.7773452283391633e-09,1.7707354116431863e-09,1.7627627936198925e-09,1.7531475279672752e-09,1.7415461183575404e-09,1.7275082449700034e-09,1.7105231451300345e-09,1.6899249606221325e-09,1.6648545805685233e-09,1.6341802022496884e-09,1.5963489788478795e-09,1.549034559485203e-09,1.488390393830664e-09,1.4063070245290447e-09,1.2785864222677552e-09,1.0967194667389608e-09,8.558842984310023e-10,6.786841068729956e-10,5.4443131792134e-10,4.367088300927998e-10,3.4046053405759565e-10,2.401503960021072e-10,1.653002682614412e-10,1.1370920860024273e-10,7.814792274597932e-11,5.362818942708601e-11,3.671981500579836e-11,2.505607113308346e-11,1.699225430023183e-11,1.1391216501321747e-11,7.513005627784832e-12,4.783126744028863e-12,2.8583302277861775e-12,1.5843428899398267e-12,1.010012424698482e-12,6.603484587468499e-13,3.6693335279308146e-13,1.1266219034659828e-13,0.0,0.0,0.0,0.0,0.0,0.0
0.5,1e-06,8.888888888888889e-07,0.5,6.8337752504698465e-09,6.8337752504698465e-09,6.833774618642865e-09,6.833773986815881e-09,6.8337720913349335e-09,6.833771459507951e-09,6.83376893220002e-09,6.833767668546055e-09,6.833765457151616e-09,6.833765141238124e-09,6.833761350276228e-09,6.8337569274873495e-09,6.833750609217523e-09,6.833745554601661e-09,6.833737972677869e-09,6.833729127100113e-09,6.833719649695372e-09,6.8337057495017526e-09,6.8336874265192556e-09,6.8336722626716716e-09,6.833652360121717e-09,6.833625191561462e-09,6.83358917742345e-09,6.833546845015611e-09,6.833498826164929e-09,6.833446384525367e-09,6.833366142498568e-09,6.833278634461469e-09,6.8331645896910956e-09,6.833026219581891e-09,6.832860049085448e-09,6.8326284844963e-09,6.832379228751636e-09,6.8321094386300366e-09,6.831770779367325e-09,6.831361039569063e-09,6.83084452101073e-09,6.830219012297886e-09,6.829412801068e-09,6.828563309689799e-09,6.827557441133388e-09,6.826368342752003e-09,6.824871544630056e-09,6.823098322203192e-09,6.820963378828748e-09,6.818376047334714e-09,6.8152289171340326e-09,6.811461648749861e-09,6.806918496830969e-09,6.801449402468975e-09,6.794872083579377e-09,6.786910431770748e-09,6.777176821189219e-09,6.7656390286586764e-09,6.751717037009026e-09,6.73493760783025e-09,6.714636059136577e-09,6.690326200064843e-09,6.6608979106064975e-09,6.625475162650067e-09,6.582648350197214e-09,6.5308852928149625e-09,6.468263656908538e-09,6.392377445327932e-09,6.29997906738222e-09,6.187027673603733e-09,6.0478311347055915e-09,5.874218348234414e-09,5.652867874087579e-09,5.3581502825400435e-09,4.887323556112801e-09,3.920691455325425e-09,3.045972173447581e-09,2.413948692585616e-09,1.9442352453018383e-09,1.5797942825626647e-09,1.2771737991158891e-09,9.888787288471982e-10,6.904895907033661e-10,4.747800678578111e-10,3.2609411950694463e-10,2.2357450512583557e-10,1.5284463355080279e-10,1.0409033626002755e-10,7.040763981387093e-11,4.715387954367122e-11,3.103028677290644e-11,1.980777590671561e-11,1.2074845465813143e-11,6.895759688864247e-12,4.08160230805049e-12,2.454647827674327e-12,1.1682480909574852e-12,6.318269826703544e-16,0.0,0.0,0.0,0.0,0.0,0.0
0.6,1e-06,1.7578125e-06,0.5,2.6457035891488513e-08,2.6457035891488513e-08,2.6457030948353152e-08,2.6457030948353152e-08,2.6457028476785468e-08,2.6457021062082423e-08,2.6457016118947062e-08,2.645700005375713e-08,2.6456988931702565e-08,2.645697904543184e-08,2.6456961744458065e-08,2.6456941971916614e-08,2.645691972780748e-08,2.6456882654292256e-08,2.6456855467047757e-08,2.6456820865100215e-08,2.645678379158499e-08,2.6456729417095993e-08,2.6456660213200907e-08,2.6456558878925962e-08,2.645646248778638e-08,2.64563117221578e-08,2.6456180729070675e-08,2.6455949637492444e-08,2.6455709895427326e-08,2.6455465210226845e-08,2.6455116719183735e-08,2.6454675544352566e-08,2.6454137978381814e-08,2.645342987424103e-08,2.6452629086312184e-08,2.6451728199892235e-08,2.645065924686993e-08,2.644937032432397e-08,2.644783548079368e-08,2.6445877999189834e-08,2.644335205701922e-08,2.6440879253553757e-08,2.643786394098218e-08,2.6434225793354834e-08,2.642961755541245e-08,2.642415909818759e-08,2.6417583492370635e-08,2.640964728854495e-08,2.640007367113019e-08,2.6388446180972005e-08,2.6374465758380915e-08,2.63576442687398e-08,2.6337428080887977e-08,2.6312910129486294e-08,2.6283273561415974e-08,2.6247690401503674e-08,2.6204861840932703e-08,2.6153292581255674e-08,2.6091091873196155e-08,2.601614405481867e-08,2.5925840386435272e-08,2.5817004903575083e-08,2.5685717699895044e-08,2.552717651938977e-08,2.53356868701208e-08,2.510391684656061e-08,2.4823227083878092e-08,2.448169103222558e-08,2.4064422439456673e-08,2.355109018982235e-08,2.2912729981661695e-08,2.2103174166465862e-08,2.1040513755482086e-08,1.9524202039672097e-08,1.5877473129335048e-08,1.2143976128183169e-08,9.49505740021568e-09,7.58259169434087e-09,6.164616241879543e-09,5.070440871387415e-09,4.174977070929952e-09,3.371742290079867e-09,2.496424237795299e-09,1.714978797626387e-09,1.1771508406995165e-09,8.064280462947395e-10,5.507814431462472e-10,3.7433622635530727e-10,2.52510183760515e-10,1.6820501014041472e-10,1.0992050107242278e-10,6.967843608026583e-11,4.2019122155242606e-11,2.5706775456542458e-11,1.4191741627869126e-11,6.351928941766572e-12,6.154203527236874e-13,0.0,0.0,0.0,0.0,0.0,0.0,0.0
0.7,1e-06,3.767781622452902e-06,0.5,1.2082902889223489e-07,1.208290175359956e-07,1.2082897211103846e-07,1.2082896075479918e-07,1.2082892668608133e-07,1.208288812611242e-07,1.2082885854864565e-07,1.208288244799278e-07,1.2082873363001354e-07,1.2082868820505642e-07,1.2082859735514217e-07,1.208285065052279e-07,1.2082835887411723e-07,1.2082819988676727e-07,1.208279954744602e-07,1.2082779106215312e-07,1.2082756961548712e-07,1.2082716646899258e-07,1.2082678035685702e-07,1.2082625796985003e-07,1.2082580372027873e-07,1.2082512802404143e-07,1.2082427630609528e-07,1.2082337916319196e-07,1.2082216404558878e-07,1.2082063095328566e-07,1.2081853004901847e-07,1.208158556546675e-07,1.2081267022954885e-07,1.2080855927092867e-07,1.20803602272482e-07,1.2079753804070527e-07,1.2079042903491462e-07,1.2078182100553868e-07,1.207723328676184e-07,1.2075976718885262e-07,1.2074528798376778e-07,1.2072784480023028e-07,1.2070703449174563e-07,1.2068148863148026e-07,1.2065073025738437e-07,1.2061411206381886e-07,1.2056972052446466e-07,1.205173285145361e-07,1.204538755275467e-07,1.2037747642777557e-07,1.2028493443386475e-07,1.2017505714068963e-07,1.2004121818262902e-07,1.1987953940396805e-07,1.1968689783890408e-07,1.194543220584042e-07,1.1917223307463385e-07,1.1883254524522405e-07,1.1842329477209103e-07,1.1792971286604823e-07,1.1733436769979744e-07,1.1661584708417205e-07,1.157478613252337e-07,1.1469722181368012e-07,1.1342282464142931e-07,1.1187180083650289e-07,1.0997524073893632e-07,1.076378257543143e-07,1.0472263370561109e-07,1.0101232320732393e-07,9.611181637294395e-08,8.902544924528285e-08,7.690340764518517e-08,6.341456883191686e-08,4.8355213228994196e-08,3.753339288927508e-08,2.9819207429135684e-08,2.421168384952322e-08,2.0014622223121498e-08,1.673946010165046e-08,1.4028180685498814e-08,1.1590052892802425e-08,8.99838874501041e-09,6.2451593809502375e-09,4.2823469834111985e-09,2.9283879987491435e-09,1.9940306993258646e-09,1.349132582967111e-09,9.036046034470253e-10,5.952940631740133e-10,3.8122895270415156e-10,2.3965071757270513e-10,1.4562105631591708e-10,7.576882849097704e-11,2.3507415314197016e-11,0.0,0.0,0.0,0.0,0.0,0.0,0.0,0.0,0.0
0.8,1e-06,9.876543209876548e-06,0.5,8.274252050670458e-07,8.274250490610389e-07,8.274248150520286e-07,8.27424503040015e-07,8.274243470340081e-07,8.274240740234962e-07,8.274236060054757e-07,8.274228259754415e-07,8.27421967942404e-07,8.274207978973527e-07,8.274194718462946e-07,8.274177557802195e-07,8.274161177171477e-07,8.274138556300486e-07,8.274112815309358e-07,8.274076153897751e-07,8.274039492486146e-07,8.274000490984437e-07,8.273942768761909e-07,8.273872566058834e-07,8.273799243235622e-07,8.27370173948135e-07,8.273571474465644e-07,8.273389337452666e-07,8.273194719959139e-07,8.27291780929701e-07,8.272581616352283e-07,8.272152209818472e-07,8.271648310416398e-07,8.271117889993162e-07,8.270482165515314e-07,8.269721636231998e-07,8.268760639229902e-07,8.267557832917212e-07,8.266190830282328e-07,8.264523126069273e-07,8.262517278836406e-07,8.260115956376215e-07,8.2571959139433e-07,8.253686168804552e-07,8.249495457445974e-07,8.244399131217725e-07,8.23828408576485e-07,8.230833628893478e-07,8.221800491082773e-07,8.211376169706128e-07,8.199040774745764e-07,8.183533387651451e-07,8.164754554593829e-07,8.142245617912806e-07,8.11516414517148e-07,8.082583850704273e-07,8.043238355750711e-07,7.995751297315501e-07,7.938421429894119e-07,7.868965995591566e-07,7.784583906555139e-07,7.681976415770333e-07,7.556343608421884e-07,7.401549768261011e-07,7.208461913632638e-07,6.963224371039805e-07,6.642073525491527e-07,6.197458356089791e-07,5.543322049314809e-07,4.872170167374445e-07,4.237983908753391e-07,3.6277211712803275e-07,3.0119256807748965e-07,2.3194594781508413e-07,1.8008600200681633e-07,1.4331636123359178e-07,1.1681948200137406e-07,9.724813842903517e-08,8.228802040669482e-08,7.028394320334629e-08,6.002023001073583e-08,5.051084486266935e-08,4.042458850283255e-08,2.832636167435971e-08,1.9358668383522484e-08,1.3168038020336801e-08,8.899401661345653e-09,5.933532463923299e-09,3.889736769893137e-09,2.511696710026953e-09,1.51766543598259e-09,7.709426842717821e-10,1.8272203550428995e-10,0.0,0.0,0.0,0.0,0.0,0.0,0.0,0.0,0.0,0.0,0.0
0.9,1e-06,4.487534626038e-05,0.5,1.7052894521181986e-05,1.7052881637861433e-05,1.7052859092050464e-05,1.705282688374908e-05,1.7052768908806592e-05,1.7052722206769586e-05,1.7052648127676405e-05,1.705256116526267e-05,1.705246454035852e-05,1.7052345369643405e-05,1.7052201237494715e-05,1.7052048248063146e-05,1.705183406285895e-05,1.705161424120201e-05,1.7051343691470395e-05,1.705099423140039e-05,1.7050567471407065e-05,1.7050014293830813e-05,1.7049387842368914e-05,1.704858907649461e-05,1.704766630865999e-05,1.704651647230062e-05,1.7045117021605527e-05,1.70433906566514e-05,1.704120693381763e-05,1.703876876540294e-05,1.7035792718355153e-05,1.7032149154261203e-05,1.7027915373044407e-05,1.7022708095918313e-05,1.7016739897672046e-05,1.7009436665333455e-05,1.7000882945693667e-05,1.699083878690738e-05,1.6978886286264155e-05,1.6965386176739476e-05,1.6949820709888612e-05,1.693296530056736e-05,1.691344062826899e-05,1.688811926692922e-05,1.685323445570131e-05,1.6808922274658593e-05,1.675646300378105e-05,1.669436378829958e-05,1.662036038462696e-05,1.653101616700562e-05,1.6423267320766504e-05,1.6293315681969028e-05,1.6135514330173216e-05,1.594409153777124e-05,1.571047103931234e-05,1.5423400059500838e-05,1.5068155378567033e-05,1.4621314314537684e-05,1.4049633069140337e-05,1.3297966199162112e-05,1.2267071875966678e-05,1.0996140355469319e-05,9.828832603011445e-06,8.765543170285e-06,7.798705522087586e-06,6.920726551368163e-06,6.123576728591952e-06,5.398147546127844e-06,4.7345744064697645e-06,4.121714847754269e-06,3.54464515353555e-06,2.9775841889715937e-06,2.34073427697098e-06,1.8263169758099834e-06,1.4630854413407324e-06,1.20281257348741e-06,1.0122690677131877e-06,8.679444744235531e-07,7.538224105482809e-07,6.581267158942161e-07,5.71930054525529e-07,4.873430030184569e-07,3.926135574058817e-07,2.706833960678386e-07,1.820461506618556e-07,1.1995579246326594e-07,7.43593054029044e-08,3.975953764222953e-08,1.239697520231208e-08,0.0,0.0,0.0,0.0,0.0,0.0,0.0,0.0,0.0,0.0,0.0,0.0,0.0,0.0,0.0
1.0,1e-06,4.487534626038e-05,0.5,1.7052942028426526e-05,1.7052925119068298e-05,1.7052909820125142e-05,1.705288485869157e-05,1.70528623128806e-05,1.7052834935824426e-05,1.7052795480655233e-05,1.7052768103599058e-05,1.7052718180731914e-05,1.705265617975175e-05,1.705257324337569e-05,1.70524943330373e-05,1.705240092896329e-05,1.7052268069720087e-05,1.7052134405269346e-05,1.7051940350253515e-05,1.705175112648289e-05,1.7051469303845788e-05,1.7051073141738776e-05,1.7050629472387227e-05,1.705012138643291e-05,1.704949090893334e-05,1.7048727572190558e-05,1.7047815272053888e-05,1.7046771723089077e-05,1.704562993880505e-05,1.7044097628866757e-05,1.7042218274481057e-05,1.7039995901685633e-05,1.703723887108725e-05,1.703401804094895e-05,1.7030063666746654e-05,1.7025332267273493e-05,1.701962737189103e-05,1.7012647027773803e-05,1.700426964858409e-05,1.699373753403185e-05,1.698085501868619e-05,1.6966473206911152e-05,1.695060176119715e-05,1.6932210821107465e-05,1.6910063587868985e-05,1.688253917871462e-05,1.684773649865523e-05,1.680279142449034e-05,1.6748960079973885e-05,1.6684231056684495e-05,1.661390584102981e-05,1.6522271613180137e-05,1.64063990281247e-05,1.6273627552541143e-05,1.61041088207022e-05,1.589601340108932e-05,1.563303423071229e-05,1.5287209672725476e-05,1.462538141779482e-05,1.3610048535412575e-05,1.2043150907469266e-05,1.0659090949194298e-05,9.484475938360159e-06,8.435854166083528e-06,7.495552937395557e-06,6.642718182358298e-06,5.859220653330802e-06,5.133462140985053e-06,4.4775167323019995e-06,3.899931705261152e-06,3.3900082673506168e-06,2.907849995647287e-06,2.5244166093430915e-06,2.247259344697272e-06,2.0380752844976456e-06,1.8597298676646951e-06,1.6969160989661562e-06,1.5441013974319659e-06,1.3991841713968842e-06,1.2609638564268604e-06,1.1380698616699315e-06,1.0190980328139158e-06,9.038881335594332e-07,7.979630823861313e-07,7.216914090886121e-07,6.551023563943536e-07,5.952955667638176e-07,5.408643426341025e-07,4.908311620582345e-07,4.442418541077423e-07,4.0031939351176153e-07,3.579574251177866e-07,3.1654238078447147e-07,2.7461361404409773e-07,2.3120407064764105e-07,1.8417431417573654e-07,1.3687078714207662e-07,1.1299155249672934e-07,8.958577988171197e-08,0.0,0.0,0.0,0.0
1/0.9,1e-06,4.487534626038e-05,0.5,1.7052865533710742e-05,1.7052838156654564e-05,1.7052812390013458e-05,1.7052754415070967e-05,1.7052698855751083e-05,1.7052639270393523e-05,1.7052563580885274e-05,1.7052481449716745e-05,1.7052375162322183e-05,1.7052241497871446e-05,1.705208609281727e-05,1.7051902505499387e-05,1.7051631955767772e-05,1.7051340470640257e-05,1.7051015972003823e-05,1.705063752446257e-05,1.7050138295791137e-05,1.7049595585912832e-05,1.7048948199055033e-05,1.704815184880334e-05,1.7047334563155745e-05,1.70463530151711e-05,1.7045147619491843e-05,1.704374816879675e-05,1.7042034687163176e-05,1.7039802651877333e-05,1.7037168012824207e-05,1.7033986637855103e-05,1.7030119226066538e-05,1.7025466736931768e-05,1.701979243943562e-05,1.7013056073201368e-05,1.7004929918762438e-05,1.6994956618239196e-05,1.698311684665081e-05,1.6969109456379347e-05,1.695279836735147e-05,1.6934191631642518e-05,1.6912513834396696e-05,1.688542826334867e-05,1.685023747325762e-05,1.680685369650227e-05,1.6755053890595546e-05,1.6693775181591806e-05,1.661995536523707e-05,1.6530862372366516e-05,1.64234581549522e-05,1.6293673999321915e-05,1.6135566668662966e-05,1.5944130992940435e-05,1.571055236527333e-05,1.5423276057540513e-05,1.5068079689058782e-05,1.4621389198838398e-05,1.404979733147739e-05,1.3298251242629352e-05,1.2266934185478266e-05,1.0996137939846714e-05,9.828667535466858e-06,8.765560884850761e-06,7.798674924201272e-06,6.920757149254477e-06,6.123588001497436e-06,5.398108896166185e-06,4.734646875147877e-06,4.121756718546067e-06,3.5448979887014064e-06,2.9782823039040702e-06,2.3394781532170434e-06,1.8253724673719272e-06,1.4623382087486472e-06,1.2021482772713862e-06,1.0115959142142832e-06,8.673695562438668e-07,7.532015955391239e-07,6.574583936405191e-07,5.711224313683507e-07,4.861464646220788e-07,3.888347184461226e-07,2.716512555243974e-07,1.8303977675952077e-07,1.2043730656894158e-07,7.471037588797897e-08,3.99769436765647e-08,1.2560432331830744e-08,0.0,0.0,0.0,0.0,0.0,0.0,0.0,0.0,0.0,0.0,0.0,0.0,0.0,0.0,0.0
1/0.8,1e-06,9.876543209876548e-06,0.5,8.274243470340081e-07,8.274241910280012e-07,8.27423957018991e-07,8.274230209829501e-07,8.274224749619261e-07,8.274216169288885e-07,8.274209149018579e-07,8.274192378372844e-07,8.274179507877279e-07,8.274166247366699e-07,8.274146746615844e-07,8.274124905774887e-07,8.274103844963964e-07,8.274067963582393e-07,8.274045342711402e-07,8.274001271014471e-07,8.273938088581704e-07,8.273880366359175e-07,8.273797683175554e-07,8.273702519511384e-07,8.273586295036293e-07,8.273467340456082e-07,8.273308604344128e-07,8.273134267631493e-07,8.272927169657419e-07,8.272691990602117e-07,8.27243068054067e-07,8.272119448557036e-07,8.271716953059405e-07,8.271190432786341e-07,8.270497766115997e-07,8.269702915511179e-07,8.268769609575294e-07,8.267572263472844e-07,8.266222421498712e-07,8.264514155723881e-07,8.26252468912173e-07,8.260131946991914e-07,8.257252466120776e-07,8.25372790041138e-07,8.249527048662358e-07,8.24444944315493e-07,8.238327767446764e-07,8.230846499389042e-07,8.221809461428166e-07,8.211392550336845e-07,8.199023614085014e-07,8.183517787050767e-07,8.164753384548777e-07,8.142255368288233e-07,8.115194956357829e-07,8.082598281259906e-07,8.04325590642648e-07,7.995753637405604e-07,7.938430400239511e-07,7.868935964435251e-07,7.784608477501215e-07,7.681960425154632e-07,7.55639353034407e-07,7.401580189432344e-07,7.208433832551408e-07,6.963195899943557e-07,6.642070795386407e-07,6.197525048657713e-07,5.543282267783066e-07,4.872195128335539e-07,4.238008089684451e-07,3.6277196112202593e-07,3.012052825670466e-07,2.319340913585648e-07,1.800776556854507e-07,1.4330973097830133e-07,1.1680895159591276e-07,9.724072814371054e-08,8.227901105980016e-08,7.027189173931836e-08,6.001422377947272e-08,5.049508825597912e-08,4.03835199215335e-08,2.8330339827533976e-08,1.9367248713898354e-08,1.3173030212555486e-08,8.902482779980625e-09,5.935482539008723e-09,3.891530838971728e-09,2.512983759583333e-09,1.5184064645150515e-09,7.717617158076605e-10,1.8311205052137487e-10,0.0,0.0,0.0,0.0,0.0,0.0,0.0,0.0,0.0,0.0,0.0
1/0.7,1e-06,3.767781622452902e-06,0.5,1.2082902889223489e-07,1.2082900617975632e-07,1.208289493985599e-07,1.2082893804232061e-07,1.2082891532984205e-07,1.208288812611242e-07,1.208288244799278e-07,1.208287563424921e-07,1.2082872227377426e-07,1.2082866549257785e-07,1.2082858599890286e-07,1.2082855193018502e-07,1.2082844972403147e-07,1.208283134491601e-07,1.2082811471497267e-07,1.2082796140574235e-07,1.2082783648711024e-07,1.208275525811282e-07,1.20827302743864e-07,1.2082685985053198e-07,1.208262011886536e-07,1.208255765954931e-07,1.2082481572746116e-07,1.20823964009515e-07,1.2082311229156884e-07,1.2082169276165855e-07,1.2081983033841628e-07,1.2081750230936342e-07,1.2081454968715004e-07,1.208101945693853e-07,1.208045561965817e-07,1.2079771974053378e-07,1.2079043471303424e-07,1.207823320363064e-07,1.207723896488148e-07,1.2076013058850965e-07,1.2074550943043378e-07,1.2072782776587136e-07,1.2070663134525111e-07,1.2068148863148026e-07,1.2065124128815207e-07,1.2061399850142602e-07,1.2056945365284151e-07,1.2051737393949326e-07,1.2045393798686277e-07,1.2037780575871476e-07,1.2028600192035728e-07,1.2017438712257197e-07,1.200404970614346e-07,1.1987911922311459e-07,1.1968797100351625e-07,1.1945448104575416e-07,1.1917227282147133e-07,1.188323294766777e-07,1.1842323231277497e-07,1.179292131915198e-07,1.1733374878475655e-07,1.1661568241870246e-07,1.157478613252337e-07,1.1469728995111581e-07,1.1342299498501855e-07,1.1187146582744406e-07,1.0997563252919156e-07,1.0763820051021062e-07,1.0472216242168088e-07,1.010123459198025e-07,9.611236147242951e-08,8.902588078237558e-08,7.690308967048525e-08,6.341531834370948e-08,4.83551450915585e-08,3.753334746431795e-08,2.981931531340887e-08,2.421102518764485e-08,2.0014088479875235e-08,1.673910805823271e-08,1.4027374392509778e-08,1.1589087612463435e-08,8.995958509804014e-09,6.2457839741107605e-09,4.2828012329824874e-09,2.9286151235347884e-09,1.99421239915438e-09,1.3493142827956267e-09,9.037408783184119e-10,5.953394881311422e-10,3.8125166518271605e-10,2.3967343005126957e-10,1.456324125551993e-10,7.578018473025928e-11,2.3530127792761457e-11,0.0,0.0,0.0,0.0,0.0,0.0,0.0,0.0,0.0
1/0.6,1e-06,1.7578124999999995e-06,0.5,2.6457050720894603e-08,2.6457045777759242e-08,2.6457045777759242e-08,2.6457045777759242e-08,2.6457040834623878e-08,2.6457030948353152e-08,2.6457018590514742e-08,2.6457011175811697e-08,2.645699634640561e-08,2.645699387483793e-08,2.645698151699952e-08,2.6456976573864156e-08,2.6456961744458065e-08,2.6456941971916614e-08,2.645690489840139e-08,2.6456857938615437e-08,2.6456806035694125e-08,2.6456724473960632e-08,2.6456652798497865e-08,2.6456591009305824e-08,2.6456514390707692e-08,2.64564328289742e-08,2.6456301835887074e-08,2.64561906153414e-08,2.6456029963442096e-08,2.6455797636080024e-08,2.6455493633255185e-08,2.645515008534744e-08,2.645466689386568e-08,2.6454013164213894e-08,2.645324450666491e-08,2.6452186675697175e-08,2.645092988353107e-08,2.6449518618384864e-08,2.6447951644474716e-08,2.6446030000602254e-08,2.64436572956279e-08,2.644083476533549e-08,2.6437824395899274e-08,2.6434165239946633e-08,2.6429573067194183e-08,2.64241776349452e-08,2.641760697226361e-08,2.640964852432879e-08,2.6400094679455484e-08,2.638839180648301e-08,2.6374542376979043e-08,2.635760348787305e-08,2.63373106814231e-08,2.631281003099519e-08,2.628330939914736e-08,2.6247613782905546e-08,2.6204884085041835e-08,2.6153402566017503e-08,2.6091001660975773e-08,2.6016123046493376e-08,2.592578230459476e-08,2.5816967830059858e-08,2.5685668268541412e-08,2.552711473019773e-08,2.5335613958874193e-08,2.5103926732831337e-08,2.4823161587334527e-08,2.4481678674387172e-08,2.4064400195347537e-08,2.3551149507446707e-08,2.291271144490408e-08,2.210329156593074e-08,2.1040591609864058e-08,1.952431202443393e-08,1.5877402689656124e-08,1.2143879737043585e-08,9.494986960536754e-09,7.582468115956789e-09,6.164569282093593e-09,5.0704334566843705e-09,4.174920224873275e-09,3.3716384842372393e-09,2.496607133803739e-09,1.7150257574123377e-09,1.177180499511696e-09,8.064354609977844e-10,5.507814431462472e-10,3.7435105576139706e-10,2.5251759846355987e-10,1.6820006700505148e-10,1.0991802950474115e-10,6.96858507833107e-11,4.2021593722924225e-11,2.5706775456542458e-11,1.4194213195550748e-11,6.351928941766572e-12,6.178919204053086e-13,0.0,0.0,0.0,0.0,0.0,0.0,0.0
1/0.5,1e-06,8.888888888888889e-07,0.5,6.833776514123812e-09,6.8337752504698465e-09,6.8337752504698465e-09,6.833773986815881e-09,6.833772723161916e-09,6.833771459507951e-09,6.833770827680968e-09,6.833769564027003e-09,6.83376893220002e-09,6.833767984459546e-09,6.833763877584158e-09,6.833759454795281e-09,6.8337569274873495e-09,6.833752504698471e-09,6.833746818255627e-09,6.8337414477262745e-09,6.833731970321534e-09,6.833724388397742e-09,6.8337117518580885e-09,6.833697535750978e-09,6.8336814241629205e-09,6.8336605738724915e-09,6.8336359326201685e-09,6.833598970741682e-09,6.833561377036213e-09,6.833504512607772e-09,6.833453650535668e-09,6.833383833654082e-09,6.833280214028924e-09,6.833162694210148e-09,6.832989573616896e-09,6.832771277394384e-09,6.8324964326569225e-09,6.832153982432315e-09,6.831791313744262e-09,6.8313540894722544e-09,6.830867898609089e-09,6.830233544318488e-09,6.82946492679407e-09,6.8285396161779496e-09,6.827544804593734e-09,6.8263430696726954e-09,6.824887340304623e-09,6.823104640473018e-09,6.820960851520818e-09,6.8183605675736384e-09,6.815244712808599e-09,6.811458489614947e-09,6.806915337696056e-09,6.801445295593588e-09,6.794873347233341e-09,6.78690885220329e-09,6.777200514701069e-09,6.765683256547463e-09,6.751695238978124e-09,6.7349793084111054e-09,6.7146802870253635e-09,6.690328411459283e-09,6.6608979106064975e-09,6.62547579447705e-09,6.582657827601954e-09,6.5308878201228936e-09,6.4682412270506535e-09,6.3923799726358634e-09,6.299963271707653e-09,6.187038414662437e-09,6.047847562207141e-09,5.874206343521744e-09,5.652847339710641e-09,5.35816607821461e-09,4.887394004821369e-09,3.920660811716766e-09,3.045939950271465e-09,2.413941110661824e-09,1.944256095592267e-09,1.579787964292838e-09,1.2771668490190797e-09,9.88833237304446e-10,6.905098091668116e-10,4.747762768959151e-10,3.2610170143073663e-10,2.235782960877316e-10,1.5284526537778545e-10,1.0409159991399288e-10,7.040827164085361e-11,4.715514319763656e-11,3.103155042687179e-11,1.980714407973294e-11,1.2074845465813143e-11,6.895759688864247e-12,4.08160230805049e-12,2.454647827674327e-12,1.1682480909574852e-12,6.318269826703544e-16,0.0,0.0,0.0,0.0,0.0,0.0
1/0.4,1e-06,4.5351473922902503e-07,0.5,1.8096244261066214e-09,1.8096244261066214e-09,1.809624343871446e-09,1.8096237682252179e-09,1.809623439284516e-09,1.8096229458734636e-09,1.809622452462411e-09,1.80962228799206e-09,1.8096221235217092e-09,1.8096214656403058e-09,1.8096205610533759e-09,1.8096196564664463e-09,1.8096185874091656e-09,1.8096176828222356e-09,1.8096161203539025e-09,1.8096137355338147e-09,1.8096113507137273e-09,1.8096092948343413e-09,1.8096068277790782e-09,1.8096035383720609e-09,1.8095977819097804e-09,1.8095928477992544e-09,1.8095864334555701e-09,1.8095787033490794e-09,1.8095683417169743e-09,1.8095545262075013e-09,1.809539559405572e-09,1.8095213031966254e-09,1.8094995931103104e-09,1.809470975269259e-09,1.8094360253196988e-09,1.809391700560139e-09,1.8093300241785625e-09,1.8092540388764602e-09,1.809150751496113e-09,1.8090257540294511e-09,1.808883898351825e-09,1.8087248555225328e-09,1.808525846397979e-09,1.8082917228535142e-09,1.8080130278439633e-09,1.8076690381051169e-09,1.807263454219869e-09,1.8067759640998874e-09,1.8061886404769274e-09,1.805473605626516e-09,1.8046207446220746e-09,1.8035904201090437e-09,1.8023608397659323e-09,1.800857745229323e-09,1.7990682255766714e-09,1.7969045358757888e-09,1.7942979275200106e-09,1.7911549813500421e-09,1.7873781664478172e-09,1.7828244758432534e-09,1.777346708572321e-09,1.7707335202341512e-09,1.7627692901987517e-09,1.7531481036135033e-09,1.7415412664821897e-09,1.7275105475549155e-09,1.7105244608928412e-09,1.689925782973887e-09,1.664856225272032e-09,1.6341841495381093e-09,1.5963500479051603e-09,1.5490341483093258e-09,1.4883940944135585e-09,1.4063108073471147e-09,1.278584119682843e-09,1.0967336111891356e-09,8.558842984310023e-10,6.786848469895745e-10,5.444331270951996e-10,4.3670940573902784e-10,3.4045839594303436e-10,2.401507249428089e-10,1.6530092614284467e-10,1.1371118224445318e-10,7.814775827562844e-11,5.3628847308489494e-11,3.672047288720185e-11,2.505590666273259e-11,1.6992583240933568e-11,1.1391216501321747e-11,7.513170098135703e-12,4.783126744028863e-12,2.8583302277861775e-12,1.5843428899398267e-12,1.010012424698482e-12,6.603484587468499e-13,3.6693335279308146e-13,1.1266219034659828e-13,0.0,0.0,0.0,0.0,0.0,0.0
1/0.3,1e-06,2.1736505252988782e-07,0.5,4.288063690608818e-10,4.288062934859322e-10,4.2880623680472004e-10,4.2880618012350787e-10,4.288061612297705e-10,4.2880602897360874e-10,4.2880587782370956e-10,4.288056888863356e-10,4.2880561331138605e-10,4.2880534879906254e-10,4.288049142431024e-10,4.288045741558294e-10,4.2880417738734406e-10,4.2880378061885874e-10,4.2880285482572644e-10,4.2880238248229153e-10,4.2880141890168445e-10,4.2880058757723906e-10,4.2879939727178326e-10,4.287977724103673e-10,4.287962986988505e-10,4.2879410702531276e-10,4.287915185832897e-10,4.287886467352057e-10,4.2878545369358604e-10,4.28781429327521e-10,4.28776498062061e-10,4.287706598972061e-10,4.287624033339647e-10,4.2875308872142916e-10,4.287427160595995e-10,4.287295849121103e-10,4.28710464449867e-10,4.286916840748968e-10,4.2866706553507174e-10,4.2863647657422996e-10,4.285981600747938e-10,4.285519459931267e-10,4.284941122629619e-10,4.284265482580389e-10,4.283473834983557e-10,4.282492683200658e-10,4.2812787605730577e-10,4.2799176557311534e-10,4.278295439438456e-10,4.276318209820116e-10,4.273947234714472e-10,4.2710740640688813e-10,4.2676102751923367e-10,4.2634275796079283e-10,4.258400711836732e-10,4.2523445132522793e-10,4.244986725098716e-10,4.236083051351529e-10,4.225440020139799e-10,4.212610227762023e-10,4.1971670536278304e-10,4.1785376396194197e-10,4.156056737243128e-10,4.1289319431526265e-10,4.096115977484136e-10,4.0564181569070504e-10,4.00827880339945e-10,3.9497255997147143e-10,3.87817199320353e-10,3.7899805615426954e-10,3.679891477178939e-10,3.5392315699612883e-10,3.349815239772729e-10,3.09158980736692e-10,2.767804995575724e-10,2.290246133441313e-10,1.8058985625236625e-10,1.4381442450678455e-10,1.1407866705825441e-10,8.628569594479474e-11,5.9988712064499e-11,4.134892539425863e-11,2.8500768303734694e-11,1.9643856556599516e-11,1.3533432945824651e-11,9.318995882593947e-12,6.4080944434261684e-12,4.393833099792056e-12,2.991067566932899e-12,1.9917022211850076e-12,1.2506709468329434e-12,8.290760906107167e-13,5.37829128673564e-13,3.340979583480163e-13,1.9409536425432174e-13,1.2496317912762423e-13,7.179620209933053e-14,2.314482830833682e-14,0.0,0.0,0.0,0.0,0.0,0.0
1/0.2,1e-06,8.680555555555545e-08,0.5,7.295999412302127e-11,7.295999111016434e-11,7.295994893016736e-11,7.295994290445352e-11,7.295993386588273e-11,7.295988264731498e-11,7.295985854445955e-11,7.29598525187457e-11,7.295979527446409e-11,7.295973200446861e-11,7.295965969590237e-11,7.295958136162225e-11,7.295949097591445e-11,7.295940059020663e-11,7.295920475450638e-11,7.295903302166154e-11,7.295882212167664e-11,7.295854192598242e-11,7.29582617302882e-11,7.295794839316779e-11,7.295750249034258e-11,7.295702947180503e-11,7.295638472042263e-11,7.295569778904327e-11,7.29547758548236e-11,7.295375750918224e-11,7.295265179069e-11,7.295124177364814e-11,7.294942200806418e-11,7.294732505964294e-11,7.294439053699598e-11,7.29406214529802e-11,7.293622870758055e-11,7.29305585108438e-11,7.292211648573414e-11,7.291300259352976e-11,7.290459672270323e-11,7.289494654196583e-11,7.28819882443225e-11,7.286700229396725e-11,7.284763564964006e-11,7.282457825557719e-11,7.279655868615544e-11,7.27613052472518e-11,7.272205073434899e-11,7.26738480363728e-11,7.2616251250498e-11,7.254550033127963e-11,7.245962185743042e-11,7.235801928327884e-11,7.223482055067403e-11,7.208554855422235e-11,7.190715428271362e-11,7.16920121952654e-11,7.143152359820787e-11,7.111878904917801e-11,7.074032300057027e-11,7.028496583032677e-11,6.973385102837022e-11,6.906756675751949e-11,6.826023860248491e-11,6.727715845146664e-11,6.607774914737089e-11,6.460124437883559e-11,6.276225375483373e-11,6.041990813688323e-11,5.735419666074172e-11,5.3488848853300445e-11,4.880898120133968e-11,4.280253155439154e-11,3.415249880249673e-11,2.7047639854219e-11,2.1310349806564506e-11,1.5924527596594276e-11,1.1071972024144642e-11,7.654307640353615e-12,5.297403897731508e-12,3.67091911136667e-12,2.547117451855738e-12,1.7686856076086844e-12,1.226624440717974e-12,8.422923596732275e-13,5.648986223979005e-13,4.0971841351223757e-13,3.0030350134876655e-13,2.1863700148360947e-13,1.5639137737034505e-13,1.0879426363649457e-13,7.106124348187098e-14,4.2619874090330995e-14,2.2385526968129455e-14,1.3190287626712082e-14,6.646362381116229e-15,4.639799667687667e-16,0.0,0.0,0.0,0.0,0.0,0.0
0.2,3e-06,2.604166666666667e-07,0.5,6.566400826857533e-10,6.566398928757669e-10,6.566397572972051e-10,6.566394047929447e-10,6.566391607515336e-10,6.566387811315607e-10,6.56638482858725e-10,6.566381303544644e-10,6.566377507344917e-10,6.566369914945461e-10,6.566366932217102e-10,6.566361509074634e-10,6.566350662789697e-10,6.566336291462155e-10,6.566326800962834e-10,6.566309175749811e-10,6.566292092851035e-10,6.566270671438283e-10,6.56624599614005e-10,6.566213457285238e-10,6.566177935702068e-10,6.566136177505059e-10,6.566083573023112e-10,6.566013885642389e-10,6.565926844205766e-10,6.565824075655984e-10,6.565704224207425e-10,6.56557759383078e-10,6.565427101627273e-10,6.565219124113596e-10,6.564968303774418e-10,6.5646637943248e-10,6.564262752939237e-10,6.563757044904028e-10,6.563098946565449e-10,6.562232870713194e-10,6.561380623874233e-10,6.560503430579917e-10,6.559365112975732e-10,6.558013937029647e-10,6.55629615665268e-10,6.55420743333085e-10,6.55167211422672e-10,6.548493339268676e-10,6.544959077321808e-10,6.540660694601095e-10,6.535433869889738e-10,6.529091233615439e-10,6.521376542296553e-10,6.512216041195505e-10,6.501137916917515e-10,6.487711843107691e-10,6.471625175602709e-10,6.452267268560592e-10,6.428825192925277e-10,6.400693454840133e-10,6.366636662450782e-10,6.325656686385855e-10,6.276043609824963e-10,6.21608371974799e-10,6.143424728109123e-10,6.054977612958181e-10,5.94699579632064e-10,5.814114163352191e-10,5.648588195450371e-10,5.437825355802797e-10,5.161879868723743e-10,4.81395924827113e-10,4.3928199678768796e-10,3.8522275687381153e-10,3.073660085672205e-10,2.4342664366240826e-10,1.9179049091927092e-10,1.4331668101249696e-10,9.964481972036868e-11,6.888670796904443e-11,4.767538775681577e-11,3.303778391947785e-11,2.2923975719564616e-11,1.591779084850535e-11,1.103934880933833e-11,7.580414311360298e-12,5.083924907307044e-12,3.6874657216101385e-12,2.7027315121388995e-12,1.967624550503111e-12,1.4074139334837314e-12,9.791483727284514e-13,6.394969599121516e-13,3.83578866812979e-13,2.0146974271316513e-13,1.1871258864040874e-13,5.981726143004607e-14,4.175819700918901e-15,0.0,0.0,0.0,0.0,0.0,0.0
0.3,3e-06,6.520951575896631e-07,0.5,3.859256641373389e-09,3.859255621111569e-09,3.8592544308061135e-09,3.859253070457021e-09,3.859252560326111e-09,3.859251710107929e-09,3.8592506898461095e-09,3.8592494995406535e-09,3.859247799104288e-09,3.859245078406103e-09,3.859242187664282e-09,3.859238956835187e-09,3.859236406180639e-09,3.859231644958816e-09,3.8592246731697166e-09,3.8592195718606206e-09,3.859212430027885e-09,3.859206478500606e-09,3.859193215096955e-09,3.859178761387848e-09,3.8591614169369194e-09,3.859142712136899e-09,3.859120946551421e-09,3.859096970398667e-09,3.8590665325877246e-09,3.85903422429678e-09,3.858987632340365e-09,3.858924376107568e-09,3.858853807998399e-09,3.858772697183764e-09,3.85868665510367e-09,3.858560822812621e-09,3.858401491925173e-09,3.858229747852257e-09,3.858001379248369e-09,3.857729989604433e-09,3.8573865014586e-09,3.856973635509054e-09,3.856461294032126e-09,3.8558467563296306e-09,3.855120159870648e-09,3.8542580386333345e-09,3.853176731148506e-09,3.851928270768948e-09,3.850460114010966e-09,3.848691320103562e-09,3.84655268128666e-09,3.843956625087435e-09,3.84083649440036e-09,3.8370844815598615e-09,3.832551458296683e-09,3.827109891883413e-09,3.820498085163399e-09,3.812464543598181e-09,3.802882244591257e-09,3.791345293982178e-09,3.777435384425029e-09,3.760672482733827e-09,3.740445282035171e-09,3.716043850146459e-09,3.686507440521179e-09,3.650769199383609e-09,3.6074424208776756e-09,3.5547595014014306e-09,3.4903520731849907e-09,3.4109879467847942e-09,3.311893827279216e-09,3.1853123239687985e-09,3.014795966108141e-09,2.7824065103901998e-09,2.4909964388181202e-09,2.0611921025480577e-09,1.6252910217330942e-09,1.2943165571574095e-09,1.0266930396842728e-09,7.765644617576904e-10,5.398848050895667e-10,3.721330166719558e-10,2.565013032936059e-10,1.767894376566625e-10,1.2180038638151215e-10,8.386875237607033e-11,5.7671149554469986e-11,3.954483798540159e-11,2.691892792784988e-11,1.7924639816118856e-11,1.1255868477859935e-11,7.461684815496448e-12,4.840122070788971e-12,3.0068816251321453e-12,1.746858278288895e-12,1.1246686121486178e-12,6.461658188939745e-13,2.0830345477503128e-13,0.0,0.0,0.0,0.0,0.0,0.0
0.4,3e-06,1.3605442176870747e-06,0.5,1.6286618354714276e-08,1.6286618354714276e-08,1.628661687448112e-08,1.6286615394247963e-08,1.6286612433781647e-08,1.6286612433781647e-08,1.6286607993082172e-08,1.6286605772732437e-08,1.6286599111683226e-08,1.628659615121691e-08,1.6286593190750594e-08,1.6286587269817964e-08,1.6286579868652173e-08,1.628656802678691e-08,1.6286553964571913e-08,1.628653546165744e-08,1.6286516218626387e-08,1.6286476252331125e-08,1.6286437766269022e-08,1.6286395579624022e-08,1.6286367455194026e-08,1.628632156796613e-08,1.628625347724087e-08,1.6286180945816135e-08,1.6286083250427717e-08,1.628596039107562e-08,1.6285830130557728e-08,1.628566582467721e-08,1.6285465993200902e-08,1.628521139309775e-08,1.6284847255740923e-08,1.6284443152088836e-08,1.6283950234447274e-08,1.6283213078334672e-08,1.6282341221004706e-08,1.6281279893830536e-08,1.6279938802589536e-08,1.6278480032812487e-08,1.6276762962349397e-08,1.6274635127185006e-08,1.6272108369184574e-08,1.6269040585964957e-08,1.626537922924905e-08,1.6260963693739218e-08,1.625568444218179e-08,1.6249289094823355e-08,1.624160446438444e-08,1.6232349306565064e-08,1.6221192049137862e-08,1.6207797419292592e-08,1.6191580724931906e-08,1.617215192461871e-08,1.6148767941307774e-08,1.6120394092021767e-08,1.6086382034637558e-08,1.6045420282577302e-08,1.5996099653874738e-08,1.5936600941978886e-08,1.586483479778745e-08,1.5778349215074486e-08,1.567388324019327e-08,1.554754904075474e-08,1.539467278056303e-08,1.5209313543839156e-08,1.4983663840792103e-08,1.4707664006881213e-08,1.4367179295682294e-08,1.3941301413840891e-08,1.339558681600729e-08,1.2656748418420376e-08,1.1507140878834106e-08,9.870341979659073e-09,7.70294536377485e-09,6.108118475790297e-09,4.89986335837393e-09,3.930350606285686e-09,3.064177371645546e-09,2.1612780721263014e-09,1.487658747473704e-09,1.023334029707212e-09,7.033194628480262e-10,4.826389025118354e-10,3.304768548187808e-10,2.2549871926495144e-10,1.5292732823565661e-10,1.0251502757918785e-10,6.761705065001301e-11,4.30466604630698e-11,2.5724972050056396e-11,1.4257605776289959e-11,9.090111822279552e-12,5.9431361287172126e-12,3.3024001751352677e-12,1.0139597131186276e-12,0.0,0.0,0.0,0.0,0.0,0.0
0.5,3e-06,2.666666666666667e-06,0.5,6.150397156778579e-08,6.150395450845725e-08,6.150394313557156e-08,6.150392038980019e-08,6.15039090169145e-08,6.150390333047166e-08,6.150388627114312e-08,6.150387489825744e-08,6.150383509315753e-08,6.1503818033829e-08,6.150377254228624e-08,6.150372136430065e-08,6.150363038121515e-08,6.15035735167867e-08,6.150350527947258e-08,6.150338586417286e-08,6.150326076243029e-08,6.15031072284735e-08,6.150296222418097e-08,6.150277172834569e-08,6.150254427063194e-08,6.150228838070395e-08,6.150189601614771e-08,6.150145247360587e-08,6.150086961321436e-08,6.150026116383005e-08,6.14995190830389e-08,6.149856091741968e-08,6.149749186616502e-08,6.149610437411107e-08,6.149454060232896e-08,6.149266976263327e-08,6.1490801766159e-08,6.148862954499259e-08,6.148580906934195e-08,6.148207876283626e-08,6.147747274413259e-08,6.147162992411034e-08,6.146455883243379e-08,6.145714939740802e-08,6.144811363972885e-08,6.143735773308937e-08,6.1423880863549e-08,6.14079303913715e-08,6.138872158744434e-08,6.136541285822665e-08,6.133731045769144e-08,6.130337376679825e-08,6.126250245885676e-08,6.121320384262041e-08,6.115386012510008e-08,6.108226496647228e-08,6.099498659848064e-08,6.089122038946272e-08,6.076553578650247e-08,6.061490475878547e-08,6.04322021934281e-08,6.021282207172672e-08,5.994833424216505e-08,5.962931342572909e-08,5.924389770264622e-08,5.877807283452728e-08,5.821422790788433e-08,5.75312548468803e-08,5.669978601744719e-08,5.5683237689547906e-08,5.443056835221441e-08,5.286803621464529e-08,5.0875799493902526e-08,4.8223511763260034e-08,4.398503344959581e-08,3.52858563223654e-08,2.741353347620016e-08,2.1725350580656693e-08,1.749811720771655e-08,1.4218074619307012e-08,1.1494507327614563e-08,8.900528381894787e-09,6.214281214587728e-09,4.2728613903206676e-09,2.934699228048557e-09,2.0120340715042638e-09,1.3755448375287847e-09,9.367732212403397e-10,6.336744447676826e-10,4.2435648367882085e-10,2.7924983518478195e-10,1.7827566960328454e-10,1.0866792274947427e-10,6.205615075693422e-11,3.673442077245441e-11,2.2091830449068943e-11,1.0514232818617369e-11,0.0,0.0,0.0,0.0,0.0,0.0,0.0
0.6,3e-06,5.2734374999999994e-06,0.5,2.3811325629126441e-07,2.381132340471553e-07,2.3811321180304614e-07,2.3811314507071873e-07,2.3811303385017305e-07,2.3811294487373655e-07,2.3811287814140915e-07,2.381127224326452e-07,2.3811256672388124e-07,2.3811236652689903e-07,2.381122108181351e-07,2.381119661329346e-07,2.3811174369184328e-07,2.3811145451842452e-07,2.3811105412446007e-07,2.381104757776226e-07,2.3810996416311248e-07,2.3810923010751105e-07,2.3810838483136394e-07,2.3810745057878028e-07,2.3810607144401392e-07,2.3810413620651922e-07,2.3810228994546105e-07,2.3809984309345625e-07,2.3809732950912405e-07,2.3809352576646202e-07,2.3808983324434567e-07,2.3808549564306442e-07,2.3807984563934425e-07,2.3807446256493365e-07,2.3806892378175916e-07,2.380622727931279e-07,2.3805430940205772e-07,2.3804468882485698e-07,2.3803069728021132e-07,2.380117452992286e-07,2.3799115837622455e-07,2.3796825806587046e-07,2.3794094229985318e-07,2.379073203288962e-07,2.3786668034150727e-07,2.378181993056484e-07,2.3775837377413087e-07,2.376868923294268e-07,2.376004850874934e-07,2.374959266525062e-07,2.3737021406973193e-07,2.3721879841885264e-07,2.3703638560189428e-07,2.3681523466887798e-07,2.3654968449402903e-07,2.3623035918534714e-07,2.3584491326226264e-07,2.3537955537711202e-07,2.3481952656348455e-07,2.341441620439941e-07,2.333324856237268e-07,2.3235287730154772e-07,2.3117118124788072e-07,2.297448111157876e-07,2.2802068133881861e-07,2.259356965014134e-07,2.2340846540824844e-07,2.2033527490048367e-07,2.1658021347130655e-07,2.1195975609830205e-07,2.0621415831910528e-07,1.9892940165244838e-07,1.8936345598376443e-07,1.757157496550434e-07,1.428985372004078e-07,1.092962967682482e-07,8.54551273301013e-08,6.82432807609055e-08,5.5481457200524835e-08,4.5633812133760204e-08,3.7574126315126336e-08,3.034714872194657e-08,2.2465148847079955e-08,1.5433541264429462e-08,1.0593845951794238e-08,7.257274069821107e-09,4.956588106137596e-09,3.368759107890912e-09,2.272369212755152e-09,1.5137338707193003e-09,9.893512419800198e-10,6.270169482863682e-10,3.7814985528835884e-10,2.3131649089080255e-10,1.2770343054179225e-10,5.7145116366811403e-11,5.538783174517727e-12,0.0,0.0,0.0,0.0,0.0,0.0,0.0
0.7,3e-06,1.1303344867350001e-05,0.5,1.0874605445872475e-06,1.0874601357626334e-06,1.0874599313503262e-06,1.0874598291441727e-06,1.0874596247318657e-06,1.087459318113405e-06,1.087458193845716e-06,1.0874578872272555e-06,1.0874572739903343e-06,1.087456251928799e-06,1.0874552298672634e-06,1.0874541055995744e-06,1.0874518570641965e-06,1.08745022176574e-06,1.0874474621995944e-06,1.0874450092519094e-06,1.0874417386549961e-06,1.087438468058083e-06,1.0874334599565593e-06,1.0874276342058077e-06,1.0874217062489022e-06,1.0874150628489222e-06,1.087405557676643e-06,1.0873950304428283e-06,1.0873825612920965e-06,1.0873661061013765e-06,1.0873452560460545e-06,1.087323792753811e-06,1.0872943573815914e-06,1.0872638999478364e-06,1.0872241417541096e-06,1.0871778934696327e-06,1.087115803231357e-06,1.0870390464100485e-06,1.0869473674903231e-06,1.0868414308121789e-06,1.086709431564882e-06,1.0865512675422788e-06,1.0863619817459228e-06,1.0861342664358356e-06,1.085858207615124e-06,1.0855244534207392e-06,1.0851271269988525e-06,1.0846527371371964e-06,1.0840830400373645e-06,1.0833980543963392e-06,1.0825705933772795e-06,1.0815750032356463e-06,1.0803680507684922e-06,1.0789183586866808e-06,1.0771856066626404e-06,1.075090891545838e-06,1.072549893259603e-06,1.0694893299918474e-06,1.0658078132382597e-06,1.0613645029192615e-06,1.0560085938553045e-06,1.0495410906654465e-06,1.0417272258150059e-06,1.0322715724171754e-06,1.02080572839152e-06,1.0068468207656401e-06,9.897774732690771e-07,9.68739818552093e-07,9.425035500414502e-07,9.091148438030007e-07,8.650091580258837e-07,8.012130990477471e-07,6.921298511575708e-07,5.70716912832019e-07,4.3520535106869815e-07,3.3780559520814065e-07,2.683789481284082e-07,2.1790832303651048e-07,1.8013517722350192e-07,1.5065974019179233e-07,1.2625832765257638e-07,1.0431752825983607e-07,8.100818847119508e-08,5.620234618242132e-08,3.8535194893802854e-08,2.6351710361066363e-08,1.794361893394418e-08,1.2141477803631544e-08,8.131214957182307e-09,5.3566245070317464e-09,3.430958368184482e-09,2.1563454273870593e-09,1.3103850945364249e-09,6.817150441118441e-10,2.1156673782781369e-10,0.0,0.0,0.0,0.0,0.0,0.0,0.0,0.0,0.0
0.8,3e-06,2.962962962962e-05,0.5,7.446820878373649e-06,7.446818772292556e-06,7.446814560130372e-06,7.446809645941157e-06,7.446805433778972e-06,7.446799115535695e-06,7.44679420134648e-06,7.446787883103204e-06,7.4467815648599265e-06,7.446771736481496e-06,7.446756291886819e-06,7.446742953373235e-06,7.446723296616374e-06,7.4466948645216285e-06,7.446674505737736e-06,7.446652742899784e-06,7.446623959791523e-06,7.446576221953432e-06,7.4465291861423705e-06,7.446483554385372e-06,7.446411245601205e-06,7.446326300330484e-06,7.446215380059625e-06,7.446082696950812e-06,7.445916316544524e-06,7.445686753705467e-06,7.445419983433782e-06,7.445045803026389e-06,7.444600366875378e-06,7.4440145253182145e-06,7.443391125314905e-06,7.4427220935545985e-06,7.44189440368534e-06,7.440813633071496e-06,7.439594212119079e-06,7.438101702651698e-06,7.4362585306824565e-06,7.434123315468422e-06,7.431500542481529e-06,7.428346686045872e-06,7.424539593458099e-06,7.4199971275556125e-06,7.4144774400263175e-06,7.407807130193619e-06,7.3997011750830315e-06,7.390149395302607e-06,7.379132836122518e-06,7.3652242765892425e-06,7.348287523458813e-06,7.328029831459409e-06,7.303663526262523e-06,7.274369693336781e-06,7.238997359365268e-06,7.196203546638149e-06,7.14455927913433e-06,7.081953912585849e-06,7.006127972994231e-06,6.913759819463468e-06,6.800725394201402e-06,6.661403566772794e-06,6.487606244904458e-06,6.266851387989609e-06,5.9778752992937725e-06,5.5777040961564415e-06,4.988987738302235e-06,4.3850402019888135e-06,3.814215003013343e-06,3.2648739372600036e-06,2.7105681363451794e-06,2.0876742945257996e-06,1.6208842363051748e-06,1.289943428805539e-06,1.0514146515260887e-06,8.753188931590682e-07,7.406627373768439e-07,6.326372749791991e-07,5.403175613135577e-07,4.547274787647134e-07,3.641666938246233e-07,2.5485581993367e-07,1.741300826809123e-07,1.1846390231790925e-07,8.005459941135795e-08,5.3373009067048816e-08,3.498867619920791e-08,2.2591931876658265e-08,1.3652670680566534e-08,6.934271996261521e-09,1.640286157354092e-09,0.0,0.0,0.0,0.0,0.0,0.0,0.0,0.0,0.0,0.0,0.0
0.9,3e-06,0.00013462603878116,0.5,0.0001534757173347235,0.0001534754419537467,0.0001534751955602411,0.00015347489119179304,0.00015347432593610375,0.00015347399258018447,0.00015347338384328832,0.00015347248523167974,0.00015347152864512864,0.0001534704706024282,0.00015346920964742907,0.00015346768780518874,0.0001534657166571441,0.00015346345563438702,0.0001534606583434119,0.00015345702041577068,0.0001534529476760608,0.00015344781689365048,0.00015344170053721787,0.00015343437395386078,0.00015342638790553285,0.00015341659738711997,0.00015340515458284613,0.00015339023328202292,0.00015337218133430527,0.00015335185387009494,0.00015332636663600307,0.00015329393690254807,0.00015325586185906814,0.0001532105471946449,0.00015315610147677956,0.00015309222758389188,0.0001530166065182823,0.00015292541193374652,0.0001528188902237901,0.0001526953311276096,0.00015255375631805052,0.00015239244104057383,0.0001522097764905254,0.00015198415250809236,0.00015167350827249864,0.0001512787931234275,0.0001508053045212489,0.00015024433173085387,0.00014957877939107578,0.00014877776135130343,0.00014780850727529475,0.0001466382903080144,0.00014521909270334563,0.00014349770795781875,0.00014139309434870148,0.00013881041936381674,0.00013560872417736947,0.00013159158243733783,0.0001264514660612869,0.00011967207195200966,0.00011039106632118348,9.896453851244595e-05,8.84553699593213e-05,7.888546794320274e-05,7.018645101942402e-05,6.228336483421419e-05,5.510798012713105e-05,4.857787827055817e-05,4.2604922858176034e-05,3.7086121404652265e-05,3.188524004200464e-05,2.674997182051937e-05,2.1150809849837513e-05,1.6478580247147114e-05,1.3189929893833583e-05,1.0837654577269468e-05,9.117769933379513e-06,7.81687744572812e-06,6.7887280750180174e-06,5.9266914082756115e-06,5.15146497104324e-06,4.389753942278707e-06,3.5405877127689424e-06,2.4416002092046278e-06,1.6400966292889455e-06,1.0772034189239301e-06,6.667553198347402e-07,3.5570525964359263e-07,1.0943495081651645e-07,0.0,0.0,0.0,0.0,0.0,0.0,0.0,0.0,0.0,0.0,0.0,0.0,0.0,0.0,0.0
1.0,3e-06,0.00013462603878116,0.5,0.00015347620287486685,0.00015347595648136127,0.00015347572458159132,0.0001534751955602411,0.00015347490568552865,0.00015347451435466684,0.00015347405780199476,0.00015347352153377672,0.00015347282583446685,0.00015347211564142136,0.00015347144892958274,0.0001534700720246986,0.0001534685284418548,0.0001534668761559939,0.00015346472383625395,0.00015346257151651406,0.00015345965827565395,0.00015345627398838615,0.00015345233169229686,0.00015344688929457066,0.0001534402294230522,0.00015343256223690797,0.00015342430080760323,0.0001534133073091337,0.00015340029193454483,0.00015338480537803237,0.00015336620266836107,0.0001533441576964795,0.00015331661235192922,0.00015328339995675062,0.00015324442630166213,0.00015319641580241312,0.00015314039751423275,0.00015307058843660773,0.00015298798139042817,0.00015288622087262368,0.00015276334298201745,0.00015261495611671588,0.00015243651649060136,0.00015222512535654947,0.00015197407211496703,0.00015167404454071665,0.00015130678052691424,0.0001508736497315761,0.00015035421598747468,0.0001497152668994314,0.00014893419223987542,0.0001480137095842359,0.00014687954578431617,0.00014552442498483377,0.00014380776519711978,0.00014165468453608137,0.0001389630094124488,0.0001354977601374448,0.00013096482982782076,0.00012486928639954484,0.00011649897290594528,0.00010563090322447232,9.50018859714865e-05,8.505976308398268e-05,7.543787203818677e-05,6.719566867375311e-05,5.9983071300459614e-05,5.359713863212218e-05,4.7904267413774054e-05,4.2796914127097424e-05,3.816460751917878e-05,3.3942915688308965e-05,3.0145064168243402e-05,2.6643464604298568e-05,2.3527840466844596e-05,2.0763790874381844e-05,1.842022629292676e-05,1.636602189630398e-05,1.4555783304544327e-05,1.2940057891704356e-05,1.1499453039521365e-05,1.0216054490766144e-05,9.08104280731249e-06,8.085265195114896e-06,7.3249962930447845e-06,6.680778732102791e-06,6.094775260287947e-06,5.548491870946139e-06,5.085119896231956e-06,4.652148531985641e-06,4.224829724632042e-06,3.803301164659569e-06,3.3859540474141433e-06,2.973991352952418e-06,2.562738851536188e-06,2.1473556354675894e-06,1.7252908072770897e-06,1.3184806358291084e-06,1.002980998801901e-06,7.892056452401224e-07,0.0,0.0,0.0,0.0
1/0.9,3e-06,0.00013462603878116,0.5,0.0001534758477783441,0.0001534754564474823,0.00015347515207903424,0.00015347481872311493,0.00015347439840478186,0.00015347399258018447,0.00015347345631196643,0.00015347277510639217,0.00015347185475418016,0.00015347092715510034,0.00015346947053467027,0.00015346802116110805,0.0001534662456784943,0.00015346391943392692,0.00015346102793367027,0.0001534574769684428,0.0001534531433414917,0.00015344821547138012,0.00015344240348339554,0.00015343505515943501,0.0001534260907839526,0.00015341594516901695,0.00015340327039721523,0.00015338793602492678,0.0001533695942024967,0.0001533493609475679,0.00015332612024249748,0.0001532956399164837,0.00015325749240432566,0.00015321224296171272,0.00015315750736913492,0.0001530931551829717,0.00015301721525517843,0.00015292509307156282,0.000152820390325427,0.00015269615002367224,0.0001525551767041415,0.00015239493396310087,0.00015220726182739493,0.00015197844197625715,0.00015167188497410892,0.00015128061933411592,0.00015080579006139226,0.00015024433897772169,0.0001495784822694955,0.00014877858749423392,0.00014780598536529645,0.0001466355509919818,0.00014522071600173533,0.00014349751229238784,0.00014139502201553924,0.00013880801340370344,0.00013560751395044502,0.00013159406811299705,0.00012645364012163024,0.00011967472430562856,0.00011039818999224186,9.896570525816355e-05,8.845682657975135e-05,7.888675788567311e-05,7.018531326117767e-05,6.228384312748973e-05,5.510897294802119e-05,4.857895080699422e-05,4.260638672547388e-05,3.708955641999476e-05,3.189289273441324e-05,2.6775292376651607e-05,2.1107654752021982e-05,1.644921593877624e-05,1.3167276185055858e-05,1.0819167817483167e-05,9.10113112488506e-06,7.801296679934099e-06,6.772842940775927e-06,5.9094873440918876e-06,5.130912853930755e-06,4.359867859425431e-06,3.4580169009284426e-06,2.465435157435574e-06,1.6586920920924143e-06,1.0919000668449881e-06,6.759153607480622e-07,3.618288629440334e-07,1.1423962417532382e-07,0.0,0.0,0.0,0.0,0.0,0.0,0.0,0.0,0.0,0.0,0.0,0.0,0.0,0.0,0.0
1/0.8,3e-06,2.962962962962e-05,0.5,7.4468142091168564e-06,7.446809996954672e-06,7.446807890873581e-06,7.446805784792488e-06,7.4468008706032725e-06,7.446794552359995e-06,7.446787532089689e-06,7.4467748956031346e-06,7.446763663170643e-06,7.446748218575966e-06,7.446727859792074e-06,7.446701884791937e-06,7.446674505737736e-06,7.446646424656507e-06,7.446605707088724e-06,7.446563585466877e-06,7.44651865573691e-06,7.446457579385234e-06,7.446393694925436e-06,7.446295411141131e-06,7.446180278708087e-06,7.446055668910129e-06,7.445891394584932e-06,7.445713781746152e-06,7.445521426339725e-06,7.445307308095346e-06,7.445063002688644e-06,7.444761131065421e-06,7.444424509104174e-06,7.4439846891694075e-06,7.443442724301666e-06,7.442760003014259e-06,7.44185193104998e-06,7.440810824963373e-06,7.439549633402626e-06,7.438043434408146e-06,7.4363153948719476e-06,7.434125772563029e-06,7.431521954305967e-06,7.4283705549649175e-06,7.424567323525813e-06,7.419969397487897e-06,7.4144995538777865e-06,7.4078029180314345e-06,7.399674147042347e-06,7.390180635505476e-06,7.379140558419857e-06,7.365165657332175e-06,7.348278397107414e-06,7.328028778418862e-06,7.30369862761406e-06,7.274386541985521e-06,7.238982967811137e-06,7.196201440557057e-06,7.144579286904706e-06,7.082012531842918e-06,7.006119899683378e-06,6.913722612030839e-06,6.800771025958401e-06,6.6614235745431705e-06,6.487661705039888e-06,6.2668952646790314e-06,5.977823700307012e-06,5.577819930616516e-06,4.988959657221005e-06,4.384999133407515e-06,3.8142185131484976e-06,3.264946246044171e-06,2.710842628914204e-06,2.087362594524145e-06,1.6206315065741038e-06,1.2897054416421137e-06,1.051254589363077e-06,8.75103370860627e-07,7.404486191324642e-07,6.323940226130433e-07,5.400507910418716e-07,4.54387697681829e-07,3.631354161164473e-07,2.5505554662391923e-07,1.743659637632453e-07,1.1859518137266001e-07,8.015288319566336e-08,5.343408541872431e-08,3.5035009983237594e-08,2.2625278160619028e-08,1.3674082505004496e-08,6.947961523361202e-09,1.6511675763307616e-09,0.0,0.0,0.0,0.0,0.0,0.0,0.0,0.0,0.0,0.0,0.0
1/0.7,3e-06,1.1303344867350001e-05,0.5,1.0874601357626334e-06,1.0874598291441727e-06,1.0874595225257121e-06,1.0874595225257121e-06,1.087459318113405e-06,1.0874591137010978e-06,1.0874586026703302e-06,1.0874579894334091e-06,1.0874576828149484e-06,1.0874572739903343e-06,1.087456251928799e-06,1.087455332073417e-06,1.0874547188364957e-06,1.087454003393421e-06,1.087452674713425e-06,1.0874507327965076e-06,1.0874485864672833e-06,1.0874458269011378e-06,1.0874431695411458e-06,1.0874390812950042e-06,1.0874356062857838e-06,1.0874292695042643e-06,1.0874234437535124e-06,1.087414449612001e-06,1.0874038201720327e-06,1.0873909421966867e-06,1.087373771562892e-06,1.0873518483429577e-06,1.0873263479076495e-06,1.0872932331139025e-06,1.0872467293140419e-06,1.0871905670326715e-06,1.0871248995790221e-06,1.0870427258315759e-06,1.0869506380872364e-06,1.0868402554414131e-06,1.0867113223787225e-06,1.0865526984284285e-06,1.0863644857966846e-06,1.0861355951158317e-06,1.0858603539443485e-06,1.085528950491495e-06,1.0851236008865553e-06,1.084655496703342e-06,1.0840839087896695e-06,1.083399280870182e-06,1.082569366903437e-06,1.0815696374125853e-06,1.0803687151084903e-06,1.0789117663897775e-06,1.0771885195380163e-06,1.0750910448550681e-06,1.0725487178888373e-06,1.06949055646569e-06,1.0658069444859547e-06,1.0613607212915805e-06,1.0560052721553145e-06,1.0495399152946808e-06,1.0417268169903916e-06,1.0322730033033249e-06,1.0208068015561322e-06,1.0068469229717937e-06,9.89781254896758e-07,9.687427825305458e-07,9.425040099691411e-07,9.091181143999141e-07,8.650110488397242e-07,8.012410524307402e-07,6.921287268898818e-07,5.707357698673472e-07,4.351813326226163e-07,3.3779522128355635e-07,2.6836269734999533e-07,2.1789186784579053e-07,1.8012270807277003e-07,1.506464533918321e-07,1.2624136143108872e-07,1.0429422525682894e-07,8.094359418215779e-08,5.621532636392089e-08,3.854694860145995e-08,2.6359273616428322e-08,1.794780938623932e-08,1.2144543988237746e-08,8.133361286406645e-09,5.359281867023786e-09,3.431878223566342e-09,2.1574696950759997e-09,1.3108961253041248e-09,6.821238687260041e-10,2.1177115013489368e-10,0.0,0.0,0.0,0.0,0.0,0.0,0.0,0.0,0.0
1/0.6,3e-06,5.2734374999999994e-06,0.5,2.381133675118101e-07,2.3811334526770094e-07,2.3811332302359182e-07,2.381133007794827e-07,2.3811321180304614e-07,2.38113189558937e-07,2.381131228266096e-07,2.381130560942822e-07,2.381130560942822e-07,2.381129893619548e-07,2.381128558973e-07,2.3811274467675432e-07,2.381126112120995e-07,2.3811243325922643e-07,2.3811223306224422e-07,2.3811212184169854e-07,2.381118326682798e-07,2.381114990066428e-07,2.3811114310089663e-07,2.3811076495104134e-07,2.381104090452952e-07,2.3810960825736634e-07,2.3810887420176491e-07,2.381079510712358e-07,2.381064273497601e-07,2.3810453660048366e-07,2.3810236779984303e-07,2.3809933147894615e-07,2.380958169097029e-07,2.3809107891445722e-07,2.3808376060255193e-07,2.3807470725013414e-07,2.3806122731999857e-07,2.380467908931702e-07,2.3803208753703225e-07,2.3801580484914567e-07,2.3799473967779522e-07,2.3796726820301397e-07,2.3793962989741423e-07,2.3790659739534933e-07,2.3786603526234237e-07,2.3781749861621064e-07,2.3775824030947603e-07,2.3768655866778978e-07,2.376004628433843e-07,2.374957820657968e-07,2.3737033641233216e-07,2.3721856485570673e-07,2.3703513993178273e-07,2.3681535701147824e-07,2.365496622499199e-07,2.36228512924289e-07,2.3584191030752947e-07,2.353787212230195e-07,2.3481942646499344e-07,2.3414519639506885e-07,2.333323410370174e-07,2.3235219885621912e-07,2.3117075860980718e-07,2.2974417715867725e-07,2.2802067021676404e-07,2.2593582996606822e-07,2.234086544831761e-07,2.2033505245939234e-07,2.165795239039234e-07,2.119601120040482e-07,2.0621404709855962e-07,1.9892976868024912e-07,1.8936536897715e-07,1.7571854129073976e-07,1.4289600137196649e-07,1.0929382767213426e-07,8.545412634519025e-08,6.82421907995579e-08,5.548063416848686e-08,4.5633522960341455e-08,3.7574081826908065e-08,3.03437008850307e-08,2.2469820109998224e-08,1.5435676698906386e-08,1.0594602251504815e-08,7.258008125422549e-09,4.956966255992884e-09,3.369226234182739e-09,2.2726806302830366e-09,1.5137561148284352e-09,9.89284509652616e-10,6.271281688320412e-10,3.781720993974934e-10,2.313832232182064e-10,1.2777016286919608e-10,5.7167360475946014e-11,5.561027283652336e-12,0.0,0.0,0.0,0.0,0.0,0.0,0.0
1/0.5,3e-06,2.666666666666667e-06,0.5,6.150398294067147e-08,6.150397725422863e-08,6.150397156778579e-08,6.150396588134294e-08,6.150396019490009e-08,6.150394882201442e-08,6.150393744912871e-08,6.150392038980019e-08,6.150390333047166e-08,6.150387489825744e-08,6.150384077960037e-08,6.15038066609433e-08,6.150380097450047e-08,6.150378391517193e-08,6.150374979651487e-08,6.150365881342936e-08,6.150359626255808e-08,6.150353939812964e-08,6.150345978792982e-08,6.150335174551578e-08,6.150323233021606e-08,6.150303330471652e-08,6.15028229063313e-08,6.150254995707478e-08,6.150227700781826e-08,6.150190454581198e-08,6.150140413884171e-08,6.150088098610005e-08,6.150012753242322e-08,6.149903004895431e-08,6.149769373488597e-08,6.14960844715611e-08,6.149354831805268e-08,6.14903752829457e-08,6.148655115013308e-08,6.148224651290015e-08,6.14777712823819e-08,6.147230661080878e-08,6.146554827348865e-08,6.14568252701659e-08,6.144784637691518e-08,6.143700517363303e-08,6.142384958811336e-08,6.140792186170722e-08,6.13887812950942e-08,6.13652252056128e-08,6.13371114321919e-08,6.130320885995577e-08,6.126247118342112e-08,6.121289393148542e-08,6.115290480270229e-08,6.108197495788724e-08,6.09955495563222e-08,6.089136823697667e-08,6.076576040099481e-08,6.061505829274225e-08,6.043201169759283e-08,6.021283628783382e-08,5.994847924645757e-08,5.9629353230829e-08,5.9243997215395985e-08,5.8778069991305856e-08,5.821413976802025e-08,5.753128327909452e-08,5.669988837341838e-08,5.568335994806906e-08,5.443052854711451e-08,5.2868090235852304e-08,5.0875879104102344e-08,4.822351460648145e-08,4.3986932721505715e-08,3.5285790928272686e-08,2.7413260526943642e-08,2.1725214106028437e-08,1.7498128580602238e-08,1.4217892653136004e-08,1.1494370852986306e-08,8.89936266111176e-09,6.214628087601213e-09,4.272912568306264e-09,2.934881194219566e-09,2.0122103512324285e-09,1.3755903290715371e-09,9.36818712783092e-10,6.336744447676826e-10,4.24379229450197e-10,2.792782673990021e-10,1.7826429671759649e-10,1.0867929563516234e-10,6.206183719977824e-11,3.673442077245441e-11,2.2091830449068943e-11,1.0514232818617369e-11,5.686442844033191e-15,0.0,0.0,0.0,0.0,0.0,0.0
1/0.4,3e-06,1.3605442176870747e-06,0.5,1.628661687448112e-08,1.628661687448112e-08,1.628661687448112e-08,1.628661687448112e-08,1.6286611693665066e-08,1.6286607993082172e-08,1.6286599111683226e-08,1.628659615121691e-08,1.628659541110033e-08,1.6286590230284277e-08,1.6286584309351648e-08,1.62865754279527e-08,1.6286571727369805e-08,1.628655618492165e-08,1.6286542862823228e-08,1.6286525100025333e-08,1.6286507337227438e-08,1.628647329186481e-08,1.6286436286035864e-08,1.628639039880797e-08,1.6286338590647446e-08,1.6286283822020606e-08,1.628622017199482e-08,1.62861506010364e-08,1.6286046244598772e-08,1.6285933006762198e-08,1.6285782763096678e-08,1.6285605135117737e-08,1.628540382340827e-08,1.6285132940740386e-08,1.6284805069095926e-08,1.6284414287542256e-08,1.62838651210407e-08,1.628318717425441e-08,1.6282355283219704e-08,1.628126879208185e-08,1.6280013554364007e-08,1.6278519258991168e-08,1.627671855535466e-08,1.6274640308001058e-08,1.6272069143005893e-08,1.6269070190628114e-08,1.6265354065285363e-08,1.6260984417003426e-08,1.6255679261365738e-08,1.6249215823282042e-08,1.6241533413192867e-08,1.6232291577471908e-08,1.6221198710187076e-08,1.6207728588450754e-08,1.6191561481900853e-08,1.6172079393193977e-08,1.6148553307499887e-08,1.612028381465151e-08,1.608639387650282e-08,1.6045382536631776e-08,1.5996054506763425e-08,1.593653507160336e-08,1.5864915470494555e-08,1.5778310729012383e-08,1.5673825511100113e-08,1.5547601589031843e-08,1.5394721628257238e-08,1.5209304662440207e-08,1.4983663100675526e-08,1.4707606277788058e-08,1.4367125267172033e-08,1.394126810859484e-08,1.3395475798520451e-08,1.265672399457327e-08,1.1507319987046204e-08,9.87084969963221e-09,7.703001612634848e-09,6.108151040919769e-09,4.899915166534454e-09,3.930347645819371e-09,3.064149247215547e-09,2.16132691982051e-09,1.4877083352844916e-09,1.0233754762356315e-09,7.033253837806575e-10,4.826537048434138e-10,3.304812955182543e-10,2.2550167973126712e-10,1.5293176893513013e-10,1.0251798804550353e-10,6.761853088317084e-11,4.3048140696227635e-11,2.5724972050056396e-11,1.4259086009447795e-11,9.090111822279552e-12,5.9431361287172126e-12,3.3024001751352677e-12,1.0139597131186276e-12,0.0,0.0,0.0,0.0,0.0,0.0
1/0.3,3e-06,6.52095157589663e-07,0.5,3.859257151504298e-09,3.8592568114170256e-09,3.859256641373389e-09,3.859255961198842e-09,3.859255281024296e-09,3.859253580587931e-09,3.859252730369748e-09,3.859251029933382e-09,3.8592496695842895e-09,3.859247629060652e-09,3.85924422818792e-09,3.859241337446099e-09,3.859237936573368e-09,3.859232495176998e-09,3.859226713693356e-09,3.8592207621660766e-09,3.859214300507887e-09,3.859204267933331e-09,3.859193215096955e-09,3.859181992216943e-09,3.859169579031474e-09,3.859153424886003e-09,3.859124857555062e-09,3.859096630311394e-09,3.859057690318624e-09,3.859020110674946e-09,3.858976579503989e-09,3.85892029506029e-09,3.858857038827493e-09,3.85877830862377e-09,3.858670500958197e-09,3.858542458099874e-09,3.8584098240633644e-09,3.858211723226782e-09,3.857993217153814e-09,3.857725908557156e-09,3.857383100585869e-09,3.856966833763592e-09,3.856448030628475e-09,3.855831452402341e-09,3.8551118277324564e-09,3.85422913121512e-09,3.853154115344845e-09,3.851942554434418e-09,3.850473887545527e-09,3.848692680452655e-09,3.8465594830321225e-09,3.84396920831654e-09,3.840841595709457e-09,3.837089072738048e-09,3.83255213847123e-09,3.8271018998324954e-09,3.820501656079767e-09,3.812479507438198e-09,3.8028790137621625e-09,3.791355326556734e-09,3.777436064599575e-09,3.760670952341098e-09,3.7404486829079015e-09,3.7160440201900957e-09,3.686516112746643e-09,3.650776511259981e-09,3.607447012055863e-09,3.5547448776486873e-09,3.4903534335340835e-09,3.4109768939484186e-09,3.3118899162755757e-09,3.18530042091424e-09,3.014785593446311e-09,2.7824418794666024e-09,2.491017694272689e-09,2.061197373900791e-09,1.625318398758579e-09,1.2943177474628655e-09,1.0267165057061167e-09,7.76570243241333e-10,5.398950077077598e-10,3.7213692767559647e-10,2.5650147333724253e-10,1.767921583548473e-10,1.218005564251487e-10,8.387096294334549e-11,5.767148964174309e-11,3.954381772358229e-11,2.6920288276942286e-11,1.792531999066506e-11,1.1256208565133037e-11,7.461684815496448e-12,4.840292114425523e-12,3.0065415378590436e-12,1.746858278288895e-12,1.1246686121486178e-12,6.461658188939745e-13,2.0830345477503128e-13,0.0,0.0,0.0,0.0,0.0,0.0
1/0.2,3e-06,2.604166666666668e-07,0.5,6.566398928757669e-10,6.566397030657805e-10,6.56639513255794e-10,6.56639431908657e-10,6.5663935056152e-10,6.566391878672459e-10,6.566390794043965e-10,6.566388353629855e-10,6.566386455529991e-10,6.566382659330262e-10,6.566377236187793e-10,6.566370999573955e-10,6.566364491802992e-10,6.566355272460795e-10,6.566343612704487e-10,6.566330868319686e-10,6.566311616163922e-10,6.566289110122677e-10,6.566268773338419e-10,6.566243826883063e-10,6.566202882157424e-10,6.566150277675477e-10,6.566089267322704e-10,6.566022833827462e-10,6.565943113633172e-10,6.565849022111339e-10,6.565753303646766e-10,6.565616098142307e-10,6.565427101627273e-10,6.56519011030139e-10,6.564930884091384e-10,6.564607664800249e-10,6.56418411737344e-10,6.563589469801745e-10,6.562936794605633e-10,6.562221753271132e-10,6.561472274981955e-10,6.560550069605148e-10,6.559397651830543e-10,6.557968924947158e-10,6.556228096214697e-10,6.55413178049341e-10,6.551583717004479e-10,6.548451309914543e-10,6.544909726725342e-10,6.540640086659715e-10,6.53546722221592e-10,6.529081743116119e-10,6.521364069068875e-10,6.51219353515426e-10,6.501122732118602e-10,6.487684456238223e-10,6.471622192874352e-10,6.452281911045259e-10,6.428843631609671e-10,6.400679625826839e-10,6.36666730320573e-10,6.325647738200781e-10,6.276029238497421e-10,6.21611842785979e-10,6.143383241069239e-10,6.054924466161987e-10,5.946999592520368e-10,5.814075659040663e-10,5.648571383708717e-10,5.437802578604428e-10,5.161874174424151e-10,4.814011581595953e-10,4.3928354238329156e-10,3.8522736654490995e-10,3.0736988611408567e-10,2.434292738865056e-10,1.9179846293869992e-10,1.4332261935350023e-10,9.96468262830821e-11,6.888822644893566e-11,4.767560468251452e-11,3.303732295236801e-11,2.2924707843797892e-11,1.5917736617080663e-11,1.1039999586434577e-11,7.580631237059049e-12,5.08419606443048e-12,3.687357258760764e-12,2.7026772807142117e-12,1.967570319078424e-12,1.407359702059044e-12,9.791483727284514e-13,6.395511913368389e-13,3.83578866812979e-13,2.0146974271316513e-13,1.1871258864040874e-13,5.981726143004607e-14,4.175819700918901e-15,0.0,0.0,0.0,0.0,0.0,0.0
0.2,1e-05,8.680555555555556e-07,0.5,7.295995495588124e-09,7.2959903737313476e-09,7.2959861557316504e-09,7.295985553160264e-09,7.295983444160415e-09,7.295980130017796e-09,7.295977418446561e-09,7.295972899161171e-09,7.295970187589936e-09,7.295965969590239e-09,7.29596054644777e-09,7.295951809162681e-09,7.2959421680205145e-09,7.2959328281640404e-09,7.295922584450489e-09,7.295908122737239e-09,7.295888840452905e-09,7.295863532454718e-09,7.2958382244565305e-09,7.295799057316479e-09,7.295756576033807e-09,7.295692402181261e-09,7.295627927043022e-09,7.29555320819123e-09,7.2954622199120326e-09,7.295332365778476e-09,7.295196485931065e-09,7.295045843084712e-09,7.294872603811405e-09,7.2946538703984995e-09,7.294378495275366e-09,7.294033824442908e-09,7.293604191045108e-09,7.293087184796424e-09,7.292373740276093e-09,7.2915198966229616e-09,7.290421408987352e-09,7.28942837134419e-09,7.288136458293862e-09,7.286647805686196e-09,7.284771097106325e-09,7.282436132987846e-09,7.279645022330608e-09,7.276156736580447e-09,7.272119809583865e-09,7.267425175920105e-09,7.261660375475849e-09,7.254603661981267e-09,7.24599171174093e-09,7.235817896469601e-09,7.223512183636676e-09,7.208598541847681e-09,7.190723261699374e-09,7.169211463240094e-09,7.1431394045360025e-09,7.111860827776241e-09,7.074019947343628e-09,7.0284884483189774e-09,6.973335993269113e-09,6.906726848468373e-09,6.825995840679071e-09,6.727744768573165e-09,6.607750209310288e-09,6.460130162311722e-09,6.276178676201005e-09,6.041958274833511e-09,5.735359408935633e-09,5.3488071536213274e-09,4.880823401282178e-09,4.280151923446405e-09,3.415066698548508e-09,2.704640458287891e-09,2.1309563450906545e-09,1.5923885858068815e-09,1.1071035025640325e-09,7.653650837543515e-10,5.296957994906304e-10,3.670581671390839e-10,2.5469728347232393e-10,1.7685349647623315e-10,1.2265461064378704e-10,8.422079996792697e-11,5.6486849382862996e-11,4.0968225922911276e-11,3.002914499210584e-11,2.18612898628193e-11,1.5636124880107443e-11,1.0878823792264047e-11,7.104919205416272e-12,4.261384837647687e-12,2.238552696812946e-12,1.3190287626712086e-12,6.646362381116231e-13,4.639799667687668e-14,0.0,0.0,0.0,0.0,0.0,0.0
0.3,1e-05,2.1736505252988773e-06,0.5,4.2880638795431656e-08,4.288063690605791e-08,4.2880629348562954e-08,4.2880625569815476e-08,4.288061990169426e-08,4.2880599118583124e-08,4.2880582114219466e-08,4.288057644609825e-08,4.2880551884239635e-08,4.2880532990502245e-08,4.288051220739111e-08,4.2880485756158756e-08,4.288044607931023e-08,4.288041018120918e-08,4.2880330827512124e-08,4.288025525256254e-08,4.2880175898865484e-08,4.288007009393607e-08,4.287994539526928e-08,4.2879830143471165e-08,4.287963175922852e-08,4.2879408813127265e-08,4.28791613051674e-08,4.287892324407623e-08,4.2878624723025394e-08,4.287819205643906e-08,4.287765736367079e-08,4.28768770523164e-08,4.2876113745325664e-08,4.287520306718324e-08,4.287413746039419e-08,4.287278844754422e-08,4.287101621497661e-08,4.286908905376237e-08,4.286657051856767e-08,4.2863507843736015e-08,4.285971020251971e-08,4.28551794842925e-08,4.284951136307414e-08,4.284293256371335e-08,4.283480258851248e-08,4.28251157693503e-08,4.2813250502266524e-08,4.2799070752351916e-08,4.278294683685941e-08,4.276313108508e-08,4.273947234711455e-08,4.2710750087527366e-08,4.2675995057590094e-08,4.2634338145382596e-08,4.258396744148873e-08,4.252347536247261e-08,4.2449948494027986e-08,4.2360768164151984e-08,4.22542962858125e-08,4.212602292389343e-08,4.197165353188503e-08,4.178531215745756e-08,4.156052202743219e-08,4.1289319431497125e-08,4.0961278805358034e-08,4.0564138113445865e-08,4.0082704901521664e-08,3.949711996221002e-08,3.878157633960373e-08,3.789962234614748e-08,3.6798654038187375e-08,3.539221934152719e-08,3.349762715180408e-08,3.091536715962659e-08,2.7677133609474073e-08,2.2901318263284594e-08,1.8058367800011078e-08,1.4380936098506131e-08,1.1407598414746387e-08,8.628524249503637e-09,5.998325177434964e-09,4.1344693197053065e-09,2.8497613049569682e-09,1.964157041436091e-09,1.3532431577733185e-09,9.318183451879404e-10,6.407414268875442e-10,4.393644162415009e-10,2.9908030546072645e-10,1.9915510712844451e-10,1.2504253282459314e-10,8.290760906101315e-11,5.37677978774028e-11,3.3406017087299135e-11,1.9405757677939563e-11,1.2496317912753604e-11,7.179620209927986e-12,2.3144828308320483e-12,0.0,0.0,0.0,0.0,0.0,0.0
0.4,1e-05,4.53514739229025e-06,0.5,1.809623932695352e-07,1.8096237682250008e-07,1.809623439284299e-07,1.8096232748139484e-07,1.8096232748139484e-07,1.8096226169325448e-07,1.8096219590511412e-07,1.8096214656400888e-07,1.809621136699387e-07,1.8096203143476325e-07,1.809619985406931e-07,1.809618505173773e-07,1.8096170249406151e-07,1.80961603811851e-07,1.8096139000039486e-07,1.8096119263597381e-07,1.8096091303637734e-07,1.8096051830753527e-07,1.8096014002572826e-07,1.8095974529688616e-07,1.8095913675658792e-07,1.8095826506372833e-07,1.8095734402976344e-07,1.8095653812504418e-07,1.8095522236223722e-07,1.8095387370536005e-07,1.8095194940225488e-07,1.8094948234699183e-07,1.8094688371544806e-07,1.80943660096571e-07,1.8093961412593957e-07,1.8093499250908009e-07,1.8092912914107155e-07,1.8092213915115953e-07,1.8091375938678264e-07,1.809029865788006e-07,1.808893355396783e-07,1.8087264179906492e-07,1.8085258463977623e-07,1.8082932853216304e-07,1.8080084226739222e-07,1.8076701893973563e-07,1.8072631252789507e-07,1.8067713589298463e-07,1.806182472838553e-07,1.8054751680946328e-07,1.8046229649715948e-07,1.803592064812336e-07,1.8023522050722956e-07,1.8008599655788438e-07,1.7990632914659295e-07,1.7969042069348716e-07,1.7942934868203218e-07,1.791143550660442e-07,1.7873779197420764e-07,1.7828259560761974e-07,1.7773451461037745e-07,1.7707285038882372e-07,1.7627633692659092e-07,1.7531445675007493e-07,1.7415408553061037e-07,1.7275130146099714e-07,1.7105239674815836e-07,1.6899197798058776e-07,1.6648448768176222e-07,1.634181435777124e-07,1.5963441269723374e-07,1.5490246912639648e-07,1.488385541955135e-07,1.406290577493789e-07,1.278548676322077e-07,1.0966348467433061e-07,8.558650553998478e-08,6.786633836087045e-08,5.4442695945697666e-08,4.367048005691511e-08,3.404699088675545e-08,2.4011848875400942e-08,1.6528349228563254e-08,1.1369786014601902e-08,7.813904134702292e-09,5.362391319795694e-09,3.6714387484215226e-09,2.5052781726063036e-09,1.6990609596721081e-09,1.1390065208864287e-09,7.512512216731318e-10,4.782304392273935e-10,2.858165757434964e-10,1.5835205381852822e-10,1.0100124246983609e-10,6.601839883958998e-11,3.669333527930374e-11,1.1266219034658477e-11,0.0,0.0,0.0,0.0,0.0,0.0
0.5,1e-05,8.88888888888889e-06,0.5,6.833773354987796e-07,6.833772723160814e-07,6.8337695640259e-07,6.833768932198917e-07,6.833767036717969e-07,6.833765773064003e-07,6.833763877583056e-07,6.833761350275125e-07,6.833751241043402e-07,6.833744922773576e-07,6.833737972676766e-07,6.833728495272026e-07,6.8337221770022e-07,6.833716490559356e-07,6.833704485846685e-07,6.833687426518153e-07,6.833669103535656e-07,6.833644462283332e-07,6.833622348338938e-07,6.833583175066013e-07,6.833538315350242e-07,6.833494087461456e-07,6.833443857216334e-07,6.833384465479962e-07,6.833312437203938e-07,6.83322524508033e-07,6.833112779877414e-07,6.832997787366569e-07,6.83285625812245e-07,6.832697037722816e-07,6.832545715160467e-07,6.8323403713911e-07,6.832135027621732e-07,6.831887351444526e-07,6.831579335790473e-07,6.831216035275439e-07,6.830727317104342e-07,6.830102440218482e-07,6.829414696547846e-07,6.828595848778304e-07,6.827567866277501e-07,6.826363604048531e-07,6.82488228568766e-07,6.823129281724242e-07,6.820979174502215e-07,6.818376995074087e-07,6.815247871942413e-07,6.811469230672554e-07,6.806917233175906e-07,6.801455404824212e-07,6.794873031318754e-07,6.786899058883964e-07,6.777185982679374e-07,6.765660826688486e-07,6.751692395755612e-07,6.734956562638642e-07,6.714637954616441e-07,6.690304402032862e-07,6.66090422887525e-07,6.625451785050638e-07,6.582623393030336e-07,6.530891611083735e-07,6.468240279309136e-07,6.392359754171386e-07,6.299975592332798e-07,6.187021355332907e-07,6.047820709559401e-07,5.874198445683512e-07,5.652839757785936e-07,5.3580984727266e-07,4.887092623349846e-07,3.920531919011669e-07,3.0459045679599436e-07,2.4139145739281625e-07,1.944232717993594e-07,1.5797443682307788e-07,1.277177590077579e-07,9.891579963733792e-08,6.903897620399928e-08,4.7471878064041545e-08,3.260353595975037e-08,2.235384909877873e-08,1.52829469703194e-08,1.0407769972035732e-08,7.039626692817151e-09,4.714882492780225e-09,3.1024600330057407e-09,1.980208946386838e-09,1.2074213638828524e-09,6.893232380932454e-10,4.080970481067161e-10,2.45338417370859e-10,1.1682480909572968e-10,0.0,0.0,0.0,0.0,0.0,0.0,0.0
0.6,1e-05,1.757812499999e-05,0.5,2.645704577778852e-06,2.645704330622084e-06,2.645704330622084e-06,2.645704083465316e-06,2.6457038363085477e-06,2.645702847681475e-06,2.645701364740866e-06,2.6456996346434893e-06,2.6456979045461117e-06,2.645696915919039e-06,2.645695185821662e-06,2.6456929614107484e-06,2.6456914784701394e-06,2.645687276805081e-06,2.6456830751400222e-06,2.6456778848478907e-06,2.6456734360260638e-06,2.645665527009483e-06,2.645656135052292e-06,2.6456474845654068e-06,2.6456338909431577e-06,2.645615601342314e-06,2.645595828800861e-06,2.6455716074375808e-06,2.6455434315660103e-06,2.6455105597158447e-06,2.6454633527731255e-06,2.6454003277972445e-06,2.645327910864173e-06,2.6452483263848243e-06,2.6451545303913065e-06,2.6450517131757512e-06,2.6449408633652304e-06,2.644804803564357e-06,2.644695065959293e-06,2.6445551752285127e-06,2.644358809176208e-06,2.644104361283385e-06,2.6437912136581228e-06,2.6434204785058793e-06,2.642977079263796e-06,2.64242641398433e-06,2.6417667525701048e-06,2.6409672004250994e-06,2.6400024239805776e-06,2.6388396749647576e-06,2.63744657584101e-06,2.635760225211838e-06,2.6337334161345223e-06,2.631285451924258e-06,2.628324266684904e-06,2.6247692873100407e-06,2.620498047621042e-06,2.615313934408836e-06,2.6090976945327833e-06,2.601609091614231e-06,2.592568962083539e-06,2.5817002432035974e-06,2.568560153624244e-06,2.55271122586583e-06,2.53356522682013e-06,2.5103924261291437e-06,2.4823119570711415e-06,2.4481631714628315e-06,2.406427908855777e-06,2.3551035815359418e-06,2.291255820773318e-06,2.2103176638058007e-06,2.104020233797749e-06,1.9523445739983123e-06,1.5877557162653798e-06,1.2143921753707612e-06,9.495072229632278e-07,7.582739988410159e-07,6.164767007514945e-07,5.070717686973369e-07,4.1753675786282694e-07,3.372463987846633e-07,2.4950080295164914e-07,1.7145116713364583e-07,1.1769061555003387e-07,8.062426787195104e-08,5.5059113243537176e-08,3.7424724991918314e-08,2.524286220273009e-08,1.6815805035465002e-08,1.0991061480181793e-08,6.9633947862073714e-09,4.199193491079125e-09,2.5689474482799543e-09,1.4186798492521587e-09,6.34451423872873e-10,6.129487850427445e-11,0.0,0.0,0.0,0.0,0.0,0.0,0.0
0.7,1e-05,3.767781622452e-05,0.5,1.2082900617979107e-05,1.2082899482355178e-05,1.2082896075483393e-05,1.2082894939859465e-05,1.208289266861161e-05,1.2082889261739824e-05,1.2082883583620184e-05,1.208287904112447e-05,1.2082872227380902e-05,1.2082859735517692e-05,1.2082852921774121e-05,1.2082834751791269e-05,1.2082821124304131e-05,1.2082796140577711e-05,1.2082768885603432e-05,1.2082746173124869e-05,1.2082713240030949e-05,1.2082656458834539e-05,1.2082601948885984e-05,1.2082536082698148e-05,1.208243160529675e-05,1.2082337348510709e-05,1.2082216972374318e-05,1.208206820563972e-05,1.208189559080263e-05,1.2081687771623765e-05,1.2081424306872418e-05,1.2081150053693753e-05,1.2080803120583681e-05,1.2080398838465233e-05,1.207994402108198e-05,1.2079386429733223e-05,1.2078770921564127e-05,1.2078009485720252e-05,1.2077118020936597e-05,1.2075946057042673e-05,1.2074458957508666e-05,1.2072768013479543e-05,1.2070622252067167e-05,1.2068115930057578e-05,1.206501965141728e-05,1.2061311271479671e-05,1.2057017477407061e-05,1.205172887677333e-05,1.2045404019305095e-05,1.2037764677139944e-05,1.2028511613372787e-05,1.201750855313224e-05,1.2003946932181408e-05,1.1987801198981907e-05,1.1968646062372615e-05,1.1945494097347945e-05,1.1917288038030721e-05,1.1883246575158327e-05,1.1842340833451792e-05,1.1792931539770726e-05,1.1733389641590097e-05,1.166154212252325e-05,1.1574766259107956e-05,1.1469701740140604e-05,1.1342296091633333e-05,1.1187153964303156e-05,1.0997493412050733e-05,1.0763782575434526e-05,1.0472238954649664e-05,1.0101215286376375e-05,9.611016404015604e-06,8.901987900994054e-06,7.690223795256121e-06,6.34061992835841e-06,4.835897782233016e-06,3.7536549923806333e-06,2.9821450286402503e-06,2.4213682547643855e-06,2.0017052458333653e-06,1.6741776774468849e-06,1.403150806361254e-06,1.1593777739290327e-06,9.010006177798712e-07,6.241956921474448e-07,4.280030310598856e-07,2.9270138937968366e-07,1.9928382942018045e-07,1.34837171493559e-07,9.030595039617385e-08,5.9483981360289556e-08,3.8103589663646343e-08,2.3953715517995183e-08,1.4542800024816116e-08,7.568933481602327e-09,2.343927787851043e-09,0.0,0.0,0.0,0.0,0.0,0.0,0.0,0.0,0.0
0.8,1e-05,9.876543209875999e-05,0.5,8.274244250370478e-05,8.274241910280376e-05,8.274241910280376e-05,8.274239570190274e-05,8.274236450070138e-05,8.274230209829864e-05,8.274222409529522e-05,8.274213829199147e-05,8.274202908778668e-05,8.274188868238052e-05,8.274175607727472e-05,8.27415454691655e-05,8.27413036598549e-05,8.2741077451145e-05,8.274080444063304e-05,8.27404222259163e-05,8.273986840459203e-05,8.273917417786161e-05,8.273858915533599e-05,8.273776232349977e-05,8.273677948565671e-05,8.273564844210717e-05,8.273414298414122e-05,8.273227481220939e-05,8.273028573562224e-05,8.272758293155385e-05,8.272430680541034e-05,8.272043785644085e-05,8.271629199680924e-05,8.271112819798303e-05,8.270518436912266e-05,8.269846831052846e-05,8.268950186528568e-05,8.267653776611778e-05,8.266235291994639e-05,8.264510645589089e-05,8.262550040098203e-05,8.260141307352687e-05,8.257239205610558e-05,8.25373882083222e-05,8.249463476214935e-05,8.244451393230378e-05,8.238337127807536e-05,8.230852739629676e-05,8.221963517360275e-05,8.211444422334477e-05,8.198972132103118e-05,8.183524417306418e-05,8.164739344008521e-05,8.1422487380333e-05,8.115191446223033e-05,8.082578780509405e-05,8.043251616261645e-05,7.995784838607322e-05,7.938359807521768e-05,7.868916463684741e-05,7.784578056330225e-05,7.681891392496946e-05,7.556297976665217e-05,7.401499066309115e-05,7.208392100944897e-05,6.963163138682428e-05,6.641899578794199e-05,6.197005938670244e-05,5.5432151852003716e-05,4.8721093250319945e-05,4.2378310228668804e-05,3.62730463524224e-05,3.0103983819681242e-05,2.320960255936686e-05,1.801772655208221e-05,1.4337540950718475e-05,1.1686690782745673e-05,9.728987003586751e-06,8.232674889789497e-06,7.032072161946048e-06,6.0070619950945856e-06,5.056692902212838e-06,4.056417487744902e-06,2.8288803228215674e-06,1.932902724222488e-06,1.3147796240950673e-06,8.876858793358534e-07,5.920856975868298e-07,3.881429450029399e-07,2.5048324457263675e-07,1.5128292497708033e-07,7.678615656368449e-08,1.7987492587957785e-08,0.0,0.0,0.0,0.0,0.0,0.0,0.0,0.0,0.0,0.0,0.0
0.9,1e-05,0.00044875346260386996,0.5,0.0017052926729483947,0.0017052897742012702,0.0017052868754541457,0.00170528301045798,0.0017052788233788,0.001705273347967565,0.0017052664231827675,0.0017052590152734494,0.001705246776118924,0.001705233248632343,0.001705217949689186,0.0017052016844969877,0.001705178333478485,0.0017051549824599825,0.0017051214858265441,0.0017050862982572832,0.0017050423339258953,0.0017049898343946411,0.0017049220359202299,0.0017048431255818415,0.0017047527812964623,0.0017046429509887462,0.0017045154866360231,0.0017043550087743823,0.0017041644161509485,0.0017039268799282491,0.001703640709170461,0.0017033210417792348,0.0017029277784193486,0.0017024586645097055,0.0017018864840356366,0.001701208901895292,0.0017003468467087764,0.0016993549115469338,0.0016982381692172322,0.0016968760801517454,0.0016952694495580086,0.0016934056356777284,0.001691169171750447,0.0016884404039365266,0.0016850191576428721,0.001680696964638782,0.0016755300284101693,0.0016693806584686221,0.0016620056821386989,0.0016530739175614287,0.0016422871158660052,0.0016292890532391328,0.0016135453134401138,0.0015943656725703112,0.001571004588973462,0.0015422839635057296,0.0015067367080391196,0.0014620278012441182,0.0014048445388027317,0.0013294895137625697,0.001226038945863766,0.0010993394597776792,0.0009825985389169522,0.0008762231351695591,0.0007795056321541158,0.0006916635291885225,0.0006118447556596919,0.0005391659989021959,0.00047261140909041487,0.00041093468600233415,0.00035225035567499344,0.0002918180003108445,0.0002382853072689594,0.00018836614407998536,0.0001489472092248796,0.00012150501175979177,0.00010179675214354074,8.705042291759956e-05,7.547701398165009e-05,6.580888711401134e-05,5.710435210299817e-05,4.842469800480335e-05,3.839946159558071e-05,2.8676258532577048e-05,1.8842903078843565e-05,1.2166122202149928e-05,7.434320125221542e-06,3.919669757556315e-06,1.1863122606889457e-06,0.0,0.0,0.0,0.0,0.0,0.0,0.0,0.0,0.0,0.0,0.0,0.0,0.0,0.0,0.0
1.0,1e-05,0.00044875346260386996,0.5,0.0017052906599295582,0.0017052879222239407,0.0017052850234768162,0.0017052806753561295,0.0017052756830694153,0.0017052710128657147,0.0017052648127676984,0.0017052583711074218,0.0017052487086170068,0.0017052366305039882,0.0017052231835381609,0.001705205791055414,0.0017051858219085567,0.001705162309848547,0.0017051344496678508,0.001705105623238113,0.001705067456400974,0.0017050181776998583,0.0017049658392101108,0.0017048918406376834,0.0017048100315521706,0.0017047110715461714,0.0017045870695858469,0.0017044383477542108,0.0017042688515681828,0.0017040614301072766,0.001703815841809231,0.0017035133253384914,0.0017031558937138937,0.0017027367831921477,0.0017022259595322134,0.0017016206850284737,0.0017008944683530407,0.0017000059218386374,0.0016989239644744293,0.0016976431208491813,0.001696119346110752,0.001694308192803233,0.0016921052255093902,0.0016893950579895186,0.0016860536882832937,0.0016820620329721465,0.0016773510857703636,0.0016716737284855842,0.0016643972290371393,0.0016559530981428076,0.0016459135290394693,0.001633875998480591,0.0016192961861728,0.0016010120166021977,0.001579142016317874,0.0015520658661980038,0.0015186303480115694,0.001476783390356707,0.0014231796780102726,0.0013530898245179411,0.001258832472082884,0.0011382400825427793,0.0010239029477350182,0.0009202198359002292,0.0008261835934541662,0.0007409945687942431,0.0006638395023105391,0.0005929424282647967,0.0005302930144749497,0.00047531513495000996,0.0004265937984894693,0.0003832237102622053,0.00034441278761645686,0.0003094709676950935,0.00027754964227742686,0.00024809297660233995,0.00022217165512855688,0.00019875847460422064,0.00017835121432720528,0.00016030095754539708,0.00014402280150568094,0.00012931109620372645,0.00011596977360486474,0.00010387877726569061,9.289027108285624e-05,8.289514943542669e-05,7.381836698117962e-05,6.557666526103999e-05,5.8164810426033086e-05,5.162193556233922e-05,4.620449926972046e-05,4.133355733081756e-05,3.6621321796979336e-05,3.1900792625535e-05,2.6957623570780755e-05,2.122527061138981e-05,1.5052469130586496e-05,1.0832215400373433e-05,8.283572511937508e-06,1.7910231191545661e-06,0.0,0.0,0.0,0.0
1/0.9,1e-05,0.00044875346260386996,0.5,0.0017052889689937356,0.0017052855871220905,0.0017052818831674312,0.0017052765687977033,0.0017052700466166732,0.0017052661816205072,0.0017052602230847515,0.0017052521710094056,0.0017052442799755667,0.0017052347785266586,0.0017052194795835018,0.0017052030533497966,0.0017051845335765013,0.001705156673395805,0.0017051243845736686,0.0017050907268987233,0.0017050475677748702,0.001704993699390807,0.0017049318594521518,0.0017048501308873924,0.0017047588203529715,0.001704648506920735,0.001704509286538007,0.00170434051503876,0.0017041378443023076,0.0017039148018152305,0.0017036304025140185,0.0017032809424440132,0.001702854424012949,0.0017023663877262431,0.0017017718224827134,0.0017010938377386012,0.001700271076679773,0.0016992933936912922,0.001698160547210899,0.001696795076273767,0.001695205113475996,0.0016933808352856635,0.0016912112841045053,0.0016885118258448436,0.0016850931562152997,0.0016807750697696356,0.0016755626393153199,0.0016693807389893758,0.0016619936845464337,0.0016530930009799982,0.0016423117552165631,0.0016292631255565195,0.0016135653631077246,0.0015943571373704447,0.001571006199388531,0.0015422897609999786,0.001506717060975276,0.0014620839242092782,0.0014049100826960463,0.0013296243055038574,0.0012263413012929987,0.0010993299583287712,0.0009825537693780298,0.000876193906136054,0.000779494761852399,0.0006916800359429812,0.000611891940821218,0.0005392427351802409,0.0004727586815484886,0.00041118800429271136,0.000352813517824675,0.0002928127536990581,0.00023784630812110927,0.00018641029497850335,0.0001477683853942622,0.00012069368464795429,0.00010115411601019666,8.648073858688794e-05,7.492109869977971e-05,6.521552968178323e-05,5.639109926887187e-05,4.737953862492536e-05,3.7131259728625516e-05,2.833460897565699e-05,1.9515090328706546e-05,1.265383640584184e-05,7.795777787492136e-06,4.163003474504798e-06,1.3485615789057531e-06,0.0,0.0,0.0,0.0,0.0,0.0,0.0,0.0,0.0,0.0,0.0,0.0,0.0,0.0,0.0
1/0.8,1e-05,9.876543209875999e-05,0.5,8.274246590460582e-05,8.274241130250342e-05,8.274237230100172e-05,8.274230209829864e-05,8.274224749619625e-05,8.27422006943942e-05,8.274216169289249e-05,8.274209929048975e-05,8.274198228598463e-05,8.274174827697437e-05,8.274159227096754e-05,8.274143626496071e-05,8.274129585955456e-05,8.274094484603919e-05,8.274061723342482e-05,8.274019601720638e-05,8.273964219588212e-05,8.273904157275581e-05,8.273829274392301e-05,8.273743471088542e-05,8.273645187304236e-05,8.273516482348598e-05,8.273369836702175e-05,8.27318574961411e-05,8.272961880994304e-05,8.272705251113063e-05,8.272382708693933e-05,8.272012584442719e-05,8.271604628734848e-05,8.27103442677987e-05,8.27028793803717e-05,8.269383883227567e-05,8.268464617832296e-05,8.267504400860234e-05,8.266143248450607e-05,8.264465403847108e-05,8.262500898206051e-05,8.260106596016167e-05,8.257205664319089e-05,8.253691239000137e-05,8.24950169768661e-05,8.244422142104095e-05,8.238313336891494e-05,8.230935032798281e-05,8.221960397240138e-05,8.211471723385673e-05,8.199068465812337e-05,8.183491266029966e-05,8.164773665330025e-05,8.142271748919308e-05,8.115231227754774e-05,8.082623242221353e-05,8.04328437752308e-05,7.995768457976604e-05,7.938349667131323e-05,7.86884587096665e-05,7.784581176450361e-05,7.681935854208893e-05,7.55632293762631e-05,7.401562248741883e-05,7.208425252221349e-05,6.963210330499496e-05,6.641962761226967e-05,6.197358512245689e-05,5.543115341355997e-05,4.872112445152131e-05,4.237843503347428e-05,3.6274668814893474e-05,3.0114756034453128e-05,2.3195445014246682e-05,1.800671252799973e-05,1.4328742211933038e-05,1.1678508267687231e-05,9.72149091495838e-06,8.224952592451215e-06,7.024193858600932e-06,5.997116612158919e-06,5.043369989229217e-06,4.014541575360492e-06,2.8384356907401487e-06,1.9395212790624196e-06,1.3195339071533325e-06,8.916133305578989e-07,5.943906863378019e-07,3.8976150732384243e-07,2.517390929276503e-07,1.5214095801466721e-07,7.735557848862852e-08,1.845551060845972e-08,0.0,0.0,0.0,0.0,0.0,0.0,0.0,0.0,0.0,0.0,0.0
1/0.7,1e-05,3.767781622452e-05,0.5,1.2082899482355178e-05,1.2082899482355178e-05,1.2082896075483393e-05,1.208289266861161e-05,1.2082885854868039e-05,1.2082881312372328e-05,1.2082877905500541e-05,1.2082868820509117e-05,1.2082859735517692e-05,1.2082850650526266e-05,1.2082846108030551e-05,1.2082831344919486e-05,1.2082819988680203e-05,1.2082795004953783e-05,1.208277683497093e-05,1.2082743901877012e-05,1.2082713240030949e-05,1.2082664408202037e-05,1.2082612737313303e-05,1.208254346425368e-05,1.2082457156835137e-05,1.2082350408185883e-05,1.2082264100767338e-05,1.2082125554648095e-05,1.2081998932580099e-05,1.2081809283384085e-05,1.2081544115196845e-05,1.208128235388139e-05,1.2080963243557558e-05,1.208060438639624e-05,1.2080140484021563e-05,1.2079670335715278e-05,1.20790877606401e-05,1.2078345062591043e-05,1.2077392841927228e-05,1.2076171478392425e-05,1.2074598639251838e-05,1.2072869651821119e-05,1.207075795912659e-05,1.2068213593715406e-05,1.2065107662271717e-05,1.2061428240744278e-05,1.2057046435817233e-05,1.2051689697747807e-05,1.2045342127801008e-05,1.2037780008062973e-05,1.2028495714637793e-05,1.2017379659816388e-05,1.2003930465634449e-05,1.1987768833699952e-05,1.19686494692444e-05,1.1945625829723619e-05,1.1917209679979672e-05,1.188324998203011e-05,1.1842315281913406e-05,1.1792945167257865e-05,1.173338453128242e-05,1.1661609692146979e-05,1.1574816226560798e-05,1.1469751707593446e-05,1.1342251234488169e-05,1.118716418491851e-05,1.0997522370460903e-05,1.0763835949759152e-05,1.0472280972735008e-05,1.0101192006085846e-05,9.61124523223714e-06,8.902769778068635e-06,7.690114775359013e-06,6.3412638271257115e-06,4.835201644765016e-06,3.753079231049025e-06,2.9816521678554016e-06,2.420907191449527e-06,2.001220334416014e-06,1.6736552904399025e-06,1.4025046363460955e-06,1.158501072256445e-06,8.987100643166466e-07,6.247203504022835e-07,4.283687019647733e-07,2.929228360456871e-07,1.9946780049655248e-07,1.3496663262137636e-07,9.039339343864697e-08,5.955666129169579e-08,3.814106525327768e-08,2.3980970492272522e-08,1.4570054999093453e-08,7.582560968740997e-09,2.3552840271332676e-09,0.0,0.0,0.0,0.0,0.0,0.0,0.0,0.0,0.0
1/0.6,1e-05,1.7578125e-05,0.5,2.6457035891517795e-06,2.6457033419950114e-06,2.645702847681475e-06,2.645702847681475e-06,2.6457023533679387e-06,2.6457016118976342e-06,2.645701364740866e-06,2.645701117584098e-06,2.6456996346434893e-06,2.6456971630758072e-06,2.64569543297843e-06,2.6456927142539803e-06,2.6456902426862986e-06,2.6456877711186174e-06,2.64568604102124e-06,2.6456794913668836e-06,2.645675289701825e-06,2.6456671335284753e-06,2.6456567529442128e-06,2.645646866673486e-06,2.6456362389324555e-06,2.645623633937279e-06,2.645606580120276e-06,2.6455885376762e-06,2.6455653049399928e-06,2.645541577890249e-06,2.6455087060400832e-06,2.64547225041678e-06,2.6454272678849737e-06,2.645383026823473e-06,2.6453228441504256e-06,2.6452469670225996e-06,2.6451693597973964e-06,2.645063329543855e-06,2.6449228209211547e-06,2.644708783159926e-06,2.644420104054712e-06,2.6441434120527542e-06,2.643799616988241e-06,2.643388966017939e-06,2.642948161921921e-06,2.642405282080652e-06,2.641752046742399e-06,2.6409595385652867e-06,2.6400018060886574e-06,2.6388365855051553e-06,2.637446205105858e-06,2.635768010650035e-06,2.633729832361384e-06,2.6312848340323375e-06,2.628326614674202e-06,2.6247663214288227e-06,2.620506945264696e-06,2.615354097383662e-06,2.6091272297665785e-06,2.6016073615168537e-06,2.592563153899487e-06,2.5816988838413727e-06,2.568571399257195e-06,2.5527155511092727e-06,2.533558182852237e-06,2.510391190345303e-06,2.4823159115794317e-06,2.4481615649438383e-06,2.406444715516012e-06,2.355114580012125e-06,2.2912643476818195e-06,2.2103265614494542e-06,2.1040522405992257e-06,1.952449121311245e-06,1.587666121936921e-06,1.214347687152492e-06,9.494640941071835e-07,7.582211072926293e-07,6.16427269397862e-07,5.07024808911386e-07,4.1747694592493164e-07,3.3711911304905973e-07,2.496859233710028e-07,1.7150133995758277e-07,1.177252174975766e-07,8.06467591378538e-08,5.508209882297627e-08,3.743683567355827e-08,2.525225415992026e-08,1.6819759543755603e-08,1.099378020463158e-08,6.967843608034295e-09,4.201912215528911e-09,2.5709247024252533e-09,1.4199156330929708e-09,6.349457374091979e-10,6.178919204059924e-11,0.0,0.0,0.0,0.0,0.0,0.0,0.0
1/0.5,1e-05,8.88888888888889e-06,0.5,6.833768932198917e-07,6.833767036717969e-07,6.833766404890986e-07,6.833765141237021e-07,6.833763245756074e-07,6.833762613929091e-07,6.83376008662116e-07,6.833756927486247e-07,6.833753768351333e-07,6.833748713735471e-07,6.833744290946593e-07,6.833738604503749e-07,6.83373165440694e-07,6.83372470431013e-07,6.833719017867287e-07,6.833712067770477e-07,6.833700063057806e-07,6.833683635556257e-07,6.83367731728643e-07,6.833660257957898e-07,6.833641303148418e-07,6.833609711799284e-07,6.833571170353342e-07,6.833526310637572e-07,6.83348081909482e-07,6.833422375098923e-07,6.833345924034019e-07,6.833264418353255e-07,6.833158271420166e-07,6.833062233718801e-07,6.832928918225458e-07,6.832770329652808e-07,6.832580781558005e-07,6.832344478266487e-07,6.832055101508424e-07,6.831664632433134e-07,6.831066608194037e-07,6.830335268461596e-07,6.829568862331616e-07,6.828697257009023e-07,6.827550175121985e-07,6.826297578128842e-07,6.824846271549648e-07,6.823083474267998e-07,6.820941264883254e-07,6.818364990361417e-07,6.815224810257545e-07,6.811461648748761e-07,6.806905544376726e-07,6.801424761215554e-07,6.794836385353759e-07,6.786889581479224e-07,6.77725832686889e-07,6.765656719813099e-07,6.751750523838018e-07,6.734947401147394e-07,6.714641745578338e-07,6.690323672755833e-07,6.660882114930856e-07,6.625446414521286e-07,6.582641716012833e-07,6.530882765505978e-07,6.468250388540858e-07,6.392360070084877e-07,6.299986333391503e-07,6.187021987159889e-07,6.04781565494354e-07,5.874222139195362e-07,5.652836282737532e-07,5.358143016528878e-07,4.887565229932884e-07,3.920509173240293e-07,3.045855917282278e-07,2.4138621322886004e-07,1.944165744333431e-07,1.5797241497673333e-07,1.2770960843968147e-07,9.887100310426658e-08,6.904990681079947e-08,4.747737495879078e-08,3.260890648910306e-08,2.2356945050993814e-08,1.5284147441586473e-08,1.0408844077906273e-08,7.040700798687691e-09,4.715324771668094e-09,3.103281408083212e-09,1.9805248598781735e-09,1.2075477292793864e-09,6.896391515845805e-10,4.0816023080498307e-10,2.4546478276739306e-10,1.1682480909572968e-10,0.0,0.0,0.0,0.0,0.0,0.0,0.0
1/0.4,1e-05,4.535147392290251e-06,0.5,1.8096237682250008e-07,1.8096232748139484e-07,1.8096231103435975e-07,1.8096222879918433e-07,1.8096221235214921e-07,1.8096208077586855e-07,1.8096204788179834e-07,1.809619985406931e-07,1.8096197387014047e-07,1.8096183407034223e-07,1.8096168604702642e-07,1.8096155447074573e-07,1.8096135710632468e-07,1.809610775067282e-07,1.8096079790713174e-07,1.8096050186050018e-07,1.8096018936683353e-07,1.8095971240281598e-07,1.809591696506581e-07,1.8095851999277217e-07,1.8095789500543887e-07,1.8095694107740382e-07,1.8095588846715822e-07,1.809545398102811e-07,1.8095309247119343e-07,1.8095123395622859e-07,1.809489478183515e-07,1.8094684259786033e-07,1.8094361897898326e-07,1.8094031312493077e-07,1.8093625070726426e-07,1.809310698912118e-07,1.8092489402953662e-07,1.8091867705027368e-07,1.8091097983785294e-07,1.8090169548654625e-07,1.8088926152802043e-07,1.8087370263282804e-07,1.8085375237926738e-07,1.808291476147771e-07,1.8080109719643606e-07,1.8076725742174437e-07,1.8072688817412313e-07,1.8067736615147588e-07,1.8061807458998692e-07,1.8054740168021765e-07,1.8046223070901915e-07,1.8035919003419851e-07,1.802349409076331e-07,1.800862843809984e-07,1.7990604132347893e-07,1.7969007530575033e-07,1.79429694069769e-07,1.791137711962986e-07,1.7873752882164626e-07,1.7828199529083908e-07,1.7773379916435119e-07,1.7707246388349917e-07,1.7627745532497684e-07,1.7531404557419774e-07,1.7415418421282088e-07,1.7275028174482177e-07,1.710520266898689e-07,1.6899133654621934e-07,1.664849728692973e-07,1.6341781463701065e-07,1.5963371369824253e-07,1.5490223064438773e-07,1.4883784697300474e-07,1.4062789823340526e-07,1.2786055830634783e-07,1.096803099912247e-07,8.558749236209001e-08,6.786663440750201e-08,5.444198872318893e-08,4.367015111621337e-08,3.404603695872039e-08,2.4013855413681567e-08,1.6529319603633395e-08,1.1370394554900125e-08,7.814463333895253e-09,5.362621578286913e-09,3.671981500579396e-09,2.5055084310975233e-09,1.6991925359528048e-09,1.1390394149566026e-09,7.513334568485673e-10,4.782633332975677e-10,2.858330227785835e-10,1.5841784195887658e-10,1.0100124246983609e-10,6.603484587467707e-11,3.669333527930374e-11,1.1266219034658477e-11,0.0,0.0,0.0,0.0,0.0,0.0
1/0.3,1e-05,2.1736505252988773e-06,0.5,4.28806312379367e-08,4.2880627459189215e-08,4.2880621791068e-08,4.288061612294678e-08,4.2880612344199297e-08,4.2880599118583124e-08,4.288058967171443e-08,4.288058022484573e-08,4.288055566298712e-08,4.28805405479972e-08,4.288051598613859e-08,4.288048008803754e-08,4.288042907494657e-08,4.2880393176845524e-08,4.2880317601895944e-08,4.288024769506759e-08,4.28801381113907e-08,4.2880060647067384e-08,4.287992839090562e-08,4.287980369223881e-08,4.287962986985478e-08,4.2879388030016135e-08,4.287911407082391e-08,4.287877398355081e-08,4.287837910443926e-08,4.287784063292352e-08,4.287728515704412e-08,4.2876553969406954e-08,4.28757037512242e-08,4.2874783626213085e-08,4.287368401069672e-08,4.287217629045263e-08,4.2870441845359817e-08,4.286835408737772e-08,4.286593002087e-08,4.2862784213593806e-08,4.285919062474137e-08,4.285473737083747e-08,4.2849301642589054e-08,4.284260192330895e-08,4.283432646633014e-08,4.2824142741874474e-08,4.2812955759963165e-08,4.2799471299584674e-08,4.278301485431403e-08,4.276335214180752e-08,4.273955170081161e-08,4.27108237731032e-08,4.267607819003463e-08,4.263423611920066e-08,4.2583992003347345e-08,4.252336388942198e-08,4.2450058077704875e-08,4.236080784100052e-08,4.225434163078224e-08,4.2126132507570324e-08,4.197165542125876e-08,4.178517234380084e-08,4.156047857183619e-08,4.1288939667375496e-08,4.0961027518650685e-08,4.056405875974881e-08,4.008263310531957e-08,3.949713696657368e-08,3.878146864530058e-08,3.789942018315736e-08,3.679843109208612e-08,3.539196994419358e-08,3.3496829836086026e-08,3.0915971759223216e-08,2.7678229446242955e-08,2.290196065035601e-08,1.8058715444779136e-08,1.4381085359031548e-08,1.1407915829534614e-08,8.628904013625268e-09,5.998612362243362e-09,4.134756504513703e-09,2.8498992292399487e-09,1.9642042757795772e-09,1.3532979496117628e-09,9.318485751677717e-10,6.407565418774599e-10,4.393511906253247e-10,2.9910297794559993e-10,1.9917400086583906e-10,1.250652053094666e-10,8.290760906101315e-11,5.37677978774028e-11,3.3398459592341314e-11,1.9409536425418473e-11,1.2496317912753604e-11,7.179620209927986e-12,2.3144828308320483e-12,0.0,0.0,0.0,0.0,0.0,0.0
1/0.2,1e-05,8.680555555555571e-07,0.5,7.296002726444749e-09,7.2960009187305925e-09,7.295999713587822e-09,7.295998508445051e-09,7.295994893016738e-09,7.2959912775884265e-09,7.295986758303035e-09,7.295978322303639e-09,7.295971995304093e-09,7.295962956733312e-09,7.295954520733916e-09,7.29594487959175e-09,7.295925898593108e-09,7.29590932788001e-09,7.295882513453358e-09,7.295860519597791e-09,7.2958340064568325e-09,7.295802070173406e-09,7.295765313318895e-09,7.295720120464989e-09,7.2956586581836775e-09,7.29558544576035e-09,7.295482104767751e-09,7.295358577633741e-09,7.295223601643408e-09,7.295062715083503e-09,7.294878930810952e-09,7.29466833211175e-09,7.294445380699147e-09,7.294214595858533e-09,7.293930182164617e-09,7.29362769132914e-09,7.293271270354667e-09,7.29282747652931e-09,7.2922526234276255e-09,7.291572922904878e-09,7.290731431965147e-09,7.289666387041428e-09,7.288235581286763e-09,7.286671908541614e-09,7.284772000963403e-09,7.282405100561496e-09,7.279480520342391e-09,7.276205544862665e-09,7.2722355032898655e-09,7.267446868489981e-09,7.261583246338517e-09,7.254522013558543e-09,7.245994122026471e-09,7.235784755043403e-09,7.2235040489229726e-09,7.208572329992415e-09,7.19073953112678e-09,7.169197905383923e-09,7.143169834390966e-09,7.111868058632866e-09,7.0740335051998e-09,7.0284875444618985e-09,6.973317916127551e-09,6.906741008895931e-09,6.825929859112368e-09,6.727684812720316e-09,6.607724298740715e-09,6.460016577605571e-09,6.276068405637474e-09,6.0418326386996524e-09,5.735340427936991e-09,5.3489183280419365e-09,4.880962595272208e-09,4.280319137005857e-09,3.4152324056794973e-09,2.704837499130922e-09,2.1311545910764556e-09,1.5925461582241674e-09,1.1071508044177877e-09,7.654090714654868e-10,5.29722915202974e-10,3.6707865456618796e-10,2.5470451432894886e-10,1.7684927847653526e-10,1.2265943121487033e-10,8.422742825316651e-11,5.648624681147758e-11,4.0968828494296694e-11,3.002854242072042e-11,2.186068729143388e-11,1.5636124880107443e-11,1.0878823792264047e-11,7.105521776801686e-12,4.260179694876859e-12,2.238552696812946e-12,1.3190287626712086e-12,6.646362381116231e-13,4.639799667687668e-14,0.0,0.0,0.0,0.0,0.0,0.0
0.2,3e-05,2.604166666666666e-06,0.5,6.56640028453816e-08,6.566399742223912e-08,6.566398657595419e-08,6.566395946024185e-08,6.56639323445295e-08,6.566391065195963e-08,6.566389438253223e-08,6.566385099739248e-08,6.566380761225273e-08,6.566375338082804e-08,6.566365034112113e-08,6.566359068655397e-08,6.56635147625594e-08,6.566341714599497e-08,6.56633086831456e-08,6.566315141201401e-08,6.566288025489057e-08,6.566253317377258e-08,6.566225659350667e-08,6.566187155039139e-08,6.566137262128426e-08,6.566087369217715e-08,6.566035307050014e-08,6.565960196526823e-08,6.56588264558952e-08,6.565768217283431e-08,6.565634536821577e-08,6.565494077431636e-08,6.565295048103034e-08,6.565081376289767e-08,6.564834894464563e-08,6.564519267572884e-08,6.564147782313776e-08,6.56370769430244e-08,6.563179751383109e-08,6.562464981205732e-08,6.56163307115103e-08,6.560474145605465e-08,6.559224382423547e-08,6.557977330812865e-08,6.556248432993836e-08,6.554204992911622e-08,6.551675096949964e-08,6.548627019725418e-08,6.544909997877356e-08,6.540637646240498e-08,6.535474001138905e-08,6.5291161800657e-08,6.521363797906661e-08,6.512193263992052e-08,6.501141713112168e-08,6.487732451044007e-08,6.471626260226151e-08,6.452277572526246e-08,6.428794281008188e-08,6.400680981607459e-08,6.366626358475122e-08,6.325619266697883e-08,6.276007817079771e-08,6.216064467587374e-08,6.143353413780864e-08,6.054903587058756e-08,5.946939124477199e-08,5.814051254895015e-08,5.648495188552623e-08,5.4376539844965406e-08,5.161703887746604e-08,4.813777030680424e-08,4.3925493530642616e-08,3.85186232008984e-08,3.0733208681083875e-08,2.4340077527264245e-08,1.917750349630853e-08,1.433004658164036e-08,9.962413043177272e-09,6.887152317007822e-09,4.766421608329299e-09,3.3029649205748975e-09,2.2918525461365654e-09,1.5913940417340134e-09,1.1037016858068162e-09,7.578353517216267e-10,5.082731815959956e-10,3.6865980188122645e-10,2.7021891978899173e-10,1.9674076248028262e-10,1.4071427763591966e-10,9.790399098783125e-11,6.392800342129036e-11,3.8336194111393066e-11,2.0146974271300785e-11,1.1871258864031608e-11,5.976303000531216e-12,4.175819700915641e-13,0.0,0.0,0.0,0.0,0.0,0.0
0.3,3e-05,6.520951575896632e-06,0.5,3.859256811416788e-07,3.859255621111332e-07,3.8592554510676956e-07,3.8592540907186035e-07,3.859252900413147e-07,3.8592525603258743e-07,3.8592520501949646e-07,3.8592496695840525e-07,3.859246948885868e-07,3.859242527751318e-07,3.8592392969222234e-07,3.859236066093129e-07,3.859231815002215e-07,3.859228414129484e-07,3.8592214423403854e-07,3.859212089940375e-07,3.859202057365818e-07,3.859190494398533e-07,3.859177741125792e-07,3.8591603966748635e-07,3.859143902442118e-07,3.85912604786028e-07,3.859106322798441e-07,3.859085067343871e-07,3.859055989882021e-07,3.8590185802819804e-07,3.8589638262310103e-07,3.8588932581218417e-07,3.858817078572667e-07,3.8587264453143854e-07,3.8586142165142615e-07,3.858500117234136e-07,3.8583389158666856e-07,3.858143025597379e-07,3.857932341531692e-07,3.8576504091822903e-07,3.8573490918583217e-07,3.8569552707960696e-07,3.856474897522813e-07,3.8558914778058065e-07,3.855160800299547e-07,3.8542758932149355e-07,3.8532228129737747e-07,3.851953777314194e-07,3.850443279690711e-07,3.848668194168755e-07,3.84653805753368e-07,3.8439688682290305e-07,3.840833773701939e-07,3.8370999555305515e-07,3.8325713534019245e-07,3.8271165235850037e-07,3.8204826111922386e-07,3.8124623330306717e-07,3.8028626895728195e-07,3.7913364517128443e-07,3.7774353844247976e-07,3.7606648307699514e-07,3.740440350769481e-07,3.716027355913485e-07,3.6864924766809356e-07,3.65075661615428e-07,3.6074393600919965e-07,3.554717160535711e-07,3.490313813366553e-07,3.410932172471796e-07,3.3118169675552924e-07,3.1852341038957894e-07,3.014740191795167e-07,2.7822425883243936e-07,2.4907765723959066e-07,2.0609383974421973e-07,1.6251384925910082e-07,1.2941709998044422e-07,1.0266328442368705e-07,7.765619111030944e-08,5.397508107039313e-08,3.720396627154664e-08,2.564317554462408e-08,1.7673859460932286e-08,1.2176756795965032e-08,8.384647665967699e-09,5.76563557580865e-09,3.9533445061750246e-09,2.691008565874757e-09,1.7920898856113632e-09,1.125025703785306e-09,7.459984379130478e-10,4.838421634423163e-10,3.0055212760395523e-10,1.7461781037425836e-10,1.1243285248754467e-10,6.458257316208328e-11,2.079633675019164e-11,0.0,0.0,0.0,0.0,0.0,0.0
0.4,3e-05,1.360544217687e-05,0.5,1.6286609473325537e-06,1.6286605032626062e-06,1.628660207215975e-06,1.628660059192659e-06,1.6286599111693432e-06,1.6286596151227115e-06,1.6286590230294485e-06,1.6286584309361852e-06,1.6286575427962905e-06,1.6286569507030275e-06,1.628655174423238e-06,1.628654434306659e-06,1.6286533981434487e-06,1.6286520659336067e-06,1.6286501416305013e-06,1.6286471811641858e-06,1.6286436286046069e-06,1.6286403720916596e-06,1.6286351912756072e-06,1.6286301584828705e-06,1.6286234974336603e-06,1.6286158002212396e-06,1.6286085470787662e-06,1.628597741376714e-06,1.6285842712549776e-06,1.6285665084570836e-06,1.6285465253094527e-06,1.628527282278401e-06,1.6284953092421915e-06,1.6284617079495088e-06,1.6284181890946682e-06,1.6283659368641964e-06,1.6283116863189617e-06,1.6282421153605433e-06,1.628158038117178e-06,1.6280651534865237e-06,1.627958872745791e-06,1.6278383817667428e-06,1.627683623390091e-06,1.6274748365031777e-06,1.6272086905813986e-06,1.6269051687723837e-06,1.6265388850774768e-06,1.6260978496080986e-06,1.6255651877062505e-06,1.6249241727372487e-06,1.6241594842879093e-06,1.6232336724593393e-06,1.6221177246816451e-06,1.6207747831491963e-06,1.6191522255732318e-06,1.6172089754836215e-06,1.6148616957535794e-06,1.612027049256319e-06,1.6086349469518167e-06,1.6045399559323146e-06,1.5996057467239764e-06,1.5936501026250717e-06,1.58648310972145e-06,1.5778240417947274e-06,1.567376038085099e-06,1.5547498712837117e-06,1.5394717187567413e-06,1.520920252636185e-06,1.4983532100050447e-06,1.4707476757395963e-06,1.4366959481067357e-06,1.3941057915495165e-06,1.339523304029096e-06,1.2656387241537793e-06,1.1506183908104776e-06,9.867898854838247e-07,7.702276298392335e-07,6.107672925613614e-07,4.899662046667534e-07,3.930236628334996e-07,3.0644956217764017e-07,2.1605409160150522e-07,1.4872183781101794e-07,1.0229994970141819e-07,7.031018685742646e-08,4.824864384968805e-08,3.303613966326765e-08,2.2541878667456948e-08,1.528784805415438e-08,1.0247802175030614e-08,6.7588926220056455e-09,4.302149649941352e-09,2.5717570884283323e-09,1.4245763911036187e-09,9.08863158912741e-10,5.94017566240526e-10,3.3024001751373375e-10,1.013959713119263e-10,0.0,0.0,0.0,0.0,0.0,0.0
0.5,3e-05,2.666666666666e-05,0.5,6.150394313557155e-06,6.150392607624303e-06,6.1503909016914495e-06,6.15038976440288e-06,6.150388058470027e-06,6.150385215248605e-06,6.1503829406714675e-06,6.1503829406714675e-06,6.150380097450045e-06,6.150377822872908e-06,6.1503744110072015e-06,6.150369861852926e-06,6.150364175410082e-06,6.150355645745816e-06,6.150346547437265e-06,6.150338586417284e-06,6.150327213531596e-06,6.150315840645908e-06,6.1502982126730914e-06,6.150274898257431e-06,6.150250446553202e-06,6.150216327896138e-06,6.150177660084798e-06,6.150137286340605e-06,6.1500718922478985e-06,6.150004792222339e-06,6.149925750666808e-06,6.149807472655651e-06,6.149667586161688e-06,6.1495447589962565e-06,6.1493934996166054e-06,6.149220347432005e-06,6.149014213878909e-06,6.148776520568028e-06,6.14846945265445e-06,6.1480458126625695e-06,6.1475064535588135e-06,6.146904543583772e-06,6.146345850574346e-06,6.145732567713617e-06,6.144852306361361e-06,6.143749420771761e-06,6.142418508824114e-06,6.140833697203483e-06,6.138881541375126e-06,6.136566306171178e-06,6.133739859755552e-06,6.1303316902369794e-06,6.126254226395666e-06,6.121316972396334e-06,6.115336540457264e-06,6.108171053829499e-06,6.099499797136632e-06,6.089122607590555e-06,6.0765717752673475e-06,6.061452945355775e-06,6.043236141382772e-06,6.021235009697065e-06,5.994835698793641e-06,5.962913714600093e-06,5.924363612627538e-06,5.877764350809255e-06,5.8213935056077854e-06,5.753092218997391e-06,5.669926570792695e-06,5.5682583748620836e-06,5.442970401290211e-06,5.28671860914401e-06,5.087469632399077e-06,4.822159258880016e-06,4.397818412919017e-06,3.5283809202941536e-06,2.7412384814745657e-06,2.1724975275428985e-06,1.7498202504359208e-06,1.421813148373545e-06,1.1495377353369698e-06,8.908119783091569e-07,6.211375442294425e-07,4.27096211841076e-07,2.933067218952319e-07,2.0112607152774747e-07,1.374930701701629e-07,9.363012464842848e-08,6.333218853113525e-08,4.2412902596505945e-08,2.7912473344221316e-08,1.7814488141787178e-08,1.086053718781899e-08,6.202203209987e-09,3.6694615672546174e-09,2.2063398234848773e-09,1.0502859932929301e-09,0.0,0.0,0.0,0.0,0.0,0.0,0.0
0.6,3e-05,5.273437499999e-05,0.5,2.3811341200011617e-05,2.3811338975600705e-05,2.3811334526778877e-05,2.3811334526778877e-05,2.3811332302367965e-05,2.3811327853546137e-05,2.3811325629135224e-05,2.3811321180313397e-05,2.381130338502609e-05,2.3811285589738784e-05,2.381126557004056e-05,2.381125667239691e-05,2.3811234428287773e-05,2.381120773535681e-05,2.3811185491247677e-05,2.381114100302941e-05,2.3811085392756572e-05,2.3811023109250993e-05,2.381094970369085e-05,2.3810867400487053e-05,2.38107761996396e-05,2.381066720350484e-05,2.381052706561729e-05,2.3810380254497002e-05,2.3810171159871138e-05,2.380991535261609e-05,2.3809613944937317e-05,2.3809264712423902e-05,2.38088843381577e-05,2.380839163114037e-05,2.3807844426055654e-05,2.3807025842839503e-05,2.3805940330313733e-05,2.3804605683765655e-05,2.380316204108282e-05,2.3801513752595944e-05,2.379948064102104e-05,2.3796383148824043e-05,2.3793438028774623e-05,2.379070645217289e-05,2.3786771469266978e-05,2.3781798798669932e-05,2.377593080268022e-05,2.3768727047936975e-05,2.376002960126534e-05,2.3749632704655817e-05,2.3737005836105555e-05,2.3721832017059374e-05,2.370355069596709e-05,2.3681514569252878e-05,2.3654901717084224e-05,2.3622716715577344e-05,2.358437343245655e-05,2.353780427777777e-05,2.3481731327471225e-05,2.341448849776273e-05,2.3333214084012126e-05,2.323530552545065e-05,2.3117048055852824e-05,2.2974378788685216e-05,2.280196914760462e-05,2.2593482898124047e-05,2.2340709739561907e-05,2.203326056074688e-05,2.165773662254172e-05,2.119583324753956e-05,2.062107660925383e-05,1.9892362930620133e-05,1.893564046012386e-05,1.756970312372714e-05,1.4290242991955908e-05,1.0929996704629573e-05,8.545886434046744e-06,6.824801875617635e-06,5.5487062716047226e-06,4.564153083964675e-06,3.7584403093560383e-06,3.036091782551209e-06,2.2438989774745932e-06,1.5423019800814482e-06,1.0587039254402952e-06,7.25278075977859e-07,4.951805622675482e-07,3.3662900117782117e-07,2.2702560223882014e-07,1.5123769800626472e-07,9.884169893967307e-08,6.263718691216955e-08,3.775937525601329e-08,2.3102731747213786e-08,1.2754772177789703e-08,5.696716349375554e-09,5.472050847115916e-10,0.0,0.0,0.0,0.0,0.0,0.0,0.0
0.7,3e-05,0.00011303344867358,0.5,0.0001087460237968912,0.00010874601357627584,0.00010874596247319907,0.00010874593181135302,0.00010874590114950695,0.00010874583982581482,0.00010874578872273806,0.00010874571717843058,0.00010874561497227703,0.00010874550254550815,0.00010874544122181602,0.00010874533901566248,0.00010874514482397074,0.00010874505283843257,0.00010874480754366406,0.00010874463379320306,0.00010874432717474243,0.00010874398989443575,0.0001087435095255141,0.00010874300360505408,0.00010874232904444073,0.0001087414909539817,0.00010874074484906085,0.0001087395592576798,0.000108738179474607,0.00010873657483799643,0.00010873469424477128,0.00010873208798785602,0.00010872877650848131,0.00010872494377772357,0.00010872062045742882,0.00010871570434144356,0.00010870982237730733,0.00010870202404779222,0.0001086925393167437,0.00010868147039031532,0.00010866757035343387,0.00010865059902163855,0.0001086328355921533,0.00010861273675205965,0.00010858522796583437,0.00010855228692254841,0.00010851309597297349,0.00010846580007542285,0.00010840886102728571,0.00010833982077056942,0.00010825722286758606,0.00010815683087327137,0.00010803556327209615,0.00010789156502237362,0.00010771803941489337,0.00010750890007321212,0.0001072554645845866,0.00010694920384550393,0.0001065804338229162,0.00010613577573132499,0.00010560105357723433,0.00010495373090378862,0.00010417291677320429,0.00010322697838096071,0.00010208004647747302,0.0001006840126262699,9.897651063246126e-05,9.687274516076262e-05,9.42482546677006e-05,9.090809624632068e-05,8.649502872815442e-05,8.010279526007014e-05,6.920700605578295e-05,5.7035234348240736e-05,4.3537807946823086e-05,3.3791960617245345e-05,2.684584645158932e-05,2.179769033655609e-05,1.8020437078946922e-05,1.5072586757315004e-05,1.2633590212312776e-05,1.0441707705339603e-05,8.133432830715059e-06,5.613305041032764e-06,3.848276313704126e-06,2.631532497040915e-06,1.791612547864398e-06,1.2116539502169177e-06,8.116906095687639e-07,5.34323550091862e-07,3.423599525129995e-07,2.1511329135567662e-07,1.3063990545485146e-07,6.78955477966342e-08,2.0921599629641758e-08,0.0,0.0,0.0,0.0,0.0,0.0,0.0,0.0,0.0
0.8,3e-05,0.00029629629629629,0.5,0.000744682473952281,0.0007446823335468748,0.0007446819123306564,0.0007446812103036257,0.0007446809294928133,0.0007446804380738918,0.0007446798413509157,0.0007446791042225334,0.0007446781915873934,0.0007446774193576596,0.0007446761557090042,0.000744674962263052,0.000744672224357632,0.0007446698023643759,0.0007446666783440891,0.0007446629576008261,0.0007446579732089077,0.0007446528484115832,0.000744646038749385,0.0007446382462493436,0.0007446302431411931,0.0007446183086816701,0.0007446042681410551,0.0007445882268234024,0.0007445693071949236,0.0007445459998975026,0.0007445195685797948,0.0007444859063836702,0.0007444471544915726,0.0007443979423967168,0.0007443409027004681,0.0007442714722271268,0.0007441812266523234,0.0007440766597260927,0.0007439524711443526,0.0007438020267516623,0.0007436280995547932,0.0007434259859726394,0.0007431526517482158,0.0007428354057330185,0.0007424544507647805,0.0007419906566069135,0.0007414435318404963,0.0007407833807221278,0.0007400058857855689,0.0007390512343277996,0.0007378852025310706,0.0007365135470170338,0.0007348284364337661,0.0007328041414905901,0.0007303671248560344,0.0007274303702796372,0.0007238875206662395,0.0007196145980422103,0.0007144456081161282,0.0007081872828464266,0.000700599774698049,0.0006913572729260229,0.0006800525667511602,0.0006661118894812264,0.0006487298757065417,0.0006266404196771433,0.0005976869294559099,0.000557561100256462,0.0004988366444380348,0.0004384154243876293,0.00038128762374659497,0.000326231013454391,0.0002698903606215883,0.00020976809878222894,0.00016260076295757168,0.00012927669815233125,0.00010531781434274094,8.765249755979596e-05,7.41597135354825e-05,6.334677729566217e-05,5.411312106422361e-05,4.556288814722302e-05,3.657725806574947e-05,2.553746179094133e-05,1.7403881916692594e-05,1.1815922258657031e-05,7.974535650431657e-06,5.30946553493588e-06,3.4779472144045846e-06,2.241502106491002e-06,1.3532273044793308e-06,6.845816590387111e-07,1.5686794002174026e-07,0.0,0.0,0.0,0.0,0.0,0.0,0.0,0.0,0.0,0.0,0.0
0.9,3e-05,0.00134626038781163,0.5,0.015347599271570084,0.015347583328460899,0.015347552891616092,0.01534752535351841,0.015347493467300041,0.015347464479828796,0.015347409403633432,0.01534733113746107,0.01534726591565077,0.015347187649478409,0.01534709778831755,0.015346987635926821,0.015346848496064845,0.015346673121863818,0.015346454266455919,0.01534619627796184,0.015345875966404588,0.015345488983663471,0.015345012139761496,0.015344488915905528,0.015343851916224926,0.01534308229886338,0.015342130060432993,0.015340944472859084,0.015339535681756592,0.015337889918076676,0.015335890507247572,0.015333496866809543,0.01533051912882593,0.015326843517472105,0.015322510615207804,0.015317310987553288,0.015310685901000315,0.01530252302909781,0.015292643374210838,0.015280208473733648,0.015264412475965635,0.015244906081878302,0.015220866771975079,0.015192630800922407,0.015160274260832303,0.015124416758902623,0.015081926198865373,0.015025988350917714,0.014957587339708398,0.014876722440550648,0.014779502810116644,0.014661650622337452,0.014519379388781731,0.014346597392367412,0.014135372936275164,0.013876048844459822,0.01355415094784213,0.013149932256323422,0.01263110362568424,0.011943070052582333,0.01099064465300473,0.009875432137097977,0.008822275274945076,0.007862663156559134,0.0069888568518046,0.0061937855917581115,0.005468879955232959,0.0048045392917529,0.004186689459341855,0.0035757371957134843,0.0030263188113565614,0.0025708785334617053,0.0021875148781299904,0.0018573548275207796,0.001561978293031635,0.0012745037432037932,0.0009651124910546222,0.0007922667222035643,0.0006716534777883139,0.0005734852323578271,0.00047763163650622875,0.0003965891890871049,0.0003302477377097257,0.000272846022464209,0.00022059103273818704,0.00016462202325893916,8.437963004616879e-05,3.956717356222104e-05,1.1430484598562474e-05,0.0,0.0,0.0,0.0,0.0,0.0,0.0,0.0,0.0,0.0,0.0,0.0,0.0,0.0,0.0
1.0,3e-05,0.00134626038781163,0.5,0.01534764130340339,0.015347623910920642,0.015347604344377552,0.01534759130001549,0.01534755796442356,0.015347517381963816,0.015347463755142015,0.015347430419550084,0.01534736954586047,0.015347314469665106,0.015347226057877809,0.015347133297969825,0.015346985461866478,0.015346872410728622,0.015346671672490254,0.015346462962697293,0.015346203524829651,0.015345892634200553,0.015345513623014029,0.015345032430991367,0.015344447608759006,0.015343774374739346,0.01534296489960484,0.015342039474585352,0.015340865481999942,0.015339481330248008,0.015337829769073842,0.015335705712118387,0.015333062779427652,0.015330059677406704,0.015326233331202404,0.015321277922993124,0.015314947059273285,0.015306880570712667,0.015296327681806039,0.015283294914734425,0.015267507613207786,0.015248814317688868,0.015225759132434402,0.015198437716099501,0.0151667065807015,0.015130066417048211,0.015088146185507703,0.015036687626554128,0.014971635392960357,0.01489357503164553,0.014799651276692048,0.014684518113715607,0.014547038509156634,0.014381154081524987,0.014176729361499964,0.013927922648938976,0.013618785037163197,0.013231851574747698,0.012739664604242728,0.012096652197417731,0.011230121747945614,0.01013977106143865,0.009107381548372227,0.008172703728064187,0.00733018577508439,0.006572225000412135,0.005892150662227239,0.005283232594393465,0.004738407274855263,0.004250687273669101,0.003812352502555736,0.0034225384101852965,0.00307716428529331,0.0027690129722266307,0.0024926551176211276,0.0022421809007767894,0.0020130305924668263,0.0018072623031496118,0.001620177888423162,0.0014486793122982012,0.0012965479903985992,0.0011568204074445998,0.0010271978569664996,0.0009040692247339911,0.0007807775379757313,0.0006623434267113004,0.0005614967389378043,0.00047718305538871716,0.0004068695957640343,0.00034992588256418374,0.00030860424230487774,0.0002709828527499566,0.00023234037952044113,0.00018682425217202852,0.00013353948253003894,9.327805903150757e-05,5.339999484018722e-05,2.167320756287377e-05,9.001334508257434e-06,5.797494248938046e-09,0.0,0.0,0.0,0.0
1/0.9,3e-05,0.00134626038781163,0.5,0.015347613765305707,0.015347594923449396,0.015347561587857465,0.015347519556024161,0.015347494916673603,0.015347448536719611,0.015347406504886307,0.015347355776811629,0.015347287656254203,0.015347199969153688,0.01534708401926871,0.01534696806938373,0.015346810087665447,0.015346644859079352,0.015346433250539266,0.01534620135076931,0.01534590422918905,0.01534553463893068,0.015345077361571795,0.015344526599618147,0.015343855539658832,0.015343071428561663,0.015342151076349645,0.015340994476246981,0.015339666125377193,0.015338000795154185,0.015336047764279074,0.015333639630105422,0.015330671313049965,0.015327085562856998,0.01532264975506978,0.015317284898829168,0.015310954035109329,0.015302694779864933,0.015292707146647577,0.015279675828949527,0.01526374793818735,0.015244235021918986,0.01522032253220246,0.015192710516468332,0.015161126492486897,0.01512554364684726,0.015082548704810352,0.015026676078672993,0.014958064183610375,0.014876824621386786,0.014779586873783253,0.014662504303365607,0.014520076537465164,0.014347203955203206,0.0141363693805992,0.013876969196671841,0.013555874253007626,0.01315253822998832,0.012635215498480299,0.011952172843239947,0.011009737250940045,0.009871108655761832,0.00881937217969992,0.00786129132448248,0.006989027153198163,0.0061955248400327925,0.005472726592667129,0.00481123394823686,0.0041991258091926085,0.0036104772306266835,0.003038795018980276,0.0025685856244862504,0.0021739132319352006,0.0018335764048587602,0.0015256953999614375,0.0011943751258156584,0.0009332407664210852,0.0007744974023305692,0.0006579511001309487,0.0005608148086767729,0.00046295238106791765,0.0003788647997945391,0.00031200157393475547,0.0002564796961994569,0.00020891560400760695,0.0001624986909902656,0.00010678332188440876,4.8379364820606876e-05,1.6295306960202613e-05,0.0,0.0,0.0,0.0,0.0,0.0,0.0,0.0,0.0,0.0,0.0,0.0,0.0,0.0,0.0
1/0.8,3e-05,0.00029629629629629,0.5,0.0007446820527360626,0.0007446818421279533,0.0007446816315198441,0.0007446813507090318,0.0007446807890874072,0.0007446804380738918,0.0007446798062495642,0.0007446790340198303,0.0007446782617900965,0.0007446770683441442,0.0007446757344927858,0.000744674119830615,0.0007446720137495228,0.0007446693460468059,0.000744666608141386,0.0007446630980062322,0.0007446583242224231,0.0007446537610467232,0.0007446476534115556,0.0007446401417223267,0.0007446304537493022,0.0007446182384789671,0.0007446044787491644,0.0007445885427355663,0.0007445662182759883,0.0007445446660461442,0.0007445148298973372,0.0007444798689512057,0.0007444395023969375,0.0007443923963831739,0.0007443333910112391,0.0007442661719230445,0.0007441780675306851,0.0007440776776652874,0.0007439536294889534,0.0007438025181705838,0.0007436198507371818,0.0007434018362427816,0.0007431377336738123,0.0007428321413073256,0.0007424537487377498,0.0007419926222825996,0.0007414451816040185,0.0007407723237963935,0.0007399805426097587,0.0007390377554088091,0.0007378853780378281,0.000736511265429184,0.0007348318061635137,0.0007328031937540986,0.0007303666334371129,0.0007274294225431457,0.000723893101781134,0.0007196165637178964,0.0007144466611566742,0.0007081940223059219,0.0007006034252386089,0.000691362889142269,0.0006800623600282392,0.0006661227357988515,0.0006487387563484807,0.0006266631653529397,0.000597738247631858,0.0005576821648179155,0.0004988010516675756,0.0004383939423604883,0.0003812857282736119,0.00032629177389390267,0.00027047153369899715,0.00020920402006301898,0.00016223261998264484,0.00012900013460356613,0.00010509120001721389,8.744862891006531e-05,7.396328637227783e-05,6.313743283509165e-05,5.3871974779159985e-05,4.523574355089216e-05,3.5700707115151366e-05,2.5733397535224468e-05,1.7563277154025046e-05,1.193400320522967e-05,8.058568286012782e-06,5.375350771772042e-06,3.522561032208933e-06,2.2743920728817764e-06,1.378008858664909e-06,7.002719631760389e-07,1.687321968414646e-07,0.0,0.0,0.0,0.0,0.0,0.0,0.0,0.0,0.0,0.0,0.0
1/0.7,3e-05,0.00011303344867358,0.5,0.00010874607489996796,0.0001087460646793526,0.0001087460442381219,0.00010874601357627584,0.00010874599313504513,0.00010874594203196837,0.00010874588070827625,0.00010874581938458411,0.00010874569673719987,0.0001087456456341231,0.00010874555364858491,0.00010874544122181602,0.00010874533901566248,0.0001087451550445861,0.00010874496085289439,0.00010874476666120265,0.00010874447026335739,0.00010874405121812787,0.00010874364239351371,0.00010874297805351571,0.0001087421552939797,0.00010874134786536674,0.00010874021337706244,0.00010873920664645008,0.00010873792906953082,0.00010873614046184388,0.00010873443872938743,0.00010873195511985641,0.00010872912400940335,0.00010872579208879795,0.00010872145854788784,0.00010871628180621105,0.0001087101852091524,0.00010870272927025164,0.0001086936533638173,0.00010868312613000267,0.00010866989043311925,0.00010865398204532073,0.0001086367909702953,0.0001086163497395873,0.00010858726186828981,0.00010855405508900467,0.00010851436332927739,0.00010846617823819095,0.00010840757322975111,0.00010833926374703263,0.00010825654319666502,0.00010815630451158065,0.00010803575746378786,0.0001078900574816089,0.00010771722687597273,0.00010750996301720892,0.00010725515285581831,0.00010694952579488759,0.00010658104194952975,0.0001061368386753218,0.0001056003892372363,0.000104953756455327,0.00010417269702997419,0.00010322718279326779,0.00010208017934547262,0.00010068383887580888,9.897686324369098e-05,9.68734606038374e-05,9.424998706200311e-05,9.09105338630826e-05,8.650050186767649e-05,8.012378840400726e-05,6.920591244994007e-05,5.705475572356688e-05,4.351731561303831e-05,3.3775321455449025e-05,2.6831629575631904e-05,2.1784270668596284e-05,1.800682321929539e-05,1.5058860470894579e-05,1.2617502963745578e-05,1.0419723161713146e-05,8.070770237979673e-06,5.625774191764647e-06,3.857577073676267e-06,2.63782839609898e-06,1.7963038103118849e-06,1.2154457985132524e-06,8.139187037159363e-07,5.363778937780163e-07,3.4351488204800174e-07,2.1601270550682884e-07,1.312735836067996e-07,6.830437241079428e-08,2.1258879936323822e-08,0.0,0.0,0.0,0.0,0.0,0.0,0.0,0.0,0.0
1/0.6,3e-05,5.273437499999e-05,0.5,2.3811334526778877e-05,2.3811332302367965e-05,2.3811332302367965e-05,2.3811332302367965e-05,2.3811325629135224e-05,2.3811321180313397e-05,2.3811318955902484e-05,2.381131005825883e-05,2.3811292262971524e-05,2.3811285589738784e-05,2.381127001886239e-05,2.3811243325931425e-05,2.3811212184178637e-05,2.3811172144782197e-05,2.3811120983331185e-05,2.3811074270702005e-05,2.3811009762785513e-05,2.381094303045811e-05,2.3810874073719793e-05,2.3810805116981473e-05,2.3810702794079454e-05,2.381060936882109e-05,2.3810478128577197e-05,2.3810311297758686e-05,2.3810086632256426e-05,2.38098174785359e-05,2.380952385629532e-05,2.38091901946583e-05,2.3808723068366476e-05,2.3808231473554598e-05,2.3807569711307844e-05,2.3806826758062746e-05,2.380592809605371e-05,2.3804795870898757e-05,2.3803438980241543e-05,2.3801775120878278e-05,2.3799846556616305e-05,2.379747088576073e-05,2.37948060414864e-05,2.3792062230624647e-05,2.3787395416528203e-05,2.3781864418791878e-05,2.3775467013004764e-05,2.3768464567449187e-05,2.3759902809843273e-05,2.3749476995891877e-05,2.3736934654956323e-05,2.372178308001928e-05,2.3703517329803385e-05,2.3681434490459994e-05,2.3654952878535233e-05,2.3622905790504988e-05,2.3584225509130802e-05,2.353794107904895e-05,2.348201271545178e-05,2.3414475151297255e-05,2.3333267469874047e-05,2.3235245466355985e-05,2.3117036933798257e-05,2.297445219424536e-05,2.2801971372015536e-05,2.2593472888274937e-05,2.2340752003369263e-05,2.20333628836489e-05,2.165784673088194e-05,2.1195844369594127e-05,2.0621245664483257e-05,1.9892732182831765e-05,1.8936272192823283e-05,1.7571916412586036e-05,1.4288378935610428e-05,1.0928290581458948e-05,8.54441164961112e-06,6.823367130578452e-06,5.547251506867319e-06,4.562478102546838e-06,3.756669678268923e-06,3.033193375130968e-06,2.247453586114305e-06,1.5436788904368808e-06,1.059584792162026e-06,7.25914257499109e-07,4.958033973233175e-07,3.369715604584943e-07,2.272613897956471e-07,1.513889579483801e-07,9.895291948534616e-08,6.269947041774648e-08,3.781276111793637e-08,2.3140546732742636e-08,1.2779240697837782e-08,5.714511636683248e-09,5.561027283654387e-10,0.0,0.0,0.0,0.0,0.0,0.0,0.0
1/0.5,3e-05,2.666666666666e-05,0.5,6.1503988627114305e-06,6.150397725422862e-06,6.150396588134293e-06,6.150396588134293e-06,6.150393744912871e-06,6.150392038980018e-06,6.150390333047165e-06,6.150389195758595e-06,6.150387489825742e-06,6.150384646604321e-06,6.150382372027183e-06,6.150378391517192e-06,6.150372705074348e-06,6.150369293208642e-06,6.150361900832944e-06,6.150351096591541e-06,6.1503402923501374e-06,6.150328919464449e-06,6.150310154203064e-06,6.150287408431687e-06,6.1502731923245775e-06,6.150245897398926e-06,6.150211778741862e-06,6.1501719736419534e-06,6.150127050743486e-06,6.15006165665078e-06,6.149992850692367e-06,6.149906985405422e-06,6.149809178588504e-06,6.1496869200673575e-06,6.149560112391936e-06,6.149401460636587e-06,6.149186513097083e-06,6.148939152833368e-06,6.14861275101412e-06,6.148254789437089e-06,6.1478285905459275e-06,6.147299467039291e-06,6.146673389682162e-06,6.146035370795062e-06,6.1452156700590945e-06,6.14384751191082e-06,6.142439548662638e-06,6.140701487407359e-06,6.138815578638135e-06,6.1364946569913425e-06,6.133688681769955e-06,6.1303066698884655e-06,6.126222950960024e-06,6.121292520692105e-06,6.115366394282196e-06,6.108194083923017e-06,6.099504061968765e-06,6.089130568610538e-06,6.076545333308123e-06,6.061419963987279e-06,6.043216807477102e-06,6.021275952085543e-06,5.994846218712903e-06,5.962908596801532e-06,5.924367593137529e-06,5.877785959292062e-06,5.82138895645351e-06,5.753100464339515e-06,5.669953581396204e-06,5.568277140123469e-06,5.4429903038401655e-06,5.2867407862711014e-06,5.087488397660463e-06,4.822190249993516e-06,4.39929489780347e-06,3.5282489948201723e-06,2.7410940458263274e-06,2.1723326207004214e-06,1.7496468139291774e-06,1.4216516533967743e-06,1.1492852572746948e-06,8.896252176876073e-07,6.214110621302405e-07,4.272787466563695e-07,2.934630990734428e-07,2.012176232575364e-07,1.3755675833001607e-07,9.367277296975873e-08,6.336175803392422e-08,4.2432805146460064e-08,2.7926689451331397e-08,1.7824723738906436e-08,1.0865654986378619e-08,6.206183719977823e-09,3.6728734329610375e-09,2.209183044906894e-09,1.0514232818617367e-09,0.0,0.0,0.0,0.0,0.0,0.0,0.0
1/0.4,3e-05,1.360544217687e-05,0.5,1.6286605032626062e-06,1.6286605032626062e-06,1.628660059192659e-06,1.6286597631460274e-06,1.62865931907608e-06,1.6286590230294485e-06,1.6286582829128695e-06,1.6286578388429222e-06,1.6286575427962905e-06,1.6286568026797117e-06,1.6286563586097645e-06,1.6286553224465538e-06,1.6286542122716855e-06,1.6286526580268698e-06,1.6286507337237645e-06,1.6286484393623698e-06,1.6286457009310278e-06,1.6286418523248174e-06,1.6286369675553967e-06,1.6286316387160285e-06,1.6286252737134498e-06,1.6286200928973973e-06,1.6286101753352397e-06,1.628599665679819e-06,1.6285845673016091e-06,1.6285721333430835e-06,1.6285548146151367e-06,1.6285315749545584e-06,1.6285038205828491e-06,1.6284730317331662e-06,1.6284311411347993e-06,1.6283830335571695e-06,1.628327228767119e-06,1.628258841995227e-06,1.6281763930083354e-06,1.6280735908155234e-06,1.6279550241395805e-06,1.6278015979727706e-06,1.6276210835391723e-06,1.6274211780512061e-06,1.627203583777004e-06,1.6269246338384094e-06,1.6265438438585555e-06,1.6261014761793353e-06,1.625570960615566e-06,1.624924616807196e-06,1.6241585961480146e-06,1.6232341905409446e-06,1.6221177246816451e-06,1.6207747091375383e-06,1.6191612549954947e-06,1.617213416183095e-06,1.6148631019750794e-06,1.612036744783503e-06,1.6086288039842115e-06,1.6045399559323146e-06,1.5996045625374502e-06,1.593654765359519e-06,1.5864919171087393e-06,1.577823005631517e-06,1.5673799607029674e-06,1.5547509074469224e-06,1.5394641695676361e-06,1.520918920426343e-06,1.4983540241332815e-06,1.470749896089333e-06,1.436688398917631e-06,1.3941042373047006e-06,1.339516642979886e-06,1.265608823443991e-06,1.1507623434850773e-06,9.872599335230963e-07,7.702445044972328e-07,6.107752858204138e-07,4.89950070125333e-07,3.930118209682369e-07,3.063967178539053e-07,2.1609864661955616e-07,1.4875543910370088e-07,1.0232481761846986e-07,7.032661744547847e-08,4.8259153505108704e-08,3.3046353272056726e-08,2.2548095646719868e-08,1.5291696660364757e-08,1.0250466594714722e-08,6.761409018373971e-09,4.303925929730758e-09,2.5724972050072517e-09,1.4248724377351865e-09,9.090111822285248e-10,5.943136128720937e-10,3.3024001751373375e-10,1.013959713119263e-10,0.0,0.0,0.0,0.0,0.0,0.0
1/0.3,3e-05,6.52095157589663e-06,0.5,3.859256131242242e-07,3.859255621111332e-07,3.8592554510676956e-07,3.859254600849513e-07,3.859252900413147e-07,3.859251540064055e-07,3.859251029933145e-07,3.8592494995404165e-07,3.85924881936587e-07,3.859246268711322e-07,3.859242867838591e-07,3.8592409973585886e-07,3.859237766529494e-07,3.859232665220398e-07,3.859226713693119e-07,3.8592194018167464e-07,3.859206308456732e-07,3.859196275882176e-07,3.859182502347615e-07,3.8591668583330524e-07,3.859150024013034e-07,3.859129448733011e-07,3.8591010514457074e-07,3.8590694233293087e-07,3.859039495649276e-07,3.8589986851765035e-07,3.8589476720855386e-07,3.858876933932733e-07,3.8587934425071864e-07,3.8587045096852706e-07,3.8585881998378694e-07,3.8584445129649834e-07,3.8582737891538864e-07,3.858064465437292e-07,3.857818752382476e-07,3.857516924927598e-07,3.857148780454465e-07,3.8567172097048983e-07,3.856242787958921e-07,3.855691846576496e-07,3.8550405794485054e-07,3.854222839600331e-07,3.853222983017411e-07,3.851979283859677e-07,3.850513507712607e-07,3.848729920008823e-07,3.846576487395541e-07,3.8439811113708625e-07,3.840857749854693e-07,3.8370870322141737e-07,3.832560130521912e-07,3.827094928043162e-07,3.820501826123168e-07,3.812497872150711e-07,3.8029035000455923e-07,3.7913605979092346e-07,3.7774418460829865e-07,3.760672482733596e-07,3.7404306582821974e-07,3.716013242291652e-07,3.6864599983463546e-07,3.650750324539728e-07,3.6074209953792487e-07,3.5547067878738813e-07,3.490275723591965e-07,3.4108964633081203e-07,3.311808635417101e-07,3.1851572441720684e-07,3.0145079121876383e-07,2.782491702251941e-07,2.4910709179307766e-07,2.061107420816929e-07,1.6252602438347785e-07,1.2942975122700362e-07,1.0267083436114993e-07,7.766579857577457e-08,5.398334519112952e-08,3.720922061991607e-08,2.5646219325718344e-08,1.767703927693579e-08,1.2179205424331366e-08,8.385412862332178e-09,5.766349759082164e-09,3.95339551926599e-09,2.691824775330202e-09,1.792566007793706e-09,1.1253487866947528e-09,7.459644291857375e-10,4.839101808969369e-10,3.00518118876645e-10,1.7461781037425836e-10,1.1246686121485487e-10,6.458257316208328e-11,2.079633675019164e-11,0.0,0.0,0.0,0.0,0.0,0.0
1/0.2,3e-05,2.6041666666666645e-06,0.5,6.566403267266518e-08,6.5664019114809e-08,6.566400826852407e-08,6.566399199909666e-08,6.566397572966925e-08,6.566395946024185e-08,6.56639323445295e-08,6.566390522881716e-08,6.566386455524865e-08,6.566380490068149e-08,6.56637506692568e-08,6.566370186097459e-08,6.566364220640742e-08,6.56635147625594e-08,6.566340901128127e-08,6.566328970214696e-08,6.566311073844549e-08,6.56629209284591e-08,6.566264977133566e-08,6.566225659350667e-08,6.566186883882016e-08,6.566132381300205e-08,6.566056186148519e-08,6.565961823469564e-08,6.565849022106215e-08,6.565740288099716e-08,6.565619352022665e-08,6.56546913097628e-08,6.56530264050249e-08,6.565119338287048e-08,6.564859569762796e-08,6.564535808157413e-08,6.56415835744159e-08,6.563672443876393e-08,6.563173785926393e-08,6.562561241984552e-08,6.56176485351302e-08,6.560668836420092e-08,6.559245261522051e-08,6.557767997513572e-08,6.556174135942014e-08,6.554081616420459e-08,6.55165503132283e-08,6.548678539578871e-08,6.545061303552233e-08,6.540687539151211e-08,6.535381265402689e-08,6.528989007374807e-08,6.521407454203534e-08,6.512226345161112e-08,6.501118935913801e-08,6.487706691117282e-08,6.471655274038358e-08,6.452213579445115e-08,6.428820040934914e-08,6.400640579196068e-08,6.366577821350026e-08,6.325585372057453e-08,6.275961720368787e-08,6.215977968464997e-08,6.143286437971377e-08,6.054804614708702e-08,5.946775074417521e-08,5.813854937137648e-08,5.648192034888621e-08,5.437289007008396e-08,5.161768694299105e-08,4.8141265522125325e-08,4.3929620542061304e-08,3.852273394288969e-08,3.073859928469778e-08,2.4344920393488813e-08,1.9182278573252243e-08,1.4335312452977491e-08,9.963174994694127e-09,6.887808517246538e-09,4.7669042680090155e-09,3.3031981157010524e-09,2.2919881246982833e-09,1.5915513128656061e-09,1.103826418083597e-09,7.580034691381571e-10,5.083002973083392e-10,3.686218398839454e-10,2.702026503615856e-10,1.967353393378139e-10,1.407034313509822e-10,9.790941413029998e-11,6.392800342129036e-11,3.8336194111393066e-11,2.0146974271300785e-11,1.1871258864031608e-11,5.976303000531216e-12,4.175819700915641e-13,0.0,0.0,0.0,0.0,0.0,0.0
0.2,0.0001,8.680555555555554e-06,0.5,7.295996700729753e-07,7.295994893015597e-07,7.295993085301442e-07,7.295993085301442e-07,7.295990072444515e-07,7.295986457016201e-07,7.295984649302045e-07,7.295980431302347e-07,7.295974405588493e-07,7.295966572160483e-07,7.295957533589701e-07,7.295949097590306e-07,7.295941866733681e-07,7.295928007591817e-07,7.295912943307181e-07,7.295897879022546e-07,7.295877994166827e-07,7.295850878454483e-07,7.295819544742442e-07,7.295785800744858e-07,7.295744825890651e-07,7.295702043322286e-07,7.295636363041276e-07,7.295563451903641e-07,7.295477886766912e-07,7.2953585776326e-07,7.295203114215164e-07,7.295022342799539e-07,7.294821987813889e-07,7.294574330974484e-07,7.294290519851954e-07,7.293885591880956e-07,7.293445714769604e-07,7.292894663237642e-07,7.292310168993792e-07,7.291562377904492e-07,7.290626584542945e-07,7.289485314338971e-07,7.288310902708799e-07,7.286730960536244e-07,7.284542119978728e-07,7.282276451569572e-07,7.279663400756725e-07,7.276304065283043e-07,7.272240926431197e-07,7.267253443074125e-07,7.261531726483928e-07,7.254604264551517e-07,7.246066129305895e-07,7.235728414617735e-07,7.22347361906688e-07,7.20862053570212e-07,7.190680780415577e-07,7.169142770101036e-07,7.14308426925312e-07,7.111810814350138e-07,7.073983491773704e-07,7.028408306323617e-07,6.973239883132049e-07,6.906590968619882e-07,6.825831639975479e-07,6.727528746730442e-07,6.607544129895442e-07,6.45979724162027e-07,6.275808697369379e-07,6.041537077434162e-07,5.734712247266801e-07,5.348040984103937e-07,4.879924967345762e-07,4.2788904402503716e-07,3.413729592643741e-07,2.703686587784358e-07,2.1302959268519076e-07,1.5918007774201612e-07,1.1062282676265457e-07,7.647842049386928e-08,5.292667686641328e-08,3.667635097315591e-08,2.5448879377293088e-08,1.7671912305725818e-08,1.2255880179348705e-08,8.415813254383074e-09,5.644165652894812e-09,4.093869992501959e-09,3.0006849850840827e-09,2.1848033292336774e-09,1.5621663166855062e-09,1.0872195507022792e-09,7.100098634331849e-10,4.2541539810220536e-10,2.2373475540417683e-10,1.3172210485147606e-10,6.634310953406913e-11,4.398771113521387e-12,0.0,0.0,0.0,0.0,0.0,0.0
0.3,0.0001,2.173650525298e-05,0.5,4.2880623680470725e-06,4.288061423360203e-06,4.288061045485455e-06,4.28806028973596e-06,4.288059156111715e-06,4.288058022487472e-06,4.288055944176359e-06,4.288054243739993e-06,4.288052921178375e-06,4.288051031804636e-06,4.2880468751824096e-06,4.2880423406854344e-06,4.2880383730005815e-06,4.288032327004615e-06,4.2880255252591536e-06,4.288016834139952e-06,4.2880090877076205e-06,4.287997751465183e-06,4.287983959036885e-06,4.287971678107579e-06,4.287954295869176e-06,4.287934079570164e-06,4.287903471715584e-06,4.287871541299387e-06,4.28782808570338e-06,4.287776505800293e-06,4.287719068838614e-06,4.287636692143574e-06,4.2875480805151925e-06,4.287461736135299e-06,4.287347240086689e-06,4.287198546373393e-06,4.287024346114615e-06,4.286814058817414e-06,4.286544634122168e-06,4.286240633887489e-06,4.28585614633151e-06,4.285410443066372e-06,4.284847031817267e-06,4.28419689831352e-06,4.283434724947023e-06,4.282546908226853e-06,4.28144351396301e-06,4.280064082195834e-06,4.27836251220608e-06,4.276314620009883e-06,4.273908313615312e-06,4.271037410218209e-06,4.267607063256852e-06,4.263429846856289e-06,4.258425273695218e-06,4.2523615176158076e-06,4.244950260185418e-06,4.236072848733209e-06,4.225395997731543e-06,4.212576596909335e-06,4.19712945509029e-06,4.178480202657616e-06,4.156023484265189e-06,4.128877718126181e-06,4.096070632514267e-06,4.0563473053917e-06,4.008199071827525e-06,3.949605624482142e-06,3.878014986245666e-06,3.7898141077161364e-06,3.6796651302048427e-06,3.5389708363851374e-06,3.3494473787055575e-06,3.0909338168044888e-06,2.7669630906373403e-06,2.2892997461351513e-06,1.8052642997592732e-06,1.4376904174955855e-06,1.1404896610306677e-06,8.628201166600024e-07,5.993061382200895e-07,4.1308190496434724e-07,2.8472106504106296e-07,1.962569967496276e-07,1.3520868610456863e-07,9.309246714098076e-08,6.402388534732821e-08,4.389997671100829e-08,2.987817844100946e-08,1.989756166233308e-08,1.2493483852152868e-08,8.282069786905422e-09,5.369978042281873e-09,3.335311462261695e-09,1.9394421435515948e-09,1.2492539165283142e-09,7.164505220017193e-10,2.3031465883968768e-10,0.0,0.0,0.0,0.0,0.0,0.0
0.4,0.0001,4.5351473922899995e-05,0.5,1.8096240971658732e-05,1.809623932695522e-05,1.8096237682251713e-05,1.80962360375482e-05,1.80962360375482e-05,1.809622945873417e-05,1.809622616932715e-05,1.8096221235216623e-05,1.80962163011061e-05,1.8096209722292065e-05,1.8096208077588557e-05,1.8096196564663995e-05,1.8096178472925397e-05,1.809615380237277e-05,1.80961406447447e-05,1.8096109395378035e-05,1.8096064988383298e-05,1.8096015647278037e-05,1.809597452969032e-05,1.8095913675660496e-05,1.8095854466334184e-05,1.809577058645524e-05,1.80956505230991e-05,1.8095530459742967e-05,1.80953857258342e-05,1.809520645315175e-05,1.809498688523334e-05,1.809475169263159e-05,1.809440959430178e-05,1.8094034601901795e-05,1.8093616847210583e-05,1.809307820681148e-05,1.8092487758251854e-05,1.8091769845170302e-05,1.809085539001946e-05,1.8089732057523012e-05,1.8088408071198503e-05,1.8086818465257333e-05,1.8084857156323196e-05,1.8082488783270654e-05,1.8079718280210234e-05,1.8076237265234052e-05,1.807208438887456e-05,1.8067570500094907e-05,1.806197604111003e-05,1.8054738523319956e-05,1.804617948626063e-05,1.8035867195261024e-05,1.802344063790097e-05,1.8008514131207677e-05,1.799054656772678e-05,1.7968861151964446e-05,1.7942704609713687e-05,1.7911486492414873e-05,1.787379482210578e-05,1.7828187193809267e-05,1.7773285345985038e-05,1.7707176488452462e-05,1.7627349981305498e-05,1.753133794692932e-05,1.7415188985144264e-05,1.7274714036113637e-05,1.710489922119114e-05,1.689882116095687e-05,1.6647947133607632e-05,1.634120335041929e-05,1.596272088958806e-05,1.5489297096364827e-05,1.4882735376463317e-05,1.4061389358304182e-05,1.2781636512308085e-05,1.0956468733457274e-05,8.556438427780069e-06,6.785199654628088e-06,5.443323890052771e-06,4.366626961593692e-06,3.4058043294337177e-06,2.398740858126378e-06,1.6510109466653222e-06,1.135761520863852e-06,7.805812193440176e-07,5.356865116006934e-07,3.667705271457097e-07,2.5023670473961234e-07,1.6969721862162068e-07,1.1376085229041328e-07,7.504453169539348e-08,4.774574285783451e-08,2.8537250579617174e-08,1.580231131168012e-08,1.0083677211897464e-08,6.588682255889943e-09,3.6578206033697534e-09,1.1216877929398257e-09,0.0,0.0,0.0,0.0,0.0,0.0
0.5,0.0001,8.888888888888e-05,0.5,6.833775882296718e-05,6.833775882296718e-05,6.833775882296718e-05,6.833775882296718e-05,6.833774618642754e-05,6.833772723161806e-05,6.833771459507839e-05,6.833770827680857e-05,6.833768932199909e-05,6.833765773064995e-05,6.833761350276117e-05,6.833757559314221e-05,6.833749345563446e-05,6.833741131812671e-05,6.833734181715862e-05,6.833720913349226e-05,6.833705117674659e-05,6.833690585654058e-05,6.833671630844578e-05,6.833652044208115e-05,6.833620452858982e-05,6.833594547952692e-05,6.833557901987698e-05,6.83352315150365e-05,6.833468182556159e-05,6.83340689533884e-05,6.833334235235832e-05,6.83325083407412e-05,6.833124468677585e-05,6.832997471454069e-05,6.832845832978228e-05,6.832654073488987e-05,6.832431670391088e-05,6.832159668875048e-05,6.831824168747249e-05,6.831421694959289e-05,6.830942770106425e-05,6.830354539185558e-05,6.82965952950462e-05,6.828828992935901e-05,6.827825967600912e-05,6.826609700659271e-05,6.825062672292203e-05,6.823178880143372e-05,6.82077003977194e-05,6.818388052047275e-05,6.815239974106118e-05,6.811477444424317e-05,6.806916285436419e-05,6.801413388330852e-05,6.794765936646177e-05,6.786828610176382e-05,6.777255799561942e-05,6.76564439918792e-05,6.751617208345654e-05,6.734903173259585e-05,6.714552342061263e-05,6.690247853518884e-05,6.660919392723801e-05,6.62541355951915e-05,6.582531146291822e-05,6.530764613861167e-05,6.468108227470697e-05,6.39221696127423e-05,6.299786991979385e-05,6.18678126108039e-05,6.047535755591095e-05,5.873824404110624e-05,5.652360201106911e-05,5.3573841923234685e-05,4.885202828845389e-05,3.920277924565204e-05,3.0456827966894686e-05,2.4137812584351693e-05,1.9442529364573218e-05,1.579897270360814e-05,1.2774467483723819e-05,9.915962166996475e-06,6.89462240029533e-06,4.740522031737672e-06,3.255873942668377e-06,2.2322447297743257e-06,1.5262159862591767e-06,1.0391089739694747e-06,7.028316989828375e-07,4.706858290100996e-07,3.097089503653493e-07,1.9769866287755066e-07,1.2047676905558123e-07,6.878068533349367e-08,4.0664384604663346e-08,2.447065903882243e-08,1.1619298211307629e-08,0.0,0.0,0.0,0.0,0.0,0.0,0.0
0.6,0.0001,0.00017578124999999002,0.5,0.00026457038363088725,0.00026457035891521043,0.00026457035891521043,0.0002645701859054727,0.0002645701117584423,0.000264570012895735,0.0002645699881800582,0.0002645699634643814,0.0002645698151703205,0.0002645697410232901,0.0002645695185821987,0.00026456917256272326,0.00026456899955298554,0.00026456872768054057,0.0002645682086513274,0.0002645678379161752,0.0002645673683183157,0.00026456652798530396,0.0002645656876522922,0.0002645646248781891,0.00026456366096679323,0.000264562351035922,0.000264561139967758,0.0002645592121449663,0.0002645567900086383,0.0002645541207155422,0.0002645511548343242,0.00026454680487520457,0.00026454183702416447,0.0002645363254282345,0.00026452877478896713,0.0002645198524296365,0.0002645100403059404,0.00026449703985993505,0.0002644820374441076,0.0002644645511027601,0.00026444334505205177,0.00026441686220434314,0.0002643864989953744,0.0002643482144119861,0.00026430342960559504,0.00026424733737706054,0.00026418299011246946,0.0002641046661326388,0.00026399326021938957,0.0002638847707560047,0.0002637460293041967,0.0002635763314671764,0.00026337299559400914,0.0002631259006150388,0.0002628327479723213,0.00026247739832889575,0.0002620502743599959,0.00026153145523010775,0.00026090763154726576,0.00026016032834304985,0.00025925646368404144,0.0002581676392575787,0.00025685393924560336,0.00025526837914648776,0.0002533513818212663,0.0002510343489089356,0.00024822485613604125,0.0002448084822767625,0.00024063457292306586,0.0002354985934914586,0.0002291102830734107,0.00022100845949736948,0.00021036616093274033,0.00019513309840923183,0.0001588901905777928,0.00012149764539708463,9.498489171953289e-05,7.58517201100981e-05,6.166951873346258e-05,5.072974228267314e-05,4.1780665305371155e-05,3.3766532950674005e-05,2.4903812548167973e-05,1.7114271548700015e-05,1.1744642466310385e-05,8.044853940979744e-06,5.492836731318601e-06,3.73182004248449e-06,2.5171186739966087e-06,1.6770081033357019e-06,1.095917825709019e-06,6.941150677073609e-07,4.183622614685407e-07,2.5568367666403107e-07,1.4102765191348103e-07,6.285196614370528e-08,5.734037021368313e-09,0.0,0.0,0.0,0.0,0.0,0.0,0.0
0.7,0.0001,0.00037677816224529,0.5,0.0012082900617979384,0.0012082900617979384,0.0012082899482355456,0.0012082897211107598,0.0012082893804235815,0.0012082889261740102,0.0012082885854868316,0.0012082879041124747,0.001208287109175725,0.0012082863710201717,0.001208284781146672,0.0012082839862099224,0.0012082823963364229,0.0012082806929005305,0.0012082793301518167,0.0012082763775296032,0.0012082731977826043,0.0012082691095364627,0.0012082639992287857,0.0012082571854852163,0.00120824969036729,0.001208240718938257,0.0012082325424459738,0.0012082188013964423,0.0012082027890990543,0.0012081842784290244,0.001208162815136781,0.0012081355601625036,0.0012081025702873889,0.0012080623692003298,0.0012080132534654342,0.0012079586299544867,0.0012078937290469888,0.0012078102606882643,0.0012077100986577951,0.0012075928454872062,0.0012074508924961784,0.0012072810599377127,0.0012070747170699547,0.0012068251069305314,0.001206516387565644,0.0012061494674744354,0.0012057060063304645,0.0012051703325235222,0.0012045071281494401,0.0012037734015294156,0.001202850139275771,0.0012017504578448767,0.001200418257414679,0.0011988063528109599,0.0011968610858031114,0.0011945127858631367,0.0011917158576903175,0.0011883115410594887,0.0011842142667076586,0.0011792745865258731,0.0011733202831454173,0.0011661325786165191,0.0011574462479707422,0.0011469328119868482,0.0011341758373703578,0.001118656798235645,0.001099671494184819,0.0010762748589848126,0.0010470818856927661,0.001009912517053671,0.0009607392060248902,0.0008887476330627466,0.0007685374681082788,0.0006304620649833903,0.00048539678301790017,0.00037630238897885544,0.00029874506636329734,0.0002424762634685898,0.00020041695497576538,0.00016763807878676748,0.00014051858444406607,0.0001161790974776532,9.071102745137285e-05,6.241559453099712e-05,4.27147906241944e-05,2.917486009039118e-05,1.9846277332008022e-05,1.341853233587624e-05,8.975517279098803e-06,5.91035473443364e-06,3.7824226177304496e-06,2.3756116954485026e-06,1.4395168914147532e-06,7.470134199847148e-07,2.2689766085884165e-07,0.0,0.0,0.0,0.0,0.0,0.0,0.0,0.0,0.0
0.8,0.0001,0.00098765432098765,0.5,0.00827425127064095,0.008274244250370643,0.008274240350220473,0.008274235670040268,0.008274234109980199,0.008274231769890096,0.008274220849469618,0.008274209929049139,0.008274198228598628,0.008274182627997945,0.00827416585735221,0.008274146356601354,0.008274119835580193,0.008274083174168587,0.008274060163282578,0.008274024671916024,0.00827397865014401,0.008273917027771308,0.008273837464707823,0.008273755171539218,0.008273656107724878,0.008273540663279823,0.008273385437303023,0.008273204470335095,0.008272969681294809,0.00827268731042244,0.008272371398258602,0.00827196227250568,0.00827148177400463,0.008270943163266035,0.008270286377977266,0.008269553149745146,0.008268584742457723,0.00826742249770681,0.00826608045603302,0.008264468913982425,0.008262523909092224,0.008260170168464117,0.00825736128031107,0.008253918227740244,0.008249806299415118,0.008244773545634652,0.008238695941623417,0.008231270835728154,0.00822233949183691,0.008211501754542152,0.008198527124968786,0.008182922234120201,0.008164233494531523,0.008142262778574078,0.008115011649300317,0.008082221526753917,0.008042753567084988,0.007995106992507788,0.007937500994454305,0.00786777098957972,0.007783287106623828,0.007680244359079949,0.0075542886192973445,0.007398868415019025,0.007204898346421993,0.006958013380396978,0.006633250995790471,0.006174625706944981,0.005536943743725755,0.004861745065968075,0.0042216500798381434,0.003595174028089802,0.0029484339660987772,0.0023909523509027986,0.0018617608649860939,0.0014614802626364454,0.0011815606346493167,0.000978874120435453,0.0008257557847879681,0.000703763377608982,0.0005995494149687964,0.0005013763949282398,0.00039617764436991474,0.00030084783380390746,0.0002022251264486519,0.00013449823870181522,8.947607517457922e-05,5.9057243932055206e-05,3.838332790641588e-05,2.4563535791027578e-05,1.4773768847178112e-05,7.3771340481619314e-06,1.5959414499116376e-06,0.0,0.0,0.0,0.0,0.0,0.0,0.0,0.0,0.0,0.0,0.0
0.9,0.0001,0.0044875346260387795,0.5,0.1705286553371137,0.17052833325409986,0.17052791454618188,0.17052747973411322,0.1705271093386473,0.17052648127677034,0.1705257887982906,0.1705251768405643,0.17052413007076936,0.17052322823833066,0.17052168223986428,0.17051977389800732,0.17051770451464346,0.1705151359026082,0.17051236598868924,0.17050838826346845,0.170504209236364,0.17049931357455378,0.17049392673614747,0.1704859390774045,0.1704768241281131,0.1704658733056429,0.1704525873813224,0.1704368858343982,0.17041853515468525,0.1703958363542856,0.1703690309954596,0.17033613021559688,0.17029741583733451,0.1702507379565552,0.17019385809631288,0.17012607572605237,0.17004653732578706,0.16995079009785077,0.16984014653052487,0.16970573323677832,0.16954516680230877,0.16934835797670802,0.1691061273940819,0.16881233132094162,0.16846575389390997,0.1680209975121876,0.16749310345252041,0.1668611121627834,0.16610258250898796,0.16519573362732387,0.16408812235106424,0.1627495614497379,0.16114798755931808,0.15916468088090707,0.15678129878686725,0.15381564696835043,0.15014516478651893,0.1454914356321429,0.13940577371073123,0.13071898547378005,0.11937406222784148,0.10714301614217876,0.0952752877481915,0.08427552476402374,0.07391036999408034,0.06380375931141355,0.05523323499037961,0.04800657788832488,0.04189445684732709,0.03669827548105875,0.03225280520342513,0.028423294533515137,0.025086852697401976,0.022137329185802673,0.0194621801416097,0.01690833561250041,0.01469143017623392,0.012774617536028085,0.01109567125361097,0.009604692618064983,0.008242643812955098,0.006903583682957322,0.005571601327188458,0.004700841847224,0.0040396698364339985,0.0034972095724663485,0.003015896768674304,0.0025717362405275374,0.0021597034930103025,0.0018020786186042823,0.0013913825155944415,0.0010979809941461013,0.000876186578747492,0.0006964642570304124,0.0005449403031741398,0.00041289431957922985,0.0002939168542704678,0.00017969011341569666,2.0242917419208703e-05,0.0,0.0,0.0,0.0,0.0
1.0,0.0001,0.0044875346260387795,0.5,0.17052870364956577,0.1705284137748533,0.17052789844203117,0.17052741531751045,0.1705268999846883,0.17052635244356482,0.17052556334018093,0.17052475813264636,0.17052379188360486,0.17052268069720714,0.17052155340665873,0.1705195403878223,0.17051738243162964,0.17051504732977937,0.17051210832227817,0.17050844462799586,0.17050451521522714,0.17049934578285517,0.1704930893203115,0.17048533517175357,0.1704753264420988,0.17046369924529955,0.17045084813304773,0.17043474398235622,0.17041610342793084,0.17039292150301044,0.17036530288457452,0.1703312587100127,0.17029119158309228,0.17024189677782559,0.17018442106400763,0.17011474645604088,0.17003313867241174,0.16993607090411875,0.16982020153989344,0.1696875999630997,0.16953469910435928,0.16935939737200703,0.16916023734040533,0.16890617020702095,0.16856134008033932,0.16812615761620306,0.16760862657750583,0.16699349633354282,0.16625673143940695,0.1653773642908979,0.1643151345112869,0.1630274949344471,0.16147108513464153,0.15957912119895268,0.1572690371467852,0.15442863536027146,0.15090558667802062,0.14647778265369557,0.14077774267266707,0.13315671907640367,0.1223585075902153,0.1099919370244083,0.09859965952336139,0.08823694453224776,0.0788392466150959,0.0703407883684064,0.06267067126875998,0.05574961458230239,0.049493272819786924,0.04381530357728115,0.03860961271002948,0.03371450649301398,0.0289573967432739,0.024643118929248538,0.021071951044731498,0.018099471066321465,0.015594406009656715,0.013486573986023716,0.011697370635897283,0.010156686539241996,0.00880889795956943,0.007607222339120796,0.006497195440257455,0.005389994819840474,0.004418495825225371,0.0036077404107374214,0.0029366321389707674,0.0023761271741532986,0.0019209675110842409,0.0015599768691836981,0.0012193982382846247,0.0008852854238881865,0.0005980356880039974,0.00036391354525104906,0.00015459984663834808,6.903044193909157e-05,0.0,0.0,0.0,0.0,0.0,0.0,0.0,0.0
1/0.9,0.0001,0.00448753462603877,0.5,0.17052902573257958,0.1705288002744699,0.17052859092051093,0.17052810779599017,0.1705275280465653,0.17052701271374315,0.17052638465186618,0.17052549087150282,0.1705243957892558,0.1705233973319129,0.1705220767915562,0.1705203455953569,0.17051825205576698,0.17051567539165635,0.1705123418324632,0.17050895996081797,0.17050475677748753,0.17049963565756762,0.17049366101766109,0.17048570556721948,0.1704771381590516,0.17046600213884844,0.1704533764847063,0.17043760246910397,0.17041894581052788,0.17039768833161512,0.1703700375048778,0.17033981806610524,0.17030021795955486,0.1702541278802758,0.17019857661246546,0.17013328233348682,0.1700557972124347,0.1699578356637783,0.16984682975306184,0.1697088654940878,0.1695426223464995,0.16933317981468127,0.16907962801411905,0.16878044510257245,0.16844331275992136,0.16802925894149234,0.16749286189026003,0.16685246423386207,0.1660966239732321,0.16519000860175304,0.1640720745649002,0.16272728135725623,0.16112788152717974,0.15915129833168243,0.1567327769808338,0.15379210270003946,0.15009260083866188,0.1454501606939206,0.13939674733426866,0.13117569113531552,0.11922762718560373,0.10651024380113322,0.09480758295173378,0.08400299422187157,0.07395273196247432,0.06421595310043769,0.055205270132703835,0.047665153789514504,0.04133956417902561,0.03600720611450999,0.03148667439050331,0.027624472294689586,0.02428872293705616,0.021367872865763058,0.018760618920885427,0.016358886147132653,0.013994845138073322,0.011917433855096556,0.010111095688634376,0.008509054777844492,0.007022343742231749,0.005422549360463331,0.004353112973417904,0.003581442332658211,0.0029998570345855756,0.0025245752352274953,0.0021106744062300473,0.0017455127893004074,0.00141410547222014,0.0011540234385525026,0.0008946741437413278,0.000706319997253607,0.0005680578114917802,0.00045328352951349833,0.0003491379869916028,0.00024310825883880238,0.0001495753516226018,7.589886220901402e-05,1.3205403567025566e-06,0.0,0.0,0.0,0.0,0.0
1/0.8,0.0001,0.00098765432098765,0.5,0.008274249710580883,0.008274247370490779,0.008274244250370643,0.008274240350220473,0.008274234890010234,0.008274227089709891,0.008274223969589755,0.008274218509379516,0.008274208368989072,0.00827419510847849,0.008274179507877807,0.008274149866736509,0.008274128805925587,0.008274099164784287,0.008274072643763127,0.008274032862231384,0.008273976700068924,0.008273915077696224,0.008273846435053217,0.008273756731599287,0.008273665858100306,0.00827355041365525,0.00827340844818903,0.008273243081821787,0.008273009072811536,0.008272767263500942,0.008272458371607411,0.008272082397130941,0.008271603458689962,0.008271040667020307,0.008270389341941776,0.008269614382102827,0.008268621013854312,0.008267461109193502,0.008266107757084216,0.00826443771278106,0.008262520788972086,0.008260134287082544,0.008257300047953386,0.008253870255893142,0.00824968539475982,0.00824468969240598,0.008238624178860274,0.008231194782799822,0.008222100802646452,0.008211576637425432,0.00819860707804729,0.008182913653789826,0.00816426352568784,0.00814220739644165,0.008115003848999975,0.008082186815417397,0.008042763707475432,0.007995092951967172,0.00793756729700721,0.00786792621555652,0.007783439602495509,0.0076805684615591455,0.007554617011941731,0.007399312252108467,0.007205641325029539,0.006959323440839366,0.006635970570504605,0.006184718515557106,0.005532832205415645,0.0048598074713631974,0.004221906709719386,0.003601332755224591,0.002953178498781616,0.002375943793015335,0.0018345296264782051,0.001445924903695029,0.0011713633020126134,0.0009710898107094545,0.0008189554829500748,0.0006970293783239931,0.0005921250891035673,0.0004912629155202098,0.00038343156359656134,0.0002932144598895207,0.00020537644778669833,0.0001377026020821852,9.220774035424225e-05,6.116020490417727e-05,3.999252986690841e-05,2.5778042554230128e-05,1.5637652110021285e-05,7.983997414746122e-06,1.973475986449874e-06,0.0,0.0,0.0,0.0,0.0,0.0,0.0,0.0,0.0,0.0,0.0
1/0.7,0.0001,0.00037677816224529,0.5,0.0012082892668611887,0.0012082889261740102,0.0012082888126116172,0.001208288358362046,0.0012082876769876892,0.0012082872227381178,0.001208286427801368,0.0012082854057398327,0.0012082849514902614,0.0012082842701159043,0.0012082830209295835,0.0012082813174936911,0.0012082799547449771,0.0012082780241842992,0.0012082755258116572,0.0012082728003142294,0.0012082689391928734,0.0012082643966971605,0.00120825712870402,0.001208251223459593,0.0012082461131519163,0.001208238504471597,0.0012082264668579579,0.0012082145428067115,0.0012081981898221452,0.0012081807012136504,0.0012081571937983364,0.0012081305066360232,0.001208101207538675,0.0012080618581695622,0.0012080137077150053,0.0012079579485801298,0.00120789117389315,0.0012078064563481048,0.0012077087359090813,0.0012075910284889211,0.0012074454982825193,0.0012072737919445722,0.0012070652913913505,0.001206813864253642,0.0012065104823212173,0.0012061457766966688,0.0012057089021714816,0.0012051806667012688,0.001204547840267267,0.0012038091736831548,0.0012028616658586423,0.0012017370007013273,0.00120040542486429,0.0011987995390673907,0.0011968592688048263,0.0011945163630785105,0.0011917157441279247,0.0011883150614936664,0.0011842163108307295,0.0011792852613907985,0.001173320794176185,0.0011661325786165191,0.0011574455665963853,0.0011469344018603476,0.0011341821968643558,0.001118660659357001,0.0010996806927386373,0.001076297855369359,0.0010471192477200049,0.001009977815429544,0.0009608963763765562,0.0008896922450462421,0.0007683728026386864,0.0006309568563289169,0.0004843630245560393,0.0003755745676032577,0.00029818247826925593,0.0002419866959931331,0.0001999524847891224,0.00016715861836427197,0.00013996757971409255,0.00011543446886791775,8.903223459828163e-05,6.276093776756956e-05,4.299858304385718e-05,2.939573894443044e-05,2.0011624175957206e-05,1.3533911726983641e-05,9.05989413696573e-06,5.974290361592564e-06,3.825349202217257e-06,2.406046416724864e-06,1.4633649939074243e-06,7.618900934444287e-07,2.3825390014106597e-07,0.0,0.0,0.0,0.0,0.0,0.0,0.0,0.0,0.0
1/0.6,0.0001,0.00017578124999999002,0.5,0.00026457030948385683,0.0002645702600525032,0.00026457023533682636,0.0002645701611897959,0.0002645701117584423,0.00026457006232708864,0.000264570012895735,0.00026456991403302774,0.00026456979045464367,0.0002645696668762596,0.0002645695185821987,0.0002645694197194914,0.00026456914784704643,0.0002645689748373087,0.0002645684558080956,0.00026456808507294334,0.00026456764019076065,0.0002645670964458707,0.0002645661819658285,0.0002645650944760486,0.0002645640564176223,0.000264562746486751,0.0002645611893991116,0.0002645592121449663,0.00026455698773405285,0.00026455431844095667,0.0002645511054029706,0.00026454717561035684,0.0002645421088966095,0.00026453583111469815,0.000264528317548946,0.00026451877729769495,0.00026450887866913,0.0002644971634383192,0.00026448248232629026,0.0002644635995492027,0.00026444178796441233,0.00026441578707240166,0.0002643836196190253,0.00026434481600642385,0.00026429995705300234,0.0002642443714958426,0.00026417862779551144,0.00026409819062531294,0.000264001206309486,0.00026388514149115695,0.0002637446328684566,0.0002635699671803962,0.00026336980727169985,0.00026312481312525885,0.00026283048648789264,0.0002624757918099027,0.0002620469006701105,0.0002615323079209579,0.0002609133037950951,0.00026016110688686955,0.0002592559322969899,0.0002581681088554382,0.00025685412461317947,0.00025526856451406387,0.00025335297598242095,0.0002510349915165328,0.00024822533809173915,0.0002448100022908867,0.00024063563569716893,0.00023550101562778655,0.00022911390392006426,0.0002210148608576649,0.00021038121277992144,0.0001952030561324602,0.00015883124368858606,0.00012144307318267437,9.493355725878555e-05,7.580095410991752e-05,6.162021095821418e-05,5.067692488131684e-05,4.171739317272158e-05,3.3665915430355086e-05,2.4968592337103343e-05,1.7158117159372028e-05,1.1777810904597782e-05,8.068729284784234e-06,5.51001412670589e-06,3.745290086349343e-06,2.5256455824982125e-06,1.6828657187411515e-06,1.0997981869691692e-06,6.969079391875963e-07,4.203395156138401e-07,2.5726547998027063e-07,1.4213985737021196e-07,6.351928941774382e-08,6.203634880876926e-09,0.0,0.0,0.0,0.0,0.0,0.0,0.0
1/0.5,0.0001,8.888888888888e-05,0.5,6.833770827680857e-05,6.833770195853875e-05,6.833768932199909e-05,6.833766404891978e-05,6.8337619821031e-05,6.833760718449135e-05,6.833758191141203e-05,6.833753768352325e-05,6.833751872871377e-05,6.833749345563446e-05,6.833743659120602e-05,6.833741131812671e-05,6.833734813542845e-05,6.833728495273017e-05,6.833719649695261e-05,6.833710804117503e-05,6.833699431231815e-05,6.833678580941388e-05,6.833664680747769e-05,6.833645725938288e-05,6.833625507474842e-05,6.833597707087605e-05,6.833566115738472e-05,6.833525678811581e-05,6.833470078037107e-05,6.833408474906295e-05,6.83333391932234e-05,6.833223981427356e-05,6.833112148051423e-05,6.832986414481872e-05,6.832833512352066e-05,6.832638909641403e-05,6.83241334740859e-05,6.832133132141776e-05,6.83180521393777e-05,6.831389787696665e-05,6.830914337892204e-05,6.830315365912633e-05,6.82959792637381e-05,6.828756964659876e-05,6.827721084321788e-05,6.826471330550067e-05,6.824980534784455e-05,6.823197203125868e-05,6.821050570952246e-05,6.818439545946361e-05,6.81545100431833e-05,6.811399413791957e-05,6.806803820233504e-05,6.801394433521372e-05,6.794800055303241e-05,6.786793227865352e-05,6.777244742589747e-05,6.765713268329029e-05,6.75176031715723e-05,6.734966355957851e-05,6.714666386831637e-05,6.69022573957449e-05,6.660826198243856e-05,6.625368067976397e-05,6.582558630765568e-05,6.530797468864265e-05,6.468151191705519e-05,6.392209379350438e-05,6.2997974171246e-05,6.18680716598668e-05,6.0475464966498e-05,5.873890430030313e-05,5.652377576348934e-05,5.3573797695345905e-05,4.890935395059157e-05,3.920346793706315e-05,3.045443334263036e-05,2.4133857347440174e-05,1.9437285200617053e-05,1.5792869254955546e-05,1.2766310597377544e-05,9.875923291104656e-06,6.903701754036302e-06,4.746852938104029e-06,3.260201957499669e-06,2.235334363719584e-06,1.528124103746841e-06,1.0405621760296166e-06,7.038489404249367e-07,4.713429290720767e-07,3.102523215704458e-07,1.9806512252749947e-07,1.2069159022968913e-07,6.895127861881466e-08,4.080338654085082e-08,2.4533841737089462e-08,1.167616263974796e-08,0.0,0.0,0.0,0.0,0.0,0.0,0.0
1/0.4,0.0001,4.5351473922899995e-05,0.5,1.8096240971658732e-05,1.809623932695522e-05,1.8096237682251713e-05,1.8096234392844693e-05,1.8096231103437678e-05,1.8096224524623642e-05,1.8096221235216623e-05,1.80962163011061e-05,1.8096208077588557e-05,1.8096201498774518e-05,1.8096194919960487e-05,1.809617518351838e-05,1.80961603811868e-05,1.8096143934151714e-05,1.8096129131820136e-05,1.8096097882453473e-05,1.8096066633086805e-05,1.8096030449609615e-05,1.809596959557979e-05,1.8095918609771023e-05,1.809586104514822e-05,1.809576894175173e-05,1.8095675193651734e-05,1.8095546906778053e-05,1.8095413685793848e-05,1.8095229479000874e-05,1.8095018956951757e-05,1.8094767317314925e-05,1.8094459757758797e-05,1.809408065360004e-05,1.8093638228356196e-05,1.809314975141411e-05,1.8092527231136064e-05,1.8091762444004515e-05,1.809083400887385e-05,1.8089756728075644e-05,1.8088459879359027e-05,1.8086806952332774e-05,1.808495995029249e-05,1.8082571840797846e-05,1.807979475892339e-05,1.807642722848931e-05,1.8072345896732446e-05,1.8067491554326487e-05,1.8061598581654782e-05,1.8054469614296283e-05,1.80458340985238e-05,1.803612130195312e-05,1.802362977880447e-05,1.800872383090504e-05,1.7990720906298703e-05,1.7969037957591633e-05,1.794301299162157e-05,1.7911620535750834e-05,1.7873737257482975e-05,1.7828229956100493e-05,1.777335360118065e-05,1.770719293548755e-05,1.762747909053093e-05,1.7531277092899497e-05,1.7415091947637247e-05,1.7274753508997847e-05,1.7104825209533248e-05,1.6898799779811256e-05,1.664791999599974e-05,1.6341117825836837e-05,1.59624445793986e-05,1.548912604719992e-05,1.4882123546758077e-05,1.4059502061027938e-05,1.2787020449243845e-05,1.0971675662098803e-05,8.557729520034406e-06,6.785711157419296e-06,5.443379809972068e-06,4.366302955002476e-06,3.4042254140653567e-06,2.4006092413122717e-06,1.6523892082056207e-06,1.1366233455024156e-06,7.811930490492575e-07,5.360680828147141e-07,3.670468373351729e-07,2.5046202912030555e-07,1.6984359723389583e-07,1.1384966627988357e-07,7.510045161468961e-08,4.7806596887656756e-08,2.857343405680878e-08,1.5820403050275927e-08,1.009847954347585e-08,6.601839883959618e-09,3.6693335279307196e-09,1.1266219034659537e-09,0.0,0.0,0.0,0.0,0.0,0.0
1/0.3,0.0001,2.173650525298e-05,0.5,4.288063123796569e-06,4.288063123796569e-06,4.288062556984447e-06,4.288061612297577e-06,4.288061234422829e-06,4.288060478673333e-06,4.28805934504909e-06,4.288058589299594e-06,4.28805651098848e-06,4.288054243739993e-06,4.288050653929888e-06,4.288046686245035e-06,4.288041207061191e-06,4.288034027440981e-06,4.288028548257136e-06,4.2880228801359186e-06,4.288013622204595e-06,4.28800096340054e-06,4.287993216968208e-06,4.287980558164154e-06,4.287959019303525e-06,4.287934646382285e-06,4.287908761962055e-06,4.287869651925648e-06,4.287827896766006e-06,4.287781796046763e-06,4.287727948895189e-06,4.2876601203779425e-06,4.28757812155765e-06,4.287480818810068e-06,4.2873631108261e-06,4.287217629048162e-06,4.287032848296443e-06,4.2868119805063e-06,4.286566172982797e-06,4.286258016125892e-06,4.285884675874976e-06,4.285449364165405e-06,4.284907680714303e-06,4.284274551574211e-06,4.283494618094564e-06,4.28256882496223e-06,4.281445970148872e-06,4.280102247545371e-06,4.278355899397992e-06,4.276326523064441e-06,4.27390680211632e-06,4.271122620973858e-06,4.267609141567966e-06,4.263420022112844e-06,4.258362735424442e-06,4.252248533066188e-06,4.244949693373295e-06,4.2361667506080605e-06,4.225498401788222e-06,4.2126276100003e-06,4.197141547082222e-06,4.178499663207132e-06,4.156004401590421e-06,4.1288200922271274e-06,4.096012061928344e-06,4.056281366248193e-06,4.0081123495728835e-06,3.949541196837626e-06,3.877913149001109e-06,3.7896518105119177e-06,3.679426880176297e-06,3.538573690025104e-06,3.3486765142198588e-06,3.0917842239246176e-06,2.767947832230345e-06,2.2901616784350914e-06,1.8058042827740098e-06,1.4381007894717953e-06,1.1408541212250087e-06,8.631534021876425e-07,5.996243087578138e-07,4.13284067954469e-07,2.848695698169842e-07,1.9634674200225173e-07,1.3528123805616376e-07,9.313913467234533e-08,6.405128126655032e-08,4.390961251707952e-08,2.989915048951742e-08,1.9910031529013495e-08,1.2499151973371237e-08,8.285848534384333e-09,5.372245290769221e-09,3.33682296125326e-09,1.939820018299486e-09,1.2492539165283142e-09,7.172062714975016e-10,2.3031465883968768e-10,0.0,0.0,0.0,0.0,0.0,0.0
1/0.2,0.0001,8.680555555555557e-06,0.5,7.295997905872524e-07,7.295997905872524e-07,7.295997905872524e-07,7.295996700729753e-07,7.295994290444212e-07,7.295991277587285e-07,7.295988867301743e-07,7.295985854444816e-07,7.295981636445118e-07,7.295975008159879e-07,7.295970187588795e-07,7.295966572160483e-07,7.29595512330416e-07,7.295946084733379e-07,7.295923187020733e-07,7.295906917593327e-07,7.295884622452067e-07,7.29585268616864e-07,7.295819544742442e-07,7.295779775031004e-07,7.295732473177249e-07,7.295680350752411e-07,7.295626721899109e-07,7.295545374762079e-07,7.295451674911647e-07,7.295328750349022e-07,7.295185338359294e-07,7.295014810657222e-07,7.294803308100941e-07,7.294558965404156e-07,7.294251653997595e-07,7.293886495738034e-07,7.293454753340385e-07,7.292927804663841e-07,7.292329451278125e-07,7.291586480759909e-07,7.29067720053932e-07,7.289597693902351e-07,7.288316928422653e-07,7.286744217106724e-07,7.284797911531836e-07,7.282513864695425e-07,7.279751677464688e-07,7.276277250856391e-07,7.272242734145353e-07,7.267493869056906e-07,7.261519976341912e-07,7.25443313427806e-07,7.245932659744026e-07,7.235687741049219e-07,7.223376303788135e-07,7.208517194709522e-07,7.190613894991796e-07,7.169011108253324e-07,7.143070108825562e-07,7.111617388935421e-07,7.073841887498132e-07,7.028180534339931e-07,6.973062124573352e-07,6.906316497353826e-07,6.825442981431887e-07,6.727078625905538e-07,6.606886121942571e-07,6.459003956391373e-07,6.274726479161175e-07,6.039846864698077e-07,5.73483246025819e-07,5.349452507574269e-07,4.881328657388084e-07,4.280009415313085e-07,3.416241712749531e-07,2.705631688216474e-07,2.1321376862914253e-07,1.5937157492830065e-07,1.1066500675963355e-07,7.650475286341187e-08,5.294698352210173e-08,3.6689607543635013e-08,2.5456592291026386e-08,1.767890213379662e-08,1.2260158436185143e-08,8.420212025496597e-09,5.6451297671114745e-09,4.0929058782852975e-09,3.0001426708372102e-09,2.1851648720649256e-09,1.561985545269882e-09,1.0869785221481137e-09,7.098893491561022e-10,4.2541539810220536e-10,2.2373475540417683e-10,1.3178236199001744e-10,6.634310953406913e-11,4.398771113521387e-12,0.0,0.0,0.0,0.0,0.0,0.0
0.2,0.0003,2.6041666666659997e-05,0.5,6.566401911485513e-06,6.566400826857018e-06,6.5663991999142786e-06,6.56639540371455e-06,6.566392692143316e-06,6.566389980572081e-06,6.5663888959435875e-06,6.566386184372353e-06,6.566379676601391e-06,6.566374795773169e-06,6.566365576430972e-06,6.566355814774529e-06,6.566343883861097e-06,6.566335749147394e-06,6.566323275919716e-06,6.5663070064923095e-06,6.566283686979694e-06,6.566260909781326e-06,6.566231082497748e-06,6.56620125521417e-06,6.566158412388666e-06,6.566103638649732e-06,6.566046153339565e-06,6.565977821744458e-06,6.56589593229318e-06,6.565801027299977e-06,6.565687683622381e-06,6.5655228200913324e-06,6.565336806304655e-06,6.565122863334263e-06,6.564857129353296e-06,6.564523063777223e-06,6.564080535351774e-06,6.56362173749892e-06,6.563025462984484e-06,6.562443017483343e-06,6.561554706746965e-06,6.56060891070042e-06,6.559356707104392e-06,6.557955095933349e-06,6.556243281013096e-06,6.554177606046759e-06,6.551605138416719e-06,6.5485898712041075e-06,6.545085978855064e-06,6.540589651434244e-06,6.53535686126617e-06,6.528843396004108e-06,6.521363255596995e-06,6.512178350354838e-06,6.501008303812004e-06,6.4876831004520994e-06,6.471570673020392e-06,6.452139553554949e-06,6.428734084131301e-06,6.400492527411166e-06,6.366468002719506e-06,6.325363294377802e-06,6.275748590874174e-06,6.215719555730728e-06,6.14289814097493e-06,6.054445602681525e-06,5.946319530454324e-06,5.8132749320547006e-06,5.647526344154552e-06,5.43651214185357e-06,5.16007206418139e-06,4.81172030390254e-06,4.390073688530373e-06,3.848356529643638e-06,3.069765998222296e-06,2.431453452625364e-06,1.9159539336894353e-06,1.4314216428784218e-06,9.938483427041018e-07,6.87090458217636e-07,4.755136048855229e-07,3.295030863145472e-07,2.2863100945351376e-07,1.587684612286523e-07,1.1012233096993839e-07,7.56116215559573e-08,5.07139744820389e-08,3.6776498337414567e-08,2.6967660554230897e-08,1.9636114250761005e-08,1.4034008080567644e-08,9.765994957680736e-09,6.3754462862336045e-09,3.821146183463931e-09,2.0043934564409157e-09,1.1838720009227592e-09,5.949187288191787e-10,3.9046625774823033e-11,0.0,0.0,0.0,0.0,0.0,0.0
0.3,0.0003,6.520951575896e-05,0.5,3.8592563012860026e-05,3.859255281024183e-05,3.859255281024183e-05,3.859253580587818e-05,3.8592532405005444e-05,3.859251880151452e-05,3.859250179715087e-05,3.8592474590169016e-05,3.859245758580536e-05,3.8592433779696244e-05,3.859238956835074e-05,3.8592365762241626e-05,3.8592328352641584e-05,3.8592273938677886e-05,3.8592229727332385e-05,3.85921651107505e-05,3.859206988631403e-05,3.859198826536848e-05,3.859185563133197e-05,3.8591692389440884e-05,3.859155975540437e-05,3.8591331896931396e-05,3.859108703409476e-05,3.8590801360785355e-05,3.859042046303948e-05,3.859005316878453e-05,3.8589461416929336e-05,3.858878464325586e-05,3.8588097666964194e-05,3.8587264453145094e-05,3.8586070746816506e-05,3.858481582477876e-05,3.8583166401504216e-05,3.858121430055661e-05,3.857891871146317e-05,3.85762694316057e-05,3.857280564272916e-05,3.856884022512479e-05,3.856384434308292e-05,3.855783840183994e-05,3.855090572277775e-05,3.854247155840482e-05,3.8532253636284464e-05,3.8519786036852545e-05,3.8504885112981575e-05,3.8487122354707454e-05,3.846533466355617e-05,3.84401835092739e-05,3.840854178938449e-05,3.836970892410533e-05,3.832458614471014e-05,3.8269855899849823e-05,3.820382115403159e-05,3.812416761336199e-05,3.802808105565609e-05,3.791233915400126e-05,3.7773207750138834e-05,3.760545800224487e-05,3.740297684158535e-05,3.715805789055179e-05,3.6863001573281154e-05,3.6505330087723326e-05,3.6071672902736306e-05,3.554401729590023e-05,3.4899332557080634e-05,3.410468463475031e-05,3.311245280849314e-05,3.184516009618737e-05,3.013868888201576e-05,2.78061527072269e-05,2.4886846955791357e-05,2.058878148741811e-05,1.6236461896366887e-05,1.2931395151051654e-05,1.0259322644543135e-05,7.76427236542971e-06,5.383771982078895e-06,3.710665029834968e-06,2.557570222964145e-06,1.7627981687791382e-06,1.2145774845385823e-06,8.361470718306061e-07,5.751147857974688e-07,3.9424617134358844e-07,2.6838157200487347e-07,1.7866995023327526e-07,1.1217948746908724e-07,7.43430779001151e-08,4.82056705258546e-08,2.992257872388668e-08,1.7415869255557616e-08,1.1216078266906662e-08,6.417446843436286e-09,2.0269201476884085e-09,0.0,0.0,0.0,0.0,0.0,0.0
0.4,0.0003,0.0001360544217687,0.5,0.00016286616874493112,0.00016286615394259956,0.0001628661095356048,0.00016286607993094165,0.0001628660651286101,0.00016286602072161535,0.00016286596151228903,0.0001628659023029627,0.00016286582829130481,0.0001628657838843101,0.0001628656506633259,0.0001628655026400101,0.00016286536941902588,0.00016286520659337855,0.0001628650289653996,0.0001628648069304259,0.00016286452568612593,0.00016286421483716277,0.0001628638447788733,0.0001628635191275786,0.0001628628234179944,0.00016286203889442075,0.0001628611951615208,0.00016285993696333662,0.00016285884159079983,0.00016285739096230515,0.00016285555547318942,0.00016285348314676844,0.00016285061149444224,0.0001628472809698371,0.0001628432399333162,0.00016283839957089008,0.00016283275988255872,0.00016282580278671686,0.00016281738766121457,0.00016280732947690705,0.00016279556162330223,0.00016278159562345802,0.00016276412887219552,0.00016274296153803844,0.0001627179307953394,0.00016268720115498265,0.00016265116487875508,0.00016260697991899359,0.00016255381734512982,0.00016248976025522437,0.00016241304717181938,0.00016231954824440453,0.00016220804228062456,0.00016207729328579268,0.00016191361650436467,0.00016171942471638785,0.00016148523702848622,0.00016120295656528642,0.00016086223649701515,0.00016045229332511756,0.00015995794725856004,0.00015936230143584582,0.00015864382586569417,0.00015777837794530073,0.0001567309057534879,0.00015546653499705696,0.00015393777239513875,0.0001520801611948751,0.00014982185827995035,0.00014705786331131328,0.00014364889374997699,0.0001393847860921916,0.00013391781136568351,0.00012651446223258317,0.00011495098441986986,9.83218452932358e-05,7.697885926847031e-05,6.104545192951772e-05,4.897496465558154e-05,3.929136815099153e-05,3.0665871912287635e-05,2.1545992601197255e-05,1.4828576112273502e-05,1.0199265329786213e-05,7.0091556420021425e-06,4.809514367122549e-06,3.292660240959122e-06,2.2469791312672686e-06,1.52333754739476e-06,1.0213608789085668e-06,6.735652961428322e-07,4.283350688837275e-07,2.56006324648169e-07,1.4170272019987987e-07,9.04570482755109e-08,5.904650066617787e-08,3.280196677770122e-08,9.961969152253124e-09,0.0,0.0,0.0,0.0,0.0,0.0
0.5,0.0003,0.00026666666666665996,0.5,0.0006150397725422812,0.0006150397725422812,0.0006150397156778528,0.0006150396019489959,0.0006150396019489959,0.0006150395450845675,0.0006150394313557105,0.0006150393176268537,0.0006150392038979967,0.0006150389195758546,0.000615038578389284,0.0006150381803382849,0.0006150377254228573,0.0006150370999141445,0.000615036644998717,0.0006150356783034335,0.0006150345410148647,0.000615033403726296,0.000615031982115585,0.0006150298212673042,0.0006150277741478803,0.0006150248171976014,0.0006150218033828941,0.0006150176522796179,0.0006150124776166298,0.0006150072460892133,0.0006150016733752262,0.0006149926034988899,0.0006149822541729139,0.0006149699145919423,0.0006149555278915469,0.0006149366489013047,0.0006149149266896405,0.0006148910436296956,0.0006148615309913351,0.0006148261613168451,0.0006147825463002314,0.0006147270466180737,0.0006146655193065011,0.0006145855679201141,0.0006144928789017564,0.0006143842678434353,0.0006142477079185359,0.0006140860992129084,0.0006138924474018549,0.0006136585355754655,0.0006133750948319048,0.0006130347612276893,0.0006126255363684185,0.0006121389758864688,0.0006115272567975219,0.0006108153710178775,0.0006099448050506702,0.0006089033614759997,0.000607648932184606,0.0006061332392767432,0.0006043082323103792,0.0006021148575765787,0.0005994692684756065,0.0005962726346308334,0.0005924122791773046,0.0005877473489257735,0.0005821047201238536,0.0005752626783650561,0.0005669393182453879,0.0005567588511895011,0.0005442113454353571,0.000528556056505878,0.0005085843594067785,0.00048195315536417495,0.0004388639072558,0.0003531170689153408,0.00027422415699922313,0.00021728631658177522,0.0001750077846296741,0.0001422171962916992,0.0001150123438949896,8.945144212448997e-05,6.192917248822643e-05,4.255932849973945e-05,2.9222345453344122e-05,2.0031234155676472e-05,1.3692158266433645e-05,9.320136685798761e-06,6.304047401323583e-06,4.221728896267086e-06,2.7756096166010176e-06,1.7728622854842133e-06,1.079514309511252e-06,6.155574378665878e-07,3.637617487328002e-07,2.1847313406775338e-07,1.0343639533296287e-07,0.0,0.0,0.0,0.0,0.0,0.0,0.0
0.6,0.0003,0.00052734374999999,0.5,0.00238113412000125,0.002381133675119067,0.0023811332302368844,0.0023811327853547016,0.0023811325629136105,0.0023811318955903366,0.002381131005825971,0.0023811301160616056,0.002381129003856149,0.0023811281140917835,0.00238112588968087,0.002381124332593231,0.002381123887711048,0.0023811205510946777,0.002381117436919399,0.002381113655420846,0.0023811096514812016,0.002381105647541558,0.0023810965274568127,0.0023810876298131587,0.0023810767301996826,0.00238106471838075,0.0023810498148276295,0.0023810297951294087,0.0023810111100777353,0.0023809841947056826,0.0023809521631885286,0.002380911901350995,0.002380864966280721,0.002380815584358442,0.002380757082351418,0.0023806801177338123,0.0023805920310616393,0.002380471690431221,0.002380329439353305,0.0023801660563717115,0.002379973978489334,0.002379736188962685,0.002379442233060471,0.0023791109070549106,0.0023786943861113653,0.0023781997883447568,0.0023775840714039104,0.0023768608041953984,0.002375990392204961,0.0023749544840425615,0.0023736963572299078,0.00237217819678147,0.002370350954436607,0.0023681503447199187,0.0023654668153939187,0.0023622448674063146,0.002358389963293285,0.0023537448372032486,0.0023481367636287746,0.002341385898947509,0.0023332401061824117,0.002323434902875872,0.0023115913606287816,0.0022973010775974288,0.002280022520944931,0.0022591394176277144,0.0022338153891423166,0.002203016640516707,0.0021653802751842063,0.0021190698194946617,0.002061418872086106,0.0019882327500784784,0.0018918394602312491,0.0017498362929116702,0.0014379722145361354,0.0010979948076102676,0.0008570495091982689,0.0006837832474748947,0.0005556640745333246,0.0004569754150644941,0.00037633673795294957,0.0003041365860827139,0.0002247086558313667,0.0001540066447113476,0.00010550581159531705,7.218502587602412e-05,4.924334147894411e-05,3.343400823478814e-05,2.25424026381136e-05,1.4996088614194321e-05,9.800309602530161e-06,6.201880067822947e-06,3.734118600428386e-06,2.276239687745498e-06,1.251898462096322e-06,5.541007585433436e-07,4.2931130629813456e-08,0.0,0.0,0.0,0.0,0.0,0.0,0.0
0.7,0.0003,0.0011303344867358701,0.5,0.01087460340175074,0.01087460135762767,0.0108745993135046,0.010874596247319993,0.010874594203196922,0.01087459011495078,0.010874582960520032,0.010874579894335427,0.010874570695781608,0.01087456149722779,0.0108745502545509,0.010874539011874011,0.01087452368095098,0.010874511416212556,0.010874487908797241,0.01087445929107425,0.010874435783658935,0.010874395923259055,0.010874352996674568,0.010874304959782404,0.01087423034929032,0.010874160849105913,0.010874070907690797,0.010873949282368085,0.0108738082378762,0.010873644196999769,0.010873454093554183,0.010873233839293305,0.010872936419386503,0.010872603738356731,0.010872184182096449,0.010871665996898,0.010871097730684318,0.010870394041317195,0.010869529377258247,0.010868401532353933,0.010867089205342479,0.01086555151376247,0.01086378896864467,0.010861524591312992,0.01085876093692127,0.010855480119392635,0.01085154160526597,0.010846777265418703,0.010840966334559185,0.010833992297672382,0.010825640010805092,0.010815642204865807,0.010803594654517277,0.010789054296083907,0.010771089520476177,0.01075022004598484,0.010724720121707373,0.010693978554845607,0.010657126082063682,0.010612546313043363,0.01055871126578923,0.010493777141291417,0.010415266973418883,0.010320249489688103,0.01020494306241809,0.010064596638561542,0.009892893877829684,0.009681009789895102,0.00941626519038039,0.00907804203193192,0.008625768559840447,0.007903428102788664,0.0068837970297196535,0.005624041797462187,0.0044958350833645445,0.0034487800551776765,0.002717509335460335,0.002195536376962245,0.0018095415513184022,0.0015104955446141248,0.0012636268013535624,0.0010396133981476193,0.0008064443677075611,0.0005820272501951347,0.0003920648491025844,0.00026491017348344645,0.00017892107032562216,0.00012030277508581496,8.020219074438844e-05,5.2640257319251475e-05,3.35818758686441e-05,2.101358516782794e-05,1.2694004269670381e-05,6.524840841994824e-06,1.8836594097425534e-06,0.0,0.0,0.0,0.0,0.0,0.0,0.0,0.0,0.0
0.8,0.0003,0.0029629629629629598,0.5,0.0744681982533359,0.07446815613171405,0.07446813507090312,0.07446808592901097,0.07446804380738913,0.07446798764522666,0.07446793850333451,0.07446785426009082,0.07446774193576591,0.07446764365198161,0.07446753483779184,0.07446736635130445,0.074467127662114,0.07446683983103139,0.07446659412157063,0.0744662922499474,0.07446588507426956,0.07446524622967157,0.07446455824318145,0.07446372985128515,0.07446288741884824,0.07446177119586936,0.07446033204045631,0.07445878758098866,0.07445684998638377,0.07445432970934338,0.07445162690527497,0.07444804305728298,0.07444376771266568,0.07443891670588319,0.07443274939841803,0.07442572561797534,0.07441670457063017,0.07440640583408901,0.07439379391848154,0.07437848621907597,0.07435998780681563,0.07433790905669846,0.0743112741511517,0.07427891772530429,0.07424010265077396,0.07419338626201251,0.07413728728198504,0.07406892388973033,0.0739866147305097,0.07388742182119946,0.07376877574286707,0.07362884420496224,0.07345865530203197,0.07325326325364459,0.07300592158003455,0.07270722662912496,0.0723488102387092,0.07190796183434245,0.0713781666051793,0.07073720539569642,0.06995922255035118,0.06901173878856581,0.06784781658306416,0.06640758706866363,0.06459718221108222,0.06225487253311026,0.058991362985384314,0.05421458854111344,0.0489473394016719,0.04287404388633076,0.03643286865619933,0.03092316746141695,0.02626442482182657,0.022275917918901468,0.01879436579569397,0.01565112751887661,0.012570832985636559,0.009282046954668352,0.007450570755758903,0.006100270903997812,0.004970210972324528,0.004109150248159994,0.0034229679674911673,0.0028480534610615237,0.0023349805157709055,0.0018294368103851126,0.0011929580434935918,0.0006162603884058363,0.0003695926607453364,0.00022522080187099825,0.0001309701628572649,6.303149695615098e-05,1.1393898709119902e-05,0.0,0.0,0.0,0.0,0.0,0.0,0.0,0.0,0.0,0.0,0.0
0.9,0.0003,0.013462603878116338,0.5,1.5347628259041346,1.5347615214679287,1.534759202470229,1.5347569559412075,1.5347528976952332,1.5347486945119029,1.5347445637972505,1.5347383314909329,1.5347314469665123,1.5347227507251389,1.5347139095464093,1.5347014449337741,1.534685211949877,1.5346655004694305,1.5346433975226066,1.534615859424924,1.5345849877680484,1.534545274932443,1.5344972281988551,1.534440702629928,1.5343706254181941,1.5342888082806059,1.5341914828459018,1.5340653873459875,1.53392175442597,1.533750510939592,1.5335360761210592,1.533283450309162,1.5329708204317878,1.5325854320015897,1.5320996019835287,1.5314905027439998,1.530709145456599,1.5297014684874555,1.528446818263307,1.526880335317244,1.5249501320757384,1.5226383087752962,1.5198848613504412,1.5166470332810873,1.5128732993370972,1.508538223012454,1.5030840853604093,1.4963954437767313,1.4881742345883464,1.4782212413991258,1.4662350669768027,1.4517369107650928,1.434242247182141,1.4127207890312332,1.3861876145081529,1.3528516602333684,1.3096547479905654,1.243970877398372,1.1312821554033166,0.9964301926439959,0.8694050645267762,0.7606645085839259,0.6657346709722175,0.581530994876504,0.5050576251436462,0.4345547323943792,0.3702074016326003,0.3160764877049782,0.2702977338670886,0.2316264905723628,0.19895268260948526,0.17130356291216234,0.1478544379234826,0.12786532997124722,0.11071409545386698,0.0958281593455812,0.0826658907461828,0.07024961471926651,0.059509539217074435,0.05048102895452509,0.04285739648584966,0.03641674271867004,0.03089854275517458,0.026145032283114045,0.02180452080761224,0.01801281463145053,0.01485607901290376,0.012177129389147598,0.010235331159143908,0.00854094099621365,0.007042651076253723,0.00569908178406233,0.004484289332875472,0.0034121877088906026,0.0024716167356785153,0.0016709103112220584,0.0009273092051176415,0.0004870619855889081,0.00011790653928777765,0.0,0.0,0.0,0.0,0.0
1.0,0.0003,0.013462603878116338,0.5,1.5347571008785639,1.5347536948506926,1.5347505786975337,1.5347464479828814,1.5347420998621946,1.5347355776811646,1.5347289105627784,1.5347207940708298,1.5347107933932504,1.5346993433421088,1.5346862265113705,1.5346707906829329,1.534653543137542,1.5346322373461774,1.534604191967748,1.534571073781851,1.534533462537911,1.5344811401523142,1.534422512991722,1.5343472180351638,1.534257066999593,1.5341519149476528,1.534019152329352,1.533871171288648,1.5336810134772827,1.5334568678558833,1.533192067306063,1.5328829883939166,1.5324985420565338,1.5320403226048334,1.5314661532681542,1.5307995138982045,1.5300250411352243,1.5291007756145873,1.5280005561434953,1.5266764084570377,1.5251407971678501,1.5233311093380442,1.5211861814032934,1.518612746174868,1.5152085300205695,1.5104513961146036,1.5046531771788842,1.4978601082300473,1.4898378980317575,1.4802212319776533,1.4687199454805757,1.4548402369678712,1.437964673302028,1.4174159622174138,1.3920718537647905,1.3603857214158976,1.3197204299742495,1.2646872085354584,1.1548670142260997,1.0246082612228564,0.8968090951547253,0.7648058761319766,0.6530882344236184,0.558930115765122,0.47921993252440404,0.41159680010594074,0.35395318441288703,0.3044594687289561,0.26111964825291667,0.2228757527530157,0.1901131706594513,0.16160348540955166,0.13593848565024969,0.11245515544550119,0.09308746640807385,0.07702376934311629,0.06366851665390635,0.05253370426203972,0.043332138796159575,0.035702201552488426,0.02935140894616735,0.024106343430474984,0.019732641300398004,0.0161276144390521,0.013112120274145081,0.010595935301427856,0.008463399510634104,0.0067176290549226325,0.005103606656018279,0.0034794386421782837,0.002143116217798063,0.000860348146542407,0.00024632103690175555,0.0,0.0,0.0,0.0,0.0,0.0,0.0,0.0,0.0,0.0,0.0
1/0.9,0.0003,0.01346260387811632,0.5,1.5347581154400574,1.5347557964423577,1.5347524628831648,1.5347492017926496,1.5347437666417914,1.5347392735837482,1.5347315194351903,1.5347213013515766,1.5347099962377913,1.5346991259360745,1.5346853568872332,1.5346678194671302,1.5346473108312246,1.5346231062927351,1.5345922346358596,1.534556797452263,1.5345119393405118,1.534459544486237,1.5343949024253614,1.5343150419420823,1.5342185861315156,1.5341103179264166,1.533976903090013,1.533817327060811,1.5336231110034715,1.5333817903053595,1.5330876399409041,1.5327505156503283,1.5323384587465851,1.5318634990302407,1.5312732416470207,1.5305552219842897,1.5297184261581336,1.5286635720795394,1.5274260244634255,1.525947446023912,1.5241792102779859,1.5219738434656898,1.519275762110912,1.515909954356013,1.5117699637128463,1.5070313817884768,1.5017540677110248,1.4955263269201373,1.4868237807717346,1.4762499484171308,1.4637672910810642,1.4486584413189068,1.4303580709727088,1.4078860411710095,1.3799719759865101,1.343864022305274,1.2828183645182654,1.1876895279164623,1.08603329253978,0.9614260093990797,0.8454596015617092,0.7413570410180093,0.6479048397529992,0.5633849828146841,0.4846039929647146,0.41658177553589015,0.35857690348244947,0.3086151126065949,0.26482330498517265,0.22429773315492396,0.1890445475320158,0.15953624389773657,0.13464774602440174,0.11331282225095346,0.09460068487572479,0.07904890655294847,0.06603563355574778,0.055029670473563774,0.04565649917791507,0.03813106176808102,0.03188042087491035,0.02660491851441106,0.022116715872917556,0.018213335463785674,0.014675921879118009,0.011826308518408733,0.009461583082945015,0.007410212211636395,0.006054468181522232,0.005164842689022687,0.004302248013458817,0.0034327688134743327,0.002572130792219479,0.0017009848126384247,0.0007188892868683185,0.0001260230312362909,0.0,0.0,0.0,0.0,0.0,0.0,0.0,0.0
1/0.8,0.0003,0.0029629629629629598,0.5,0.07446818421279527,0.07446817017225467,0.0744681140100922,0.07446809294928128,0.07446805784792974,0.07446800168576728,0.07446790340198298,0.0744678261790096,0.07446776299657683,0.07446768577360345,0.07446751728711606,0.0744673698614396,0.07446720137495223,0.07446694162495085,0.07446659061143547,0.07446621151683885,0.0744657832803501,0.07446526378034735,0.0744645617533166,0.07446392290871862,0.07446300325330832,0.0744619502127622,0.07446059179045769,0.07445902276004396,0.07445713430733122,0.07445459998975021,0.07445166551676166,0.07444800795593144,0.07444403448293738,0.0744390676416948,0.07443297404706786,0.07442567647608318,0.07441721003009232,0.07440672174625286,0.07439393081375253,0.07437894955691628,0.07436076354668462,0.07433847067832305,0.07431230613088691,0.07427996725571527,0.07424156988726824,0.07419513781945423,0.07413912659280561,0.07407180571069157,0.0739907672203966,0.07389279583811988,0.07377471489154723,0.07363531338405063,0.07346525084598589,0.07325684359150142,0.07300817157666813,0.07270733544331472,0.07234755361032416,0.07191086471611462,0.07138363539574887,0.07074465039235756,0.0699690088071599,0.06902372941025108,0.06786545501221183,0.06643286355190589,0.06463672388358939,0.06233083185783772,0.05921546054400611,0.054546759650984496,0.04900537246616908,0.042782338095303504,0.03644704258195023,0.030788989035029145,0.02600611397586103,0.02190704483586265,0.018307871593787658,0.014981857069378622,0.011329105124316561,0.008895447689103025,0.00728093645418292,0.006036295180685299,0.004884956809709893,0.003943980838499601,0.0032114437129901583,0.00262107408147849,0.0021227472139688365,0.001673049758879438,0.0012065001449168156,0.0006778702806247127,0.0004141117049005329,0.00025824064326246187,0.00015364212581543048,7.873584163409382e-05,2.1331091329427497e-05,0.0,0.0,0.0,0.0,0.0,0.0,0.0,0.0,0.0,0.0,0.0
1/0.7,0.0003,0.0011303344867358701,0.5,0.010874609534119953,0.01087460544587381,0.01087460135762767,0.010874597269381527,0.010874594203196922,0.010874592159073852,0.010874589092889245,0.010874585004643103,0.010874575806089285,0.010874571717843144,0.010874555364858577,0.010874544122181687,0.010874532879504798,0.01087452368095098,0.010874509372089483,0.010874486886735705,0.010874451114581966,0.010874408187997479,0.010874363217289922,0.010874305470813172,0.010874230860321087,0.010874159316013609,0.010874049955429321,0.010873929352168145,0.010873813859214645,0.01087363704256902,0.01087343722953885,0.010873216464247203,0.010872936419386503,0.010872589940526003,0.010872188781373358,0.010871644533605757,0.010871043050392173,0.010870330673502,0.010869413884304747,0.01086835758370791,0.010867049855973365,0.010865449307608929,0.010863572291599167,0.010861279296544497,0.010858615293152475,0.010855395799315964,0.010851509921358372,0.010846714408634276,0.010840965312497649,0.010834015294056929,0.010825587374636018,0.010815573215712167,0.010803473540225332,0.010788905075099737,0.010771317440198571,0.010750299255753834,0.010724628647199955,0.010693943293722636,0.010657030008279354,0.010612509007797323,0.010558661184773995,0.010493564041461286,0.010415041608850328,0.01032003843398104,0.010204795885556993,0.010064410623362099,0.009892614343999752,0.0096809259808492,0.009416407256933811,0.009078903629806262,0.008629751533643901,0.007928824798851056,0.006870517384190199,0.005611710625037584,0.0044497257992565,0.0034185249896067603,0.0026986216382861397,0.002181977708633626,0.001798385749659509,0.001500005105014777,0.0012525323233867935,0.0010253484852980387,0.0007869352571198422,0.0005808621000447785,0.0003949859009707581,0.0002686396760261218,0.00018229285133090738,0.00012301328227769628,8.229946101502964e-05,5.420401146841377e-05,3.46805920191993e-05,2.18659844883517e-05,1.3290888206344094e-05,6.938775763831901e-06,2.1984543626458123e-06,0.0,0.0,0.0,0.0,0.0,0.0,0.0,0.0,0.0
1/0.6,0.0003,0.00052734374999999,0.5,0.00238113412000125,0.00238113412000125,0.00238113412000125,0.0023811338975601587,0.002381133452677976,0.0023811332302368844,0.0023811325629136105,0.0023811318955903366,0.0023811307833848795,0.0023811301160616056,0.0023811285589739662,0.002381126557004144,0.0023811249999165047,0.0023811225530645,0.002381119883771404,0.0023811176593604906,0.0023811120983332065,0.002381105647541558,0.0023811000865142738,0.0023810887420186153,0.0023810790658311417,0.0023810641622780218,0.0023810514831358147,0.002381036245921058,0.002381014001811923,0.0023809837498235,0.002380953052952894,0.0023809174623782786,0.0023808714170723702,0.002380819032195358,0.002380756859910327,0.00238067811576399,0.0023805800192427066,0.002380472024092858,0.0023803327759696754,0.002380166834915531,0.0023799789834138894,0.002379742306092697,0.0023794500184986683,0.0023791061245714467,0.0023786975002866436,0.002378194227317473,0.00237759308026811,0.0023768693681774154,0.0023760011805978912,0.0023749488117947326,0.0023736817873384244,0.0023721616249201645,0.0023703347162369387,0.002368119425408222,0.0023654661480706444,0.0023622562119019735,0.0023583398028271868,0.00235372526238721,0.0023481265313385724,0.0023413706617327517,0.0023332282055840248,0.0023233916380836052,0.002311563221830726,0.0022972726051377363,0.0022799956055728782,0.002259093594762897,0.002233758110561295,0.0022029437910592907,0.0021652956363489495,0.0021189692761213732,0.002061306428114431,0.0019881244212669926,0.0018917938598075233,0.001751428526243526,0.001436135740885981,0.0010969533384205849,0.0008559506502070188,0.0006826552487006782,0.0005545133867677907,0.0004557499870922679,0.0003748991011795792,0.0003019637815024444,0.00022441659067842917,0.00015476583615611214,0.0001061731348693556,7.271732740761553e-05,4.96459598542807e-05,3.3734748590288186e-05,2.2753944115983825e-05,1.5154689112324149e-05,9.904856915462867e-06,6.2746183046931494e-06,3.7855024925293542e-06,2.320283023832042e-06,1.2814831272453643e-06,5.730082513077692e-07,5.605515501923829e-08,0.0,0.0,0.0,0.0,0.0,0.0,0.0
1/0.5,0.0003,0.00026666666666665996,0.5,0.0006150396019489959,0.0006150394882201391,0.0006150393744912821,0.0006150393176268537,0.0006150392038979967,0.0006150389195758546,0.0006150388627114262,0.000615038578389284,0.0006150383509315702,0.0006150378391517142,0.0006150377254228573,0.0006150373842362867,0.000615036644998717,0.0006150358488967189,0.000615035223388006,0.0006150344272860078,0.000615033403726296,0.0006150322095732987,0.0006150307310981593,0.0006150286839787353,0.000615026181943884,0.0006150234524513188,0.0006150200405856124,0.0006150165718554776,0.0006150124776166298,0.0006150079284623546,0.0006150013321886555,0.0006149922338801051,0.0006149817139608437,0.0006149691469221583,0.0006149544190351923,0.0006149365067402336,0.0006149169453768501,0.0006148895935867703,0.0006148601946772667,0.0006148219817813548,0.0006147766608318878,0.0006147244592865796,0.0006146640976957902,0.0006145904298287457,0.0006144939593258966,0.0006143813961897991,0.0006142473951641794,0.0006140871796370488,0.0006138871021455815,0.0006136525648104793,0.0006133713417796276,0.000613034448473333,0.0006126220960704979,0.0006121218028290798,0.0006115288774337325,0.0006108076374556096,0.0006099609545483473,0.000608897191685514,0.0006076437290894037,0.0006061322157170313,0.0006043062136231696,0.0006021147722799361,0.0005994566161402786,0.0005962578214472246,0.0005924004798084032,0.0005877370564642258,0.0005820943992300917,0.0005752449366633826,0.0005669183637035077,0.0005567337455443448,0.0005441797856775727,0.0005285116169550518,0.0005085158093382936,0.00048179208687061767,0.000438702867194457,0.0003535153473721369,0.0002743430605190918,0.00021727306716994862,0.00017492305663129802,0.00014208362174929285,0.00011481775382086678,8.868940191896108e-05,6.211688196650796e-05,4.270643677611459e-05,2.9330387867380753e-05,2.0109309015925045e-05,1.3748624643874895e-05,9.361363396418003e-06,6.331114869261181e-06,4.24129025965056e-06,2.7903375035670635e-06,1.7811076276080612e-06,1.0850870234984044e-06,6.206183719977773e-07,3.6711675001077975e-07,2.206908467769263e-07,1.0497173490085183e-07,0.0,0.0,0.0,0.0,0.0,0.0,0.0
1/0.4,0.0003,0.0001360544217687,0.5,0.00016286615394259956,0.00016286613914026797,0.00016286609473327324,0.0001628660651286101,0.00016286602072161535,0.00016286599111695217,0.00016286594670995746,0.0001628659023029627,0.0001628657838843101,0.00016286569507032063,0.00016286559145399957,0.00016286551744234168,0.0001628653028085338,0.00016286513998288644,0.00016286500676190223,0.00016286478472692854,0.0001628645478896233,0.00016286431105231802,0.00016286380777304438,0.0001628633192961023,0.00016286278641216548,0.00016286212030724445,0.00016286124696968132,0.00016286000357382873,0.00016285855294533404,0.00016285720593316042,0.00016285541485103942,0.00016285297246632899,0.000162849952790687,0.00016284663706841345,0.00016284299569484516,0.00016283851058837692,0.00016283303372569292,0.0001628261358391774,0.0001628181203766277,0.0001628079659771649,0.00016279580586177328,0.00016278143279781066,0.00016276404745937183,0.00016274353882897,0.00016271808621982095,0.00016268736398063002,0.00016265106126243405,0.00016260707613414887,0.00016255478689784824,0.00016249043376131118,0.0001624137132767404,0.00016232107288455708,0.0001622097149440929,0.00016207582045380062,0.0001619139347544936,0.00016171878081496418,0.0001614824319866521,0.0001612033044200785,0.0001608618664387257,0.00016045107953392815,0.00015995699990933903,0.00015936153171460375,0.0001586422198127179,0.00015777569132211926,0.00015672887043289584,0.00015546390758320181,0.00015393288762571787,0.0001520754170476042,0.00014981522683540325,0.00014704912253451623,0.00014363507577344855,0.00013936468452590815,0.00013388196011860065,0.00012640744877643725,0.00011508541919526474,9.854902407713506e-05,7.70666518970617e-05,6.108555144576357e-05,4.899068473171779e-05,3.929267075617043e-05,3.063321796882572e-05,2.1590666037900825e-05,1.486060835780913e-05,1.0222060920416926e-05,7.024402043527879e-06,4.821178604406316e-06,3.300875534985126e-06,2.25210073799339e-06,1.5271565489419833e-06,1.0236552403032165e-06,6.753563782638169e-07,4.2968208105736054e-07,2.5676124355866666e-07,1.4204317382618272e-07,9.076789723865699e-08,5.928333797143203e-08,3.290558309874991e-08,1.0065585473301818e-08,0.0,0.0,0.0,0.0,0.0,0.0
1/0.3,0.0003,6.520951575896e-05,0.5,3.85925494093691e-05,3.85925494093691e-05,3.859254260762364e-05,3.8592529004132714e-05,3.8592515400641795e-05,3.859250859889633e-05,3.859249839627814e-05,3.859248139191448e-05,3.8592460986678096e-05,3.8592433779696244e-05,3.859240317184167e-05,3.85923521587507e-05,3.8592331753514314e-05,3.859228754216881e-05,3.8592229727332385e-05,3.859215150725957e-05,3.859207668805949e-05,3.8591944054022975e-05,3.8591831825222855e-05,3.8591682186822694e-05,3.8591488337077024e-05,3.8591294487331354e-05,3.8591090434967495e-05,3.859081156340355e-05,3.859042386391221e-05,3.85899953539481e-05,3.8589468218674796e-05,3.858888326856506e-05,3.858802284776411e-05,3.8587067202526694e-05,3.858595511714365e-05,3.8584601569796705e-05,3.8583072877504114e-05,3.8581154785283815e-05,3.857883539008126e-05,3.857616400455104e-05,3.857253187247431e-05,3.856845082519709e-05,3.856359777980992e-05,3.855767175907612e-05,3.855037008532261e-05,3.8541930819640586e-05,3.853157006086553e-05,3.851921298979737e-05,3.8504344374217344e-05,3.8486369061397535e-05,3.846473781039187e-05,3.8438702429199544e-05,3.840746371272876e-05,3.8369634104905246e-05,3.83243565858008e-05,3.8270034445668205e-05,3.820250331584833e-05,3.812374760557971e-05,3.802791101201954e-05,3.791229324221939e-05,3.7772701020101916e-05,3.760428130027993e-05,3.740157058071107e-05,3.715694920604147e-05,3.686096445051527e-05,3.650288996153882e-05,3.606865972949662e-05,3.5540497392623625e-05,3.489468356405733e-05,3.4098171963470405e-05,3.310311571241012e-05,3.1829182796097035e-05,3.011558675355394e-05,2.782780776434167e-05,2.4908598937778967e-05,2.0633234294885282e-05,1.626199224795866e-05,1.2947164997905397e-05,1.0270718969064785e-05,7.774957907550576e-06,5.392597246815893e-06,3.7165808479505787e-06,2.561586653659481e-06,1.7654134399092933e-06,1.2163833479587544e-06,8.375278261594005e-07,5.759684048529549e-07,3.948702314897308e-07,2.687624697507478e-07,1.7900493619728082e-07,1.123699363420244e-07,7.443660190021817e-08,4.823967925316481e-08,2.9946384833003824e-08,1.7427772310116188e-08,1.1226280885099725e-08,6.427649461629349e-09,2.0405236386124918e-09,0.0,0.0,0.0,0.0,0.0,0.0
1/0.2,0.0003,2.6041666666659997e-05,0.5,6.566402453799759e-06,6.566401911485513e-06,6.566400826857018e-06,6.5663991999142786e-06,6.566398657600031e-06,6.56639459024318e-06,6.566392149829069e-06,6.5663888959435875e-06,6.566385099743859e-06,6.566381303544131e-06,6.566374795773169e-06,6.566367745687959e-06,6.566354730146035e-06,6.566349307003566e-06,6.566333579890406e-06,6.566318395091494e-06,6.566305379549569e-06,6.5662804330942136e-06,6.5662478942394005e-06,6.566207762985132e-06,6.566171427930592e-06,6.566122619648373e-06,6.566063507395464e-06,6.565993548857617e-06,6.565907320892365e-06,6.5658048234997055e-06,6.5656811758514186e-06,6.565538547204491e-06,6.565336806304655e-06,6.5651269306911155e-06,6.564849265796717e-06,6.564502726992964e-06,6.564119039663303e-06,6.563655360982226e-06,6.563072915481086e-06,6.562404784328938e-06,6.561595651472604e-06,6.560597793258359e-06,6.559386805545093e-06,6.557963501804176e-06,6.556243552170219e-06,6.5542077044874605e-06,6.5516908240677246e-06,6.548611563773982e-06,6.5449471464078645e-06,6.540538673895038e-06,6.535231044360895e-06,6.528827126576701e-06,6.5212024594227965e-06,6.512008605995566e-06,6.500814155311624e-06,6.487471055581572e-06,6.471240403644047e-06,6.451767797138718e-06,6.4283056558762715e-06,6.400002275331993e-06,6.365839460507381e-06,6.324676724541261e-06,6.274870584108487e-06,6.2146343849227365e-06,6.14155184585707e-06,6.052718874119483e-06,5.944154069666562e-06,5.8103621622347485e-06,5.643450852589305e-06,5.429939022024351e-06,5.159226596270515e-06,4.815366553741387e-06,4.3932104341342844e-06,3.847922407089016e-06,3.080269540555724e-06,2.438482929893326e-06,1.9216872799073716e-06,1.4371490236396427e-06,9.954638968455351e-07,6.880514390630941e-07,4.7612858924147637e-07,3.2990114497175164e-07,2.2889186260625945e-07,1.5896803287150138e-07,1.1024814787521283e-07,7.570978043464124e-08,5.07237361384826e-08,3.676782130946461e-08,2.696603361149028e-08,1.9636114250761005e-08,1.403997353728324e-08,9.769791157408845e-09,6.3754462862336045e-09,3.821688497710804e-09,2.002766513700298e-09,1.1833296866758868e-09,5.949187288191787e-10,3.8504311527950485e-11,0.0,0.0,0.0,0.0,0.0,0.0
0.2,0.001,8.680555555555e-05,0.5,7.295999107831676e-05,7.295998505015319e-05,7.295994285300813e-05,7.295990668402665e-05,7.295988257137233e-05,7.295983434606369e-05,7.295979214891862e-05,7.295974995177355e-05,7.295970172646492e-05,7.295965952931986e-05,7.295957513502973e-05,7.295950882523034e-05,7.295940634644948e-05,7.295930386766862e-05,7.295917124806985e-05,7.29590024594896e-05,7.295874927661924e-05,7.295847198109455e-05,7.295810426311615e-05,7.295766420717479e-05,7.295723017939701e-05,7.295662133487541e-05,7.295598837769949e-05,7.295509018132603e-05,7.295414375964393e-05,7.295292607060071e-05,7.295151548032295e-05,7.294982156635689e-05,7.294771773726738e-05,7.294519796489085e-05,7.29422501929001e-05,7.293888044945874e-05,7.293432918595567e-05,7.29292173032396e-05,7.292296609760689e-05,7.29155815972211e-05,7.290646098572417e-05,7.289526668595567e-05,7.288179374035381e-05,7.286572265624888e-05,7.284704137731369e-05,7.282336275077048e-05,7.27959225501532e-05,7.276217689043098e-05,7.272140842013775e-05,7.2673237364968e-05,7.26140046296285e-05,7.254340880594023e-05,7.245824893904209e-05,7.235553505979826e-05,7.223254243827048e-05,7.208273051697419e-05,7.190443552276123e-05,7.168747588734457e-05,7.142634186921186e-05,7.111184051890322e-05,7.073243393132607e-05,7.027512538580138e-05,6.972230058834769e-05,6.905287302276128e-05,6.824233820408845e-05,6.725671537422735e-05,6.605265600887242e-05,6.457011959876443e-05,6.272301191165026e-05,6.0371799045137946e-05,5.728700689621825e-05,5.3403477044752256e-05,4.870408649209029e-05,4.26480215567123e-05,3.4014937789351325e-05,2.6946692949459457e-05,2.123749758873424e-05,1.5860167703510554e-05,1.097953438464489e-05,7.58978045428229e-06,5.252640335648067e-06,3.639883535879573e-06,2.5256829909336024e-06,1.7541021653163308e-06,1.2166793258101663e-06,8.354160638502956e-07,5.604534384644975e-07,4.068166473765369e-07,2.984965760030818e-07,2.1781262056326822e-07,1.5602695794752846e-07,1.0895905671296127e-07,7.16748649691347e-08,4.310136959876476e-08,2.290099344135767e-08,1.3280044367283746e-08,6.854021990740635e-09,7.595486111110993e-10,0.0,0.0,0.0,0.0,0.0,0.0
0.3,0.001,0.00021736505252988,0.5,0.0004288061801235076,0.0004288061423360328,0.0004288060667610832,0.00042880599118613364,0.0004288058400362345,0.0004288056510988606,0.0004288054999489614,0.00042880542437401183,0.00042880527322411264,0.00042880504649926395,0.000428804668624516,0.0004288044041121925,0.000428803950662495,0.00042880357278774714,0.00042880289261320096,0.000428801796776432,0.0004288006253647136,0.0004287993405905708,0.0004287977913041044,0.00042879616644268847,0.00042879416370652466,0.00042879189645803734,0.0004287891379723777,0.0004287858126745963,0.0004287819583521678,0.0004287774427489305,0.0004287720013525608,0.00042876467058245175,0.00042875597946325026,0.0004287461547198051,0.0004287335714907003,0.0004287174362389653,0.00042869963833833965,0.0004286794220393275,0.0004286539154938448,0.00042862374219522573,0.0004285865593200332,0.0004285408553692758,0.0004284854967187097,0.0004284202566434863,0.00042834039281551946,0.0004282462642158198,0.0004281312013550869,0.0004279932392846318,0.0004278276923575807,0.00042762673856665213,0.00042738499319668874,0.0004270962024206129,0.0004267472917721475,0.00042632513010380346,0.00042581641622445494,0.00042520684757489424,0.00042447038858499164,0.0004235872952991699,0.0004225076693569699,0.00042123117067111856,0.00041967899346294325,0.0004178029020208755,0.00041554957821798806,0.00041282612154751173,0.00040953273528852846,0.0004055502377455534,0.00040072114961740287,0.0003948437424699151,0.0003876557334405789,0.0003788015801791033,0.0003677431890444913,0.0003536084440123474,0.0003345581908972102,0.0003084522793831856,0.00027582152902237396,0.00022841451566992345,0.00018007963087402604,0.00014341977212008688,0.00011379174676218054,8.622788110836734e-05,5.9479676991614716e-05,4.0979703978094096e-05,2.8237559648091047e-05,1.9460379472760923e-05,1.3406278093159247e-05,9.229874123303799e-06,6.3463686033581345e-06,4.350963209643795e-06,2.960308562454553e-06,1.9705601290404928e-06,1.2375964805559068e-06,8.192702409029392e-07,5.309518082619435e-07,3.2939341773677045e-07,1.919414781913417e-07,1.2347057387345388e-07,7.019023442079284e-08,2.1973416589874043e-08,0.0,0.0,0.0,0.0,0.0,0.0
0.4,0.001,0.00045351473922902003,0.5,0.0018096231103438105,0.0018096227814031088,0.0018096226169327578,0.001809622452462407,0.001809622452462407,0.001809622287992056,0.001809621465640302,0.0018096211366996,0.0018096208077588985,0.0018096196564664421,0.0018096189985850387,0.001809618669644337,0.0018096171894111791,0.0018096157091780213,0.0018096142289448635,0.0018096117618896005,0.0018096081435418812,0.001809603538372057,0.00180959843979118,0.0018095921899178467,0.0018095859400445136,0.00180957771652697,0.001809568670657672,0.0018095545262074972,0.001809535776587498,0.0018095193295524109,0.0018095000042861835,0.0018094768139667108,0.001809448525066361,0.001809410367944959,0.001809367523418557,0.0018093111100882082,0.0018092494337066316,0.0018091760799301432,0.0018090831541819011,0.0018089723834005898,0.0018088414650012964,0.0018086792972353376,0.0018084865379841167,0.0018082579241964062,0.00180797914695168,0.0018076330190982721,0.0018072311357959189,0.0018067401095633936,0.0018061541017032404,0.001805439066852829,0.0018045937714845277,0.001803560650975532,0.0018023212024113684,0.0018008359529078284,0.0017990266145778973,0.0017968457377253485,0.0017942255605656234,0.001791079982870041,0.0017872872143437817,0.001782701863196675,0.0017772222045167078,0.0017705784246932759,0.0017625737349515624,0.0017529173517112273,0.0017412595287711438,0.0017271550448915041,0.0017101091732568885,0.0016894122243032888,0.0016642378167527536,0.0016334168131161171,0.0015953860049435266,0.0015477879564607731,0.0014866724187806383,0.001403330193413453,0.0012734042904525107,0.001084328599445043,0.0008560094603680133,0.000678177044781259,0.0005438166099849587,0.00043618293614588896,0.0003404843822584712,0.00023844631869673275,0.00016387611949324934,0.00011261252030063501,7.73380707382906e-05,5.3043003918687064e-05,3.630699442511221e-05,2.476314943818225e-05,1.6783870365678304e-05,1.1247304944309646e-05,7.415474709718344e-06,4.7137202559613135e-06,2.811456177787952e-06,1.5534224639760853e-06,9.93400919260514e-07,6.465329492736889e-07,3.582164241969205e-07,1.0378079139956695e-07,0.0,0.0,0.0,0.0,0.0,0.0
0.5,0.001,0.00088888888888888,0.5,0.006833772088888876,0.00683377019259258,0.00683376892839505,0.006833768296296285,0.006833766399999989,0.006833765767901223,0.006833763555555544,0.006833761343209865,0.006833758182716037,0.006833754390123445,0.006833751545679,0.006833743960493815,0.0068337389037036915,0.006833732582716037,0.006833727841975296,0.0068337151999999885,0.006833699397530852,0.006833676641975296,0.006833653254320976,0.0068336289185185065,0.006833601106172827,0.006833572029629618,0.0068335397925925806,0.00683349428148147,0.006833439604938259,0.00683336628148147,0.006833306864197519,0.006833220582716038,0.006833108385185173,0.0068329898666666545,0.006832830893827148,0.006832650745679001,0.006832428246913568,0.0068321633975308525,0.006831766755555544,0.006831338824691346,0.006830887190123445,0.006830338844444433,0.006829579377777766,0.006828702024691346,0.006827740918518507,0.006826434054320976,0.006824966320987643,0.0068231784296296175,0.006820973985185173,0.006818373530864186,0.006815222518518507,0.006811346172839495,0.006806839308641963,0.006801300859259248,0.006794664770370359,0.0067867120197530745,0.0067770829432098655,0.006765403338271594,0.006751388444444433,0.006734445985185173,0.006714258646913569,0.006689557807407396,0.006659915219753075,0.006624160869135792,0.006581061214814803,0.006529104908641965,0.006466157669135791,0.006389737876543199,0.0062967520395061614,0.00618293538765431,0.00604253677037036,0.0058670269629629524,0.005642136335802459,0.00533758356543209,0.004801668108641967,0.003967184592592586,0.003071565748148143,0.0024246853530864153,0.0019485411555555522,0.0015811444938271578,0.0012768628938271583,0.0009857052444444427,0.0006909604345679001,0.0004725437629629621,0.0003233488592592587,0.0002211425975308638,0.0001509230617283948,0.00010264082962962945,6.938927407407395e-05,4.645230617283942e-05,3.056892839506167e-05,1.9516997530864162e-05,1.1900523456790103e-05,6.739437037037025e-06,3.986014814814808e-06,2.402607407407403e-06,1.1535802469135784e-06,2.0227160493827125e-08,0.0,0.0,0.0,0.0,0.0,0.0
0.6,0.001,0.0017578125,0.5,0.02645704083465641,0.02645704083465641,0.026457038363088728,0.026457033419953365,0.026457030948385682,0.02645702600525032,0.02645701364741191,0.026457006232708864,0.026457006232708864,0.026456988931735096,0.026456976573896687,0.026456941971949144,0.02645690860578544,0.026456876475405584,0.026456851759728766,0.026456817157781223,0.026456755368589182,0.026456698522532504,0.02645661201766365,0.026456520569659428,0.02645639946284303,0.026456256111917494,0.026456090516882823,0.026455905149306704,0.02645566046410622,0.026455393534796607,0.026455101889810175,0.0264546817233043,0.02645419482447102,0.026453586818821342,0.026452820632840036,0.026451907388581674,0.0264508483218301,0.026449627367395378,0.026448107353271178,0.02644626727113221,0.02644409105578854,0.02644146007199145,0.02643825321292454,0.026434302411985466,0.026429686759340033,0.02642403675561984,0.02641737217336634,0.02640932474899497,0.026399506446379718,0.026387702239132282,0.026373505554369032,0.02635649004666489,0.02633582526927883,0.026311062632676633,0.02628124316859784,0.026245296688236296,0.02620189101661161,0.026149464122948995,0.02608685560622193,0.02601063863783984,0.0259193376918968,0.02580903409783359,0.025676074878616773,0.025515505776828526,0.02532149636430791,0.025086764166881007,0.024801908576870764,0.02445489676701919,0.024030443326999287,0.023506658817638748,0.0228512781586378,0.02201049037843213,0.020866111289405662,0.018493212296983353,0.015955579611229263,0.01285943812597165,0.009812422755737842,0.007722650491732479,0.0062226511226193435,0.0050871931571397,0.004162957837299347,0.003298766782716375,0.002535126516124923,0.0017946127083304298,0.0012019678517921535,0.0008103850261540116,0.0005472619307682915,0.00036909155973536087,0.000247487958231765,0.00016409973622144363,0.00010679396795530322,6.730820267367384e-05,4.0247008127569665e-05,2.44067308560397e-05,1.32673753149591e-05,5.69696350614395e-06,1.952538468483176e-07,0.0,0.0,0.0,0.0,0.0,0.0,0.0
0.7,0.001,0.0037677816224529004,0.5,0.12082902889227304,0.12082901753603376,0.12082899482355519,0.12082893804235878,0.12082889261740165,0.12082884719244452,0.12082875634253026,0.12082869956133385,0.1208285405739839,0.1208284724365482,0.12082831344919825,0.1208281658180876,0.12082795004954122,0.12082772292475559,0.1208274617312521,0.12082722325022716,0.12082688256304869,0.12082642831347741,0.12082584914527401,0.12082525862083134,0.12082461131519226,0.12082378230972465,0.12082263532955716,0.1208213861432361,0.12081979059161695,0.1208177123998283,0.12081537869265581,0.12081255098907452,0.1208092463234434,0.12080544198328386,0.12080043955988004,0.12079444346553903,0.12078711301308234,0.12077894787703844,0.12076826165587386,0.12075609912360259,0.12074107481903221,0.12072330230455552,0.12070155510633007,0.12067509506880249,0.12064388812325494,0.12060631032747006,0.12056057307376089,0.12050556912879745,0.12043939632249992,0.12035935186991917,0.1202630509608059,0.12014746147927177,0.12000822830755206,0.11984035470036258,0.11963781049464448,0.11939387279674266,0.11909962695882058,0.1187456870491115,0.11831842558047673,0.11780433430629006,0.11718305716763813,0.1164312627709156,0.11552396171158193,0.11442107782121014,0.11308225670351085,0.11144590779473695,0.10943194689547016,0.10692100857461502,0.10371747025429592,0.0993803918756627,0.09145404347513071,0.08162111309586499,0.0722949492164489,0.0629390490244723,0.053157931486931743,0.044304153092938336,0.03585522462935623,0.026528720062761666,0.02060311389897197,0.016456292275153484,0.01318730794785094,0.010731986808880494,0.00879355625707977,0.0071721805497994675,0.0057030465863366665,0.00414097316058814,0.002338567642909899,0.0014480454271157113,0.0009215020365560962,0.0005869699397803308,0.00036630685428742915,0.0002245469193274224,0.00013289071208058954,6.624094373321472e-05,1.6012297387936358e-05,0.0,0.0,0.0,0.0,0.0,0.0,0.0,0.0,0.0
0.8,0.001,0.00987654320987654,0.5,0.8274245030400691,0.8274242690310588,0.8274238790160418,0.8274234890010247,0.8274230989860076,0.8274223189559734,0.8274210709079187,0.8274197448568607,0.8274182627997958,0.8274164687307172,0.8274141286406146,0.8274122565685327,0.8274103064934472,0.8274074203823208,0.8274039882501704,0.8273997760879859,0.8273944718837536,0.8273876856224563,0.827380626350647,0.8273712659902369,0.8273605795787689,0.8273469680546727,0.8273314454569927,0.8273099946310529,0.8272848776639526,0.8272562115601969,0.8272238793152806,0.8271812116724115,0.8271301197051734,0.8270684973324739,0.8269931464311732,0.8269038329922607,0.8268011030367605,0.8266688099429652,0.8265164700772919,0.8263247386948929,0.8261042242042331,0.8258328517553454,0.825503640079424,0.8251094519016562,0.8246208800897539,0.8240371446136828,0.8233400707736469,0.822536756842957,0.8215940905466628,0.8204284136635991,0.8189455765686422,0.8171291206280706,0.8149841550386085,0.8123908281855056,0.8092553804586544,0.8055507058143678,0.801057615813044,0.795641516272287,0.7890829457419829,0.7811254303468969,0.7713930346120607,0.7594604081598413,0.7446710777134814,0.7260173614733387,0.7015617038360368,0.6583109885164006,0.5940947039413489,0.5321110213300984,0.4761593889760872,0.4212862261473193,0.3693054536867551,0.3238189382801777,0.28299501340134925,0.24665177604630129,0.21516005249327821,0.1878260450283876,0.1640857139339212,0.14343363874923862,0.12538382176155027,0.10951411071636341,0.09539868721802466,0.08261727108412333,0.07053347481128183,0.0573559204245273,0.04833280599976172,0.041671193501943836,0.0363957333763476,0.032009507489705054,0.028245472559818144,0.02485632006435329,0.021521418657764958,0.01763862415517568,0.013459145229089873,0.010932900958925488,0.0089070459556811,0.007058647785210368,0.005079633585517884,0.0014225407733156688,0.0011666129191045204,0.0009265196745870217,0.0006979708745752373,0.00048588070828443826,0.0002983614880699914,0.0001452415923624376
0.9,0.001,0.0448753462603878,0.5,17.052103807383666,17.051957259612376,17.051716502559536,17.051474940299162,17.05114641562506,17.050802592007795,17.0503508705809,17.04980735549506,17.049186540485902,17.04842400895066,17.047551969190717,17.046510030640977,17.045183048623997,17.043580685630193,17.04166670732051,17.039279266980497,17.036514184306768,17.03318143032116,17.02925765400518,17.024379706760726,17.018720708207734,17.01198595238855,17.003694730405034,16.993943667161332,16.982235144401084,16.968042556396668,16.951262836583666,16.93135649591391,16.90739996134524,16.878385113044374,16.843840904603585,16.80312800124042,16.755257608102415,16.699286827166592,16.633093131371805,16.554169104455394,16.460954254215352,16.352013700825065,16.222211830629014,16.070522809228155,15.887898519556465,15.674485509385244,15.424294645072322,15.119482527651524,14.746658555822872,14.338013316403593,13.974340528205381,13.594480652939614,13.176468434270628,12.718550130188117,12.212157527316673,11.641004498061987,10.974635677843839,10.134611774681632,8.71233183557049,6.891288969111903,4.14454489698222,3.426526039458776,2.8850634276264646,2.445297722203407,2.0744771067207757,1.7577873729574651,1.486893012515558,1.2551752194608494,1.057461340591232,0.8893291761268212,0.7467245061310327,0.6262090944312328,0.5246289431144924,0.43916743622486887,0.36748544587442267,0.3074395096061159,0.25717926050549583,0.21515950531371358,0.1799904558260931,0.15050456111750107,0.12566068784573234,0.10450224945971218,0.08662422656954945,0.07130917926193807,0.057551403326194246,0.04494024291968483,0.03688655715886838,0.029867563079980456,0.02372624521377899,0.018184806960835697,0.013226338962924513,0.0084184447739788,0.003151582290325493,0.0005491515385799658,0.0,0.0,0.0,0.0,0.0,0.0,0.0,0.0,0.0,0.0
1.0,0.001,0.0448753462603878,0.5,17.05237033107761,17.05225035515496,17.052086092817905,17.051875128443847,17.05159894225949,17.0513034310943,17.050940282496207,17.050531237068643,17.05004167088762,17.049473999575746,17.048752533624768,17.047876467827148,17.046745151241073,17.045447961902873,17.04389149573854,17.042105545426853,17.039874315348545,17.03717203886251,17.033897259819398,17.03001132825754,17.025312137085763,17.019549266760812,17.01274687350872,17.00463360239035,16.99475370594112,16.982909103107524,16.968450796616697,16.95093270149449,16.930454663475185,16.905270187416292,16.874491129407172,16.837400854742057,16.79307256954865,16.738981142998522,16.674374511254385,16.595583343581175,16.501261332981095,16.385983796293704,16.247237680803597,16.074626146824347,15.851408124504609,15.605665226612677,15.323073616316004,14.98977486673702,14.579026425237432,14.072827072174285,13.67869086732051,13.284632767597586,12.869065159003567,12.409414048306653,11.907952536376943,11.348906607612124,10.703753395514951,9.905576933132128,8.616824559479511,6.782912060995817,4.087850234472813,3.2003488794494768,2.657969941442819,2.2323477063645663,1.8804309481711459,1.5840308338640496,1.3326530936451646,1.1191297700417069,0.9379749841206189,0.7846264299909999,0.6550967199416359,0.545975800063603,0.45430050662966637,0.37745874639766525,0.31309448212143426,0.2592929302837545,0.21443159770245804,0.17682599021521442,0.1456088993072867,0.11936799096303083,0.09748245017328967,0.07907782155551507,0.06377887839859521,0.05057830607677708,0.03926352980093298,0.029613117499054844,0.020527155678913587,0.01132927001146645,0.003990608541352361,0.0001594310918457965,0.0,0.0,0.0,0.0,0.0,0.0,0.0,0.0,0.0,0.0,0.0,0.0,0.0,0.0
1/0.9,0.001,0.04487534626038775,0.5,17.05244199454819,17.052310745720053,17.052169834401504,17.052004766856914,17.05176964625682,17.051497486110133,17.051110986493537,17.05077360453655,17.050271155034974,17.049755017005314,17.049089915581753,17.048353955895152,17.04741669432491,17.046262831927862,17.044928603043072,17.043311746313645,17.041326104533383,17.03895074230639,17.036169555481965,17.03277802134634,17.028744736805653,17.02384102292009,17.017963007917697,17.010741906747633,17.002084315335885,16.991602928858324,16.97920514844848,16.96411233842041,16.94588243983764,16.92475459933793,16.898157789263394,16.866153205386652,16.82721336901462,16.78094533887042,16.724655695750904,16.656457838402563,16.57442409998762,16.473649156205457,16.34949903769459,16.198812499674272,16.01045674277148,15.771286753984285,15.463046062881267,15.038967410646794,14.527926344678251,13.87097201095435,13.43042605943029,13.008758198554332,12.576623444936441,12.121299519530329,11.610450898162549,11.050206820586281,10.407606921581246,9.622596407596253,8.401996799670043,6.539530031595259,4.090689396239723,3.0955237417684005,2.537113926955894,2.115239127743552,1.7738464320270235,1.4901653759360696,1.2516782031381914,1.0504906589644187,0.8804767244917064,0.7369025846242901,0.6158130599523386,0.5137723299258212,0.4280233639463546,0.3560877332225174,0.2956810639787211,0.2450278736012286,0.20236314717425197,0.16630353815339186,0.13518146173454396,0.11047527895118751,0.09016633451414369,0.07296710157562744,0.05845645659505624,0.046144833391408624,0.03582448842076431,0.026995387804152393,0.02023969658907041,0.01662189913622615,0.013074959946424464,0.009651217509412714,0.006299943750512686,0.0030211386697243862,0.0010008729654763892,0.0,0.0,0.0,0.0,0.0,0.0,0.0,0.0,0.0,0.0,0.0
1/0.8,0.001,0.00987654320987654,0.5,0.8274248150520828,0.827424659046076,0.8274241910280554,0.8274239570190451,0.8274232549920144,0.8274227089709905,0.8274217729349496,0.8274204468838914,0.8274193548418436,0.8274170927547445,0.8274152986856659,0.827413426613584,0.8274106185054609,0.8274078103973379,0.8274045342711943,0.8273998540909894,0.827394003865733,0.8273859305548794,0.8273780522515343,0.827366975825049,0.8273560554045707,0.8273419368609521,0.8273229821311219,0.8273011802916668,0.8272756733095494,0.8272448621231998,0.8272085127236075,0.8271655720702265,0.8271115549903602,0.8270477875350667,0.8269727096442778,0.8268768439530785,0.8267628035620828,0.8266254792745671,0.8264635840409752,0.8262698635819891,0.8260294583254579,0.8257396381662621,0.8253996620758691,0.8249792648889532,0.8244803966805999,0.823870803208896,0.8231405390909062,0.8222647603700419,0.8212139819110117,0.8199454580679428,0.8184158581724373,0.8165733492287246,0.814420154322402,0.8117493314854042,0.8085419259879009,0.8046596385048339,0.80001884981654,0.794299162586484,0.7873974178426469,0.7790084678356615,0.7687590291926757,0.7561286268733897,0.7403485022776272,0.720077276757128,0.6837636025403752,0.6291733566050006,0.5756976565839498,0.5207656794906055,0.45974775206466073,0.40346659602271445,0.3539201412927878,0.3103187244697888,0.27187252614261875,0.23780841954291013,0.20732063364536546,0.17941872531409747,0.15250800114724916,0.1291692295143734,0.10904671671988879,0.0914016573169312,0.07542960633126125,0.06013758552938062,0.044606719531037176,0.034922802662824555,0.028172383745616425,0.023143413110817874,0.01926455775990115,0.016185311197012008,0.013689098083163162,0.011684459896848198,0.009959735488295105,0.008559269564946445,0.007167695983987322,0.005187667745250418,0.00440206049633619,0.003818286018763428,0.003324253996621914,0.0028778038065647655,0.0022278827820943945,0.0015833049633580875,0.0008716055601814597,0.00042148922896371197,0.00014422755331801676,0.0
1/0.7,0.001,0.0037677816224529004,0.5,0.12082898346731591,0.12082894939859806,0.12082894939859806,0.1208289266861195,0.12082889261740165,0.12082886990492309,0.12082877905500883,0.12082872227381242,0.12082864278013744,0.12082855193022318,0.1208284724365482,0.12082831344919825,0.1208280295432162,0.1208278364871484,0.12082750715620921,0.12082723460646644,0.12082691663176655,0.1208264964509131,0.12082608762629894,0.12082544032065985,0.12082467945262795,0.12082366874733183,0.12082261261707858,0.1208213293620397,0.12081979626973659,0.12081782028410148,0.12081521402718622,0.12081248285163884,0.1208089169925042,0.12080466975901268,0.12079986606979629,0.12079406870964271,0.12078679503838245,0.12077815861840831,0.12076754621279909,0.12075526444001534,0.12074010386057359,0.12072155344370607,0.12070004472650553,0.12067348816094405,0.1206413840724932,0.12060356211756376,0.12055788732317066,0.12050186131667179,0.12043489357362452,0.12035445733078852,0.12025759996595044,0.12014080104493276,0.12000021648073846,0.11983024196928176,0.11962607382134628,0.11937987055370768,0.11908283108092217,0.1187257738835301,0.1182951225774696,0.11777462638432776,0.11714790960705966,0.11638910841069999,0.11547121198011599,0.11435993582891464,0.11300761782082844,0.11135468312458284,0.10932023556965091,0.10678229778990228,0.10354513932318817,0.09915160340096336,0.09094459122469084,0.08137530729660125,0.07205600258571161,0.06179971160600457,0.0519579744631755,0.04293247837499558,0.03342873698192335,0.02541201562918342,0.020241235978004608,0.016471464210834535,0.013283234101067892,0.010485545060216943,0.00833938617946577,0.006622833830761146,0.005160286486082035,0.003719861095524696,0.002313084241960588,0.0014959574006474159,0.0009772271027139712,0.0006344163075014643,0.0004030102196475783,0.0002536188918899168,0.00015382026107772906,8.11403296714931e-05,2.6721231031073935e-05,0.0,0.0,0.0,0.0,0.0,0.0,0.0,0.0,0.0
1/0.6,0.001,0.0017578124999999899,0.5,0.026457048249359454,0.026457048249359454,0.026457045777791774,0.02645704083465641,0.026457030948385682,0.026457023533682636,0.026457018590547273,0.026456988931735096,0.02645697904546437,0.026456959272922916,0.026456946915084507,0.02645691972784001,0.026456899955298555,0.026456880182757107,0.026456848052377243,0.026456808507294337,0.026456731888696208,0.026456660213233438,0.026456591009338355,0.02645649214663109,0.026456378454517735,0.02645626476240438,0.02645609793158587,0.026455917507145113,0.02645567282194463,0.026455400949499653,0.026455052458456543,0.02645464959292444,0.026454140449982025,0.026453554688441478,0.026452744014241907,0.026451860428795725,0.026450856972316986,0.026449608830637766,0.026448056686133706,0.02644620548194017,0.026443935347024595,0.02644136615241955,0.026438085146322194,0.02643417141889834,0.026429542172630657,0.026423794541987043,0.026417057048486934,0.026408721686480653,0.026398998539221147,0.02638719927510907,0.026372777677686792,0.02635555085094587,0.02633479462555559,0.026309802133159005,0.02627964900744319,0.02624340099582449,0.026199629532182925,0.0261471235483545,0.026083561006502325,0.026007237760709925,0.02591514838467645,0.02580390435911038,0.02567077830907505,0.025507962552264212,0.025312466491783096,0.025075545721174115,0.0247881444164518,0.024438023374456747,0.02400941399338019,0.023479948585703434,0.02281601506674023,0.02196030272508907,0.020757472296176027,0.018330034455507155,0.01592915731692886,0.012853261678335271,0.009799449496976996,0.007707062314364474,0.006205575061507001,0.005069842752014697,0.004147097787486364,0.0032863990580375272,0.0024768617795983125,0.0017590814513393995,0.00119876717164445,0.0008173326029070575,0.0005563449419982607,0.0003773688399011206,0.00025409198707706507,0.0001690750019645533,0.00011045435969178877,6.992559284851395e-05,4.21847171899631e-05,2.5961346927781368e-05,1.4352393527192155e-05,6.4211328368598624e-06,6.154203527244441e-07,0.0,0.0,0.0,0.0,0.0,0.0,0.0
1/0.5,0.001,0.00088888888888888,0.5,0.006833774301234556,0.00683377240493826,0.006833771772839494,0.006833770824691346,0.00683376892839505,0.006833766399999989,0.006833765135802457,0.006833761659259248,0.006833759130864185,0.0068337578666666544,0.006833755338271593,0.006833751545679,0.006833744592592581,0.006833739535802457,0.00683373289876542,0.006833726893827149,0.006833712671604927,0.006833695920987642,0.006833673797530852,0.006833651674074062,0.006833633027160482,0.006833600790123445,0.0068335729777777654,0.006833526518518507,0.006833477530864186,0.006833411792592581,0.006833345106172828,0.006833246814814803,0.006833142202469124,0.00683300788148147,0.0068328422716049265,0.006832635259259247,0.006832402646913568,0.006832117886419741,0.006831771496296285,0.0068313603160493706,0.006830872019753074,0.006830281639506161,0.0068295623111110995,0.006828691279012334,0.00682766917530863,0.006826419832098754,0.0068249179654320865,0.006823085195061716,0.0068209101432098644,0.006818279348148136,0.0068151134814814695,0.006811270637037025,0.006806644306172827,0.0068010928987654205,0.006794384434567889,0.006786341293827149,0.006776656908641964,0.006764974143209865,0.006750875180246902,0.006733868246913568,0.006713380345679001,0.0066886384197530745,0.00665885455802468,0.006622904888888877,0.006579549866666656,0.006527174795061717,0.006463829333333323,0.006386849817283939,0.006293100088888877,0.0061782667061728285,0.006036394666666656,0.005858332444444434,0.005628182755555546,0.005293458646913571,0.0047480806716049305,0.004011943506172832,0.00310013850864197,0.0024367249382716005,0.0019526946765432065,0.0015815073185185158,0.0012750234864197507,0.000979821353086418,0.0006910938074074062,0.00047477759999999913,0.0003258715654320982,0.00022336410864197493,0.00015267239506172814,0.00010398024691358007,7.035385679012334e-05,4.7147614814814735e-05,3.103731358024686e-05,1.9856750617283916e-05,1.2131239506172818e-05,6.927802469135791e-06,4.111170370370364e-06,2.4816197530864152e-06,1.2054123456790103e-06,4.9303703703703614e-08,0.0,0.0,0.0,0.0,0.0,0.0
1/0.4,0.001,0.00045351473922902003,0.5,0.001809623603754863,0.001809623603754863,0.0018096231103438105,0.0018096229458734595,0.001809622452462407,0.0018096221235217053,0.001809621301169951,0.0018096206432885475,0.001809619985407144,0.0018096196564664421,0.0018096189985850387,0.0018096178472925826,0.0018096166960001267,0.001809614886826267,0.0018096115974192495,0.0018096101171860917,0.0018096064988383726,0.0018096027160203025,0.0018095989332022324,0.0018095933412103028,0.0018095864334555661,0.001809577880997321,0.001809568670657672,0.001809556170911006,0.001809540875168375,0.0018095234413111826,0.001809503704869078,0.001809475909379781,0.0018094461402462733,0.0018094099567690818,0.0018093678523592588,0.0018093134126731204,0.0018092490225307546,0.0018091735306397048,0.0018090836475929538,0.001808970738697081,0.0018088366953611212,0.001808682915583057,0.001808485797867538,0.0018082441909221085,0.0018079674695567682,0.0018076315388651143,0.0018072192116954807,0.0018067251427614645,0.0018061294311506099,0.001805410366776602,0.001804546732964179,0.0018035127901034284,0.0018022758908297035,0.0018007729607634447,0.0017989528496255315,0.0017967741108875443,0.001794150891026328,0.0017909739817289047,0.0017871666575765934,0.0017825679843310662,0.001777021879629347,0.0017703369822181974,0.001762281882313942,0.001752583805839661,0.0017408340439734407,0.0017266454335093306,0.001709483281336649,0.001688636335423055,0.0016632481164163876,0.0016321191420477453,0.0015936177019661376,0.0015451910518556962,0.001482132625920723,0.0013936514422053993,0.0012743150450204585,0.0010876030396605326,0.0008664153349972672,0.0006832026008224716,0.0005462318570874985,0.00043732715637689813,0.0003406572405972366,0.00023959711774177678,0.00016483185670216038,0.0001133383279590285,7.787506643388425e-05,5.34300026542864e-05,3.657475215633011e-05,2.4949329875368162e-05,1.6920545227252057e-05,1.1338092577990408e-05,7.47748003199669e-06,4.75483784367905e-06,2.8387582560325286e-06,1.566744562396632e-06,1.0052427845232223e-06,6.547564668172361e-07,3.6315053472304887e-07,1.0838596122395344e-07,0.0,0.0,0.0,0.0,0.0,0.0
1/0.3,0.001,0.00021736505252988,0.5,0.0004288062556984572,0.0004288061423360328,0.00042880602897360845,0.00042880602897360845,0.0004288058400362345,0.0004288057644612849,0.0004288057644612849,0.00042880557552391096,0.00042880531101158745,0.00042880515986168827,0.0004288047819869404,0.0004288043663247177,0.00042880383730007065,0.0004288033838503732,0.00042880259031340264,0.0004288016834140077,0.00042880070093966315,0.00042879941616552034,0.0004287977535166296,0.0004287957885679406,0.0004287936724693524,0.0004287912918584407,0.00042878845779783153,0.00042878547258732317,0.00042878161826489467,0.00042877689483054605,0.00042876990414771,0.00042876400930164294,0.00042875573384466414,0.0004287460224636433,0.0004287339682591856,0.0004287188910567447,0.0004287013954559174,0.00042867989438276236,0.00042865117590192264,0.0004286207947721922,0.000428583914196798,0.00042853824803351534,0.00042848321057648497,0.00042841821611984773,0.00042833774769228427,0.00042824462046066645,0.0004281273470326584,0.0004279888748312937,0.00042782056941858296,0.00042761776404138976,0.0004273774923829431,0.0004270808229183737,0.0004267287381220261,0.00042630478154862954,0.00042579166542846804,0.0004251753328209201,0.00042443388588434537,0.00042353660340174027,0.0004224604350134835,0.00042116086707427345,0.0004195968057052769,0.0004177051269298587,0.0004154263910501755,0.0004126716652443112,0.000409350316253984,0.00040533777766855154,0.0004004546912389274,0.0003945108159232855,0.0003872250695904072,0.00037821776369361136,0.0003668953703663852,0.000352134222364662,0.000333272887729733,0.0003090097202112748,0.0002757551175354321,0.00023098202343194507,0.00018233115977186104,0.00014463898499415787,0.00011452811128339615,8.68185182330587e-05,5.98826426227659e-05,4.123408925837447e-05,2.840259644423254e-05,1.9568206032071683e-05,1.3479661369199721e-05,9.279092309216628e-06,6.3799805621830585e-06,4.372596538960567e-06,2.9765382828764804e-06,1.98227424622512e-06,1.2427733646020163e-06,8.220854077747287e-07,5.319909638186444e-07,3.2992244238381815e-07,1.923760341514166e-07,1.2388623609613423e-07,7.053032169389492e-08,2.2124566489030527e-08,0.0,0.0,0.0,0.0,0.0,0.0
1/0.2,0.001,8.680555555555e-05,0.5,7.296001519097109e-05,7.296001519097109e-05,7.295997299382603e-05,7.295996093749886e-05,7.295995490933528e-05,7.29599187403538e-05,7.295989462769948e-05,7.2959858458718e-05,7.295981023340937e-05,7.295974392360997e-05,7.295967761381059e-05,7.295960527584764e-05,7.295950279706678e-05,7.295937620563158e-05,7.295920138888776e-05,7.295893012152665e-05,7.29587311921285e-05,7.295846595293097e-05,7.295812837577048e-05,7.295773051697417e-05,7.295730854552356e-05,7.29566876446748e-05,7.295608482831677e-05,7.295528911072418e-05,7.295445119598653e-05,7.29531129436717e-05,7.295149136766863e-05,7.294967689043096e-05,7.294764539930443e-05,7.29450894579464e-05,7.294217182677356e-05,7.29386513792427e-05,7.293406394675813e-05,7.292886164158838e-05,7.292244767553899e-05,7.291480396411924e-05,7.29052010995359e-05,7.289432026427357e-05,7.28805459104927e-05,7.286441454475196e-05,7.28448712384248e-05,7.282136140046183e-05,7.279293860918097e-05,7.275884934413467e-05,7.271753231095567e-05,7.266812548225197e-05,7.260857325424269e-05,7.253622926311615e-05,7.24494237075606e-05,7.234470847800814e-05,7.221817732445875e-05,7.206710551697419e-05,7.188377097800815e-05,7.166355613425815e-05,7.139740668402667e-05,7.107698567708223e-05,7.069082151813161e-05,7.022481433256064e-05,6.965964988425818e-05,6.89743139949835e-05,6.814519434799277e-05,6.7133529851465e-05,6.58936390817891e-05,6.435707826967493e-05,6.241769145447433e-05,6.004783347800833e-05,5.7149854118440475e-05,5.35035325038572e-05,4.872445264274616e-05,4.225467785493761e-05,3.492806592399637e-05,2.7442913290894635e-05,2.155261381172806e-05,1.6119445047260552e-05,1.1093828366126372e-05,7.651707778742165e-06,5.287495177469053e-06,3.6602647569443875e-06,2.5383451485339113e-06,1.762044270833306e-06,1.221944926697512e-06,8.397653838734437e-07,5.609236352237567e-07,4.0670512635030236e-07,2.9848753375771144e-07,2.179271556712929e-07,1.5615354938271361e-07,1.0902536651234399e-07,7.189187885802357e-08,4.3023003472221555e-08,2.280454282407372e-08,1.3261959876543004e-08,6.829909336419646e-09,7.474922839506057e-10,0.0,0.0,0.0,0.0,0.0,0.0
