s,q,source_radius,LD_coeff,1.0e-08,1.2e-08,1.5e-08,1.7e-08,2.1e-08,2.5e-08,3.1e-08,3.7e-08,4.4e-08,5.3e-08,6.4e-08,7.7e-08,9.3e-08,1.1e-07,1.4e-07,1.6e-07,2.0e-07,2.4e-07,2.8e-07,3.4e-07,4.1e-07,5.0e-07,6.0e-07,7.2e-07,8.7e-07,1.0e-06,1.3e-06,1.5e-06,1.8e-06,2.2e-06,2.7e-06,3.2e-06,3.9e-06,4.6e-06,5.6e-06,6.7e-06,8.1e-06,9.8e-06,1.2e-05,1.4e-05,1.7e-05,2.1e-05,2.5e-05,3.0e-05,3.6e-05,4.3e-05,5.2e-05,6.3e-05,7.6e-05,9.1e-05,1.1e-04,1.3e-04,1.6e-04,1.9e-04,2.3e-04,2.8e-04,3.4e-04,4.0e-04,4.9e-04,5.9e-04,7.1e-04,8.5e-04,1.0e-03,1.2e-03,1.5e-03,1.8e-03,2.2e-03,2.6e-03,3.1e-03,3.8e-03,4.5e-03,5.5e-03,6.6e-03,7.9e-03,9.5e-03,1.1e-02,1.4e-02,1.7e-02,2.0e-02,2.4e-02,2.9e-02,3.5e-02,4.2e-02,5.1e-02,6.1e-02,7.4e-02,8.9e-02,1.1e-01,1.3e-01,1.6e-01,1.9e-01,2.3e-01,2.7e-01,3.3e-01,3.9e-01,4.8e-01,5.7e-01,6.9e-01,8.3e-01,1.0e+00
0.2,1e-06,2.604166666666666e-08,0.5,8.671866124887012e-07,1.0323650148675015e-06,1.4040164202198022e-06,1.6104894231933024e-06,1.8169624261668026e-06,2.106024630329703e-06,2.3950868344926035e-06,3.0145058434131046e-06,3.386157248765405e-06,4.294638461848807e-06,4.955352071364008e-06,6.5245468939626094e-06,7.722090311208912e-06,9.291285133807513e-06,1.1686371968300118e-05,1.4370521006955621e-05,1.7095964646205825e-05,2.052341649556593e-05,2.4074752146710136e-05,2.8658452812721844e-05,3.497652670371095e-05,4.1914019603620565e-05,4.9718699116018875e-05,6.012493846588329e-05,7.2141667238941e-05,8.853562367503693e-05,0.00010720078314384135,0.0001280545564441649,0.00015481345762953053,0.00018462815925890397,0.00022629441125895635,0.0002772519483928162,0.0003360141650390744,0.000415919217189819,0.0005094101929362199,0.0006221031579591564,0.0007485059303795333,0.000895184351691908,0.0010728337234503075,0.0012770355233910995,0.0015366959719305734,0.001857555018551393,0.002241512214880914,0.0027205708763800296,0.0032600022439485963,0.003925340848730404,0.004721872399601573,0.0056960120276305475,0.0068685309169164615,0.008259291770345364,0.009945061250422806,0.0119966183025681,0.014449269810289714,0.0174164107468207,0.020979556653734986,0.025241696264915764,0.03041087177815913,0.03666213100538601,0.04418113447087019,0.0533228505613237,0.06439318967795209,0.07786708102219499,0.09430253853188858,0.11453478679866128,0.13973444516017164,0.17182691566374814,0.21379680686197333,0.26670171477067806,0.3308334270376645,0.41319418649657474,0.5315936523756928,0.6289696241460432,0.7076066429963264,0.7814053799679315,0.8478749860475868,0.8947235452438717,0.9270284351729073,0.9493252482910126,0.9647303642212679,0.975398989463311,0.9828303657863332,0.988099556822217,0.9919167471119898,0.9940484569838894,0.9955429911686128,0.9966311864834844,0.9974299066481871,0.9980297520164256,0.9984869658342101,0.9988406953829044,0.9991167910824805,0.9993330922003956,0.9995022348844315,0.9996356164443524,0.9997292725985012,0.9998011252035359,0.9998556340763209,0.9999029576886025,0.9999356630122734,0.9999704330659742
0.2,3e-06,7.8125e-08,0.5,8.671866124887012e-07,9.910704142728015e-07,1.1149542160569016e-06,1.238838017841002e-06,1.362721819625102e-06,1.8995516273562027e-06,2.271203032708503e-06,2.642854438060804e-06,3.0970950446025045e-06,4.170754660064706e-06,5.327003476716308e-06,6.111600888015609e-06,7.722090311208912e-06,9.043517530239314e-06,1.0736596154622016e-05,1.342074519327752e-05,1.6352661835501224e-05,1.8830337871183228e-05,2.3331449336005535e-05,2.774997159963844e-05,3.373768868586995e-05,3.984928957388556e-05,4.678678247379517e-05,5.7523378628417185e-05,7.024211561158481e-05,8.622312604173372e-05,0.00010711819394265196,0.00012883915385546418,0.00015402886021823124,0.00018528887286841918,0.00022456003803397894,0.0002759305211737858,0.0003405978657050861,0.0004169928768052812,0.0005126311717826065,0.0006202036063318002,0.0007479691005718022,0.0008932022108633623,0.0010653594007426668,0.0012785634236131033,0.0015350441879067853,0.0018568530103412828,0.002241759982484482,0.002716730478524722,0.0032615714387711947,0.003920839737265582,0.004718568831553997,0.00568734016150566,0.006863203913439745,0.00825635985370314,0.009940807906561551,0.011996659597168693,0.014457652614210439,0.017420333733877195,0.02098273633798078,0.02524078778370268,0.030417685387257254,0.03665895132114022,0.04417423827257087,0.053324213283143324,0.06439137271552592,0.07786452075695811,0.09430807200836827,0.11454428455679806,0.13973812037962458,0.17183996475753607,0.21378962160146986,0.26670353173310424,0.3308341290458746,0.41318881819849745,0.5315928677782815,0.6289678484782176,0.7076124655350101,0.7814065775113487,0.8478774637236225,0.8947253622062978,0.9270303760191353,0.949326734896634,0.9647302816320666,0.9753989068741098,0.9828305309647356,0.9880998871790218,0.9919170774687947,0.9940484569838894,0.995543073757814,0.9966311864834844,0.9974299066481871,0.9980297520164256,0.9984869658342101,0.9988406953829044,0.9991167910824805,0.9993330922003956,0.9995022348844315,0.9996356164443524,0.9997292725985012,0.9998011252035359,0.9998556340763209,0.9999029576886025,0.9999356630122734,0.9999704330659742
0.2,1e-05,2.604166666666667e-07,0.5,1.238838017841002e-06,1.4040164202198022e-06,1.7343732249774025e-06,2.106024630329703e-06,2.271203032708503e-06,2.725443639250204e-06,2.9732112428184046e-06,3.633924852333605e-06,3.881692455901805e-06,4.335933062443507e-06,4.790173668985207e-06,6.111600888015609e-06,6.93749289990961e-06,8.093741716561212e-06,9.539052737375715e-06,1.2223201776031218e-05,1.4948645415281422e-05,1.8747748669993827e-05,2.3083681732437333e-05,2.9236577221047645e-05,3.448099149657455e-05,4.034482478102196e-05,5.0379412725534074e-05,6.25613199009706e-05,7.453675407343361e-05,9.002222929644613e-05,0.00010761372914978836,0.0001268570130269186,0.00015382238721525773,0.00018487592686247217,0.00022431227043041073,0.0002734941397386985,0.0003351882730271804,0.00041071609751488683,0.0005052807328767499,0.000618717000710391,0.0007509010172140259,0.0008998919361597037,0.0010691585039973794,0.0012750120879619592,0.0015369850341347363,0.0018521454258734872,0.0022366394520107395,0.0027164414163205596,0.0032603738953539485,0.003922326342886991,0.004717371288136751,0.005681435033620619,0.0068587853911761115,0.008256648915907303,0.009946176204638862,0.011996040178159773,0.014456372481592003,0.017422646231510498,0.020992027623114588,0.02524805563340735,0.030426728904787495,0.03665395467446826,0.044182290719686844,0.05332371774793619,0.06439219860753781,0.07786608995178071,0.09430604857293913,0.11454279795117665,0.1397434473831013,0.17183550494067185,0.21379284258031625,0.26670452280351853,0.3308655542369272,0.4132015782300812,0.5316138867299842,0.6289770571741502,0.7076157278084572,0.7814179335265122,0.8478871266601616,0.8947320519315942,0.9270338447655853,0.9493292125726697,0.9647330896649071,0.9754000631229265,0.9828317698027534,0.9881011260170396,0.9919173252363982,0.994048704751493,0.9955434041146188,0.9966315168402892,0.9974299066481871,0.9980298346056269,0.9984872136018138,0.9988408605613067,0.9991167910824805,0.9993331747895968,0.9995022348844315,0.9996356164443524,0.9997292725985012,0.9998011252035359,0.9998557166655221,0.9999029576886025,0.9999356630122734,0.9999704330659742
0.2,3e-05,7.812499999999998e-07,0.5,6.19419008920501e-07,7.020082101099011e-07,8.671866124887012e-07,1.1975434172463017e-06,1.6104894231933024e-06,1.8582570267615028e-06,2.023435429140303e-06,2.5189706362767038e-06,3.427451849360105e-06,4.294638461848807e-06,5.203119674932207e-06,6.276779290394409e-06,7.68079571061421e-06,9.745525740349214e-06,1.1810255770084217e-05,1.337945059268282e-05,1.5939715829554223e-05,1.849998106642563e-05,2.3042387131842632e-05,2.8080328404396043e-05,3.460487529835865e-05,4.2616027813730465e-05,5.2196375151700876e-05,6.210707929442889e-05,7.441287027164951e-05,9.002222929644613e-05,0.00010996752138368626,0.0001335054437226653,0.00016117282612111434,0.00019230895496951818,0.00023587475859692674,0.0002831157816772636,0.0003420844713264953,0.0004124504707398642,0.0005006970322107382,0.0006074848693486326,0.0007360349609999339,0.0008961754221061808,0.0010824966599894674,0.0012903736793831876,0.001542105564608479,0.001848057260414612,0.0022236729474240037,0.002702029600713009,0.0032626038037860622,0.0039178252314221685,0.0047213768643944365,0.005688909356328259,0.006867457257300999,0.008259580832549527,0.009954187357154233,0.012002729903456114,0.0144649617585157,0.017432226578848468,0.02099058231209377,0.025245495368170476,0.030413019097390054,0.03664912320619868,0.044178615500233914,0.053324750112951055,0.06440033364385496,0.07787558770991748,0.09431839565851695,0.11454614281382482,0.1397643424510022,0.1718505361752883,0.21381708251086534,0.26672607858502895,0.3308739783354485,0.4132477868881467,0.5316546445007712,0.6290025359427172,0.7076317501134879,0.7814280094090573,0.8479135552045423,0.894747248344613,0.9270482152865922,0.9493373889035874,0.9647377972493749,0.9754040274045835,0.9828342474787891,0.9881023648550574,0.9919187292528184,0.9940500261787121,0.9955439822390271,0.9966320949646974,0.9974299892373882,0.998029917194828,0.9984873787802161,0.998840943150508,0.9991168736716818,0.9993331747895968,0.9995023174736327,0.9996356164443524,0.9997292725985012,0.9998011252035359,0.9998557166655221,0.9999029576886025,0.9999356630122734,0.9999704330659742
0.2,0.0001,2.604166666666666e-06,0.5,5.368298077311008e-07,8.671866124887012e-07,1.2801326184357019e-06,1.5279002220039023e-06,1.8582570267615028e-06,2.106024630329703e-06,2.5189706362767038e-06,2.725443639250204e-06,3.3035680475760047e-06,4.212049260659406e-06,4.955352071364008e-06,6.35936849158381e-06,7.845974112993012e-06,1.0075882545106815e-05,1.2223201776031218e-05,1.453569940933442e-05,1.8004445859289226e-05,2.139060310805463e-05,2.601559837466104e-05,3.163166405554025e-05,3.774326494355586e-05,4.4763347044654866e-05,5.475664038857228e-05,6.49977013360579e-05,7.862491953230891e-05,9.530793817256774e-05,0.00011479898965326616,0.0001359418251577526,0.00016393956436095924,0.0001960254690230412,0.00023434685837492284,0.0002850153333046198,0.00034551192317585543,0.0004194292582403685,0.0005083778279213524,0.00061334870263308,0.0007383887532338318,0.0008861408341616686,0.0010603627540707082,0.0012738558391453074,0.001560275188870147,0.0018761788834196025,0.0022375892278244176,0.0026787394459775985,0.003252197564436198,0.003923978126910779,0.004717949412545077,0.005678379233176611,0.006848833392432789,0.008251487090832966,0.009936719741102676,0.011995214286147879,0.014457859087213412,0.017418475476850433,0.0209989238214139,0.025255323483112015,0.030427513502198793,0.036661883237782446,0.0441927382536373,0.05334031817737526,0.06441086376700661,0.07788859550910482,0.09434110768884403,0.11457682470206668,0.13979510692844524,0.17189079841086816,0.2138898023025126,0.26680734635899933,0.3309736222066835,0.41337518073098134,0.5317846811980439,0.6291046987845884,0.7077089710166,0.7814846656010732,0.8480102671591351,0.8948136500623693,0.9270922353308261,0.9493658821779978,0.9647590226740805,0.9754200497096143,0.9828451492533461,0.9881109541319811,0.991923354248085,0.9940536601035643,0.995546542504264,0.9966334989811176,0.9974312280754061,0.9980311560328459,0.9984880394938257,0.9988415212749163,0.9991170388500841,0.9993333399679991,0.999502482652035,0.9996357816227548,0.9997292725985012,0.9998012077927371,0.9998558818439245,0.9999029576886025,0.9999356630122734,0.9999704330659742
0.2,0.0003,7.812499999998e-06,0.5,1.1562488166516018e-06,1.321427219030402e-06,1.5691948225986022e-06,1.8995516273562027e-06,2.3124976333032036e-06,2.8906220416290043e-06,3.386157248765405e-06,3.964281657091206e-06,4.872762870174607e-06,5.450887278500408e-06,6.5245468939626094e-06,7.76338491180361e-06,9.167401332023414e-06,1.0571417752243216e-05,1.2140612574841818e-05,1.4700877811713222e-05,1.7756678255721028e-05,2.1142835504486433e-05,2.5107117161577635e-05,3.055800444007805e-05,3.807362174831346e-05,4.554794445595417e-05,5.483922958976168e-05,6.54932365431943e-05,8.102000636680152e-05,9.972646043620064e-05,0.00011843291450559978,0.0001392453932053286,0.00016757348921329286,0.0002021783645116515,0.00024231671628969996,0.00029030104218074145,0.0003476179478061851,0.00041905760683501623,0.0005070976953029168,0.0006090127695706365,0.0007329791605559261,0.0008865537801676156,0.001062468778701038,0.0012795131994267814,0.0015473912734846006,0.0018596610431817226,0.0022431227043041074,0.002700666878893384,0.003251330377823709,0.003923771653907805,0.004716917047530209,0.005706500856181601,0.006859404810185032,0.008259044002741796,0.009964469712702314,0.01199575111595561,0.014461905958071692,0.017426940869972346,0.021018992997302925,0.025290919428824648,0.03044217308540991,0.03670317783837714,0.04423630405726471,0.053366829310957056,0.06446198648254285,0.07794128741946366,0.09441040002864194,0.11465986814386263,0.1398953702186892,0.17203483397774247,0.21406563471184484,0.26705267758113244,0.33125174134168883,0.4137728064401077,0.5321809854799513,0.6293894663502895,0.7079079284022652,0.7816746207638089,0.8482780213493911,0.8949944378237729,0.9272207441278768,0.9494544178016728,0.9648179913637298,0.9754634090402388,0.9828743858305672,0.9881311058970713,0.9919364033418729,0.9940625797372928,0.9955529018727556,0.9966382065655854,0.9974352749462644,0.9980340466548875,0.9984890305642399,0.9988430078805377,0.9991181125096996,0.9993342484492123,0.9995027304196387,0.9996360293903583,0.9997296029553059,0.9998012903819383,0.9998559644331256,0.9999030402778036,0.9999357456014747,0.9999705156551754
0.2,0.001,2.6041666666665e-05,0.5,9.9147332936744e-07,1.0740961068147268e-06,1.3219644391565866e-06,1.3219644391565866e-06,1.5698327714984467e-06,2.23081499107674e-06,2.72655165576046e-06,3.1396655429968933e-06,3.8832705400224735e-06,4.792121091942626e-06,5.7835944213100665e-06,6.857690528124793e-06,8.097032189834093e-06,9.997356071121687e-06,1.2723907726882146e-05,1.462423160816974e-05,1.7433406041377486e-05,2.164716769118911e-05,2.4456342124396854e-05,3.065305043294336e-05,3.6767135964042565e-05,4.453367704408752e-05,5.353955978584176e-05,6.345429307951616e-05,7.68391830259766e-05,9.270275629585565e-05,0.00011426730120959746,0.00013599709167823386,0.00016161015268689272,0.0001953202458853857,0.00023820146738052746,0.00028521382774803356,0.0003482550069403133,0.0004249289444113953,0.0005070559851939983,0.0006099213431158702,0.0007393086125983211,0.0008870381386740697,0.0010702954590521515,0.0012864366448542535,0.0015531429704540949,0.0018647134642078129,0.0022530405182100604,0.002712505783594421,0.003262938726948245,0.00392722585762443,0.004742216934364466,0.005702582788023002,0.006874049838059356,0.0082764888624496,0.009978518077863706,0.01202401017912618,0.014479641747636988,0.017448939123537576,0.02105087910635204,0.025365771035759137,0.030568940445502017,0.036820923392160754,0.04436173904421971,0.05350894804679754,0.06462497521316676,0.07814115275299094,0.09465133187917245,0.11496174565404191,0.14027058959613986,0.17249504263335316,0.21470305373785445,0.26786874545574724,0.33227956242977064,0.4153382576508692,0.533476601229427,0.6303537494216406,0.7086113589794435,0.7823015813999603,0.8491478286734087,0.8956103344570031,0.927649340670236,0.9497546516623703,0.9650249520787891,0.9756047987309141,0.9829749570361557,0.9881982864035957,0.9919809224006875,0.9940926366580739,0.9955757568246414,0.9966499355542336,0.9974434033974486,0.9980412618150571,0.9984929605393615,0.9988446857029546,0.9991182497190826,0.999334804018772,0.9995035197303193,0.9996351378147927,0.999730319254412,0.9998000528785775,0.9998537576839183,0.9999013484037279,0.9999326624363805,0.9999654636790271
0.3,1e-06,6.520951575896632e-08,0.5,5.727958287774034e-07,7.490406991704506e-07,8.371631343669743e-07,9.252855695634979e-07,1.0574692223582833e-06,1.2337140927513305e-06,1.6743262687339485e-06,2.026816009520043e-06,2.5555506206991844e-06,3.128346449476588e-06,4.053632019040086e-06,4.538305412620966e-06,5.37546854698794e-06,6.256692898953176e-06,7.931019167687124e-06,9.429100566028026e-06,1.1147488052360236e-05,1.3262426497076802e-05,1.643483416415165e-05,2.0356282530396952e-05,2.418960846144573e-05,3.0666607448390214e-05,3.798076956970167e-05,4.5999911172585324e-05,5.454778738664811e-05,6.684086709656316e-05,8.023547724643475e-05,9.587720949381768e-05,0.00011438292088508764,0.0001365897745546116,0.0001643924028591148,0.00019629272440025634,0.00023951677886415115,0.0002873231999582652,0.00034438247674801423,0.00041875781205388016,0.0005056465331576525,0.0006131559040974113,0.0007444142713226332,0.0009103047555800889,0.0011113560914809576,0.0013556314818457208,0.0016191175630833265,0.0019468448995791977,0.002338637246462942,0.002809078866759583,0.0033750011455916575,0.004058170324452707,0.004882071032322605,0.005871818163232359,0.007055787141315252,0.008488349509087539,0.010181489917735945,0.012219189048002758,0.01467414790892511,0.017640349077640095,0.021194238766680695,0.025484082973265064,0.030717630338369002,0.03708399160792425,0.044754432734735256,0.05401222328674124,0.06523404261318974,0.07887830362197308,0.09556574074661557,0.11613201904008584,0.1417930959244431,0.17458781612161178,0.21874147415439474,0.2788478485083692,0.35436472183977086,0.46559770627875874,0.5785498713059957,0.6643212880539112,0.7336628495552637,0.7984495826873959,0.8597356961425637,0.9032135432198246,0.9331836309404214,0.9538448170965984,0.9680946114188347,0.9779263433912756,0.984715824533427,0.9894126181457489,0.9926794049409192,0.9949816916828635,0.9966744355405536,0.9975967249473204,0.998234643255708,0.9986971097956194,0.9990410075989739,0.9992987657219237,0.9994909607530873,0.9996287842417346,0.9997198147172927,0.9997941019301633,0.9998515136966939,0.9998958833428153,0.999934304724561,0.9999659847400142
0.3,3e-06,1.9562854727689894e-07,0.5,7.049794815721889e-07,7.931019167687124e-07,8.81224351965236e-07,1.0134080047600214e-06,1.1455916575548068e-06,1.2337140927513305e-06,1.5862038335374248e-06,1.9386935743235195e-06,2.423366967904399e-06,2.7758567086904937e-06,3.524897407860944e-06,4.185815671834871e-06,4.846733935808798e-06,5.9042031581670814e-06,7.622590644499292e-06,8.812243519652361e-06,1.0839059529172403e-05,1.3130242844282018e-05,1.5862038335374248e-05,2.004785400720912e-05,2.3616812632668326e-05,2.9741321878826715e-05,3.577770868978858e-05,4.357654420468092e-05,5.353437938188809e-05,6.538684691582051e-05,7.904582437128167e-05,9.349790374351155e-05,0.00011328139044513109,0.00013654571333701333,0.00016368742337754259,0.00020021417276650164,0.00023788651381301547,0.0002863097919535052,0.0003481276802438665,0.00041981528127623844,0.0005050296761112768,0.0006122306185278477,0.000745736107850581,0.0009088507353993462,0.001108271806249079,0.0013558517879337121,0.0016233474399727596,0.001942174410513782,0.002341853715347615,0.002810268519634736,0.003376807655513186,0.004064471078569258,0.004884185970767321,0.005871025061315591,0.0070575055288015845,0.008492315018671382,0.010185763855842975,0.012223947659503371,0.014679126826513714,0.017636207323185858,0.021199173623051702,0.02548721131971454,0.030719304664637737,0.03707729430284932,0.04475571051004561,0.05401667346971866,0.0652277418590732,0.07887314845951408,0.09556516795078679,0.1161252776737933,0.14179450588340625,0.17459283910041798,0.218739579522038,0.27886269713869977,0.3543786011233143,0.46560259707391216,0.5785563483049826,0.6643260466654118,0.7336632020450045,0.7984476439938215,0.8597379432646612,0.9032162309540981,0.9331848646545142,0.9538460948719087,0.9680949639085754,0.9779269602483219,0.9847159567170798,0.9894126181457489,0.9926794049409192,0.9949817357440812,0.9966746999078592,0.9975967249473204,0.998234643255708,0.9986971097956194,0.999041095721409,0.9992987657219237,0.9994909607530873,0.9996287842417346,0.9997198147172927,0.9997941019301633,0.9998515577579115,0.9998958833428153,0.999934304724561,0.9999659847400142
0.3,1e-05,6.520951575896631e-07,0.5,7.049794815721889e-07,7.931019167687124e-07,8.81224351965236e-07,1.1455916575548068e-06,1.4099589631443778e-06,1.4980813983409013e-06,2.026816009520043e-06,2.423366967904399e-06,2.9521015790835407e-06,3.392713755066159e-06,3.833325931048777e-06,4.846733935808798e-06,6.212631681354914e-06,7.490406991704506e-06,9.076610825241931e-06,1.0134080047600215e-05,1.1588100228342854e-05,1.3262426497076802e-05,1.6743262687339483e-05,2.0488466183191738e-05,2.418960846144573e-05,2.8419485350878862e-05,3.3883076333063325e-05,4.1637850630357406e-05,5.062633902040281e-05,6.115697002638738e-05,7.516843722263464e-05,9.028143485883843e-05,0.00010755343215735706,0.00013037714287325667,0.00015659356734422245,0.00019003603150130315,0.0002340531878819667,0.0002842389147263869,0.00034742270076229434,0.000418229077442701,0.0005064836962920194,0.0006100716188655329,0.0007467054546377428,0.0009073526540010053,0.0011057603168459782,0.0013496832174699556,0.0016234796236255543,0.0019453027569632587,0.002340531878819667,0.0028089026218891897,0.0033789666551755013,0.00405962434463345,0.0048796476653547,0.005879264509006465,0.007064246895094118,0.008497866732088763,0.010190654650996382,0.012225621985772104,0.014675645990323451,0.017633651772565158,0.021196265582690214,0.02549686072636856,0.030720185888989702,0.037083595056965866,0.044755534265175215,0.05401002022586133,0.0652327207766618,0.07888495686583041,0.09557071966420418,0.11613201904008584,0.14179772235229093,0.17459896360966415,0.21875548562159097,0.2788626530774822,0.3543866202649172,0.46562643419263283,0.5785617678347472,0.6643283378487269,0.7336683131462459,0.7984474677489511,0.8597527478337743,0.9032227520143026,0.9331879930009637,0.9538509416058446,0.9680977397652841,0.9779286786358083,0.9847173226148253,0.9894137196761889,0.992679537124572,0.9949821322950395,0.9966749642751648,0.9975970774370612,0.9982348195005785,0.9986971097956194,0.9990411838438442,0.9992987657219237,0.9994909607530873,0.9996288723641699,0.9997198147172927,0.9997941019301633,0.9998515577579115,0.9998958833428153,0.999934304724561,0.9999660728624493
0.3,3e-05,1.9562854727689895e-06,0.5,2.643673055895708e-07,3.5248974078609444e-07,5.287346111791416e-07,6.168570463756653e-07,9.693467871617598e-07,1.1455916575548068e-06,1.4980813983409013e-06,1.8946323567252574e-06,2.5996118382974462e-06,3.524897407860944e-06,4.229876889433133e-06,5.111101241398369e-06,6.212631681354914e-06,7.490406991704506e-06,9.164733260438454e-06,1.1499977793146331e-05,1.3086181626683755e-05,1.5509548594588156e-05,1.859383382646648e-05,2.344056776227528e-05,2.833136291568234e-05,3.353058659227723e-05,3.987540192642693e-05,4.8511400575686245e-05,5.9306398887260385e-05,6.908798919407451e-05,8.292321151992871e-05,9.843276011451687e-05,0.00011830436925133294,0.00014099589631443778,0.00016941538166531664,0.00020338658043357648,0.00024797653264301743,0.00029851474922822373,0.0003565433728051345,0.0004354570135236214,0.0005209798368818475,0.0006287535751271959,0.0007552973920694038,0.0009146668161223167,0.0011011338889981607,0.0013303403429443185,0.0016241405418895283,0.001955304653358064,0.0023434399191811523,0.002813308743649016,0.0033763670433372035,0.004062796752300524,0.004886300909212038,0.005887283650609349,0.0070801529946470905,0.008511569770761823,0.010211407484485164,0.01224245337089464,0.014679435255036902,0.017632462119690006,0.02120177323489,0.025490163421293625,0.030722917684480794,0.03708707589315613,0.04475936759110626,0.05401671753093626,0.0652374793881624,0.0788853534167888,0.09557697635710313,0.11614651518067566,0.14180745988138016,0.17460949424067013,0.21876865992565286,0.2788996645002647,0.3544400665218639,0.4656594801058315,0.5785912007281028,0.6643482535190813,0.7336836464499701,0.798449891115919,0.859779316747986,0.9032371159712397,0.9332021366518127,0.9538570220538731,0.9681040845806183,0.9779331288187857,0.9847204069000571,0.9894159667982864,0.9926805505325768,0.9949835422540027,0.9966753167649055,0.9975975180492371,0.9982349957454488,0.9986974622853602,0.9990412719662795,0.9992988538443589,0.9994912251203929,0.9996288723641699,0.9997198147172927,0.9997941019301633,0.9998515577579115,0.9998958833428153,0.999934304724561,0.9999660728624493
0.3,0.0001,6.520951575894e-06,0.5,3.0842852318783263e-07,7.490406991704506e-07,7.490406991704506e-07,1.1896528751530687e-06,1.365897745546116e-06,1.6743262687339485e-06,2.3793057503061373e-06,2.731795491092232e-06,3.1724076670748496e-06,3.965509583843562e-06,4.362060542227918e-06,5.243284894193155e-06,6.212631681354914e-06,7.446345774106245e-06,8.944427172447145e-06,1.0530631005984571e-05,1.3262426497076802e-05,1.7492303386509936e-05,2.128156809996045e-05,2.5335200119000537e-05,2.9697260661228456e-05,3.4896484337823346e-05,4.0712565060793904e-05,4.802672718210537e-05,5.6398358525775106e-05,6.825082605970753e-05,8.349600734870612e-05,9.96664742072682e-05,0.00012041930769604951,0.00014549014050946048,0.0001747467889947063,0.00020713178392942874,0.00024943055282376005,0.0003009821774137264,0.00036306443300967723,0.00043413517699567353,0.0005275008970863903,0.0006367727167300796,0.0007633605948898858,0.000920262590757296,0.0011059806229339695,0.0013208671811606922,0.0015889796902461154,0.001913710863945305,0.002322378657169183,0.002820534783335131,0.003381962817972183,0.004067995975977119,0.0048880633579159675,0.005870187898181224,0.0070672430578908,0.008495972099732038,0.010218853830259271,0.012256288593220494,0.014712613351888393,0.017666168951152677,0.02122587472091625,0.025508360704161705,0.03072045025629529,0.037081171689997965,0.04476919324263067,0.054030993365438096,0.06525122648805307,0.07890874992333348,0.09560261998574532,0.11616925076895637,0.14184041767214364,0.17465377576435637,0.21884034752668524,0.2790018424638751,0.3545618517273055,0.4658147077754302,0.5786933346304955,0.6644228050992576,0.7337288532592259,0.7984584830533508,0.8598757667533087,0.9033061158379986,0.9332501633789948,0.9538887901917614,0.9681255864548063,0.9779472724696348,0.9847302325515815,0.9894221794299677,0.9926863225520821,0.9949864943555817,0.9966771673360447,0.9975991923755059,0.9982353482351897,0.998698255387277,0.9990416244560202,0.9992993385177524,0.999491753855004,0.9996289164253874,0.9997199028397279,0.9997944544199041,0.9998515577579115,0.9998958833428153,0.999934304724561,0.9999660728624493
0.3,0.0003,1.9562854727688e-05,0.5,2.643673055895708e-07,3.5248974078609444e-07,3.5248974078609444e-07,4.40612175982618e-07,7.049794815721889e-07,1.0574692223582833e-06,1.4099589631443778e-06,1.4980813983409013e-06,2.467428185502661e-06,2.731795491092232e-06,3.348652537467897e-06,4.141754454236609e-06,5.287346111791416e-06,5.9042031581670814e-06,7.137917250918412e-06,8.812243519652361e-06,1.101530439956545e-05,1.3570855020264636e-05,1.6214528076160343e-05,1.956318061362824e-05,2.2911833151096136e-05,2.859573022127191e-05,3.586583112498511e-05,4.353248298708266e-05,5.296158355311069e-05,6.60918263973927e-05,7.869333463049558e-05,9.693467871617597e-05,0.00011764345098735901,0.00013958593735129339,0.00016602266791025048,0.00020400343747995216,0.0002471834307262487,0.0002947254845147732,0.00035663149524033105,0.0004278344228791221,0.0005130488177141604,0.0006166808015052722,0.0007433568021002749,0.0009005231652732747,0.0010822316266485064,0.001301964918811038,0.001573602325304322,0.0018893890718310643,0.002275409399209436,0.002741048346787867,0.0033100108496342214,0.0039741896437104195,0.004802099922381759,0.0057944466651298114,0.006980618704092618,0.008420759601291804,0.010151660473421921,0.012224123904373763,0.014691552089876424,0.017664406502448746,0.021258127532198176,0.02557568624465185,0.03080055354988893,0.03713162178414797,0.044802151033394175,0.054071617808063695,0.06529898884792958,0.07896254867002096,0.09567250107685615,0.11626142683617194,0.14196321628559,0.17480979653587184,0.21901518243811513,0.2793054683143447,0.35497532219324757,0.4661993181438454,0.5789816712384586,0.6646291878424878,0.7338617418915022,0.7984818795598954,0.8601342298557401,0.9034923626047864,0.933378029032465,0.9539804375243659,0.9681847166088231,0.9779887781366123,0.9847592248327612,0.9894420069778869,0.9926994087337088,0.9949964521907589,0.9966831156004204,0.9976028935177842,0.9982385647040742,0.9987005906318097,0.9990433428435065,0.9993001756808868,0.9994925469569208,0.9996297095273042,0.9997202553294686,0.9997947187872097,0.9998517340027818,0.9998959714652506,0.9999343928469961,0.9999661609848846
0.3,0.001,6.5209515758964e-05,0.5,1.1455916575548068e-06,1.2337140927513305e-06,1.321836527947854e-06,1.4099589631443778e-06,1.4980813983409013e-06,1.8505711391269958e-06,2.1149384447165666e-06,2.467428185502661e-06,2.8199179262887556e-06,3.4367749726644204e-06,4.317999324629657e-06,5.1992236765948925e-06,6.080448028560129e-06,6.873549945328841e-06,8.019141602883648e-06,9.869712742010644e-06,1.2513385797906353e-05,1.4804569113015966e-05,1.7448242168911673e-05,2.1061262011969142e-05,2.5070832813410965e-05,3.0446301360398905e-05,3.86416878336756e-05,4.692519674214882e-05,5.573744026180118e-05,6.507841839263268e-05,7.891364071848689e-05,9.627376045220204e-05,0.00011689441028818856,0.00014015873318007078,0.00016756481052618963,0.0002029019070399956,0.00024599377785109567,0.00029234617876446707,0.0003542521894900249,0.0004298612388886421,0.0005141944093717153,0.0006228053107514306,0.0007498338010872193,0.0009033430831995635,0.0010850956057923934,0.0013054457550013008,0.001574086998697903,0.0018950289076836418,0.002280608622886031,0.002748494692561973,0.0033086890131062735,0.003983398438188457,0.00479725318844595,0.005777879647312865,0.006965153216715627,0.008385686872083587,0.010106453664166104,0.012173629749006156,0.014692257069357997,0.017685159335937527,0.021339023927708586,0.025668567291348986,0.030937848303925115,0.03723833805317096,0.04488657232631244,0.054194812972468434,0.06549166855248678,0.07919268040953668,0.09594805993171569,0.11658990321336697,0.14236990132402197,0.17533549092303669,0.21976497217798477,0.2804877189049413,0.3566035604283737,0.46705260768385337,0.579736968630528,0.6652320334216673,0.7343302888794422,0.7985932663179838,0.8609275080173792,0.9040745875341298,0.9337915435596247,0.9542782472941125,0.9683981932080867,0.9781334311139874,0.9848591556742741,0.9895123727423913,0.9927481404403725,0.9950303352670921,0.9967058952499187,0.9976177862093324,0.998250329049173,0.998707243875667,0.9990478811489192,0.9993030396600306,0.9994944415892776,0.999631383853573,0.9997213568599086,0.9997952475218209,0.9998527914720042,0.9998967205059497,0.999935185948913,0.9999663372297549
0.4,1e-06,1.360544217687075e-07,0.5,3.6354579115993875e-07,5.453186867399081e-07,5.907619106349005e-07,8.634212540048545e-07,1.0906373734798161e-06,1.181523821269801e-06,1.5450696124297398e-06,1.6813992841147167e-06,1.7722857319047015e-06,2.1812747469596323e-06,2.6811502098045483e-06,3.044696000964487e-06,4.27166304612928e-06,5.680402986874043e-06,6.9528132559338285e-06,7.95256418162366e-06,9.861179585213338e-06,1.1997011108277979e-05,1.3451194272917734e-05,1.567791224377236e-05,1.8768051468631837e-05,2.3766806097080995e-05,2.872011750163516e-05,3.399153147345427e-05,4.21713117745529e-05,5.135084300134135e-05,6.0984806467079726e-05,7.30272607992527e-05,8.738731955007028e-05,0.0001062462574664921,0.0001275591294732435,0.0001560974740792987,0.000189816346209383,0.00022876118908739146,0.00027756721155061323,0.0003358254245839934,0.00040780749123366127,0.0004913775799765522,0.0005975329509952543,0.0007275460145588274,0.0008926866901932296,0.001085729505299157,0.0013052657199358652,0.0015655645064063812,0.0018908016598228414,0.002273569934690362,0.0027505874559160966,0.003309766325943977,0.003983371233739449,0.00480534826755207,0.005799691449598398,0.006996847739888076,0.00846411855300959,0.010213410013623424,0.012293119155177749,0.014780999333756895,0.017796339012085216,0.021473468359996313,0.025879825121750348,0.031198772705763624,0.037614719714602014,0.0453646525608779,0.05474595170176012,0.06612661636435031,0.07998166456802284,0.09692367097088221,0.11782628155230963,0.1439644968451269,0.17747001303902424,0.22283434749733486,0.29327488910603683,0.3940063841367521,0.5267357709654245,0.6246662365617003,0.6988505272845433,0.7583732434660255,0.8115626738629345,0.8669122479076917,0.9082702168609721,0.9367762967780618,0.9564259467902565,0.9699735715842794,0.9793116996624613,0.9857514589206208,0.990193624942804,0.993261042555716,0.995384604408329,0.9968595096830649,0.9979063397887099,0.9986317045285218,0.9990296962833941,0.9993093538832439,0.9995025784712455,0.9996277291098522,0.9997227054477927,0.9998021402031612,0.9998573991634175,0.9999031150466559,0.9999441048346092,0.9999647360582575
0.4,3e-06,4.0816326530612243e-07,0.5,6.362051345298928e-07,7.270915823198775e-07,7.270915823198775e-07,9.997509256898316e-07,1.181523821269801e-06,1.4087399407447626e-06,1.454183164639755e-06,1.454183164639755e-06,1.726842508009709e-06,2.4993773142245787e-06,2.9992527770694947e-06,3.453685016019418e-06,4.089890150549311e-06,4.907868180659173e-06,6.089392001928974e-06,7.36180227098876e-06,8.997758331208484e-06,1.0997260182588148e-05,1.3723853616287688e-05,1.6995765736727135e-05,1.981324561821666e-05,2.4948329918350796e-05,3.044696000964487e-05,3.717255714610374e-05,4.480701876046245e-05,5.389566353946092e-05,6.498381016983905e-05,7.643550259137712e-05,9.161353937230457e-05,0.00011069969340820135,0.0001334213053556975,0.0001583241920501533,0.00019113419970233779,0.0002302153722520312,0.00027674923352050335,0.00033905189348053786,0.00040667141063628647,0.0004946494920969916,0.0005988053612643141,0.0007322721098439066,0.0008914597231480648,0.0010840935492389373,0.001304629514801335,0.0015746985944092746,0.0018991177697956251,0.0022829766820366255,0.0027560860860073905,0.003312220260034307,0.003985370735590828,0.0048008493883864665,0.005794874467865529,0.006988577073139188,0.00845793827455987,0.0102081840428755,0.012294982327357443,0.01477831818354709,0.01779683888754806,0.021465334022919107,0.02588018866754151,0.031203498801048703,0.03761762808093129,0.04536474344732569,0.054749269057104456,0.0661258438295441,0.07998193722736621,0.09691985374007503,0.11782632699553353,0.1439643150722313,0.1774738302698314,0.22284925287477242,0.29327616151630587,0.3940348770381343,0.5267401789581423,0.6246745981148969,0.698855435152724,0.7583723346015476,0.8115573115625148,0.8669130658857218,0.9082704895203154,0.9367758423458229,0.9564262194495998,0.9699748439945485,0.979311881435357,0.9857518224664119,0.9901938067156996,0.9932614061015071,0.995384604408329,0.9968595096830649,0.9979063397887099,0.9986317954149696,0.9990296962833941,0.9993093538832439,0.9995025784712455,0.9996277291098522,0.9997227054477927,0.9998021402031612,0.9998573991634175,0.9999031150466559,0.9999441048346092,0.9999647360582575
0.4,1e-05,1.360544217687075e-06,0.5,3.6354579115993875e-07,4.544322389499234e-07,6.816483584248851e-07,7.270915823198775e-07,8.179780301098622e-07,9.088644778998468e-07,1.0906373734798161e-06,1.181523821269801e-06,1.6359560602197243e-06,1.999501851379663e-06,2.363047642539602e-06,3.3627985682294334e-06,3.862674031074349e-06,5.089641076239143e-06,5.9985055541389895e-06,7.907120957728668e-06,9.724849913528362e-06,1.163346531711804e-05,1.436005875081758e-05,1.654133349777721e-05,2.0267677857166585e-05,2.4993773142245787e-05,3.02651871140649e-05,3.7490659713368686e-05,4.4307143297617534e-05,5.4668198345675786e-05,6.512013984152402e-05,7.7117150949802e-05,9.297683608915433e-05,0.00010942728313914156,0.00013460282917696732,0.00016486801629103222,0.0001940425660316173,0.00023221487410341086,0.0002824750797312724,0.0003424146920487673,0.00040976154986114595,0.0005001026789643908,0.0006078031195955226,0.0007390885934281555,0.0008943680894773444,0.0010871382452399018,0.001312354862863484,0.0015800154516049888,0.0019047981727824991,0.0022885661985757094,0.002759948760038465,0.003318536868155711,0.003985597951710303,0.0048023944579988955,0.005790830020938874,0.006997029512783656,0.008462937029188319,0.010212137603354364,0.012300571843896527,0.014784089472981755,0.017796520784980795,0.021466242887397007,0.02587718941476444,0.031199227138002574,0.03761590123842328,0.045368787894252346,0.05474749677137255,0.06612684358046979,0.07998125557900779,0.09692730642879381,0.11782878092962386,0.14397299472799527,0.17747887446768376,0.22284270905053155,0.2933041999854491,0.39405782586620125,0.5267515852073399,0.6246748707742403,0.6988600249183374,0.7583737433414884,0.8115505859653783,0.8669210638931274,0.9082770333445563,0.936780931986899,0.956430036680407,0.9699777523608777,0.979313153845626,0.9857524586715464,0.9901941702614908,0.993262314965985,0.9953850588405679,0.996859873228856,0.9979064306751577,0.9986319771878651,0.9990297871698419,0.9993092629967961,0.9995026693576932,0.9996277291098522,0.9997227963342405,0.9998021402031612,0.9998573991634175,0.9999031150466559,0.9999441048346092,0.9999647360582575
0.4,3e-05,4.081632653061e-06,0.5,5.907619106349005e-07,6.816483584248851e-07,7.270915823198775e-07,9.997509256898316e-07,1.0906373734798161e-06,1.2724102690597857e-06,1.5450696124297398e-06,1.6359560602197243e-06,1.8177289557996936e-06,2.272161194749617e-06,2.8174798814895252e-06,3.2719121204394486e-06,3.908117254969341e-06,4.816981732869188e-06,5.3623004196090966e-06,6.861926808143844e-06,8.497882868363567e-06,1.0588271167533216e-05,1.3860183287972664e-05,1.7222981856202098e-05,2.131287200675141e-05,2.4403011231610887e-05,2.9129106516690093e-05,3.73997732655787e-05,4.457980264098749e-05,5.375933386777594e-05,6.439304825920415e-05,7.657183226306209e-05,9.211341483514948e-05,0.00011265375203568602,0.00013782929807351177,0.00016582232399282707,0.00020081360639197116,0.0002416216214496743,0.0002930633508988056,0.00035395727091809537,0.0004285750445536728,0.0005117361442815088,0.0006196638010321155,0.0007452688718778745,0.0008965493642243039,0.0010832755712088275,0.0013135818299086486,0.001591512587250422,0.0019183402535032069,0.0023013357444902024,0.0027688556319218835,0.0033377593518632924,0.004000821431715126,0.004797123044027077,0.0057719710830224525,0.006977125380717649,0.008434216911686684,0.01020927468024898,0.012314023038169445,0.014794359641582022,0.017787250367306218,0.02145570005945337,0.025887505026588604,0.031205134757108923,0.03762076366338005,0.04537337765986574,0.0547497689325673,0.06612725256948485,0.07998829927871151,0.09693130543249656,0.11784059616783656,0.1439799020980273,0.177493052753539,0.22286293128516482,0.29333169313590557,0.39418629386015236,0.5267748066947503,0.6246941387011717,0.6988684773579819,0.7583861493416117,0.811541224661256,0.8669511473073458,0.9082967557037267,0.9367966553423668,0.9564393070980816,0.9699842961851186,0.9793181526002545,0.9857553670378757,0.9901956244446554,0.9932629511711196,0.995385876818598,0.996860327661095,0.9979068851073967,0.9986325225065519,0.9990299689427375,0.9993091721103483,0.999502760244141,0.9996277291098522,0.9997227963342405,0.999802231089609,0.9998573991634175,0.9999031150466559,0.9999441048346092,0.9999647360582575
0.4,0.0001,1.3605442176869998e-05,0.5,3.6354579115993875e-07,4.544322389499234e-07,5.453186867399081e-07,7.270915823198775e-07,7.270915823198775e-07,8.179780301098622e-07,9.088644778998468e-07,1.0906373734798161e-06,1.6359560602197243e-06,1.9086154035896784e-06,2.363047642539602e-06,3.0901392248594795e-06,3.453685016019418e-06,3.817230807179357e-06,4.544322389499234e-06,6.180278449718959e-06,8.088893853308637e-06,1.1088146630378132e-05,1.3451194272917734e-05,1.572335546766735e-05,1.8722608244736846e-05,2.326693063423608e-05,2.9901641322904962e-05,3.580926042925396e-05,4.335283559582269e-05,5.4259209330620854e-05,6.716508491679869e-05,8.01618469507665e-05,9.724849913528362e-05,0.00011815238212698009,0.0001471906021958802,0.00017600160614530535,0.00021290150394803913,0.00025166457393046757,0.00030546935102213855,0.00036954429671407776,0.0004421625684982755,0.0005379568844689194,0.0006454755522044712,0.0007757158318875193,0.0009365848444757922,0.0011235382675797907,0.0013430744822164986,0.0016068269537030343,0.0019261564880131454,0.0023169227702861846,0.0027883507749728352,0.0033492110442848305,0.004019634926407653,0.004831569007739481,0.0057916025557450896,0.006965855461191692,0.008410450105589603,0.010174783273312681,0.012304389074703707,0.014811946169229383,0.017786977707962847,0.021437068337656424,0.025863238345028676,0.0312026353797947,0.03762721660117314,0.04537664957198618,0.054763447342959695,0.06614561163193843,0.08000893050235984,0.09695052791620415,0.11787295174324978,0.1440143480617397,0.1775365419188065,0.22293813982071103,0.293524508734892,0.3947350662319083,0.5268803258606345,0.6247528513464441,0.6989055590286801,0.7583966467263314,0.8114933275032706,0.8670620287736496,0.9083674653601074,0.9368470064344424,0.9564758434500932,0.9700081993208873,0.9793353301388867,0.9857671822760884,0.9902065308183902,0.9932679499257481,0.9953898758223008,0.9968635086867677,0.9979087028363525,0.9986340675761644,0.999031059580111,0.9993097174290351,0.9995030329034844,0.9996279108827478,0.9997229781071362,0.999802231089609,0.9998573991634175,0.9999032059331037,0.9999441048346092,0.9999647360582575
0.4,0.0003,4.0816326530609995e-05,0.5,5.453186867399081e-07,5.453186867399081e-07,9.997509256898316e-07,1.0906373734798161e-06,1.2724102690597857e-06,1.454183164639755e-06,1.726842508009709e-06,1.999501851379663e-06,2.363047642539602e-06,3.181025672649464e-06,3.6354579115993873e-06,4.635208837289219e-06,5.180527524029127e-06,6.543824240878897e-06,7.907120957728668e-06,9.361304122368423e-06,1.0997260182588148e-05,1.299676203396781e-05,1.5450696124297396e-05,1.8359062453576905e-05,2.344870352981605e-05,2.890189039721513e-05,3.462773660798417e-05,4.262574401350282e-05,4.989665983670159e-05,5.907619106349004e-05,7.070965638060809e-05,8.552414737037559e-05,0.00010174737830088786,0.00012156062391910451,0.00014437312231439068,0.00017527451456298546,0.0002082662951107499,0.0002510738120198327,0.0003016975634388542,0.00036477275820510354,0.0004409356014531107,0.0005320038221386754,0.0006475659405036409,0.0007768064692609991,0.0009307226685933382,0.0011225839598779958,0.0013546170610858267,0.0016312754081585401,0.001964056136741569,0.0023655015766299316,0.002852698380008144,0.003436234818043741,0.004129743857905219,0.004946131375178756,0.005926296271369846,0.007096868275680954,0.008490930055107634,0.01017887316346323,0.012250493411164246,0.014796995348567932,0.01784050982571115,0.021434977949357253,0.02587037293118019,0.0312271292774741,0.03765539139998803,0.04541395845880397,0.05481175348996007,0.06619768956652208,0.08006873378500566,0.09703459788040988,0.11796224767820344,0.14413804451718187,0.17769668383981246,0.22315758514889994,0.29401879468119785,0.39614026160118926,0.5270488293348371,0.624881001237828,0.6990022622091288,0.7584436350198389,0.8114024410554806,0.8673265083367184,0.9085652342704983,0.9369859718131133,0.9565719104254072,0.9700767277025211,0.9793843179342455,0.9857989016463671,0.9902306157270545,0.9932842185999025,0.99540060042314,0.9968705978296952,0.9979137924774287,0.9986369759424936,0.9990328773090668,0.9993111716121997,0.9995039417679623,0.9996287288607779,0.9997231598800317,0.9998026855218479,0.999857580936313,0.9999033877059993,0.999944195721057,0.9999647360582575
0.4,0.001,0.00013605442176870602,0.5,2.7265934336995403e-07,2.7265934336995403e-07,4.544322389499234e-07,7.270915823198775e-07,9.088644778998468e-07,1.0906373734798161e-06,1.2724102690597857e-06,1.9086154035896784e-06,2.272161194749617e-06,2.9992527770694947e-06,3.726344359389372e-06,4.544322389499234e-06,5.3623004196090966e-06,6.362051345298928e-06,7.634461614358714e-06,9.633963465738376e-06,1.1542578869328056e-05,1.3451194272917734e-05,1.645044704998723e-05,1.9449699827056724e-05,2.326693063423608e-05,2.681150209804548e-05,3.1174051591964746e-05,3.8081421624003584e-05,4.598854258173225e-05,5.4986300912940736e-05,6.661976623005878e-05,8.025273339855647e-05,9.515811083611397e-05,0.00011615288027560043,0.00013878360577530661,0.00017195715921865102,0.00020685755517000514,0.0002498922881985629,0.00030306086015570395,0.0003590469119943345,0.0004321650592413772,0.0005196887084631325,0.0006282525703482691,0.0007554027108064577,0.0009095915694821668,0.0010964086629144804,0.0013248063062107117,0.0015924214517283217,0.0019153864439500322,0.00231296920980732,0.002784942533180711,0.0033527556157486402,0.004036221703129325,0.004864288128943875,0.005858085992303463,0.007056423806414411,0.008502245417857487,0.010251764094590797,0.012377461778726855,0.014952683833632175,0.017949210017267972,0.021518820697443514,0.026014109848360053,0.03129633930746617,0.03775427585518353,0.04554969736857831,0.05497489466374309,0.06640336559787083,0.08031689923069621,0.0973456567479711,0.11835914879570231,0.1446561881560326,0.1784175951436826,0.22449734227577212,0.2961386301894514,0.4005841544658806,0.526670196393344,0.6249426222494295,0.6991820356028573,0.7586623078132216,0.8115413155477038,0.8678509231404666,0.9090512041068314,0.9373785103811182,0.9568711086115318,0.9702923103566788,0.9795379160310106,0.9859105102042532,0.9903063241380636,0.9933374780583074,0.9954379547531818,0.996896682240211,0.997930970016061,0.9986474278839894,0.9990390575875165,0.9993163521397237,0.9995072136800827,0.9996310919084205,0.9997247049496442,0.9998036852727736,0.9998588533465822,0.9999041147975816,0.9999448319261914,0.9999652813769442
0.5,1e-06,2.6666666666666667e-07,0.5,3.698258873590784e-07,4.6228235919884804e-07,5.547388310386176e-07,5.547388310386176e-07,8.783364824778113e-07,1.15570589799712e-06,1.6642164931158528e-06,1.8491294367953922e-06,2.31141179599424e-06,2.8661506270328576e-06,3.7907153454305537e-06,4.807736535668019e-06,5.501160074466291e-06,6.518181264703757e-06,7.02669185982249e-06,8.043713050059955e-06,9.615473071336038e-06,1.1695743687730856e-05,1.4515666078843828e-05,1.7751642593235763e-05,2.126498852314701e-05,2.588781211513549e-05,3.0140809819764892e-05,3.61967087252698e-05,4.419419353940987e-05,5.2330363061309595e-05,6.250057496368425e-05,7.401140570773557e-05,9.176304830097133e-05,0.00010900618029908837,0.00012763615937480194,0.00015130501616578295,0.00018246284717578532,0.00022152570652808797,0.0002648877918209399,0.00031684832899489047,0.000380828207508011,0.0004645013145230025,0.000560609817000443,0.00067816822094471,0.0008233248817331484,0.0009937683875697635,0.0012035521221742008,0.0014513816949407034,0.0017527435649024323,0.002115635216873528,0.0025679322771136807,0.0031251212046560523,0.0038221043176201557,0.0046710396420529205,0.00568644284403319,0.006871041389480238,0.00827503914260306,0.00994050379808875,0.01194223264165568,0.014420112315197426,0.017413205678066288,0.020981378295778515,0.025292947175318412,0.03047864576786741,0.03674183208323708,0.044317438016372286,0.053468224860241644,0.0645788115376986,0.07808841251821796,0.0946157465113515,0.11497743530462397,0.14037823295434346,0.1727637472256702,0.21590264259550096,0.2846903963289973,0.4259973545429713,0.554011568431126,0.6465016944266453,0.7152391056112248,0.7685683221660554,0.8128374979041274,0.8549805446157719,0.8985753428482446,0.9301321235342356,0.9518814915133511,0.9668753424645502,0.9772106816256307,0.9843292752184619,0.9892389912425692,0.9926213263518835,0.9949526162893233,0.9965611739863917,0.9976737027120396,0.9984458991648453,0.9989923169134184,0.9993568727818826,0.9995343892078149,0.9996568015765308,0.9997579489567234,0.99982461007292,0.9998781423701152,0.9999236309542604,0.9999478545498823,0.9999733725361102
0.5,3e-06,8.000000000000001e-07,0.5,3.698258873590784e-07,5.547388310386176e-07,6.471953028783873e-07,7.396517747181568e-07,9.245647183976961e-07,9.707929543175808e-07,9.707929543175808e-07,1.1094776620772352e-06,1.7566729649556226e-06,2.126498852314701e-06,2.542552975593664e-06,3.6982588735907843e-06,4.252997704629402e-06,4.807736535668019e-06,5.732301254065715e-06,6.888007152062836e-06,8.968277768457652e-06,1.1094776620772353e-05,1.289767782164786e-05,1.5671371976840947e-05,1.8907348491232884e-05,2.3899997970580444e-05,2.880019097808823e-05,3.434757928847441e-05,4.04497064298992e-05,4.932552772651709e-05,5.861740314641393e-05,6.948103858758686e-05,8.353442230723184e-05,0.00010216440138294541,0.0001210717498741783,0.00014700579022523368,0.00017455781883348503,0.00020932145224523838,0.0002527759940099301,0.00030066844642293077,0.0003590547083897453,0.00043329725527708026,0.0005275566283177254,0.0006402610674904045,0.0007731210175241534,0.0009376473091630234,0.0011325455518012579,0.0013739956280108161,0.0016663892202040875,0.0020395897687853176,0.002482733638313333,0.003040985815281862,0.0037415747306477165,0.004609741001223153,0.005660924857805414,0.006863459958789377,0.008263990594218206,0.009920810569586878,0.011931831288573707,0.01441849432694023,0.017390507614229625,0.020978419688679643,0.025288601721141942,0.03047869199610333,0.03674132357264196,0.04431965697169644,0.0534695192508474,0.06458292585069546,0.07808924462646452,0.09461791923843973,0.11497549371871534,0.1403719921424943,0.17276670583276907,0.2158971414354265,0.28469700696673383,0.42600012823712646,0.5540187800359295,0.6465051153161033,0.7152403075453588,0.7685675825142807,0.812834816666444,0.8549761991615955,0.8985789486506464,0.9301337877507286,0.9518830632733724,0.9668758972033813,0.9772116986468209,0.9843296450443493,0.9892388063296256,0.9926212338954117,0.9949528012022669,0.9965614513558071,0.9976737027120396,0.9984458991648453,0.9989924093698902,0.9993568727818826,0.9995343892078149,0.9996568015765308,0.9997579489567234,0.99982461007292,0.9998781423701152,0.9999236309542604,0.9999478545498823,0.9999733725361102
0.5,1e-05,2.666666666666667e-06,0.5,5.547388310386176e-07,8.321082465579264e-07,1.0170211902374656e-06,1.7566729649556226e-06,1.8491294367953922e-06,2.126498852314701e-06,2.4963247396737793e-06,2.4963247396737793e-06,2.7736941551930882e-06,3.1435200425521665e-06,3.6982588735907843e-06,4.437910648308941e-06,5.085105951187328e-06,5.732301254065715e-06,7.11914833166226e-06,8.505995409258804e-06,9.24564718397696e-06,1.0817407205253044e-05,1.3128819001247284e-05,1.6226110807879565e-05,2.0155510861069775e-05,2.4778334453058255e-05,2.847659332664904e-05,3.46711769399136e-05,4.3362085292851946e-05,5.0481233624514204e-05,6.102127141424794e-05,7.396517747181569e-05,8.838838707881974e-05,0.00010345879198870218,0.00012370675932161173,0.00014894737613386884,0.0001773315129886781,0.00021560849233034273,0.0002624839235531059,0.00031731061135408927,0.0003835556734272842,0.00046149647918821,0.0005592691981587663,0.0006787691880116686,0.0008164368745810855,0.0009892842486855348,0.0011934281385077461,0.0014392698971296934,0.0017369335082178317,0.002113185120369774,0.002562708486454734,0.003128079811754925,0.0038237223058773515,0.004657217399512875,0.005684223888709036,0.006869515857694882,0.008273467382581784,0.009933477106228926,0.011939875001623766,0.014433287362434594,0.01741154146157317,0.020985076554652107,0.025296275608304643,0.030480309984360524,0.0367428028761914,0.04431466432221709,0.05347118346734051,0.06457996724359659,0.07809012296294701,0.09461981459611246,0.11497697302226477,0.14038493604855184,0.17276670583276907,0.21590476909435327,0.2847237268870955,0.42601922049856134,0.5540197508288838,0.6465092296291002,0.7152386895571016,0.7685726676202319,0.8128351864923313,0.8549527152177482,0.8985930944908378,0.9301397049649264,0.9518887031181547,0.9668797803751985,0.9772134553197859,0.9843316790867298,0.9892397308943439,0.99262215846013,0.9949531710281543,0.9965618211816945,0.997673980081455,0.9984458991648453,0.9989925942828338,0.9993569652383544,0.9995343892078149,0.9996568015765308,0.9997581338696672,0.99982461007292,0.9998781423701152,0.9999236309542604,0.9999478545498823,0.9999733725361102
0.5,3e-05,7.999999999997999e-06,0.5,9.24564718397696e-08,4.6228235919884804e-07,5.547388310386176e-07,6.471953028783873e-07,7.396517747181568e-07,9.245647183976961e-07,1.2019341339170048e-06,1.4793035494363137e-06,1.8491294367953922e-06,2.2189553241544704e-06,2.2189553241544704e-06,2.7736941551930882e-06,3.4208894580714754e-06,4.3454541764691715e-06,5.732301254065715e-06,6.93423538798272e-06,8.228625993739495e-06,1.0077755430534888e-05,1.2204254282849589e-05,1.423829666332452e-05,1.8861120255313e-05,2.2374466185224243e-05,2.6997289777212726e-05,3.291450397495798e-05,3.9201544060062315e-05,4.8817017131398354e-05,5.750792548433669e-05,7.02669185982249e-05,8.408916113827045e-05,0.00010276536844990391,0.00012208877106441575,0.0001487162349542694,0.00017654563297804006,0.000215099981735224,0.0002577224152533578,0.00031162453833594346,0.00037375528741226866,0.0004497082790286394,0.0005413326426218511,0.0006486746064278236,0.0007810260458664537,0.0009457372504490033,0.0011378155706961246,0.0013744116821340952,0.0016595936695238645,0.002019295573216488,0.0024725634264109587,0.003035345970499636,0.003743793685971871,0.004607614502370838,0.005652280177688395,0.006877189744857582,0.008281464867395923,0.009931627976792132,0.011928317942643795,0.014405550420882662,0.017394159644867294,0.0209790206557466,0.025287168645828428,0.030481789287909962,0.036742016996180765,0.044315912484586925,0.05347529778033738,0.06458338813305467,0.07809677982891947,0.09463123297038467,0.1149891310483117,0.14039704784636287,0.17278515089890112,0.2159283917229083,0.2848325943826869,0.42603318142580915,0.5540287191066523,0.6465143147350514,0.7152368404276648,0.7685632370601042,0.812820393456837,0.8548781028449735,0.8986265637336438,0.9301628190828863,0.9519049754571984,0.9668904128694601,0.977220944294005,0.9843371340185683,0.989243706522633,0.9926238226766232,0.9949544654187601,0.9965625608334692,0.9976748121897017,0.9984464539036764,0.9989930565651931,0.9993571501512981,0.9995343892078149,0.9996571714024182,0.9997581338696672,0.99982461007292,0.9998781423701152,0.9999236309542604,0.9999478545498823,0.9999733725361102
0.5,0.0001,2.6666666666664e-05,0.5,2.773694155193088e-07,3.698258873590784e-07,4.6228235919884804e-07,7.396517747181568e-07,8.321082465579264e-07,1.1094776620772352e-06,1.4793035494363137e-06,1.7566729649556226e-06,1.9415859086351615e-06,2.8661506270328576e-06,3.6058024017510145e-06,4.252997704629402e-06,5.454931838546407e-06,6.379496556944103e-06,6.93423538798272e-06,8.783364824778113e-06,1.0540037789733735e-05,1.183442839549051e-05,1.3406188416766593e-05,1.5994969628280143e-05,1.9230946142672076e-05,2.2651835600743554e-05,2.7552028608251344e-05,3.291450397495798e-05,3.994119583478047e-05,4.803113712076031e-05,5.912591374153266e-05,7.188490685542087e-05,8.510618232850792e-05,0.00010054641312574944,0.00011922262043738291,0.00014635859492235527,0.00017816362123523603,0.00021533112291482342,0.0002573525893659987,0.0003120868206951423,0.00037463362389474644,0.0004574283944272601,0.0005456780967983202,0.0006536672559071711,0.000793368984857063,0.0009565546576542563,0.0011579710815571944,0.001397664484801797,0.0016908901852416265,0.002038249149943641,0.002483611974795811,0.0030464407471204086,0.0037472608036658622,0.00459906227872566,0.005647611125860486,0.006895681039225537,0.008332500839851476,0.009990476521118145,0.011965855270210742,0.014395565121923968,0.017382879955302844,0.02096792587912583,0.02528998856821954,0.030495888899865528,0.03675496090223833,0.0443281629671057,0.05348833414286679,0.06460608619689133,0.07812271386927053,0.09464861478709054,0.11502019642284986,0.140437358868085,0.17284681936561824,0.2160101694722506,0.2851372384573989,0.42605056324251506,0.5540644997612543,0.6465262416199188,0.7152361007758901,0.7685515875446525,0.8127898828211298,0.854653341161931,0.8987265091797026,0.930238078650964,0.9519601719708868,0.9669272105452523,0.977245722628458,0.984354608291746,0.989256465515747,0.9926319588461451,0.9949598278941268,0.9965677383958922,0.9976778632532723,0.9984489502284161,0.9989937037604959,0.9993581671724883,0.9995353137725334,0.9996574487718336,0.9997585961520263,0.9998247949858636,0.9998784197395307,0.999923815867204,0.9999480394628261,0.9999733725361102
0.5,0.0003,7.999999999999799e-05,0.5,5.547388310386176e-07,5.547388310386176e-07,8.321082465579264e-07,1.0170211902374656e-06,1.3868470775965441e-06,1.6642164931158528e-06,1.9415859086351615e-06,2.4038682678340096e-06,2.9586070988726274e-06,3.2359765143919363e-06,3.7907153454305537e-06,4.391682412389057e-06,5.038877715267444e-06,5.96344243366514e-06,7.165376567582145e-06,9.014506004377537e-06,1.1048548384852468e-05,1.2620308406128551e-05,1.5578915505001177e-05,1.8167696716514726e-05,2.1033847343547585e-05,2.5841583879215605e-05,3.3145645154557404e-05,3.980251112702082e-05,4.960289714203639e-05,6.125241259384737e-05,7.39189492358958e-05,8.704776823714309e-05,0.0001040597590556607,0.00012338316167017255,0.00015019553850370573,0.00018227793423210577,0.00021694911117201937,0.00026266883649678544,0.000313797265424178,0.00037916399101489516,0.00045252820141975235,0.0005503471486262286,0.0006649007172357031,0.0008003494484809656,0.0009690825095885451,0.0011636109263394204,0.001394937018882524,0.0016630145589819358,0.001984485711568815,0.0023686885802989776,0.0028182581746198573,0.003346369541768621,0.003989681672829738,0.004763033831533491,0.005684917312247834,0.006802762285026568,0.008199039922750768,0.009942815209884744,0.012016521416778937,0.014443041520213688,0.017326527735716503,0.020923962826766018,0.025290681991758338,0.030506244024711582,0.036789447166234564,0.04436528424054936,0.05353608791057203,0.06465915621172735,0.07819385912435123,0.09473520027296849,0.1151276770713636,0.14057877104176392,0.17304721876833093,0.21635775957813222,0.286425064653655,0.4255695122195327,0.5538634993914746,0.6464488555529888,0.7151916292129351,0.7685089651111343,0.8127235915308207,0.8542676127614155,0.8989214074223408,0.9304073664509025,0.9520898884008779,0.9670244747536277,0.9773127535705418,0.9844061990030326,0.9892884554550035,0.992655627702936,0.9949767474284735,0.9965780935207383,0.9976855371404351,0.9984536655084798,0.9989967548240667,0.9993603861278125,0.9995363307937235,0.9996580959671365,0.9997591508908574,0.9998252572682228,0.9998786971089462,0.9999240932366196,0.9999483168322416,0.9999737423619975
0.5,0.001,0.000266666666666664,0.5,5.549774540409296e-07,7.399699387212395e-07,9.249624234015493e-07,1.1099549080818592e-06,1.387443635102324e-06,1.6649323621227887e-06,1.7574286044629436e-06,2.404902300844028e-06,2.959879754884958e-06,3.5148572089258873e-06,3.6998496936061972e-06,4.347323389987282e-06,5.549774540409296e-06,6.5672332061510005e-06,7.67718811423286e-06,8.787143022314719e-06,1.0822060353798127e-05,1.2486992715920916e-05,1.4614406289744479e-05,1.729679731760897e-05,2.0904150768875014e-05,2.5806451612903226e-05,3.107873742629206e-05,3.672100820904151e-05,4.504567001965545e-05,5.457278298069141e-05,6.724476818129263e-05,8.306162562145913e-05,0.00010109839287778934,0.00012163255867730374,0.00014762400277488726,0.0001771303040813967,0.00021070644005087292,0.0002520522603769222,0.0003012602613018846,0.00035944039773384205,0.0004251127297953521,0.0005151115735923228,0.0006225922071915828,0.0007471846456237716,0.0008916637761590935,0.001079986125563649,0.0012970748063359926,0.0015601341195513932,0.0018861833738004394,0.0022582957567348827,0.002738906231934328,0.0032862989941033647,0.003960504104520754,0.004777800901838363,0.005752896288588276,0.006918348942074228,0.008351208232165569,0.010068400971210544,0.012178286507110649,0.014707226268932824,0.01755194820210429,0.020993779627702623,0.025518834547346513,0.030617551161984044,0.03694739276216904,0.04454517285235287,0.05377287547693375,0.06495243380737657,0.07856714070990865,0.09520915712799168,0.1157482252283501,0.14143498670366517,0.17433007284079086,0.21892584113770377,0.29745034107989365,0.41933652445369407,0.5502622730951555,0.644931067175396,0.7146132038385941,0.7683720198866921,0.8128791767834431,0.8554274020117932,0.8985078043704474,0.9304662273095156,0.9522865071106487,0.9672347785871199,0.9774957104867614,0.9845476240027748,0.9893943808532778,0.9927316915250318,0.9950316105908198,0.9966174124176206,0.9977107642502023,0.9984684934674529,0.9990068678459938,0.9993676956873627,0.9995412186379928,0.9996596600763094,0.9997605272285813,0.9998239796508267,0.9998761475315066,0.999923043126373,0.9999473696381085,0.9999707711874205
0.6,1e-06,5.2734375e-07,0.5,5.605085568871111e-07,5.605085568871111e-07,7.006356961088888e-07,1.074308067366963e-06,1.4012713922177777e-06,1.4946894850322962e-06,1.7749437634758519e-06,2.2420342275484446e-06,2.755833738028296e-06,3.456469434137185e-06,3.876850851802519e-06,4.764322733540445e-06,5.698503661685629e-06,7.473447425161482e-06,8.687882631750223e-06,1.0369408302411555e-05,1.2284479205109186e-05,1.4386386293435852e-05,1.6768547660206074e-05,2.031843518715778e-05,2.3681486528480443e-05,2.8025427844355556e-05,3.367722245963393e-05,4.2084850812940594e-05,5.236084102253763e-05,6.38512664387234e-05,7.77238532216794e-05,9.295100235044593e-05,0.00011088727617083347,0.00013171951086847112,0.0001623606453116332,0.00019346887021886786,0.0002280335645602397,0.0002718466500902489,0.0003251416720409317,0.0003923559898209778,0.0004764322733540444,0.0005765764688512083,0.0006878374173932999,0.000830206590842626,0.0009965842141452835,0.0012057473239569904,0.001457695920277747,0.0017471518808635325,0.002100692653120078,0.0025305092981596777,0.0030304829309029807,0.0036313013948395564,0.004333431780433478,0.005215111740416904,0.0062878784092524264,0.007628147786862324,0.00928048030351912,0.011335771763531342,0.013755113531241743,0.016629634956190884,0.020064478101841508,0.02419047500718035,0.029158122219731592,0.03515028565617966,0.04238514327229286,0.05113799818759558,0.061750667203696145,0.07465735761599643,0.09042100685179673,0.10982146914991264,0.13394940074395367,0.1645568579646561,0.20472920687245147,0.2620995464131212,0.399602664825832,0.5407486684768913,0.6408979552601136,0.7131958053968473,0.7667943427310845,0.8081491311486796,0.8419854446203766,0.8723069957680203,0.9053284232160963,0.9347960395773224,0.9551039185199921,0.9691038341634542,0.9787481312294396,0.985399125765462,0.9899829647436849,0.9931370398113814,0.9953150826453518,0.9968116404922405,0.997843349909284,0.9985538879232313,0.999038540988753,0.9993590584651996,0.9995982087828048,0.9997185312863499,0.9998001786994698,0.9998631424940267,0.9999060213986286,0.9999362888607005,0.9999674905037006,0.9999991592371646
0.6,3e-06,1.5820312499999997e-06,0.5,4.670904640725926e-07,4.670904640725926e-07,6.539266497016296e-07,7.473447425161481e-07,7.473447425161481e-07,9.341809281451852e-07,1.4946894850322962e-06,1.6815256706613333e-06,1.7749437634758519e-06,2.709124691621037e-06,3.269633248508148e-06,3.736723712580741e-06,4.577486547911408e-06,6.259012218572741e-06,7.2866112395324445e-06,9.52864546708089e-06,1.1116753044927703e-05,1.382587773654874e-05,1.7188929077871408e-05,2.083223469763763e-05,2.5689975523992594e-05,2.961353542220237e-05,3.5031784805444445e-05,4.2131559859347854e-05,5.081944249109807e-05,5.9880997494106366e-05,7.510814662287289e-05,9.089580430852652e-05,0.00010817815147921244,0.0001326536917966163,0.00015712923211402014,0.0001851546599583757,0.00022228835185214682,0.0002683901806561117,0.000330606630470581,0.0004016043810096151,0.00048100975990195583,0.0005803131925637891,0.0007046526740999132,0.0008444528499968402,0.0010170427764716631,0.0012300827371351725,0.0014772670107223885,0.0017778397243531018,0.0021323146775377925,0.0025576939631687026,0.003070512583674002,0.0036747408079983077,0.004403869022415624,0.005293069138870619,0.0064058654604771635,0.007770750505543687,0.009430603178672052,0.011428115548278493,0.013812518949276265,0.016657240002617577,0.020078163852438834,0.024194258439939335,0.02916036425395914,0.03514454044347157,0.04238518998133927,0.0511336075372333,0.06174777124281889,0.07465819837883175,0.09042969473442848,0.10982394472937222,0.1339470185825869,0.1645542422580573,0.20473303701425685,0.262091605875232,0.3996080830752152,0.5407554879976668,0.6408971144972783,0.71319290943597,0.7667931282958779,0.8081493179848652,0.8419852577841911,0.8722999894110591,0.9053331875388299,0.9348003368095918,0.9551059737180341,0.9691071037967028,0.9787500930093886,0.9854004336187614,0.9899835252522416,0.9931376937380311,0.9953157365720016,0.9968120141646117,0.9978434433273768,0.9985537945051385,0.999038540988753,0.9993590584651996,0.9995982087828048,0.9997185312863499,0.9998001786994698,0.9998630490759339,0.9999060213986286,0.9999362888607005,0.9999674905037006,0.9999991592371646
0.6,1e-05,5.273437499997e-06,0.5,8.407628353306667e-07,1.1210171137742223e-06,1.3078532994032592e-06,1.4946894850322962e-06,1.7749437634758519e-06,1.8683618562903704e-06,2.0551980419194075e-06,2.148616134733926e-06,2.2420342275484446e-06,2.6157065988065183e-06,3.456469434137185e-06,4.484068455096889e-06,5.324831290427555e-06,6.0721760329437035e-06,7.193193146717926e-06,8.87471881737926e-06,1.0929916859298666e-05,1.2704860622774518e-05,1.5507403407210074e-05,1.8496782377274668e-05,2.1953251811411852e-05,2.643732026650874e-05,3.17621515569363e-05,3.9329017074912294e-05,4.848399017073511e-05,5.969416130847733e-05,7.286611239532444e-05,8.968136910193777e-05,0.0001094860047786157,0.00013302736416787438,0.00016105279201222993,0.00019132025408413392,0.00022854736407071954,0.0002758169190348659,0.00033084017570261733,0.000395999295440744,0.00048479319266094386,0.0005896082927988336,0.000707501925930756,0.000848936918451937,0.0010167158131468123,0.0012198534559719827,0.0014638615144035051,0.001761071176692896,0.0021246076848805947,0.002550734315254021,0.0030652811704763886,0.003683475399676465,0.004428671526057879,0.005331697520249422,0.006443606369974229,0.007807977615530272,0.009449940723884658,0.01143535545047162,0.013817003017731361,0.016660743181098118,0.020076155363443322,0.024191175642876456,0.029157188038803447,0.035149304766205106,0.04238635770749945,0.051137764642363547,0.061750293531324885,0.07465894572357427,0.09042558433834463,0.10982497232839318,0.1339553795018938,0.1645574651822594,0.20473938944456824,0.26211869712214825,0.3996007030458829,0.5407548807800635,0.6408974881696495,0.7131877714408652,0.7667901389169078,0.8081406301022335,0.8419716187426401,0.8722869108780651,0.9053544868639916,0.9348102391274302,0.9551137274197377,0.9691112141927867,0.9787563520216073,0.9854034229977314,0.9899855804502836,0.9931385345008664,0.995317044425301,0.9968124812550758,0.9978440038359337,0.9985540747594169,0.9990386344068458,0.9993592453013852,0.9995983022008975,0.9997185312863499,0.9998002721175625,0.9998630490759339,0.9999060213986286,0.9999362888607005,0.9999674905037006,0.9999991592371646
0.6,3e-05,1.5820312499996997e-05,0.5,7.473447425161481e-07,1.0275990209597037e-06,1.2144352065887406e-06,1.3078532994032592e-06,1.4946894850322962e-06,1.6815256706613333e-06,1.8683618562903704e-06,2.2420342275484446e-06,2.335452320362963e-06,2.9893789700645925e-06,3.6433056197662223e-06,4.297232269467852e-06,4.951158919169481e-06,6.819520775459852e-06,8.033955982048593e-06,1.0182572116782518e-05,1.2704860622774518e-05,1.447980438625037e-05,1.7375765263500445e-05,2.0925652790452146e-05,2.522288505992e-05,3.0454298257533038e-05,3.6713310476105775e-05,4.43735940868963e-05,5.324831290427555e-05,6.417822976357422e-05,7.767714417527215e-05,9.243720283996608e-05,0.00011401678228011985,0.00013671737883404786,0.00016175342770833882,0.00019174063550179925,0.00022751976504975985,0.00027338804862168844,0.0003302796671457302,0.00039244940791379227,0.0004708271877851733,0.0005633578087179539,0.000682092204685207,0.0008126906984399038,0.0009763591970509402,0.0011734713728895744,0.0014091652210606045,0.0017001625801778297,0.0020523487900885647,0.0024850146869590073,0.0030091368966948633,0.0036512928667018635,0.004404709785250955,0.005345570107032379,0.006464298477532645,0.007808304578855123,0.009430276215347201,0.011413962707217094,0.01380663360942895,0.016654671005065177,0.020078023725299612,0.024194398567078557,0.029160784635376805,0.035150659328550916,0.042384068964225495,0.051143416436978825,0.06175645912545064,0.07467043614899047,0.09042843359017548,0.10982992348731235,0.1339732690666678,0.1645748409475229,0.204763444603468,0.2621803997724522,0.39959836759356254,0.5407375050148,0.6408822610205207,0.713173291636479,0.7667738841687581,0.8081195176132574,0.8419457419309305,0.8722415096849573,0.9053923211915814,0.9348462050931637,0.9551393239771688,0.9691284965399574,0.9787697108088798,0.9854116437898992,0.9899901579368315,0.9931431119874143,0.9953194732957141,0.9968139759445609,0.9978459656158828,0.9985544484317881,0.9990391949154027,0.9993594321375708,0.9995983956189903,0.9997187181225354,0.999800552371841,0.9998630490759339,0.9999061148167214,0.9999364756968862,0.9999675839217934,0.9999991592371646
0.6,0.0001,5.2734374999997004e-05,0.5,3.7367237125807406e-07,4.670904640725926e-07,7.473447425161481e-07,9.341809281451852e-07,1.3078532994032592e-06,1.5881075778468148e-06,1.6815256706613333e-06,1.961779949104889e-06,2.6157065988065183e-06,2.8025427844355554e-06,3.3630513413226666e-06,4.0169779910242964e-06,4.764322733540445e-06,5.511667476056592e-06,6.632684589830815e-06,7.940537889234074e-06,9.248391188637334e-06,1.195751588025837e-05,1.5040312943137482e-05,1.7936273820387557e-05,2.1859833718597332e-05,2.643732026650874e-05,3.3163422949154074e-05,4.0450034188686517e-05,4.913791682043674e-05,5.773238135937244e-05,6.964318819322355e-05,8.30019754656997e-05,9.860279696572429e-05,0.00011859426882803126,0.00014531184337298356,0.000177821339672436,0.00020986374550781585,0.0002503604887429096,0.00030202069406933836,0.0003612477649137431,0.00043364678684499496,0.0005240755006894489,0.0006313661802869234,0.0007687374857706728,0.0009334802924490762,0.0011257814365077626,0.0013646514998344864,0.001646166922531038,0.00199312171924416,0.002405235635695408,0.002917587165736635,0.0035566603386807563,0.0043550113598736315,0.005322168874782342,0.006464485313718274,0.007797654916274268,0.009388845291183962,0.011328858824663068,0.013753712259849525,0.016636127513641494,0.020073866620169366,0.024197621491280658,0.029164427940996572,0.03516219646301351,0.0424014914385354,0.05115682193329771,0.06177757161442672,0.07468944673087821,0.09046538044588362,0.10985958373178097,0.13402371483678763,0.16463906588633287,0.20486933401167323,0.2624986285056249,0.39915323038130135,0.5405402060027757,0.6407683843653799,0.7130981834898561,0.7667016719830125,0.8080513224055028,0.8418660562977597,0.8721301553183224,0.9054904101890366,0.9349314958119034,0.9552066784220881,0.9691779147110562,0.9788049294298707,0.9854412573253214,0.9900082810468376,0.9931581523003575,0.9953281611783459,0.9968207954653363,0.9978497023395955,0.9985578114831295,0.9990419974581871,0.9993609268270559,0.9995997968903826,0.9997190917949067,0.9998008326261194,0.999863516166398,0.9999063950709999,0.999936569114979,0.9999675839217934,0.9999992526552575
0.6,0.0003,0.00015820312499999697,0.5,3.7367237125807406e-07,6.539266497016296e-07,7.473447425161481e-07,8.407628353306667e-07,9.341809281451852e-07,1.0275990209597037e-06,1.6815256706613333e-06,2.0551980419194075e-06,2.6157065988065183e-06,3.1762151556936296e-06,3.923559898209778e-06,4.951158919169481e-06,5.605085568871111e-06,6.819520775459852e-06,8.22079216767763e-06,1.0743080673669629e-05,1.2798278715589037e-05,1.5974493871282665e-05,1.9617799491048887e-05,2.4101867946145777e-05,2.839910021561363e-05,3.3256841041968594e-05,3.9329017074912294e-05,4.698930068570281e-05,5.7265290895299854e-05,6.772811729052592e-05,8.015272363485688e-05,9.43522737426637e-05,0.00011593185318281748,0.0001406876477786649,0.00016880649371583495,0.0002028106795003197,0.0002455494569629619,0.00030043258649149155,0.0003616214372850012,0.0004392051633674588,0.000524822845431965,0.00063687784776298,0.000766775705821568,0.000924418737446068,0.0011122358130496574,0.0013342439106233607,0.0016037551083932467,0.0019153044479296658,0.002285380222614381,0.002719540808969856,0.003233760700867373,0.0038437808469461788,0.004566650049144924,0.005437867182733123,0.006536090281860602,0.007875612314727984,0.009560921418148304,0.011518217298798096,0.01378668884661305,0.016608849430539654,0.020090121368319093,0.024230037569487297,0.02920609241039185,0.035205729294265076,0.042454599624300454,0.05122576448579482,0.06186342284172327,0.07478982447160741,0.09059798742863383,0.11004459826460011,0.13425553183410685,0.16499480198377056,0.20549420763450957,0.26534124765187783,0.3959857031082395,0.5386316743665751,0.6398448530998155,0.7126246471773793,0.7664355238365839,0.807877938425239,0.8417352709678194,0.8720232850201426,0.9052467758029764,0.9349298142862328,0.9552857101286092,0.9692714262219635,0.9788875110239188,0.9855035671932286,0.9900593807436071,0.9931928104127916,0.9953522630462921,0.9968386383210639,0.9978614730192901,0.9985667796200397,0.9990479762161273,0.9993650372231397,0.9996023191788886,0.9997214272472271,0.9998018602251404,0.9998644503473262,0.9999069555795568,0.9999371296235359,0.9999681444303502,0.9999996263276287
0.6,0.001,0.00052734375,0.5,5.605085568871111e-07,5.605085568871111e-07,5.605085568871111e-07,7.473447425161481e-07,8.407628353306667e-07,9.341809281451852e-07,1.1210171137742223e-06,1.4946894850322962e-06,1.6815256706613333e-06,2.6157065988065183e-06,2.9893789700645925e-06,3.830141805395259e-06,5.231413197613037e-06,6.352430311387259e-06,7.660283610790519e-06,9.154973095822815e-06,1.1864097787443851e-05,1.382587773654874e-05,1.6721838613798814e-05,2.027172614075052e-05,2.447554031740385e-05,2.9333281143758815e-05,3.549887526951704e-05,4.2131559859347854e-05,5.324831290427555e-05,6.417822976357422e-05,7.828436177856652e-05,9.444569183547822e-05,0.0001120082932846077,0.00013270040084302354,0.0001611929191514517,0.00019449646923982755,0.00023550701198540118,0.00028291669408876934,0.00034205034684035954,0.000407349593717708,0.0004949757647777263,0.0005951666693212974,0.0007126866300819618,0.0008575313829908728,0.0010332975246213894,0.0012458703948208263,0.0014998274801370948,0.001807780223100155,0.002174726491675584,0.002617621669709216,0.003152673796304371,0.003802209795643718,0.0045816436530416536,0.005531518820779678,0.006648939337980541,0.008015505908717725,0.009658169652768219,0.011654093914796814,0.014102161746047679,0.01708677639337873,0.020378176057512663,0.02446988852278857,0.029450614268333848,0.03548542306415175,0.04290861155537901,0.05178996305734811,0.06255812648893844,0.0756635171846552,0.09170559904608917,0.11151509246359345,0.1362751375826639,0.1680655481126766,0.2113529700344185,0.300888186530148,0.39683305191911356,0.5137847037121407,0.6288774755852982,0.7078834921308569,0.7645924782834462,0.807503705545424,0.8424293673974312,0.8750280779755215,0.903848306953543,0.9317557477466739,0.9541458225600864,0.9689444628971127,0.9788680800606134,0.9855826923178426,0.990155601379206,0.9932829588723576,0.9954227002882742,0.9968925405606178,0.9979023901439428,0.9985945247936056,0.9990667532527829,0.9993777420837625,0.9996123149148197,0.9997273125870744,0.9998064377116883,0.9998672528901106,0.9999093844499699,0.9999391848215777,0.9999701062102994,1.0
0.7,1e-06,1.1303344867358706e-06,0.5,9.398598264858984e-07,1.2218177744316679e-06,1.2218177744316679e-06,1.4097897397288477e-06,1.6917476876746172e-06,1.785733670323207e-06,2.349649566214746e-06,3.1955234100520546e-06,3.7594393059435936e-06,4.135383236537953e-06,5.075243063023852e-06,6.391046820104109e-06,6.954962715995648e-06,9.022654334264626e-06,1.0432444073993472e-05,1.240614970961386e-05,1.4661813293180015e-05,1.7622371746610595e-05,2.0582930200041174e-05,2.5000271384524897e-05,3.1391318204629006e-05,3.9004182799164783e-05,4.783886516813223e-05,5.714347745034263e-05,6.889172528141635e-05,8.289563669605624e-05,0.00010000108553809959,0.00012189981949522102,0.0001479339366888804,0.0001802651147199953,0.0002183294376926742,0.0002665442467914008,0.00031865947417004383,0.0003874572134688116,0.00047124571700002946,0.0005700719777550217,0.000689152217770785,0.0008296142688391026,0.0010074357480102346,0.0012112913443750259,0.0014535872076430905,0.0017475753613678795,0.0020955584621242833,0.0025019068581054616,0.0029742334139059496,0.003528797704523954,0.004210478036674176,0.00506997984799553,0.006170931648741112,0.007591999706387791,0.009304189345288476,0.011333816640584773,0.013699537809832428,0.016519493233220717,0.01991107140307773,0.023998521788464903,0.028923904202155577,0.03487382781269853,0.042053370034232984,0.0507564720274924,0.061304565853134964,0.07413980856653096,0.08983438683004501,0.10919033002660884,0.13331780058326761,0.1640270625118158,0.2046189505158632,0.2633609885520844,0.3634753271992755,0.4751251764058153,0.5995667998087761,0.689174821399612,0.753052676464674,0.799486921122123,0.8342325050614976,0.8613435136443446,0.8837642457490963,0.9039041260269319,0.9252197709477016,0.9479238707901387,0.9641431258017885,0.975326047947231,0.9830373158655998,0.9883528810862562,0.9920133531524707,0.994535654968811,0.9962731738300354,0.9974710251788917,0.9982967860224422,0.9988546868154443,0.9992230178814441,0.9994764040906647,0.9996572331212806,0.9997886255250233,0.9998568593484262,0.9999003748583924,0.999939285055209,0.9999781012660429,1.0,1.0
0.7,3e-06,3.3910034602050003e-06,0.5,3.7594393059435935e-07,4.699299132429492e-07,4.699299132429492e-07,7.518878611887187e-07,8.458738438373086e-07,1.1278317917830782e-06,1.5977617050260273e-06,2.1616776009175663e-06,3.101537427403465e-06,3.3834953753492344e-06,4.3233552018351325e-06,5.263215028321031e-06,6.766990750698469e-06,8.740696386318856e-06,9.868528178101934e-06,1.3064051588153988e-05,1.5977617050260273e-05,1.8985168495015146e-05,2.2932579766255922e-05,2.8947682655765672e-05,3.4304883666735294e-05,4.107187441743376e-05,4.9906556786401205e-05,6.278263640925801e-05,7.650458987595213e-05,8.994458539470048e-05,0.00010648611834085229,0.00012782093640208218,0.00015319715171720143,0.0001860922456442079,0.0002230287368251037,0.00026710816268729235,0.0003210561167275829,0.00039116965978343093,0.00047340739460094704,0.0005731265221911009,0.0006889172528141635,0.0008282044790993737,0.0010005747712768874,0.00121068043548781,0.0014539631515736848,0.0017432989991573687,0.002083528256345264,0.00248536532515931,0.002951300834139694,0.0035144648421700443,0.0041876864358818934,0.005030411749300474,0.006128966907488516,0.0075492360842826815,0.009276604459381114,0.01131135399073176,0.013689998232593596,0.016518882324333503,0.019912199234869515,0.023998286823508283,0.02892611287274782,0.03487345186876794,0.04205712947353893,0.05076004349483305,0.06130061844186373,0.07413463933748529,0.08983584361277606,0.10917862877176909,0.13332771610443703,0.16402269216362264,0.2046134993288696,0.26337447554059445,0.36347965055447734,0.47514843793652084,0.5995694784092817,0.6891693702126184,0.7530481651375069,0.7994831616828172,0.8342298734539835,0.8613402241349518,0.8837636818332003,0.903897171064216,0.925196932353918,0.9479304498089242,0.9641501747504871,0.9753289615126931,0.9830398534871314,0.9883541029040306,0.9920138230823841,0.9945359369267589,0.9962739257178966,0.9974713071368397,0.9982969739944075,0.9988549687733922,0.9992231118674267,0.9994764980766474,0.9996573271072633,0.9997886255250233,0.9998568593484262,0.9999004688443751,0.999939285055209,0.9999781012660429,1.0,1.0
0.7,1e-05,1.1303344867356e-05,0.5,5.639158958915391e-07,6.579018785401289e-07,1.0338458091344883e-06,1.2218177744316679e-06,1.5037757223774374e-06,1.8797196529717968e-06,2.0676916182689766e-06,2.913565462106285e-06,3.477481357997824e-06,4.511327167132313e-06,5.075243063023852e-06,5.7331449415639805e-06,7.330906646590008e-06,8.928668351616035e-06,1.0620416039290653e-05,1.2500135692262448e-05,1.5131743206422965e-05,1.8609224564420788e-05,2.2368663870364382e-05,2.8101808811928362e-05,3.32710378576008e-05,4.050795852154222e-05,5.0000542769049793e-05,5.949312701655737e-05,7.086543091703675e-05,8.580920215816253e-05,0.00010253870706961152,0.00012359156718289564,0.00014755799275828604,0.0001795132268588066,0.0002136301385602447,0.0002598712420233509,0.0003125033923065612,0.0003748160988025763,0.0004506627867999883,0.0005443198185093081,0.0006560691518784814,0.0007904691070659648,0.0009474726910804342,0.0011441383597726085,0.0013768476528105169,0.0016596044816087994,0.0019876625540437023,0.0023837194849248597,0.00285858366225686,0.003414839700562539,0.004077722836183044,0.004902543819907067,0.005932865154692234,0.007305577424266213,0.009045492928048232,0.011155290266543777,0.01361739406099756,0.01649764149225492,0.01990599616001471,0.023994856335141607,0.02892808657838344,0.03486955145048802,0.04205501478892933,0.050757223915353596,0.06130198123861213,0.07413886870670447,0.08983429284406236,0.10918751044712939,0.13331921037300734,0.16404205327604826,0.20463934547409796,0.26338993623474016,0.36347965055447734,0.4751924233764004,0.5995605027479387,0.6891521707777937,0.7530249505997927,0.7994675600096974,0.8342151176547076,0.8613239645599536,0.883739997365573,0.9038700091152305,0.9251084915442456,0.9479471793138355,0.9641667162834333,0.975339393956767,0.9830468084498474,0.9883587082171804,0.9920171125917767,0.9945389444782037,0.996275711451567,0.9974721530106835,0.9982981958121819,0.9988554387033055,0.99922358179734,0.9994766860486126,0.9996575150792285,0.9997890954549365,0.9998569533344088,0.9999005628303578,0.9999394730271743,0.9999781952520256,1.0,1.0
0.7,3e-05,3.3910034602074e-05,0.5,1.5977617050260273e-06,1.8797196529717968e-06,2.0676916182689766e-06,2.4436355488633358e-06,2.7255934968091053e-06,2.913565462106285e-06,3.477481357997824e-06,3.665453323295004e-06,4.3233552018351325e-06,4.793285115078082e-06,5.639158958915391e-06,7.048948698644238e-06,8.082794507778727e-06,9.586570230156164e-06,1.137230390047937e-05,1.3721953466694117e-05,1.607160303290886e-05,1.823328063382643e-05,2.2368663870364382e-05,2.6504047106902335e-05,3.05454443607917e-05,3.853425288592183e-05,4.62411034631062e-05,5.535774378001942e-05,6.66360616978502e-05,8.157983293897598e-05,9.755744998923625e-05,0.00011560275865776551,0.0001407910020075876,0.00016964469868070467,0.00020658118986160046,0.0002469011764178455,0.00029929836174443435,0.0003614230962751522,0.0004357190155588625,0.0005227500354914567,0.0006263225883702027,0.0007566811463037968,0.0009167392747543453,0.0011031134783464989,0.0013240745235533337,0.0015992654807484047,0.001933761592994736,0.0023234274770557893,0.0028014871777978416,0.003362865452157869,0.004057844800852866,0.004907995006900686,0.0059632696200790525,0.007316996721158016,0.009037692091488398,0.011124885801156958,0.013593991551318062,0.016480583036404203,0.01990745294274576,0.02400058948008317,0.028927804620435496,0.03487274697389807,0.04206084191985355,0.05077197971462942,0.0613071504676578,0.07414380297079352,0.08984406738625782,0.10918896722986043,0.13334035721910328,0.16405483536968846,0.2046648156753957,0.2635298813629039,0.36352974508322905,0.47549214467506673,0.5994129447551804,0.6890583727671103,0.7529654574727761,0.7994173714949632,0.8341662449437304,0.8612788512882823,0.8836917825564742,0.9038040309554112,0.9248941095178241,0.9479900369219234,0.9642026189288051,0.9753716311488155,0.9830670154361169,0.9883732760444909,0.9920258532881631,0.9945481551045032,0.9962813506105259,0.997474690632215,0.9983005454617482,0.9988567545070626,0.9992245216571665,0.9994776259084391,0.9996578910231592,0.9997894713988672,0.9998570473203915,0.999901032760271,0.9999394730271743,0.9999781952520256,1.0,1.0
0.7,0.0001,0.00011303344867358699,0.5,7.518878611887187e-07,9.398598264858984e-07,1.1278317917830782e-06,1.3158037570802578e-06,1.3158037570802578e-06,1.4097897397288477e-06,1.8797196529717968e-06,2.4436355488633358e-06,3.0075514447548748e-06,3.477481357997824e-06,4.229369219186543e-06,5.263215028321031e-06,6.2970608374555194e-06,7.894822542481546e-06,9.962514160750522e-06,1.212419176166809e-05,1.4567827310531425e-05,1.879719652971797e-05,2.21806919050672e-05,2.7161948985442464e-05,3.280110794435785e-05,3.848725989459754e-05,4.666404038502486e-05,5.474683489280358e-05,6.48033350362027e-05,7.720948474581655e-05,9.243521393488811e-05,0.00011142038242990326,0.00013364806732629476,0.0001610449812683587,0.00019187238357709616,0.0002305006224456666,0.0002774936137699615,0.0003324284206280623,0.0003979366505341294,0.00048271200688315745,0.0005800814849070966,0.0007003835426972915,0.0008418324465834192,0.0010213456734422257,0.001251000422044055,0.0015282590708573952,0.001884371959112902,0.002327985797214246,0.002859664501057319,0.0035152167300312328,0.004335338414622828,0.005302501169068142,0.006433763449217893,0.007723251131156546,0.009250899293126726,0.011230526045653973,0.013660815584981209,0.016508966803164077,0.019916898534001942,0.02401558024431562,0.028941620559884838,0.034893799834011356,0.04208631212115131,0.050789884044323975,0.061342066260211756,0.07419112491305709,0.0898997540809771,0.10927656216568893,0.13344167410839844,0.16421503447711297,0.20492520384032364,0.26464883147932666,0.36388059475645623,0.4780494092769522,0.5980524036703594,0.6883625945375629,0.7525879157804768,0.7991832524121855,0.8340022394040085,0.8611412558096848,0.8835677210593781,0.9036626760375077,0.9246329224720438,0.9479435138605123,0.9642276192001896,0.9754165564485215,0.9831111888479617,0.9884081448440535,0.992053391181079,0.9945671402729983,0.9962991139612465,0.9974855930062023,0.9983079703543775,0.9988620177220908,0.9992281871104898,0.9994802575159533,0.9996613685045171,0.9997905992306589,0.9998580811662007,0.9999016906621496,0.9999401309290529,0.9999784772099735,1.0,1.0
0.7,0.0003,0.00033910034602076104,0.5,9.398598264858984e-07,1.2218177744316679e-06,1.3158037570802578e-06,1.5977617050260273e-06,1.785733670323207e-06,2.349649566214746e-06,2.537621531511926e-06,3.571467340646414e-06,4.3233552018351325e-06,5.357201010969621e-06,6.766990750698469e-06,8.834682368967444e-06,9.868528178101934e-06,1.193621979637091e-05,1.4661813293180015e-05,1.6823490894097583e-05,2.0394958234743996e-05,2.443635548863336e-05,2.8571738725171313e-05,3.524474349322119e-05,4.116586040008235e-05,4.887271097726672e-05,5.808333727682852e-05,6.898571126406494e-05,8.148584695632739e-05,9.779241494585773e-05,0.00011987912086827635,0.00014591323806193573,0.0001756598015702144,0.00021391209650819049,0.00025832047330964916,0.00031396017503761435,0.000377964629221304,0.00045197859055706854,0.0005489721246504133,0.0006631181005771256,0.0008003846282353911,0.000966410866584125,0.0011621366754498133,0.0013958328213055321,0.0016739373439627094,0.0020050969538250155,0.002396266613608447,0.0028597584870399674,0.003410375366386731,0.004058831653670676,0.00482204482576855,0.00570250551122054,0.006740627682565539,0.007982699436257979,0.009510112633271535,0.011383488232414554,0.013625006925592096,0.016292094148202454,0.019767460821590685,0.024053879532244922,0.029050033390869985,0.03502284258818787,0.042246746193532456,0.0509868316709641,0.061586852752020006,0.07449991585904904,0.0902924275164829,0.10976928367972416,0.13411522465304956,0.16523872980012141,0.2068508826388106,0.27323731756674613,0.3671040320033549,0.4826786888523085,0.586419852583926,0.6826469309887715,0.7499297102332266,0.7979554195348643,0.8334658614010331,0.8609691674754552,0.8836537182335015,0.9042010277461189,0.925543270699978,0.9460551474971368,0.9635144535638521,0.9751825313517266,0.9830735004689196,0.988438220358501,0.9920998202565074,0.9946126294886002,0.9963293774476594,0.9975126609692051,0.9983264855929592,0.9988760216335055,0.9992383375966158,0.9994879643665305,0.9996664437475802,0.9997944526559476,0.9998610887176453,0.9999043222696637,0.9999413527468273,0.9999796990277479,1.0,1.0
0.7,0.001,0.0011303344867358701,0.5,1.3158037570802578e-06,1.3158037570802578e-06,1.5037757223774374e-06,1.6917476876746172e-06,1.9737056356203865e-06,2.3026565748904512e-06,2.8665724707819902e-06,3.4304883666735292e-06,3.9004182799164785e-06,5.0282500716995565e-06,5.874123915536865e-06,6.813983742022763e-06,7.941815533805842e-06,8.97566134294033e-06,1.0949366978560717e-05,1.3017058596829694e-05,1.6306567989530337e-05,1.9455098408258097e-05,2.4718313436579127e-05,3.026348641284593e-05,3.496278554527542e-05,4.191774826127107e-05,5.056445866494133e-05,5.939914103390878e-05,7.349703843119726e-05,9.036752231661914e-05,0.00011066849456871453,0.0001331781374130518,0.00016156190417292594,0.0001979344794579302,0.00023646873234385205,0.0002848715134078758,0.0003424849207714614,0.0004124104918620122,0.0005018851473434698,0.0006041888894564598,0.0007300831132142459,0.0008775941129812076,0.0010587051015450402,0.0012761416724025529,0.0015341801877642562,0.0018516648371511928,0.0022276557607368765,0.0026779426036062704,0.0032274786441525752,0.003889045976015999,0.004679092146160045,0.005641414622498957,0.006798241089929125,0.008191254331755198,0.00986631950750969,0.01188415156198359,0.014319610330356499,0.017248730472591126,0.020813336836504194,0.02518970013255313,0.03028571409774232,0.036385639336592425,0.04381743993555569,0.05302209812521931,0.06411253806373556,0.07766860627105492,0.09433894700642662,0.11512009364387367,0.14165290046146647,0.1775911195276603,0.24315649291117775,0.32442142581528965,0.4016218409137806,0.4790776159271278,0.5599319710660393,0.6331766571338251,0.7030492201301621,0.7801682903606707,0.8292744625188365,0.8636119593215509,0.8906348090526734,0.9109495972442182,0.9269695079866703,0.9403402358362066,0.9524281490085724,0.9652041335599085,0.9800685806316789,0.9874559728538407,0.9918040463691123,0.9945573657308028,0.9963618026116731,0.9975639773157312,0.9983737605422315,0.9989157777041658,0.9992696349288378,0.9995111789042447,0.9996826093365957,0.9998073287355704,0.9998699234000143,0.999910149400588,0.9999460520459597,0.9999835524530365,1.0,1.0
0.8,1e-06,2.9629629629629646e-06,0.5,1.4140780710617596e-06,1.4140780710617596e-06,1.9797092994864636e-06,2.356796785102933e-06,2.9224280135276363e-06,3.2995154991441056e-06,4.147962341781161e-06,5.279224798630569e-06,6.221943512671742e-06,6.8818466125005634e-06,7.824565326541737e-06,1.0369905854452904e-05,1.1783983925514662e-05,1.4235052582021712e-05,1.7628839952569935e-05,2.139971480873463e-05,2.4982045922091087e-05,3.110971756335871e-05,3.865146727568809e-05,4.7277343509164827e-05,5.72230259422992e-05,6.862992238219739e-05,8.22993437357944e-05,0.00010082376646670345,0.00012250629688965043,0.00015031649895386504,0.00018095485716020316,0.00022064331502133654,0.0002678735225947993,0.0003180261581817897,0.00038627899307837067,0.0004685783368141651,0.000566573947138745,0.0006875247581502275,0.0008293096527420199,0.000988393435736468,0.0011933404841690189,0.001430528512621778,0.001724703887338326,0.002071247286619861,0.002478596042957052,0.0029608438011248144,0.0035811998508996083,0.004380625320406523,0.005430719695976986,0.006783898138111685,0.00850421838342972,0.01063155743353503,0.013009706797510996,0.015888675478321335,0.019189369375857992,0.023145252779653264,0.02792568510668465,0.033667737657973734,0.0406138305508362,0.049004168513609746,0.05919684324982291,0.07161202449032385,0.0867935666612429,0.1055207681875422,0.12886894117039283,0.15854369944317376,0.19737404759485117,0.2511524736279153,0.3300577471775473,0.4111734132959916,0.48779004862354586,0.5615149885676501,0.6358705601955124,0.7194085891856211,0.7821517988298599,0.8266539669886303,0.8587364759930081,0.882423792033235,0.9005352096955226,0.9150519466292998,0.9274315402383457,0.9388669067834079,0.9508944892246308,0.9653229405508381,0.9761383752695468,0.9835779342732742,0.9887183437412622,0.9922590538233937,0.9946969715538398,0.9963802900896318,0.9975350733783965,0.998328229768455,0.9988615728809239,0.9992313071605708,0.9994842857274838,0.999668398692336,0.9997859085800412,0.9998745241391611,0.9999330198353674,0.9999846336849612,1.0,1.0,1.0,1.0
0.8,3e-06,8.888888888886e-06,0.5,1.0369905854452903e-06,1.508349942465877e-06,1.7911655566782287e-06,1.885437428082346e-06,2.2625249136988153e-06,3.2995154991441056e-06,4.4307779559935135e-06,5.467768541438803e-06,6.410487255479977e-06,7.164662226712915e-06,9.050099654795261e-06,1.0935537082877607e-05,1.3857965096405244e-05,1.640330562431641e-05,2.0456996094693455e-05,2.413359907945403e-05,2.9224280135276365e-05,3.506913616233164e-05,4.1856710903428085e-05,5.0152635586990404e-05,6.071108518425155e-05,7.395628311653002e-05,8.903978254118879e-05,0.00010695143810797108,0.00012839828885240776,0.00015484154878126266,0.00018463146014496373,0.00022366001490626831,0.00027159726151526197,0.0003232582470447182,0.0003882115664421551,0.0004678712977786342,0.0005689307439238479,0.0006890331080926934,0.0008272356715711294,0.0009936726605350985,0.0011857044625852855,0.0014276060846082504,0.001709337572299455,0.00205588097158099,0.0024588932218335916,0.0029407638925157374,0.003568944507617073,0.00436521186943195,0.005410168428010888,0.006772349833864681,0.008489889058976295,0.010612137428025782,0.013007491408533,0.015879059747438116,0.019180319276203197,0.02314492282810335,0.02792120719279295,0.033655576586562604,0.04060647734486668,0.04900699666975187,0.059211172574276334,0.07161447555898035,0.08680124981876233,0.10551916556572832,0.12886045670196644,0.15851395666774576,0.19736919259347385,0.251158224212071,0.330116007194075,0.41115969673870234,0.4878032466855424,0.5615275267265469,0.6358942695711705,0.7193801190804571,0.7821356783398498,0.8266428900437403,0.8587232779310114,0.8824127622242807,0.9005219173616547,0.9150421423546737,0.9274156082920784,0.9388422075531,0.9508448079484009,0.9653355258456705,0.9761474725051373,0.9835868429651219,0.988723104470768,0.9922631546497998,0.9946984799037824,0.9963821755270599,0.9975360632330463,0.998329361030912,0.9988619971043452,0.9992314957043137,0.9994844271352908,0.9996684929642075,0.9997861913956555,0.9998745241391611,0.9999332083791101,0.9999846336849612,1.0,1.0,1.0,1.0
0.8,1e-05,2.9629629629627997e-05,0.5,1.1312624568494077e-06,1.6968936852741116e-06,1.7911655566782287e-06,2.168253042294698e-06,2.7338842707194017e-06,3.2052436277399885e-06,3.959418598972927e-06,4.619321698801748e-06,5.467768541438803e-06,7.070390355308798e-06,8.578740297774674e-06,1.0558449597261138e-05,1.3198061996576423e-05,1.640330562431641e-05,2.0551267966097574e-05,2.4699230307878734e-05,2.903573639246813e-05,3.384360183407811e-05,3.959418598972927e-05,4.826719815890806e-05,5.9391278984593905e-05,7.268361285257444e-05,8.710720917740439e-05,0.00010605585532963196,0.00012981236692346954,0.00015564285968819766,0.00018590413040891931,0.00022361287897056624,0.0002664123085880355,0.0003208543143239132,0.00038627899307837067,0.00046240352923719537,0.0005584665661979909,0.0006756465023533087,0.0008126235315034911,0.0009782592095605252,0.0011874956281419636,0.0014351006983848778,0.0017273434997376414,0.002059934662051367,0.002470394390144894,0.002954150498255122,0.0035660220796035454,0.004357245896298302,0.0053789173026404236,0.006733321279103376,0.008473580025223382,0.010583997274411654,0.013009989613125208,0.015887072856507464,0.0191964397662133,0.02315868652132835,0.0279222913193141,0.03366599362835276,0.04062047671777019,0.048999077832553924,0.05921975131457411,0.071613579976202,0.0868165689978655,0.10551039828168775,0.1288728534530561,0.15852927584684892,0.19738036381023524,0.2512036632540878,0.33009121369189576,0.4111818506284823,0.48781173115396875,0.561577490818391,0.6360671641833257,0.7192118437900007,0.7820458372464016,0.8265870339599333,0.8586764248109237,0.8823744878444907,0.9004859997786496,0.9150035851592695,0.9273729974062037,0.9387977112297973,0.9507286650028309,0.9653590938135216,0.9761613776061695,0.9836071585534094,0.9887363968046361,0.9922747029540468,0.9947055974300734,0.9963891987814795,0.9975405882828737,0.9983316706917613,0.9988640239495804,0.9992326269667705,0.9994856055336835,0.9996690585954359,0.9997864270753339,0.9998749012266467,0.9999334440587887,0.9999848222287039,1.0,1.0,1.0,1.0
0.8,3e-05,8.8888888888887e-05,0.5,1.6968936852741116e-06,2.0739811708905807e-06,2.2625249136988153e-06,2.545340527911167e-06,3.016699884931754e-06,3.393787370548223e-06,3.676602984760575e-06,4.2422342131852784e-06,5.6563122842470385e-06,7.070390355308798e-06,9.050099654795261e-06,1.187825579691878e-05,1.3857965096405244e-05,1.6120490010104058e-05,1.923146176643993e-05,2.375651159383756e-05,2.72445708357899e-05,3.459777680531105e-05,4.2422342131852784e-05,4.949273248716158e-05,5.8919919627573314e-05,7.060963168168386e-05,8.418478116387675e-05,0.00010256779608767963,0.00012227061721114014,0.00014687557564761476,0.000177608205725357,0.00021357292466602775,0.0002572208011261341,0.0003082690194914636,0.00037326947482460245,0.0004490169234978107,0.0005438544261303528,0.0006525498938592999,0.0007839177466609375,0.0009443684717907452,0.0011465345000168747,0.0013842881596980586,0.0016775208157005653,0.002040514656542119,0.00247854890702135,0.0030224033331517027,0.0037006423119686246,0.004519959146341808,0.005532580453029135,0.006821135527316312,0.008510676006620902,0.010522956237677489,0.012998488444813907,0.015827728713458573,0.019185645636937528,0.023138606612719274,0.02792988020496213,0.033678767466928015,0.04061265215244365,0.04901161599145067,0.05921527340068242,0.07163380129261819,0.0868121382199095,0.10555234926446258,0.12891367317337407,0.1585996497988521,0.19751097748806565,0.25145763167565044,0.33013872671508343,0.41125674963031283,0.4879723704228414,0.5618712419696863,0.6375537373234972,0.7180291088913647,0.7814472108629854,0.8262627387223032,0.8584898607774148,0.8822475036337093,0.9003885226636178,0.9149206259124338,0.9272903209749823,0.9387150347985759,0.9506217607006587,0.965262842232818,0.9761464826504876,0.9836180940904923,0.9887609074912012,0.9922917190268352,0.9947265729214608,0.9964039523293542,0.9975532678495775,0.9983399666164449,0.9988699159415432,0.9992357850744625,0.9994883394179541,0.9996708968969282,0.999788171104955,0.9998757025375536,0.9999343396415671,0.9999853407239967,1.0,1.0,1.0,1.0
0.8,0.0001,0.000296296296296295,0.5,1.3198061996576423e-06,1.4140780710617596e-06,1.885437428082346e-06,2.356796785102933e-06,3.016699884931754e-06,3.770874856164692e-06,4.619321698801748e-06,5.750584155651156e-06,6.8818466125005634e-06,8.013109069349971e-06,9.992818368836434e-06,1.2443887025343484e-05,1.47064119390423e-05,1.8760102409419344e-05,2.2813792879796388e-05,2.733884270719402e-05,3.3089426862845175e-05,4.025408908955809e-05,4.7041663830654535e-05,5.694021032808685e-05,6.815856302517681e-05,8.22993437357944e-05,9.837269781019641e-05,0.00011826406267646516,0.00014173775865609036,0.0001710091747270688,0.00020513559217535927,0.00024628526404325645,0.0002966264433730551,0.0003534252458940358,0.00042469478067554844,0.0005121790773385693,0.000622005807524366,0.0007448891918996329,0.0008916704956758436,0.0010791772478986328,0.0013035914377761341,0.0015605294232880558,0.001873229220735513,0.0022676627306903395,0.002749203449822571,0.003330955168257379,0.00404374478794391,0.004890211921281479,0.005880820745995944,0.007128273284350926,0.008600045740712004,0.01030617806938372,0.012474808199164035,0.015347460664590298,0.018888170746721836,0.023049708237985193,0.0279245538442278,0.03373867724120533,0.04071705825002371,0.04915585195469897,0.05936662689022173,0.07182286353071915,0.08705239008418289,0.10583309089750403,0.12928430303579935,0.15915976612279967,0.19841966405652994,0.25395470500540274,0.3309307989786208,0.4124254380201097,0.4897530718017938,0.5654300051151917,0.6435245405707483,0.7108654836552372,0.774739861484454,0.8232005997953546,0.8570838900872939,0.8816325210806045,0.900163825658126,0.9149147810564068,0.9274848981175604,0.9392677979165539,0.9518538940599105,0.963258386567088,0.9750465655908801,0.983203957759414,0.9886216208012015,0.9922679625152414,0.994738262633515,0.996423136655185,0.9975773071767856,0.9983615077390607,0.9988865077909103,0.9992457778928313,0.9994972009738662,0.9996770245685694,0.9997928846985251,0.9998789077811814,0.9999374034773877,0.9999866605301964,1.0,1.0,1.0,1.0
0.8,0.0003,0.0008888888888888878,0.5,1.508349942465877e-06,2.0739811708905807e-06,2.7338842707194017e-06,3.4880592419523403e-06,3.959418598972927e-06,4.525049827397631e-06,5.090681055822334e-06,6.127671641267625e-06,7.730293455137618e-06,9.427187140411731e-06,1.1689712054110545e-05,1.366942135359701e-05,1.6026218138699943e-05,1.9797092994864634e-05,2.375651159383756e-05,2.903573639246813e-05,3.464491274101311e-05,4.237520619615073e-05,5.274511205060363e-05,6.330356164786477e-05,7.570031273750619e-05,9.276352146165143e-05,0.00010954391457158431,0.000132593387129891,0.00015974368609427677,0.00019061772397912518,0.00022823220066936798,0.000275650951985639,0.0003311770842426641,0.0004032007939954097,0.00048304906907469707,0.0005813274950134894,0.0007020897622821636,0.0008447702396522952,0.001007012130338781,0.0012192652488051512,0.0014707354657756341,0.0017625540437070791,0.0021300729343760303,0.002573386409653892,0.0031050326284374117,0.0037606463581173455,0.0045364567238375285,0.005462583588511577,0.006611946244670575,0.008027815481289013,0.009758741312140011,0.011802555484181274,0.014114431722560146,0.016579782567584918,0.019522290489721632,0.023144168653132118,0.028159573619638265,0.034339519013599475,0.04151426833055263,0.05011789640237799,0.060569818784952476,0.0733123119629685,0.0889507427586476,0.10829943159717856,0.13263194432529526,0.1641014976218035,0.20804878154548928,0.2720355314454197,0.34277770937829777,0.4243130267322975,0.5106722828819816,0.5846721196031004,0.6472320647293295,0.7007805616680389,0.7475077345356893,0.7896650784370252,0.8308624518718528,0.8750582835844956,0.8997867853084454,0.9179445847314638,0.9330984581081256,0.9446567080375632,0.9538443974886728,0.96150450553555,0.9683108403790559,0.9749460246400276,0.9830184778524265,0.9909728084099559,0.994327850041357,0.9963034585144375,0.9975584528025048,0.9983800321617916,0.9989099343509542,0.9992684031419683,0.9995198262230032,0.9996927208351583,0.9998054228574219,0.9998869680261865,0.9999424941584435,0.999991138444088,1.0,1.0,1.0,1.0
0.8,0.001,0.002962962962962962,0.5,2.356796785102933e-06,2.545340527911167e-06,3.110971756335871e-06,4.147962341781161e-06,4.9021373130141e-06,5.373496670034686e-06,6.410487255479977e-06,7.447477840925267e-06,8.673012169178793e-06,1.084126521147349e-05,1.3528013546490833e-05,1.645044156001847e-05,2.0221316416183163e-05,2.3992191272347855e-05,2.8234425485533133e-05,3.4079281512588404e-05,4.190384683913014e-05,5.0576859008308934e-05,6.151239609118655e-05,7.518181744478355e-05,9.167939494050408e-05,0.00010996813799290283,0.00013108503718742512,0.00015634989872372854,0.0001851499554376864,0.0002227644321279292,0.00026820347414471373,0.00032438950950156763,0.0003909454507128745,0.0004720663960561174,0.0005720417156801838,0.000691955536106221,0.0008380769367826029,0.0010089918396382674,0.0012129961693567773,0.0014563118694508042,0.0017532682643737736,0.002118241814514814,0.0025447277607470405,0.0030501192633445133,0.003674057644232664,0.0044226234391170575,0.005338663213550865,0.006455313530332634,0.007768237883377776,0.009378071495410185,0.011168671420859989,0.013172985678782927,0.01539261689099287,0.018030956620044197,0.021384537037438565,0.025708175011581298,0.031359396614772515,0.03821531846263695,0.046289798520271,0.05598947850497633,0.0677620555340511,0.08217872287633284,0.10001948599581924,0.12261244701685148,0.15222338323269183,0.20446498921812606,0.2819623123683375,0.3569177830498798,0.4246041382711934,0.4909565465121387,0.5536870294537378,0.6086412142669542,0.6579635032106171,0.70183371987943,0.73990555655379,0.7729027383904662,0.8015541283632197,0.8264879070871519,0.8482401044230665,0.8673501911550736,0.8842998022741769,0.8995906055440533,0.9138865577550022,0.9294946801440248,0.9407998100987423,0.9489270824043626,0.955317725430912,0.960550851284426,0.9650034060427138,0.968980830569125,0.9727660347497431,0.9768502221705193,0.9820030755255327,0.9854771825305172,0.988316368481595,0.990910777518572,0.9938191118873247,0.9985790872182615,0.9988540311312115,0.9990608636170721,0.9991890733621818,0.9992921125176265,0.9993844046797311,0.9994772624730641
0.9,1e-06,1.3462603878114e-05,0.5,3.871868720608031e-06,4.344047832877303e-06,5.288406057415847e-06,6.043892637046682e-06,7.460429973854498e-06,9.821325535200858e-06,1.1804477806731801e-05,1.3787630078262743e-05,1.775393462132463e-05,2.0303701827578697e-05,2.4553313838002146e-05,2.8802925848425595e-05,3.465794684056457e-05,4.136289023478823e-05,5.1278651592442945e-05,6.10999771276438e-05,7.318776240173716e-05,8.933628804134627e-05,0.00010642917190549392,0.00012607182297589564,0.00014972799650058617,0.0001798530238633657,0.00021370826621307254,0.0002553072460039954,0.00030856904986796926,0.0003731631524264057,0.0004548973567602167,0.0005456974000495977,0.0006526931868898147,0.0007902861802050806,0.0009585235979066222,0.0011670851117959596,0.0014197481547712472,0.001741538219782756,0.002148084435446599,0.0026556769811360665,0.003336559261028357,0.004252586738830745,0.00547689995903374,0.007098079723099059,0.00921433928637871,0.011984803009707437,0.015524115981544219,0.019546373749410012,0.024243894865732092,0.029801254145496517,0.03646776215998146,0.044181988406680694,0.05355970166590457,0.06488354835425748,0.07876141186087487,0.09554567945724333,0.11638827930565494,0.14269942154281315,0.17627546438343514,0.2204365352554423,0.28102566180152194,0.3552791796775621,0.4237207392965022,0.48613488532941385,0.5428141327363478,0.5942688127018447,0.6410340930317506,0.6835464560974472,0.7224440991870775,0.7583326392300384,0.7920941068080484,0.8251663817537903,0.8621846575407666,0.8925202767876181,0.9139658021444864,0.929357660756684,0.9406545460177264,0.9492034904990952,0.9559579654821959,0.9615951230319338,0.9666207614133718,0.9714444960064035,0.9766460683250731,0.9833793424660329,0.9885799232085666,0.9921587103541891,0.9946251379471277,0.9963186083332813,0.9974890459167745,0.9982902866523842,0.9988450498913893,0.9992269955753039,0.9994959015797413,0.9997021966338918,0.999857260254361,0.9999726608293996,1.0,1.0,1.0,1.0,1.0,1.0,1.0,1.0
0.9,3e-06,4.0387811634348e-05,0.5,3.399689608338759e-06,4.0607403655157394e-06,5.099534412508138e-06,6.516071749315954e-06,7.460429973854498e-06,9.349146422931586e-06,1.0954555404647111e-05,1.3976501723170452e-05,1.6620704751878376e-05,2.0020394360217135e-05,2.3703391435917456e-05,2.8614054203517885e-05,3.31469736813029e-05,3.994635289798042e-05,4.740678287183491e-05,5.873908156629744e-05,7.044912355057539e-05,8.603103425546136e-05,0.00010491819874623224,0.0001244191960829532,0.0001515222771272094,0.00018301662391556985,0.0002221602723226925,0.0002683393895026273,0.000322356679946232,0.00038803679446288775,0.0004643409390056021,0.0005641596033393263,0.0006799851395789786,0.0008226776673067527,0.000990490123807252,0.0012056149273571323,0.0014693269615595208,0.0017990496356571535,0.002209278848396697,0.002737788928759693,0.0034265565998268803,0.004376911499091244,0.005626439083889418,0.007275477415578624,0.009410151964236776,0.012159414845424613,0.01567483555418057,0.019719569047790382,0.024376718850013437,0.02988199677369456,0.03653273400582971,0.04423553351801203,0.05361414391754921,0.06495843596146339,0.0787367168933032,0.09558203724888807,0.11645953113369638,0.14271051775195148,0.17622904917669904,0.22038091255601697,0.2810211760999554,0.35534127123082554,0.4237222502696615,0.48613209947265146,0.5428456743010475,0.5943147085115573,0.6410677121845442,0.6835874412443922,0.7224809291578346,0.7583954390519702,0.7921892981170819,0.8254707484095591,0.8616207812448946,0.8922363082694994,0.9138198043629727,0.9292738961821675,0.9405968457302071,0.949161419340192,0.9559238741502901,0.9615627787627434,0.966572315836453,0.9714028498087014,0.9765881791659088,0.983345251134127,0.9885722739069478,0.9921616378646851,0.9946306624427412,0.9963269659035685,0.9974947120661217,0.9982954334047079,0.9988489689780212,0.9992298758678888,0.9994986402185925,0.9997038020428735,0.9998582046125856,0.999973369098068,1.0,1.0,1.0,1.0,1.0,1.0,1.0,1.0
0.9,1e-05,0.00013462603878116098,0.5,3.682997075700322e-06,4.344047832877303e-06,5.099534412508138e-06,6.232764281954391e-06,7.93260908612377e-06,9.63245389029315e-06,1.2465528563908782e-05,1.4165373368078162e-05,1.6431833106970667e-05,2.077588093984797e-05,2.5119928772725274e-05,3.0313899007687266e-05,3.730214986927249e-05,4.608468135748095e-05,5.685036511722035e-05,7.026025190566768e-05,8.499224020846896e-05,0.00010255730318488589,0.00012323874830228,0.00014920859947708997,0.00017848370443778483,0.000216635776709142,0.0002629565476227576,0.00031924029780525483,0.00038416492574227975,0.0004653797330525945,0.0005580212748798257,0.0006625617303362425,0.0007940163951920078,0.0009617816337812803,0.0011743094522136796,0.001414601402447512,0.0017246342075635161,0.0020942560166479023,0.0025427789553924838,0.0031193568693844917,0.0038584116159083564,0.0047999367657732845,0.00604176783104147,0.0077024217688925,0.00982651950543582,0.012597502625788043,0.016022028855432167,0.02012200730517748,0.02474733223523359,0.030287032016199145,0.03677954202781286,0.04444097864976039,0.05377241835598188,0.0650870103337343,0.07880929082285898,0.09567142075484064,0.1165814477804843,0.1427617491856327,0.17637056125664616,0.22060902228515425,0.28128989323274783,0.35546394336419307,0.4239091387622977,0.4862864548244523,0.5429926164407857,0.5945239782941151,0.6413397817890337,0.683934681763555,0.7229293104428455,0.7590597006271105,0.793368895975353,0.82862037196004,0.8599702319400461,0.8890373892196975,0.9123450945595334,0.9285841369349646,0.9402757639338639,0.9490174047109499,0.9558706123464261,0.9615597095985137,0.9666319048404214,0.9715474310528782,0.9771309018375511,0.9825437270910499,0.9881284727593259,0.9919955252529888,0.9945808003284856,0.9963221024587122,0.9975085469141112,0.9983053491660656,0.9988640787096138,0.999238233438176,0.9995073283142583,0.9997087127056411,0.99986184039175,0.9999759660831855,1.0,1.0,1.0,1.0,1.0,1.0,1.0,1.0
0.9,3e-05,0.00040387811634348897,0.5,5.4772777023235554e-06,5.949456814592828e-06,6.610507571769808e-06,8.59365984330075e-06,1.0199068825016277e-05,1.1710041984277947e-05,1.4259809190532016e-05,1.803724208868619e-05,2.162580334193266e-05,2.56865437074484e-05,3.021946318523341e-05,3.711327822436478e-05,4.4290400730857715e-05,5.278962475170461e-05,6.279982193181319e-05,7.474595347222576e-05,9.018621044343096e-05,0.00010902615702297491,0.00013362668877220398,0.00016507381764933752,0.0001999678540460367,0.00023859210542966316,0.0002913817301813678,0.0003491764535231267,0.0004210893323217368,0.0005077341994231483,0.0006153910370205422,0.0007403768480382186,0.00089770692824634,0.0010763795043290324,0.001297925943805775,0.0015625351183214751,0.0018917383953956114,0.0022743923479786295,0.0027550234663575217,0.0033451529208716577,0.0040942178645756305,0.005029840775537193,0.006193384543991134,0.007697180580746311,0.009581269674523161,0.011885031563284939,0.014886438090424567,0.018754482160223216,0.023595498508763926,0.02947988904168605,0.036134214835074445,0.04415847388688968,0.05359124323060416,0.06502444660135863,0.07893701527272783,0.09593239415019186,0.1169181114875323,0.14328567912860668,0.17717000771162927,0.22203717522812388,0.2840516216424996,0.3566441078373989,0.4253311533768078,0.4878333608141577,0.5447397735920044,0.596535839055672,0.6437932244563849,0.6870507333791536,0.7272734527115452,0.7669426364706236,0.802752039294368,0.8324286381542254,0.8573923228587008,0.8788604183771355,0.8979963268242498,0.9164013492234826,0.9366045713359703,0.948189296983852,0.9562090703341007,0.9626352391804406,0.96880392875686,0.9740556464972526,0.9783164019347256,0.9819323967943949,0.9851981764064941,0.9884535680781233,0.9929097112322534,0.9958460514777223,0.9973482421054958,0.9982632307892512,0.9988612928528514,0.9992497546085154,0.9995291429892451,0.9997199505685131,0.9998705284874158,0.9999843708713839,1.0,1.0,1.0,1.0,1.0,1.0,1.0,1.0
0.9,0.0001,0.0013462603878116339,0.5,3.966304543061885e-06,5.005098590054284e-06,5.760585169685119e-06,6.799379216677518e-06,8.688095665754605e-06,1.0765683759739403e-05,1.369319425580889e-05,1.71873196866015e-05,2.0398137650032554e-05,2.5119928772725274e-05,3.173043634449508e-05,3.805763644890332e-05,4.655686046975022e-05,5.515052031305097e-05,6.497184584825183e-05,7.734293858970676e-05,9.245267018232347e-05,0.0001081290167096633,0.00012644956626571105,0.0001494446890332246,0.00018070294626545042,0.00022140478574306165,0.00027088915670888135,0.0003225455515911397,0.00038680912877098764,0.0004641048494494675,0.000559154504749272,0.0006760660529471438,0.0008119119835470133,0.0009829352580109437,0.0011818643180099878,0.0014254615220297053,0.0017342194435425824,0.0021144180647418003,0.002593066030849161,0.0032001939334049914,0.003993077098727552,0.005027196572508485,0.006349203651039993,0.008024778448838732,0.010097408662144702,0.01272739909957332,0.016321673720078245,0.020447527585175918,0.02513163881470955,0.030847083661261727,0.03750202328749607,0.04540129652829363,0.05491537511514088,0.06677878087508388,0.08065196980848982,0.09816684014527251,0.1196297889113835,0.14687995374911159,0.18278232864006183,0.2338025566043598,0.29997756204858494,0.3719914399593095,0.4414688188968347,0.5059750017045666,0.5667261329040658,0.6259171843166275,0.6762028432359681,0.7185837516368089,0.7544656811721979,0.784935399286934,0.8109937368273832,0.8334539750965181,0.8530131448998707,0.8702765798593699,0.8859048585530808,0.9007754786432444,0.9136903800682997,0.9248448561090817,0.9345347269794267,0.9430839075503518,0.9507468551454585,0.9578723684749805,0.965555855861471,0.9713737635753855,0.9755270510469061,0.9787759738646973,0.9814153606664601,0.9836272837178854,0.9855503275884245,0.9872961154202177,0.9890097950723765,0.9909826066213488,0.9931907522398761,0.9945889218092165,0.9956912711647204,0.9966145702008518,0.9973686402431458,0.9981651591876328,0.9994244136621437,0.9997113096907586,0.9997702376439698,0.99982604921504,0.9998797831980163,0.9999305896704964
0.9,0.0003,0.004038781163434901,0.5,7.696519529989134e-06,9.11305686679695e-06,1.0057415091335494e-05,1.298492558740498e-05,1.6479051018197594e-05,2.0020394360217135e-05,2.4883839216590635e-05,2.955841242805643e-05,3.588561253246468e-05,4.263777383791527e-05,5.165639488225836e-05,6.185546370727464e-05,7.55014400518566e-05,9.037508208833866e-05,0.00010756240177494017,0.00013112413947717684,0.00015969097576946781,0.00019090201509046667,0.00022810972913728532,0.0002761775627662972,0.0003315641726354828,0.00039384459754379983,0.00047411504662957606,0.000574689197542931,0.0006903730800489026,0.000828296598742757,0.0010030973061048414,0.0012054732736234515,0.0014580418807762852,0.0017647694321064043,0.0021285362201986513,0.002558219212363689,0.003078655029906881,0.0036917323892773036,0.004416810634077998,0.005278301424413284,0.0062867343544867685,0.007462601997770937,0.008831354808417102,0.010468730316033258,0.012623614130696533,0.015301814055487846,0.01844865174920641,0.022380723306628773,0.027614451022843836,0.03436765112234142,0.042551837239482256,0.05247836428089671,0.06431258937170148,0.0787121635794652,0.09637170959624719,0.11828502279964062,0.14659230223391714,0.1898418785475997,0.26305046404818794,0.350645119433929,0.43358474982345224,0.5044062810398744,0.566322703070543,0.6212004927283472,0.6711121385728595,0.7170893519643878,0.7588124204260152,0.79407843952736,0.823921812049671,0.8491306049313253,0.8704179975034946,0.888435313633643,0.903711960542447,0.91672375312134,0.9278807789293282,0.9375500627903783,0.9460962214149848,0.9540978158694111,0.9610521642707354,0.966873188366791,0.9717429132053577,0.9758402946699856,0.9792931044284545,0.9822101325482316,0.9846924253593424,0.986821150451186,0.988665718153266,0.9903098458221875,0.9918733252987335,0.9930423463448899,0.9939973758173657,0.9947946502484323,0.995467505483416,0.9960785996905149,0.9966801086616347,0.997384080500117,0.9979192955238743,0.9984495526669526,0.9992966419943637,0.9997165036609935,0.9998091452028207,0.9998940430072067,0.9999844180892952,1.0
0.9,0.001,0.013462603878116338,0.5,4.362934997368074e-05,5.378120088747008e-05,6.582176825033652e-05,7.909000130510307e-05,9.665506428151998e-05,0.00011587275415087936,0.00013872622318471213,0.00016224074297572187,0.00019732365101732878,0.00024147239801450572,0.00028647106741376733,0.00034058279367982594,0.000411881839632486,0.0004960241574388703,0.0005955595143052328,0.0007192704417197821,0.0008641822112752217,0.0010396439693944831,0.0012510385579574362,0.0015090844428125934,0.0018132150090252315,0.0021785399881879674,0.002640000634608727,0.003167849664214546,0.0038059525165352404,0.004571732600813546,0.00552529831804134,0.0066468653634145424,0.008004899708212197,0.009613000110867655,0.011554600620518902,0.01389986705324915,0.0166524824061341,0.019960569266692617,0.023879844770172482,0.028522309802003966,0.03407447511153343,0.04053775723609768,0.04816330824551274,0.05718995633476441,0.06795932309157951,0.08052263994963926,0.09550242785055947,0.11345883287522515,0.13451141077486292,0.1580158259328701,0.17905456898451838,0.20100603426018315,0.22529313351468788,0.25282240342567835,0.2829927127653245,0.3167601298001492,0.3563953166631442,0.40536836486828753,0.4888581783594269,0.5958276176051793,0.7566337387840935,0.7994244514364728,0.8308460826415437,0.856601895024762,0.8783412574431955,0.8969218832542811,0.9128175097613588,0.9264038498840611,0.9379904170304807,0.9478483836647936,0.9561996267518553,0.9632559658414298,0.9691956485483987,0.9741895092755809,0.9783696165206783,0.9818684165246824,0.9847934716893681,0.9872309074848133,0.9892649606646469,0.9909589504478241,0.9923741184652064,0.9935517803891172,0.9945363210561098,0.9953614540548004,0.9960520632244054,0.9966351099922355,0.9971218322211627,0.9975357444309779,0.9978817100665376,0.9981809771878939,0.9984535189714957,0.9987067486294057,0.9989157823224073,0.9991004515732158,0.9992489046861133,0.999377431840473,0.9995092642486185,0.9996480376897144,0.9998575907797396,0.9999737468413579,0.999997922411906,1.0,1.0,1.0
1.0,1e-06,1.3462603878114e-05,0.5,4.249612010423448e-06,5.099534412508138e-06,5.855020992138973e-06,6.893815039131371e-06,7.93260908612377e-06,9.254710600477732e-06,1.0860119582193256e-05,1.3787630078262743e-05,1.5959653994701395e-05,1.8367767467274684e-05,2.2711815300151986e-05,2.8141875091248614e-05,3.328862741498368e-05,4.126845441233438e-05,5.047594710158518e-05,6.152493832868614e-05,7.436821018241035e-05,9.046951791079252e-05,0.0001093566824015634,0.00013272954845889237,0.00016082420563891405,0.00019397117932021696,0.00023353978892838196,0.00028203258375843616,0.00034171602354927217,0.0004115985321651244,0.0004946076201020625,0.0005975426665767638,0.0007196954029208244,0.0008638516858966332,0.0010372830738331368,0.0012555242595239944,0.0015173003593660789,0.0018482034812443847,0.0022415758996759154,0.0027165880866188027,0.003338447977477434,0.004090582085411158,0.0050108591752239685,0.006140925444618017,0.0075160998911910455,0.009192099650190827,0.01137347271305241,0.01378016964828889,0.016701352944253966,0.020265124794106297,0.024549961366305034,0.029487538343304812,0.03564867305392795,0.04317369713034089,0.052587390437919684,0.06451704292731407,0.07973112610374228,0.09964490242040902,0.12605133040242314,0.16148110121990306,0.21088704323517485,0.27733038806890264,0.34945749453074937,0.43238517878873217,0.5012570352326833,0.5601096758754814,0.6125408222451513,0.6596769048319222,0.7026755651653448,0.74147641153696,0.7751411768327774,0.8045678512885107,0.8304231990285954,0.8507789822122573,0.8667299953292043,0.8796714804382805,0.8907844047171827,0.8999151683006897,0.9085585958224236,0.9167163871271886,0.9243074218434968,0.9317876361221554,0.9389436994402411,0.9460391821782227,0.9523381459717172,0.9570929424143576,0.9611059926895341,0.9644423158610064,0.9673645851689296,0.9699772466329379,0.9723075449878092,0.9743924990759455,0.9762639809874247,0.9779462135107064,0.9794621917685582,0.9808461015287082,0.9821139024451512,0.9833041243334484,0.9844505752180381,0.9855952318220014,0.9980775699623069,0.9989108716596397,0.9997562611422466,1.0
1.0,3e-06,4.0387811634348e-05,0.5,5.005098590054284e-06,5.6189314360043374e-06,7.224340417719862e-06,8.357570287166115e-06,9.726889712747003e-06,1.1851695717958728e-05,1.4212591279305088e-05,1.7045665952920722e-05,2.1011970495982605e-05,2.4789403394136782e-05,2.8661272114744812e-05,3.31469736813029e-05,4.0607403655157394e-05,4.9295499320912e-05,5.897517112243208e-05,7.1346263863887e-05,8.603103425546136e-05,0.0001018962524277089,0.00012257769754510302,0.00015147505921598247,0.00018287497018188906,0.0002245683857952658,0.0002714557716436045,0.0003274089964475132,0.00039219197065085734,0.000476098198901107,0.0005680786899711612,0.0006806461903361556,0.0008225832314842988,0.000993039891013506,0.0012000904317435819,0.0014449625193664263,0.0017537676587905302,0.0021316998202508554,0.0026004320250005617,0.0031768682852588892,0.0038906142313651208,0.004798992407548747,0.005892323142008246,0.007267922549782316,0.008914175024709132,0.010979061500573886,0.013593233937741485,0.016651113086708517,0.02019765039896302,0.0244890502608223,0.029602325085497472,0.03572063315063779,0.04326709415874775,0.05241962519933041,0.06367193675217453,0.07748445066965386,0.09475147419040642,0.11685219528345951,0.14581320669867284,0.1849601603595814,0.23861774475545938,0.30886038438023944,0.37972974734073445,0.44490056946689654,0.5084971464327529,0.5629992703888357,0.6103767309377988,0.652323706734464,0.6896115495766347,0.7229183086695296,0.7530677004745022,0.7804106485077913,0.8049019180104412,0.8264651576199982,0.8455733963711335,0.8625114054864569,0.8776420073958359,0.8915260092309127,0.903790625582551,0.9144681535020297,0.9239690110737334,0.9324682823124916,0.9400221565326641,0.9467131706430758,0.9518640781429989,0.955864332364233,0.9592026386879767,0.9621664125398685,0.9649506166753642,0.9675825430471531,0.9700895308258356,0.9724632696590357,0.9746227808289992,0.9766465877220966,0.9785788390853248,0.9804072582617651,0.9819143595523062,0.983180885585146,0.9843755931750098,0.9855582129795994,0.9980075930178686,0.9988357007449664,0.999646904459845,1.0
1.0,1e-05,0.00013462603878116098,0.5,5.288406057415847e-06,6.4216359268621e-06,7.743737441216062e-06,9.915761357654713e-06,1.1710041984277947e-05,1.350432261090118e-05,1.6998448041693792e-05,2.0681445117394116e-05,2.5780979529902252e-05,3.0880513942410394e-05,3.673553493454937e-05,4.4007093263496156e-05,5.1750830704712216e-05,6.308312939917474e-05,7.488760720590654e-05,8.961959550870783e-05,0.00010855397791070564,0.00013329616339361548,0.0001645544206258413,0.00019831522715309425,0.00023906428454193243,0.0002866127211474481,0.0003499319401027575,0.0004240168428178063,0.0005122671189009332,0.0006074112100231915,0.0007299889075682946,0.0008771199189513998,0.0010596171458434735,0.001268839710489988,0.0015374624074599766,0.0018573637560224084,0.002236570801085861,0.0027057751849478367,0.003284005725832787,0.003972065128231571,0.004828409166243122,0.005882596252295499,0.0071872743574067244,0.008799341064605245,0.010731167466632519,0.013168981005367543,0.01618115321626691,0.019714280641732966,0.023796646810590637,0.028711134229000446,0.03451766242630937,0.04151663175374311,0.0502964246031004,0.06107056036894943,0.07405539152053195,0.0899427076752337,0.1095520229003092,0.13416790047068702,0.1656750905309012,0.20676435297012938,0.2620212552371746,0.33245961310399025,0.3995909701222056,0.4604647262371612,0.5156333782281233,0.5657018347558201,0.6109763511924695,0.6528814447018765,0.6897777566241535,0.7221031386501079,0.7507089769370723,0.7761551342584644,0.7988127906144391,0.8191640408786234,0.8374983308468381,0.8539515536675946,0.8686515754444952,0.8818030386047976,0.8937053991415028,0.9045105098571167,0.9140750643910656,0.9226127237916512,0.9302996580856612,0.937218120874453,0.9434715666015249,0.9491282723665108,0.9542498103256506,0.9588888756678737,0.9630621835337545,0.9668104357627704,0.9701477977282896,0.9730145859905213,0.9752888839026774,0.9771745311875248,0.9789705588768635,0.980667098427247,0.982306740394602,0.9839774989654556,0.9861593914253406,0.9928641459479194,0.9980807807802703,0.9988534546795877,0.999454633125329,0.9999366335631334
1.0,3e-05,0.00040387811634348897,0.5,6.232764281954391e-06,7.365994151400644e-06,8.735313576981533e-06,1.0435158381150913e-05,1.2796053942497273e-05,1.553469279365905e-05,1.8462203289728537e-05,2.2428507832790423e-05,2.6866991488121578e-05,3.168321843326815e-05,3.8388161827491815e-05,4.627355300238866e-05,5.637818600495108e-05,6.983529070462533e-05,8.579494469932673e-05,0.0001032655718532898,0.00012286100501246458,0.00014930303529954382,0.00018122234328894662,0.00022107426036447318,0.00026635623723109635,0.00032027909185224724,0.00038751739743939155,0.00046958212715179107,0.0005664732809894456,0.0006840930978557213,0.0008236220255312913,0.0009817548102302705,0.001182430932944711,0.001425744829497067,0.001718212571636654,0.0020670112818699654,0.0024813956707974783,0.0029848802582102033,0.003581006387450159,0.0043022599814414725,0.005156998610471308,0.006196689797777019,0.007436632146596127,0.008898923639382836,0.010695565161567416,0.012820748910068956,0.015425572200813621,0.018682144320223564,0.022836895546992114,0.028145416434590634,0.03470771451899775,0.04254300749008282,0.05181249729677458,0.06276280308941128,0.07625050499556058,0.09253643475684004,0.11272133631977178,0.13802796471348833,0.1700987477621071,0.21206196652023449,0.2685368548073783,0.33948941572745517,0.40676242647935135,0.4676905304101291,0.5226176627851655,0.5720144445256593,0.6163652841828874,0.656068842581339,0.6915929547854504,0.7234010173760025,0.7521795315643237,0.7776224780677524,0.8001529293708818,0.8202226192304198,0.8381582483741457,0.8542551648367838,0.8687814247003693,0.8819283077232827,0.8938539466902228,0.9046910711496485,0.9146539087647965,0.9237619133150922,0.9320990382466969,0.9398943376469728,0.9474922661783202,0.9549374447668484,0.9615303872756418,0.9670365623396362,0.971639978158883,0.975497917595679,0.9787050525620344,0.9813514276146588,0.9833062019215424,0.9850648330251892,0.9871036079961455,0.9890534716402615,0.9908713612224982,0.9926086970481818,0.9945030324286949,0.9970753697965153,0.9988045369235566,0.9993358328606821,0.9996169683041272,0.9998084841520636
1.0,0.0001,0.0013462603878116339,0.5,3.21081796343105e-06,4.344047832877303e-06,5.099534412508138e-06,6.893815039131371e-06,7.838173263669917e-06,9.821325535200858e-06,1.1237862872008675e-05,1.3032143498631909e-05,1.6242961462062958e-05,1.907603613567859e-05,2.313677650119433e-05,2.7764131801433195e-05,3.253314083535284e-05,4.0843493211292034e-05,4.811505154023882e-05,5.774750543053197e-05,6.832431754536367e-05,8.078984610927245e-05,9.523852694471217e-05,0.00011714763775400639,0.0001409454650123777,0.00017050387744043413,0.00020558678548204104,0.0002482245593199563,0.0002995976467348531,0.000363908441825928,0.0004388904848542884,0.0005319569878825619,0.0006381028523206943,0.0007730988605184791,0.000943130558846644,0.0011512198936237121,0.0014050161664684458,0.0017317168942475552,0.0021584723759165234,0.0027078055551305945,0.003439872050792874,0.004389613117211287,0.00564055723934627,0.007253143343568288,0.009336208715255409,0.012058132425842853,0.015497296207967323,0.019392490576721457,0.02404048010416649,0.02946359886231276,0.03600601820609334,0.043738092823236346,0.052955879017134624,0.06412999770898695,0.07779755263899961,0.09446675018570805,0.1152363039254516,0.14118169622224602,0.17460121168715073,0.2194514279735149,0.2826547269567622,0.3550932355431505,0.42198864465896485,0.48278383016963883,0.5378935069894786,0.5877385283612495,0.6327419195516338,0.6733518257560862,0.7100509084631684,0.7433485072812852,0.7738661043580054,0.8025484828790687,0.8303673402396139,0.8556759990035132,0.8766907081383469,0.894113881291527,0.9086615308688983,0.9209048519425732,0.9312906203885808,0.9402250518972062,0.9480146851481349,0.9549893372512868,0.9613859004672873,0.9677467669424004,0.9734046059372558,0.9780765349456928,0.9819545892126715,0.9851591744118207,0.9878214146826173,0.9900160559785336,0.9918171832022847,0.9932574239305285,0.9943327174228993,0.9952416622140177,0.9960604680126037,0.9967880015887883,0.9974371062144248,0.9980608076038213,0.9986833285454372,0.9994714427017258,0.9998005043250663,0.9999095777000004,1.0,1.0
1.0,0.0003,0.004038781163434901,0.5,5.4772777023235554e-06,6.6577254829967356e-06,7.082686684039081e-06,8.215916553485334e-06,9.915761357654713e-06,1.2040567362866437e-05,1.520416741507056e-05,1.6998448041693792e-05,2.0539791383713333e-05,2.469496757168293e-05,2.8897361670879448e-05,3.461072892933764e-05,4.164619770214979e-05,4.976767843318127e-05,5.873908156629744e-05,7.096852057407159e-05,8.532276558705746e-05,0.00010317113603083593,0.00012333318412473384,0.0001473671009392398,0.00017834205070410404,0.00021375548412429945,0.000258801371434788,0.00030960784391496167,0.0003743908181183058,0.0004478146700761776,0.0005371037402062969,0.000647971395767122,0.000784856120413984,0.0009486078365489675,0.0011420596188456882,0.0013763548943537011,0.0016607011557622567,0.0020267816215046234,0.0024591560346095957,0.003006978240664405,0.0036824776786768256,0.0045687106544950225,0.005739195455899321,0.007369913238032479,0.009674572267107568,0.012752188502967457,0.01646054159699664,0.020998513391282933,0.026599549238932263,0.033260674411537336,0.04111967077405833,0.050635826948999554,0.0619635927239843,0.07568658148177738,0.09254049549720555,0.11338229264112631,0.140102200335776,0.17638085476129362,0.24763178566241348,0.33246027415474744,0.4160576028297505,0.5016964923324723,0.5744865854858563,0.6359103830486943,0.6878120277618653,0.7319398100064575,0.7695066634860682,0.8017835527171925,0.8300670343242107,0.8549114465849268,0.8762591836476441,0.8948446729035862,0.9116053315443411,0.9267899507441637,0.9393896253938682,0.9498363049453585,0.9584972503121576,0.9656742311649169,0.9715932796446796,0.9764960570211051,0.9805504229686052,0.9839229622779885,0.9867447990887321,0.9890792526197913,0.9910186338876149,0.9926515236936645,0.9939721142348592,0.9950602509990838,0.9959634824229436,0.9967075422680576,0.9973140091198562,0.9977707007572431,0.9981523159157791,0.9984832190376575,0.9987825333769249,0.9990513921634511,0.999305660615408,0.9995582764404721,0.9997274582163982,0.9999384750616713,1.0,1.0,1.0,1.0
1.0,0.001,0.013462603878116338,0.5,3.994635289798042e-05,4.7501218694288764e-05,5.6661493472312646e-05,6.945754741480992e-05,8.225360135730719e-05,9.967701060004333e-05,0.00012050010945111823,0.00014439237253194339,0.00017451739989472295,0.0002087976034454721,0.00025001883994657954,0.0003055943214606729,0.0003737297673611288,0.00044663422229550444,0.0005385674954543316,0.0006444300524251024,0.0007741376545654715,0.0009303817228153736,0.0011166091646943744,0.0013450022012990214,0.0016307650000443848,0.0019636984921054487,0.0023780828810329615,0.0028620664711089656,0.0034431773045787584,0.0041391693160636655,0.004980970237417324,0.0059993189288484626,0.007224057110252501,0.008677660507373454,0.0104593339516991,0.012616106482811452,0.015203223056846021,0.018324988039703085,0.022123574562086926,0.0267248183574173,0.0323386030410979,0.039122825308271575,0.047350499121652415,0.05738496630813162,0.06965713752556614,0.08431556032267587,0.1010666337274518,0.12129719501053998,0.14553702913590655,0.17335706694423245,0.19722997068145456,0.22028949867988165,0.24382418051898527,0.2708983642015706,0.30072827961918186,0.33368175430027686,0.3719581513318945,0.41887013771198245,0.4948133957591894,0.6025096130945466,0.7595931213702412,0.8123058281445571,0.8440754081374593,0.8690707288424567,0.8897316813863783,0.9071267598823783,0.9218790518870071,0.9343900985173387,0.9450098317134756,0.954001255240952,0.9615908262020122,0.9679788429760807,0.9733374148495798,0.9778236358131613,0.9815758071288091,0.9847050325416401,0.9873084865129591,0.9894777717905466,0.9912812126919479,0.9927852448182592,0.9940335919552767,0.9950684196977261,0.9959304771029961,0.9966586717299377,0.9972585752920758,0.9977534662196452,0.9981740361549435,0.9985220793785972,0.9988032620399535,0.999033685446741,0.9992057947331631,0.9993534923594809,0.999481688988462,0.9995982227933701,0.9997148510341006,0.9998200997582254,0.9998934763922721,0.9999591092888774,0.9999841819997389,1.0,1.0,1.0,1.0,1.0
1/0.9,1e-06,1.3462603878114e-05,0.5,3.966304543061885e-06,5.005098590054284e-06,6.1383284595005365e-06,7.082686684039081e-06,8.688095665754605e-06,1.0765683759739403e-05,1.2465528563908782e-05,1.501529577016285e-05,1.9453779425494007e-05,2.2570161566471203e-05,2.785856762388705e-05,3.305253785884904e-05,4.1079582767426666e-05,5.071203665771982e-05,6.147772041745922e-05,7.3943248981368e-05,8.791975070453846e-05,0.00010435158381150912,0.00012456084981663396,0.00015194723832825173,0.00018263888062575442,0.00021739126328877286,0.0002602179087715958,0.00031451850668256213,0.000379443134619587,0.0004616967359768942,0.0005614681823993914,0.0006783797305972631,0.0008233859359751566,0.0009800077475148742,0.0011847918285060573,0.0014187093607242547,0.0017198651985295965,0.002068663908762908,0.0025105763399357194,0.003059437340037521,0.003761001065047206,0.004656819276844469,0.005831695343992871,0.0074305882539590805,0.009727361891859273,0.012704923373829302,0.016248769265143872,0.020232874960738306,0.024955185480454525,0.030245008075207178,0.03685962360525373,0.04450755590459036,0.05380381826694779,0.06506066273926968,0.07884654575481703,0.09562221969134219,0.11642997272126833,0.14271292586542403,0.17629147125534106,0.22039913866975056,0.2810252840582321,0.35531331822737916,0.423775417637703,0.48613497976523634,0.5428366084620918,0.5942865666364661,0.6410111451268944,0.683564304467891,0.7224505208230044,0.7583369832778711,0.7920899516318605,0.8251299295263231,0.8622579397389907,0.8925746718213516,0.9140097148019275,0.929395718393133,0.9406875985555853,0.9492416897892778,0.9560000838590104,0.9616366747938135,0.9666604244588025,0.9715100344671865,0.976808970118806,0.9833302830562681,0.9885447458647025,0.9921316544910561,0.994608564460287,0.9963073232524982,0.9974837102928058,0.9982815513388072,0.9988421223808933,0.999224304154364,0.9994934934662687,0.9997012994935784,0.9998564575498702,0.9999719997786425,1.0,1.0,1.0,1.0,1.0,1.0,1.0,1.0
1/0.9,3e-06,4.0387811634348e-05,0.5,3.682997075700322e-06,4.532919477785011e-06,5.382841879869702e-06,6.327200104408245e-06,7.5548657963083525e-06,9.254710600477732e-06,1.1898913629185656e-05,1.4637552480347433e-05,1.7281755509055358e-05,2.0209266005124844e-05,2.5403236240086836e-05,3.116382140977195e-05,3.635779164473395e-05,4.509310522171548e-05,5.406450835483165e-05,6.483019211457105e-05,7.724850276725291e-05,9.23582343598696e-05,0.00010940390031279033,0.00013107692156594993,0.00015902992501229082,0.00019198802704868602,0.0002292901769179585,0.0002758470373877087,0.0003323668771263406,0.00039837751702158483,0.00048190600198201903,0.0005808747439136584,0.0006997222264718342,0.000839959422815808,0.0010106049539899229,0.0012242187843805416,0.0014843422573296836,0.0018109013313751122,0.0022140950753418436,0.002729431358472527,0.0034114468682342634,0.004334084853608421,0.005569494282949745,0.007209891736884423,0.00936198969478531,0.012177357651690845,0.01569528090974183,0.019680189309827123,0.02434272195393005,0.029864101185339557,0.03650331724713533,0.04424922671226784,0.05360474755321506,0.06494474276720757,0.07871126643915188,0.095634874091551,0.11649348081186854,0.14272029185957544,0.17617947036991077,0.22042151995967213,0.2809871319859608,0.35526520317583893,0.42379694900522247,0.4861047603020511,0.5428535124743111,0.5943087590547428,0.641057890859009,0.6835795558532173,0.722483101181751,0.758366069511187,0.7921457632029307,0.8253155903532674,0.8619119268855198,0.8924316959861565,0.9139659910161313,0.9294002513126107,0.940710640896264,0.9492722397778416,0.9560397941223522,0.9616897477260327,0.9667315346331102,0.9716102780927213,0.9771188140522771,0.9832000560571043,0.988464522633528,0.9920879779231712,0.9945748980895822,0.9962937244940648,0.997473133480691,0.9982732409864312,0.9988371645002144,0.999221801605069,0.9994911797886187,0.9997001662637091,0.9998553243200007,0.999971480381619,1.0,1.0,1.0,1.0,1.0,1.0,1.0,1.0
1/0.9,1e-05,0.00013462603878116098,0.5,4.155176187969594e-06,4.910662767600429e-06,5.855020992138973e-06,7.082686684039081e-06,8.59365984330075e-06,9.821325535200858e-06,1.1898913629185656e-05,1.4637552480347433e-05,1.71873196866015e-05,2.1153624229663388e-05,2.719751686671007e-05,3.229705127921821e-05,3.796320062644947e-05,4.5990245535027096e-05,5.524495613550483e-05,6.638838318505965e-05,7.866504010406072e-05,9.405807916403898e-05,0.00011549501086106394,0.0001414648620358739,0.00017036222370675336,0.00020284814663087928,0.00024364442193094437,0.00029152338391504854,0.00035186787446306154,0.0004223642159248638,0.0005079230710680559,0.0006176102788482079,0.000753078466158262,0.0009111168150347873,0.0011002245494986307,0.0013250290248500312,0.001600923280148967,0.0019521773217660782,0.00239163442155509,0.0029580132667220817,0.003676481003951006,0.004642134506452894,0.005890764950937757,0.007536261939284943,0.009620507758752736,0.01228052878772168,0.01576393575266578,0.019899752597032336,0.02452375542557409,0.030046740065965312,0.03662745313575093,0.04439149427879457,0.05368076839029041,0.065049283222664,0.0787737357357051,0.09561003747024563,0.1164888534565683,0.1427572162661549,0.17631423028855242,0.22051987486875782,0.281206695273166,0.35548915772878825,0.4238927069291907,0.48628078867510505,0.5430404009669473,0.5944872427591805,0.6413079569168668,0.6838868972373934,0.7228468679698432,0.7589171025352052,0.7930481919222997,0.828018815771009,0.8601956502482434,0.8902226532273159,0.9130733836222975,0.929093618197103,0.9406868430690056,0.9493909928245773,0.9562420284361371,0.9619607785364752,0.967101439749662,0.972211975935486,0.978014585046163,0.9829792178862958,0.9878108850884136,0.9917597190043216,0.9944128934361626,0.9962008468626814,0.9974226103156781,0.998243210394891,0.9988161525297184,0.9992054642077844,0.9994821611675743,0.9996957749979649,0.9998524440274158,0.9999695916651699,1.0,1.0,1.0,1.0,1.0,1.0,1.0,1.0
1/0.9,3e-05,0.00040387811634348897,0.5,4.627355300238866e-06,6.1383284595005365e-06,7.649301618762207e-06,8.78253148820846e-06,1.0765683759739403e-05,1.2559964386362637e-05,1.4920859947708996e-05,1.8887164490770882e-05,2.2334072010336567e-05,2.653646610953309e-05,3.2485922924125916e-05,3.9379737963257285e-05,4.5518066422757824e-05,5.439503373342014e-05,6.49246279370249e-05,7.767346396829525e-05,9.334981049563509e-05,0.00011157592422922899,0.00013546818731005416,0.00016493216391565672,0.0002009594301818022,0.00024118909054714416,0.0002883125659516175,0.0003484681848547228,0.00041972001289615593,0.0005034373695014979,0.0006069390309109223,0.0007292334209886638,0.0008796696861576538,0.0010675497549295972,0.001283666134615243,0.0015455838881910083,0.0018736539353956985,0.0022725508494407794,0.0027671584695428417,0.0033646539182083787,0.00410668339313954,0.005025118984414501,0.00616670642414792,0.007640896830563814,0.009484709046064094,0.011760187406000943,0.014689161657318464,0.018535957667064996,0.02340152732944371,0.029195117819076452,0.03588348772645946,0.043939335560885515,0.05344703972971712,0.06489294471859164,0.07879470048828986,0.09575433540695512,0.11679085921677573,0.14304019320813788,0.17691252844170882,0.2214432683407116,0.28296509028725675,0.35695055208126164,0.42548971112270784,0.4878976243913375,0.5447551666310644,0.5964588738603721,0.6435409863746107,0.6866276136766492,0.7264735812953611,0.7647538974136106,0.8019276145643458,0.8325738332312482,0.8582739756971299,0.8804045385100785,0.9003337078658051,0.9212193704492557,0.9389507349090139,0.9495416179613912,0.9572758173845395,0.9636548627554749,0.9699543931639041,0.975436723182729,0.9797677388721077,0.9833154566321428,0.9863423136134337,0.9890683925002092,0.9918337094712142,0.995213237031459,0.9970032680460719,0.9980454145647614,0.9987160033400062,0.9991473861769754,0.9994488253222481,0.9996762740006282,0.9998381370003141,0.9999637366441777,1.0,1.0,1.0,1.0,1.0,1.0,1.0,1.0
1/0.9,0.0001,0.0013462603878116308,0.5,4.344047832877303e-06,5.288406057415847e-06,6.516071749315954e-06,7.365994151400644e-06,9.254710600477732e-06,1.1521170339370237e-05,1.4259809190532016e-05,1.7470627153963067e-05,2.0681445117394116e-05,2.4364442193094437e-05,2.9463976605602576e-05,3.6546663289641655e-05,4.372378579613459e-05,5.354511133133545e-05,6.298869357672089e-05,7.450986391609113e-05,9.037508208833866e-05,0.00010888450328929413,0.00013079361409858837,0.00015629128616112905,0.00018754954339335485,0.00022844025451587382,0.00027183351493341993,0.0003270784710689247,0.0003945528662122037,0.0004748705332092069,0.0005721394303366769,0.0006850374560802599,0.000828296598742757,0.0009958729656871217,0.001203867864641736,0.0014557754210373925,0.0017658554440646236,0.002142418286099368,0.0026210190342955022,0.0032129427694362615,0.0039635186862994965,0.004907310295903317,0.006102112321589483,0.007706010330145747,0.00980763234094505,0.012570635634299922,0.015914277582012318,0.020076442020843497,0.02489356610630338,0.0303876061671125,0.03735517558358033,0.04542211962714471,0.05498724077602826,0.06669539404385713,0.08094273770582523,0.09823582551357506,0.11995922827801378,0.14730718140989282,0.18281080104053166,0.23114848503220545,0.30134168750393087,0.37537290345391466,0.444052960742462,0.5075739890503552,0.5664907988345108,0.6234937722408166,0.6763884096270899,0.7206301759093839,0.7577341994231482,0.7890336306739639,0.8155448824189018,0.8382139182914822,0.8577765350023543,0.8748982690102616,0.8901721300623031,0.9041919306100686,0.9179634121626917,0.9300764590192916,0.9405782890910949,0.9498373909573167,0.9581865564562845,0.9665031888144168,0.9742968828057109,0.9792673706668359,0.9830048572120921,0.9859375616783965,0.9882853306604218,0.9902120575280365,0.9918126975007182,0.9931407484718867,0.9942746866100014,0.9952266469182475,0.9959905855039879,0.9966490864939587,0.9976162981875311,0.9982155406989119,0.9986168457264296,0.998876591456089,0.9991368093648605,0.9993405074338935,0.9995165830248587,0.9996616836660591,0.9997825143008888,0.9998750614068935
1/0.9,0.0003,0.004038781163434896,0.5,7.129904595266008e-06,8.45200610961997e-06,9.868543446427786e-06,1.3268233054766545e-05,1.5109731592616705e-05,1.775393462132463e-05,2.1673021253159586e-05,2.5875415352356108e-05,3.116382140977195e-05,3.744380360295327e-05,4.4384836553311575e-05,5.245909937311612e-05,6.298869357672089e-05,7.583196543044509e-05,9.16499656914657e-05,0.00011100930929450585,0.00013390999623956554,0.00016129638475118331,0.00019585989576929405,0.00023656173524690528,0.00028713211817094433,0.0003487042744108574,0.0004212782039666445,0.0005105200561855369,0.0006188379445401079,0.0007450986391609113,0.0008912852923194779,0.001072129892318609,0.0012927791914820398,0.0015575772376426476,0.001877053625004037,0.0022645238045322018,0.0027233874658354803,0.003274467707764948,0.00394779512186093,0.004784354855068399,0.005788160429841645,0.0069924532556844225,0.008466265918810502,0.010220175231334713,0.012361035326363592,0.014964867040972493,0.01821199557813705,0.02243960404192875,0.028011553656262296,0.03524269345319883,0.044044537067099106,0.05441009624710153,0.06681868001007063,0.08188024933323587,0.10035472927988341,0.1243767943986714,0.1646255780180603,0.22605971630345706,0.2925098132984903,0.37358688596175615,0.44922303871434316,0.517041369122999,0.5779198942469885,0.6330774972467236,0.6843268737342059,0.7286193520531575,0.7664508147072839,0.7990209743850386,0.8275670347963897,0.853947681798874,0.8769063051210091,0.896132635868123,0.9123297487383847,0.9262357541200933,0.9383337384630117,0.9484331774953392,0.956881217300416,0.964001961620904,0.9700699353926764,0.974936307759546,0.9789549769661585,0.9823067876125132,0.9851193224947451,0.9875127511969268,0.98957064942193,0.9913784343711641,0.9930277087924094,0.9945963350212792,0.9956822525436761,0.996516404163411,0.9971410026931208,0.9975967027543718,0.9978391667285221,0.9981739889370322,0.9984713673419394,0.9987300270596405,0.9990424679782292,0.9993066049736326,0.9995105863501329,0.9996685302631869,0.9997940826891394,0.9998992369774418,0.9999684112173892,1.0
1/0.9,0.001,0.013462603878116325,0.5,3.338306323743753e-05,4.103236485619974e-05,4.948437096581971e-05,5.95417860571552e-05,7.016581608321383e-05,8.47089327411074e-05,0.00010213234198384354,0.00012338040203596078,0.00014798093378518985,0.00017933362683986953,0.00021323608710080324,0.00025582664302749156,0.0003066803334188922,0.00037184105091205173,0.0004455482103372851,0.0005406923014595434,0.0006539208525817149,0.0007854227353487071,0.0009505437709092715,0.0011381405322138532,0.0013694610793145697,0.0016499826899137441,0.0020063834838545905,0.002423884254923081,0.002919530669072136,0.003528547288077043,0.00424621232081511,0.005123190586032829,0.006188898842424575,0.0074865886966742155,0.00904605465076594,0.010943742502976144,0.013254728732155644,0.01605040682007955,0.01942804566387533,0.023498418483281366,0.028393452122265683,0.0343248244768586,0.04158967786241116,0.05054011624294257,0.06167164437886821,0.07587998604616288,0.09417371582863374,0.1182089075267428,0.14888945361510716,0.184765528129504,0.21254821657004938,0.23687323180726932,0.2615500677010411,0.2875335176342844,0.31765826168959665,0.3509186055757554,0.3892208308048142,0.43540707788934424,0.507714179028788,0.6165013189851322,0.7595832528267947,0.8184675766880262,0.8512370431690698,0.8759888611058699,0.8959922098001342,0.9126339265225085,0.9266119864367495,0.9384044236761183,0.948368441739047,0.9567758269225575,0.9638646047171449,0.9698299739678212,0.9748380000683715,0.979037891618273,0.9825519430076034,0.9854961686442473,0.9879602825595356,0.9900286631608312,0.991802687303538,0.9932356092555417,0.9943894733521941,0.995335153678247,0.9961207652852405,0.9967756304960468,0.9973245387140599,0.9977892573963553,0.9981884376178677,0.998527037259276,0.9988190800402146,0.9990675406890906,0.9992440884591681,0.9993449459175489,0.9994400900086711,0.9995582292225609,0.9996811374454846,0.999788605411437,0.9998588184454315,0.9999181241419325,0.9999547652410447,0.9999806878743082,1.0,1.0,1.0,1.0
1/0.8,1e-06,2.9629629629629646e-06,0.5,1.7911655566782287e-06,2.168253042294698e-06,2.6396123993152846e-06,3.2052436277399885e-06,3.865146727568809e-06,4.525049827397631e-06,4.9021373130141e-06,5.844856027055273e-06,6.8818466125005634e-06,8.578740297774674e-06,9.710002754624083e-06,1.1312624568494077e-05,1.3198061996576423e-05,1.6309033752912292e-05,1.8854374280823463e-05,2.2059617908563448e-05,2.5830492764728142e-05,3.1392533177571064e-05,3.884001101849633e-05,4.723020757346277e-05,5.599749161404568e-05,6.778147553956035e-05,8.324206244983559e-05,0.00010068235865959728,0.00012236488908254426,0.00015008081927535475,0.00017770247759676112,0.0002155997699012163,0.00026259429779616875,0.0003244366454372697,0.000392972295948063,0.00047546018342666565,0.0005708633172876324,0.0006850736894937205,0.0008234176607792626,0.0009949924667347562,0.0011915493186123406,0.001432885309406881,0.0017259765576022818,0.002066957916470974,0.0024818955584561962,0.0029650860353379995,0.003586667619441047,0.004384584739005496,0.00543632887232553,0.006786254934896789,0.008503652752201295,0.010633207191284603,0.013010979467774951,0.01588994814858529,0.019190312094572032,0.023144168653132118,0.02792017020220751,0.033661892801946675,0.04060100957632524,0.04900412137767404,0.05919019708288892,0.07162215871649978,0.086795923458028,0.105497860122791,0.1288730891327346,0.15852833312813489,0.197361415164083,0.2511544533372148,0.3300771671830566,0.41114777134696967,0.4877778875521347,0.561523095948591,0.6358807886935597,0.7194232013256887,0.7821642427168851,0.8266721614598113,0.8587428864802635,0.8824351046578035,0.9005451553779558,0.9150617509039258,0.927443512766014,0.9388835929046464,0.9509410123931687,0.9653122878293694,0.9761307392479631,0.9835739277187395,0.9887148085460845,0.99225679129848,0.9946949447086048,0.9963787346037536,0.9975346020190395,0.9983279940887766,0.9988610072496955,0.9992309300730852,0.9994839086399981,0.9996683044204646,0.9997858143081698,0.999874382731354,0.9999330198353674,0.9999846336849612,1.0,1.0,1.0,1.0
1/0.8,3e-06,8.888888888886e-06,0.5,1.0369905854452903e-06,1.1312624568494077e-06,1.6968936852741116e-06,1.885437428082346e-06,2.45106865650705e-06,3.2052436277399885e-06,3.865146727568809e-06,4.525049827397631e-06,6.033399769863508e-06,6.9761184839046806e-06,8.76728404058291e-06,1.2066799539727016e-05,1.4517868196234065e-05,1.7911655566782288e-05,2.0928355451714043e-05,2.5076317793495202e-05,2.9884183235105187e-05,3.629467049058516e-05,4.506195453116807e-05,5.279224798630569e-05,6.419914442620388e-05,7.687871113005766e-05,9.460182295403171e-05,0.00011270202226362224,0.0001353272714006104,0.00016285465785061264,0.00019547272535643724,0.00023355856140370063,0.0002790918752918893,0.0003328268419922361,0.0004049448236163859,0.0004857829533454165,0.0005803376403637462,0.000694312332891324,0.0008313836339129105,0.0009949924667347562,0.0012024377197595163,0.0014426424480972072,0.001727814859094662,0.002070210296034416,0.002476003566493439,0.0029498611281062346,0.0035620155250688703,0.004370349686423474,0.005425629014921164,0.0067773933789848015,0.008483242892042303,0.010617746604374327,0.013012676361460225,0.01587759853343135,0.01918107345117443,0.023146619721788626,0.027928984622183795,0.03365604794591962,0.0406137362789648,0.04900562972761651,0.05920872150561983,0.07161023332476717,0.08679549923460668,0.105511623816016,0.128868281267293,0.15852955866246315,0.19737546167292222,0.2511663787289474,0.33007759140647785,0.4111821805800322,0.48779702474202974,0.5615208334236772,0.6358684390784057,0.7194321571534722,0.7821723500978259,0.826671878644197,0.8587559902703887,0.8824416094169304,0.9005522729042468,0.9150701411004808,0.9274539769437399,0.9388935857230153,0.9509851316289859,0.9653018707875792,0.976121264924887,0.9835690255814264,0.9887117918461996,0.9922543873657592,0.9946942848055049,0.9963775562053611,0.997533423620647,0.998327287049741,0.9988605830262741,0.9992305529855996,0.999483625824384,0.9996680216048504,0.9997855314925557,0.999874382731354,0.9999330198353674,0.9999846336849612,1.0,1.0,1.0,1.0
1/0.8,1e-05,2.9629629629627997e-05,0.5,2.168253042294698e-06,2.6396123993152846e-06,2.8281561421235192e-06,3.4880592419523403e-06,4.053690470377044e-06,4.807865441609983e-06,6.033399769863508e-06,6.787574741096446e-06,8.39019655496644e-06,9.8042746260282e-06,1.2161071411131133e-05,1.4423596324829948e-05,1.7251752466953467e-05,2.026845235188522e-05,2.4039327208049912e-05,2.8847192649659897e-05,3.506913616233164e-05,4.2422342131852784e-05,5.0812538686819226e-05,6.014545395582684e-05,7.183516600993738e-05,8.456186864949323e-05,9.97396399455561e-05,0.00012076226726867427,0.00014301042892004594,0.00017072635911285643,0.0002032501547472769,0.00023992191272347854,0.0002897917326962566,0.00034380951501081583,0.00041786006999874995,0.000496671354492592,0.0005968352178594667,0.0007101028713515136,0.0008492481535439907,0.0010096046068023942,0.0012088010710792942,0.0014486287119313687,0.0017338011229288235,0.002074122578697687,0.002484063811498491,0.0029692811336154827,0.0035739880527371932,0.004356774536941281,0.005422188091614913,0.006790072945688655,0.008511807269077751,0.010644802631467309,0.013021632189243617,0.015897584170169024,0.01917904660593924,0.02315722530732159,0.027921065784985846,0.03366599362835276,0.040620523853705896,0.04901510405069263,0.05920806160252,0.07160815934359627,0.0867915398160077,0.10552807425757602,0.12885381053503248,0.15850537792744798,0.19736867409818112,0.2511720350412317,0.33010054660716476,0.41115993241838084,0.48780843163846965,0.5615483608101273,0.6359366919133023,0.7194018016108801,0.7821743298071254,0.8266955408839195,0.8587743732853125,0.8824662143753669,0.900581497184382,0.9151046446054147,0.927495079479672,0.9389587275861555,0.9512007785348228,0.9652647276702461,0.9760865728762103,0.9835543663054231,0.9887004792216311,0.9922454315379758,0.9946907967462629,0.9963729368836622,0.9975308311441834,0.9983257786997985,0.9988593574919459,0.9992299873543712,0.9994832487368983,0.9996674559736219,0.9997854372206842,0.9998741941876113,0.9999327370197532,0.9999846336849612,1.0,1.0,1.0,1.0
1/0.8,3e-05,8.8888888888887e-05,0.5,1.3198061996576423e-06,1.6026218138699943e-06,1.885437428082346e-06,2.2625249136988153e-06,2.45106865650705e-06,3.016699884931754e-06,4.147962341781161e-06,4.525049827397631e-06,5.279224798630569e-06,6.787574741096446e-06,7.730293455137618e-06,9.710002754624083e-06,1.1406896439898194e-05,1.3857965096405244e-05,1.7157480595549348e-05,2.0739811708905808e-05,2.5830492764728142e-05,3.148680504897518e-05,3.780302043305104e-05,4.619321698801748e-05,5.6657394713874504e-05,6.80642911537727e-05,8.201652812158205e-05,9.870264936011081e-05,0.00012038517978305779,0.00014857246933288888,0.000179210827539227,0.00021861646978614803,0.00026056745256098024,0.00031562222546098473,0.0003807640886012298,0.0004626392089157057,0.0005540829241776994,0.0006723469868541647,0.0008063073161194153,0.0009752896456112956,0.0011742975661453872,0.0014170004990752872,0.00170693363957865,0.002048433493740065,0.002471148565116127,0.002995158762315913,0.003654213415302097,0.00447353024967528,0.005475121747408325,0.006809492951197903,0.008484892649791876,0.010531912065460879,0.013018426945615877,0.015857141537336656,0.019180554955881706,0.02316094904624205,0.02791352403527352,0.03366627644396697,0.04062259783487678,0.049030753181345706,0.05921810155682454,0.0716269665819414,0.08681477783230881,0.10554791848650659,0.128884260349496,0.15857509197635133,0.19741218056683413,0.25125796385201654,0.33020198314079563,0.41133669217726354,0.48796643129494294,0.5617894139853076,0.6367054790246028,0.7187910141560527,0.7819514711031261,0.8266361496049349,0.858796432903221,0.8825280567230079,0.9006670017717455,0.9152123973544296,0.9276383727242064,0.939167634053187,0.9517976137526822,0.9650071297816343,0.9759539323531446,0.983475272205315,0.9886519292078579,0.9922171971124902,0.9946733564500532,0.9963618128028366,0.997523289394471,0.998320970834357,0.9988556808889612,0.9992259336639008,0.9994816461150845,0.9996665603908437,0.9997847301816487,0.9998737699641899,0.9999323127963319,0.9999843980052826,1.0,1.0,1.0,1.0
1/0.8,0.0001,0.000296296296296295,0.5,1.7911655566782287e-06,1.885437428082346e-06,2.8281561421235192e-06,3.2052436277399885e-06,3.676602984760575e-06,4.336506084589396e-06,5.184952927226452e-06,6.127671641267625e-06,7.258934098117033e-06,8.484468426370557e-06,1.0369905854452904e-05,1.2161071411131133e-05,1.4894955681850534e-05,1.8760102409419344e-05,2.2813792879796388e-05,2.7056027092981667e-05,3.356078621986576e-05,4.044263283236633e-05,4.9964091844182173e-05,5.807147278493626e-05,7.023254419606739e-05,8.371342180685617e-05,9.97396399455561e-05,0.00012010236416884545,0.00014230338988451506,0.00017459150584042525,0.000209754913874161,0.00025293143097724675,0.00030204707597879184,0.0003647850063982319,0.000441192358171269,0.0005294308298055228,0.0006344025586140074,0.000761056817845439,0.0009146256963627461,0.0011032165751066827,0.0013213616855358103,0.0015881510816094621,0.0019163114659671945,0.002309378033786662,0.0027788048174434638,0.003366542799712433,0.0040866384894327834,0.004925893824607937,0.005955012708790984,0.007150191494452383,0.008588356028657894,0.010294252677651099,0.012496537865522683,0.015369378874691754,0.018910654588051717,0.023076340041656856,0.0279406271983022,0.033747491661181614,0.04070400159583424,0.04913284961807637,0.059341880523978145,0.07178953842417779,0.0870020960407888,0.10577813039647543,0.129212373597918,0.15899686432901336,0.19811365756195218,0.25270060630011376,0.3313358852100443,0.41263076215602784,0.48974647277079547,0.5646954386932108,0.6429416575898567,0.7126706014488833,0.7780555917454796,0.8250966899449056,0.8583443050079669,0.8825948012079621,0.9010145821616126,0.9157599283835447,0.9284236574130026,0.9405296740512338,0.9534604752923795,0.9642737888939816,0.9747068569022753,0.9828561416898686,0.9883362127105256,0.992048921822034,0.9945744181210145,0.9963075122049079,0.9974901528316725,0.9983005138382622,0.9988416343801219,0.9992153280783679,0.999475377035636,0.9996624124285018,0.9997813835302138,0.9998709889439835,0.9999306159026465,0.9999837852381185,1.0,1.0,1.0,1.0
1/0.8,0.0003,0.0008888888888888878,0.5,9.42718714041173e-07,1.225534328253525e-06,1.508349942465877e-06,1.6026218138699943e-06,2.0739811708905807e-06,3.2052436277399885e-06,3.865146727568809e-06,4.807865441609983e-06,6.410487255479977e-06,8.295924683562323e-06,1.0605585532963196e-05,1.3056654189470246e-05,1.5601994717381413e-05,1.9467141444950223e-05,2.267238507269021e-05,2.795160987132078e-05,3.4079281512588404e-05,4.133821561070544e-05,4.944559655145953e-05,5.953268679170008e-05,7.244793317406415e-05,8.837987944135997e-05,0.0001070457099793752,0.00013136785280163746,0.0001576697049233862,0.00018727107254427902,0.0002275251616338371,0.00027329415520053606,0.0003290088312003694,0.0003934436553050836,0.0004764029021407068,0.0005808089997207667,0.0006973290327762557,0.0008393024711108564,0.0010057865960105274,0.0012057843711943625,0.0014589514818501195,0.0017620826843500587,0.0021254064767415267,0.0025519866948451576,0.0030657683939975967,0.0036926763388349768,0.004484135835208244,0.00543722445510387,0.006550999479807813,0.007894137967637976,0.009601590102509348,0.011572437846083824,0.01392060875495328,0.016528168717991166,0.01964173295079065,0.023262951211101304,0.028169660709878506,0.03429407997158269,0.04142569990736846,0.050006938409735344,0.060430155007467276,0.07314191555540556,0.08869559593869236,0.10795387805254676,0.13206975402017682,0.16305611683980326,0.20495958659144778,0.267588962950966,0.3420182551822662,0.425506131536788,0.510513529050537,0.5864749748718326,0.6507107910560128,0.7057429387068803,0.7540488826049354,0.7986287307857428,0.8475692186502192,0.8804314503029804,0.902192509194807,0.9189416983153051,0.9343671689534823,0.9470051617620469,0.9568296577044912,0.9647251626142646,0.9713459232789114,0.9772684593280037,0.9832505751998234,0.9902188691184015,0.9938086948455346,0.9959373537018396,0.9973033531184852,0.9981984174015316,0.9987853540728937,0.9991784206407132,0.999453553097406,0.9996485073274698,0.9997713435759094,0.9998629286989784,0.9999259023090764,0.999981805528819,1.0,1.0,1.0,1.0
1/0.8,0.001,0.002962962962962962,0.5,1.6026218138699943e-06,1.9797092994864636e-06,2.356796785102933e-06,3.2052436277399885e-06,3.393787370548223e-06,3.770874856164692e-06,5.090681055822334e-06,7.164662226712915e-06,9.238643397603495e-06,1.0746993340069373e-05,1.2962382318066129e-05,1.503636348895671e-05,1.7770247759676112e-05,2.1446850744436687e-05,2.653753180025902e-05,3.341937841275958e-05,4.05840406394725e-05,4.8220062223206e-05,5.7081618135193026e-05,6.914841767492004e-05,8.385482961396234e-05,9.992818368836435e-05,0.00012387323902501014,0.0001498922755325465,0.00018086058528879906,0.00021687244016517187,0.000261180219725107,0.0003120870302833303,0.00037722889342357537,0.00045481464358916395,0.0005459284073012433,0.0006560379531012524,0.0007848604653749786,0.000951533134017458,0.0011406425080541173,0.0013795274301921505,0.0016636157146684581,0.002032218731858557,0.002487127647319125,0.003054879992850421,0.0037533874240192285,0.004594999555979485,0.005577265320074686,0.006709187680023923,0.007996234404368634,0.009568170724096587,0.011539254147349574,0.013938049051163042,0.016502856720519158,0.019426934491796367,0.022810964723654265,0.026714762918498763,0.03241552439011284,0.03981845877179966,0.04831782215385207,0.05852251655366926,0.07096282124789939,0.08625079636163369,0.10531021196276111,0.12991036253379412,0.17393018866252535,0.23960072845760472,0.30429145355724535,0.37075722372355413,0.4443618256238111,0.5124272480400407,0.5723125116307921,0.6250277394981607,0.6715075429752466,0.7126726754300541,0.7495194962714532,0.783247332247447,0.8157153189339963,0.8439058608633908,0.8681974595993182,0.889476270732977,0.908680346520774,0.9269765370510137,0.945742342908653,0.9578924316467655,0.9662674032945002,0.9725061743362177,0.9773201674494688,0.9811357743086148,0.9842292114968695,0.9867841206197282,0.9889128266119689,0.9906816025991886,0.9919780765106737,0.9931562392235467,0.9947479255003339,0.9957258076224087,0.996353846829703,0.9968000355970587,0.9975300769692121,0.9981112159204828,0.998535486477737,0.9988515329266193,0.9991403819406015,0.9994604820799542
1/0.7,1e-06,1.1303344867358706e-06,0.5,6.579018785401289e-07,9.398598264858984e-07,1.3158037570802578e-06,1.3158037570802578e-06,1.4097897397288477e-06,2.1616776009175663e-06,2.349649566214746e-06,2.8195794794576954e-06,3.947411271240773e-06,4.8872710977266715e-06,6.485032802752699e-06,7.706850577184366e-06,8.364752455724495e-06,1.0056500143399113e-05,1.156027586577655e-05,1.423887637126136e-05,1.8327266616475018e-05,2.2274677887715793e-05,2.6879991037496694e-05,3.110936025668324e-05,3.7312435111490164e-05,4.4643341758080175e-05,5.347802412704762e-05,6.372249623574391e-05,7.650458987595213e-05,9.238822094356382e-05,0.0001101985646554716,0.00013458792715278066,0.00016259574998206042,0.00019455098408258098,0.00023440104072558306,0.00028280382178960683,0.000337644642665059,0.00040653636794647536,0.0004911237523302063,0.000594508333243655,0.0007153273139384172,0.0008620394328528661,0.0010367593745965946,0.0012489327304257862,0.0015007211779413583,0.0017923596820999326,0.0021310851635654503,0.0025241815359931773,0.002980342502778108,0.0035170494566928805,0.004165834694916096,0.005000947143740141,0.006107585096435962,0.007536219025685852,0.009282525576287975,0.011314455528159163,0.01368543991243514,0.016519352254246746,0.019908721753511514,0.024000119550169927,0.02892437413206882,0.034877399280039176,0.042055719683799196,0.05074025944548552,0.061304001937239075,0.0741354382183378,0.08983293004731395,0.10918285814098828,0.13332311079128725,0.16403007006326056,0.2046197024037244,0.2633614584819976,0.36348622957326276,0.4751311445157135,0.5995821195239478,0.6891784868529353,0.7530516426188649,0.7994917144072382,0.834237768276526,0.8613476490275811,0.8837703548379684,0.903911080989648,0.9252387561161965,0.9479171977853706,0.9641414340541009,0.9753241682275781,0.9830356241179122,0.9883528810862562,0.9920127892365749,0.9945351850388977,0.9962727039001222,0.9974709311929091,0.9982966920364597,0.9988545928294617,0.9992228299094789,0.9994764040906647,0.9996570451493153,0.9997885315390407,0.9998568593484262,0.9999003748583924,0.999939285055209,0.9999781012660429,1.0,1.0
1/0.7,3e-06,3.3910034602050003e-06,0.5,4.699299132429492e-07,5.639158958915391e-07,7.518878611887187e-07,1.1278317917830782e-06,1.5037757223774374e-06,1.9737056356203865e-06,2.349649566214746e-06,2.8195794794576954e-06,3.477481357997824e-06,4.135383236537953e-06,5.639158958915391e-06,6.8609767333470584e-06,8.176780490427316e-06,1.0244472108696292e-05,1.2312163726965269e-05,1.4191883379937066e-05,1.748139277263771e-05,2.0394958234743996e-05,2.4906285401876308e-05,2.819579479457695e-05,3.458684161468106e-05,4.2387678174514016e-05,5.070543763891422e-05,6.146683265217775e-05,7.391997535311591e-05,8.989759240337619e-05,0.000106439125349528,0.00013002960699432404,0.00015474792043090318,0.0001877370003405582,0.00022824495886210043,0.000275660887108314,0.00032984380610522605,0.00039925245429120964,0.0004793755044991325,0.0005804104358463665,0.0007065396245607741,0.0008546615332149517,0.0010391560171541336,0.0012522222398184868,0.00150227194665506,0.0017904799624469609,0.00213611341363715,0.00253033761785666,0.0029827861383269717,0.003514699807126666,0.004165505743976826,0.004997657634347441,0.006101804958503074,0.007529874971857072,0.009280222919713085,0.011315207416020353,0.013683278234834222,0.016518694352368204,0.019913843989565864,0.02399683004077723,0.028920802664728174,0.03487443872158574,0.04205736443849555,0.05075346447604765,0.061301746273655505,0.07413275961783232,0.08984007298199524,0.10918064947039603,0.133320902120695,0.1640320907618875,0.20462341485003901,0.2633525768066373,0.36347513922731023,0.47510379459476276,0.5995824014818958,0.6891782048949874,0.7530572817778238,0.7994964606993619,0.8342450051971899,0.8613514084668871,0.8837759939969273,0.9039174720364681,0.9252571773687956,0.9479153180657177,0.9641406821662397,0.9753241682275781,0.9830360940478254,0.988352129198395,0.9920116614047831,0.9945348090949672,0.9962725159281569,0.9974704612629959,0.9982966920364597,0.998854498843479,0.9992228299094789,0.9994764040906647,0.9996570451493153,0.9997885315390407,0.9998568593484262,0.9999003748583924,0.999939285055209,0.9999781012660429,1.0,1.0
1/0.7,1e-05,1.1303344867356e-05,0.5,9.398598264858984e-07,1.1278317917830782e-06,1.1278317917830782e-06,1.2218177744316679e-06,1.5037757223774374e-06,1.6917476876746172e-06,1.9737056356203865e-06,2.6316075141605156e-06,3.571467340646414e-06,4.135383236537953e-06,4.981257080375261e-06,5.5451729762668e-06,6.485032802752699e-06,8.176780490427316e-06,9.680556212804754e-06,1.165426184842514e-05,1.3627967484045526e-05,1.6541532946151813e-05,2.1898733957121434e-05,2.7443906933388234e-05,3.181425512654766e-05,3.735942810281446e-05,4.365648894026998e-05,5.3243059170426146e-05,6.602515281063436e-05,7.796137260700528e-05,9.478486350110285e-05,0.00011433394789200954,0.00013773645757150842,0.00016926875475011032,0.00020338566645154843,0.00024492747078222514,0.00029455206962068054,0.0003562068742381555,0.00043228852719218896,0.0005262745098407788,0.0006329955931382526,0.0007651398847421699,0.0009312131160822281,0.0011204068991538395,0.0013385483648812166,0.001620177361887716,0.0019394007519536515,0.002329254607980002,0.0027855095607475814,0.0033336358115541574,0.0039903628653111785,0.0047755687573488225,0.005822807569010735,0.007189504735695205,0.008965040926901039,0.01112117335484234,0.013596529172849574,0.016480864994352147,0.01990087392396036,0.023990955916861692,0.02892428014608617,0.034869974387409935,0.04205722345952158,0.050747449373158136,0.061300383476907104,0.07414262814601041,0.08983720640952446,0.10918314009893622,0.13332019722582514,0.16403063397915646,0.20461702380321892,0.26333970072701446,0.36348519572745364,0.4751324603194706,0.5996016686083387,0.6892015134186842,0.7530724135210303,0.7995070341224099,0.8342550616973333,0.8613652244063363,0.8837909377681684,0.9039432241957138,0.9253122531546277,0.947906953313262,0.9641345730773675,0.9753210666901506,0.9830325225804848,0.9883494975908808,0.9920105335729913,0.9945344331510365,0.9962724219421742,0.997469615389152,0.998296598050477,0.9988545928294617,0.9992227359234962,0.9994762161186994,0.9996567631913673,0.9997885315390407,0.9998568593484262,0.9999003748583924,0.9999391910692264,0.9999781012660429,1.0,1.0
1/0.7,3e-05,3.3910034602074e-05,0.5,4.699299132429492e-07,5.639158958915391e-07,5.639158958915391e-07,6.579018785401289e-07,1.0338458091344883e-06,1.2218177744316679e-06,1.5977617050260273e-06,1.8797196529717968e-06,2.8195794794576954e-06,4.0413972538893635e-06,4.6053131497809025e-06,5.82713092421257e-06,7.4248926292385974e-06,8.928668351616035e-06,1.0150486126047704e-05,1.193621979637091e-05,1.5037757223774374e-05,1.776335072058348e-05,2.1616776009175664e-05,2.5940131211010795e-05,3.176726213522337e-05,3.909816878181337e-05,4.90606829425639e-05,5.92111690686116e-05,7.152333279557688e-05,8.656109001935124e-05,0.00010319660894815165,0.00012547128683586744,0.00015028358625509517,0.0001795132268588066,0.00021673167598764816,0.00025846145228362204,0.0003147590558901274,0.00038261693536240923,0.00046316292249225075,0.0005563500242883276,0.0006597346052017764,0.0007937586164586655,0.0009519370252562422,0.0011492605958269566,0.0013830037346739994,0.0016619071381836898,0.001992408846167456,0.002392836125241773,0.0028521926154367557,0.0033927529946401204,0.004027017398544129,0.0048123172765644215,0.005851003363805312,0.00722611227593683,0.008972418826538953,0.011131558805925009,0.013597844976606654,0.016476776604106933,0.01989880623234209,0.0239886532602868,0.028924327139077496,0.034872793966889394,0.04205938513712249,0.050750456924602894,0.06129991354699386,0.07413839877679124,0.08984937759427745,0.1091858186994417,0.13332715218854113,0.16403876376665555,0.20462689233139703,0.26333833793026606,0.363549012209672,0.4753095299107805,0.5996066498654191,0.6892189948114569,0.7531027709934257,0.7995388013845451,0.8342881447632255,0.8614029127853785,0.8838374608295795,0.9040059128461404,0.9254823677832217,0.9478688889902893,0.9641178435724561,0.9753101643161634,0.9830251916738382,0.9883420726982516,0.9920058342738589,0.9945317075575397,0.996270354250556,0.997469333431204,0.9982955642046678,0.9988540289135658,0.9992221720076002,0.9994761221327167,0.9996566692053847,0.999788437553058,0.999856671376461,0.9999002808724099,0.9999390970832437,0.9999780072800603,1.0,1.0
1/0.7,0.0001,0.00011303344867358699,0.5,8.458738438373086e-07,1.1278317917830782e-06,1.2218177744316679e-06,1.2218177744316679e-06,1.3158037570802578e-06,1.6917476876746172e-06,1.8797196529717968e-06,2.0676916182689766e-06,3.0075514447548748e-06,3.665453323295004e-06,4.229369219186543e-06,5.075243063023852e-06,6.5790187854012885e-06,7.518878611887187e-06,8.364752455724495e-06,1.1184331935182191e-05,1.4191883379937066e-05,1.75753787552863e-05,2.1804747974472842e-05,2.509425736717349e-05,2.96055845343058e-05,3.627858930235568e-05,4.313956603570274e-05,5.291410823115608e-05,6.362851025309532e-05,7.716249175449226e-05,9.285815085680677e-05,0.00011033954362944447,0.00013472890612675355,0.0001619848410948446,0.00019845140236249745,0.000244269568903685,0.0002949280135512749,0.00035014477835732145,0.0004260384593460578,0.0005136333951745435,0.0006175818919838839,0.0007465306601777491,0.000905366970853866,0.0011005758568149871,0.0013308885072953565,0.0016179686912954742,0.0019699931893057674,0.002389452629866424,0.00292521972395471,0.0035576983941883957,0.0043400847067465815,0.005264342860112814,0.006340858305369762,0.00762165228391342,0.009224489232002472,0.011247255550565423,0.01368172746612052,0.01651897631031615,0.019920610980316562,0.02401083395219187,0.028941573566893513,0.03489375284102003,0.042081941772958154,0.05078556068912214,0.061341361365341886,0.07417787288950364,0.08990544023292735,0.1092527367190875,0.13340083719893764,0.16415206386873843,0.20480358597877638,0.26383463091164194,0.3640238293940127,0.47764019430850024,0.5989026008693985,0.6889781087379285,0.7530583156236329,0.7995949110161863,0.8343929391338788,0.8615453955350737,0.8840236470612064,0.9042876828221209,0.9260228811694338,0.9476647514359766,0.9639990452903883,0.9752408966469513,0.9829849656732645,0.9883160385810579,0.9919880709231383,0.9945212751134658,0.9962640571897186,0.9974654800059155,0.9982924626672404,0.9988520552079301,0.9992213261337565,0.9994752762588729,0.9996560113035061,0.9997880616091275,0.9998560134745823,0.9999001868864272,0.9999389091112784,0.9999780072800603,1.0,1.0
1/0.7,0.0003,0.00033910034602076104,0.5,9.398598264858984e-07,1.4097897397288477e-06,1.6917476876746172e-06,1.8797196529717968e-06,2.0676916182689766e-06,2.4436355488633358e-06,2.7255934968091053e-06,3.1955234100520546e-06,3.853425288592183e-06,4.511327167132313e-06,5.1692290456724415e-06,6.0151028895097495e-06,7.800836559832957e-06,9.022654334264626e-06,1.1278317917830782e-05,1.4332862353909951e-05,1.7058455850719055e-05,2.156978301785137e-05,2.6081110184983682e-05,3.228418503979061e-05,3.872222485121902e-05,4.5865159532511844e-05,5.6109631641208136e-05,6.889172528141635e-05,8.392948250519073e-05,0.00010108192433855838,0.00012081898069476224,0.00014760498574961035,0.000178620360023645,0.00021292524369038028,0.0002571926415178661,0.00030930786889650914,0.0003749100847852249,0.0004478902003118549,0.0005420171619344176,0.0006524506915465107,0.0007812584807664031,0.0009380270998242509,0.0011288656375922125,0.0013585203861940418,0.0016320665886927627,0.001948611378253213,0.0023318862154941625,0.002783159911181367,0.00334613594724642,0.003997411814009823,0.004751649324764757,0.005641038678568362,0.006699085878234862,0.007950791195148781,0.009523740600755582,0.011422257450257097,0.013646106778696704,0.01627630450311749,0.019775026693193896,0.024043870025092846,0.029057082339568628,0.03503590663977602,0.042273297233630686,0.051004829986641305,0.061609174422899045,0.0745186190695961,0.09030793520361993,0.10978028003969403,0.1341109952838304,0.1651638229719505,0.20649392387671126,0.27089330715949034,0.3681720887101735,0.48382870133599665,0.5906952749346104,0.6854354011079725,0.751678507412369,0.7992115421929628,0.8345068501448488,0.8619497232324279,0.8846948009632999,0.905539858068948,0.9273730837961633,0.946238326177319,0.9632674584014517,0.9748660805481488,0.9827838356703966,0.9882078607150294,0.9919276379362952,0.9944849965241634,0.9962405606940564,0.9974500663047611,0.9982838159568368,0.9988458521330753,0.9992170967645373,0.9994723626934108,0.9996538496259052,0.9997867458053703,0.9998548856427906,0.999899434998566,0.9999385331673478,0.9999777253221123,1.0,1.0
1/0.7,0.001,0.0011303344867358701,0.5,7.518878611887187e-07,9.398598264858984e-07,1.4097897397288477e-06,1.6917476876746172e-06,1.9737056356203865e-06,2.2556635835661564e-06,2.4436355488633358e-06,3.2895093927006443e-06,3.665453323295004e-06,4.3233552018351325e-06,5.4511869936182105e-06,6.20307485480693e-06,7.518878611887187e-06,9.398598264858984e-06,1.1466289883127961e-05,1.3533981501396937e-05,1.672950491144899e-05,2.1334818061229895e-05,2.4765306427903425e-05,3.0498451369467405e-05,3.754740006811164e-05,4.600613850648473e-05,5.4934806858100765e-05,6.517927896679706e-05,7.824333055495105e-05,9.422094760521132e-05,0.000113770031996118,0.00013839435945004855,0.00016696609817521985,0.0002036206314081699,0.00024356467403382058,0.0002905576653581155,0.0003515545680970503,0.00041626391715060443,0.0005022140982827399,0.0006084652516669707,0.0007326677277370821,0.0008837501948446903,0.001068244678783872,0.0012861511795546276,0.0015487480150747877,0.0018638830148955095,0.0022418476441168136,0.0027001232955113376,0.003263146324567715,0.003924713656431139,0.0047353897497665505,0.0057014246724200815,0.006868354632984973,0.008273022136659472,0.00996303108365509,0.011994115161682441,0.014452741474778227,0.017420160904942153,0.020983827409028735,0.025307276596846517,0.030679421379057263,0.03676139529522148,0.044092254948820166,0.053535308583471934,0.06474412386713409,0.07842350168368839,0.09527861886094723,0.11627983367676595,0.14309586725307027,0.17965011744253426,0.2475452623569363,0.3264793898843545,0.4036207817857421,0.4884413453924241,0.5698860264883514,0.6445474572585821,0.7230729337334442,0.7895041999751031,0.8323436687682089,0.8635676919237234,0.8899139365657588,0.9130593005967311,0.9308036661488196,0.9449752485565045,0.957010529578587,0.9687426118206452,0.980364072561126,0.9871244842930391,0.9913998126577408,0.994214974796014,0.9960982659163264,0.9973698022755793,0.9982335334561198,0.9988155886466624,0.9991971717362157,0.9994608964035276,0.999644545013623,0.9997810126604287,0.999850750259554,0.9998966154190866,0.9999368414196601,0.9999768794482684,1.0,1.0
1/0.6,1e-06,5.273437499999998e-07,0.5,5.605085568871111e-07,6.539266497016296e-07,7.473447425161481e-07,8.407628353306667e-07,9.341809281451852e-07,1.3078532994032592e-06,1.5881075778468148e-06,2.148616134733926e-06,2.5222885059919998e-06,3.082797062879111e-06,3.830141805395259e-06,4.764322733540445e-06,5.978757940129185e-06,6.726102682645333e-06,8.127374074863111e-06,1.0182572116782518e-05,1.2471315390738223e-05,1.4760058664693926e-05,1.7936273820387557e-05,2.204666990422637e-05,2.5456430291956297e-05,2.961353542220237e-05,3.563900240873881e-05,4.2878904601864e-05,5.0258933934210965e-05,6.132897793273141e-05,7.478118329802207e-05,9.173656714385718e-05,0.000108458405757656,0.00012915051331607185,0.00015656872355713304,0.00018865783843892013,0.00022532443986861866,0.0002725005767399505,0.00032518838108733895,0.00039184219031049793,0.0004756849286115283,0.000574894943180547,0.0006949371924472032,0.0008324953341165818,0.001002983353503078,0.0012068216320243574,0.0014610589716190696,0.0017576147072587587,0.002113817895160518,0.0025377492003528027,0.0030472047695167797,0.003643819419276702,0.004339924337884086,0.005215391994695347,0.00629208222342908,0.007627914241630287,0.009277444215502648,0.011335211254974454,0.013755627330752222,0.01663500649652772,0.020065599118955283,0.02418958753529861,0.029155132840761527,0.035148323876230556,0.04238332161948298,0.05114042705800876,0.061752161893181175,0.07465497545462965,0.090420119379915,0.10981815280761772,0.1339522032867381,0.164554896184707,0.20472659116585265,0.26208997105860776,0.3995994419016299,0.5407595516847042,0.6408950125901899,0.7131989349029566,0.7667966781834048,0.8081527277452529,0.8419855380384694,0.8723119469269395,0.9053244996561981,0.9347931436164452,0.9551013962314862,0.9691025263101549,0.9787478509751611,0.9853987520930908,0.9899826844894064,0.9931366661390102,0.9953153628996303,0.996811360237962,0.997843349909284,0.9985537945051385,0.999038540988753,0.9993589650471068,0.999598115364712,0.9997185312863499,0.9998001786994698,0.9998631424940267,0.9999060213986286,0.9999362888607005,0.9999674905037006,0.9999991592371646
1/0.6,3e-06,1.5820312499999997e-06,0.5,7.473447425161481e-07,9.808899745524445e-07,1.074308067366963e-06,1.1677261601814816e-06,1.3545623458105184e-06,1.447980438625037e-06,1.8216528098831111e-06,2.1019070883266668e-06,2.4755794595847405e-06,2.895960877250074e-06,3.6433056197662223e-06,4.670904640725926e-06,5.418249383242074e-06,6.0721760329437035e-06,7.0997750539034074e-06,8.687882631750223e-06,1.1023334952113184e-05,1.3078532994032592e-05,1.569423959283911e-05,1.9150709026976296e-05,2.4195286038960297e-05,2.9053026865315258e-05,3.4844948619815404e-05,4.147763320964622e-05,5.231413197613037e-05,6.333746692824355e-05,7.389371141628415e-05,8.977478719475229e-05,0.00011228854756305126,0.00013508256220979377,0.0001609593739194154,0.0001915537993161702,0.00022906116358119942,0.00027520970143157157,0.0003327085375589077,0.00040174450814883686,0.0004823643222477664,0.0005856847329006238,0.0007056335640744656,0.0008562235296914694,0.0010320363803683933,0.0012422737982474672,0.0014934283407793002,0.0017864341888920376,0.0021474016995273373,0.0025760506184067554,0.0030917651997893047,0.003694825697953429,0.004411435887933601,0.005293489520288285,0.006399419612072962,0.0077484235813610166,0.009413647794826216,0.011424752496937172,0.013803457394273256,0.016652102007512777,0.020073586365890926,0.024192623623315083,0.029153965114601346,0.035148370585276964,0.04238902012314467,0.051134681845300664,0.06175248885650603,0.07465964635927039,0.090426658646412,0.10981936724282432,0.13395136252390277,0.16455097262480878,0.20472766547392002,0.2620881961148443,0.39961835906542487,0.5407646896798091,0.6408984223505776,0.7132014104824161,0.7667997609804678,0.8081547362342485,0.8419860051289335,0.8723169915039514,0.9053221642038777,0.9347931436164452,0.9551030777571567,0.9691016855473196,0.9787486917379964,0.9853978179121626,0.989982871325592,0.9931367595571029,0.9953154563177231,0.9968114536560548,0.9978432564911912,0.9985537945051385,0.9990384475706602,0.9993588716290139,0.999598115364712,0.9997185312863499,0.9998001786994698,0.9998631424940267,0.9999060213986286,0.9999362888607005,0.9999674905037006,0.9999991592371646
1/0.6,1e-05,5.2734374999999994e-06,0.5,4.670904640725926e-07,4.670904640725926e-07,5.605085568871111e-07,7.473447425161481e-07,7.473447425161481e-07,1.0275990209597037e-06,1.4946894850322962e-06,1.5881075778468148e-06,2.0551980419194075e-06,2.148616134733926e-06,3.269633248508148e-06,4.2038141766533335e-06,5.324831290427555e-06,6.165594125758222e-06,7.380029332346963e-06,8.781300724564741e-06,1.0275990209597036e-05,1.3452205365290667e-05,1.6815256706613334e-05,2.0365144233565035e-05,2.4942630781476445e-05,3.0267462071904e-05,3.5312039083888e-05,4.418675790126726e-05,5.240755006894489e-05,6.212303172165482e-05,7.41739656947277e-05,8.921427863786518e-05,0.00010537560869477689,0.00012873013189840653,0.00015759632257809274,0.00019010581887754518,0.00022616520270394932,0.00027371501194653925,0.0003300461219136939,0.0003985682929931432,0.0004790946889992582,0.0005768567231296518,0.0006946102291223524,0.0008473488108740903,0.0010226011529941269,0.0012400317640199189,0.001501835969132607,0.001804697426037276,0.002163422902445027,0.0025906238408858204,0.0030919053269285266,0.0036856707248576065,0.004410034616541383,0.005278495916391554,0.006370693548532497,0.007742444823420887,0.009420981115112156,0.011425313005494058,0.013814667565410998,0.016656726203107094,0.020073539656844518,0.024195099202774666,0.029150555354213615,0.035147856785766485,0.04238336832852939,0.05113869882329169,0.061748471878515,0.07465731090695002,0.0904246968664629,0.10982455194697552,0.13395659393710038,0.16454980489864862,0.20473546588467004,0.2620875421881946,0.3996422740971854,0.5407633818265096,0.6409125284825926,0.7132131811621107,0.7668102238068629,0.8081651990606437,0.8419974955543498,0.8723311910540592,0.9053199221696502,0.9347948251421158,0.9551020501581358,0.969100938202577,0.9787482246475324,0.9853975376578842,0.9899826844894064,0.9931365727209174,0.9953151760634447,0.9968112668198692,0.997843349909284,0.99855351425086,0.9990384475706602,0.9993587782109211,0.999598115364712,0.9997185312863499,0.9998001786994698,0.9998631424940267,0.9999060213986286,0.9999362888607005,0.9999674905037006,0.9999991592371646
1/0.6,3e-05,1.5820312499996997e-05,0.5,9.341809281451852e-07,1.1210171137742223e-06,1.1210171137742223e-06,1.2144352065887406e-06,1.5881075778468148e-06,1.7749437634758519e-06,1.961779949104889e-06,2.2420342275484446e-06,2.4288704131774812e-06,2.709124691621037e-06,3.5498875269517037e-06,4.390650362282371e-06,5.231413197613037e-06,6.259012218572741e-06,7.2866112395324445e-06,8.781300724564741e-06,1.0369408302411555e-05,1.2237770158701926e-05,1.5180440082359259e-05,1.8356655238052887e-05,2.3588068435665926e-05,2.844580926202089e-05,3.526533003748074e-05,4.217826890575511e-05,5.114640581594889e-05,6.301050360339273e-05,7.786398036090118e-05,9.225036665433704e-05,0.00011168132995975688,0.00013699763311249142,0.0001611929191514517,0.00019622470395689614,0.0002368615743312117,0.0002857192368732049,0.0003413964201906579,0.0004117402440799904,0.0004996933784648596,0.0005986698478018419,0.0007204403317855668,0.0008689750993606512,0.0010495989818175228,0.0012630126148522904,0.0015294410155592972,0.0018458948049684786,0.0022096181493418063,0.002637052633014636,0.003136465757201052,0.003731398881290313,0.004438153462478553,0.005290266596086184,0.0063857805705220426,0.007766873654691884,0.009450688068627174,0.011451563489574938,0.013823168611857119,0.01665644594882865,0.020077323089603506,0.024192950586639932,0.02915798209259237,0.03514977185666918,0.04238579719894257,0.05114280921937553,0.06175132113034584,0.07465992661354882,0.09042848029922189,0.10983118463156535,0.13396103129650908,0.16456988978860373,0.20472925358149788,0.26207250187525144,0.3996734757401854,0.5408072883301325,0.6409458787417274,0.7132348541596437,0.7668318033863031,0.8081803327916797,0.8420203829870893,0.8723689319635562,0.905311981631761,0.934787164858505,0.9551031711752496,0.9690983224959783,0.9787455155228407,0.9853972574036057,0.989981843726571,0.9931364793028246,0.9953150826453518,0.9968110799836836,0.997843349909284,0.9985536076689528,0.999038540988753,0.9993586847928283,0.999598115364712,0.9997184378682571,0.999800085281377,0.9998630490759339,0.9999060213986286,0.9999362888607005,0.9999674905037006,0.9999991592371646
1/0.6,0.0001,5.2734374999997004e-05,0.5,9.341809281451852e-07,1.4946894850322962e-06,1.4946894850322962e-06,1.7749437634758519e-06,2.2420342275484446e-06,2.335452320362963e-06,2.895960877250074e-06,2.9893789700645925e-06,3.269633248508148e-06,3.736723712580741e-06,4.670904640725926e-06,5.324831290427555e-06,6.352430311387259e-06,7.660283610790519e-06,9.061555003008297e-06,1.0556244488040592e-05,1.2798278715589037e-05,1.5320567221581037e-05,1.8403364284460148e-05,2.2326924182669926e-05,2.578339361680711e-05,3.0641134443162075e-05,3.708698284736385e-05,4.334599506593659e-05,5.091286058391259e-05,6.0908596515066075e-05,7.398712950909867e-05,9.070896812289748e-05,0.00010873866003609955,0.00012910380426966458,0.00015689568688198385,0.00018856442034610564,0.00022901445453479214,0.0002741353933642046,0.0003302796671457302,0.00039847487490032873,0.0004794683613705163,0.0005767165959904301,0.0006980666985564896,0.0008406227081914449,0.0010114843999491992,0.001224057270148636,0.0014708211623181869,0.001768684751257279,0.0021240471763237074,0.002541626051204605,0.0030478586961664813,0.0036559637713425895,0.004375283086014382,0.005234122322304658,0.00630520746546952,0.007617498124281469,0.009286225516227212,0.01135557639920802,0.013789351262258264,0.01665084086325978,0.020085637299863998,0.024199723398368986,0.029166062757620827,0.035160187974018,0.042393924573017425,0.05115831662278274,0.06177280729169318,0.0746886993861357,0.0904678093162968,0.10986037778556988,0.13400040702263039,0.1646187007420993,0.20481977571343515,0.262238178862858,0.39941078406319097,0.540742549591812,0.6409626939984341,0.7132869814554342,0.7668951408532313,0.8082577763906229,0.8421082894124278,0.8724990633668469,0.9052942321941262,0.9347611012106097,0.9550865427547286,0.9690884201781399,0.9787403775277359,0.9853947351150998,0.9899805358732716,0.9931352648676179,0.9953146155548879,0.9968098655484771,0.9978429762369128,0.9985529537423031,0.9990376068078248,0.9993582177023642,0.9995979285285264,0.9997186247044426,0.999800085281377,0.9998629556578411,0.9999060213986286,0.9999362888607005,0.9999674905037006,0.9999991592371646
1/0.6,0.0003,0.00015820312499999697,0.5,6.539266497016296e-07,7.473447425161481e-07,1.1210171137742223e-06,1.1210171137742223e-06,1.3078532994032592e-06,1.5881075778468148e-06,1.7749437634758519e-06,2.335452320362963e-06,2.6157065988065183e-06,3.3630513413226666e-06,3.923559898209778e-06,4.484068455096889e-06,5.605085568871111e-06,7.0997750539034074e-06,8.314210260492148e-06,9.622063559895408e-06,1.1677261601814814e-05,1.4199550107806815e-05,1.7375765263500445e-05,2.1112488976081184e-05,2.522288505992e-05,2.9473408282980592e-05,3.601267477999689e-05,4.414004885486e-05,5.236084102253763e-05,6.32907578818363e-05,7.580878231898178e-05,9.010175051960311e-05,0.00010897220526813585,0.00013382141795679778,0.0001616600096155243,0.00019458988733264207,0.00023373206822192532,0.00028286998504236207,0.0003424707282580249,0.00041332835165783715,0.0004971243809124603,0.0005943726155323741,0.0007118925762930383,0.0008597734172184211,0.0010324567617860587,0.0012378364388387776,0.0014890843994634251,0.0017902176216510256,0.002161087450124664,0.002595248036480139,0.003108767292681547,0.003732052807940015,0.0044814527484980824,0.005415727094736082,0.006573223973754374,0.007977905126359881,0.009585537085604931,0.011446518912562953,0.013707049922488673,0.016647431102872052,0.02010959904067092,0.024241808249181925,0.029220759050963725,0.035221470242904326,0.042475525277090906,0.05125000648088019,0.06188892598106163,0.07482597727352663,0.09063456061197071,0.1100799570127304,0.13430527696853056,0.16504548129912244,0.20550644540466825,0.264618938958236,0.39674846183607004,0.5390596226497584,0.6403099817839389,0.7131008926145478,0.7669227926087044,0.8083981837841231,0.8423437030063203,0.8729447610876649,0.9054261385411803,0.9346198530542742,0.9550116214442913,0.9690529213028704,0.9787192650387598,0.9853826841811266,0.9899734360982178,0.9931310610534413,0.9953110656673608,0.9968079971866207,0.997842322310263,0.9985521129794678,0.9990367660449895,0.9993584045385498,0.9995974614380623,0.9997182510320715,0.9997998050270985,0.9998627688216555,0.9999060213986286,0.9999361954426077,0.9999674905037006,0.9999991592371646
1/0.6,0.001,0.0005273437499999969,0.5,7.473447425161481e-07,9.341809281451852e-07,9.341809281451852e-07,1.0275990209597037e-06,1.3078532994032592e-06,1.4946894850322962e-06,1.7749437634758519e-06,2.148616134733926e-06,2.5222885059919998e-06,2.895960877250074e-06,3.830141805395259e-06,4.577486547911408e-06,5.978757940129185e-06,6.91293886827437e-06,7.2866112395324445e-06,8.501046446121186e-06,1.064966258085511e-05,1.2704860622774518e-05,1.6161330056911703e-05,1.943096330541985e-05,2.3821613667702223e-05,2.8118845937170072e-05,3.353709532041215e-05,4.1290797024017185e-05,5.0072097748581925e-05,6.137568697913867e-05,7.576207327257452e-05,9.197011237589348e-05,0.00011252209279508755,0.00013185963800769289,0.00015857721255264519,0.00019290836166198074,0.00023532017579977214,0.00028291669408876934,0.0003433582001397628,0.0004115066988479541,0.0004965638723555732,0.0005957271778781846,0.0007224488207810789,0.0008632298866525583,0.001044787950037575,0.0012543714412669475,0.0015129994312239419,0.0018256230788277282,0.002196352780162145,0.0026445260804397975,0.003187658872063408,0.0038401375413264125,0.00462737180947436,0.005569213021230336,0.00670639146506147,0.008078609830413933,0.009742993281043801,0.011741393122531982,0.014159193491710943,0.017096445165985033,0.020629470727183716,0.02470086475727247,0.029793365250870316,0.03564199178770888,0.04324379567239751,0.05221197929163769,0.06308108097251411,0.07630483239182687,0.09249815814552755,0.11252545584642888,0.13760662565954926,0.16996469123054936,0.21557233832352546,0.30707218402019065,0.3978399121234685,0.5142194715160995,0.6293723112229367,0.7084898689713159,0.7652471522778904,0.8081810801364222,0.8430432176853154,0.8755124507867649,0.9060798783546963,0.9331312357452748,0.9542856694450297,0.9686936353179058,0.9785417706624123,0.9852887055797552,0.9899205614576847,0.993103502716061,0.9952926623030764,0.9967994027220818,0.9978367172246942,0.9985480025833839,0.9990341503383907,0.9993568164309721,0.9995962470028557,0.9997172234330505,0.9997995247728201,0.9998625819854698,0.9999054608900717,0.9999360086064221,0.9999672102494221,0.9999992526552575
1/0.5,1e-06,2.6666666666666667e-07,0.5,4.160541232789632e-07,4.160541232789632e-07,6.009670669585024e-07,6.934235387982721e-07,9.707929543175808e-07,1.15570589799712e-06,1.3406188416766592e-06,1.5255317853561986e-06,1.7104447290357377e-06,2.2651835600743555e-06,2.7736941551930882e-06,3.051063570712397e-06,3.4208894580714754e-06,4.530367120148711e-06,5.917214197745255e-06,7.488974219021338e-06,8.321082465579264e-06,1.0170211902374656e-05,1.2527851934288781e-05,1.4931720202122791e-05,1.742804494179657e-05,2.172727088234586e-05,2.685860506945307e-05,3.272959103127844e-05,3.994119583478047e-05,4.738394181788192e-05,5.8663631382333816e-05,7.02669185982249e-05,8.529109527218746e-05,0.00010498432377405838,0.00012763615937480194,0.0001523220373560204,0.00018200056481658646,0.00021736516529529835,0.00026331603179966385,0.00031865123019576597,0.0003880860405474329,0.0004650560533540411,0.0005593616546306061,0.000676180406800155,0.0008159745922218867,0.000992797594615446,0.00119592446324742,0.0014437078077780025,0.0017521425978354738,0.0021166984662996853,0.0025676086794622415,0.0031339507977167507,0.0038293159224236577,0.004663689352541659,0.005682698356923679,0.00686216556818362,0.008263435855387169,0.009928854282636937,0.011935483319211378,0.014423394519947738,0.017408998908597578,0.020982025491081396,0.02529470384828337,0.03047878445257517,0.03674312647384284,0.044317576701080046,0.05346993530497068,0.0645809380365509,0.07809058524530621,0.09461796546667565,0.11497272002456013,0.1403787876931745,0.17276670583276907,0.21589372054596842,0.28469774661850855,0.425997493227679,0.554015590287651,0.6465031275019588,0.7152422029030315,0.7685710958602107,0.8128405489676981,0.8549849362981843,0.8985746956529417,0.930131337654225,0.9518804744921608,0.9668741405304163,0.9772103117997434,0.9843289053925746,0.9892389912425692,0.9926211414389399,0.9949522464634359,0.9965612664428635,0.9976737027120396,0.9984458991648453,0.9989922244569465,0.9993567803254108,0.9995343892078149,0.9996567091200589,0.9997579489567234,0.99982461007292,0.9998781423701152,0.9999236309542604,0.9999478545498823,0.9999733725361102
1/0.5,3e-06,8.000000000000001e-07,0.5,8.321082465579264e-07,8.321082465579264e-07,8.321082465579264e-07,1.1094776620772352e-06,1.2019341339170048e-06,1.3868470775965441e-06,1.6642164931158528e-06,1.7566729649556226e-06,2.0340423804749313e-06,2.6812376833533185e-06,3.051063570712397e-06,3.6058024017510145e-06,4.068084760949863e-06,4.807736535668019e-06,5.639844782225946e-06,6.564409500623642e-06,8.136169521899725e-06,9.892842486855347e-06,1.2389167226529127e-05,1.4885491966202906e-05,1.7659186121395993e-05,2.1681042646425973e-05,2.6165181530654797e-05,3.032572276344443e-05,3.7768468746545887e-05,4.4610247662688834e-05,5.385589484666579e-05,6.596769265767561e-05,7.900405518708313e-05,9.444428598432465e-05,0.00011455356860947454,0.00013882339246741406,0.0001685943763998199,0.00020275704274461476,0.0002445473680161906,0.00029544465576398376,0.00035762163307622883,0.0004334821682207598,0.0005304690071806781,0.0006381807968740097,0.000771271888087358,0.0009393115256561393,0.0011355966153719702,0.0013706209667886644,0.0016607031471859417,0.002017215302600093,0.002472840795826478,0.003037426241116031,0.0037277524881076706,0.0046068286223602,0.0056512631564981574,0.0068693309447512025,0.008252433535238236,0.009915586778927931,0.011925544248488603,0.014413917731584161,0.017391154809532502,0.020978327232207803,0.025288046982310904,0.03047753629020533,0.03674261796324772,0.044317854070495565,0.053466283274333004,0.06457460476822989,0.07809104752766541,0.09461972213964062,0.11497979294465588,0.14037929620376963,0.1727654114421633,0.21589889810839144,0.2846840630606763,0.42600045183477786,0.5540108287793513,0.6465194922974744,0.7152434048371654,0.7685712807731543,0.8128403640547543,0.8549921941312237,0.8985745107399981,0.9301317537083482,0.9518807518615764,0.9668741405304163,0.9772106816256307,0.9843290903055183,0.989239083699041,0.9926214188083553,0.9949521540069641,0.9965612664428635,0.9976737027120396,0.9984458991648453,0.9989922244569465,0.9993567803254108,0.9995343892078149,0.9996567091200589,0.9997579489567234,0.99982461007292,0.9998781423701152,0.9999236309542604,0.9999478545498823,0.9999733725361102
1/0.5,1e-05,2.666666666666667e-06,0.5,2.773694155193088e-07,6.471953028783873e-07,7.396517747181568e-07,7.396517747181568e-07,8.321082465579264e-07,1.3868470775965441e-06,1.3868470775965441e-06,1.4793035494363137e-06,1.7566729649556226e-06,1.8491294367953922e-06,2.31141179599424e-06,3.051063570712397e-06,4.068084760949863e-06,5.362475366706637e-06,6.564409500623642e-06,7.581430690861107e-06,8.968277768457652e-06,1.0540037789733735e-05,1.2296710754689357e-05,1.414584019148475e-05,1.7566729649556226e-05,2.0710249692108393e-05,2.5425529755936643e-05,3.088046159448305e-05,3.615048048934992e-05,4.3269628821012176e-05,5.316247130786753e-05,6.434970440047964e-05,7.96974787258814e-05,9.587736129784108e-05,0.00011695743687730855,0.0001420131407458861,0.00016993499524149653,0.00020580810631532715,0.0002509268645731347,0.000306585660620676,0.0003734779179967493,0.00044550150955992984,0.000535739026075545,0.0006479811828890253,0.000782135523528531,0.0009445353163150862,0.00114770841318298,0.0013898519129313365,0.001687469295783555,0.0020560932490087166,0.0025136140999078163,0.0030700171474395497,0.0037709758886927632,0.0046334098580141335,0.005665778822577001,0.006875109474241188,0.00825867434708742,0.009915448094220172,0.01194680923701175,0.014413131851573524,0.017390461385993705,0.0209801763616446,0.025288601721141942,0.030476842866666534,0.036740075410272126,0.04431480300692485,0.053470674956745394,0.06457691618002588,0.07808905971352084,0.09461972213964062,0.11497886837993748,0.14038359542971018,0.17277017295046307,0.21589954530369432,0.28466141122507554,0.4260273104398473,0.5540342664949627,0.6465176431680376,0.7152476578348701,0.7685775678132394,0.8128490549631073,0.8549979264324779,0.8985758051306038,0.9301317537083482,0.9518813066004074,0.9668749726386628,0.9772105891691588,0.9843301997831804,0.9892392686119847,0.992621603721299,0.9949520615504922,0.9965612664428635,0.9976737027120396,0.9984459916213172,0.9989922244569465,0.9993567803254108,0.9995343892078149,0.9996567091200589,0.9997579489567234,0.99982461007292,0.9998781423701152,0.9999236309542604,0.9999478545498823,0.9999733725361102
1/0.5,3e-05,7.999999999997999e-06,0.5,2.773694155193088e-07,4.6228235919884804e-07,6.471953028783873e-07,6.471953028783873e-07,8.321082465579264e-07,1.2019341339170048e-06,1.3868470775965441e-06,1.8491294367953922e-06,2.31141179599424e-06,2.7736941551930882e-06,3.2359765143919363e-06,3.975628289110093e-06,4.62282359198848e-06,4.992649479347559e-06,6.102127141424794e-06,7.488974219021338e-06,9.014506004377537e-06,1.1279689564451892e-05,1.396092724780521e-05,1.691953434667784e-05,2.0525336748428852e-05,2.5240616812257102e-05,2.9678527460566045e-05,3.568819813015107e-05,4.234506410261448e-05,5.0666146568193745e-05,6.0004250224010474e-05,7.156130920398167e-05,8.589206233914597e-05,0.00010595511672837597,0.0001289767782164786,0.0001557429268140919,0.00018754795312697265,0.0002278589748491122,0.0002732551025224391,0.00032530809616822937,0.0003932173747345401,0.000471528006382825,0.000564631673525473,0.0006843165763220548,0.0008339573759947219,0.001008792564243726,0.001213491192896976,0.0014711211516784941,0.0017779379534787695,0.002152895175024955,0.002597610804574247,0.0031470796167179975,0.0038235373929336723,0.004623470787291359,0.0056255602573267015,0.006822547970000279,0.008231399687894688,0.009910455444740824,0.011945930900529271,0.014420944423443985,0.017404560997949268,0.02097689415689429,0.02528975742703994,0.030485071492660273,0.03674585393976211,0.044320211710527475,0.05347404961796755,0.0645811691777305,0.0780982591324689,0.09462697997268003,0.1149846931376634,0.1403927023921864,0.17277636753407632,0.2159246010075629,0.28464305861541533,0.4260544464143323,0.5540541446364082,0.6465363193753493,0.7152594922632656,0.7685931929569804,0.812863663085658,0.8550344467388545,0.8985807053236113,0.930132400903651,0.9518841727510344,0.9668774689634025,0.9772116986468209,0.9843308469784832,0.9892397308943439,0.9926214188083553,0.9949523389199078,0.9965616362687508,0.9976738876249832,0.9984461765342608,0.9989923169134184,0.9993568727818826,0.9995343892078149,0.9996567091200589,0.9997579489567234,0.99982461007292,0.9998781423701152,0.9999236309542604,0.9999478545498823,0.9999733725361102
1/0.5,0.0001,2.6666666666664e-05,0.5,7.396517747181568e-07,7.396517747181568e-07,7.396517747181568e-07,1.0170211902374656e-06,1.2943906057567746e-06,2.0340423804749313e-06,2.0340423804749313e-06,2.4038682678340096e-06,2.588781211513549e-06,3.513345929911245e-06,4.160541232789632e-06,5.2700188948668676e-06,6.102127141424794e-06,7.3040612753417984e-06,8.598451881098573e-06,1.0077755430534888e-05,1.146460250813143e-05,1.3313731944926823e-05,1.5440230797241525e-05,1.9693228501870927e-05,2.4038682678340096e-05,2.8753962742168346e-05,3.291450397495798e-05,4.012610877846001e-05,4.789245241300066e-05,5.8155120787215084e-05,7.012823389046524e-05,8.325705289171253e-05,0.00010202571667518576,0.00012282842283913392,0.00014797658317955125,0.00017719282828091844,0.0002098299628403571,0.00025282222224584996,0.00030376573822956304,0.00036589648730588824,0.0004389371000593062,0.0005297755836418799,0.0006405846651418438,0.0007670651186186486,0.0009265525325422512,0.0011126211821197874,0.0013345167145352346,0.001606015144092718,0.0019238804942778459,0.002302905800584981,0.002745263790102359,0.0032715722560502473,0.0038987969610112445,0.004641361114592354,0.005550439373956889,0.006682984925758147,0.008131731611251417,0.009879205157258982,0.011953373646512373,0.01443055989651532,0.017410524440382935,0.02099672607010392,0.025299049302459835,0.03049773802930232,0.036755885466956725,0.04432714594591546,0.05348727089344064,0.06460081617799646,0.07811933920804837,0.09464870724356238,0.11501460280630356,0.1404278358514855,0.1728369727513673,0.2160204321406248,0.2845237435385061,0.42606156556266395,0.5540880761615734,0.6465852288489525,0.7153130245604608,0.768641270322337,0.8129164557310785,0.8551534382181123,0.8985943888814436,0.9301458995485397,0.9518923089205563,0.9668837560034876,0.9772150270798072,0.9843336206726384,0.9892418573931963,0.9926215112648272,0.9949527087457951,0.996561543812279,0.9976736102555677,0.9984468237295637,0.9989924093698902,0.9993570576948262,0.9995344816642867,0.9996568940330026,0.9997581338696672,0.9998247025293918,0.9998781423701152,0.9999236309542604,0.9999478545498823,0.9999733725361102
1/0.5,0.0003,7.999999999999799e-05,0.5,7.396517747181568e-07,9.245647183976961e-07,9.245647183976961e-07,1.1094776620772352e-06,1.3868470775965441e-06,1.5717600212760833e-06,2.4038682678340096e-06,2.588781211513549e-06,2.588781211513549e-06,2.7736941551930882e-06,3.2359765143919363e-06,3.883171817270323e-06,4.3454541764691715e-06,5.362475366706637e-06,6.009670669585024e-06,7.488974219021338e-06,9.338103655816731e-06,1.192688486733028e-05,1.4423209607004058e-05,1.7936555536915304e-05,2.1357444994986778e-05,2.588781211513549e-05,3.04181792352842e-05,3.633539343302945e-05,4.391682412389056e-05,5.186808070211075e-05,6.166846671712632e-05,7.572185043677131e-05,9.069979887481398e-05,0.0001098382885456463,0.0001307334511814342,0.00015745337154312764,0.00019092261434912423,0.00022859862662383035,0.0002727928201632402,0.00033173382096109334,0.000399689327763324,0.000481975587700719,0.0005857117491049404,0.00071431870143406,0.0008644217834659259,0.0010417995246905238,0.0012438169156604206,0.0014991816908818641,0.0018134874669011609,0.0021848388860455955,0.0026609434877844893,0.003209996245804961,0.0039031424151877137,0.004745004819524736,0.0057527341343423044,0.006907099413497748,0.00827083237313435,0.009882071307886015,0.011861703054683242,0.014361957194410212,0.01739947589199808,0.02101706649390867,0.02532137754040914,0.03052635330733673,0.03680350054995421,0.0443762865606983,0.05355430183552447,0.06468587613208905,0.07822150360943132,0.09477407821937711,0.11517519969788924,0.14065014743802423,0.17316584042170136,0.21662315588054828,0.2866690110546043,0.42494506120872694,0.5536727616900692,0.6464832493605133,0.7153327177889627,0.7687199507798727,0.8130442305751611,0.8554599314222612,0.8986203691500305,0.9301672569935346,0.9519074717819381,0.9668946658671648,0.9772227934234418,0.9843395378868361,0.9892457405650135,0.9926252095237008,0.9949552050705348,0.9965627457464129,0.9976748121897017,0.9984475633813384,0.9989925942828338,0.9993573350642417,0.9995345741207586,0.9996570789459462,0.999758226326139,0.9998247025293918,0.999878234826587,0.9999236309542604,0.9999479470063543,0.9999733725361102
1/0.5,0.001,0.000266666666666664,0.5,5.549774540409296e-07,6.474736963810845e-07,6.474736963810845e-07,7.399699387212395e-07,8.324661810613943e-07,8.324661810613943e-07,1.1099549080818592e-06,1.479939877442479e-06,1.9424210891432536e-06,2.0349173314834086e-06,2.2199098161637185e-06,3.2373684819054228e-06,4.162330905306972e-06,5.087293328708521e-06,5.919759509769916e-06,7.1222106601919295e-06,8.509654295294254e-06,1.0082090415076887e-05,1.3041970169961846e-05,1.729679731760897e-05,2.0719158284194704e-05,2.5991444097583535e-05,3.1356226153312524e-05,3.722973754191236e-05,4.4814429413805066e-05,5.52202566770725e-05,6.738351254480287e-05,8.051797895710486e-05,9.60573476702509e-05,0.00011437160365360157,0.000138513122904382,0.00016783443172621113,0.00020432419932940224,0.00024664123020002313,0.00029769915597178866,0.0003561105330095965,0.00042992253439704014,0.0005136778818360504,0.0006204185454965892,0.0007481558561683432,0.0008959186033067407,0.001079431148109608,0.0013047057463290554,0.0015716961498439127,0.001893213088218291,0.0022840559602266158,0.0027447334952017573,0.0033069719042663893,0.003981362007168459,0.00479440397733842,0.005774216672447682,0.006958029830038155,0.008381362007168458,0.010109006821597873,0.012162099664701121,0.014646733726442363,0.017592646548733958,0.0211398774424789,0.025676633136778818,0.03066310556133657,0.03714112614175049,0.044833946120938835,0.05412482367903804,0.06538744363510232,0.07909325933633946,0.09589325933633946,0.11665219100474043,0.1427109723667476,0.1763938489998844,0.2253203838594057,0.30505297722280034,0.41276734882645394,0.5460832928662273,0.6431720661348133,0.7140046710602381,0.7683191120360735,0.8131576829691294,0.8562973754191237,0.8984920337611284,0.9301397155740548,0.9519228581338883,0.9669165915134698,0.9772423632789918,0.9843523644351948,0.9892573014221298,0.992633876748757,0.9949616371834894,0.9965695918603307,0.9976771418661117,0.9984479130535322,0.998991420973523,0.9993581685744016,0.9995349288935137,0.99965572898601,0.99975691987513,0.9998219447334952,0.9998747600878715,0.9999217481789803,0.999946444675685,0.9999700312174817
1/0.4,1e-06,1.360544217687075e-07,0.5,8.179780301098622e-07,8.179780301098622e-07,9.088644778998468e-07,9.543077017948392e-07,1.045194149584824e-06,1.1360805973748085e-06,1.6359560602197243e-06,2.0449450752746553e-06,2.5902637620145635e-06,2.635706985909556e-06,3.0901392248594795e-06,3.726344359389372e-06,4.498879165604242e-06,5.089641076239143e-06,5.907619106349004e-06,7.225472599303782e-06,8.316109972783599e-06,9.4976337940534e-06,1.1860681436593002e-05,1.4223729079132603e-05,1.708665218451712e-05,2.131287200675141e-05,2.6402513082990552e-05,3.353709923450435e-05,4.21258685506579e-05,5.16235023447113e-05,6.016682843696986e-05,7.252738533640778e-05,8.893238916250002e-05,0.0001074277812877619,0.00013014939323525808,0.00015768798691562344,0.00018849849271642823,0.00022698890335548676,0.0002752041639080736,0.0003359617542556784,0.00040626242162123153,0.0004911958070809722,0.0005970330755324094,0.0007309088131270568,0.0008869154007585656,0.0010751412341316238,0.001300221522083521,0.0015650646309435363,0.001892846604898116,0.0022824313633498855,0.002749224159199247,0.0033036769339420484,0.003974418918632135,0.0048006221722669915,0.005799146130911658,0.00700689069236887,0.008462028164710419,0.01021490964001196,0.012295345873148603,0.014775546146889496,0.01779956548098176,0.021472423165846726,0.025882233612616785,0.031198636376091937,0.03761131147280989,0.04536524332278854,0.05474377042701316,0.06612484407861842,0.07998584534462119,0.0969182632272387,0.11782687231422026,0.14395949809049846,0.17746374187412672,0.22283730130688803,0.2932698903514084,0.39399234218056856,0.5267391337639927,0.6246714170892242,0.6988526631160664,0.7583743795466229,0.8115622194306955,0.8669121115780201,0.9082689444507029,0.9367750243677927,0.9564256741309131,0.9699729353791449,0.9793115178895658,0.9857515498070685,0.9901937158292519,0.9932612243286116,0.9953844226354334,0.9968595096830649,0.9979062489022621,0.9986317045285218,0.9990296962833941,0.9993093538832439,0.9995025784712455,0.9996277291098522,0.9997227054477927,0.9998020493167135,0.9998573991634175,0.9999031150466559,0.9999441048346092,0.9999647360582575
1/0.4,3e-06,4.0816326530612243e-07,0.5,3.6354579115993875e-07,4.544322389499234e-07,4.544322389499234e-07,7.270915823198775e-07,9.088644778998468e-07,9.997509256898316e-07,1.2724102690597857e-06,1.726842508009709e-06,2.090388299169648e-06,2.5448205381195713e-06,2.90836632927951e-06,4.089890150549311e-06,4.726095285079204e-06,5.544073315189066e-06,6.998256479828821e-06,8.634212540048545e-06,1.027016860026827e-05,1.1997011108277979e-05,1.5632469019877365e-05,1.8086403110206954e-05,2.208540681296628e-05,2.5902637620145634e-05,3.135582448754472e-05,3.780876228063363e-05,4.480701876046245e-05,5.175983201639628e-05,6.239354640782449e-05,7.589018390463721e-05,9.120455035724963e-05,0.00011065425018430635,0.00013310320278843256,0.00016245952542459763,0.00019299737188203247,0.00023121512317772104,0.00027915772438693795,0.00033505288977777855,0.00040739850221860633,0.0004918320122155021,0.0005976692806669393,0.0007287275383800972,0.0008870971736541455,0.0010780496004609034,0.0012977221447692964,0.0015685637591834507,0.0018903926708077866,0.002278477802871021,0.0027526324009913713,0.003297860201283489,0.0039621038049565925,0.004769584450346712,0.005755975068211415,0.006963946845788101,0.008444532523510847,0.01023258705410711,0.01231025125058616,0.014776636784262975,0.017781706293991027,0.0214527008066763,0.025878143722466235,0.031198909035435308,0.037617037319020656,0.04536519787956464,0.05474381587023706,0.06612693446691759,0.07998157368157506,0.09692367097088221,0.11782355495887593,0.14396940471330757,0.17747001303902424,0.22285320643525128,0.2932695722488411,0.39398139036360985,0.5267464501230398,0.6246774610380023,0.6988548443908134,0.7583736524550406,0.8115610379068742,0.866909521314258,0.9082685809049118,0.9367757514593751,0.9564259467902565,0.9699735715842794,0.9793116087760135,0.9857516406935163,0.9901938976021474,0.9932612243286116,0.9953845135218812,0.9968592370237215,0.9979062489022621,0.9986317954149696,0.9990296962833941,0.9993093538832439,0.9995025784712455,0.9996277291098522,0.9997227054477927,0.9998021402031612,0.9998573991634175,0.9999031150466559,0.9999441048346092,0.9999647360582575
1/0.4,1e-05,1.3605442176870754e-06,0.5,5.453186867399081e-07,8.179780301098622e-07,8.179780301098622e-07,9.997509256898316e-07,9.997509256898316e-07,1.0906373734798161e-06,1.2724102690597857e-06,1.8177289557996936e-06,2.090388299169648e-06,2.4539340903295866e-06,3.0901392248594795e-06,3.999003702759326e-06,5.453186867399081e-06,6.271164897508943e-06,7.089142927618806e-06,8.54332609225856e-06,1.0179282152478285e-05,1.1724351764908024e-05,1.3269421377337765e-05,1.590512836324732e-05,1.9540586274846707e-05,2.2630725499706188e-05,2.808391236710527e-05,3.4991282399144106e-05,4.2443971117922846e-05,5.089641076239142e-05,6.107569291486971e-05,7.470866008336742e-05,8.925049172976497e-05,0.00010933639669135157,0.00013178534929547778,0.0001590512836324732,0.00019249749641918757,0.0002332146250291007,0.0002794758269542029,0.00034036974697349264,0.0004101705388762009,0.0004976487448740611,0.0006021681598325435,0.0007267280365287176,0.0008792354959203119,0.0010601449702462764,0.001288269954199138,0.0015544309165521082,0.0018733514618471643,0.002267344213016748,0.0027346823275528494,0.0032801373439644422,0.003951560977012954,0.004766812413689116,0.005759428753227435,0.006972717387999835,0.008460755754441359,0.01023940353769136,0.012309206056436576,0.014779999582831205,0.01777879792766175,0.021453473341482517,0.025875326242584745,0.03119963612701763,0.03761621934099055,0.04536615218726644,0.05474536093984948,0.06612811599073885,0.07998175545447064,0.09692498882437517,0.117825690790399,0.14397240396608463,0.17747796560320586,0.2228475714754883,0.29326525514257107,0.3939454447735089,0.5267483587384434,0.6246729621588367,0.6988543899585744,0.7583772879129522,0.8115644915918903,0.8669135203179608,0.9082707621796587,0.9367781145070176,0.9564285824972424,0.9699742077894139,0.9793121540947003,0.9857524586715464,0.9901941702614908,0.9932616787608506,0.995384604408329,0.9968595096830649,0.9979064306751577,0.9986319771878651,0.9990297871698419,0.9993094447696917,0.9995025784712455,0.9996277291098522,0.9997227054477927,0.9998021402031612,0.9998573991634175,0.9999031150466559,0.9999441048346092,0.9999647360582575
1/0.4,3e-05,4.081632653061e-06,0.5,7.270915823198775e-07,9.088644778998468e-07,9.997509256898316e-07,1.181523821269801e-06,1.2724102690597857e-06,1.726842508009709e-06,1.9540586274846706e-06,2.5448205381195713e-06,3.0901392248594795e-06,3.453685016019418e-06,3.999003702759326e-06,4.862424956764181e-06,5.6349597629790504e-06,6.543824240878897e-06,7.725348062148698e-06,9.361304122368423e-06,1.0997260182588148e-05,1.3632967168497702e-05,1.6359560602197243e-05,1.9631472722636693e-05,2.3630476425396017e-05,2.7720366575945328e-05,3.417330436903424e-05,4.0989787953283096e-05,4.7897157985321927e-05,5.616782473421054e-05,6.898281387259838e-05,8.207046235435617e-05,9.85663526282384e-05,0.00011937934917214489,0.00014323704171701585,0.00017245703468149595,0.00020881161379748982,0.0002509829255720427,0.0002997889480352645,0.000356320318560635,0.00043143796765905733,0.0005121905765204587,0.0006153466947620913,0.0007318631208288517,0.0008765997889344023,0.0010528286111991826,0.0012621401004595174,0.0015264833338566879,0.0018615362236344664,0.002239760176112488,0.0027050987887972094,0.0032656409555419396,0.003948607167459779,0.004773946999840631,0.005774561346784467,0.006991985314931312,0.008472707322325742,0.01021718180120671,0.012291437755893635,0.014771819802530107,0.01779683888754806,0.021469378469845764,0.025893321759247162,0.031204680324869973,0.037612901985646215,0.04536574319825138,0.0547497689325673,0.06612984283324687,0.07998507280981497,0.09693248695631784,0.11783750602861169,0.14398090184895299,0.1774957339037488,0.2228840169410521,0.2932486229226255,0.3938451515783727,0.5267743522625113,0.6246854136021839,0.6988722945887891,0.758388648718926,0.8115685814820408,0.866925153783278,0.9082782148683776,0.9367830223751983,0.9564318544093628,0.9699780250202211,0.9793149715745818,0.9857530039902331,0.9901946246937298,0.993262314965985,0.9953847861812246,0.9968597823424082,0.9979066124480532,0.9986321589607607,0.9990299689427375,0.9993093538832439,0.9995025784712455,0.9996277291098522,0.9997227054477927,0.999802231089609,0.9998573991634175,0.9999031150466559,0.9999441048346092,0.9999647360582575
1/0.4,0.0001,1.3605442176869998e-05,0.5,3.6354579115993875e-07,3.6354579115993875e-07,7.270915823198775e-07,8.179780301098622e-07,8.179780301098622e-07,1.181523821269801e-06,1.181523821269801e-06,1.454183164639755e-06,1.726842508009709e-06,2.272161194749617e-06,2.8174798814895252e-06,3.6354579115993873e-06,4.089890150549311e-06,5.3623004196090966e-06,6.6347106886688824e-06,8.634212540048545e-06,1.1088146630378132e-05,1.299676203396781e-05,1.4996263885347472e-05,1.763197087125703e-05,2.1540088126226372e-05,2.5357318933405728e-05,3.044696000964487e-05,3.608191977262392e-05,4.398904073035259e-05,5.307768550935106e-05,6.380228634856926e-05,7.389068205325755e-05,8.825074080407512e-05,0.00010670068970544201,0.00012978584744409812,0.00015523405282529383,0.00018568101283493872,0.0002231716725483074,0.00027397719686290885,0.0003343257981954587,0.00040367215785921696,0.00048769667884105783,0.0005869446798277211,0.0007080054282839807,0.0008501972758514117,0.0010226543105329078,0.0012340107448685171,0.0014908558463230138,0.0018067771388410006,0.0021857281829013417,0.0026375701580892506,0.0031862970866212833,0.0038679908882700634,0.004703419116355603,0.005722028979961856,0.006962447219399567,0.008434762230373424,0.010159059917845013,0.01222449988709631,0.014739146124549607,0.01778025211082639,0.021470923539458193,0.025888595663962084,0.03121322365096223,0.03762903433012894,0.045378739960285346,0.05476399266164643,0.06615529103862806,0.08000720365985184,0.09695479957925028,0.11787436048319053,0.14403220724873045,0.1775683067323091,0.22304029618802698,0.2932114049222555,0.3937123210349276,0.5267975283066978,0.6247268578223761,0.6989052863693368,0.7584135516056204,0.8115877585225244,0.8669555098568398,0.9082997549565038,0.9368004725731739,0.9564405795083507,0.9699848415038054,0.9793194250105235,0.9857552761514279,0.9901973512871635,0.9932636782627019,0.9953859677050458,0.9968606003204383,0.9979074304260834,0.9986327042794475,0.9990300598291852,0.9993096265425873,0.999502760244141,0.9996277291098522,0.9997227963342405,0.9998023219760568,0.9998573991634175,0.9999031150466559,0.9999441048346092,0.9999647360582575
1/0.4,0.0003,4.0816326530609995e-05,0.5,3.6354579115993875e-07,4.544322389499234e-07,5.453186867399081e-07,5.453186867399081e-07,8.179780301098622e-07,1.0906373734798161e-06,1.2724102690597857e-06,1.5450696124297398e-06,1.8177289557996936e-06,2.272161194749617e-06,2.4539340903295866e-06,3.2719121204394486e-06,3.999003702759326e-06,5.089641076239143e-06,6.543824240878897e-06,8.179780301098621e-06,9.997509256898315e-06,1.1906124660487995e-05,1.472360454197752e-05,1.8086403110206954e-05,2.208540681296628e-05,2.653884275467553e-05,3.181025672649464e-05,3.8717626758533476e-05,4.762449864195198e-05,5.780378079443026e-05,7.007345124607819e-05,8.325198617562598e-05,9.952066033003323e-05,0.00011906124660487994,0.00014205551789574607,0.00017186627277086103,0.00020976592149928464,0.00025548180473764697,0.00030887759281426295,0.0003674539084149081,0.00044607068575324484,0.0005361845987370147,0.000647202394712481,0.0007795785059185936,0.0009323586246535579,0.0011227657327735757,0.0013482550097405279,0.0016182332029006773,0.001946151506526942,0.002339326279666416,0.002813753537130136,0.0033718872130084317,0.004043310846056944,0.004829933051679261,0.005766336123259473,0.0069122324569956,0.008329879269623782,0.010055403924140536,0.012186782011263466,0.014770820051604416,0.017845281364220124,0.02150832331272377,0.02592481391340639,0.031243852383867454,0.0376665704330662,0.04543986109642412,0.054834747761250933,0.06623536199913103,0.08011249560961653,0.09709058393224852,0.11805031664611194,0.14425787829859296,0.1779248542669892,0.22383991515568327,0.29320186184523755,0.3948249529287726,0.5265112359961593,0.6246428787446182,0.6989079220763227,0.7584468160455116,0.8116159333213393,0.8670450330079129,0.9083639207886435,0.9368478244124725,0.9564796606809004,0.9700078357750962,0.9793363298898125,0.9857659098658194,0.990206621704838,0.9932691314495693,0.9953898758223008,0.996863781346111,0.9979081575176657,0.9986339766897165,0.9990313322394544,0.9993103536341696,0.9995030329034844,0.9996281835420912,0.9997228872206884,0.999802231089609,0.999857580936313,0.9999032059331037,0.9999441048346092,0.9999647360582575
1/0.3,1e-06,6.520951575896634e-08,0.5,6.60918263973927e-07,7.049794815721889e-07,8.371631343669743e-07,1.0134080047600214e-06,1.1015304399565451e-06,1.1455916575548068e-06,1.365897745546116e-06,1.762448703930472e-06,2.2911833151096136e-06,2.511489403100923e-06,3.4808361902626823e-06,4.141754454236609e-06,4.89079515340706e-06,5.551713417380987e-06,6.344815334149699e-06,8.547876214062789e-06,1.0574692223582832e-05,1.2909936756290707e-05,1.5862038335374248e-05,1.9783486701619548e-05,2.3352445327078754e-05,2.7009526387734486e-05,3.366277024507202e-05,4.128536088957131e-05,5.084664510839412e-05,6.1024786373592596e-05,7.261288660193545e-05,8.926802685407841e-05,0.00010869902381491187,0.00013275644862356282,0.00015870850578893902,0.0001935609289091641,0.00023330414718279624,0.00028379830255040425,0.00034129819151613593,0.0004174359755259323,0.0005071886757735916,0.0006183991889916044,0.0007522571680551237,0.00091991010101651,0.0011207411308293872,0.0013595529302119662,0.0016229949502319734,0.0019453027569632587,0.002338857552550933,0.0028110175603339063,0.003376411104554802,0.004063369548129301,0.004892601663328589,0.005880718529187208,0.007076231546280846,0.008502581282371777,0.01019373893622826,0.012218968741914766,0.014659431462247291,0.017623958304693543,0.021193754093287116,0.025485228564922618,0.03072754411232861,0.03708214103678512,0.04475500553056403,0.05401469071492674,0.06523170736865704,0.07887649711205155,0.09556349362451806,0.11613492708044733,0.14179754610742054,0.17458772799917657,0.21874138603195953,0.2788466147942764,0.35435947855487665,0.4655916258307302,0.5785514575098292,0.6643219930333928,0.7336680047177226,0.798446498402164,0.8597349911630822,0.9032131907300838,0.9331825734711992,0.9538452577087744,0.9680950520310106,0.9779266077585812,0.9847157804722093,0.9894125300233136,0.9926792286960489,0.9949817357440812,0.9966743474181184,0.9975967249473204,0.9982347313781432,0.9986971097956194,0.9990410516601914,0.9992987216607061,0.9994909607530873,0.9996287842417346,0.9997198147172927,0.9997941019301633,0.9998515136966939,0.9998958833428153,0.999934304724561,0.9999659847400142
1/0.3,3e-06,1.956285472768989e-07,0.5,8.81224351965236e-07,1.0134080047600214e-06,1.2777753103495922e-06,1.321836527947854e-06,1.365897745546116e-06,1.7183874863322102e-06,2.026816009520043e-06,2.423366967904399e-06,2.863979143887017e-06,4.009570801441824e-06,5.155162458996631e-06,5.6838970701757725e-06,6.432937769346223e-06,7.446345774106245e-06,8.856304737250623e-06,1.0090018830001953e-05,1.2028712404325472e-05,1.4143650849042038e-05,1.784479312729603e-05,2.097313957677262e-05,2.4630220637428347e-05,2.9741321878826715e-05,3.723172887053122e-05,4.445776855664616e-05,5.397499155787071e-05,6.578339787420487e-05,7.94864365472643e-05,9.548065853543332e-05,0.00011367794140351545,0.00013654571333701333,0.00016245370928479126,0.00019514713274270152,0.00023422943275235974,0.00028291707819843903,0.0003430165790024681,0.0004134264047244905,0.0005082020837783517,0.0006140811896669748,0.000749437250128835,0.0009171783055254177,0.0011215782939637542,0.0013563805225448914,0.0016192497467361212,0.0019441131040881055,0.0023355970224486614,0.002811105682769103,0.0033789225939579027,0.004060990242378996,0.00488242352206339,0.005868910122870874,0.007063497854394948,0.008494958691727277,0.010183516733745464,0.012225313557248917,0.014678069357291356,0.01764180309782084,0.02119036137953205,0.025480161524898817,0.030716793175234635,0.03708130387365076,0.04476381777408368,0.05401526351075552,0.06522879932829555,0.07887830362197308,0.09556450703252282,0.11612699606127963,0.1417935365366191,0.17459438124303392,0.21874469062327942,0.27885520673170805,0.35437005324710025,0.4656097349911631,0.5785539249380147,0.6643228742577447,0.7336603821270782,0.7984466746470344,0.8597368857954389,0.9032164071989685,0.9331843799811207,0.9538460067494735,0.9680944792351819,0.9779259909015348,0.9847155601661214,0.989412265656008,0.9926792727572664,0.9949818238665163,0.9966746117854239,0.9975967249473204,0.9982347313781432,0.9986971097956194,0.9990410516601914,0.9992987657219237,0.9994909607530873,0.9996287842417346,0.9997198147172927,0.9997941019301633,0.9998515136966939,0.9998958833428153,0.999934304724561,0.9999659847400142
1/0.3,1e-05,6.520951575896631e-07,0.5,2.643673055895708e-07,2.643673055895708e-07,3.5248974078609444e-07,5.287346111791416e-07,9.693467871617598e-07,9.693467871617598e-07,1.365897745546116e-06,1.9386935743235195e-06,2.3352445327078755e-06,2.863979143887017e-06,3.392713755066159e-06,4.185815671834871e-06,5.287346111791416e-06,6.829488727730579e-06,7.842896732490601e-06,9.869712742010644e-06,1.1367794140351545e-05,1.3791161108255945e-05,1.6919507557732532e-05,2.0929078359174356e-05,2.714171004052927e-05,3.260530102271373e-05,4.1020993583981736e-05,4.917231883966017e-05,5.7764256271321226e-05,6.96607850228519e-05,8.309945639032176e-05,9.940210690167863e-05,0.00011909747116810165,0.00014161275336081343,0.00017108970793405058,0.0002051930903551052,0.00024586159419830086,0.0002953864027787471,0.00035420812827242665,0.00042642446391597774,0.0005160009192932439,0.0006312650645302969,0.0007662245740337728,0.0009359924454398755,0.0011258081708531873,0.0013465989322380772,0.0016144470740179107,0.0019426590839073628,0.002330926533383246,0.0028120309683386667,0.003380112246833056,0.00406874501667629,0.004898990539880336,0.005888869854442887,0.007079007402989536,0.008504387792293306,0.01019501671153861,0.012223595169762584,0.014665600032711048,0.017618891264669742,0.021191462909972005,0.025486109789274583,0.030726839132847038,0.03708707589315613,0.04475676797926796,0.054015175388320326,0.06523373418466656,0.07887751052005632,0.0955727905414313,0.11613215122373863,0.14180314188205553,0.17460314942533597,0.21877350665958867,0.2788397853055487,0.3543642812275949,0.4656095146850751,0.5785604019370016,0.6643233148699207,0.7336621445757822,0.7984454409329417,0.8597440677739074,0.9032177290354965,0.9331846443484262,0.9538475488920894,0.9680954926431866,0.9779266077585812,0.9847167938802142,0.9894124859620961,0.9926794930633543,0.9949820001113867,0.9966748761527295,0.997596989314626,0.9982348195005785,0.9986971979180546,0.999041095721409,0.9992987657219237,0.9994910488755224,0.9996288723641699,0.9997198147172927,0.9997941019301633,0.9998515577579115,0.9998958833428153,0.999934304724561,0.9999659847400142
1/0.3,3e-05,1.956285472768989e-06,0.5,6.168570463756653e-07,6.168570463756653e-07,9.693467871617598e-07,1.4980813983409013e-06,1.4980813983409013e-06,1.762448703930472e-06,1.8505711391269958e-06,2.2030608799130903e-06,2.643673055895708e-06,3.524897407860944e-06,4.053632019040086e-06,5.1992236765948925e-06,6.785427510132318e-06,8.944427172447145e-06,1.075093709397588e-05,1.2160896057120258e-05,1.4319895719435085e-05,1.7183874863322105e-05,1.9871609136816074e-05,2.440991454943704e-05,2.9521015790835406e-05,3.617425964817294e-05,4.4898380732628777e-05,5.4679971039442894e-05,6.600370396219618e-05,8.054390576962257e-05,9.741935210975685e-05,0.00011566069619543724,0.00013985030465688296,0.0001670360759150105,0.0002012716419888599,0.00024158765609126945,0.00028701477143507737,0.00034090164055775154,0.00040364481441767635,0.0004754645991028431,0.000564468258651332,0.000671669201067903,0.0007903701212776202,0.00094449626043634,0.0011224595183157195,0.0013410472188206963,0.0016155926656754656,0.001946404287403215,0.0023357732673190547,0.0028052896020461324,0.003385663960250437,0.004063369548129301,0.00488700588869361,0.005881467569886378,0.007072882893743378,0.00848451618315649,0.01017677536745293,0.012220290578442714,0.014664542563488689,0.01761836253005856,0.021173750300497503,0.025482937381607507,0.03072987935686132,0.03709223105561513,0.04476646144713958,0.054016144735107484,0.0652378759391208,0.07889099325264139,0.09558036907085819,0.11615224313896344,0.14182327785849794,0.17462927772737175,0.21880699318496336,0.2788292987357603,0.35435176784179695,0.46562026562216907,0.5785604019370016,0.6643250773186247,0.7336638189020509,0.798426538670592,0.8597594892000668,0.9032288324623312,0.9331926194288115,0.9538509416058446,0.9680984888059833,0.9779288108194611,0.9847184682064829,0.989413587492536,0.9926802861652712,0.9949819560501691,0.9966750083363823,0.9975973418043668,0.9982349957454488,0.9986976385302305,0.9990412719662795,0.9992988538443589,0.9994912251203929,0.9996288723641699,0.9997198147172927,0.9997941019301633,0.9998515577579115,0.9998958833428153,0.999934304724561,0.9999660728624493
1/0.3,0.0001,6.520951575894e-06,0.5,7.049794815721889e-07,7.931019167687124e-07,8.81224351965236e-07,8.81224351965236e-07,1.1455916575548068e-06,1.4099589631443778e-06,1.8946323567252574e-06,2.1589996623148284e-06,2.731795491092232e-06,3.2164688846731115e-06,3.7011422782539916e-06,4.362060542227918e-06,4.9789175886035836e-06,6.300754116551438e-06,8.371631343669742e-06,1.048656978838631e-05,1.1940589969128949e-05,1.4452079372229871e-05,1.8197282868082126e-05,2.172218027594307e-05,2.617236325336751e-05,3.159189301795371e-05,3.903823879205996e-05,4.6748951871755774e-05,5.741176653053513e-05,6.891174432368146e-05,8.12048240335965e-05,9.715498480416728e-05,0.00011724690002897466,0.0001408196514440447,0.0001696797489709062,0.0002062505595774635,0.00024634626759188175,0.00029873505531621505,0.0003585261275970563,0.0004336064423844944,0.0005225219794977867,0.0006291501260855803,0.0007567514122501464,0.0009128162449831898,0.0010951415634047972,0.0013213077933366749,0.0015912268123436267,0.0019165307818715936,0.0023116717812928056,0.002815599926964126,0.003384165878852096,0.004056848487924759,0.004888680214962343,0.005866134266162184,0.007048076428235556,0.008456052636588012,0.010152762003861877,0.01219050519534629,0.014651015769686023,0.01760073804301926,0.02116167752687558,0.025481483361426766,0.030747944456076606,0.03711615629677098,0.044778005486150324,0.05404311020027762,0.06526964407700914,0.07892725563472475,0.09562390155384527,0.11621229857854987,0.14189545013292387,0.17474987327993818,0.21896905034328976,0.2788065631474796,0.3543252870500204,0.46561242272543657,0.5785677601603405,0.6643251654410598,0.7336514817611234,0.7983782916373219,0.8598006864385213,0.9032620105591826,0.9332171174657962,0.9538683457867959,0.9681079179065494,0.9779374908793279,0.9847234030628539,0.9894164074104623,0.9926820926751927,0.9949842912947019,0.9966762861116927,0.9975988398857651,0.99823552448006,0.9986979028975361,0.9990414482111498,0.9992992944565349,0.9994914013652633,0.9996290045478227,0.9997198147172927,0.9997942781750337,0.9998515577579115,0.9998958833428153,0.999934304724561,0.9999661169236669
1/0.3,0.0003,1.9562854727688e-05,0.5,6.168570463756653e-07,7.049794815721889e-07,7.049794815721889e-07,1.0574692223582833e-06,1.321836527947854e-06,1.762448703930472e-06,2.1149384447165666e-06,2.2911833151096136e-06,2.643673055895708e-06,3.348652537467897e-06,3.965509583843562e-06,4.670489065415751e-06,5.287346111791416e-06,6.521060204542747e-06,8.547876214062789e-06,9.78159030681412e-06,1.1632161445941115e-05,1.3923344761050729e-05,1.6038283205767297e-05,1.9210690872842144e-05,2.396930237345442e-05,2.8992281179656266e-05,3.62183208657712e-05,4.4237462468654846e-05,5.22566040715385e-05,6.424125525826571e-05,7.772398784333381e-05,9.252855695634978e-05,0.00011138675808840583,0.00013086181626683756,0.0001580035263073668,0.0001918425414228319,0.00022999955586292662,0.00028119869071210684,0.00033724455949709584,0.0004093287114878521,0.0004933975146653357,0.0005996731715123432,0.000726040743584158,0.000873645822538335,0.0010519175089409023,0.0012705052094458792,0.0015335066172899037,0.0018501305269510132,0.0022313922428287723,0.0026959296599672468,0.003258415163826657,0.003938588179891025,0.004757509970172318,0.005749283917091593,0.006943739464962872,0.008358545162043058,0.01010680615390689,0.012146047426789644,0.01461761736674654,0.017606994735918213,0.021231470495551227,0.02558802338557936,0.030852369541784486,0.03719890326342052,0.04486352830950855,0.054127311187107896,0.06538512852833418,0.07906900057173837,0.0958086502392348,0.11642899164669812,0.14220537673751005,0.17521137047306237,0.21954475421242864,0.2787571264613343,0.3544150838114857,0.46504755791582686,0.5783251590962445,0.6642123687240082,0.7335649895909779,0.7982044701338967,0.8599022034838676,0.903335019996743,0.933271312763442,0.9539074280868055,0.9681380998406042,0.9779554678561081,0.9847365773669158,0.9894265414905099,0.9926882171844389,0.994988873661332,0.996681088784411,0.9976014835588211,0.9982370225614583,0.9986994009789345,0.9990418888233258,0.9992995588238405,0.9994921063447448,0.9996293570375634,0.999719990962163,0.9997947187872097,0.9998516458803467,0.9998959714652506,0.999934304724561,0.9999662491073197
1/0.3,0.001,6.5209515758964e-05,0.5,1.0574692223582833e-06,1.1455916575548068e-06,1.4099589631443778e-06,1.9386935743235195e-06,2.1149384447165666e-06,2.2911833151096136e-06,2.5555506206991844e-06,2.8199179262887556e-06,3.1724076670748496e-06,3.524897407860944e-06,4.229876889433133e-06,4.846733935808798e-06,5.463590982184464e-06,6.785427510132318e-06,7.842896732490601e-06,9.076610825241931e-06,1.1191549269958498e-05,1.3306487714675064e-05,1.6919507557732532e-05,1.982754791921781e-05,2.396930237345442e-05,3.0137872837211073e-05,3.5337096513805964e-05,4.485431951503052e-05,5.472403225704116e-05,6.653243857337532e-05,8.0279538464033e-05,9.799214793853425e-05,0.00011729096124657292,0.00014117214118483082,0.000169811932623701,0.00020470841696152434,0.00024436351279995993,0.0002933595867692271,0.00035293035296207704,0.00042748193313833603,0.0005172786946035935,0.0006253168001545315,0.0007511115763975689,0.0009058105113850662,0.0010908676252977657,0.0013104687338075026,0.0015840007726575119,0.0019081150893103256,0.002294708212517475,0.002762946771934203,0.0033360069680171958,0.004015210637294401,0.004836952345501984,0.005832074944958727,0.00701577955573603,0.008458079452597533,0.010183032060351883,0.012251485920502283,0.014772448485386834,0.017884492284352065,0.021628285821241173,0.025914032334588902,0.031162868942199436,0.037592149630485,0.04533987413296336,0.05471508782986871,0.06610147580404672,0.07995996245279281,0.09693780706262545,0.11794641591956466,0.14435261205472616,0.17870987521158196,0.22267953359967457,0.27927453733959073,0.35678742788941126,0.46111359616378367,0.5744864576966487,0.6623811845206246,0.7326094780261421,0.7972169701250845,0.8599865807155683,0.9034809066882108,0.9334133661289788,0.9540214585179498,0.9682241513985735,0.978017770417792,0.9847808148293844,0.9894599398934494,0.9927140370579515,0.9950032816794867,0.9966928531295096,0.9976097230065119,0.998244292662362,0.9987040274067823,0.9990448849861224,0.9993024228029843,0.9994936925485783,0.9996312076087025,0.9997211806150382,0.999795335644256,0.9998527914720042,0.9998966764447321,0.9999352740713482,0.9999664253521902
1/0.2,1e-06,2.6041666666666637e-08,0.5,9.910704142728015e-07,1.1562488166516018e-06,1.1975434172463017e-06,1.2801326184357019e-06,1.4866056214092023e-06,1.7343732249774025e-06,1.9408462279509027e-06,2.477676035682004e-06,2.8493274410343043e-06,3.6752194529283056e-06,4.253343861254107e-06,5.616065680879209e-06,6.5245468939626094e-06,8.093741716561212e-06,1.0488828551053815e-05,1.2388380178410018e-05,1.4576994009929122e-05,1.7839267456910426e-05,2.192743291578573e-05,2.725443639250204e-05,3.299438587516535e-05,3.910598676318096e-05,4.810820969282557e-05,5.954681405755749e-05,7.395862966510781e-05,8.944410488812033e-05,0.00010790279135395127,0.0001306974108822257,0.00015675430385748144,0.00018838596791302168,0.00022687253566728213,0.0002770867699904374,0.0003365097002462108,0.000420461623255236,0.0005141177774040158,0.0006304033726786912,0.0007557737800842005,0.0008987769819436468,0.0010639140897218523,0.0012731951255357922,0.0015341770012942968,0.0018587525619686391,0.0022382912360345273,0.0027100820478289755,0.003258556932927782,0.003914604252575782,0.004712952765873118,0.005688702883325286,0.006857629142359461,0.00825020695821453,0.009936802330303866,0.011992819199313387,0.01444836132907663,0.0174140569545868,0.020983149283986726,0.0252414072027116,0.0304087657535288,0.03665655623430573,0.044174486040174446,0.053327269083587335,0.06439888833283415,0.07786431428395514,0.094307080937954,0.11453449773645712,0.1397479897891667,0.17183240784562723,0.21379503119414775,0.26669101946912405,0.33083726743551983,0.41318927243910397,0.5315984838439624,0.6289675594160135,0.7076016463496544,0.7813996813130494,0.8478761422964035,0.8947238343060758,0.9270287242351115,0.949325206996412,0.9647294144454542,0.9753988242849086,0.9828299528403273,0.9880994742330158,0.9919169948795934,0.9940484569838894,0.995543073757814,0.9966311864834844,0.9974299066481871,0.9980297520164256,0.9984869658342101,0.9988406953829044,0.9991167910824805,0.9993330922003956,0.9995022348844315,0.9996356164443524,0.9997292725985012,0.9998011252035359,0.9998556340763209,0.9999029576886025,0.9999356630122734,0.9999704330659742
1/0.2,3e-06,7.812500000000003e-08,0.5,8.258920118940012e-07,9.910704142728015e-07,1.1975434172463017e-06,1.4453110208145021e-06,1.8582570267615028e-06,2.106024630329703e-06,2.766738239844904e-06,3.0970950446025045e-06,3.7578086541177055e-06,4.707584467795807e-06,5.8638332844474084e-06,6.607136095152009e-06,8.093741716561212e-06,9.621641938565115e-06,1.1645077367705417e-05,1.337945059268282e-05,1.6517840237880024e-05,2.0399532693781832e-05,2.4363814350873034e-05,2.8823631215100643e-05,3.5472061910847355e-05,4.3607098228003264e-05,5.1742134545159174e-05,6.082694667599319e-05,7.329791605559261e-05,8.878339127860513e-05,0.00010794408595454597,0.0001315645974947144,0.00015782796347294363,0.00019404332819449559,0.00023682453441060486,0.0002882363121510064,0.0003523668268745756,0.0004311569248092633,0.0005254324979669636,0.0006245808339948384,0.0007441287027164951,0.0008923763188514683,0.0010632533761123371,0.0012736906607429288,0.0015345073580990544,0.001855903234527605,0.0022458068533427627,0.002711155707444438,0.0032564096136968573,0.003914273895771024,0.004724061013433092,0.005692460691979403,0.006862047664623093,0.008255575256291841,0.009949603656488223,0.012003101554861466,0.014466861310143056,0.01744015514216265,0.021008628052553657,0.02525193732586325,0.030395634070539683,0.036635991523209566,0.04416870479609118,0.0533220246693118,0.06439133142092532,0.07786708102219499,0.09430675058114923,0.11454701000043731,0.13974270408029058,0.17184648930443003,0.2137918102153014,0.26670642235514586,0.33083383998367044,0.41317886619975414,0.5315903901022458,0.6289652882129807,0.7076018941172579,0.7814007962672654,0.8478824603702945,0.8947258990361056,0.927027650575496,0.9493255786478174,0.9647294557400548,0.975398989463311,0.9828297050727237,0.9880999697682229,0.9919170774687947,0.9940485395730906,0.9955431563470152,0.9966312690726855,0.9974299066481871,0.9980297520164256,0.9984870484234114,0.9988406953829044,0.9991167910824805,0.9993330922003956,0.9995022348844315,0.9996356164443524,0.9997292725985012,0.9998011252035359,0.9998556340763209,0.9999029576886025,0.9999356630122734,0.9999704330659742
1/0.2,1e-05,2.604166666666671e-07,0.5,9.084812130834013e-07,1.1149542160569016e-06,1.4453110208145021e-06,1.6104894231933024e-06,1.982140828545603e-06,2.3950868344926035e-06,2.725443639250204e-06,3.3035680475760047e-06,3.840397855307105e-06,4.583700666011707e-06,5.368298077311008e-06,6.565841494557309e-06,8.465393121913513e-06,1.0034587944512114e-05,1.2512263980194119e-05,1.5857126628364825e-05,1.990399748664543e-05,2.3372743936600235e-05,2.9484344824615843e-05,3.5513356511442055e-05,4.344191982562446e-05,5.397204297727298e-05,6.54519419425996e-05,7.899657093766122e-05,9.468851916364724e-05,0.00011095859179795906,0.0001321014273024455,0.00015881903388721642,0.00018945962752848388,0.00022823525748690723,0.0002705209284958801,0.0003155320431441032,0.0003690911401154291,0.00043086786260510045,0.0005096579605397882,0.0006110362049997768,0.0007272805056738575,0.0008724310267642282,0.0010488002659041922,0.0012750120879619592,0.001540577664386475,0.0018643273330489236,0.0022641416560068095,0.002712518429264063,0.0032551707756790166,0.003919394426244767,0.00471472843369869,0.0057021649231191575,0.006848874687033384,0.008257598691720982,0.00994167509317404,0.011991250004490788,0.014449889229298634,0.017424917434543205,0.020976831210095737,0.025233685112400393,0.030415125122020385,0.03666477385982408,0.044179936927452944,0.053329581581220635,0.06439665842440204,0.07786972387663305,0.09431108651421168,0.11454436714599925,0.139759676161135,0.17185317902972638,0.21379891288660366,0.26669700718621026,0.3308322294942473,0.4131806005729791,0.5315823376551299,0.6289534779572106,0.7075950805081598,0.7813924134633446,0.8478832862623064,0.8947268488119192,0.9270329362843721,0.9493266523074329,0.964729538329256,0.9753999805337252,0.9828307787323391,0.9881005478926312,0.9919172426471969,0.9940489525190966,0.9955433215254176,0.9966314342510879,0.9974299066481871,0.9980298346056269,0.9984873787802161,0.9988408605613067,0.9991168736716818,0.9993330922003956,0.9995022348844315,0.9996356164443524,0.9997292725985012,0.9998011252035359,0.9998557166655221,0.9999029576886025,0.9999356630122734,0.9999704330659742
1/0.2,3e-05,7.812499999999993e-07,0.5,5.781244083258009e-07,5.781244083258009e-07,8.258920118940012e-07,9.910704142728015e-07,1.238838017841002e-06,1.5691948225986022e-06,1.8995516273562027e-06,2.3950868344926035e-06,3.0558004440078045e-06,4.129460059470006e-06,5.0379412725534076e-06,6.276779290394409e-06,7.350438905856611e-06,9.745525740349214e-06,1.1645077367705417e-05,1.379239659862982e-05,1.6517840237880024e-05,1.907810547475143e-05,2.3166270933626735e-05,2.733702559369144e-05,3.361380488408585e-05,4.055129778399546e-05,4.889280710412487e-05,6.066176827361439e-05,7.48671108781912e-05,8.791620466611643e-05,0.00010604453432718976,0.0001295824566661688,0.00015634135785153443,0.00019206118736594997,0.00023657676680703666,0.00028708006333435485,0.00034592486918180244,0.000410137973106561,0.000488473830434707,0.0005858877932376045,0.0007109691384389509,0.0008758171840129936,0.001083239962800172,0.0013059830384079842,0.0015569716208225712,0.0018640382708447608,0.002244980961330869,0.002700377816689221,0.0032576484517146983,0.00392170692387807,0.00474768152497326,0.005698613587468013,0.006862790967433798,0.00826891341228393,0.009974504300646825,0.01200533146329358,0.014461575601266935,0.017434993317088313,0.02097385799885292,0.025237029975048564,0.03042495323696192,0.036662874308196716,0.044188980444983185,0.053340442061177044,0.06442007246293924,0.0778816580162049,0.094342842062069,0.11458310148135707,0.13979973192371187,0.17191747472285232,0.21381080573157493,0.26667379962067606,0.3308190978112582,0.4131788249051535,0.5315651178066819,0.6289264712884217,0.7075636140225067,0.7813552483228094,0.847900753878358,0.894737667997275,0.9270395021258667,0.9493306991782912,0.964733007075706,0.9754014671393467,0.9828326782839666,0.9881017041414479,0.991918977020422,0.9940494480543037,0.9955440648282283,0.9966318471970939,0.9974304021833942,0.998030330140834,0.9984874613694174,0.998840943150508,0.9991169562608829,0.9993330922003956,0.9995023174736327,0.9996356164443524,0.9997292725985012,0.9998011252035359,0.9998557166655221,0.9999029576886025,0.9999356630122734,0.9999704330659742
1/0.2,0.0001,2.604166666666667e-06,0.5,9.910704142728015e-07,1.238838017841002e-06,1.5691948225986022e-06,1.7343732249774025e-06,1.982140828545603e-06,2.3950868344926035e-06,2.725443639250204e-06,3.468746449954805e-06,4.212049260659406e-06,5.1205304737428075e-06,6.194190089205009e-06,7.68079571061421e-06,8.754455326076413e-06,1.0406239349864415e-05,1.2883915385546419e-05,1.5609359024796623e-05,1.8582570267615027e-05,2.1473192309244032e-05,2.543747396633524e-05,3.0145058434131046e-05,3.6834783730472454e-05,4.5011114648223064e-05,5.467405118738288e-05,6.54106473420049e-05,7.672536790495271e-05,9.365615414877973e-05,0.00011455122204969797,0.00013916280400413922,0.00016753219461269816,0.0002031694349259243,0.00024310131370099925,0.0002952976888527001,0.00035434896770312124,0.00042508661852184244,0.0005086668901255154,0.0006117382132098867,0.0007380996910296689,0.0008868841369723732,0.0010728750180509022,0.0013012341593395937,0.0015598209482636054,0.0018627168436257304,0.0022359787384012243,0.0027150373999003394,0.0032746205325591203,0.003916214741998975,0.004739711667058484,0.005706666034583981,0.006890334466030463,0.00829852164091033,0.009992343568103737,0.01203721089495269,0.01451046840837106,0.017450272319308353,0.02098352093539208,0.025261022137994086,0.030425077120763706,0.03668054839725125,0.04422428732849165,0.053380497823753904,0.06447231013269153,0.0779533867374379,0.0944199803759799,0.11468435584201528,0.1399551648003503,0.17214261288529462,0.21387807463594372,0.26662560882178205,0.3307854840063741,0.413217600535112,0.5314537049742774,0.6288426432492145,0.7074564132393628,0.7812321904130373,0.8479506377558763,0.8947766501002364,0.9270680366948776,0.9493519246029968,0.9647471298291093,0.9754131948059156,0.9828387072956534,0.9881031907470693,0.9919227761236766,0.9940525038547477,0.9955466250934651,0.9966338293379224,0.9974318061998144,0.9980313212112483,0.9984880394938257,0.9988413560965139,0.9991171214392853,0.999333257378798,0.9995024000628339,0.9996358642119559,0.9997292725985012,0.9998012903819383,0.9998558818439245,0.9999029576886025,0.9999356630122734,0.9999704330659742
