s,q,source_radius,LD_coeff,1.0e-08,1.2e-08,1.5e-08,1.7e-08,2.1e-08,2.5e-08,3.1e-08,3.7e-08,4.4e-08,5.3e-08,6.4e-08,7.7e-08,9.3e-08,1.1e-07,1.4e-07,1.6e-07,2.0e-07,2.4e-07,2.8e-07,3.4e-07,4.1e-07,5.0e-07,6.0e-07,7.2e-07,8.7e-07,1.0e-06,1.3e-06,1.5e-06,1.8e-06,2.2e-06,2.7e-06,3.2e-06,3.9e-06,4.6e-06,5.6e-06,6.7e-06,8.1e-06,9.8e-06,1.2e-05,1.4e-05,1.7e-05,2.1e-05,2.5e-05,3.0e-05,3.6e-05,4.3e-05,5.2e-05,6.3e-05,7.6e-05,9.1e-05,1.1e-04,1.3e-04,1.6e-04,1.9e-04,2.3e-04,2.8e-04,3.4e-04,4.0e-04,4.9e-04,5.9e-04,7.1e-04,8.5e-04,1.0e-03,1.2e-03,1.5e-03,1.8e-03,2.2e-03,2.6e-03,3.1e-03,3.8e-03,4.5e-03,5.5e-03,6.6e-03,7.9e-03,9.5e-03,1.1e-02,1.4e-02,1.7e-02,2.0e-02,2.4e-02,2.9e-02,3.5e-02,4.2e-02,5.1e-02,6.1e-02,7.4e-02,8.9e-02,1.1e-01,1.3e-01,1.6e-01,1.9e-01,2.3e-01,2.7e-01,3.3e-01,3.9e-01,4.8e-01,5.7e-01,6.9e-01,8.3e-01,1.0e+00
0.2,1e-06,8.680555555555553e-09,0.5,7.296000014873513e-11,7.29599971358782e-11,7.2959963994452e-11,7.295995194302429e-11,7.295992784016888e-11,7.295992181445502e-11,7.29598856601719e-11,7.295982841589029e-11,7.295978322303638e-11,7.295971694018398e-11,7.29596416187608e-11,7.295960546447768e-11,7.295950905305602e-11,7.295940962877741e-11,7.295922584450487e-11,7.29590631502308e-11,7.295884321167513e-11,7.295859917026404e-11,7.295829788457134e-11,7.295794839316779e-11,7.295752358034107e-11,7.295688485467254e-11,7.29562250390055e-11,7.295546579905988e-11,7.295455290341099e-11,7.295327243921697e-11,7.295182325503505e-11,7.294996130945414e-11,7.29479547467407e-11,7.294533356121415e-11,7.29422453828639e-11,7.293855463312824e-11,7.293398111631295e-11,7.292841335671172e-11,7.292201103574171e-11,7.291374676919075e-11,7.290401222845939e-11,7.289273510498136e-11,7.287915615881105e-11,7.286301929710967e-11,7.284351406136382e-11,7.282029999874075e-11,7.27917682436414e-11,7.27572228261156e-11,7.271594367335782e-11,7.266711731399772e-11,7.260755614540648e-11,7.253435878636332e-11,7.244667561121481e-11,7.234152690446007e-11,7.22174544433464e-11,7.206581132849311e-11,7.188297309301696e-11,7.166671624850572e-11,7.140845113986036e-11,7.109585216939223e-11,7.072583718446493e-11,7.028608661310365e-11,6.975029520147817e-11,6.909472766271703e-11,6.828455537074329e-11,6.729587130584066e-11,6.608842369946349e-11,6.46090808197029e-11,6.27647001946585e-11,6.042327651092769e-11,5.7363156897242826e-11,5.3502075295210284e-11,4.882339470887878e-11,4.281580318915528e-11,3.4179198740584426e-11,2.7071405269659733e-11,2.133431708341935e-11,1.5951170290400356e-11,1.110276040908237e-11,7.68321600256885e-12,5.325775971413727e-12,3.6993906093274804e-12,2.5753268312638933e-12,1.796681074175018e-12,1.2543276601623816e-12,8.69941347692948e-13,5.914057376422616e-13,4.358037287868088e-13,3.265394594696913e-13,2.474519651341061e-13,1.8894830932426254e-13,1.4510521532154118e-13,1.1184930056054347e-13,8.632437667440716e-14,6.64817009527247e-14,5.076663922112804e-14,3.8389822964724836e-14,2.85197036716438e-14,2.0541658528762668e-14,1.4991976069099888e-14,1.1039107780784162e-14,8.417922254233339e-15,6.441488110075475e-15,4.898905363415679e-15
0.3,1e-06,2.1736505252988776e-08,0.5,4.2880625569845746e-10,4.2880612344229565e-10,4.288060478673461e-10,4.288059722923965e-10,4.288057455675478e-10,4.2880565109886085e-10,4.288054432677495e-10,4.28805178755426e-10,4.288049520305772e-10,4.288047253057285e-10,4.2880440411219277e-10,4.288038939812831e-10,4.288033649566361e-10,4.2880289261320124e-10,4.28802212438655e-10,4.2880136222047223e-10,4.2880071983340087e-10,4.287993216968336e-10,4.2879858484107525e-10,4.287970922358211e-10,4.2879508949965727e-10,4.287925577388464e-10,4.28789761465712e-10,4.287863416992436e-10,4.287822039707542e-10,4.2877714044913247e-10,4.287718879901367e-10,4.287654074382104e-10,4.2875664074405935e-10,4.2874615471980537e-10,4.287338548967615e-10,4.2871906110038156e-10,4.287002051504618e-10,4.2867573776053583e-10,4.2865098696454895e-10,4.2861992566027225e-10,4.285801921305315e-10,4.2853248544361027e-10,4.284733858330401e-10,4.28404140285489e-10,4.283232184082281e-10,4.282264257915558e-10,4.2810813210172845e-10,4.279642185039941e-10,4.277960453474451e-10,4.2759348558883796e-10,4.273418776879546e-10,4.2705627995349843e-10,4.2670491311917183e-10,4.262735879881914e-10,4.257629847351034e-10,4.2514591527179705e-10,4.2442511919019455e-10,4.2356745687490583e-10,4.2253315700871545e-10,4.2129021360047686e-10,4.198001967883296e-10,4.18023184105159e-10,4.158553922514567e-10,4.131543435535303e-10,4.0985536474827824e-10,4.0581478785655227e-10,4.009594374334233e-10,3.950568827214634e-10,3.8786050376646135e-10,3.790291741397584e-10,3.680109133033725e-10,3.53948115623227e-10,3.350126608564992e-10,3.0922813181555605e-10,2.768597965734174e-10,2.2917648120530882e-10,1.807386822218232e-10,1.4395552293764715e-10,1.1421842403376197e-10,8.643134776636942e-11,6.016833482590909e-11,4.151460457747153e-11,2.8663424488964468e-11,1.980201603232938e-11,1.369363294519313e-11,9.476588546201978e-12,6.5655926383472264e-12,4.54912072743795e-12,3.147772224883386e-12,2.1604044023810395e-12,1.4339401995601818e-12,1.0373984391231425e-12,7.632314157906727e-13,5.647715981982074e-13,4.1847738955212424e-13,3.1032963670565897e-13,2.285953287367895e-13,1.6628378280952844e-13,1.212977940730795e-13,9.21825447480615e-14,6.84520105804933e-14,5.173105298630711e-14,3.9336761255475314e-14,3.007882993214058e-14
0.4,1e-06,4.5351473922902504e-08,0.5,1.8096231925789899e-09,1.8096227814031127e-09,1.8096216301106567e-09,1.809621136699604e-09,1.8096204788182005e-09,1.8096200676423234e-09,1.8096199031719725e-09,1.8096197387016216e-09,1.8096194097609198e-09,1.809618669644341e-09,1.8096177650574112e-09,1.8096162848242534e-09,1.8096151335317972e-09,1.8096144756503938e-09,1.8096114329489027e-09,1.8096089658936396e-09,1.8096069922494291e-09,1.8096043607238153e-09,1.8095986864967102e-09,1.8095919432123244e-09,1.8095863512203948e-09,1.809577305351097e-09,1.8095676016003956e-09,1.809555019618554e-09,1.8095390659945195e-09,1.8095231946056605e-09,1.8095032114580295e-09,1.8094801856089076e-09,1.8094553505859262e-09,1.8094146441740856e-09,1.8093680168296136e-09,1.8093163731394402e-09,1.8092561769910213e-09,1.8091805206296207e-09,1.8090932691084839e-09,1.8089901461984876e-09,1.8088646553207733e-09,1.8087127669517439e-09,1.8085314383899086e-09,1.8083065251850927e-09,1.8080298038197523e-09,1.8076872943140634e-09,1.8072767763182895e-09,1.806776046335063e-09,1.8061924232949972e-09,1.8054842139641473e-09,1.8046382607144425e-09,1.8036406658012346e-09,1.8024285193153157e-09,1.8009575787323014e-09,1.7992255414672796e-09,1.797102640413413e-09,1.794572017359737e-09,1.791538115032396e-09,1.787939750460866e-09,1.7836668107452388e-09,1.778410256096228e-09,1.7718096497398997e-09,1.7636209176755616e-09,1.7537577129690065e-09,1.741872345298493e-09,1.7276933563499085e-09,1.7106519254147664e-09,1.689964926917394e-09,1.6649179016536085e-09,1.6342510067357383e-09,1.5963957706627023e-09,1.5490975516295863e-09,1.4884625140795208e-09,1.4063269254414999e-09,1.2789262180126545e-09,1.0965308192465117e-09,8.564786120438745e-10,6.792720883773593e-10,5.449950400489503e-10,4.3728916372584795e-10,3.4101224984959224e-10,2.4091353843014835e-10,1.6605025306141273e-10,1.1446947279714369e-10,7.889971671981041e-11,5.438393068933801e-11,3.74872336629622e-11,2.582464108270339e-11,1.7787797387394597e-11,1.2236429634447542e-11,8.393086475295266e-12,5.717647277677581e-12,3.8168634326620536e-12,2.4974822779753215e-12,1.77611531905535e-12,1.2713558122324157e-12,9.11823625228527e-13,6.59690577343366e-13,4.965359892793872e-13,3.7581475174011256e-13,2.8305347384889874e-13,2.1134440086916614e-13,1.5887835894133422e-13,1.212146485918875e-13
0.5,1e-06,8.88888888888889e-08,0.5,6.833773986815881e-09,6.83377367090239e-09,6.83377367090239e-09,6.83377367090239e-09,6.833771143594459e-09,6.833771143594459e-09,6.833769879940494e-09,6.833766720805581e-09,6.833764825324633e-09,6.833762613930194e-09,6.833761350276228e-09,6.833758822968297e-09,6.833754400179419e-09,6.833745870515152e-09,6.833742395466748e-09,6.833736393110413e-09,6.833725652051707e-09,6.833712383685071e-09,6.833697219837487e-09,6.833672894498654e-09,6.833647305505856e-09,6.833625191561462e-09,6.833599286655174e-09,6.8335635884306525e-09,6.8335209401093225e-09,6.833455546016616e-09,6.833385413221539e-09,6.8332975892709484e-09,6.833199024261652e-09,6.83309445689602e-09,6.83297156654789e-09,6.832809502926835e-09,6.832618375264577e-09,6.83238712658892e-09,6.832089220166591e-09,6.83173634479677e-09,6.831307334275537e-09,6.830805347737804e-09,6.830194686959054e-09,6.8295003091051e-09,6.8286154354158696e-09,6.82753659084296e-09,6.82620217225556e-09,6.82462418436634e-09,6.822744815006388e-09,6.820367881897582e-09,6.817642180294342e-09,6.814336777434502e-09,6.810303193977135e-09,6.805265321530812e-09,6.799201677978125e-09,6.791751806025459e-09,6.7826828774297004e-09,6.7715207060403545e-09,6.758108282852228e-09,6.741199329142004e-09,6.7199301374243715e-09,6.69402586296187e-09,6.663579700234442e-09,6.627034827556789e-09,6.583517428211877e-09,6.531503851430997e-09,6.468505330729409e-09,6.392524029187912e-09,6.300115542010477e-09,6.187229542324695e-09,6.048004571212334e-09,5.874554480189195e-09,5.653146193873444e-09,5.358364155973678e-09,4.888268453365384e-09,3.92282197591099e-09,3.0478565974233953e-09,2.4159566387365423e-09,1.9461449423569595e-09,1.5816256330719348e-09,1.2790986600185943e-09,9.910841209302093e-10,6.932702612540983e-10,4.776454032242212e-10,3.289803051637828e-10,2.2650239136353002e-10,1.5586918931684573e-10,1.0720840241950575e-10,7.364322579212583e-11,5.0521201447812874e-11,3.455145854732833e-11,2.3529868661626668e-11,1.5934676502946338e-11,1.0650707446874165e-11,6.93366930782447e-12,4.397515799385667e-12,3.090897599223374e-12,2.2575178090811763e-12,1.697087275452572e-12,1.278185985942127e-12,9.521632628842241e-13,7.019597777467637e-13,5.351574543217902e-13,4.1384667364908213e-13
0.6,1e-06,1.7578125e-07,0.5,2.6457050720894603e-08,2.6457050720894603e-08,2.6457050720894603e-08,2.6457045777759242e-08,2.6457040834623878e-08,2.6457038363056197e-08,2.6457033419920833e-08,2.6457019826298583e-08,2.6457012411595538e-08,2.645700005375713e-08,2.645698275278336e-08,2.6456972866512635e-08,2.645695309397118e-08,2.645693826456509e-08,2.6456913548888274e-08,2.6456871532237687e-08,2.6456841873425507e-08,2.645678626315267e-08,2.6456729417095993e-08,2.6456655270065546e-08,2.6456568765196688e-08,2.6456460016218696e-08,2.6456348795673022e-08,2.6456167135448426e-08,2.645601019090064e-08,2.645582358754068e-08,2.645558013812404e-08,2.6455356461248852e-08,2.6455036393234085e-08,2.645461993407973e-08,2.6454139214165654e-08,2.6453606591330264e-08,2.6452918259730933e-08,2.6452108821315203e-08,2.645111525110719e-08,2.6449841157967314e-08,2.6448375518332114e-08,2.644659846116903e-08,2.6444632329078297e-08,2.6442063134473253e-08,2.6438904470976142e-08,2.6435033995986724e-08,2.643059011729517e-08,2.6425072342445948e-08,2.6418479435655223e-08,2.64101453094328e-08,2.6400344307791327e-08,2.6387729426344334e-08,2.637205227253981e-08,2.63529779489569e-08,2.6328341362306497e-08,2.629762348337547e-08,2.625815749063534e-08,2.620867176251392e-08,2.614389444514631e-08,2.6061943439742952e-08,2.596205379610639e-08,2.5843795461460016e-08,2.5704444768218688e-08,2.554096168813401e-08,2.5345125787096912e-08,2.511018227063352e-08,2.4826310364560916e-08,2.4483374169816764e-08,2.4066069739316473e-08,2.355160798325165e-08,2.2913022862431965e-08,2.2103161808627455e-08,2.10405322922397e-08,1.952305028913246e-08,1.588650176607601e-08,1.2150080900356774e-08,9.501624355545748e-09,7.58820215297815e-09,6.170392295551492e-09,5.0762095103563195e-09,4.181049712723695e-09,3.3786231345055007e-09,2.5051377496568545e-09,1.7260365914339603e-09,1.1884854500874316e-09,8.179579095295026e-10,5.627191150484778e-10,3.8677068336154375e-10,2.655106297658427e-10,1.8194445488254716e-10,1.2429513870873186e-10,8.46437783924824e-11,5.7285995724616975e-11,3.8442763719936676e-11,2.5526351015784107e-11,1.6683081850943333e-11,1.0333624476858382e-11,7.432004018635052e-12,5.528896903786701e-12,4.087972945401521e-12,3.0128410038962845e-12,2.2837285378180206e-12,1.7325689448164852e-12,1.3099308712592544e-12
0.7,1e-06,3.767781622452902e-07,0.5,1.2082900617975632e-07,1.2082900617975632e-07,1.2082899482351704e-07,1.2082899482351704e-07,1.2082897211103846e-07,1.2082896075479918e-07,1.2082890397360277e-07,1.208288812611242e-07,1.2082885854864565e-07,1.2082884151428673e-07,1.208288074455689e-07,1.2082869388317606e-07,1.2082860303326178e-07,1.2082846675839042e-07,1.2082825098984403e-07,1.2082806929001552e-07,1.20827887590187e-07,1.2082762639668352e-07,1.2082735384694074e-07,1.2082710400967654e-07,1.2082671789754095e-07,1.2082608194814113e-07,1.2082542328626278e-07,1.2082471352130763e-07,1.2082386180336146e-07,1.2082287948866356e-07,1.2082155080866755e-07,1.2081988144149304e-07,1.2081796223705436e-07,1.208155376799676e-07,1.2081295413553089e-07,1.208095699762248e-07,1.2080564071743314e-07,1.2080121178411309e-07,1.207955109519934e-07,1.2078846440551877e-07,1.2078079326588366e-07,1.2077157767770613e-07,1.2075999431363826e-07,1.2074596935812472e-07,1.207276403879232e-07,1.2070624523311552e-07,1.206796716331951e-07,1.2064710761705334e-07,1.206074345951209e-07,1.205550312289531e-07,1.2049005082778024e-07,1.2040530489213665e-07,1.202952288647741e-07,1.2014628610846813e-07,1.1995540476049292e-07,1.197110412036181e-07,1.1938785966800502e-07,1.1899420131140646e-07,1.1854746389240283e-07,1.1800959265315936e-07,1.1739067761227834e-07,1.1665293656166777e-07,1.157708974566177e-07,1.1471110481620264e-07,1.1343090460567861e-07,1.1188031801596454e-07,1.0997229379484258e-07,1.0763839356627841e-07,1.0471973786459414e-07,1.0100911506972669e-07,9.610706946492398e-08,8.900298660398262e-08,7.69122655118253e-08,6.341860597498168e-08,4.838626118719178e-08,3.755856399364412e-08,2.9842061860691155e-08,2.422790055921823e-08,2.00306856235862e-08,1.6753973375453138e-08,1.4044953850918654e-08,1.1611851194104646e-08,9.038351351044544e-09,6.294933777724212e-09,4.334994508723574e-09,2.983431690550068e-09,2.052061082058013e-09,1.409820325691299e-09,9.675175181273637e-10,6.631816616031291e-10,4.5319344103558467e-10,3.0841274642655196e-10,2.0929548997132897e-10,1.4107856060302877e-10,9.433627971740802e-11,6.367443365541192e-11,4.258589730832793e-11,2.7141411884507663e-11,1.878321977279317e-11,1.3877324402873793e-11,1.0356890225385352e-11,7.85851758329678e-12,5.939313144601468e-12,4.3721521236550004e-12
0.8,1e-06,9.876543209876548e-07,0.5,8.274248150520286e-07,8.274246590460218e-07,8.27424503040015e-07,8.274244250370115e-07,8.274241910280012e-07,8.274236060054757e-07,8.274233719964654e-07,8.274229819814483e-07,8.27422747972438e-07,8.27421967942404e-07,8.274206418913458e-07,8.274193938432911e-07,8.274182237982399e-07,8.274169757501852e-07,8.274152596841101e-07,8.274133876120281e-07,8.274102674918914e-07,8.274076153897751e-07,8.274047292786488e-07,8.274009851344848e-07,8.273949789032216e-07,8.273871005998766e-07,8.273779742484767e-07,8.273679508625377e-07,8.27356523422537e-07,8.273424048789185e-07,8.273254782271771e-07,8.27305548459804e-07,8.272805094957072e-07,8.272513363724292e-07,8.272117108466934e-07,8.271660400881928e-07,8.271122180158351e-07,8.270518826926919e-07,8.269795349070227e-07,8.268891294260625e-07,8.2677949620476e-07,8.266490361815449e-07,8.264908460906154e-07,8.263009477787967e-07,8.260522742039034e-07,8.257597629410896e-07,8.253832814450976e-07,8.249186955567461e-07,8.243131192397182e-07,8.235381594007704e-07,8.224973653261776e-07,8.21033482961051e-07,8.190628150827243e-07,8.165683180349508e-07,8.133519421920547e-07,8.096690693872235e-07,8.054591692898053e-07,8.003975933995788e-07,7.944605898020035e-07,7.873094694562427e-07,7.788103402069313e-07,7.684604336955451e-07,7.557766773219226e-07,7.402188612858997e-07,7.20827431640942e-07,6.962423670209729e-07,6.641604337425974e-07,6.196516859838549e-07,5.541334142772726e-07,4.870739202276761e-07,4.2383672935151863e-07,3.627971170906279e-07,3.0130286432432123e-07,2.3221010498615577e-07,1.8026653995822493e-07,1.434335217447241e-07,1.1688738361584856e-07,9.728468283613603e-08,8.229242757638788e-08,7.028511324839754e-08,6.004058879462767e-08,5.0582178609294185e-08,4.0623223151033896e-08,2.871668870345831e-08,1.9762957950232724e-08,1.3607935958106895e-08,9.357786310925572e-09,6.429826573163873e-09,4.414930991899705e-09,3.01902824425103e-09,2.064622495942497e-09,1.4051851050552962e-09,9.552637813461204e-10,6.487899809207819e-10,4.43369071422149e-10,3.0230063974252963e-10,2.038218479285847e-10,1.352572079250539e-10,8.568629925355923e-11,6.318243276775874e-11,4.5826764507479336e-11,3.221524041121526e-11,2.3946922049014735e-11,1.5795608191939685e-11
0.9,1e-06,4.487534626038e-06,0.5,1.7052929950313507e-05,1.7052913846162814e-05,1.705290579408747e-05,1.7052891300351848e-05,1.7052859092050464e-05,1.705282527333401e-05,1.7052793065032626e-05,1.7052747973410692e-05,1.7052704492203827e-05,1.7052649738091473e-05,1.705257726941336e-05,1.7052493527829768e-05,1.7052384019605065e-05,1.7052277732210502e-05,1.7052134405269346e-05,1.7051949207536393e-05,1.7051735022332197e-05,1.7051502317354703e-05,1.7051242235321035e-05,1.7050880697138014e-05,1.705045393714469e-05,1.704993699390749e-05,1.704931698410587e-05,1.7048531101552124e-05,1.704759383998188e-05,1.7046572836828037e-05,1.7045196737151452e-05,1.7043567802309005e-05,1.7041668317734946e-05,1.7039436282449103e-05,1.703661966649316e-05,1.7033101714774605e-05,1.702886471272767e-05,1.702391832284278e-05,1.701769970505326e-05,1.7010204833321438e-05,1.700107861112457e-05,1.6989679288057593e-05,1.697513804519071e-05,1.6956627129178372e-05,1.693259409989392e-05,1.690124656536539e-05,1.6859002157271465e-05,1.6801711641186474e-05,1.6723678979010842e-05,1.6623396017032304e-05,1.649952047429073e-05,1.635516850394492e-05,1.6185394521317516e-05,1.5984880130642657e-05,1.5743363767099716e-05,1.5451746585548007e-05,1.5089556989628494e-05,1.4638820331546872e-05,1.406085444134217e-05,1.3303040617045003e-05,1.2266157965414935e-05,1.100191932994496e-05,9.837341231029295e-06,8.767932221040084e-06,7.798544480580672e-06,6.92040205273173e-06,6.121726361677499e-06,5.397792449605097e-06,4.733421349280254e-06,4.1225860823066795e-06,3.545551817219481e-06,2.98077281080851e-06,2.3507091879092913e-06,1.8332876574367966e-06,1.4673369371232869e-06,1.2045558477997644e-06,1.0118020473431344e-06,8.658340254754328e-07,7.50552462750373e-07,6.543494873495262e-07,5.686979514817462e-07,4.865313538236055e-07,3.9818800916774235e-07,2.84151297291135e-07,1.9535220517070254e-07,1.3443181351984988e-07,9.23758239890133e-08,6.350430262930286e-08,4.360118278968543e-08,2.9774964213503252e-08,2.0321827757596276e-08,1.3934921593349758e-08,9.620619623098516e-09,6.611559066392861e-09,4.490642420323101e-09,3.0380480279503428e-09,2.0186552891787727e-09,1.2963841306652669e-09,9.026376462582385e-10,5.894119153086804e-10,3.8086316385383306e-10,1.513790165000436e-10,0.0,0.0
1.0,1e-06,4.487534626038e-06,0.5,1.7052966989860095e-05,1.705295410653954e-05,1.705294122321899e-05,1.7052929950313507e-05,1.7052913846162814e-05,1.7052889689936776e-05,1.7052838156654564e-05,1.7052799506692904e-05,1.7052757635901108e-05,1.7052691608883274e-05,1.7052630413110645e-05,1.705254022986677e-05,1.7052456488283177e-05,1.705233570715299e-05,1.705217949689128e-05,1.7052007182478884e-05,1.7051783334784272e-05,1.705154016210883e-05,1.7051249482188848e-05,1.7050865398194858e-05,1.705043863820153e-05,1.7049893512700625e-05,1.704927672372914e-05,1.704856169943844e-05,1.70477154263196e-05,1.7046617928449975e-05,1.7045280478735046e-05,1.704370066155221e-05,1.704175205931854e-05,1.7039405684562787e-05,1.7036638186266458e-05,1.70332297427726e-05,1.7029285836268255e-05,1.702451176079576e-05,1.7018480756361796e-05,1.7011522152848e-05,1.7002760689664295e-05,1.6991958830587976e-05,1.697865519170173e-05,1.696206389045182e-05,1.6941300003757743e-05,1.691495763926413e-05,1.6880637278517952e-05,1.683578480321954e-05,1.677735169764299e-05,1.6702794311186578e-05,1.660765823576904e-05,1.6492862213187332e-05,1.6355982568762375e-05,1.61904874589737e-05,1.598530689063598e-05,1.5736845612107334e-05,1.542269308728548e-05,1.5027394967959326e-05,1.4515471394532908e-05,1.3839329770467653e-05,1.2918892206450106e-05,1.175482621952643e-05,1.0632173666521e-05,9.591996910866988e-06,8.627177112751218e-06,7.722600526749723e-06,6.842062606485423e-06,5.939131864684598e-06,5.185895645221488e-06,4.522875683139661e-06,3.926541398656242e-06,3.39760379002426e-06,2.9294714283656863e-06,2.549149363975088e-06,2.2642943152987344e-06,2.038414276869701e-06,1.8616164689182035e-06,1.708942678702564e-06,1.5634183261864128e-06,1.421979596700694e-06,1.2946279730323594e-06,1.1680823621061341e-06,1.0482956632251289e-06,9.295581497616746e-07,8.241001189584261e-07,7.418240130755833e-07,6.722548872958638e-07,6.122596791022375e-07,5.608141645107253e-07,5.163111492823162e-07,4.776185116233982e-07,4.434229580450798e-07,4.131914411594727e-07,3.865366561424464e-07,3.630833762828891e-07,3.425723247546678e-07,3.246645091857265e-07,3.091908359938044e-07,2.9575997431709844e-07,2.8139668231535497e-07,3.9801408434027416e-08,3.1765437238971914e-08,2.479556081969331e-08,1.867759397199474e-08
1/0.9,1e-06,4.487534626038e-06,0.5,1.7052950885709404e-05,1.7052929950313507e-05,1.7052918677408023e-05,1.705290257325733e-05,1.7052878417031295e-05,1.7052849429560048e-05,1.705282527333401e-05,1.7052785012957283e-05,1.7052731869259998e-05,1.70526899984682e-05,1.70526432964312e-05,1.7052558749640067e-05,1.7052454072660574e-05,1.705234778526601e-05,1.70522125104002e-05,1.7052030533497387e-05,1.705183245244388e-05,1.705156995478761e-05,1.7051289742565576e-05,1.7050941892910642e-05,1.7050548951633768e-05,1.7049999800095187e-05,1.704939267361412e-05,1.7048656713927518e-05,1.7047735556507963e-05,1.7046650941958893e-05,1.704531268703643e-05,1.7043656375137808e-05,1.7041636914641096e-05,1.7039164122302416e-05,1.7036354753214286e-05,1.7032938257645086e-05,1.7028720580578984e-05,1.7023656630394043e-05,1.7017404999095604e-05,1.700985134721376e-05,1.7000622058452464e-05,1.6989424842476668e-05,1.697525399507569e-05,1.6957111864114184e-05,1.6933522504181285e-05,1.6902389154856955e-05,1.68593685266997e-05,1.6801329167607553e-05,1.6723877865271882e-05,1.6621770303019998e-05,1.6498966491506944e-05,1.6353306864124982e-05,1.61827228427178e-05,1.5980532815163487e-05,1.5739606668743392e-05,1.54441518680819e-05,1.5082925300373737e-05,1.4629164282792253e-05,1.4052556777698379e-05,1.3294363700652426e-05,1.2257810378904001e-05,1.0996037288904892e-05,9.832581649292424e-06,8.763184717416231e-06,7.796252054729737e-06,6.918473580686422e-06,6.120504056640014e-06,5.39698321603285e-06,4.732801339478631e-06,4.123119129694568e-06,3.545680650425013e-06,2.9812655978196697e-06,2.349573845285541e-06,1.832216731415812e-06,1.4665349504188504e-06,1.2038472651693387e-06,1.0111562709004055e-06,8.651818073724273e-07,7.498342176295325e-07,6.536199693232015e-07,5.679684334554215e-07,4.853847382943711e-07,3.951580132151377e-07,2.8486632158183734e-07,1.959641628969793e-07,1.3491654845566385e-07,9.264476330556125e-08,6.36999680602045e-08,4.3746120145908875e-08,2.987561515532509e-08,2.037819228501651e-08,1.3983234045424238e-08,9.651217509412354e-09,6.630078839688079e-09,4.50755177854917e-09,3.0493209334343887e-09,2.0275125720590943e-09,1.3020205834072898e-09,9.066636839311122e-10,5.942431605161285e-10,3.824735789229825e-10,1.5379463910376768e-10,0.0,0.0
1/0.8,1e-06,9.876543209876548e-07,0.5,8.274252050670458e-07,8.274251270640424e-07,8.274251270640424e-07,8.274249710580355e-07,8.274248150520286e-07,8.274243470340081e-07,8.274237230099808e-07,8.27423567003974e-07,8.274228649769432e-07,8.274222409529159e-07,8.274213049168748e-07,8.27420212874827e-07,8.274194328447928e-07,8.274182627997416e-07,8.274163907276596e-07,8.274145186555776e-07,8.274121005624717e-07,8.274089024393315e-07,8.27404690277147e-07,8.273999710954403e-07,8.273949789032216e-07,8.27389440689979e-07,8.27382225412163e-07,8.273734890757802e-07,8.273597215456772e-07,8.273455249990553e-07,8.273285203443103e-07,8.273088635874493e-07,8.272849946684037e-07,8.27255509533112e-07,8.272199401635539e-07,8.271772335191831e-07,8.271274676030031e-07,8.270616330681192e-07,8.269894412884568e-07,8.268979437654486e-07,8.267816412873538e-07,8.266557444398388e-07,8.264970863308887e-07,8.263032098658958e-07,8.260652617039723e-07,8.257707613645715e-07,8.253968539676921e-07,8.249256378240502e-07,8.243300458914597e-07,8.23547987779201e-07,8.224983403637203e-07,8.210337169700613e-07,8.190523236787646e-07,8.165659389433466e-07,8.133557643392223e-07,8.096743735914558e-07,8.054517980059824e-07,8.003960723410122e-07,7.944494353725149e-07,7.873080654021812e-07,7.788341311229735e-07,7.684539984477632e-07,7.557825665486806e-07,7.402289626748422e-07,7.208212694036721e-07,6.96232187629027e-07,6.64154310506829e-07,6.196382304657654e-07,5.540504970846404e-07,4.870337096794146e-07,4.2381629256462336e-07,3.628037083444166e-07,3.012823495344226e-07,2.3218401298151277e-07,1.8025515151972604e-07,1.434215872852013e-07,1.1687895929147952e-07,9.727633651477041e-08,8.228954146526144e-08,7.027661092102509e-08,6.003161844923472e-08,5.056439392451511e-08,4.0578059412055466e-08,2.8726946098407642e-08,1.9767365119925785e-08,1.3613396168346082e-08,9.36094543256396e-09,6.43197165575784e-09,4.416335045961211e-09,3.0207053088244953e-09,2.0653245229732498e-09,1.4055751200723812e-09,9.553417843495373e-10,6.490629914327414e-10,4.435640789306915e-10,3.024956472510721e-10,2.0397785393541867e-10,1.352572079250539e-10,8.572530075526773e-11,6.326043577117574e-11,4.586576600918783e-11,3.221524041121526e-11,2.3946922049014735e-11,1.5795608191939685e-11
1/0.7,1e-06,3.767781622452902e-07,0.5,1.2082905160471345e-07,1.2082904024847417e-07,1.2082902889223489e-07,1.208290175359956e-07,1.2082899482351704e-07,1.2082897211103846e-07,1.2082893804232061e-07,1.2082890397360277e-07,1.208288358361671e-07,1.2082880176744922e-07,1.208287563424921e-07,1.2082872227377426e-07,1.2082855760830466e-07,1.2082844404591186e-07,1.208283418397583e-07,1.2082822827736547e-07,1.2082804657753696e-07,1.208277740277942e-07,1.208275014780514e-07,1.2082704722848014e-07,1.208266554382249e-07,1.2082610466061972e-07,1.2082552549241633e-07,1.2082490657737543e-07,1.2082384476900254e-07,1.2082277160439037e-07,1.2082153945242827e-07,1.2082015399123582e-07,1.2081858115209525e-07,1.2081613388252992e-07,1.2081361279740927e-07,1.2081022863810315e-07,1.2080637319486684e-07,1.2080222816752883e-07,1.2079655004788772e-07,1.2079003156653973e-07,1.2078216169271715e-07,1.2077284957650574e-07,1.207611185813272e-07,1.2074711633829221e-07,1.2072917915834594e-07,1.207087322495183e-07,1.2068337944532076e-07,1.2065165579088587e-07,1.2061174996604815e-07,1.20562089131667e-07,1.2049839766365265e-07,1.2041588322902806e-07,1.203059491546565e-07,1.2016241764636853e-07,1.1997117289873629e-07,1.197266503545115e-07,1.1940206632334707e-07,1.1900846474794493e-07,1.1856497521337601e-07,1.1802350404628009e-07,1.1740558835445588e-07,1.1666577479017633e-07,1.1577856291813319e-07,1.1471479559396936e-07,1.1343365281558491e-07,1.1188121515886784e-07,1.0997351459056543e-07,1.076378825355107e-07,1.0471659218631296e-07,1.0101200523262402e-07,9.610525814475848e-08,8.900248125133457e-08,7.691201567456109e-08,6.341743628233561e-08,4.838338238053374e-08,3.755862645296017e-08,2.98416814266752e-08,2.422871820844655e-08,2.002962381521331e-08,1.675362133203539e-08,1.4044227051604592e-08,1.1611482116327975e-08,9.03531923515619e-09,6.296444157548747e-09,4.3354487582948625e-09,2.983533896703608e-09,2.0521519319722706e-09,1.4098430381698634e-09,9.675629430844928e-10,6.631589491245648e-10,4.531707285570203e-10,3.084241026658342e-10,2.0934091492845786e-10,1.4108991684231096e-10,9.434763595669025e-11,6.370850237325858e-11,4.2597253547610146e-11,2.7141411884507663e-11,1.878321977279317e-11,1.3877324402873793e-11,1.0356890225385352e-11,7.85851758329678e-12,5.939313144601468e-12,4.3721521236550004e-12
1/0.6,1e-06,1.7578124999999996e-07,0.5,2.6457043306191558e-08,2.6457043306191558e-08,2.6457038363056197e-08,2.6457038363056197e-08,2.6457033419920833e-08,2.6457028476785468e-08,2.6457026005217787e-08,2.6457018590514742e-08,2.6457007468460176e-08,2.645700005375713e-08,2.645699263905409e-08,2.6456976573864156e-08,2.645695185818734e-08,2.6456944443484295e-08,2.6456902426833708e-08,2.6456880182724573e-08,2.645684558077703e-08,2.645681839353253e-08,2.645676772639506e-08,2.6456720766609108e-08,2.6456654034281705e-08,2.6456560114709803e-08,2.645644889416413e-08,2.6456332730483092e-08,2.6456228924640464e-08,2.6456031199225936e-08,2.6455798871863864e-08,2.6455543064608813e-08,2.6455211874539477e-08,2.6454805301655854e-08,2.6454390078285338e-08,2.645382903242161e-08,2.6453107334658578e-08,2.6452290481539803e-08,2.645121040646293e-08,2.6450005517218144e-08,2.644855099963751e-08,2.6446796186583557e-08,2.6444627385942936e-08,2.644199269479433e-08,2.643888840578621e-08,2.6435294746377133e-08,2.6430719874598453e-08,2.6424938877791142e-08,2.641839540235405e-08,2.6410193505002587e-08,2.640011692356462e-08,2.6387929623326545e-08,2.6372605903700494e-08,2.6353267122375648e-08,2.632878995184071e-08,2.629764449170076e-08,2.6258361394969073e-08,2.6208559306184406e-08,2.6144090934776996e-08,2.6061585062429116e-08,2.596178192366141e-08,2.584364469583144e-08,2.5704222327127345e-08,2.5540714531365852e-08,2.5345115900826187e-08,2.5109885682511727e-08,2.4826391926294408e-08,2.448338282030365e-08,2.4066042552071973e-08,2.3551986133106936e-08,2.2913324393689124e-08,2.2103385485502642e-08,2.1040393884449527e-08,1.9523047817564778e-08,1.5886231129414873e-08,1.215065677562659e-08,9.501452581591875e-09,7.588207096113513e-09,6.170274896086615e-09,5.076098289810646e-09,4.180945906881068e-09,3.3785341580689624e-09,2.505116741331561e-09,1.7259673875388748e-09,1.1885571255501988e-09,8.179826252063189e-10,5.627166434807961e-10,3.867780980645886e-10,2.655229876042508e-10,1.8194445488254716e-10,1.2429761027641352e-10,8.463636368943755e-11,5.728352415693535e-11,3.84452352876183e-11,2.5526351015784107e-11,1.6683081850943333e-11,1.0333624476858382e-11,7.434475586316674e-12,5.5264253361050795e-12,4.087972945401521e-12,3.0128410038962845e-12,2.2837285378180206e-12,1.7325689448164852e-12,1.3099308712592544e-12
1/0.5,1e-06,8.88888888888889e-08,0.5,6.833776514123812e-09,6.833776514123812e-09,6.833775882296829e-09,6.833775882296829e-09,6.833775882296829e-09,6.833773986815881e-09,6.833772723161916e-09,6.833770827680968e-09,6.83376893220002e-09,6.833766404892089e-09,6.833763877584158e-09,6.833761350276228e-09,6.833758822968297e-09,6.8337569274873495e-09,6.833751872871488e-09,6.833739868158817e-09,6.833728495273129e-09,6.833717122387442e-09,6.833703854020805e-09,6.8336817400764114e-09,6.833665628488354e-09,6.8336450941114166e-09,6.8336116072813355e-09,6.833570854440953e-09,6.833526626552166e-09,6.833465655248339e-09,6.833395522453262e-09,6.833316228166937e-09,6.833223033686992e-09,6.83311815040787e-09,6.8329709347209076e-09,6.832814557542696e-09,6.832614900216173e-09,6.8323817560595675e-09,6.832085429204695e-09,6.831742031239614e-09,6.831319654901699e-09,6.830832832211551e-09,6.83023164883754e-09,6.829488304392429e-09,6.828616067242852e-09,6.827521426995376e-09,6.826198381293664e-09,6.824669359995601e-09,6.822769456258712e-09,6.82046897421481e-09,6.817657660055417e-09,6.8143949055169076e-09,6.810260545655804e-09,6.805289330956154e-09,6.799202625718599e-09,6.7917922429523505e-09,6.7827040436336195e-09,6.771592418402887e-09,6.758243177913028e-09,6.741430577817662e-09,6.719898230161747e-09,6.694006276325407e-09,6.663489664889412e-09,6.627032300248859e-09,6.583614413653717e-09,6.5315322836452165e-09,6.4685912591990535e-09,6.392594793809971e-09,6.300065943592337e-09,6.1871771006851335e-09,6.048023841935306e-09,5.874475501816362e-09,5.653191369502705e-09,5.358551176760548e-09,4.888496542906128e-09,3.922671285175623e-09,3.0478603883852915e-09,2.4158467008415577e-09,1.946204965920313e-09,1.5815886711934485e-09,1.279101187326525e-09,9.910275724152602e-10,6.9331796419129e-10,4.776251847607757e-10,3.2899041439550557e-10,2.2649986405559935e-10,1.5587740306762048e-10,1.0721092972743642e-10,7.364322579212583e-11,5.052151736130421e-11,3.455272220129367e-11,2.3530500488609338e-11,1.5935308329929008e-11,1.0650707446874165e-11,6.93366930782447e-12,4.397515799385667e-12,3.090897599223374e-12,2.2575178090811763e-12,1.697087275452572e-12,1.278185985942127e-12,9.521632628842241e-13,7.025916047294341e-13,5.351574543217902e-13,4.1384667364908213e-13
1/0.4,1e-06,4.5351473922902504e-08,0.5,1.8096231103438145e-09,1.8096231103438145e-09,1.809623028108639e-09,1.8096226991679374e-09,1.8096223702272354e-09,1.8096222057568845e-09,1.8096215478754812e-09,1.809620972229253e-09,1.8096203143478496e-09,1.809619080820218e-09,1.8096180939981127e-09,1.8096171894111832e-09,1.809615298002148e-09,1.8096131598875867e-09,1.8096097060102187e-09,1.8096087191881133e-09,1.809605100840394e-09,1.8096021403740784e-09,1.8095972884987277e-09,1.8095916965067982e-09,1.8095853643982895e-09,1.809577305351097e-09,1.809568588422501e-09,1.809557486673817e-09,1.809541615284958e-09,1.8095248393091692e-09,1.8095055140429418e-09,1.809484050662153e-09,1.8094554328211015e-09,1.809415137585138e-09,1.8093704016497014e-09,1.8093199092519838e-09,1.8092607821608458e-09,1.8091889908526905e-09,1.8091028906240097e-09,1.8089988631270837e-09,1.8088689315498957e-09,1.8087158918884104e-09,1.8085235438130666e-09,1.8082933675570229e-09,1.8080094094962442e-09,1.807691570543186e-09,1.8072835196026753e-09,1.8067887927872553e-09,1.8061803347242085e-09,1.8054764838576561e-09,1.8046454974098808e-09,1.8036539878996551e-09,1.8024403611805784e-09,1.8010195840545799e-09,1.7992516100178924e-09,1.7971114395771844e-09,1.7945476757478081e-09,1.7915400886766065e-09,1.7879486318598132e-09,1.7836582582869935e-09,1.7783912597707024e-09,1.7717969855228825e-09,1.7635950135952995e-09,1.7537304108907617e-09,1.7418510463880551e-09,1.7276994417528908e-09,1.710624458866171e-09,1.6899708478500256e-09,1.664913460954135e-09,1.634257421079422e-09,1.5964354080172623e-09,1.5491142453701997e-09,1.4884908029798707e-09,1.4063330930796577e-09,1.278915527439848e-09,1.0965606706151948e-09,8.565013911874701e-10,6.7926468721157e-10,5.44986323120354e-10,4.372929465439179e-10,3.4099234893713687e-10,2.409060550291837e-10,1.660562562292195e-10,1.1446675903635431e-10,7.88969207238456e-11,5.438442410039062e-11,3.748871389612004e-11,2.582579237515949e-11,1.7788126328096338e-11,1.2235607282693186e-11,8.392757534593525e-12,5.717811748028452e-12,3.8168634326620536e-12,2.4974822779753215e-12,1.77611531905535e-12,1.2715202825832867e-12,9.11823625228527e-13,6.59690577343366e-13,4.965359892793872e-13,3.7581475174011256e-13,2.8305347384889874e-13,2.1134440086916614e-13,1.5887835894133422e-13,1.212146485918875e-13
1/0.3,1e-06,2.1736505252988782e-08,0.5,4.288062934859322e-10,4.288062934859322e-10,4.288062934859322e-10,4.288060856548209e-10,4.288059722923965e-10,4.2880582114249735e-10,4.2880582114249735e-10,4.288056322051234e-10,4.288052921178503e-10,4.2880512207421377e-10,4.288046875182537e-10,4.288045552620919e-10,4.2880419628108143e-10,4.2880376172512136e-10,4.28803024869363e-10,4.2880232580107937e-10,4.288014000079471e-10,4.2880058757723906e-10,4.2879877377844917e-10,4.287966954673358e-10,4.287950139247077e-10,4.287927655699577e-10,4.2878961031581285e-10,4.287855670560104e-10,4.2878146711499583e-10,4.2877685704307153e-10,4.287714345404393e-10,4.2876433049517894e-10,4.287546191141581e-10,4.287443031335407e-10,4.2873154986079936e-10,4.2871690721431857e-10,4.286977111771257e-10,4.2867441519891817e-10,4.2864628242393774e-10,4.2861212254672834e-10,4.285737682598174e-10,4.285275352844129e-10,4.284719876964729e-10,4.284033845359932e-10,4.2831777701185844e-10,4.282170356040707e-10,4.281003100944471e-10,4.279549227851959e-10,4.277868063098592e-10,4.2758228160256303e-10,4.2733949707704294e-10,4.270488547147024e-10,4.2670079428441976e-10,4.2627746120435725e-10,4.257641372530845e-10,4.251476723893747e-10,4.244256293211042e-10,4.2356706010642056e-10,4.225362177941733e-10,4.2129591950917e-10,4.197938107050902e-10,4.1802044451323677e-10,4.1585707379408476e-10,4.1315218966746735e-10,4.098494699022111e-10,4.058199836343358e-10,4.0096208255665856e-10,3.9506504481601783e-10,3.878697428040473e-10,3.790268313163215e-10,3.6800998751024013e-10,3.5394694421150853e-10,3.3501534376720914e-10,3.0923837222122395e-10,2.7686298961503707e-10,2.291803922089495e-10,1.807321072012099e-10,1.4395692107421432e-10,1.1421188680062346e-10,8.643646796920335e-11,6.016882606308135e-11,4.151430227767321e-11,2.866404798229849e-11,1.980337638142179e-11,1.369259378963643e-11,9.476569652464583e-12,6.565989406832512e-12,4.54957417713542e-12,3.1479422685199363e-12,2.1605366585428016e-12,1.4339213058227874e-12,1.0373984391231425e-12,7.631936283158836e-13,5.648093856729966e-13,4.1847738955212424e-13,3.1032963670565897e-13,2.285953287367895e-13,1.6628378280952844e-13,1.212977940730795e-13,9.21825447480615e-14,6.84520105804933e-14,5.173105298630711e-14,3.9336761255475314e-14,3.007882993214058e-14
1/0.2,1e-06,8.680555555555545e-09,0.5,7.296000014873513e-11,7.296000014873513e-11,7.295999412302127e-11,7.295998207159357e-11,7.295993989159659e-11,7.295990976302732e-11,7.295985854445955e-11,7.295983745446106e-11,7.295975912018096e-11,7.295971091447013e-11,7.295962354161924e-11,7.29595301430545e-11,7.2959385525922e-11,7.295924693450336e-11,7.295912039451241e-11,7.295895770023836e-11,7.295868955597186e-11,7.295852083598393e-11,7.29582165374343e-11,7.295782486603377e-11,7.295721928179143e-11,7.295665286468915e-11,7.295587856045888e-11,7.295500181909311e-11,7.295402866630567e-11,7.295280243353635e-11,7.295143158363453e-11,7.294966303661834e-11,7.294773480818502e-11,7.294520099550936e-11,7.294205256002058e-11,7.293853655598667e-11,7.2934020283453e-11,7.292870560383365e-11,7.292196885574473e-11,7.291415953058976e-11,7.29051932683748e-11,7.289386191347209e-11,7.288009315731537e-11,7.286425456844977e-11,7.284477644841626e-11,7.282115263725111e-11,7.279179535935374e-11,7.275705109327077e-11,7.271711567470246e-11,7.266881957816152e-11,7.26093819367043e-11,7.253635631050597e-11,7.244820312967683e-11,7.234355455717198e-11,7.221832817185525e-11,7.206636268131077e-11,7.188543158426945e-11,7.166631252567749e-11,7.140703208424772e-11,7.109805456780592e-11,7.072640360156721e-11,7.028459524892475e-11,6.975003308292552e-11,6.909558030122739e-11,6.828538993211209e-11,6.729532597873686e-11,6.608923415797688e-11,6.46081468340555e-11,6.276637835596689e-11,6.042387004374231e-11,5.736273208441611e-11,5.350525385926834e-11,4.882291566462738e-11,4.281331456933352e-11,3.418009657194869e-11,2.707241156387337e-11,2.1334512919119608e-11,1.5951326958960562e-11,1.1102682074802266e-11,7.683029205439372e-12,5.325842254266121e-12,3.699279133621179e-12,2.575426255542487e-12,1.7966057527518414e-12,1.2543186215916005e-12,8.699684634052916e-13,5.914358662115322e-13,4.3582180592837127e-13,3.265334337558372e-13,2.47445939420252e-13,1.889422836104084e-13,1.4510521532154118e-13,1.1184930056054347e-13,8.632437667440716e-14,6.64817009527247e-14,5.076663922112804e-14,3.8389822964724836e-14,2.85197036716438e-14,2.0541658528762668e-14,1.4991976069099888e-14,1.1045133494638302e-14,8.417922254233339e-15,6.441488110075475e-15,4.898905363415679e-15
0.2,3e-06,2.604166666666667e-08,0.5,6.566400013386163e-10,6.566400013386163e-10,6.566397844129174e-10,6.566396217186434e-10,6.566395403715064e-10,6.566393234458076e-10,6.566389438258349e-10,6.566387811315607e-10,6.566384557430127e-10,6.566377507344917e-10,6.566373439988065e-10,6.56636666105998e-10,6.56635961097477e-10,6.566352832046684e-10,6.566337376090649e-10,6.566323547077353e-10,6.566301312193232e-10,6.566272569538147e-10,6.566239759526211e-10,6.566206678357153e-10,6.566155700817946e-10,6.566115027249431e-10,6.566057813096386e-10,6.565979177530589e-10,6.565890780308349e-10,6.565789367544184e-10,6.565663279481785e-10,6.565509533392797e-10,6.565320808034886e-10,6.56510334002189e-10,6.564824319341874e-10,6.564497846165256e-10,6.564103312550657e-10,6.563626618327656e-10,6.563063696139402e-10,6.562354891418739e-10,6.56152162557842e-10,6.56052186926431e-10,6.559323897092969e-10,6.55791550699384e-10,6.556215894144141e-10,6.554155371163149e-10,6.551523520123077e-10,6.548367793520525e-10,6.544675718127817e-10,6.540234977917301e-10,6.534885319029026e-10,6.528358567067915e-10,6.520540022570753e-10,6.510997732239906e-10,6.499522362776082e-10,6.485757884876209e-10,6.469574414278161e-10,6.450115365629002e-10,6.426473718350839e-10,6.398737598508787e-10,6.365456315492463e-10,6.325712273596159e-10,6.277539854832085e-10,6.218457700363675e-10,6.145707871088457e-10,6.056521581619027e-10,5.948022668347094e-10,5.814750569120895e-10,5.648909787798766e-10,5.438125255581317e-10,5.162479125966538e-10,4.815213621124146e-10,4.3938766671869107e-10,3.8534439795938507e-10,3.0761159557391673e-10,2.436521650419702e-10,1.9201780193584755e-10,1.4354453434332048e-10,9.992714851729055e-11,6.91477238160642e-11,4.7930709304243387e-11,3.3293891822563425e-11,2.317655858004552e-11,1.6170183898999852e-11,1.1289192982872529e-11,7.829282319250127e-12,5.322326250232231e-12,3.922342021930654e-12,2.938855135227222e-12,2.2270676862069555e-12,1.7003720896443015e-12,1.3058927064691834e-12,1.0066437050448913e-12,7.768651586449773e-13,5.983353085745225e-13,4.568455215654652e-13,3.4550840668252357e-13,2.566773330447942e-13,1.8487492675886403e-13,1.3492778462189902e-13,9.935197002705747e-14,7.576130028810006e-14,5.797339299067928e-14,4.4090148270741124e-14
0.3,3e-06,6.520951575896631e-08,0.5,3.8592557911552055e-09,3.8592557911552055e-09,3.859254770893386e-09,3.859254770893386e-09,3.859253750631567e-09,3.859252560326111e-09,3.859250349758837e-09,3.85924864932247e-09,3.859246948886105e-09,3.859243207926101e-09,3.859240147140643e-09,3.859236576224276e-09,3.859233855526091e-09,3.859230114566086e-09,3.859225693431537e-09,3.859220422078803e-09,3.859208859111518e-09,3.859200186886053e-09,3.859188623918768e-09,3.859172979904206e-09,3.859152744711455e-09,3.859124857555062e-09,3.859097140442304e-09,3.859070783678638e-09,3.859033884209507e-09,3.858992903693098e-09,3.858944101169408e-09,3.858877784151153e-09,3.858806195780165e-09,3.858708930820058e-09,3.858600953110848e-09,3.858465428332517e-09,3.858292663997781e-09,3.8580838504120956e-09,3.857852250979114e-09,3.8575674278878905e-09,3.857230061312973e-09,3.8568185557125195e-09,3.856316756941058e-09,3.855698648322195e-09,3.8549536871504644e-09,3.85406197832039e-09,3.852992743933758e-09,3.8517077241723415e-09,3.85016610856337e-09,3.8483372892522636e-09,3.846132673504379e-09,3.843476591901452e-09,3.840264297563366e-09,3.836450898970072e-09,3.83183472436862e-09,3.826354047918944e-09,3.819823352013565e-09,3.812039094419531e-09,3.8027931417257045e-09,3.791577233502434e-09,3.778286452825968e-09,3.762074662560827e-09,3.742688327644916e-09,3.7184734336255004e-09,3.688673456363566e-09,3.6523290096616917e-09,3.608673196719032e-09,3.5555451030022966e-09,3.490805409520036e-09,3.411289774239672e-09,3.3121266170176545e-09,3.1854906997435402e-09,3.015090141599374e-09,2.7830902558527717e-09,2.4918454666954198e-09,2.062491746062217e-09,1.6265639683963155e-09,1.2954959798205277e-09,1.0279498322020216e-09,7.778328172427246e-10,5.415179041750029e-10,3.7362838041178566e-10,2.579818732370559e-10,1.78226986560065e-10,1.2323402428127402e-10,8.528861674127156e-11,5.909016370148846e-11,4.094565746330911e-11,2.8331140329406316e-11,1.9442279272336938e-11,1.2905121708768529e-11,9.336585952108279e-12,6.8689126984795e-12,5.082944383783865e-12,3.766296505969117e-12,2.7929667303509293e-12,2.0573579586311047e-12,1.4965540452857554e-12,1.0916801466577149e-12,8.296429027325531e-13,6.157280079513374e-13,4.655794768767638e-13,3.540308512992777e-13,2.707094693892651e-13
0.4,3e-06,1.3605442176870747e-07,0.5,1.628661687448112e-08,1.6286615394247963e-08,1.6286615394247963e-08,1.6286612433781647e-08,1.628660947331533e-08,1.6286600591916385e-08,1.6286597631450068e-08,1.6286586529701383e-08,1.6286582089001912e-08,1.6286573207602963e-08,1.6286562105854278e-08,1.628654878375586e-08,1.62865332413077e-08,1.628651325816007e-08,1.6286498455828492e-08,1.6286476992447703e-08,1.6286448127901126e-08,1.6286420003471127e-08,1.6286385958108498e-08,1.628632896913192e-08,1.628626827957245e-08,1.628619352779798e-08,1.6286092871943244e-08,1.6285990735855354e-08,1.6285879718368516e-08,1.6285743536917998e-08,1.6285559988006423e-08,1.6285346834431695e-08,1.6285065590131706e-08,1.6284742159186717e-08,1.6284348417166735e-08,1.6283874742556226e-08,1.628335222025151e-08,1.6282720160693113e-08,1.6281883828958934e-08,1.6280931298921868e-08,1.6279867011281382e-08,1.6278447467683014e-08,1.6276706713489398e-08,1.627475502607079e-08,1.62722408500522e-08,1.6269246338373897e-08,1.626557610025904e-08,1.62612205141921e-08,1.625592349983678e-08,1.624958440133834e-08,1.624190125113259e-08,1.6232935478895567e-08,1.622179006333363e-08,1.620866853650598e-08,1.6192776013206858e-08,1.6173853452633644e-08,1.6151021596290582e-08,1.6123797148051636e-08,1.6091306030237104e-08,1.6053312145658312e-08,1.6005902497962517e-08,1.5946351977906137e-08,1.5872930192927665e-08,1.578393265454585e-08,1.5677157515938405e-08,1.5549873746929124e-08,1.5395709683890095e-08,1.5209903416752556e-08,1.498443430215076e-08,1.4708280523991454e-08,1.4367747705214903e-08,1.3941709218075877e-08,1.3396293627340156e-08,1.265723097442983e-08,1.1510518030783712e-08,9.86871520341861e-09,7.70810693679623e-09,6.1134502756248265e-09,4.905073779089518e-09,3.935526981638644e-09,3.0691257910921962e-09,2.1680812237197223e-09,1.4944345147537048e-09,1.030208232492209e-09,7.10085608612501e-10,4.894376134057826e-10,3.3737770180061877e-10,2.324276906767884e-10,1.600960974190632e-10,1.1011898531099864e-10,7.552741664549615e-11,5.145734526590198e-11,3.435177089393284e-11,2.2475860268603275e-11,1.5982077405170544e-11,1.14422023100832e-11,8.206412627050616e-12,5.937215196085862e-12,4.46882390351115e-12,3.3823327656584884e-12,2.547481264638187e-12,1.9020996078210754e-12,1.4299052304709406e-12,1.090931837326173e-12
0.5,3e-06,2.6666666666666667e-07,0.5,6.150397156778579e-08,6.150397156778579e-08,6.150396588134294e-08,6.150396019490009e-08,6.150395450845725e-08,6.150394313557156e-08,6.150393744912871e-08,6.150391470335734e-08,6.15039090169145e-08,6.150387489825744e-08,6.150383509315753e-08,6.15038066609433e-08,6.15037668558434e-08,6.150373273718634e-08,6.150368155920074e-08,6.150363038121515e-08,6.150355077101533e-08,6.150341429638707e-08,6.15032891946445e-08,6.150311860135918e-08,6.150293663518817e-08,6.150269780458871e-08,6.150239642311798e-08,6.15020097450046e-08,6.150159463467698e-08,6.150116246502083e-08,6.150063362583634e-08,6.149997115524501e-08,6.149919779901822e-08,6.149824531984184e-08,6.149700851852326e-08,6.149537082298419e-08,6.149375587321649e-08,6.149152678762161e-08,6.148908161719869e-08,6.148613603980548e-08,6.148247397061392e-08,6.147822051136658e-08,6.147270181858646e-08,6.146596907025912e-08,6.145807913081302e-08,6.144859983059201e-08,6.143710752960423e-08,6.14230023081296e-08,6.140567856000524e-08,6.138541207770911e-08,6.136106841589381e-08,6.133079948063502e-08,6.129409349207679e-08,6.124994963627856e-08,6.119559292913245e-08,6.112829103485189e-08,6.104597408824166e-08,6.094693047000571e-08,6.082652288600474e-08,6.067599705748033e-08,6.048307879755367e-08,6.025127379823808e-08,5.997604712136544e-08,5.964638981358973e-08,5.925390015560887e-08,5.8783102493222835e-08,5.821845862136029e-08,5.753300627127626e-08,5.670084085259476e-08,5.56833400455191e-08,5.4433184115922673e-08,5.2870620702917903e-08,5.0877974558290366e-08,4.8225425251277045e-08,4.399397253774663e-08,3.530306634163286e-08,2.7430771927681845e-08,2.174318042219416e-08,1.7515119671820208e-08,1.4235168066496176e-08,1.1512317266602076e-08,8.920095431721105e-09,6.240074919328262e-09,4.298734705261018e-09,2.960731763388541e-09,2.0384475985147982e-09,1.4028625089515203e-09,9.648756217755519e-10,6.628060914576647e-10,4.546879698088939e-10,3.109517540402669e-10,2.1175744506895196e-10,1.4341208852651707e-10,9.585068057902346e-11,6.239165088473217e-11,3.9577642194471005e-11,2.781807839301037e-11,2.031766028173059e-11,1.527378547907315e-11,1.1503673873479144e-11,8.569469365958018e-12,6.317637999720875e-12,4.816417088896112e-12,3.718933619997707e-12
0.6,3e-06,5.2734375e-07,0.5,2.3811321180304614e-07,2.3811321180304614e-07,2.3811316731482786e-07,2.3811307833839133e-07,2.3811303385017305e-07,2.3811301160606393e-07,2.3811290038551828e-07,2.381128558973e-07,2.381127891649726e-07,2.3811274467675432e-07,2.381126557003178e-07,2.3811252223566298e-07,2.381123442827899e-07,2.3811216632991682e-07,2.381118994006072e-07,2.3811165471540672e-07,2.3811127656555143e-07,2.381107871951505e-07,2.3811023109242212e-07,2.3810967498969374e-07,2.3810905215463797e-07,2.3810820687849086e-07,2.3810687223194278e-07,2.3810562656183126e-07,2.3810426967117403e-07,2.3810240116600673e-07,2.3810015451098414e-07,2.3809759643843366e-07,2.3809410411329952e-07,2.380905672999471e-07,2.3808600725757452e-07,2.3808100233301924e-07,2.380747294942433e-07,2.3806665488262741e-07,2.3805708991569953e-07,2.3804656845207886e-07,2.380331552542707e-07,2.3801737305883968e-07,2.379981430264928e-07,2.3797344094329884e-07,2.379447460425152e-07,2.3790984503528298e-07,2.378675144955998e-07,2.3781525196118808e-07,2.3775230113233712e-07,2.3767608169238738e-07,2.3758101036994606e-07,2.3746494060848167e-07,2.3731580497878867e-07,2.3713263586211973e-07,2.368951021427258e-07,2.3659540726035522e-07,2.3621345366240483e-07,2.3572908818599873e-07,2.3512051160418495e-07,2.3437163030400463e-07,2.3349876033950798e-07,2.3246861340137507e-07,2.3124427539049706e-07,2.2979400396313878e-07,2.2805348027773758e-07,2.2595393667090377e-07,2.2341721846519292e-07,2.203387672256178e-07,2.1658568552215367e-07,2.1196023434664845e-07,2.0622021983884447e-07,1.989282004705551e-07,1.8936327803089135e-07,1.7570105742095996e-07,1.429666820287417e-07,1.0935990379831863e-07,8.55089803183162e-08,6.829833493101366e-08,5.553293006906232e-08,4.56854851992799e-08,3.763031493480036e-08,3.040954344806915e-08,2.2543626064106858e-08,1.553088148600251e-08,1.0695301333557191e-08,7.3615989416624235e-09,5.06398266503949e-09,3.4808471738202084e-09,2.3893954709123317e-09,1.6373443851803246e-09,1.1185895160521e-09,7.617717614238316e-10,5.155739615219754e-10,3.459403852614445e-10,2.2973715914224528e-10,1.5014773665861307e-10,9.300262029180166e-11,6.688803616777029e-11,4.971558391585188e-11,3.6791756508643856e-11,2.711556903508879e-11,2.0531312731244425e-11,1.5593120503361148e-11,1.1789377841342952e-11
0.7,3e-06,1.130334486735e-06,0.5,1.0874611578241688e-06,1.0874611578241688e-06,1.0874611578241688e-06,1.0874610556180152e-06,1.087460442381094e-06,1.0874601357626334e-06,1.0874599313503262e-06,1.0874596247318657e-06,1.0874591137010978e-06,1.0874589092887909e-06,1.0874585004641768e-06,1.087457785021102e-06,1.0874570695780271e-06,1.0874564563411059e-06,1.0874547188364957e-06,1.0874535945688067e-06,1.0874519592703501e-06,1.0874496085288187e-06,1.087446644550366e-06,1.0874437827780668e-06,1.0874405121811536e-06,1.0874360151103979e-06,1.087430649287337e-06,1.087424005887357e-06,1.0874163404258415e-06,1.0874079595212513e-06,1.0873980455243578e-06,1.0873822035705592e-06,1.0873686101521381e-06,1.087347760096816e-06,1.0873223107645847e-06,1.0872941018662075e-06,1.0872567966201655e-06,1.087216016364903e-06,1.0871613360727592e-06,1.0871006256175565e-06,1.0870281103516197e-06,1.0869384244518884e-06,1.0868288594552934e-06,1.08669680910492e-06,1.0865370608869367e-06,1.08635237436749e-06,1.0861223083158714e-06,1.0858280056967529e-06,1.0854641006870738e-06,1.0850184307545625e-06,1.0844474049747346e-06,1.083696956292367e-06,1.0826978400384367e-06,1.0813909810561974e-06,1.0796605797736884e-06,1.0774632496787318e-06,1.0745721953166223e-06,1.071016800956503e-06,1.0669972373500814e-06,1.0621807723645087e-06,1.0565936218781674e-06,1.049946031445772e-06,1.0419723672742716e-06,1.0324369930766799e-06,1.0208856025005115e-06,1.0069342070269167e-06,9.897607625629733e-07,9.687658300181691e-07,9.424710995877012e-07,9.090943003661393e-07,8.649706263059992e-07,8.010217691283201e-07,6.922051770927297e-07,5.70780893884135e-07,4.3550082905858227e-07,3.3803285059053684e-07,2.685610794940165e-07,2.180634719775842e-07,1.8028664674304818e-07,1.507945501083116e-07,1.264109214398116e-07,1.0451744349616032e-07,8.136652324550634e-08,5.6648782661084066e-08,3.901106674468512e-08,2.6849760947266818e-08,1.8465892378533614e-08,1.2687667488149341e-08,8.706942220073162e-09,5.9674084805868255e-09,4.078127732399804e-09,2.7756125116859594e-09,1.883454997435242e-09,1.2694004269668822e-09,8.489243113032949e-10,5.730699028988171e-10,3.832730757750248e-10,2.442727069606158e-10,1.6904897795517091e-10,1.2489591962588808e-10,9.321201202848602e-11,7.072665824968458e-11,5.345381830142346e-11,3.9349369112902544e-11
0.8,3e-06,2.9629629629620003e-06,0.5,7.446825441549349e-06,7.446824037495287e-06,7.446822633441225e-06,7.446820527360134e-06,7.446818421279041e-06,7.44681771925201e-06,7.446814911143887e-06,7.4468114010087335e-06,7.446810698981703e-06,7.446799466549211e-06,7.446793850332964e-06,7.446786830062657e-06,7.446771385467981e-06,7.446758748981428e-06,7.446737688170505e-06,7.4467208395217665e-06,7.446698374656782e-06,7.44666748546743e-06,7.44664080844026e-06,7.446603601007631e-06,7.446556565196571e-06,7.446489170601618e-06,7.446410543574173e-06,7.446325598303453e-06,7.44622555945157e-06,7.446090770261665e-06,7.445932463166231e-06,7.44575344627339e-06,7.4455449442452555e-06,7.4452925655276995e-06,7.444979812485499e-06,7.444608440186231e-06,7.4441521226162414e-06,7.443612965856624e-06,7.4429579746369315e-06,7.442126072605489e-06,7.4411232269920585e-06,7.43988028813411e-06,7.4383716320450226e-06,7.436549520886704e-06,7.434389383713077e-06,7.431789777618199e-06,7.428511662398098e-06,7.424312136700135e-06,7.419080280253449e-06,7.412173387311386e-06,7.402782371721006e-06,7.389959496990789e-06,7.372353010073022e-06,7.349842864345446e-06,7.321070988517071e-06,7.287842996110991e-06,7.2496418442190586e-06,7.204244564248393e-06,7.150634621058465e-06,7.0864539058529755e-06,7.009632491931751e-06,6.916162857989735e-06,6.802082763465362e-06,6.662267762047651e-06,6.487344037808473e-06,6.26615287109401e-06,5.977267343885141e-06,5.576874651219608e-06,4.987193006198116e-06,4.384229711781809e-06,3.814435790514515e-06,3.264955723409086e-06,2.7113835407413986e-06,2.0899878246056457e-06,1.6224999515164526e-06,1.291020338270714e-06,1.0520419126780662e-06,8.755719739036547e-07,7.407167934582119e-07,6.326186712628841e-07,5.404642849629851e-07,4.5539194734932097e-07,3.66029522550726e-07,2.58365604073919e-07,1.7780449215987287e-07,1.224271959200246e-07,8.418216733866948e-08,5.7843517198883124e-08,3.97185833189054e-08,2.716212784685948e-08,1.8571774085051925e-08,1.2641400742767017e-08,8.592810856415187e-09,5.837354760710154e-09,3.989970629283964e-09,2.7178976495597546e-09,1.834396631357262e-09,1.2166128442947321e-09,7.697726392205273e-10,5.686418949098286e-10,4.1208986705193756e-10,2.8923513667018443e-10,2.1552229844113257e-10,1.4216047372745715e-10
0.9,3e-06,1.3462603878116e-05,0.5,0.00015347647100897587,0.00015347639129342994,0.0001534762173686025,0.00015347608692498188,0.00015347582603774068,0.00015347556515049948,0.00015347515932590206,0.00015347478248877586,0.00015347420273935098,0.00015347379691475356,0.00015347326064653552,0.0001534725214660188,0.00015347165184188144,0.00015347069525533036,0.00015346952126274495,0.00015346783998941276,0.00015346635438151147,0.00015346411509935783,0.00015346135404272176,0.0001534580567178677,0.00015345402745936467,0.00015344883870201188,0.00015344304120776294,0.00015343619291768138,0.00015342784452596292,0.00015341776413283756,0.00015340609667566156,0.0001533913927808727,0.00015337382637329843,0.000153352158238543,0.00015332734496315757,0.0001532966182436382,0.00015325905772777288,0.00015321447499699856,0.00015315889876775466,0.00015309264790222492,0.00015300947560035612,0.00015290690343335676,0.00015277582933525608,0.00015261128920160343,0.00015239600649953692,0.00015210907401542136,0.0001517236276102807,0.00015120262129586428,0.0001505044508040681,0.0001496003315759462,0.00014849269855908315,0.00014719126980321375,0.00014565670206299108,0.000143854616197519,0.00014167860644672604,0.00013904735570690303,0.000135805469391575,0.00013173799090772693,0.00012655258160785619,0.00011971874902758141,0.0001103639630355697,9.901063583859281e-05,8.853152729314892e-05,7.888106184757355e-05,7.018005928201457e-05,6.22740308684734e-05,5.508701493855334e-05,4.8571877864010515e-05,4.258867538054339e-05,3.707788171595096e-05,3.189387830843556e-05,2.678911215356751e-05,2.1243359598654e-05,1.6545606527532647e-05,1.3227338225474856e-05,1.0854075979729586e-05,9.115219035909981e-06,7.799115372722937e-06,6.760305859462598e-06,5.894435599648082e-06,5.124977669193405e-06,4.3853043654426465e-06,3.5927071860668956e-06,2.562448976823741e-06,1.7594163077999013e-06,1.2095602126271852e-06,8.310852943208885e-07,5.700603626302651e-07,3.911134557689816e-07,2.672282505369872e-07,1.8230220665785628e-07,1.250084697427262e-07,8.627396129200901e-08,5.932285990225836e-08,4.025635069106343e-08,2.72554698378199e-08,1.8080935188875474e-08,1.1616729101309571e-08,8.073010741646204e-09,5.268472898722432e-09,3.406027871251091e-09,1.3624111485004363e-09,0.0,0.0
1.0,3e-06,1.3462603878116e-05,0.5,0.0001534766014525965,0.00015347650724331492,0.0001534764130340334,0.00015347634056535526,0.00015347619562799904,0.00015347594923449347,0.00015347567385351666,0.0001534753839788042,0.00015347490568552865,0.00015347442739225314,0.00015347378966788574,0.0001534731084623115,0.00015347216636949604,0.00015347104310498531,0.0001534698691123999,0.00015346817334533207,0.0001534662456784943,0.00015346373826223165,0.00015346104242740588,0.00015345758567145997,0.00015345324479764107,0.0001534480705340239,0.00015344221506483245,0.00015343528705920496,0.0001534263516711938,0.00015341578573792512,0.00015340381391230106,0.0001533886679585757,0.00015336978986792762,0.00015334768692110352,0.00015332146050649488,0.00015328966849740728,0.0001532499774024055,0.0001532032858330981,0.0001531469269421306,0.00015307695843341375,0.00015299336581321187,0.00015288848189538078,0.00015276103123118567,0.00015259909996994504,0.00015239610795568628,0.00015213501055531752,0.00015180079225873407,0.00015136088564199248,0.00015077803455767547,0.00015003912217504488,0.0001491156683036028,0.0001480200433467029,0.00014672147710361887,0.0001451852208431962,0.00014332918204686994,0.0001410826747660099,0.0001383208064807583,0.00013483649794341092,0.00013037515944089344,0.0001245400756886189,0.00011656699925408876,0.00010628967974284694,9.634149122698517e-05,8.68963150527647e-05,7.772899828416021e-05,6.905306263436006e-05,6.072246197636574e-05,5.376670809203581e-05,4.780840584636787e-05,4.255058584332786e-05,3.784726717772753e-05,3.361960392778132e-05,2.9848239709565585e-05,2.6526152308171304e-05,2.3587105351804364e-05,2.100073446433594e-05,1.8690186612628557e-05,1.6641569551088196e-05,1.481525015965555e-05,1.3171356171633548e-05,1.1692437129332891e-05,1.0357549584779288e-05,9.186847077355611e-06,8.154320598487558e-06,7.356172318368449e-06,6.731434338102888e-06,6.2329440419757625e-06,5.802139491204989e-06,5.407975104087504e-06,5.038160192815558e-06,4.685100039923043e-06,4.349135248197085e-06,4.0291497999947614e-06,3.7254553106319535e-06,3.438138742522396e-06,3.1714757476746806e-06,2.968041674479445e-06,2.8054726888714115e-06,2.6726376018926194e-06,2.5385995348571723e-06,3.6641613026850564e-07,2.9177339181342855e-07,2.276241179489293e-07,1.7134494252736338e-07
1/0.9,3e-06,1.3462603878116e-05,0.5,0.0001534763695528265,0.00015347626809667715,0.0001534761666405278,0.0001534760361969072,0.00015347580429713725,0.0001534755144224248,0.0001534752100539767,0.00015347490568552865,0.00015347444188598875,0.0001534737679272823,0.00015347323165906427,0.0001534723330474557,0.00015347147067018617,0.00015347038364001448,0.0001534691081912797,0.00015346749938662565,0.00015346536880748917,0.0001534630643035252,0.00015346056413413034,0.00015345740449976468,0.00015345353467235352,0.0001534484038899432,0.0001534429542453492,0.00015343617117707795,0.00015342780829162385,0.00015341760470174572,0.00015340561838238603,0.0001533906028722813,0.00015337344953617225,0.00015335223070722114,0.00015332709132278416,0.0001532959152974605,0.00015325805041314713,0.0001532144460095273,0.00015315824654965165,0.00015309011874535883,0.00015300722907133464,0.00015290472937301341,0.0001527764163315488,0.00015261220230694764,0.00015239574561229572,0.00015211192203447115,0.00015172950482007555,0.0001512081651497398,0.00015050533492194106,0.0001496064769198501,0.00014850029327654926,0.00014719345111042492,0.00014565876742031727,0.00014386018179199798,0.00014169209286772264,0.0001390576535060627,0.00013580077342123336,0.00013174852060665658,0.00012655404547515402,0.00011973143104625096,0.00011036946340823838,9.8998040782337e-05,8.853823789274206e-05,7.889209158038214e-05,7.018329863192616e-05,6.226943635428111e-05,5.508620328935849e-05,4.857709560883456e-05,4.259256694855798e-05,3.7098158452086626e-05,3.19004584644081e-05,2.6804359563442222e-05,2.1198095662305415e-05,1.6513386953244176e-05,1.3204930910202711e-05,1.0835335579569892e-05,9.09704389143956e-06,7.78214320830917e-06,6.742333627290891e-06,5.874419750753624e-06,5.100860093117823e-06,4.353287703452887e-06,3.5113176136796165e-06,2.582921378390303e-06,1.776750815604226e-06,1.2204087737405107e-06,8.38498840091718e-07,5.755245009598892e-07,3.951861954788606e-07,2.697284199318417e-07,1.840269611969153e-07,1.262766716096814e-07,8.715083229716089e-08,5.985912812028513e-08,4.06839158919226e-08,2.757433202151149e-08,1.830558809102182e-08,1.1768913325344195e-08,8.18171375881379e-09,5.369929048078848e-09,3.464002813740471e-09,1.384151751933954e-09,0.0,0.0
1/0.8,3e-06,2.9629629629620003e-06,0.5,7.446828249657471e-06,7.44682614357638e-06,7.44682614357638e-06,7.446824739522318e-06,7.446824037495287e-06,7.446822633441225e-06,7.4468163151979495e-06,7.446809996954672e-06,7.446807188846549e-06,7.446802274657334e-06,7.446792446278904e-06,7.446787532089689e-06,7.446776299657196e-06,7.446762259116581e-06,7.446744708440812e-06,7.446726455738012e-06,7.44670469290006e-06,7.446674505737736e-06,7.446643616548384e-06,7.446606409115754e-06,7.44654673681814e-06,7.4464954888448945e-06,7.446428796276973e-06,7.446325598303453e-06,7.4462181881677475e-06,7.446105161815796e-06,7.445957034112307e-06,7.445760466543696e-06,7.445530903704641e-06,7.445253603027493e-06,7.444906099647271e-06,7.444552629037286e-06,7.444075952683405e-06,7.443541359099487e-06,7.442846703352557e-06,7.442053061794291e-06,7.441092688816221e-06,7.439875373944895e-06,7.438428847248029e-06,7.4367352070363375e-06,7.434550498916634e-06,7.431846290794175e-06,7.42859730969585e-06,7.424352854267918e-06,7.418923377212076e-06,7.41202666366196e-06,7.4027581517884445e-06,7.389730987192279e-06,7.372054999598468e-06,7.349487638667886e-06,7.320739982772071e-06,7.287489876514522e-06,7.249551633745606e-06,7.2039433946521995e-06,7.1505872342338885e-06,7.086291386595356e-06,7.009688303080695e-06,6.916211297854858e-06,6.80220210806059e-06,6.6622912799531805e-06,6.48728576956492e-06,6.266031069404175e-06,5.977194684087458e-06,5.5768595576384465e-06,4.986290901463598e-06,4.383190711776295e-06,3.8144533411902844e-06,3.265226003815926e-06,2.7116545231752694e-06,2.0894437536568123e-06,1.6222851312450423e-06,1.2907335602286512e-06,1.0518207741633791e-06,8.753768103891053e-07,7.405469029167696e-07,6.324010428833508e-07,5.401848782047454e-07,4.5501425680677594e-07,3.6485819044991484e-07,2.585937628589137e-07,1.779799989175611e-07,1.225314469340914e-07,8.426500652829832e-08,5.789687125322034e-08,3.975754581911218e-08,2.7191963995666478e-08,1.859318590948989e-08,1.2652984188774439e-08,8.602990248361106e-09,5.840864895863918e-09,3.993480764437729e-09,2.7231628522904015e-09,1.8354496719033913e-09,1.2180168983562378e-09,7.715277067974094e-10,5.693439219405815e-10,4.1349392111344324e-10,2.8993716370093727e-10,2.1552229844113257e-10,1.4216047372745715e-10
1/0.7,3e-06,1.130334486735e-06,0.5,1.0874614644426293e-06,1.0874613622364757e-06,1.0874613622364757e-06,1.0874612600303223e-06,1.0874609534118616e-06,1.087460851205708e-06,1.0874605445872475e-06,1.087460442381094e-06,1.0874598291441727e-06,1.0874594203195586e-06,1.0874589092887909e-06,1.087458193845716e-06,1.0874574784026412e-06,1.087456660753413e-06,1.0874548210426493e-06,1.0874532879503462e-06,1.0874518570641965e-06,1.0874496085288187e-06,1.0874471555811339e-06,1.0874446004272953e-06,1.0874395923257718e-06,1.0874345842242484e-06,1.087429780535032e-06,1.0874243636088944e-06,1.0874172091781465e-06,1.0874073973874066e-06,1.0873965635351316e-06,1.0873809259936399e-06,1.087363755359845e-06,1.0873438251599048e-06,1.087325325846114e-06,1.0872990588646543e-06,1.0872629800924546e-06,1.087219338064893e-06,1.0871671107204342e-06,1.087107831151381e-06,1.087040732811582e-06,1.0869561061164509e-06,1.0868499650259995e-06,1.0867171481294743e-06,1.0865610793330187e-06,1.0863742975874243e-06,1.0861398877742803e-06,1.0858595873981969e-06,1.0855009460054249e-06,1.0850631459467364e-06,1.0844991723915026e-06,1.0837585866029517e-06,1.0827667780889995e-06,1.081459970209837e-06,1.0797622748964607e-06,1.0775409774584989e-06,1.0746368918118133e-06,1.0710917691701246e-06,1.0671013343174621e-06,1.062212507375183e-06,1.0566400745749514e-06,1.0499940683379358e-06,1.042012687601843e-06,1.0324249327505621e-06,1.0208833539651336e-06,1.00692751252386e-06,9.897612224906641e-07,9.6874651305515e-07,9.424706396600103e-07,9.091035500230346e-07,8.64968888801389e-07,8.010696016081767e-07,6.921813630589548e-07,5.707638765595707e-07,4.354797745909531e-07,3.38022374459799e-07,2.6855923978325275e-07,2.1804313295302974e-07,1.802641613892694e-07,1.5077543755759961e-07,1.2639528389831998e-07,1.0449444711161383e-07,8.130060027647304e-08,5.667280110716596e-08,3.902159397849975e-08,2.6852929338026553e-08,1.8469265181600433e-08,1.269001822968076e-08,8.708781930836883e-09,5.9687371605828455e-09,4.078434350860424e-09,2.7762257486071994e-09,1.884170440510022e-09,1.2699114577345822e-09,8.49128723610375e-10,5.733765213594371e-10,3.8337528192856476e-10,2.442727069606158e-10,1.6904897795517091e-10,1.2489591962588808e-10,9.321201202848602e-11,7.072665824968458e-11,5.345381830142346e-11,3.9349369112902544e-11
1/0.6,3e-06,5.2734375e-07,0.5,2.3811345648824662e-07,2.381134342441375e-07,2.381133675118101e-07,2.3811334526770094e-07,2.3811334526770094e-07,2.381133007794827e-07,2.3811325629126441e-07,2.3811325629126441e-07,2.3811325629126441e-07,2.3811307833839133e-07,2.381129893619548e-07,2.3811294487373655e-07,2.3811281140908175e-07,2.3811267794442692e-07,2.381124110151173e-07,2.3811216632991682e-07,2.3811178818006153e-07,2.3811147676253364e-07,2.3811100963624182e-07,2.3811065373049569e-07,2.381098974307851e-07,2.3810923010751105e-07,2.3810845156369135e-07,2.3810718364947067e-07,2.381057822705952e-07,2.3810398049775526e-07,2.3810191179560576e-07,2.3809928699072788e-07,2.380965287211952e-07,2.3809294741962452e-07,2.3808878777121636e-07,2.3808347142913317e-07,2.3807715410213896e-07,2.380688348053226e-07,2.380590696414125e-07,2.3804714679891635e-07,2.3803334432919832e-07,2.3801792916156803e-07,2.3799912176729475e-07,2.3797508700737478e-07,2.37946781378501e-07,2.3791122417004934e-07,2.3786892699652986e-07,2.3781753198237434e-07,2.3775608263088997e-07,2.3768007450997704e-07,2.3758911834772564e-07,2.3747191413669534e-07,2.3732891788112352e-07,2.3714658291854714e-07,2.3691529979382003e-07,2.3661658365225135e-07,2.3623103763067574e-07,2.3574177845026001e-07,2.3512791889252675e-07,2.3438904744145704e-07,2.3350656802181422e-07,2.3248151498467314e-07,2.3125237224622206e-07,2.2979623949610682e-07,2.2804896472358325e-07,2.2594929877414923e-07,2.2341160182763642e-07,2.203345853331005e-07,2.1658049152267074e-07,2.119593557043376e-07,2.0621986393309833e-07,1.9892992438901305e-07,1.8935939643384737e-07,1.7569794324568113e-07,1.429575730660511e-07,1.0935724562727703e-07,8.550771240409553e-08,6.829694467419275e-08,5.5530527705275784e-08,4.568501807298807e-08,3.762842418552391e-08,3.040647376100857e-08,2.254569476625638e-08,1.5534307078809243e-08,1.0695768459849018e-08,7.361910359190308e-09,5.06480569707747e-09,3.4808694179293433e-09,2.389706888440216e-09,1.6375890703808051e-09,1.1186340042703693e-09,7.618162496421008e-10,5.156406938493792e-10,3.460071175888483e-10,2.297149150331107e-10,1.5014773665861307e-10,9.300262029180166e-11,6.691028027690491e-11,4.973782802498649e-11,3.6791756508643856e-11,2.711556903508879e-11,2.0553556840379033e-11,1.5593120503361148e-11,1.1789377841342952e-11
1/0.5,3e-06,2.6666666666666667e-07,0.5,6.150396019490009e-08,6.150394882201442e-08,6.150394313557156e-08,6.150393176268588e-08,6.150392038980019e-08,6.150391470335734e-08,6.150389764402881e-08,6.150387489825744e-08,6.150385215248606e-08,6.150382372027185e-08,6.150378960161478e-08,6.15037668558434e-08,6.15037156778578e-08,6.150361900832946e-08,6.150354508457248e-08,6.150344272860128e-08,6.150337449128715e-08,6.150328066498024e-08,6.15031868386733e-08,6.150303330471652e-08,6.150285133854551e-08,6.150260682150322e-08,6.150228838070395e-08,6.15020097450046e-08,6.150160316434125e-08,6.150119374045647e-08,6.150076157080033e-08,6.150003939255914e-08,6.149919779901822e-08,6.1498111688435e-08,6.149691753543776e-08,6.149542200096978e-08,6.149372744100226e-08,6.149152678762161e-08,6.148913848162713e-08,6.148625261188378e-08,6.148239151719268e-08,6.147794187566723e-08,6.147265064060085e-08,6.146652918487925e-08,6.145879562261136e-08,6.144888415273421e-08,6.143769038999574e-08,6.142377566435638e-08,6.140684996723111e-08,6.138634181111412e-08,6.136183324245633e-08,6.133209883282489e-08,6.12955918697662e-08,6.12513627173253e-08,6.119640324723771e-08,6.112983774730547e-08,6.104847896631446e-08,6.09488667037941e-08,6.082756350504519e-08,6.067666805773593e-08,6.048335174681017e-08,6.025114016683124e-08,5.997673518094957e-08,5.964580695319822e-08,5.925332866810305e-08,5.878230639122466e-08,5.8216707196964324e-08,5.7531840550493234e-08,5.670072428051646e-08,5.568424987637415e-08,5.443218045876069e-08,5.287035628332565e-08,5.087863987210312e-08,4.822512955624916e-08,4.399557327140723e-08,3.530285594324764e-08,2.743004406299781e-08,2.1742037447182507e-08,1.7514551027535804e-08,1.4234744426504296e-08,1.151166332567501e-08,8.91900363469505e-09,6.240211393956519e-09,4.298672154389735e-09,2.9607886278169814e-09,2.0384475985147982e-09,1.402839763180144e-09,9.64904053989772e-10,6.628231507861968e-10,4.546879698088939e-10,3.1097449981164306e-10,2.1177450439748406e-10,1.434177749693611e-10,9.58563670218675e-11,6.240302377042023e-11,3.9577642194471005e-11,2.781807839301037e-11,2.031766028173059e-11,1.527947192191718e-11,1.1503673873479144e-11,8.569469365958018e-12,6.3233244425649076e-12,4.816417088896112e-12,3.72462006284174e-12
1/0.4,3e-06,1.3605442176870747e-07,0.5,1.628661095354849e-08,1.628660947331533e-08,1.628660947331533e-08,1.6286606512849014e-08,1.6286603552382698e-08,1.6286597631450068e-08,1.6286593190750594e-08,1.6286585789584806e-08,1.6286584309351648e-08,1.6286570987253227e-08,1.628655618492165e-08,1.628653990235691e-08,1.6286529540724808e-08,1.6286511037810332e-08,1.6286496235478756e-08,1.628646515058244e-08,1.628643258545297e-08,1.6286398540090338e-08,1.6286379297059285e-08,1.6286324528432448e-08,1.6286270499922185e-08,1.6286202409196924e-08,1.628611063474114e-08,1.628601960040193e-08,1.6285907842798515e-08,1.6285717632837734e-08,1.6285566649055634e-08,1.628534387396538e-08,1.6285093714561702e-08,1.6284798408046716e-08,1.6284424649174364e-08,1.628394801409754e-08,1.6283395147013084e-08,1.6282780850252583e-08,1.6282026671458666e-08,1.628112594958212e-08,1.6279926220607697e-08,1.627850667700933e-08,1.6276785165846763e-08,1.6274860122624996e-08,1.6272387393134827e-08,1.6269413604720734e-08,1.6265803316048766e-08,1.62613996224042e-08,1.6256275795328347e-08,1.6249727243838073e-08,1.6242314236183625e-08,1.6233349204063183e-08,1.622251611769755e-08,1.6209480444393054e-08,1.6193408072765255e-08,1.617438337610415e-08,1.6151843125693182e-08,1.6124683067596603e-08,1.6092379939393113e-08,1.6053928662768552e-08,1.6006376912689603e-08,1.5946975156065588e-08,1.5873599998431588e-08,1.578490664796371e-08,1.567735956776445e-08,1.555021938137148e-08,1.5395615689084574e-08,1.5209978908643604e-08,1.4984199685195243e-08,1.4708003720390938e-08,1.436770847903622e-08,1.394176842740219e-08,1.3396363198298573e-08,1.2657350133199037e-08,1.1510226424851619e-08,9.869066018677017e-09,7.708306028155958e-09,6.1131475679440495e-09,4.9051507512137254e-09,3.935640219475218e-09,3.0691324521414065e-09,2.1681715179423503e-09,1.49447892174844e-09,1.0302459784377337e-09,7.101226144414469e-10,4.894464948047296e-10,3.373880634327236e-10,2.3241880927784135e-10,1.601005381185367e-10,1.1011602484468296e-10,7.553481781128533e-11,5.145882549905981e-11,3.435177089393284e-11,2.247882073491895e-11,1.5985037871486218e-11,1.14422023100832e-11,8.206412627050616e-12,5.937215196085862e-12,4.46882390351115e-12,3.3823327656584884e-12,2.547481264638187e-12,1.9020996078210754e-12,1.4299052304709406e-12,1.090931837326173e-12
1/0.3,3e-06,6.520951575896631e-08,0.5,3.859255110980659e-09,3.8592544308061135e-09,3.859253750631567e-09,3.859253410544294e-09,3.859252730369748e-09,3.859251710107929e-09,3.859251029933382e-09,3.859250179715199e-09,3.859247799104288e-09,3.8592447383188295e-09,3.859242357707918e-09,3.859239977097006e-09,3.859234365657001e-09,3.859229434391541e-09,3.859222462602441e-09,3.859216170987889e-09,3.859208008893335e-09,3.859199336667871e-09,3.85918998426786e-09,3.8591750204278435e-09,3.859157846020552e-09,3.85913676060962e-09,3.85911703554778e-09,3.859088298173203e-09,3.8590505484858885e-09,3.859007357402205e-09,3.858953283525782e-09,3.858886626420253e-09,3.8588017746456144e-09,3.8587131819109716e-09,3.858602483503577e-09,3.8584669587252455e-09,3.858298445481424e-09,3.858102725255753e-09,3.857859732899122e-09,3.857585452513365e-09,3.8572355027093424e-09,3.856809543399783e-09,3.856289379915573e-09,3.855697117929465e-09,3.854958108285015e-09,3.8540701404149456e-09,3.85299359415194e-09,3.851764348703313e-09,3.850219672308883e-09,3.8484121084523455e-09,3.846190148253533e-09,3.843502268490571e-09,3.840319901832518e-09,3.836489158788296e-09,3.831896790295962e-09,3.8263788742898806e-09,3.819879976544536e-09,3.812093508383227e-09,3.802805384867536e-09,3.7916622553207094e-09,3.778289683655062e-09,3.762243855979196e-09,3.742724546939501e-09,3.718418339487258e-09,3.6886875699853996e-09,3.6523596175162706e-09,3.608644119257182e-09,3.5555007216131568e-09,3.490841628814621e-09,3.4112651179123725e-09,3.3121281474103838e-09,3.1854893393944483e-09,3.0151261908503225e-09,2.783118143009166e-09,2.49180550644083e-09,2.0624652192549154e-09,1.6266022282145393e-09,1.2955299885478376e-09,1.0279535731620258e-09,7.778741378464066e-10,5.415573542986828e-10,3.7362038836086777e-10,2.579864644152428e-10,1.782242658618802e-10,1.2323385423763747e-10,8.52870863485426e-11,5.909152405058087e-11,4.0947357899674616e-11,2.8330970285769765e-11,1.944517001415831e-11,1.2905461796041632e-11,9.336585952108279e-12,6.86874265484295e-12,5.083284471056968e-12,3.766296505969117e-12,2.7929667303509293e-12,2.0573579586311047e-12,1.4965540452857554e-12,1.0916801466577149e-12,8.296429027325531e-13,6.157280079513374e-13,4.655794768767638e-13,3.540308512992777e-13,2.707094693892651e-13
1/0.2,3e-06,2.604166666666668e-08,0.5,6.566399199914792e-10,6.566398115286298e-10,6.566395674872187e-10,6.56639513255794e-10,6.566393234458076e-10,6.566391065201088e-10,6.566387811315607e-10,6.566384015115879e-10,6.566378049659164e-10,6.566371270731078e-10,6.566363678331622e-10,6.566355272460795e-10,6.566344968490104e-10,6.566330868319686e-10,6.566321920134613e-10,6.566306464178577e-10,6.56628775433706e-10,6.566258740524851e-10,6.566232709441002e-10,6.566197459014955e-10,6.566153531560959e-10,6.566103909807369e-10,6.566041272511856e-10,6.565971856288256e-10,6.565883187908893e-10,6.565766861502938e-10,6.565649179311368e-10,6.56548133305196e-10,6.565291251908431e-10,6.565050193225696e-10,6.564775239902532e-10,6.56444605515468e-10,6.564061283196524e-10,6.563563167560772e-10,6.562990212558951e-10,6.562313675535977e-10,6.561489086723608e-10,6.560494482394844e-10,6.559316033536389e-10,6.557836871428044e-10,6.556038286228292e-10,6.553926514550969e-10,6.551372756762446e-10,6.548324408380775e-10,6.544680870113162e-10,6.540223589318117e-10,6.534869320758743e-10,6.528346636154483e-10,6.52054219182774e-10,6.5111330396445e-10,6.499637875710666e-10,6.485887226824088e-10,6.469572516178297e-10,6.449922301757115e-10,6.426594383270768e-10,6.39878911836224e-10,6.365464992520413e-10,6.325578593134305e-10,6.277355467988148e-10,6.218366049255953e-10,6.145515891845065e-10,6.056448098038576e-10,5.948100761598642e-10,5.814712878280738e-10,5.64898028865086e-10,5.438177046591894e-10,5.162520884163547e-10,4.815229619394429e-10,4.3939520488672257e-10,3.853328195502143e-10,3.076167204435497e-10,2.4365628663024644e-10,1.9202601799668768e-10,1.4355763123238246e-10,9.991703435658638e-11,6.915154713150465e-11,4.7932634519819786e-11,3.3296250889537323e-11,2.3178456679909572e-11,1.6168882344807358e-11,1.1289626834270028e-11,7.829933096346374e-12,5.322597407355667e-12,3.92223355908128e-12,2.938746672377848e-12,2.2270676862069555e-12,1.7004805524936759e-12,1.3058927064691834e-12,1.0066437050448913e-12,7.768651586449773e-13,5.983353085745225e-13,4.568997529901525e-13,3.4550840668252357e-13,2.566773330447942e-13,1.8487492675886403e-13,1.3492778462189902e-13,9.940620145174473e-14,7.576130028810006e-14,5.797339299067928e-14,4.4090148270741124e-14
0.2,1e-05,8.680555555555556e-08,0.5,7.296000316159208e-09,7.295998508445051e-09,7.295997905873665e-09,7.295994893016738e-09,7.295994290445354e-09,7.295991880159811e-09,7.295986457017342e-09,7.2959840467318015e-09,7.295981033874874e-09,7.295973200446863e-09,7.295965668304546e-09,7.2959590400193055e-09,7.29594608473452e-09,7.2959346358781975e-09,7.295911738165551e-09,7.2958969751666085e-09,7.295874680025349e-09,7.2958496733128536e-09,7.2958147241725e-09,7.2957740506039845e-09,7.295726447464537e-09,7.295683062324787e-09,7.295631843757027e-09,7.295550797905688e-09,7.295457399340949e-09,7.295329654207241e-09,7.295183229360585e-09,7.29501450937267e-09,7.294803308102082e-09,7.294530041978797e-09,7.294194108431429e-09,7.2938455208849665e-09,7.293405342487922e-09,7.29289315681032e-09,7.292266181283797e-09,7.291468979340894e-09,7.290514506266398e-09,7.289370223205497e-09,7.288035226301112e-09,7.286404065560797e-09,7.284451432986362e-09,7.28212942415267e-09,7.279247626501928e-09,7.275748193181137e-09,7.2716401627610766e-09,7.2667111288283895e-09,7.260827320535515e-09,7.253591342053771e-09,7.244870627678367e-09,7.2344994702783145e-09,7.221809618187189e-09,7.206440733716512e-09,7.188328040442354e-09,7.166750260416371e-09,7.140708631567243e-09,7.109787078353339e-09,7.072610834158838e-09,7.0284055947534824e-09,6.974962936009731e-09,6.909310975854721e-09,6.82851549292718e-09,6.729627201581198e-09,6.608936069796783e-09,6.460780336836583e-09,6.276443205039202e-09,6.042524089364415e-09,5.736175290591483e-09,5.350131304240775e-09,4.881974312628319e-09,4.281338687789978e-09,3.417792731496121e-09,2.707123654967182e-09,2.133419656914227e-09,1.5949317383390212e-09,1.1101711934871751e-09,7.682477852621721e-10,5.325531930002634e-10,3.699318300761232e-10,2.575112918422072e-10,1.796572611325644e-10,1.2542945187361843e-10,8.699383348360212e-11,5.913695833591368e-11,4.357916773591007e-11,3.2652740804198314e-11,2.474218365648355e-11,1.8893023218270018e-11,1.4509918960768706e-11,1.118493005605435e-11,8.63123252466989e-12,6.6481700952724726e-12,5.075458779341978e-12,3.838982296472485e-12,2.851970367164381e-12,2.0541658528762673e-12,1.4991976069099893e-12,1.1039107780784164e-12,8.417922254233341e-13,6.441488110075477e-13,4.89890536341568e-13
0.3,1e-05,2.1736505252988774e-07,0.5,4.288063312731043e-08,4.2880629348562954e-08,4.2880629348562954e-08,4.2880625569815476e-08,4.288061801232052e-08,4.288060667607808e-08,4.28806028973306e-08,4.288057644609825e-08,4.288054243737094e-08,4.2880519764886065e-08,4.2880489534906234e-08,4.28804593049264e-08,4.288041773870414e-08,4.2880372393734395e-08,4.2880327048764645e-08,4.288024202694637e-08,4.288016645199679e-08,4.2880034195835025e-08,4.2879890603430827e-08,4.287962986985478e-08,4.287940125563231e-08,4.287918964577349e-08,4.28788835672277e-08,4.28785245862172e-08,4.287809380900461e-08,4.287757989934747e-08,4.2877054653447906e-08,4.287631401894204e-08,4.2875426013284496e-08,4.287441330896015e-08,4.2873236229120465e-08,4.2871694500149076e-08,4.286990904196529e-08,4.286783639897311e-08,4.286518938636413e-08,4.286199256599697e-08,4.285793608057836e-08,4.285327310618939e-08,4.284764844056703e-08,4.2840865588842395e-08,4.283238230075224e-08,4.2822525437953505e-08,4.2810614825899986e-08,4.279641807162172e-08,4.277937214174436e-08,4.275916528960089e-08,4.273463177159407e-08,4.2704896807682534e-08,4.2669399253865655e-08,4.2626914795960276e-08,4.257701454612754e-08,4.2515536214019424e-08,4.24424930252521e-08,4.2355453355822904e-08,4.225242013768922e-08,4.2128794635169215e-08,4.197943208357036e-08,4.180112432628306e-08,4.158554867198501e-08,4.131536633786925e-08,4.0985666841586916e-08,4.0580382948857696e-08,4.0095751027192604e-08,3.950617006242202e-08,3.8786711657427566e-08,3.7903312293060634e-08,3.68011839096245e-08,3.539441101506495e-08,3.350120562566661e-08,3.092276405781655e-08,2.7686731628070502e-08,2.291652016439225e-08,1.8072315156955734e-08,1.4394715301187975e-08,1.1421602452903225e-08,8.642938281761937e-09,6.016499063434779e-09,4.151137374834776e-09,2.8662404227124928e-09,1.980165705130491e-09,1.3692045871242321e-09,9.475662753062956e-10,6.564761313897232e-10,4.549423027233052e-10,3.1475643937698237e-10,2.1604232961169092e-10,1.4338268371348025e-10,1.0373606516476212e-10,7.632125220527394e-11,5.647338107230198e-11,4.184584958144343e-11,3.1029184923065084e-11,2.2859532873662816e-11,1.662837828094111e-11,1.2126000659820478e-11,9.218254474799644e-12,6.837643563086679e-12,5.1731052986270596e-12,3.929897378065845e-12,3.007882993211935e-12
0.4,1e-05,4.5351473922902503e-07,0.5,1.80962360375465e-07,1.809623439284299e-07,1.809623439284299e-07,1.8096231103435975e-07,1.8096229458732466e-07,1.8096227814028957e-07,1.8096222879918433e-07,1.8096219590511412e-07,1.809621301169738e-07,1.8096206432883343e-07,1.8096189163496502e-07,1.809616778235089e-07,1.809613982239124e-07,1.8096124197707908e-07,1.809611104007984e-07,1.8096088014230716e-07,1.809605676486405e-07,1.8096024693145632e-07,1.8095970417929844e-07,1.8095919432121074e-07,1.809584542046318e-07,1.8095744271197398e-07,1.8095656279559681e-07,1.8095547729128106e-07,1.8095372568204427e-07,1.8095183427300928e-07,1.8094984418176372e-07,1.8094756626740417e-07,1.8094449889536043e-07,1.8094074897136057e-07,1.8093647274223792e-07,1.8093122613804513e-07,1.8092499271174713e-07,1.8091787936907197e-07,1.809095160517302e-07,1.8089857054987972e-07,1.808855773921609e-07,1.8086943462722294e-07,1.8085059454853067e-07,1.8082729732332981e-07,1.8079992123342733e-07,1.8076675578717422e-07,1.8072655923342139e-07,1.8067626420012503e-07,1.8061772097873251e-07,1.805472947744896e-07,1.8046107119304552e-07,1.8036204359478612e-07,1.802409687459925e-07,1.800948039451735e-07,1.7991766937728552e-07,1.7970682661098653e-07,1.794532791180839e-07,1.791506701195165e-07,1.7879302934154767e-07,1.7836468275973943e-07,1.7783919176518928e-07,1.7718406524008265e-07,1.7636060331085963e-07,1.75377638035362e-07,1.7419066373664406e-07,1.7277375988740858e-07,1.7106361362608777e-07,1.690004482036576e-07,1.6649163391850757e-07,1.634242618747648e-07,1.5963794880977746e-07,1.5491016633881725e-07,1.488463912077325e-07,1.406334244371945e-07,1.2788473544792585e-07,1.0964453768991027e-07,8.564349451656156e-08,6.79262713567278e-08,5.450146120206385e-08,4.372888347850937e-08,3.410149636103407e-08,2.4086798014292822e-08,1.6602804956402523e-08,1.144621538665162e-08,7.889231555401176e-09,5.437636505319142e-09,3.7484108726291165e-09,2.5822338497788103e-09,1.7785823743182013e-09,1.2234949401288236e-09,8.39127730143468e-10,5.716989396273412e-10,3.8168634326615954e-10,2.4973178076241505e-10,1.7756219080025246e-10,1.2711913418813923e-10,9.116591548775466e-11,6.59690577343287e-11,4.965359892793277e-11,3.758147517400675e-11,2.8305347384886483e-11,2.113444008691408e-11,1.5887835894131516e-11,1.2105017824100205e-11
0.5,1e-05,8.888888888888891e-07,0.5,6.833775250468744e-07,6.833775250468744e-07,6.833773986814779e-07,6.833773354987796e-07,6.833772091333831e-07,6.833770195852883e-07,6.833768932198917e-07,6.833768300371934e-07,6.833767668544952e-07,6.833763245756074e-07,6.83376008662116e-07,6.833756927486247e-07,6.833752504697368e-07,6.833744922773576e-07,6.833737972676766e-07,6.83373165440694e-07,6.833724072483148e-07,6.833713331424442e-07,6.833697535749875e-07,6.83367731728643e-07,6.833657730649967e-07,6.833636880359539e-07,6.833604657183423e-07,6.833566747564462e-07,6.833523783329641e-07,6.833479871354346e-07,6.833413529521166e-07,6.83333897393721e-07,6.833248306765198e-07,6.833125732330559e-07,6.832998103280059e-07,6.83284204201534e-07,6.832661971325279e-07,6.832417138369494e-07,6.832127129784448e-07,6.831799211580443e-07,6.831355669038608e-07,6.830872953223848e-07,6.830232912490404e-07,6.829464610879476e-07,6.82860406252908e-07,6.827521111080782e-07,6.826263143558286e-07,6.824739492789577e-07,6.822844643668548e-07,6.820492035898576e-07,6.817746747658874e-07,6.814388271332491e-07,6.810232745267468e-07,6.805158226856151e-07,6.799102481140749e-07,6.791691150634026e-07,6.782512284143284e-07,6.771372226698333e-07,6.757958223942752e-07,6.741361708675462e-07,6.719973733485091e-07,6.694157914800167e-07,6.663667840097449e-07,6.627110962707131e-07,6.583692444285014e-07,6.531611577930488e-07,6.468566617945685e-07,6.392522449619423e-07,6.300046672868349e-07,6.187217537611025e-07,6.048099345258759e-07,5.874288481028543e-07,5.653163569114556e-07,5.358321507651482e-07,4.887996451848556e-07,3.922633691469521e-07,3.047970642193275e-07,2.41585428276496e-07,1.946090921149627e-07,1.5816218421097835e-07,1.279168476899973e-07,9.912379708003295e-08,6.932418290397663e-08,4.7758411600682505e-08,3.289310226590814e-08,2.2646069078263722e-08,1.5585086633432316e-08,1.0719892501474838e-08,7.363311656039121e-09,5.051962188034804e-09,3.454893123939207e-09,2.352418221877884e-09,1.5930253714065076e-09,1.0648811965924434e-09,6.932405653858011e-10,4.397515799384957e-10,3.0883702912921936e-10,2.2581496360634823e-10,1.6970872754522982e-10,1.2781859859419207e-10,9.521632628840704e-11,7.019597777466505e-11,5.351574543217038e-11,4.1321484666634513e-11
0.6,1e-05,1.757812499999e-06,0.5,2.645704577778852e-06,2.645704083465316e-06,2.6457038363085477e-06,2.645702847681475e-06,2.645702600524707e-06,2.645702600524707e-06,2.645702600524707e-06,2.645702600524707e-06,2.6457021062111706e-06,2.6457001289570252e-06,2.6456988931731844e-06,2.645698398859648e-06,2.6456979045461117e-06,2.6456964216055027e-06,2.645693702881053e-06,2.6456914784701394e-06,2.645689501215994e-06,2.6456852995509357e-06,2.6456788734749634e-06,2.645672200242223e-06,2.645660089560583e-06,2.645652180544002e-06,2.6456422942732753e-06,2.6456274648671858e-06,2.6456109053637187e-06,2.6455906385087295e-06,2.6455660464102972e-06,2.645542072203785e-06,2.645506728785938e-06,2.6454664422327278e-06,2.6454186173980883e-06,2.645355592422207e-06,2.6452835462242877e-06,2.6451898738091537e-06,2.645075687382263e-06,2.6449446942951368e-06,2.6447877497473537e-06,2.644602629328e-06,2.6443826598043356e-06,2.644114000397343e-06,2.6437977633124794e-06,2.643387730234098e-06,2.6429154136501393e-06,2.642346953083366e-06,2.6416458929104735e-06,2.6407804734867525e-06,2.6397134977185957e-06,2.6383912090089267e-06,2.636764176004114e-06,2.6346770606753662e-06,2.632078701571675e-06,2.6287556788237316e-06,2.624468744679955e-06,2.619155615634768e-06,2.6123690615161807e-06,2.604076457630796e-06,2.5942880609844926e-06,2.58289697627504e-06,2.5693033540261083e-06,2.553184160341709e-06,2.5338432781843125e-06,2.510576310764657e-06,2.4824084717891087e-06,2.448205435270187e-06,2.4064884622639766e-06,2.3551051880549346e-06,2.291264841995356e-06,2.2103040701835516e-06,2.1040318501658527e-06,1.952214322381491e-06,1.588605564812706e-06,1.2151591028223692e-06,9.500775372057625e-07,7.588696466522874e-07,6.170244001497424e-07,5.076436894588646e-07,4.1813858459330233e-07,3.3793448322722746e-07,2.5043653847591197e-07,1.7255027328166398e-07,1.1881171865041851e-07,8.177231106006537e-08,5.6254363374370525e-08,3.866347471394824e-08,2.6546614154786733e-08,1.8189749509679767e-08,1.242704230320532e-08,8.462153428344147e-09,5.726622318322738e-09,3.842793431388948e-09,2.5521407880449113e-09,1.6680610283280173e-09,1.0333624476869817e-09,7.429532450961653e-10,5.523953768429572e-10,4.087972945406046e-10,3.0103694362179955e-10,2.281256970138924e-10,1.7300973771367786e-10,1.309930871260704e-10
0.7,1e-05,3.767781622452e-06,0.5,1.2082902889226963e-05,1.2082901753603035e-05,1.2082899482355178e-05,1.208289834673125e-05,1.2082891532987682e-05,1.2082888126115896e-05,1.2082885854868039e-05,1.2082882447996256e-05,1.2082875634252686e-05,1.2082871091756973e-05,1.2082865413637332e-05,1.2082855193021977e-05,1.2082849514902338e-05,1.2082840429910912e-05,1.2082821124304131e-05,1.208280181869735e-05,1.20827836487145e-05,1.2082768885603432e-05,1.2082742766253084e-05,1.2082717782526664e-05,1.2082679171313103e-05,1.2082618983244908e-05,1.2082554252681e-05,1.2082492928988875e-05,1.208238731596355e-05,1.2082276024818584e-05,1.2082121579964347e-05,1.2081972813229748e-05,1.2081787706529449e-05,1.2081574209230943e-05,1.2081315286975308e-05,1.2080945641386673e-05,1.2080551579883579e-05,1.208009733031229e-05,1.2079538603339606e-05,1.2078855525546778e-05,1.2078006078848469e-05,1.2077022060714663e-05,1.2075843283077169e-05,1.2074376624773869e-05,1.2072572686163888e-05,1.2070353677008141e-05,1.2067731521357876e-05,1.2064630700221865e-05,1.2060726425156637e-05,1.2055852327256705e-05,1.2049827842317486e-05,1.2042189067964297e-05,1.2032346615378394e-05,1.2019643526117299e-05,1.2003044111158472e-05,1.198077452592603e-05,1.1950778155485963e-05,1.1912687057685527e-05,1.1865915250577759e-05,1.1810420716077314e-05,1.1746402188371634e-05,1.1671612835518727e-05,1.158215178932515e-05,1.1474197107460472e-05,1.13457251080846e-05,1.1189033421904364e-05,1.099831219690298e-05,1.0764296445262048e-05,1.0472106086650063e-05,1.0101035289983752e-05,9.610258375043516e-06,8.899572428898725e-06,7.691102768176566e-06,6.341489816287428e-06,4.838834505711399e-06,3.7560886344588144e-06,2.9842203813690763e-06,2.4230785044002884e-06,2.003188370683624e-06,1.6757119053739136e-06,1.4047338661171962e-06,1.161574070606215e-06,9.04971894656865e-07,6.294320540804783e-07,4.332450711125603e-07,2.9821938604691634e-07,2.0508686769339696e-07,1.4089686077455376e-07,9.669269936849665e-08,6.626024933999265e-08,4.5287546633581276e-08,3.082651153159717e-08,2.0922735253569586e-08,1.41010423167376e-08,9.429085476030626e-09,6.3663077416148e-09,4.258589730834018e-09,2.714141188451547e-09,1.8783219772798574e-09,1.3877324402877784e-09,1.0345533986106107e-09,7.847161344016816e-10,5.939313144603177e-10,4.3721521236562584e-10
0.8,1e-05,9.876543209876e-06,0.5,8.274253610730888e-05,8.274252830700855e-05,8.274250490610753e-05,8.274248150520649e-05,8.274245030400513e-05,8.274241130250342e-05,8.274236450070138e-05,8.274230989859899e-05,8.274225529649659e-05,8.274219289409386e-05,8.274209929048975e-05,8.274196668538395e-05,8.274189648268087e-05,8.274175607727472e-05,8.274161567186858e-05,8.274137386255798e-05,8.274110865234636e-05,8.274089804423713e-05,8.274060943312449e-05,8.27400868130016e-05,8.273962659528143e-05,8.273897137005273e-05,8.273820694061924e-05,8.273716170037346e-05,8.273592145261912e-05,8.273454859975899e-05,8.273272332947903e-05,8.273091365979976e-05,8.272854236849588e-05,8.272565625736946e-05,8.272201741726006e-05,8.271740353960794e-05,8.271204473327319e-05,8.270596439915683e-05,8.269839420767521e-05,8.268948626468499e-05,8.267868284871175e-05,8.266564854684075e-05,8.265009474795941e-05,8.263090210896866e-05,8.260745440614152e-05,8.257752465373042e-05,8.254196308447261e-05,8.249528998737807e-05,8.24349039622828e-05,8.23587730309478e-05,8.225597677289474e-05,8.211916730520168e-05,8.193473310377237e-05,8.168339572631233e-05,8.136455844984537e-05,8.099671578648172e-05,8.056522267232978e-05,8.005837085657669e-05,7.945340296297554e-05,7.874921914917816e-05,7.788825709881297e-05,7.684560265258857e-05,7.557511313383368e-05,7.402174182303689e-05,7.208299277370831e-05,6.962459941606624e-05,6.641272434646726e-05,6.19602310082719e-05,5.542615342104095e-05,4.871712289744602e-05,4.238347792764518e-05,3.627331546278419e-05,3.0113075069729493e-05,2.323221953020762e-05,1.803507832019232e-05,1.4349842024357333e-05,1.1693675951701665e-05,9.732430836187613e-06,8.233447119523325e-06,7.032325671707153e-06,6.008489450057115e-06,5.0639276807797645e-06,4.077326192810827e-06,2.86865405426389e-06,1.9743340194874223e-06,1.3583521018037974e-06,9.341483683211832e-07,6.418399133163566e-07,4.4072476960633253e-07,3.014777080564937e-07,2.0606833442700295e-07,1.4027670119494313e-07,9.53352707762446e-08,6.476199358695557e-08,4.426670443914155e-08,3.0159861271179e-08,2.0362684042005115e-08,1.349061944096834e-08,8.529628423647805e-09,6.310442976434453e-09,4.570976000235586e-09,3.2137237407799685e-09,2.3946922049015787e-09,1.5756606690231886e-09
0.9,1e-05,4.4875346260387e-05,0.5,0.0017052934781559294,0.001705292189823874,0.0017052899352427771,0.001705288163786201,0.0017052855871220905,0.0017052826883749658,0.0017052797896278415,0.0017052747973411273,0.0017052707713034543,0.0017052675504733161,0.0017052604646470117,0.0017052517684056382,0.0017052419448737165,0.001705229383636177,0.0017052152119835687,0.0017051950012744507,0.001705177608791704,0.0017051557071467635,0.0017051263975925049,0.001705094028249615,0.0017050474872541167,0.0017049928941832724,0.0017049314568483845,0.0017048539958835584,0.0017047619606623565,0.0017046512446263523,0.001704518787986915,0.0017043511437782165,0.0017041450911701188,0.001703897650894744,0.001703606326808735,0.001703261939546197,0.001702834535386845,0.0017023071244516986,0.0017017020109894654,0.00170092868967326,0.0016999896566464389,0.0016988223472835658,0.0016973703970572208,0.0016955027181807748,0.0016930942619241083,0.0016898965412420516,0.0016856247542296257,0.0016798908713759192,0.0016722335892843739,0.0016623153649564962,0.0016499282132861055,0.0016353059665412423,0.0016182974067469136,0.0015980846040894979,0.0015738333635631763,0.00154442259471756,0.0015082862494186552,0.0014630499316885075,0.001405335473836562,0.0013293224331991454,0.0012255569486335695,0.001099913572749831,0.0009828681223995278,0.0008760465531572268,0.0007793885549785887,0.0006913776805137484,0.0006116537604324908,0.0005390111574932972,0.0004724559235154885,0.00041087574481080326,0.0003523835370012121,0.0002923024936843981,0.00023882205861150692,0.00018927570651104098,0.00014951359220469944,0.00012179206824586767,0.00010183387221088464,8.690951159904898e-05,7.521032924619894e-05,6.550017054525539e-05,5.6849342876798355e-05,4.8478405347359484e-05,3.900288412199101e-05,2.980644782810614e-05,2.033575784794511e-05,1.3729593672033676e-05,9.317620027838371e-06,6.354134217589545e-06,4.330486641696341e-06,2.9541454028477592e-06,2.0089122780104873e-06,1.3737645747379422e-06,9.478903097013691e-07,6.516544577313268e-07,4.405290421658333e-07,2.9784626703919163e-07,1.9767844973809556e-07,1.2738383196972185e-07,8.80091835290177e-08,5.708921420134816e-08,3.72005880973524e-08,1.4654777129260036e-08,0.0,0.0
1.0,1e-05,4.4875346260387e-05,0.5,0.0017052925119068877,0.0017052909014918186,0.0017052896131597632,0.0017052880027446941,0.0017052851039975696,0.001705281480563664,0.001705277615567498,0.0017052710128657147,0.0017052640880809173,0.0017052566801715992,0.0017052486280962533,0.001705240253937894,0.0017052293031154235,0.0017052146483382943,0.0017051998325196582,0.0017051764815011554,0.0017051515200675836,0.0017051202780152422,0.0017050833189894052,0.0017050369390354137,0.0017049829901305972,0.0017049209891504351,0.0017048453801629384,0.0017047526202549556,0.0017046357846416886,0.0017044924577005343,0.0017043368916048545,0.001704132449411826,0.0017038886325703567,0.0017035959396315388,0.0017032571083009896,0.0017028495927677416,0.001702360348669734,0.0017017590196829135,0.0017010194365624065,0.001700170264696444,0.001699095876283061,0.0016977544810512129,0.0016961436633782963,0.0016941473928585786,0.0016915960927852784,0.001688352797356765,0.001684131979981278,0.00167871945545462,0.0016717998239854986,0.001662928369452568,0.0016517698034384314,0.001638511256174124,0.0016228266991288962,0.0016040871846974922,0.0015816131177207302,0.001554539544264971,0.0015210660202829047,0.001479110762214642,0.0014253609852214353,0.0013553231481358377,0.0012609797190153344,0.001142337058999449,0.0010276169674882441,0.0009228516567269867,0.0008279920090560676,0.0007417666017783932,0.000664030094933973,0.0005921857747445568,0.0005290396284266306,0.0004737237227786765,0.0004247712917557128,0.0003812619026249674,0.0003425554959172068,0.0003078277001585334,0.00027656020325894144,0.0002485192534711438,0.0002235038709945108,0.00020117675439280892,0.00018119093973938997,0.0001632666979367427,0.00014715207954729868,0.00013262943697446236,0.00011938417563447538,0.00010755543538931227,9.692556864237749e-05,8.733393649052332e-05,7.865178624897133e-05,7.082130401673902e-05,6.376365997619154e-05,5.7401071079488956e-05,5.1742958254785804e-05,4.675815997049404e-05,4.2621325740862924e-05,3.958875312414759e-05,3.6844525325563454e-05,3.4305544927542425e-05,3.188331962203473e-05,2.9420270294524098e-05,2.6087677350426215e-05,1.4497117493990305e-05,4.361326090270553e-06,3.3619024983564013e-06,2.5381751904864554e-06,1.836517344858038e-06
1/0.9,1e-05,4.4875346260387e-05,0.5,0.0017052946054464777,0.0017052936391974362,0.0017052923508653808,0.001705288646910722,0.0017052849429560627,0.001705282849416473,0.001705278501295786,0.0017052743947373599,0.0017052711739072215,0.0017052658595374933,0.0017052587737111892,0.0017052502385113226,0.0017052415422699491,0.0017052291420739166,0.0017052130379232252,0.0017051950012744507,0.0017051753542106072,0.0017051490239242265,0.0017051182649964057,0.0017050801786800203,0.0017050349260165772,0.0017049835537758715,0.0017049167215505018,0.0017048324968423853,0.0017047374823533055,0.001704624431215451,0.0017044888342666287,0.0017043136211071053,0.001704128745457167,0.0017038870221552874,0.001703599482544691,0.0017032625031914714,0.0017028363873641745,0.001702324114330678,0.0017017201281589935,0.0017009546978766267,0.001700004794548089,0.0016988439268454925,0.0016973914934946268,0.0016954991752676227,0.001693069944656564,0.0016898454105636063,0.0016855833665623487,0.00167977677346827,0.0016720640930983459,0.0016621221956689518,0.0016497991385183133,0.0016352121598634645,0.0016182827519697842,0.0015982151282308524,0.0015741172797398672,0.001544897103517685,0.0015087372461587705,0.0014634822476138206,0.0014058183567950465,0.0013297623180752837,0.001226114635372016,0.0010998173504494493,0.0009831229705842208,0.0008760346360857153,0.0007793460400207632,0.0006915801096879405,0.0006116460304401589,0.0005392316233162638,0.0004726035985773295,0.0004111348605954294,0.0003528813162990862,0.0002933297774570085,0.00023843926294957012,0.0001872597889274797,0.00014825150991500704,0.00012092179994249929,0.00010111498292401632,8.626051432618176e-05,7.456841779963596e-05,6.480994664661794e-05,5.604139763660607e-05,4.734225751607455e-05,3.748192760993281e-05,2.9038601923135676e-05,2.0856082956787298e-05,1.4124870050756409e-05,9.603066098845113e-06,6.557127037055835e-06,4.465117341477235e-06,3.049481974941407e-06,2.073248360023008e-06,1.4211912985243937e-06,9.797765280705283e-07,6.726703743837271e-07,4.583241286799348e-07,3.1008542156472746e-07,2.0589156659075777e-07,1.3261768094445757e-07,9.235730421572121e-08,6.095421036730685e-08,3.9052565426874274e-08,1.562102617074971e-08,0.0,0.0
1/0.8,1e-05,9.876543209876e-06,0.5,8.274254390760923e-05,8.274252830700855e-05,8.274249710580718e-05,8.274248930550684e-05,8.274246590460582e-05,8.27424269031041e-05,8.274239570190274e-05,8.274235670040103e-05,8.274228649769795e-05,8.27422396958959e-05,8.274216949319283e-05,8.274206808928839e-05,8.274194328448291e-05,8.274177167787541e-05,8.274151426796412e-05,8.274128805925422e-05,8.274099944814157e-05,8.274071083702893e-05,8.27403403227627e-05,8.27399269068446e-05,8.273934188431896e-05,8.273875686179334e-05,8.273793783025745e-05,8.27371421996226e-05,8.273603065682391e-05,8.273450959825728e-05,8.273291053668723e-05,8.2730827856496e-05,8.272844486474161e-05,8.27255431530145e-05,8.272183801035219e-05,8.271751274381271e-05,8.2712177338379e-05,8.270622570921827e-05,8.269878032254212e-05,8.269028969562019e-05,8.26793185731896e-05,8.266617506711383e-05,8.265030145591847e-05,8.263095671107106e-05,8.26074310052405e-05,8.257843728887039e-05,8.25421385912303e-05,8.249564490104361e-05,8.243625731439208e-05,8.236053199867487e-05,8.225596117229405e-05,8.211587947860765e-05,8.19234655699288e-05,8.167236610162916e-05,8.134765909915509e-05,8.097981253564125e-05,8.055264858817896e-05,8.00475986418048e-05,7.944779844718004e-05,7.87400888976282e-05,7.788685304475146e-05,7.684243963080002e-05,7.557608037107606e-05,7.402412091464111e-05,7.208116360327817e-05,6.962619457748612e-05,6.641115648609857e-05,6.19631483205997e-05,5.540025642390651e-05,4.870011434255094e-05,4.2381418648354976e-05,3.627801514374006e-05,3.0124073493211288e-05,2.3219208629237664e-05,1.8024142299113257e-05,1.4339335019797065e-05,1.1685314029735362e-05,9.724334124432929e-06,8.225631218580943e-06,7.023932548539485e-06,5.998575268322817e-06,5.050448761789309e-06,4.037922975634734e-06,2.876567458960544e-06,1.9806639632147108e-06,1.362872375851812e-06,9.37237287256496e-07,6.439069929069069e-07,4.42214626971597e-07,3.0261265175621086e-07,2.067508607069016e-07,1.4073691891510337e-07,9.565898324042512e-08,6.498040199652312e-08,4.441491014563384e-08,3.027296562613364e-08,2.0436786895251258e-08,1.355302184370193e-08,8.57253007552715e-09,6.326043577117851e-09,4.602177201602382e-09,3.2215240411216673e-09,2.398592355072428e-09,1.579560819194038e-09
1/0.7,1e-05,3.767781622452e-06,0.5,1.2082904024850891e-05,1.2082904024850891e-05,1.2082900617979107e-05,1.208289834673125e-05,1.2082896075483393e-05,1.2082889261739824e-05,1.2082889261739824e-05,1.2082888126115896e-05,1.2082882447996256e-05,1.2082877905500541e-05,1.2082872227380902e-05,1.2082862006765547e-05,1.208285405739805e-05,1.2082843836782695e-05,1.2082829073671629e-05,1.208281544618449e-05,1.2082795004953783e-05,1.208277683497093e-05,1.2082741630629156e-05,1.2082695070048098e-05,1.2082653051962754e-05,1.2082601948885984e-05,1.2082536082698148e-05,1.2082458860271029e-05,1.2082361196613201e-05,1.208226012608359e-05,1.2082117037468633e-05,1.2081962592614394e-05,1.2081782596221773e-05,1.2081557742683984e-05,1.2081315854787273e-05,1.2081029677557361e-05,1.2080651514789263e-05,1.2080187612414583e-05,1.2079641945117073e-05,1.2078961706384067e-05,1.207816109151467e-05,1.2077135055295523e-05,1.207595684546999e-05,1.2074536747747748e-05,1.2072729970077947e-05,1.207061430269967e-05,1.2067943883032453e-05,1.2064783441640211e-05,1.2060931973087645e-05,1.2056052764880037e-05,1.205002998337671e-05,1.2042377581536383e-05,1.2032625978864737e-05,1.2020133547842325e-05,1.2003630660917398e-05,1.198148429088117e-05,1.195149303074878e-05,1.1913081687000584e-05,1.1866863496557826e-05,1.1810572321871732e-05,1.1746741739926173e-05,1.1672298184559409e-05,1.1582737771272113e-05,1.1474670662638542e-05,1.1346535375757386e-05,1.118967221036399e-05,1.0998876034183344e-05,1.0764557070953574e-05,1.0472318448324641e-05,1.0101512252033604e-05,9.610896027879212e-06,8.900680230040706e-06,7.690924475219834e-06,6.34175668791056e-06,4.838316661200129e-06,3.7558546959296004e-06,2.9837246815244074e-06,2.422652645427205e-06,2.0026478136937897e-06,1.6752110952215675e-06,1.4041853597598648e-06,1.1607371157711149e-06,9.027165455354152e-07,6.297647918914474e-07,4.3364026823958166e-07,2.984090352429295e-07,2.052526687869174e-07,1.410217794066582e-07,9.677787116311334e-08,6.632497990390132e-08,4.5325022223212615e-08,3.0850359634089844e-08,2.094090523642114e-08,1.4116941051732712e-08,9.438170467456407e-09,6.374257109112358e-09,4.260860978690462e-09,2.714141188451547e-09,1.8783219772798574e-09,1.3877324402877784e-09,1.0356890225388331e-09,7.858517583299041e-10,5.939313144603177e-10,4.3721521236562584e-10
1/0.6,1e-05,1.7578125e-06,0.5,2.6457038363085477e-06,2.6457033419950114e-06,2.645702600524707e-06,2.6457021062111706e-06,2.6457021062111706e-06,2.645701364740866e-06,2.6457003761137934e-06,2.6457001289570252e-06,2.645699387486721e-06,2.6456988931731844e-06,2.6456974102325754e-06,2.645696668762271e-06,2.6456946915081256e-06,2.645692219940444e-06,2.6456897483727623e-06,2.6456877711186174e-06,2.6456820865129496e-06,2.6456759075937454e-06,2.645670717301614e-06,2.645664291225642e-06,2.645655887895524e-06,2.6456455073112615e-06,2.6456367332459918e-06,2.6456205444776767e-06,2.6456062093851235e-06,2.6455866840004384e-06,2.645562833372311e-06,2.645531938776291e-06,2.6454946181042982e-06,2.6454540843943195e-06,2.645398474121483e-06,2.6453408865945013e-06,2.6452714355426476e-06,2.6451844363602545e-06,2.64507741747964e-06,2.6449591529660747e-06,2.644808140180727e-06,2.644631546669875e-06,2.64442245204401e-06,2.6441640496428963e-06,2.643837308395385e-06,2.6434379030580352e-06,2.6429820223991593e-06,2.6424176399190604e-06,2.641714849648791e-06,2.6408745166370385e-06,2.63987229594214e-06,2.638586710012543e-06,2.6370098498316673e-06,2.6349675934563414e-06,2.632354157789792e-06,2.629019395095361e-06,2.6246855011656333e-06,2.6192445920713064e-06,2.612486460981058e-06,2.604176308965134e-06,2.594378767518408e-06,2.5830523143038298e-06,2.5694334820645456e-06,2.553292662162932e-06,2.5339227390852767e-06,2.5106448967678218e-06,2.482422312568126e-06,2.448200244978056e-06,2.406515155194938e-06,2.3550807195348866e-06,2.291318475014047e-06,2.2103158101300393e-06,2.1040036742942818e-06,1.9522982321042823e-06,1.5883759561750831e-06,1.2150791476078686e-06,9.500641907402817e-07,7.587979711895202e-07,6.169700256607467e-07,5.075744855637792e-07,4.180686392279124e-07,3.378210382706409e-07,2.505383670643949e-07,1.7258536954274303e-07,1.1884656775472941e-07,8.180098124517221e-08,5.627561885643249e-08,3.867632686589269e-08,2.6552298760454468e-08,1.8195434115347502e-08,1.243025534119143e-08,8.464377839257608e-09,5.728599572468038e-09,3.844770685534247e-09,2.5521407880449113e-09,1.6683081850961797e-09,1.0333624476869817e-09,7.436947154006524e-10,5.526425336111196e-10,4.087972945406046e-10,3.0128410038996187e-10,2.283728537820548e-10,1.7325689448184026e-10,1.309930871260704e-10
1/0.5,1e-05,8.888888888888891e-07,0.5,6.833772723160814e-07,6.833771459506848e-07,6.833770827679865e-07,6.833770195852883e-07,6.8337695640259e-07,6.8337695640259e-07,6.8337695640259e-07,6.833766404890986e-07,6.833762613929091e-07,6.833760718448143e-07,6.833759454794178e-07,6.833755663832281e-07,6.833751872870386e-07,6.833747450081506e-07,6.833736077195818e-07,6.833725967964095e-07,6.833719649694269e-07,6.833709540462546e-07,6.833692481134014e-07,6.833668155795181e-07,6.833645410023805e-07,6.833622032425446e-07,6.833595495692175e-07,6.833558217900197e-07,6.833519044627271e-07,6.833459968804392e-07,6.833387624614876e-07,6.833315596338852e-07,6.833227140561278e-07,6.83311657083931e-07,6.832979464384072e-07,6.832819612157455e-07,6.832638277813428e-07,6.832414611061563e-07,6.832123338822553e-07,6.831766040663853e-07,6.83137746706951e-07,6.830869478175444e-07,6.830265451580011e-07,6.829599505940276e-07,6.828698204749498e-07,6.827710659175583e-07,6.826407516023826e-07,6.824884181168608e-07,6.823027873493523e-07,6.82077698986776e-07,6.818024751531249e-07,6.814737987567399e-07,6.810707563244944e-07,6.805809956388777e-07,6.799818341112114e-07,6.792398796854618e-07,6.78335608907864e-07,6.772228668173344e-07,6.758716732235449e-07,6.741901920745646e-07,6.720329452076335e-07,6.694452346174092e-07,6.66395658502853e-07,6.627331786237575e-07,6.583773634052287e-07,6.531458675800682e-07,6.468576727177408e-07,6.392552777314592e-07,6.300095639459506e-07,6.187179943905557e-07,6.048101240739708e-07,5.874338079446682e-07,5.653064372278277e-07,5.358410279342548e-07,4.888476956268876e-07,3.922543972037982e-07,3.0477823577524395e-07,2.415874501228405e-07,1.946016365565672e-07,1.5816303717740495e-07,1.2790793892954163e-07,9.90922689135977e-08,6.933138573157907e-08,4.776308712035427e-08,3.2897461872088564e-08,2.2649038665082275e-08,1.5587424393268198e-08,1.0721282520836712e-08,7.364512127306196e-09,5.052025370733071e-09,3.4552722201288096e-09,2.3529868661622874e-09,1.5933412848978426e-09,1.0651339273855116e-09,6.93366930782335e-10,4.397515799384957e-10,3.0902657722402047e-10,2.2575178090808122e-10,1.6970872754522982e-10,1.2781859859419207e-10,9.521632628840704e-11,7.019597777466505e-11,5.351574543217038e-11,4.1321484666634513e-11
1/0.4,1e-05,4.5351473922902514e-07,0.5,1.8096237682250008e-07,1.809623439284299e-07,1.8096224524621942e-07,1.8096222879918433e-07,1.8096216301104397e-07,1.8096204788179834e-07,1.80961982093658e-07,1.8096193275255274e-07,1.8096186696441238e-07,1.8096180117627205e-07,1.809617189410966e-07,1.8096165315295627e-07,1.809614722355703e-07,1.8096125842411417e-07,1.8096101171858788e-07,1.8096083080120192e-07,1.8096061698974578e-07,1.8096014002572826e-07,1.8095974529688616e-07,1.809592025447283e-07,1.8095862689850025e-07,1.809577880997108e-07,1.8095698219499155e-07,1.8095574044384244e-07,1.8095468783359688e-07,1.8095290333028992e-07,1.809508803449742e-07,1.8094870111282517e-07,1.809459626814832e-07,1.8094234433376403e-07,1.8093819145740455e-07,1.8093352872295734e-07,1.8092727884962425e-07,1.8092038754192277e-07,1.8091170350739675e-07,1.8090117740494103e-07,1.8088869410530991e-07,1.8087361217413505e-07,1.8085444315474104e-07,1.808316969052156e-07,1.8080403299219911e-07,1.8077085932242843e-07,1.8073020225169316e-07,1.806819795448178e-07,1.8062310738272353e-07,1.8055319926008586e-07,1.804707749437469e-07,1.8037366342507517e-07,1.8025251456462362e-07,1.801066787045064e-07,1.799305885233464e-07,1.7972207301251226e-07,1.7946750580343424e-07,1.791652504161212e-07,1.7880709155654713e-07,1.7837575161435303e-07,1.7785206979366244e-07,1.7718955854980173e-07,1.7637043041432416e-07,1.753859684586336e-07,1.7419625572857367e-07,1.7277912162084696e-07,1.710669030331052e-07,1.6899970808707868e-07,1.6648985763871815e-07,1.6342390826351042e-07,1.5964070368815456e-07,1.5490962358665937e-07,1.4884568398522372e-07,1.406335560134752e-07,1.2788550845857496e-07,1.0966727571591818e-07,8.564285308219317e-08,6.792314642006126e-08,5.4500096098151626e-08,4.3729788065439165e-08,3.409944048164819e-08,2.4089528222117282e-08,1.660476215357789e-08,1.1447152867651586e-08,7.889840095699399e-09,5.438064128231407e-09,3.748706919260683e-09,2.5824641082700296e-09,1.7787632917041593e-09,1.2234949401288236e-09,8.392099653189034e-10,5.717318336975154e-10,3.8170279030124667e-10,2.497482277975022e-10,1.7759508487042664e-10,1.2713558122322634e-10,9.118236252284176e-11,6.59690577343287e-11,4.965359892793277e-11,3.758147517400675e-11,2.8305347384886483e-11,2.113444008691408e-11,1.5887835894131516e-11,1.2121464859187296e-11
1/0.3,1e-05,2.1736505252988774e-07,0.5,4.288063690605791e-08,4.288063312731043e-08,4.2880629348562954e-08,4.2880625569815476e-08,4.28806028973306e-08,4.2880595339835646e-08,4.288059156108817e-08,4.288058589296695e-08,4.2880563220482076e-08,4.288054432674468e-08,4.2880521654259804e-08,4.288049331365372e-08,4.2880474419916315e-08,4.288041962807788e-08,4.288036861498691e-08,4.288027414629994e-08,4.288019668197662e-08,4.288009654516843e-08,4.287994728464301e-08,4.287978290912768e-08,4.287959775050121e-08,4.287933890629891e-08,4.287897992528841e-08,4.2878654953005225e-08,4.287822417579263e-08,4.287778773045882e-08,4.287717179461976e-08,4.287641604512397e-08,4.287556393756748e-08,4.287447754766729e-08,4.2873249454736645e-08,4.287172473012891e-08,4.286985425012684e-08,4.2867607784750635e-08,4.286506279832359e-08,4.286187353545139e-08,4.285799465116429e-08,4.285312762441145e-08,4.2847327247031324e-08,4.284059540839765e-08,4.2832144239661066e-08,4.2822138116336914e-08,4.2810745192688005e-08,4.279683184447066e-08,4.277989738764393e-08,4.2759724544227766e-08,4.273512300876633e-08,4.2705539194753945e-08,4.267036283447278e-08,4.262780091224408e-08,4.2577194036632786e-08,4.2515897084403655e-08,4.244325066412162e-08,4.2357038540390304e-08,4.2253727584316915e-08,4.213003028559482e-08,4.19804542347634e-08,4.1802239056789337e-08,4.158590387424803e-08,4.131556661148563e-08,4.098515482130352e-08,4.0580643682433746e-08,4.009510486137371e-08,3.950628531422012e-08,3.8787482521913264e-08,3.790281916651464e-08,3.680117257338206e-08,3.539371950427631e-08,3.3500073890796674e-08,3.092486315204109e-08,2.768706415784865e-08,2.2916011922856337e-08,1.8073031229602987e-08,1.4394951472905405e-08,1.1421532546074865e-08,8.643688363136502e-09,6.016670996445069e-09,4.151454789623004e-09,2.866287657055979e-09,1.9802186075951955e-09,1.3692140339929295e-09,9.476758589831838e-10,6.56525255106949e-10,4.5497442207687596e-10,3.147621074982007e-10,2.1604988710664874e-10,1.4339024120843805e-10,1.0373606516476212e-10,7.631747345779504e-11,5.648093856725979e-11,4.1847738955182886e-11,3.103296367054399e-11,2.285575412618391e-11,1.662837828094111e-11,1.2126000659820478e-11,9.218254474799644e-12,6.837643563086679e-12,5.1731052986270596e-12,3.933676125544755e-12,3.007882993211935e-12
1/0.2,1e-05,8.680555555555572e-08,0.5,7.2960051367302905e-09,7.29600393158752e-09,7.296002123873363e-09,7.295999111016436e-09,7.2959967007308945e-09,7.295995194302432e-09,7.295992181445505e-09,7.295989771159962e-09,7.29598495058888e-09,7.295981335160566e-09,7.295971995304093e-09,7.295963559304697e-09,7.295953918162531e-09,7.295942469306207e-09,7.295926501164494e-09,7.295905109880312e-09,7.295885827595978e-09,7.2958686543114944e-09,7.295833705171141e-09,7.2957930316026245e-09,7.295743922034714e-09,7.295683664896172e-09,7.295630939899949e-09,7.295542964477678e-09,7.29543751448523e-09,7.295329051635856e-09,7.2951862422175125e-09,7.295003663087732e-09,7.294802404245004e-09,7.294553843548521e-09,7.2942254421434705e-09,7.293862392883758e-09,7.293425227343641e-09,7.292908221094955e-09,7.29226316842687e-09,7.291437946914545e-09,7.290509384409622e-09,7.2893928196324505e-09,7.2880575214423725e-09,7.286445040415004e-09,7.284473125556238e-09,7.281983300591707e-09,7.279069566657538e-09,7.275731622468037e-09,7.271608527763342e-09,7.266672564259723e-09,7.260748383684026e-09,7.25344100049311e-09,7.2448703263926745e-09,7.234493143278768e-09,7.221898196180845e-09,7.20652509371047e-09,7.188359374154395e-09,7.1667198305614084e-09,7.1408348702724866e-09,7.1098919257744e-09,7.072785579860608e-09,7.028597815025429e-09,6.975215413420219e-09,6.909454689130143e-09,6.82848536435791e-09,6.729446430165575e-09,6.608786029521815e-09,6.460590225564486e-09,6.276481167036483e-09,6.042343317948791e-09,5.7362689904419146e-09,5.350528398783763e-09,4.882343387601884e-09,4.281298918078541e-09,3.4179527141989487e-09,2.707342990951473e-09,2.1335019079083363e-09,1.595132394610364e-09,1.1101862577718105e-09,7.682275991207607e-10,5.325441544294823e-10,3.6993122750473775e-10,2.575203304129884e-10,1.7967112027442892e-10,1.2544029815855588e-10,8.699564119775835e-11,5.913334290760122e-11,4.3577360021753823e-11,3.26521382328129e-11,2.4742786227868965e-11,1.8893625789655432e-11,1.4509918960768706e-11,1.118493005605435e-11,8.631835096055305e-12,6.647567523887059e-12,5.074856207956563e-12,3.838982296472485e-12,2.851970367164381e-12,2.0541658528762673e-12,1.4991976069099893e-12,1.1039107780784164e-12,8.417922254233341e-13,6.441488110075477e-13,4.89890536341568e-13
0.2,3e-05,2.604166666666666e-07,0.5,6.566398115281173e-08,6.566397572966925e-08,6.566395946024185e-08,6.566394861395691e-08,6.56639323445295e-08,6.566392149824457e-08,6.566388353624729e-08,6.566384557425e-08,6.566380218911026e-08,6.566374795768557e-08,6.566369643783212e-08,6.566361509069508e-08,6.566349306998954e-08,6.566336291457029e-08,6.566321106658117e-08,6.566304837230711e-08,6.566285313917823e-08,6.566263621347947e-08,6.56624247109232e-08,6.566211016866002e-08,6.566168174040499e-08,6.566118823444034e-08,6.566054830362903e-08,6.565979990996833e-08,6.565904338159396e-08,6.565795332995775e-08,6.565668431462006e-08,6.565520921986857e-08,6.56533816208566e-08,6.565109576630605e-08,6.564835165621687e-08,6.564490796074922e-08,6.564102770231286e-08,6.563637735764593e-08,6.563043088192897e-08,6.562353264470877e-08,6.561456005549426e-08,6.560439708650788e-08,6.559242007636571e-08,6.557765828256585e-08,6.556046420936877e-08,6.553965832328751e-08,6.551445698023536e-08,6.548298377291814e-08,6.544484010036438e-08,6.540041642883185e-08,6.534740792277133e-08,6.528252544627555e-08,6.520403359375451e-08,6.511088298714051e-08,6.499665533732182e-08,6.485746767429086e-08,6.469487643993611e-08,6.449983040947731e-08,6.426891300315914e-08,6.398777187443814e-08,6.365474483014764e-08,6.32545494548108e-08,6.277573207153367e-08,6.218513829883371e-08,6.145724140511067e-08,6.056483348459895e-08,5.947980367831194e-08,5.814825950796672e-08,5.648664932911893e-08,5.4379706960167135e-08,5.1624756009199025e-08,4.8151574915958364e-08,4.393806437488511e-08,3.8531541126258896e-08,3.0757116604657235e-08,2.4362404604807967e-08,1.920058167908418e-08,1.435412804577272e-08,9.989539601805817e-09,6.912673625465627e-09,4.7919483399295724e-09,3.328827887008231e-09,2.3172111603203074e-09,1.6167092707780057e-09,1.1286752568752792e-09,7.827872302202148e-10,5.32129585315902e-10,3.92142008770791e-10,2.9383128209780564e-10,2.2266338348077193e-10,1.700155163944225e-10,1.305838475043477e-10,1.0065894736194183e-10,7.767024643703091e-11,5.982810771493682e-11,4.566828272910469e-11,3.4545417525756667e-11,2.5662310161990667e-11,1.848749267587197e-11,1.3487355319710648e-11,9.940620145166714e-12,7.57070688633537e-12,5.797339299063403e-12,4.4090148270706705e-12
0.3,3e-05,6.520951575896632e-07,0.5,3.8592559611986054e-07,3.8592559611986054e-07,3.859254940936786e-07,3.8592542607622396e-07,3.859253580587694e-07,3.859252900413147e-07,3.8592511999767817e-07,3.859250179714962e-07,3.8592477991040507e-07,3.8592457585804123e-07,3.859242697794954e-07,3.8592409973585886e-07,3.8592375964858576e-07,3.859231474914942e-07,3.8592233128203877e-07,3.859213960420377e-07,3.859206818587642e-07,3.859195425663993e-07,3.8591842027839807e-07,3.8591729799039687e-07,3.859152404623946e-07,3.8591328496057427e-07,3.8591165254166333e-07,3.8590869378238736e-07,3.8590468075256476e-07,3.859003446398327e-07,3.858951923176452e-07,3.858886626420016e-07,3.8588089164781124e-07,3.8587097810380034e-07,3.858598572499699e-07,3.8584618574159117e-07,3.8583015062666443e-07,3.858109527000978e-07,3.857856672113427e-07,3.8575541644840027e-07,3.8572038745927076e-07,3.8567808060249683e-07,3.8562699949407687e-07,3.8556615788091894e-07,3.8549113462847264e-07,3.8539995723055395e-07,3.8529016005443296e-07,3.851623212484739e-07,3.850089078795775e-07,3.848239854248283e-07,3.8460884621586396e-07,3.8434594174939235e-07,3.840246102894019e-07,3.836397335224323e-07,3.8317915332847013e-07,3.826279228718626e-07,3.8197992058169396e-07,3.811964615306487e-07,3.8026071139870834e-07,3.7914626240911654e-07,3.7780480516472903e-07,3.7620522168005716e-07,3.742695809564694e-07,3.7183450506796756e-07,3.688656281956048e-07,3.652312005297812e-07,3.608616062056929e-07,3.5555908447403103e-07,3.490809830654372e-07,3.4112261779193927e-07,3.311998404115492e-07,3.185435095474193e-07,3.0150085206536443e-07,2.7829100095978565e-07,2.491518812869452e-07,2.0623274839091826e-07,1.6264117793415025e-07,1.2954672424458708e-07,1.0278617495982248e-07,7.778491414317857e-08,5.413332367856753e-08,3.735443788553065e-08,2.5789634128785487e-08,1.7818175495273152e-08,1.2320936795396654e-08,8.527280268306708e-09,5.907468973055869e-09,4.093664515056939e-09,2.8322468103940474e-09,1.944108896687989e-09,1.2900870617853961e-09,9.335395646651849e-10,6.868232523932875e-10,5.0824342528739e-10,3.765956418695783e-10,2.7922865558045536e-10,2.0573579586309784e-10,1.4965540452856636e-10,1.0909999721114437e-10,8.296429027325022e-11,6.150478334050953e-11,4.652393896036331e-11,3.5369076402615383e-11,2.705394257526975e-11
0.4,3e-05,1.3605442176870002e-06,0.5,1.628661391402501e-06,1.6286610953558694e-06,1.628660799309238e-06,1.6286606512859222e-06,1.6286605032626062e-06,1.6286605032626062e-06,1.628660059192659e-06,1.6286596151227115e-06,1.628658726982817e-06,1.6286578388429222e-06,1.6286568026797117e-06,1.6286553224465538e-06,1.6286536941900803e-06,1.6286520659336067e-06,1.6286502896538173e-06,1.6286479212807646e-06,1.6286461450009753e-06,1.6286418523248174e-06,1.6286382997652387e-06,1.628632082785976e-06,1.628627198016555e-06,1.6286200188857393e-06,1.6286112855101081e-06,1.6286020340528717e-06,1.6285904882342406e-06,1.6285802746254514e-06,1.6285622157809258e-06,1.6285425286799267e-06,1.628514256226612e-06,1.6284831713302973e-06,1.6284384682889305e-06,1.6283919889677744e-06,1.6283375163875661e-06,1.6282732742685158e-06,1.6281908252816243e-06,1.628095202219628e-06,1.6279833706045532e-06,1.6278413422330585e-06,1.6276749640261175e-06,1.6274703217920464e-06,1.6272276375658187e-06,1.6269300366894354e-06,1.6265693038688702e-06,1.6261273802595976e-06,1.6256029336517754e-06,1.6249514830390107e-06,1.6241782092373559e-06,1.6232617968893383e-06,1.6221584310934855e-06,1.6208458343407724e-06,1.6192427418308335e-06,1.6173203630287487e-06,1.6150499814112564e-06,1.6123651345095693e-06,1.6091617619326911e-06,1.6052845872223654e-06,1.6005594609475716e-06,1.5946598436736911e-06,1.5873081916836293e-06,1.5784242023285729e-06,1.567781547958689e-06,1.5549813057379397e-06,1.5395818481036843e-06,1.5210033677279975e-06,1.4984097549116742e-06,1.470811695823673e-06,1.4367407991714185e-06,1.394147164066278e-06,1.3395965015587512e-06,1.2656712892832518e-06,1.1509122911039662e-06,9.865961969751215e-07,7.707612538926342e-07,6.112898148660784e-07,4.904765150479182e-07,3.9354159641542724e-07,3.0692649330109564e-07,2.1674713676600513e-07,1.4940185692372888e-07,1.0299269881928653e-07,7.098842969034799e-08,4.892659063597801e-08,3.372770459460972e-08,2.323610801848313e-08,1.6002652646074512e-08,1.1009678181370007e-08,7.549929221554454e-09,5.143070106909313e-09,3.4341409261849492e-09,2.2472899802301683e-09,1.5980597172022723e-09,1.144220231009037e-09,8.20493239389792e-10,5.934254729773906e-10,4.4688239035139497e-10,3.379372299344931e-10,2.546001031481945e-10,1.9020996078222674e-10,1.4299052304718366e-10,1.0894516041690185e-10
0.5,3e-05,2.6666666666660002e-06,0.5,6.1503988627114305e-06,6.150398294067146e-06,6.150397156778578e-06,6.150395450845724e-06,6.15039488220144e-06,6.150394313557155e-06,6.1503914703357336e-06,6.1503914703357336e-06,6.1503914703357336e-06,6.150387489825742e-06,6.15038578389289e-06,6.1503829406714675e-06,6.150376116940055e-06,6.150369861852926e-06,6.150364175410082e-06,6.150355645745816e-06,6.150350527947257e-06,6.1503323313301555e-06,6.150318115223046e-06,6.150303330471651e-06,6.150282859277413e-06,6.150260113506036e-06,6.150224857560404e-06,6.1501907389033395e-06,6.150152639736284e-06,6.1500969125964124e-06,6.1500389108794035e-06,6.149975791363835e-06,6.149887082855467e-06,6.149778187475004e-06,6.149647399289592e-06,6.1495012577085e-06,6.149319860181775e-06,6.14910604993084e-06,6.148837081184317e-06,6.148515797163629e-06,6.148126560150955e-06,6.147663683703451e-06,6.147098735606896e-06,6.1464339904384285e-06,6.145628790131714e-06,6.144658114338237e-06,6.143507746950889e-06,6.142099499380564e-06,6.140399821614482e-06,6.138326828875691e-06,6.135784135957981e-06,6.132766625062795e-06,6.12904939737565e-06,6.124559950750286e-06,6.119011404145221e-06,6.112259037590073e-06,6.104047245479005e-06,6.094108764998347e-06,6.082417154188872e-06,6.067546821829583e-06,6.048373273848072e-06,6.025180548064398e-06,5.997582535009452e-06,5.964524399535665e-06,5.925426408795088e-06,5.8784154485148965e-06,5.821638875616505e-06,5.753274753812685e-06,5.670099154333012e-06,5.568425271959556e-06,5.443163740346908e-06,5.286838877410161e-06,5.087651598570087e-06,4.822483670444268e-06,4.3986247505143005e-06,3.5302759273719274e-06,2.743118419478803e-06,2.1742387163417415e-06,1.7515608705904792e-06,1.4235116888510577e-06,1.1512988266857668e-06,8.925844425436421e-07,6.236697172278905e-07,4.296488560337625e-07,2.959395449320193e-07,2.0374979625598443e-07,1.402202881581612e-07,9.644320792337171e-08,6.624535320013344e-08,4.5450600363788474e-08,3.109062624975146e-08,2.1162097044069515e-08,1.4333247832670055e-08,9.581087547911522e-09,6.235753222766796e-09,3.956626930878293e-09,2.7783959735946166e-09,2.032334672457462e-09,1.5268099036229113e-09,1.1503673873479142e-09,8.57515580880205e-10,6.31195155687684e-10,4.816417088896111e-10,3.718933619997706e-10
0.6,3e-05,5.273437499999e-06,0.5,2.3811343424422532e-05,2.3811341200011617e-05,2.3811338975600705e-05,2.3811336751189792e-05,2.3811334526778877e-05,2.3811330077957052e-05,2.381131673149157e-05,2.381131228266974e-05,2.381131005825883e-05,2.3811301160615176e-05,2.381127669209513e-05,2.381125889680782e-05,2.381124555034234e-05,2.3811232203876857e-05,2.381120773535681e-05,2.381118104242585e-05,2.381114322744032e-05,2.3811080943934745e-05,2.381103423130556e-05,2.381093858163628e-05,2.3810869624897965e-05,2.381080289257056e-05,2.3810664979093926e-05,2.3810560431780994e-05,2.3810431415948014e-05,2.3810244565431282e-05,2.381007551020186e-05,2.38098174785359e-05,2.380948604130979e-05,2.3809098993810848e-05,2.3808678580148205e-05,2.3808102457721618e-05,2.3807447368707605e-05,2.3806704415462506e-05,2.3805765714057027e-05,2.3804557858931017e-05,2.3803123113891832e-05,2.380137917573568e-05,2.379921593612234e-05,2.379670457620104e-05,2.3793711631316975e-05,2.3790132554157217e-05,2.3785860572997913e-05,2.3780586494722097e-05,2.3774213557455028e-05,2.3766312449890412e-05,2.3756478329241996e-05,2.374464112656601e-05,2.372983544752601e-05,2.371074221645031e-05,2.368711674813843e-05,2.3657195084736005e-05,2.3619852786526263e-05,2.3572945521388636e-05,2.351278521602861e-05,2.3438152893265595e-05,2.3350989351621598e-05,2.3247054863895554e-05,2.3125072618223138e-05,2.2979972069927114e-05,2.280507887406164e-05,2.2595395891509624e-05,2.234164510435102e-05,2.2033838907584378e-05,2.165830162291374e-05,2.119593890705795e-05,2.062145587131458e-05,1.98924897220422e-05,1.8935629338069292e-05,1.7568558664312164e-05,1.4298130753055043e-05,1.0935775724182746e-05,8.551427441632179e-06,6.8299313671840785e-06,5.553829089938425e-06,4.569442733116887e-06,3.763843403464837e-06,3.042464719818277e-06,2.2531970150928633e-06,1.5520938369225066e-06,1.0687738336455366e-06,7.355948937944947e-07,5.059578331432704e-07,3.4777552426517803e-07,2.387771650946386e-07,1.6358985180871785e-07,1.1179666809967434e-07,7.610377058226702e-08,5.150845911212039e-08,3.4562896773368745e-08,2.2951471805098387e-08,1.5001427200386075e-08,9.298037618270134e-09,6.684354794952573e-09,4.967109569760098e-09,3.6769512399522807e-09,2.7093324925964173e-09,2.050906862211738e-09,1.5570876394232283e-09,1.17893778413473e-09
0.7,3e-05,1.1303344867358002e-05,0.5,0.00010874608512058332,0.00010874607489996796,0.00010874607489996796,0.0001087460442381219,0.00010874600335566048,0.00010874599313504513,0.00010874593181135302,0.00010874590114950695,0.00010874585004643018,0.00010874579894335341,0.00010874574272996896,0.00010874562008258472,0.00010874550765581583,0.00010874545655273906,0.00010874531346412409,0.00010874513971366307,0.0001087449557425867,0.0001087446900065875,0.00010874445493243436,0.00010874416875520445,0.00010874383147489776,0.00010874333066474542,0.00010874287073705449,0.00010874231882382537,0.00010874148073336634,0.00010874046889244629,0.00010873921175675775,0.00010873788818706941,0.000108736201785536,0.00010873432119231086,0.00010873164850139579,0.00010872854143432818,0.00010872496932926196,0.00010872026784619911,0.00010871516775913747,0.00010870937267023174,0.00010870166632625483,0.00010869243711059016,0.0001086813426326234,0.00010866794851620198,0.00010865120714825212,0.00010863228367892418,0.00010860821924007319,0.00010857868166170012,0.00010854294016980718,0.00010849864402286293,0.00010844369799471982,0.0001083738656403136,0.00010828561062673179,0.00010817167120676538,0.0001080216376836763,0.00010782307667888644,0.00010755703917152945,0.000107221046662382,0.00010679944116872174,0.00010630171764221255,0.00010572904123300481,0.00010505214009872462,0.00010424346457068529,0.00010327151471236577,0.00010211572664567383,0.00010070359532528817,9.898759488981268e-05,9.687479439414109e-05,9.424790716677858e-05,9.090470300202315e-05,8.648939205878669e-05,8.008187366044051e-05,6.921507012129726e-05,5.7037452221772564e-05,4.356474948889624e-05,3.3814445971024147e-05,2.686653297706582e-05,2.1813266554355587e-05,1.8034142924136638e-05,1.5085648703737417e-05,1.2648001279961919e-05,1.0461658346510615e-05,8.166476080154548e-06,5.659859943970243e-06,3.895526218485675e-06,2.6802541704334416e-06,1.8434719501706034e-06,1.2669985823588377e-06,8.693348801653343e-07,5.95585918523749e-07,4.0704622708847715e-07,2.771524265544678e-07,1.8803888128292579e-07,1.2675607162033077e-07,8.474934251538323e-08,5.723544598241029e-08,3.830686634679888e-08,2.4355726388586375e-08,1.6843574103395027e-08,1.2469150731882241e-08,9.300759972141672e-09,7.0624452096152685e-09,5.335161214788959e-09,3.9349369112907076e-09
0.8,3e-05,2.9629629629629003e-05,0.5,0.0007446824388509294,0.0007446822984455233,0.0007446821580401172,0.0007446818070266018,0.0007446816666211957,0.0007446813858103833,0.0007446809645941649,0.0007446804029725403,0.0007446794903374003,0.0007446788585130726,0.0007446780160806357,0.0007446770332427926,0.0007446759099995435,0.0007446747867562943,0.0007446737337157482,0.0007446721190535775,0.0007446695917562667,0.0007446663624319252,0.0007446634139183961,0.0007446590613508055,0.0007446542173642932,0.0007446473374993918,0.0007446387727696167,0.0007446303484452476,0.0007446198882424894,0.000744607462364045,0.0007445927197963992,0.0007445748181071151,0.0007445513704042878,0.0007445230787149486,0.0007444916279039708,0.0007444534727348495,0.0007444081919913658,0.0007443514331059295,0.0007442803177677142,0.0007441953724969931,0.0007440957548613293,0.0007439694250971452,0.0007438261062788171,0.0007436482828319273,0.0007434313915807762,0.0007431672539104555,0.0007428360375573462,0.00074240787127129,0.0007418805787684915,0.0007411760595417794,0.0007402175820366924,0.0007389283093947146,0.0007372249110072958,0.0007350289002523976,0.000732239009730834,0.0007288465694087751,0.0007249878076315385,0.0007204264923032761,0.0007150380136260289,0.0007087020441667261,0.0007009254450376153,0.0006915773935015155,0.0006801953239478638,0.0006661774939072502,0.0006487479178012321,0.0006265966482917759,0.0005975772728337062,0.0005573716231608619,0.0004988478066678238,0.00043843946881343257,0.0003813194606724396,0.00032626783477215395,0.0002699281998785459,0.00020998351577661547,0.00016276093042463796,0.00012939056693671937,0.00010537717072819111,8.76840536748283e-05,7.416855907606998e-05,6.335313064029048e-05,5.413741119948766e-05,4.563396838408675e-05,3.67753349924764e-05,2.5889738954973142e-05,1.7783116918705324e-05,1.2217411517544626e-05,8.391329098589666e-06,5.762483577880741e-06,3.951710156108194e-06,2.706735419770963e-06,1.8482265638632156e-06,1.2577867296484711e-06,8.542966937232299e-07,5.802253409172893e-07,3.966452723754005e-07,2.7021020413679935e-07,1.825972306988348e-07,1.2088905469565305e-07,7.638054094591784e-08,5.6478074624072516e-08,4.082287183828237e-08,2.8748006909332127e-08,2.1411824437964096e-08,1.3970337911983133e-08
0.9,3e-05,0.000134626038781163,0.5,0.015347655797139011,0.015347636955282703,0.015347619562799956,0.01534759637282296,0.015347576081593088,0.01534755144224253,0.015347519556024161,0.01534747317607017,0.015347423897369053,0.015347360124932315,0.015347302149989826,0.015347203592587594,0.015347100687064677,0.01534699923091532,0.01534686443917403,0.015346693413093688,0.015346502820470252,0.015346251354157205,0.015345975973180381,0.015345641167887504,0.015345220849554458,0.015344653419804842,0.015344024391678833,0.015343212742483982,0.01534233007398458,0.01534133218028698,0.015340081370902774,0.015338569674277363,0.015336605048413754,0.015334330981294608,0.0153317713875837,0.015328459568993995,0.015324520896338623,0.01531973144140222,0.015313866551282638,0.015307013188393611,0.01529856044177866,0.015288016973800184,0.015274934928027456,0.015258874419584336,0.01523886002006344,0.015213314086342276,0.015179631369442727,0.01513526169658204,0.015075363435375575,0.014996657378138774,0.014892624967275486,0.014760357310046306,0.014598785493449092,0.014407552246900747,0.014183371115848904,0.013914279695597663,0.01358400731853738,0.013172344644403035,0.012647922156500409,0.01195203297869119,0.011000777223578312,0.009887050315572849,0.008834858011525615,0.007866035124151674,0.0069919309731300994,0.006194110976122834,0.005466342102125486,0.00480365155044603,0.004185669100354041,0.0035770800403188948,0.0030272565560513272,0.002571785116624883,0.0021887722096952285,0.0018592201712953754,0.0015656836165434877,0.0012835195714476731,0.0009734333446754104,0.0007952024283538703,0.0006719317575122628,0.0005731228889672684,0.0004787983822238275,0.00039819799374118524,0.00033268558404140415,0.00027725574152730756,0.00022743569938583953,0.00017777508833621735,0.00011077779542192707,6.50029548926556e-05,4.151368225630199e-05,2.736779628889316e-05,1.820340725488435e-05,1.2241409106632684e-05,8.33969547709738e-06,5.726474944388555e-06,3.821998083612407e-06,2.577710880434079e-06,1.7109854902178409e-06,1.0986251601737597e-06,7.580223730486496e-07,4.688723473828645e-07,3.166881233482408e-07,1.2319675278993347e-07,0.0,0.0
1.0,3e-05,0.000134626038781163,0.5,0.015347638404656264,0.015347612315932143,0.015347602170317208,0.015347590575328711,0.015347567385351715,0.015347526802891972,0.015347483321685104,0.015347442739225363,0.015347392011150684,0.015347325339966822,0.015347255770035834,0.015347158662007166,0.015347054307110685,0.015346925312863646,0.015346758634903989,0.015346538330122528,0.015346319474714631,0.015346004960651626,0.015345723782180553,0.015345284621991195,0.015344768645003039,0.015344196867132738,0.015343480876592996,0.015342642413987242,0.015341580747852905,0.015340286457261829,0.015338674029173844,0.015336800713844656,0.015334603463524308,0.01533200328735366,0.015328726978416227,0.015324772362651673,0.015320036534537071,0.015314415863862724,0.015307408142689322,0.015299096709996688,0.015289240245086712,0.01527729813162068,0.01526234711863945,0.015244246616907483,0.015222234255931047,0.01519448020158782,0.015159729296372904,0.01511530889543754,0.015058079655645928,0.014984114499331196,0.014888621797496594,0.014767881732894648,0.014620161579431707,0.014442544472813772,0.01422759222791946,0.01396917761801442,0.013650525593489352,0.013257685933807746,0.012758094113773322,0.012108521842205651,0.011236180129435754,0.010156097529930441,0.009116247366452416,0.008176640951345997,0.007330105334851685,0.006570759683740716,0.005889014942525345,0.005279417843177664,0.004733471433189073,0.0042449180422046255,0.003801782945853141,0.0034111854670723133,0.0030649779523820426,0.002756654888548238,0.0024813681210052265,0.002234237608968963,0.00201135294256854,0.001809749428182406,0.0016271102421713298,0.0014617287471657796,0.0013112178249087556,0.0011734360259620562,0.0010461571125340893,0.0009265069768509436,0.000809909221889864,0.0006961138307113645,0.0005951033637253359,0.0005105179226333298,0.00043995517075594265,0.00038100190111205385,0.00033116301711427683,0.0002895384577804639,0.00025537092542434755,0.00022963367439296818,0.00020029617943299833,0.0001724008111674518,0.0001465142746591623,0.00012168360679096065,9.508832661073848e-05,5.553274803701531e-05,2.47697941785878e-05,1.9357108610423018e-05,1.4630701423976277e-05,1.068478190079282e-05
1/0.9,3e-05,0.000134626038781163,0.5,0.015347657246512573,0.01534764130340339,0.015347634056535577,0.015347613765305707,0.01534760361969077,0.01534757753096665,0.015347541296627593,0.015347509410409224,0.015347452884840298,0.015347409403633432,0.015347334036208195,0.015347258668782959,0.01534717460511635,0.015347060104604933,0.01534692821161077,0.015346752837409739,0.015346549925111025,0.01534629338599051,0.015346023802507935,0.0153457027662639,0.015345302739160724,0.015344821547138062,0.015344179474649992,0.015343424351024067,0.01534257719217694,0.015341530019778227,0.015340242251368182,0.015338724032561741,0.015336936230272725,0.015334729559024223,0.01533207503134499,0.01532892264384713,0.0153249977402406,0.015320159006603079,0.015314481085673026,0.015307727004873014,0.015299090912502438,0.015288632957564136,0.015275936445158962,0.015259923041356612,0.015239991256128764,0.015214222118879015,0.015180792317666076,0.015136156684756721,0.01507604826438373,0.014996774777397314,0.014892798892102953,0.014760218894871115,0.014598976086072525,0.01440883276844298,0.014185196601850537,0.01391644505969964,0.013587248842509317,0.013177227583934203,0.012653431950097244,0.011964342508355248,0.011017684890868558,0.00988463710859173,0.008828235099032985,0.007869669428358976,0.006993659351103064,0.006198698243447306,0.00547192291502687,0.004810822326145186,0.0041973380069035915,0.0036101757609257384,0.0030398443654393336,0.0025697661392526903,0.002175219117514774,0.0018355743663143005,0.0015298203171195568,0.0012103088140720834,0.0009370453720219507,0.0007741850623279076,0.0006552371481356647,0.0005571493429378818,0.00046064425367005915,0.0003764515928134186,0.0003099376659821335,0.00025552383433516325,0.0002092409883723286,0.00016761135623104785,0.00012573170715028163,7.447678518220148e-05,4.668867056026032e-05,3.0452063229328202e-05,2.029195455806428e-05,1.3548744059768213e-05,9.25352550808624e-06,6.321442791685822e-06,4.316234468334375e-06,2.9168642939969543e-06,1.9312902716774866e-06,1.2442872031783281e-06,8.681747637784725e-07,5.775753645504529e-07,3.681408848075659e-07,1.5073485047238918e-07,0.0,0.0
1/0.8,3e-05,2.9629629629629003e-05,0.5,0.0007446832461820148,0.0007446828951684994,0.0007446826845603902,0.000744682473952281,0.0007446819123306564,0.0007446816315198441,0.0007446812805063287,0.0007446806486820011,0.0007446797360468611,0.0007446793148306426,0.0007446787532090181,0.0007446780511819873,0.0007446767173306288,0.0007446756642900827,0.0007446738390198028,0.0007446723647630382,0.0007446706798981644,0.0007446676611819321,0.0007446642914521846,0.0007446597282764846,0.0007446551651007847,0.0007446487766548049,0.000744642388208825,0.0007446333320601283,0.00074462378449251,0.0007446118149316358,0.0007445985466207545,0.0007445821191882348,0.0007445602159448754,0.0007445340303366283,0.0007445015264851045,0.0007444615811470546,0.0007444151069576188,0.0007443561366870356,0.0007442874082407248,0.0007442079387808436,0.0007441108133411389,0.0007439911177323955,0.0007438470968870365,0.0007436718007374576,0.0007434587004322725,0.0007431863841470434,0.0007428558347196135,0.0007424341270822402,0.0007419095724848616,0.0007412110555892624,0.0007402921022060068,0.0007390377203074576,0.0007373486783728175,0.0007350369735632513,0.0007321880776697528,0.0007288375834627814,0.0007249597967530115,0.0007204289142965321,0.000715006878727215,0.0007086704529503423,0.0007009683388891943,0.0006916055798868002,0.000680209961211455,0.0006662063472182142,0.0006487734013824484,0.0006266161997445824,0.0005976855956045514,0.0005576317241757558,0.0004986962390318843,0.0004382987123937666,0.00038130878986157216,0.000326330315177891,0.00027052197434115677,0.00020943228415206829,0.00016238990913888503,0.0001291168465974288,0.0001051546983621455,8.747414759263317e-05,7.396455002093319e-05,6.31334663823679e-05,5.388215417110589e-05,4.5298399463386854e-05,3.5904540663530474e-05,2.6075074091091915e-05,1.7926119824869693e-05,1.2323873916758308e-05,8.472062207126253e-06,5.816785368709479e-06,3.991304480642658e-06,2.7335528523457246e-06,1.868234334239674e-06,1.271195445935852e-06,8.631422343107167e-07,5.862978747333022e-07,4.008925359114556e-07,2.734044271267252e-07,1.8431719692417948e-07,1.223282101086965e-07,7.753888554666015e-08,5.718010165482543e-08,4.159510157211058e-08,2.9134121776246232e-08,2.1727736601802913e-08,1.4216047372746655e-08
1/0.7,3e-05,1.1303344867358002e-05,0.5,0.00010874613622366008,0.00010874613622366008,0.00010874608512058332,0.00010874608512058332,0.00010874607489996796,0.0001087460237968912,0.00010874597269381443,0.00010874596247319907,0.00010874592159073766,0.00010874588070827625,0.00010874581938458411,0.00010874575806089199,0.00010874567629596915,0.00010874556386920026,0.00010874542078058532,0.00010874527769197035,0.00010874505283843257,0.00010874482798489477,0.00010874448048397275,0.0001087441329830507,0.00010874375482028261,0.00010874343798120663,0.00010874269187628579,0.00010874221150736415,0.00010874135297567441,0.00010874033091413902,0.00010873927819075756,0.00010873773487783911,0.00010873592582892144,0.00010873398391200419,0.00010873166383231883,0.00010872848522094374,0.00010872481602003164,0.00010872071755327468,0.0001087155816940593,0.00010870944932484691,0.0001087020495993306,0.00010869283571458897,0.00010868226248800526,0.00010866916987973677,0.00010865293954255463,0.00010863351015276667,0.0001086107948351424,0.00010858186027307521,0.00010854700286441039,0.00010850395363253934,0.0001084492784507031,0.00010838195014705861,0.00010829409373747562,0.00010818101795950662,0.0001080309077818024,0.00010782846805348568,0.00010755797435783434,0.00010721102023871973,0.00010679517917211913,0.00010629094000332178,0.00010571890238257365,0.00010505034638072999,0.00010424388361591481,0.00010327045687867663,0.00010212367828441924,0.00010070637533266445,9.899178534210782e-05,9.687809054259277e-05,9.425260353953374e-05,9.091006371477633e-05,8.649645961430398e-05,8.01092495786662e-05,6.921244342315128e-05,5.705931411801477e-05,4.354558583510748e-05,3.379779658861248e-05,2.6851682422956456e-05,2.1800286372856006e-05,1.802112186017564e-05,1.5071993961624472e-05,1.2632333076624233e-05,1.0439029904116856e-05,8.106041581566334e-06,5.672237109163939e-06,3.9043874919975955e-06,2.687101982720623e-06,1.8482347569255682e-06,1.2699932226575602e-06,8.713585620054266e-07,5.971190108268493e-07,4.081296123160014e-07,2.778372077831859e-07,1.8848858835850185e-07,1.2708313131165884e-07,8.499463728387926e-08,5.739897582807432e-08,3.83988518849849e-08,2.4457932542126393e-08,1.6904897795519036e-08,1.2489591962590244e-08,9.331421818203677e-09,7.072665824969271e-09,5.3453818301429605e-09,3.9349369112907076e-09
1/0.6,3e-05,5.273437499999e-06,0.5,2.3811338975600705e-05,2.3811336751189792e-05,2.3811336751189792e-05,2.3811334526778877e-05,2.3811330077957052e-05,2.3811327853546137e-05,2.381132340472431e-05,2.381131673149157e-05,2.3811307833847917e-05,2.3811292262971524e-05,2.381128336532787e-05,2.381127669209513e-05,2.381127001886239e-05,2.3811249999164168e-05,2.3811221081822292e-05,2.3811172144782197e-05,2.381114767626215e-05,2.3811107636865705e-05,2.381103868012739e-05,2.3810991967498205e-05,2.3810905215472578e-05,2.3810818463446954e-05,2.3810736160243157e-05,2.3810591573533782e-05,2.3810471455344457e-05,2.3810311297758686e-05,2.381010220313282e-05,2.380983082500138e-05,2.380950606100801e-05,2.3809194643480128e-05,2.3808798698337532e-05,2.38082648397183e-05,2.3807670922004406e-05,2.3806865685253735e-05,2.380598148191563e-05,2.3804868164253443e-05,2.3803569108279985e-05,2.380202536710604e-05,2.380001227522936e-05,2.3797723356399406e-05,2.379491170100479e-05,2.3791641816962004e-05,2.3787454363417412e-05,2.378227593481087e-05,2.3775995310596713e-05,2.3768475689503755e-05,2.375915874439272e-05,2.3747743067584834e-05,2.373352352082053e-05,2.3715346747041174e-05,2.3692426416988867e-05,2.366198980245997e-05,2.362195596704494e-05,2.357191450693025e-05,2.3510875559259403e-05,2.3436003000117736e-05,2.334732463464167e-05,2.3245864804056852e-05,2.3123094004715615e-05,2.2978042393459686e-05,2.2804189109696256e-05,2.2594817544672125e-05,2.2341390409301426e-05,2.2034039104566593e-05,2.1658120333424294e-05,2.1195624152913696e-05,2.062147922762917e-05,1.9893032478305084e-05,1.8935619328220182e-05,1.7570837573293006e-05,1.4295732838090333e-05,1.0934723577820677e-05,8.550179547109725e-06,6.828347586613692e-06,5.5524477307611655e-06,4.567707692604387e-06,3.7619571030102216e-06,3.0393038319102473e-06,2.2546873704048825e-06,1.553386219663228e-06,1.0695523774652481e-06,7.363111541086293e-07,5.065028138170685e-07,3.4812920560041847e-07,2.3898625972050405e-07,1.6376780468179476e-07,1.1187897130347243e-07,7.617272732058433e-08,5.1559620563130014e-08,3.461183381346491e-08,2.2973715914233004e-08,1.501922248769377e-08,9.300262029183597e-09,6.695476849519882e-09,4.9760072134139455e-09,3.6791756508657425e-09,2.7093324925964173e-09,2.0553556840386614e-09,1.5593120503366901e-09,1.17893778413473e-09
1/0.5,3e-05,2.6666666666660002e-06,0.5,6.150397725422862e-06,6.150397156778578e-06,6.150396019490008e-06,6.150393744912871e-06,6.150393744912871e-06,6.150392607624303e-06,6.150392607624303e-06,6.150389195758595e-06,6.150387489825742e-06,6.150384646604321e-06,6.1503829406714675e-06,6.150379528805761e-06,6.1503744110072015e-06,6.150369861852926e-06,6.1503658813429355e-06,6.150360763544376e-06,6.150353371168678e-06,6.150345410148697e-06,6.150335174551577e-06,6.15031356606877e-06,6.1502942321631e-06,6.150269211814587e-06,6.150244191466073e-06,6.150212347386146e-06,6.1501731109305225e-06,6.150126482099202e-06,6.150069617670761e-06,6.150000243068064e-06,6.149908691338275e-06,6.1498168552863435e-06,6.1497088128723075e-06,6.149568926378344e-06,6.149413117844417e-06,6.149208690224174e-06,6.148965879114734e-06,6.148654262046881e-06,6.14828350597345e-06,6.1478547481830106e-06,6.14729434924073e-06,6.1466261922065565e-06,6.145873307174007e-06,6.144954093688269e-06,6.1438307369044305e-06,6.142471961386848e-06,6.140793607781432e-06,6.138759282853979e-06,6.1363445349002605e-06,6.133432507519832e-06,6.129856872259504e-06,6.125509871027382e-06,6.120115142701248e-06,6.1135527033370914e-06,6.1053386366488855e-06,6.09522245482935e-06,6.082874628515674e-06,6.067514693427514e-06,6.0480952067929985e-06,6.02484248903732e-06,5.997183062399658e-06,5.964484878757899e-06,5.9252669040733125e-06,5.878331289160805e-06,5.821620963321546e-06,5.753249733464172e-06,5.670108821285846e-06,5.568532461407165e-06,5.44321036917823e-06,5.2869128011671335e-06,5.0877212574949255e-06,4.8223986581237504e-06,4.3997876280759045e-06,3.5301073243416022e-06,2.742912570247849e-06,2.174118163753448e-06,1.7513487662723968e-06,1.423344507431443e-06,1.1510588587977487e-06,8.916547091386427e-07,6.239557453029454e-07,4.298581171304229e-07,2.9607886278169806e-07,2.0383111238865408e-07,1.4027658394231714e-07,9.648585624470196e-08,6.627719728006003e-08,4.546538511518296e-08,3.109346947117348e-08,2.1175744506895192e-08,1.4340071564082897e-08,9.58620534647115e-09,6.240871021326425e-09,3.957195575162697e-09,2.7806705507322296e-09,2.032334672457462e-09,1.527947192191718e-09,1.1503673873479142e-09,8.569469365958016e-10,6.317637999720874e-10,4.816417088896111e-10,3.718933619997706e-10
1/0.4,3e-05,1.3605442176870002e-06,0.5,1.6286609473325537e-06,1.628660799309238e-06,1.628660799309238e-06,1.6286606512859222e-06,1.6286603552392905e-06,1.628660207215975e-06,1.628660207215975e-06,1.628659467099396e-06,1.6286588750061327e-06,1.6286582829128695e-06,1.6286578388429222e-06,1.6286568026797117e-06,1.628655914539817e-06,1.628654582329975e-06,1.6286528060501855e-06,1.62864984558387e-06,1.6286477732574488e-06,1.6286445167445016e-06,1.628640224068344e-06,1.628634155112397e-06,1.6286288262730285e-06,1.628623053363713e-06,1.6286158002212396e-06,1.6286070668456082e-06,1.6285952989920035e-06,1.6285793864855567e-06,1.628563399967452e-06,1.628542824726558e-06,1.6285173647162435e-06,1.6284843555168236e-06,1.6284412807319305e-06,1.6283967997255374e-06,1.6283385525507764e-06,1.6282700917672263e-06,1.628188900978519e-06,1.628093870009786e-06,1.627982186418027e-06,1.6278429704895322e-06,1.6276677108836441e-06,1.6274711359202832e-06,1.6272214945982137e-06,1.6269358095987509e-06,1.6265844762587381e-06,1.6261670505082275e-06,1.625658072336905e-06,1.6250382247020601e-06,1.6242787170687732e-06,1.6233808816468865e-06,1.6223085267356904e-06,1.6210169492938186e-06,1.6194276969639055e-06,1.6175363290464775e-06,1.6152801576673003e-06,1.6125679264521931e-06,1.6093234033935273e-06,1.6054329805964386e-06,1.6006717366325936e-06,1.594655180939244e-06,1.5872614903274992e-06,1.5784330837275198e-06,1.5677132351984546e-06,1.5549608045087037e-06,1.5395895453161052e-06,1.5209682121904988e-06,1.4984053142122007e-06,1.4707946731423577e-06,1.4367359884136554e-06,1.3941510866841463e-06,1.3396131541817768e-06,1.2656549327068579e-06,1.1510688997720657e-06,9.871466216748636e-07,7.707526685403188e-07,6.112661311355529e-07,4.904754048730498e-07,3.935506998493479e-07,3.068860829358867e-07,2.1679776074000322e-07,1.4944034298583268e-07,1.0300735312754913e-07,7.099938341571599e-08,4.894154099087218e-08,3.3737770180083016e-08,2.324069674127243e-08,1.6006797298916462e-08,1.1011454461159414e-08,7.551557478028078e-09,5.144550340067152e-09,3.4351770893954362e-09,2.247586026861736e-09,1.5979116938864885e-09,1.144072207693253e-09,8.20493239389792e-10,5.937215196089583e-10,4.4703041366717876e-10,3.3823327656606077e-10,2.5474812646397837e-10,1.9020996078222674e-10,1.4299052304718366e-10,1.0894516041690185e-10
1/0.3,3e-05,6.52095157589663e-07,0.5,3.859256641373151e-07,3.8592559611986054e-07,3.8592559611986054e-07,3.859254600849513e-07,3.8592525603258743e-07,3.859251540064055e-07,3.8592494995404165e-07,3.859248479278597e-07,3.8592474590167775e-07,3.8592460986676854e-07,3.859245078405866e-07,3.859239977096769e-07,3.859236576224038e-07,3.8592307947403956e-07,3.8592256934312993e-07,3.859217701380381e-07,3.859208008893098e-07,3.859196275882176e-07,3.8591787613876107e-07,3.8591637975475945e-07,3.85914135178757e-07,3.8591155051548144e-07,3.8590838770384157e-07,3.8590479978311036e-07,3.8590058270092387e-07,3.858959235052824e-07,3.858906521525493e-07,3.8588403745508745e-07,3.858754842601689e-07,3.858656557379763e-07,3.85853888718327e-07,3.858394860223111e-07,3.8582234562374673e-07,3.858014812695419e-07,3.857765358680599e-07,3.857477134716645e-07,3.857118852774432e-07,3.8567119383521654e-07,3.8562152408897997e-07,3.855635562132797e-07,3.854934132132024e-07,3.8540726910692563e-07,3.8530369552790243e-07,3.8517840737649164e-07,3.850264733872333e-07,3.8484209507212096e-07,3.8462610564497385e-07,3.843593751966799e-07,3.8404401226833235e-07,3.8366272342209395e-07,3.832057481532267e-07,3.826618975904455e-07,3.8201440543118647e-07,3.8123397315687187e-07,3.8030255913766356e-07,3.791889943749818e-07,3.778441362578633e-07,3.762441276641e-07,3.74282912377575e-07,3.718421230228851e-07,3.6885824830177844e-07,3.652317106606909e-07,3.608596166951453e-07,3.555457360485618e-07,3.490770040443419e-07,3.411164452079325e-07,3.3119905821082107e-07,3.185372179328669e-07,3.014848339548013e-07,2.783327126638316e-07,2.491807036833406e-07,2.0623342856546446e-07,1.6265347208907289e-07,1.295551924176873e-07,1.0279362287110345e-07,7.779443658682543e-08,5.414250603494129e-08,3.7361018574265176e-08,2.579385121097195e-08,1.7819518840001904e-08,1.2321582961215548e-08,8.52852158685353e-09,5.908132143238418e-09,4.0944297114214185e-09,2.8326209063944593e-09,1.9440068705060585e-09,1.2903421272402226e-09,9.335395646651849e-10,6.86755234938667e-10,5.082604296510451e-10,3.7662965059688853e-10,2.792626643077656e-10,2.0573579586309784e-10,1.4965540452856636e-10,1.0913400593845458e-10,8.296429027325022e-11,6.152178770416464e-11,4.6557947687673516e-11,3.5369076402615383e-11,2.705394257526975e-11
1/0.2,3e-05,2.6041666666666647e-07,0.5,6.566401369166653e-08,6.566398115281173e-08,6.566395946024185e-08,6.566394861395691e-08,6.566392692138704e-08,6.566388895938975e-08,6.566386455524865e-08,6.566378863125408e-08,6.56637343998294e-08,6.566367474526224e-08,6.566361509069508e-08,6.566353916670052e-08,6.566346866584843e-08,6.566339274185386e-08,6.56632842790045e-08,6.566312158473044e-08,6.566296702517007e-08,6.566272298375899e-08,6.566241115306702e-08,6.56619664553846e-08,6.566158954698301e-08,6.566108519473343e-08,6.566043984077965e-08,6.565966161983539e-08,6.565868816576226e-08,6.565762794140962e-08,6.565630469464724e-08,6.565469673290527e-08,6.565271999747542e-08,6.565053447106053e-08,6.564790967010567e-08,6.564478322847244e-08,6.564094093203336e-08,6.563622279808558e-08,6.563056917206193e-08,6.562362483813073e-08,6.561519727473434e-08,6.560489059247253e-08,6.559290815918789e-08,6.557826025137987e-08,6.556048861350988e-08,6.553944682073123e-08,6.551399872469677e-08,6.548303529277159e-08,6.544610911570207e-08,6.540033779326606e-08,6.53455586311895e-08,6.528155741534488e-08,6.520256663371672e-08,6.510923435183002e-08,6.499478706474135e-08,6.485906207817665e-08,6.469499303749918e-08,6.449981142847866e-08,6.426884250230704e-08,6.399043734896151e-08,6.365552847423438e-08,6.325947637974364e-08,6.277644250319707e-08,6.218479121771572e-08,6.145569580950708e-08,6.056474671431945e-08,5.947676129538698e-08,5.814287161592405e-08,5.648502509794955e-08,5.4377030639358826e-08,5.162497022332654e-08,4.8155973084500496e-08,4.3942931645250786e-08,3.8532945720158295e-08,3.076048708770154e-08,2.4368269733387893e-08,1.920422060768069e-08,1.4358851602862977e-08,9.990713712150297e-09,6.91355217454556e-09,4.792534039316194e-09,3.329115313559073e-09,2.317417239734119e-09,1.6170238130411916e-09,1.1288650668616846e-09,7.829065393545268e-10,5.320916233186209e-10,3.921311624858536e-10,2.9385839781014925e-10,2.2266338348077193e-10,1.7004263210676615e-10,1.3059469378928514e-10,1.0066437050441056e-10,7.767566957949964e-11,5.982810771493682e-11,4.567370587157341e-11,3.4550840668225385e-11,2.5662310161990667e-11,1.848749267587197e-11,1.3492778462179368e-11,9.935197002697992e-12,7.576130028804091e-12,5.797339299063403e-12,4.4090148270706705e-12
0.2,0.0001,8.680555555555554e-07,0.5,7.296000918729451e-07,7.295997303301139e-07,7.295995495586982e-07,7.295994290444212e-07,7.295993687872826e-07,7.295991277587285e-07,7.295988264730358e-07,7.29598404673066e-07,7.295979226159576e-07,7.295974405588493e-07,7.29596958501741e-07,7.295961149018014e-07,7.295947892447536e-07,7.295937648733983e-07,7.29591836644965e-07,7.295902097022243e-07,7.295877994166827e-07,7.295855699025567e-07,7.295825570456296e-07,7.295787608459014e-07,7.295741210462338e-07,7.295676132752713e-07,7.295617683328328e-07,7.295535131048527e-07,7.295436309341319e-07,7.2953296542061e-07,7.295189255073299e-07,7.295007278514904e-07,7.294797282387087e-07,7.294555651261536e-07,7.294258583568527e-07,7.293913310164685e-07,7.293465599625323e-07,7.292922682807065e-07,7.292270399282354e-07,7.291534358335071e-07,7.290619654972013e-07,7.289512430051314e-07,7.288184664003555e-07,7.286628523400724e-07,7.284709936109566e-07,7.282310195567155e-07,7.279525411909465e-07,7.276140467151902e-07,7.271994173448869e-07,7.266906060670435e-07,7.260891494386926e-07,7.253788382895667e-07,7.244919737245145e-07,7.234419328282923e-07,7.221847278897647e-07,7.206491048426067e-07,7.188360880581734e-07,7.166786414698376e-07,7.140735445992777e-07,7.109496337658764e-07,7.072389991744978e-07,7.028047064778062e-07,6.974840614017401e-07,6.909392021704979e-07,6.82838503622117e-07,6.729423833737568e-07,6.608836344231463e-07,6.460506468140902e-07,6.276136496203045e-07,6.042005877972015e-07,5.735477211640584e-07,5.349540784282233e-07,4.881159334828783e-07,4.280219411440902e-07,3.416483343875082e-07,2.706199009175841e-07,2.132814675242938e-07,1.5944364246599616e-07,1.1092802916936671e-07,7.676494318763359e-08,5.3214223931532786e-08,3.696419932396812e-08,2.5732148185576157e-08,1.795216825708182e-08,1.2534027130855756e-08,8.692935834534923e-09,5.907971405429012e-09,4.355325716633046e-09,3.2632855948474552e-09,2.4729529657385988e-09,1.888518979025668e-09,1.4506303532453955e-09,1.118010948496929e-09,8.62641195358523e-10,6.64455466695895e-10,5.073651065184942e-10,3.8377771537010563e-10,2.850162653007693e-10,2.0553709956467739e-10,1.4991976069097548e-10,1.1045133494636577e-10,8.411896540377885e-11,6.435462396220331e-11,4.8989053634149143e-11
0.3,0.0001,2.173650525298e-06,0.5,4.288061423360203e-06,4.288060667610707e-06,4.288059533986464e-06,4.288057644612724e-06,4.288055377364237e-06,4.288053865865245e-06,4.288052354366254e-06,4.288050087117766e-06,4.288045174746044e-06,4.288042907497557e-06,4.288038561937956e-06,4.288035538939972e-06,4.28803062656825e-06,4.28802344694804e-06,4.2880157005157084e-06,4.288006442584385e-06,4.287999829776297e-06,4.2879854705358765e-06,4.2879663878611085e-06,4.287947494123714e-06,4.287921609703483e-06,4.2878987482812354e-06,4.287868896176152e-06,4.287832809137729e-06,4.2877925654770785e-06,4.287747976256827e-06,4.287698285727479e-06,4.287633102333469e-06,4.287549969888933e-06,4.287453045016098e-06,4.287339115779609e-06,4.287177196450138e-06,4.286979001144869e-06,4.2867537877951254e-06,4.286485496724123e-06,4.286152022259109e-06,4.285749585652604e-06,4.285288956334925e-06,4.284724411461576e-06,4.284054628470939e-06,4.283242953512469e-06,4.282272004347762e-06,4.281048823788838e-06,4.279600429880171e-06,4.277855026419662e-06,4.275719845156702e-06,4.273250622616607e-06,4.270265223170893e-06,4.266771015377143e-06,4.262538251388639e-06,4.257414647681983e-06,4.251317638624758e-06,4.244074346519806e-06,4.2353507300899896e-06,4.224944626345187e-06,4.212460400424358e-06,4.197624659947401e-06,4.1799263293177954e-06,4.158305658805078e-06,4.131548158969528e-06,4.098514159571506e-06,4.058177541733111e-06,4.009518988321909e-06,3.950592633323633e-06,3.878586899676599e-06,3.790108094269996e-06,3.679982922867819e-06,3.539162229944944e-06,3.349719448524039e-06,3.091765708061971e-06,2.767889450581796e-06,2.2909325429207892e-06,1.8067419789609017e-06,1.4390932774971315e-06,1.1418819405392728e-06,8.64217686415078e-07,6.010606106745483e-07,4.147744059601519e-07,2.8636538700651155e-07,1.9784633793925796e-07,1.3679141448611093e-07,9.468048576899355e-08,6.558979830258935e-08,4.545417554908481e-08,3.145504976395944e-08,2.158817328439832e-08,1.4325609567303362e-08,1.0369638831630368e-08,7.626079224566295e-09,5.6429925476332664e-09,4.183073459155607e-09,3.1012180559430954e-09,2.2848196631241538e-09,1.6626488907212894e-09,1.212411128608922e-09,9.214475727326963e-10,6.833864815612389e-10,5.173105298630556e-10,3.9298973780685017e-10,3.005993619474513e-10
0.4,0.0001,4.5351473922899995e-06,0.5,1.809623932695522e-05,1.80962360375482e-05,1.80962360375482e-05,1.8096231103437678e-05,1.809622945873417e-05,1.8096224524623642e-05,1.8096222879920135e-05,1.809621301169908e-05,1.8096204788181537e-05,1.8096198209367502e-05,1.809618011762891e-05,1.8096170249407854e-05,1.8096150512965753e-05,1.8096142289448206e-05,1.809612584241312e-05,1.8096109395378035e-05,1.8096079790714875e-05,1.8096051830755228e-05,1.809598604261488e-05,1.8095923543881546e-05,1.80958577557412e-05,1.8095772231158748e-05,1.8095635720767524e-05,1.8095509078597354e-05,1.809536681174385e-05,1.809517602613684e-05,1.809497537230878e-05,1.809473031148598e-05,1.8094419462522835e-05,1.8094062561861443e-05,1.809364480717023e-05,1.8093125080861478e-05,1.8092489402955362e-05,1.8091783825150128e-05,1.809085785707472e-05,1.8089760839834415e-05,1.8088563495680073e-05,1.8087032276713466e-05,1.8085103039497748e-05,1.808282183573117e-05,1.808002583976636e-05,1.807685485140157e-05,1.8072887826538564e-05,1.8068156014544007e-05,1.8062329652364404e-05,1.805543423290414e-05,1.8046866149975517e-05,1.8036495472001353e-05,1.8024115788691297e-05,1.800968516010588e-05,1.799224719115479e-05,1.7971459783508207e-05,1.7946462757231088e-05,1.7916519285151526e-05,1.788095915058972e-05,1.7838224819322922e-05,1.778629495073893e-05,1.772164494521858e-05,1.7642351322008437e-05,1.7544192949553396e-05,1.742471757492197e-05,1.7281338901846717e-05,1.710881937200415e-05,1.6900891020322582e-05,1.6649645289980375e-05,1.6341954157571016e-05,1.5963638634145922e-05,1.549020003859111e-05,1.4883482071856271e-05,1.4061664846141892e-05,1.2785634786537757e-05,1.0953611883462646e-05,8.562587974199133e-06,6.791072890857689e-06,5.449080352333255e-06,4.3724196073513666e-06,3.4109440278984347e-06,2.406352545964685e-06,1.6586653967948559e-06,1.1434669568021556e-06,7.881172508209241e-07,5.432126748565477e-07,3.7444306901383917e-07,2.5798654767265117e-07,1.7763291305114365e-07,1.222146283251797e-07,8.383218254242791e-08,5.709917171186499e-08,3.8134095552936646e-08,2.4953441634139346e-08,1.774141674844853e-08,1.2705334604780283e-08,9.111657438250195e-09,6.587037552381233e-09,4.965359892793744e-09,3.7532134068749e-09,2.828890034980205e-09,2.110154601674188e-09,1.588783589413301e-09,1.2105017824101344e-09
0.5,0.0001,8.888888888888e-06,0.5,6.83377398681577e-05,6.833773354988787e-05,6.833770827680857e-05,6.833770195853875e-05,6.833768932199909e-05,6.833768932199909e-05,6.833767668545944e-05,6.833765773064995e-05,6.833762613930083e-05,6.833760718449135e-05,6.833758822968186e-05,6.833753136525343e-05,6.833749345563446e-05,6.833744290947585e-05,6.833739868158706e-05,6.833731654407931e-05,6.833724704311122e-05,6.833704485847678e-05,6.833681108249318e-05,6.833660889785873e-05,6.833641934976393e-05,6.833613502762172e-05,6.833571802181316e-05,6.833528837946495e-05,6.833483346403742e-05,6.833424586494354e-05,6.83335761283419e-05,6.833279898115322e-05,6.83318006945206e-05,6.83305686319044e-05,6.832920388562182e-05,6.832754849892722e-05,6.83254824246939e-05,6.832313834658819e-05,6.831995393859554e-05,6.831624195507235e-05,6.831150325270232e-05,6.8306082177191e-05,6.829977654390396e-05,6.829151856524046e-05,6.828223070859521e-05,6.827093680127996e-05,6.825713138170862e-05,6.824001518874808e-05,6.822005261523061e-05,6.819616955528567e-05,6.81673582448759e-05,6.813280046805876e-05,6.80905786299418e-05,6.803878461303741e-05,6.797635378887974e-05,6.789971949415166e-05,6.780952303324057e-05,6.770359408046096e-05,6.757407902641829e-05,6.741333908289203e-05,6.720317131451149e-05,6.694807748852816e-05,6.664126230574344e-05,6.6272711308482e-05,6.583776477274665e-05,6.531485212534902e-05,6.468484164525385e-05,6.392291832771677e-05,6.29992978487747e-05,6.187049471634534e-05,6.047868412497471e-05,5.874016479513356e-05,5.6525390081430067e-05,5.357423365596394e-05,4.885268222938095e-05,3.922373694666722e-05,3.0474329574314654e-05,2.4156798985180934e-05,1.9461060849974936e-05,1.5817984377516692e-05,1.2794243668281402e-05,9.932162210832142e-06,6.922606017357799e-06,4.769112202703505e-06,3.2846599799988376e-06,2.2617700046745107e-06,1.5565752727764865e-06,1.070441274040097e-06,7.351559674162522e-07,5.044001168053891e-07,3.4495225945870113e-07,2.348564077283936e-07,1.5905612461743243e-07,1.0635543599289903e-07,6.92356007610163e-08,4.3874065676628696e-08,3.0826838484486094e-08,2.254358674167788e-08,1.6926644865738517e-08,1.2769223319767655e-08,9.521632628842085e-09,7.019597777467523e-09,5.345256273391112e-09,4.125830196837347e-09
0.6,0.0001,1.7578124999999003e-05,0.5,0.00026457038363088725,0.00026457035891521043,0.0002645703341995336,0.00026457030948385683,0.00026457028476818,0.00026457021062114953,0.0002645701364741191,0.00026457008704276546,0.0002645699881800582,0.00026456986460167414,0.0002645698151703205,0.0002645695927292291,0.0002645693702881378,0.0002645692219940769,0.00026456892540595506,0.0002645686041021565,0.0002645683569453883,0.0002645679862102361,0.00026456726945560844,0.0002645667751420721,0.00026456610781879804,0.0002645650944760486,0.0002645638092608541,0.0002645622521732147,0.00026456062093854483,0.00026455871783142995,0.00026455585081291933,0.00026455266249061004,0.00026454947416830075,0.00026454465461132155,0.00026453948903486696,0.0002645326675080657,0.0002645248326385149,0.00026451456327479777,0.00026450245259315784,0.0002644881175006044,0.0002644705199387112,0.0002644507968286119,0.0002644263777399174,0.0002643950629773912,0.00026435900280491633,0.00026431544142452773,0.00026426416875297243,0.0002642033929036813,0.000264127231545572,0.0002640360554137969,0.0002639257617060044,0.00026378849083696703,0.0002636217959546799,0.00026341690299387324,0.0002631664590406942,0.0002628585882124327,0.0002624801170533456,0.0002619899433928874,0.00026135564026307537,0.0002605668517953234,0.0002596188820110364,0.0002583936764799016,0.0002570346355588069,0.00025539069703105135,0.00025342539291549256,0.00025108467002693346,0.0002482666379876991,0.0002448229409477,0.00024064935289780194,0.00023550894936004457,0.00022911785842835486,0.00022101421825006766,0.00021036803932417836,0.00019511957893401336,0.0001589778076521064,0.00012156188144113004,9.50445553633673e-05,7.590898633328133e-05,6.172757585830394e-05,5.0785896300399645e-05,4.184013122379104e-05,3.3834945944101364e-05,2.5014538780304742e-05,1.7220796115778022e-05,1.185734595259245e-05,8.159584112760743e-06,5.613103214706438e-06,3.856955514205127e-06,2.648383633567674e-06,1.8139329528976866e-06,1.2400349372245304e-06,8.439167848906081e-07,5.713523009610832e-07,3.829446965908649e-07,2.547197652681976e-07,1.6633650497331359e-07,1.0299022529328346e-07,7.412231477191195e-08,5.51159593002213e-08,4.075615106998426e-08,3.002954733173492e-08,2.27878540245758e-08,1.7276258094553667e-08,1.3049877358976163e-08
0.7,0.0001,3.7677816224529004e-05,0.5,0.0012082897211107598,0.001208289607548367,0.0012082894939859743,0.0012082892668611887,0.0012082888126116172,0.0012082885854868316,0.001208288358362046,0.0012082879041124747,0.0012082873363005106,0.001208285746427011,0.0012082850650526542,0.0012082843836782973,0.0012082833616167618,0.0012082822259928336,0.0012082809768065126,0.001208278932683442,0.001208276207186014,0.001208273708813372,0.001208270529066373,0.0012082671221945883,0.0012082618983245185,0.0012082561066424846,0.0012082491793365224,0.0012082408892818463,0.0012082310661348673,0.0012082194827707994,0.001208204662878536,0.0012081877420820055,0.0012081644617914769,0.001208136866130021,0.001208105636471995,0.0012080631641370795,0.0012080210324893425,0.0012079639673869492,0.0012078945807649348,0.0012078115666557818,0.0012077148682782938,0.0012075969337333478,0.0012074592961132471,0.0012072857159958184,0.0012070711398545807,0.0012068188042177299,0.0012065038957024337,0.0012061252786847642,0.0012056430927648411,0.001205070738305017,0.0012043564876353615,0.001203465988132046,0.0012023648871712415,0.0012009655145856894,0.001199143633117642,0.0011967903932135796,0.0011939495163947383,0.001190261180219461,0.001185603702583839,0.0011803366220235467,0.0011740824003636475,0.001166634751517579,0.0011577511629954698,0.0011471336470785542,0.0011342506182060313,0.0011187289671362836,0.0010997000551266137,0.0010762607772481026,0.0010470653623646106,0.0010098778805238604,0.0009606513655140422,0.0008884494182191955,0.0007686370623267838,0.0006306961170749971,0.0004857060134135552,0.00037655767723791984,0.00029897014702587104,0.00024265728192274843,0.0002005763965752878,0.0001677861641470077,0.00014069403834097646,0.00011640622226329767,9.10702252998696e-05,6.292889654655366e-05,4.3248874557637406e-05,2.97299530665063e-05,2.043146434222104e-05,1.4030179383616843e-05,9.628841725005168e-06,6.594681713580477e-06,4.504679436079916e-06,3.0665252933790294e-06,2.079668099753737e-06,1.4023819889618796e-06,9.371168655691499e-07,6.327696528055384e-07,4.2336060044132217e-07,2.6982424534564954e-07,1.8635588662130088e-07,1.3809186967184757e-07,1.025468407184855e-07,7.790380147605875e-08,5.893888187474415e-08,4.3494396450919094e-08
0.8,0.0001,9.8765432098765e-05,0.5,0.008274248540535831,0.008274245420415695,0.008274242690310575,0.00827424191028054,0.008274237230100335,0.008274234109980199,0.008274225529649824,0.008274218509379516,0.008274210709079174,0.008274207588959036,0.008274198228598628,0.008274184968088046,0.008274174047667568,0.008274154546916714,0.00827413231606074,0.008274102674919442,0.008274075373868246,0.008274031692186332,0.00827398255029418,0.008273936528522164,0.008273871786029327,0.008273799243236148,0.008273706419662083,0.008273602675667539,0.008273465390381525,0.008273297683924178,0.008273097216205396,0.008272838246234052,0.008272542614851101,0.008272204861846306,0.008271784035642871,0.008271305487216907,0.008270732945171827,0.008270035988336297,0.00826917249508847,0.008268085913250872,0.00826677351271838,0.00826519746203434,0.008263346450763256,0.008261093724024574,0.008258373369280404,0.008255064871890474,0.008250960353850671,0.00824589249871867,0.008239643288099917,0.008231669041060598,0.008221829352194562,0.008209114082607558,0.008192900378317302,0.008172059145849335,0.008145235473034298,0.008110545587339677,0.008066592064959254,0.008013206809420666,0.007951525154438645,0.007878567775297683,0.0077923440353505746,0.007686681556936936,0.007558953588916699,0.007401878550920887,0.007206304350558584,0.006958768839485071,0.006632583680096239,0.006172811357085502,0.005535485867591891,0.00486108477054415,0.004223474960103084,0.0035953768358986866,0.002949643792681775,0.0023925252814667023,0.0018640603935268269,0.0014630528031853319,0.0011824916004950984,0.000979369439507151,0.0008260342555101667,0.0007039587751325415,0.0005999659510070431,0.0005024306055194204,0.0003984658624751522,0.00030417193179452256,0.0002067902522236313,0.00013922054052867985,9.44097651407039e-05,6.425419403471223e-05,4.379829640362341e-05,2.9877100383793006e-05,2.0377114597637665e-05,1.3850213286720936e-05,9.376351025739412e-06,6.3572447784847725e-06,4.347107380428913e-06,2.9531937093672823e-06,1.995316827406632e-06,1.321370877883829e-06,8.346321365618046e-07,6.177837870625694e-07,4.426670443914244e-07,3.155221488217289e-07,2.343990252680582e-07,1.532759017143875e-07
0.9,0.0001,0.000448753462603878,0.5,0.1705293639197441,0.1705292189823879,0.17052891300352477,0.17052871975371645,0.17052836546240124,0.17052810779599017,0.17052764882769547,0.17052726232807888,0.17052681141185952,0.17052616724583186,0.17052545866320143,0.17052450851831064,0.17052346174851568,0.17052213315608364,0.17052074819912416,0.17051896063839742,0.1705168670988075,0.1705140327682858,0.17051094077135306,0.17050717240009125,0.17050245388393862,0.1704966241813883,0.17048940952187852,0.17048134134238208,0.1704709944255628,0.17045826409444118,0.1704430617761884,0.17042439706553694,0.17040326036775436,0.17037871764210052,0.1703494241919927,0.1703122638642721,0.1702656423480202,0.17021143577679262,0.1701467292993142,0.1700657093171853,0.16996845635115934,0.16984271514256016,0.16968716515103102,0.1694914191993759,0.16923557255734015,0.16889900385996323,0.1684591431400511,0.16787780745631417,0.16710624954460934,0.16610616568251682,0.16484136179135753,0.16334026169710192,0.16160519244952495,0.1595416307361429,0.1570733797679589,0.1540477158318902,0.15031241444352544,0.14560364935416123,0.13943573548309277,0.1307423525964334,0.11942557940590358,0.10722811852650797,0.09526931310828497,0.08429017954115299,0.07388370152053522,0.06380087666843977,0.055232003022851715,0.04799271221457949,0.04187236195257836,0.03667468290029571,0.032228181957017835,0.028395973841867015,0.02506217308646726,0.02211864031892519,0.019452606224023606,0.016923884169993048,0.014720618949362255,0.012819217981368178,0.011165571319687402,0.00971091559602608,0.008409837105434194,0.00720337050015484,0.0059115357920598716,0.004899494598078932,0.00418547681679479,0.00363055999226727,0.0031807388551524426,0.002804400957642906,0.0024791373740514436,0.0021852607801577046,0.0018996375634933566,0.0015812262960211254,0.0011991794770914535,0.0009580681329383964,0.0007709862143553036,0.0006127226734346405,0.00046970171114347705,0.0003213583270487746,9.511916605931281e-05,4.381939403155679e-05,3.5727058309080754e-05,2.891500256657854e-05,2.3995184530326942e-05,2.0355646474049163e-05
1.0,0.0001,0.000448753462603878,0.5,0.17052933171144274,0.17052912235748374,0.1705289613159768,0.17052873585786715,0.17052852650390818,0.17052818831674363,0.1705278501295791,0.1705274958382639,0.17052701271374315,0.17052638465186618,0.17052574048583852,0.17052483865339982,0.17052358252964586,0.17052208484363157,0.17052053884516516,0.17051889622179464,0.17051643228673882,0.17051331613358003,0.17051004699098965,0.17050586796388523,0.17050148763489714,0.17049529558895626,0.17048798430454232,0.17047922364656615,0.17046873179239064,0.17045704823106395,0.17044133057998906,0.17042288327537194,0.17040118293231515,0.17037472381272903,0.17034336097925734,0.17030603961002982,0.17025970796849038,0.1702028764207001,0.17013493300893268,0.17005338158983097,0.16995342312648884,0.16982835024014337,0.16967637537006772,0.16947984836710406,0.16923383330906544,0.16892042238038293,0.16850612699969353,0.16794976885367913,0.16721800429833297,0.16626690121056864,0.16506705341122346,0.16363830121394943,0.16196384798957525,0.1599898495102639,0.15760659624942963,0.15471074787208505,0.1511235080451779,0.1466461112887984,0.14087633228320043,0.13319017544946524,0.12241665162628694,0.11010549544300938,0.09864634545621603,0.08826124569564123,0.07884755635685271,0.07030461039387796,0.0626526668282869,0.05569837117480206,0.0494547033788808,0.0437593577577789,0.038550059560772336,0.033670598526153624,0.028923143214753092,0.024606023018130682,0.02101736602596268,0.01804451565208674,0.015562841874301384,0.013474914580923073,0.011704609451633109,0.01018242902412235,0.008858152504459366,0.007681816765123798,0.00660077733750515,0.005530978607069164,0.004568884436457894,0.0037692489380224212,0.0031071670427183493,0.0025611155531464966,0.002109031782859515,0.0017352463932345796,0.0014273913965406233,0.0011755707921777222,0.0009755169802126307,0.0008290336255227958,0.000703517875033287,0.0005937519839200599,0.0004961044662021824,0.00040340092274659375,0.00030883734988613754,0.00017263649541282203,8.238883493768633e-05,6.250020883369051e-05,4.311886347647677e-05,2.8214472011498526e-05
1/0.9,0.0001,0.000448753462603877,0.5,0.17052928339899065,0.17052918677408652,0.17052902573257958,0.17052873585786715,0.1705284459831547,0.17052810779599017,0.17052773740052427,0.17052723817185284,0.17052669063072934,0.1705262075062086,0.17052530567376986,0.17052440384133113,0.1705234295402143,0.1705222861455152,0.17052049858478843,0.17051840504519855,0.17051613435995105,0.1705132195086759,0.17051006309514036,0.17050629472387854,0.17050159231187664,0.17049571429687424,0.17048912769924143,0.17048073743673114,0.17047084948820657,0.17045852176085222,0.17044449504559994,0.17042752932284644,0.17040698847863944,0.17038232497185543,0.17035152578365795,0.17031308517595733,0.17026933019852855,0.1702157597412533,0.17014915297399327,0.1700679800024328,0.16996778802890566,0.16984389074556064,0.16968912985741538,0.1694960974551518,0.16924752183715322,0.16892000367246496,0.1684869550082953,0.16790119068311823,0.1671295844589613,0.16612092513662557,0.16486389149817493,0.16337428976751306,0.16163393030643394,0.15956251781958974,0.15707914505390644,0.1540730074005512,0.15031914597851448,0.1456195602550444,0.13950926703515013,0.13118143226503703,0.1193397603868686,0.10662612121743385,0.09489400587641968,0.08400921042403849,0.07394806175877378,0.0642140206023547,0.05519076834500614,0.047643767477396196,0.04132451485020441,0.035978758132313465,0.03145418426648322,0.027586128311893134,0.024248832955793328,0.02132807145732903,0.01872647812141946,0.01633055089399097,0.013987356708001776,0.011923762786318313,0.010131153408320631,0.008553147942437805,0.0071324156122081145,0.005731507491479654,0.004382776818991636,0.0035249892324091766,0.0028824014115171595,0.0023784864322296023,0.001974690957791067,0.0016427119433612516,0.0013683455280302582,0.0011364054976960073,0.0009383486004166611,0.0007736514512947459,0.0006363957749511375,0.0005325723154430719,0.0004010175084442526,0.00029547090481219705,0.0002269396915445418,0.00017737111571612145,0.00014079053742039149,0.00011203657636072787,8.819438126197015e-05,6.720262083560693e-05,4.968935695860657e-05,3.7699816768788846e-05
1/0.8,0.0001,9.8765432098765e-05,0.5,0.008274249710580883,0.008274248150520814,0.008274246590460745,0.008274245810430712,0.008274245810430712,0.008274244250370643,0.008274238790160404,0.00827423254992013,0.008274220849469618,0.008274214609229346,0.008274206808929003,0.008274195888508525,0.008274179507877807,0.008274161567187022,0.008274135826195893,0.008274111645264835,0.008274084344213638,0.008274057043162442,0.008274014141510563,0.008273958759378136,0.008273890896765165,0.008273825374242294,0.008273734110728296,0.008273623346463444,0.008273486841207465,0.00827332810509551,0.008273120617106422,0.008272879587825863,0.008272615937674314,0.008272255563798528,0.008271855408390998,0.008271317967697455,0.008270740745472169,0.008270078499973159,0.008269223587055709,0.008268165866329374,0.008266939269100642,0.008265471252576335,0.008263600740554395,0.008261395985662815,0.008258720482645612,0.008255434996141687,0.008251555516766743,0.008246557864337816,0.008240476750191428,0.008232760303078401,0.008222906963686768,0.00821032468922059,0.008194034932002003,0.008173006492325833,0.008145473772209737,0.00810996992517446,0.008066074515031583,0.00801290922796263,0.007951587946856397,0.007878410989260815,0.00779193256950755,0.007686745519399738,0.007558864275477786,0.007402095789285403,0.007207037578790703,0.006959945124776599,0.006635438980036317,0.006183765318855351,0.005534251470062817,0.004860158874893591,0.004221020985615586,0.0036018347045515793,0.0029546500254410773,0.002377476162017462,0.0018365202631254068,0.0014471401904882658,0.0011721523023921763,0.0009713983125879688,0.0008189718635807923,0.000696946305125354,0.0005921902216114203,0.000491883429412392,0.00038513163905603464,0.0002957343469149066,0.00020951879728315763,0.00014203566892199905,9.673659473263273e-05,6.604007279794425e-05,4.514150812246399e-05,3.0828347010463215e-05,2.1041310171733344e-05,1.4318621322239967e-05,9.697723399817415e-06,6.576433218086518e-06,4.4996032521091305e-06,3.0698081994756836e-06,2.0698096956698584e-06,1.3736328901732129e-06,8.693434730823656e-07,6.419647181218366e-07,4.680180205019465e-07,3.2683258431719264e-07,2.441494006951821e-07,1.6068618703900164e-07
1/0.7,0.0001,3.7677816224529004e-05,0.5,0.0012082902889227242,0.0012082901753603312,0.0012082894939859743,0.0012082893804235815,0.001208289039736403,0.0012082886990492244,0.0012082881312372603,0.0012082879041124747,0.0012082873363005106,0.001208286541363761,0.0012082856328646183,0.001208285178615047,0.0012082838158663331,0.0012082831344919762,0.001208281431056084,0.0012082798411825843,0.0012082775699347279,0.0012082747308749073,0.001208271778252694,0.001208268484943302,0.0012082631475108395,0.0012082574693911983,0.001208251223459593,0.0012082433876544885,0.001208232712789563,0.0012082191988648174,0.0012082070476887852,0.0012081911489537902,0.0012081729789709386,0.0012081493579932316,0.001208117503742045,0.0012080841163985552,0.0012080425525627823,0.0012079900867372985,0.00120792598076655,0.0012078519948676267,0.001207762678045672,0.0012076580870818826,0.001207528171704494,0.0012073744082246125,0.001207181806406386,0.001206950195906225,0.0012066693561087758,0.0012063215712807577,0.0012058883307521407,0.0012053552120990367,0.0012046985943437386,0.0012038642514436734,0.0012027934716417525,0.0012014006288937878,0.001199541385398502,0.0011970273979273996,0.0011938929055419164,0.001190140747301873,0.0011855075152371183,0.0011802463967024496,0.0011740272658219322,0.0011665993768322149,0.0011577666642620902,0.0011471451168802295,0.001134261349852153,0.0011187337935379784,0.0010996611032258756,0.0010762731555489203,0.001047120780812308,0.0010099207503271508,0.0009608200624485798,0.0008894335499153931,0.0007684501386281985,0.0006312080563418397,0.00048465351715687856,0.00037582656255293024,0.00029839222800879866,0.00024216612457379224,0.0002001062482690037,0.00016730261547837059,0.00014013962673921826,0.0001156527357869221,8.94092617424515e-05,6.326685822759266e-05,4.3526648170480616e-05,2.9938567182120762e-05,2.0585682071673644e-05,1.4141243403796995e-05,9.704133591446315e-06,6.6481696005997535e-06,4.541132964175856e-06,3.092531081335323e-06,2.0974973954268294e-06,1.4140789154225708e-06,9.452933578523514e-07,6.383342100538283e-07,4.2722172179727837e-07,2.7243618038056114e-07,1.8828644729927903e-07,1.3934105599289225e-07,1.0379602703953016e-07,7.881230061863669e-08,5.9279569053210885e-08,4.394864602220807e-08
1/0.6,0.0001,1.7578124999999003e-05,0.5,0.0002645705072092713,0.0002645704824935945,0.0002645704824935945,0.00026457045777791773,0.00026457035891521043,0.00026457030948385683,0.00026457028476818,0.00026457023533682636,0.0002645701859054727,0.0002645701859054727,0.0002645701611897959,0.0002645701117584423,0.00026456986460167414,0.00026456971630761325,0.0002645695927292291,0.0002645694197194914,0.0002645689501216319,0.0002645685793864797,0.00026456810978862016,0.0002645676896221143,0.00026456687400477934,0.00026456595952473714,0.00026456492146631087,0.0002645637103981469,0.0002645621038791538,0.0002645604108552919,0.0002645578157092262,0.00026455512170045324,0.0002645517356527294,0.00026454765756605473,0.000264542912156106,0.0002645377465796514,0.0002645313699350328,0.00026452306546762255,0.0002645136735104324,0.00026450176055420696,0.0002644872153784006,0.0002644700256251749,0.0002644498205593776,0.0002644240544662967,0.0002643945563060165,0.00026435635822749697,0.0002643123519649257,0.0002642612893766233,0.00026419652194552637,0.00026411675209860193,0.00026402078112552446,0.0002639009471664809,0.00026374811777888767,0.0002635596236696486,0.0002633181515071539,0.0002630022357260887,0.0002625929441180117,0.00026206814379433404,0.00026141039784506175,0.0002605820025052118,0.0002595554863000027,0.0002584063679799468,0.0002570031107130278,0.00025537653494823564,0.000253435489269472,0.0002510879324962732,0.0002482502762096468,0.0002448298613372085,0.00024064617693333106,0.00023550642836100933,0.00022912075016254236,0.00022101796267510532,0.00021037991520688859,0.0001951887210399068,0.00015891021027601395,0.00012151057169605952,9.498916753162211e-05,7.58607166164592e-05,6.16754752115753e-05,5.073127465463575e-05,4.177510427808751e-05,3.373561363897688e-05,2.5051019119285515e-05,1.7267558176314352e-05,1.1887894529137327e-05,8.183459456565233e-06,5.629316698697894e-06,3.869189774229167e-06,2.6559713463502605e-06,1.8200624407481148e-06,1.2433962692715392e-06,8.465613623099461e-07,5.729835356309553e-07,3.8442763719983944e-07,2.5533765718860367e-07,1.6683081850963846e-07,1.0343510747597584e-07,7.441890289370686e-08,5.528896903793499e-08,4.0855013777249236e-08,3.010369436218365e-08,2.2862001055024528e-08,1.7325689448186155e-08,1.3049877358976163e-08
1/0.5,0.0001,8.888888888888e-06,0.5,6.83377398681577e-05,6.83377398681577e-05,6.83377398681577e-05,6.833772091334823e-05,6.833771459507839e-05,6.833770195853875e-05,6.833768300372926e-05,6.833767036718961e-05,6.833765141238013e-05,6.833764509411031e-05,6.833763245757066e-05,6.833758822968186e-05,6.833756295660255e-05,6.833753768352325e-05,6.833751241044394e-05,6.833741763639654e-05,6.833732918061897e-05,6.833722808830174e-05,6.833706381328625e-05,6.833689953827075e-05,6.833668471709665e-05,6.833641934976393e-05,6.83361287093519e-05,6.833578120451143e-05,6.833533892562356e-05,6.833480819095811e-05,6.833422691013406e-05,6.833356349180225e-05,6.833278002634374e-05,6.833181333106026e-05,6.833049281266648e-05,6.832920388562182e-05,6.832739686045139e-05,6.83250812145599e-05,6.832239594988356e-05,6.83189746067724e-05,6.831515521266215e-05,6.831055551222831e-05,6.830474586312266e-05,6.829747037541722e-05,6.828887752845289e-05,6.827876197846034e-05,6.826681097108313e-05,6.825242111155281e-05,6.823512800703713e-05,6.821400603100646e-05,6.818902043297676e-05,6.81574164473036e-05,6.8119848014914e-05,6.807385101057562e-05,6.801800382357739e-05,6.794698647072523e-05,6.785759874835195e-05,6.774321910967914e-05,6.759600974098677e-05,6.74159801196796e-05,6.720116842297642e-05,6.694302919093663e-05,6.66342490262358e-05,6.627223427911009e-05,6.583468777534104e-05,6.531353476609015e-05,6.468500907940426e-05,6.392416618600755e-05,6.299834379003086e-05,6.186996082254498e-05,6.047830186965019e-05,5.8741109376472654e-05,5.652651789259413e-05,5.357560472051633e-05,4.88935330029455e-05,3.9224286636142145e-05,3.0474557032028413e-05,2.4152287740524667e-05,1.9456334784144564e-05,1.5811122736484894e-05,1.2785799300658012e-05,9.89906711347987e-06,6.932051830748721e-06,4.775493655228476e-06,3.2891901794645847e-06,2.2645310885887804e-06,1.5584454806451907e-06,1.0719071126398923e-06,7.36223755016965e-07,5.050319437880595e-07,3.4545772104483733e-07,2.351975942990356e-07,1.5928358233119378e-07,1.064944379290865e-07,6.933037480841687e-08,4.396252145420254e-08,3.0890021182753126e-08,2.25814963606381e-08,1.6970872754525444e-08,1.2781859859421062e-08,9.521632628842085e-09,7.019597777467523e-09,5.351574543217814e-09,4.132148466664051e-09
1/0.4,0.0001,4.5351473922899995e-06,0.5,1.8096234392844693e-05,1.8096234392844693e-05,1.8096231103437678e-05,1.8096231103437678e-05,1.8096222879920135e-05,1.8096217945809607e-05,1.809621465640259e-05,1.8096211366995572e-05,1.8096206432885045e-05,1.8096199854071014e-05,1.8096185051739432e-05,1.8096178472925397e-05,1.809615380237277e-05,1.8096132421227156e-05,1.809611268478505e-05,1.8096094593046453e-05,1.8096064988383298e-05,1.8096025515499087e-05,1.809597452969032e-05,1.809592025447453e-05,1.8095868446314006e-05,1.809578950054559e-05,1.809570479831489e-05,1.8095612694918403e-05,1.8095510723300862e-05,1.8095357765874552e-05,1.809518178259912e-05,1.8094959747625445e-05,1.809467356921493e-05,1.8094368476714063e-05,1.8093993484314077e-05,1.8093499250909712e-05,1.809290797999833e-05,1.8092131679942218e-05,1.8091284657635235e-05,1.809031921667562e-05,1.8089115293707245e-05,1.8087630948790635e-05,1.8085865359574038e-05,1.8083725600309207e-05,1.8081212493347898e-05,1.807808591197784e-05,1.807421263521483e-05,1.8069860749730785e-05,1.8064494082181864e-05,1.805802710798562e-05,1.8050340586137667e-05,1.8041293072136257e-05,1.8030072082448085e-05,1.8016191607186333e-05,1.799978980144573e-05,1.7979567349454392e-05,1.7955020149586904e-05,1.79250972363012e-05,1.78892649033087e-05,1.78453307608323e-05,1.779194944140187e-05,1.7724782217161444e-05,1.764187764739793e-05,1.7543456944733246e-05,1.7422776002429937e-05,1.7280409644364298e-05,1.7108100636570847e-05,1.6900766022855916e-05,1.6649452037318102e-05,1.6342123562032412e-05,1.596390096435556e-05,1.5490075041124447e-05,1.4883287996842245e-05,1.4060332636299836e-05,1.2789740788847249e-05,1.0970958571369004e-05,8.563232697974548e-06,6.791311372866452e-06,5.449456989436749e-06,4.372251847593479e-06,3.4090723553055234e-06,2.408383754797941e-06,1.6599087926474403e-06,1.144376477842472e-06,7.887192123051118e-07,5.436008248846032e-07,3.7474733916295037e-07,2.5817404387264404e-07,1.7779080458797976e-07,1.2231495523921096e-07,8.388645775821534e-08,5.7141934003091434e-08,3.8165344919602126e-08,2.496659926220902e-08,1.7749640265992077e-08,1.2711913418815119e-08,9.116591548776323e-09,6.59526106992478e-09,4.963715189285034e-09,3.75485811038361e-09,2.8272453314714954e-09,2.110154601674188e-09,1.588783589413301e-09,1.2105017824101344e-09
1/0.3,0.0001,2.173650525298e-06,0.5,4.288061045485455e-06,4.288060667610707e-06,4.288058022487472e-06,4.288057266737976e-06,4.28805651098848e-06,4.288053865865245e-06,4.288052732241001e-06,4.288051598616757e-06,4.288049898180392e-06,4.288047630931905e-06,4.288044607933922e-06,4.288041207061191e-06,4.288037428313712e-06,4.288033271691485e-06,4.288028548257136e-06,4.2880209907621784e-06,4.288014566891465e-06,4.288005308960141e-06,4.287994539529827e-06,4.287977724103545e-06,4.287955807368168e-06,4.287933323820668e-06,4.2879046053398285e-06,4.2878730527983795e-06,4.287825062705397e-06,4.2877712155538225e-06,4.28771887990124e-06,4.287654452256724e-06,4.287569997250571e-06,4.2874623029474215e-06,4.287339871529104e-06,4.287195901250158e-06,4.2870147103085444e-06,4.286788741209305e-06,4.286533108942357e-06,4.2862138047803895e-06,4.28583989771735e-06,4.285388715268368e-06,4.284856100811216e-06,4.284215792050914e-06,4.283466088551099e-06,4.282535571984416e-06,4.281429154722591e-06,4.2800740958766525e-06,4.278384806816205e-06,4.276286468341165e-06,4.273889419877917e-06,4.271002456804029e-06,4.267519018440594e-06,4.2633633409006604e-06,4.258352721743623e-06,4.252371153421879e-06,4.245178496533143e-06,4.2366077304388496e-06,4.226251128286021e-06,4.214037460684682e-06,4.19907739941567e-06,4.180938277892648e-06,4.158882484607734e-06,4.131639793595892e-06,4.098335046941005e-06,4.05792323202778e-06,4.009247485315549e-06,3.950382723901179e-06,3.878451620516854e-06,3.7899820730415743e-06,3.6797800041282016e-06,3.5387665950839024e-06,3.3491894791901213e-06,3.0926110138730037e-06,2.7686697619361914e-06,2.2915339305820582e-06,1.8072402068159964e-06,1.4394919353561568e-06,1.1421547661072501e-06,8.645932939144818e-07,6.014061771314948e-07,4.14979025136135e-07,2.864944312329164e-07,1.9794194025047445e-07,1.368541416942609e-07,9.47229966781313e-08,6.561662740968962e-08,4.547382503597515e-08,3.146922006700537e-08,2.15955418419822e-08,1.4329199377408329e-08,1.0369260956882477e-08,7.627779660931805e-09,5.644504046624831e-09,4.182695584407716e-09,3.1014069933170414e-09,2.2848196631241538e-09,1.6624599533473436e-09,1.2118443164870852e-09,9.214475727326963e-10,6.833864815612389e-10,5.169326551151645e-10,3.9298973780685017e-10,3.0097723669534246e-10
1/0.2,0.0001,8.680555555555558e-07,0.5,7.296000918729451e-07,7.296000316158066e-07,7.295997604586831e-07,7.295995796872675e-07,7.295990976301592e-07,7.29598856601605e-07,7.295984950587738e-07,7.295978924873884e-07,7.29597289916003e-07,7.295967476017561e-07,7.2959617515894e-07,7.295950302733076e-07,7.295942469305066e-07,7.295929815305972e-07,7.295913545878567e-07,7.295891853308692e-07,7.295873173595744e-07,7.295843647597859e-07,7.295808397171812e-07,7.295764409460677e-07,7.295714094749995e-07,7.295651427325911e-07,7.295583035473667e-07,7.295487226623386e-07,7.295392622915876e-07,7.295271506067408e-07,7.295106401507805e-07,7.294938284091274e-07,7.294732807248848e-07,7.294471893838963e-07,7.294191095573362e-07,7.293801231886998e-07,7.293367983060885e-07,7.292831393242174e-07,7.292181821288699e-07,7.291423786485847e-07,7.29048467898168e-07,7.289353049919873e-07,7.287996963016999e-07,7.286378456275777e-07,7.284445105985677e-07,7.282110443152891e-07,7.279200023361342e-07,7.27563159561692e-07,7.27143890391721e-07,7.26650143398513e-07,7.26039105885134e-07,7.253164721511763e-07,7.244419301709559e-07,7.234043022452732e-07,7.221507729921967e-07,7.206485323997906e-07,7.188572383138015e-07,7.166948506401051e-07,7.141035526542713e-07,7.110502330586713e-07,7.073560185375451e-07,7.029301919688186e-07,6.975307606841097e-07,6.909022042874334e-07,6.8279376269675e-07,6.728517867659599e-07,6.608023475432539e-07,6.459624303632657e-07,6.275156715130361e-07,6.040112899964736e-07,5.735666419055603e-07,5.35079594047805e-07,4.882425036023844e-07,4.2812061220845173e-07,3.418575773010932e-07,2.708165500892139e-07,2.134566048974643e-07,1.5962965625267343e-07,1.1095821799577594e-07,7.679507175690429e-08,5.323115618746292e-08,3.6973900723273286e-08,2.574263292768236e-08,1.7959338856568243e-08,1.253896821621615e-08,8.69582817718491e-09,5.909839376723796e-09,4.354843659524714e-09,3.2636471376787034e-09,2.4727119371844333e-09,1.888820264718375e-09,1.4505098389683125e-09,1.1179506913583875e-09,8.625206810814401e-10,6.645759809729777e-10,5.074253636570356e-10,3.8377771537010563e-10,2.850162653007693e-10,2.05476842426136e-10,1.4991976069097548e-10,1.1045133494636577e-10,8.411896540377885e-11,6.435462396220331e-11,4.8989053634149143e-11
0.2,0.0003,2.604166666666e-06,0.5,6.566402453799759e-06,6.5664013691712655e-06,6.566398115285784e-06,6.566397030657291e-06,6.5663937767718094e-06,6.566390522886328e-06,6.5663888959435875e-06,6.566384557429613e-06,6.566380761229884e-06,6.56637804965865e-06,6.566370457259194e-06,6.566366118745218e-06,6.566355814774529e-06,6.566345510803838e-06,6.5663297836906786e-06,6.566313514263272e-06,6.566290737064904e-06,6.5662630790383136e-06,6.566226743983773e-06,6.566196374385948e-06,6.5661562431316794e-06,6.566110959892066e-06,6.566049136067922e-06,6.565971585130619e-06,6.565877222451663e-06,6.5657687596022884e-06,6.5656451119540015e-06,6.565490552393643e-06,6.565293963479152e-06,6.565059683724503e-06,6.564790153543807e-06,6.564475611280621e-06,6.56408650080849e-06,6.563619297084809e-06,6.5630487824971e-06,6.5623725166312495e-06,6.561543589304905e-06,6.560516988435575e-06,6.559286748566545e-06,6.557818975057384e-06,6.556043709370247e-06,6.5539313953786785e-06,6.551404210988252e-06,6.548321696809029e-06,6.544572949577522e-06,6.54008909538438e-06,6.534722082440206e-06,6.528122389212891e-06,6.52037570135344e-06,6.5111194817878195e-06,6.49975013475926e-06,6.486064563582308e-06,6.469532384923522e-06,6.450057066846959e-06,6.426286891092288e-06,6.398243279072262e-06,6.364670773305371e-06,6.3246848592549646e-06,6.276644494010008e-06,6.217946840342634e-06,6.145175589654671e-06,6.056142232802866e-06,5.947352367937493e-06,5.81395662106302e-06,5.647823532361839e-06,5.436836174616075e-06,5.160874146952514e-06,4.812917191445388e-06,4.391126591640676e-06,3.849599242740346e-06,3.072090357084392e-06,2.433744730318401e-06,1.918183929872575e-06,1.4337546787684675e-06,9.966499381034454e-07,6.89698447430846e-07,4.780754973877488e-07,3.3210836395652293e-07,2.311782594710741e-07,1.6129944181880643e-07,1.1260124939239277e-07,7.810464014883039e-08,5.3092022454575e-08,3.9137734568297616e-08,2.9327812156620203e-08,2.2225122465330518e-08,1.6971724355876207e-08,1.3039403751803402e-08,1.0046371423313841e-08,7.754551416030479e-09,5.973591429301051e-09,4.561405130444951e-09,3.44966092435624e-09,2.5635194449665064e-09,1.8476646390947507e-09,1.3449393322439045e-09,9.929773860236245e-10,7.559860601403237e-10,5.786493014130024e-10,4.4090148270737675e-10
0.3,0.0003,6.520951575896e-06,0.5,3.8592563012860026e-05,3.8592563012860026e-05,3.859254600849637e-05,3.8592539206750904e-05,3.8592529004132714e-05,3.859251880151452e-05,3.859250179715087e-05,3.859248819365994e-05,3.8592471189296286e-05,3.859244738318717e-05,3.8592416775332595e-05,3.8592375964859816e-05,3.8592338555259774e-05,3.859230114565973e-05,3.859225013256877e-05,3.8592175313368686e-05,3.859205968369584e-05,3.85919576575139e-05,3.8591838626968315e-05,3.859165838071358e-05,3.859145772922244e-05,3.859125027598585e-05,3.8591005413149215e-05,3.859068233023977e-05,3.8590315035984816e-05,3.858988652602071e-05,3.858931177852917e-05,3.858865881096482e-05,3.858786300674575e-05,3.858692946718109e-05,3.858576636870708e-05,3.858443322659652e-05,3.858281441117655e-05,3.858084190499256e-05,3.857836436920801e-05,3.857526277327732e-05,3.857155582200051e-05,3.856710237915923e-05,3.856203507879002e-05,3.855591690874691e-05,3.854852341142967e-05,3.853938016509232e-05,3.8528497372353055e-05,3.85157304961208e-05,3.849991983879429e-05,3.848129155841012e-05,3.845892231802183e-05,3.8431762948391894e-05,3.839920639373784e-05,3.8359854895367194e-05,3.831348229524336e-05,3.8257770898600147e-05,3.8191260030599565e-05,3.81101407137829e-05,3.801646877571602e-05,3.790408353544671e-05,3.776991740577157e-05,3.7608651421739294e-05,3.741430174777965e-05,3.717393996620566e-05,3.687492843394884e-05,3.651323881725932e-05,3.6076209666959485e-05,3.554661556266673e-05,3.490234913119305e-05,3.41057848170788e-05,3.3114098830894953e-05,3.1847300945571545e-05,3.0140419926235853e-05,2.781430289872679e-05,2.4893458252380463e-05,2.06024682997241e-05,1.6249692991726923e-05,1.2945235002630542e-05,1.0271671213429471e-05,7.777411637226008e-06,5.399370084859721e-06,3.7256050637423424e-06,2.572347014980431e-06,1.7771413495222187e-06,1.228801634736077e-06,8.504137329372386e-07,5.891161788310814e-07,4.083478901227663e-07,2.825445064932097e-07,1.9386845046820733e-07,1.2869922676002088e-07,9.314990410266024e-08,6.8525885093704e-08,5.0712113728616945e-08,3.757964367778005e-08,2.7868451594350102e-08,2.0522566495345134e-08,1.4940033907374457e-08,1.0894695793825194e-08,8.279424663670183e-09,6.150478334051151e-09,4.655794768767502e-09,3.533506767530631e-09,2.69859251206502e-09
0.4,0.0003,1.360544217687e-05,0.5,0.00016286615394259956,0.00016286615394259956,0.00016286613914026797,0.00016286609473327324,0.0001628660651286101,0.00016286602072161535,0.00016286602072161535,0.00016286596151228903,0.0001628659023029627,0.00016286581348897323,0.00016286573947731534,0.0001628656358609943,0.00016286547303534694,0.0001628652361980417,0.0001628650289653996,0.0001628648069304259,0.00016286439246514172,0.0001628640076045207,0.00016286359313923647,0.0001628630454529681,0.00016286234974338389,0.00016286162442913656,0.00016286072148691028,0.0001628596261143735,0.00016285814588121563,0.0001628561919734473,0.00016285451930997893,0.00016285209172760008,0.00016284932369159492,0.00016284603757398452,0.000162841878118811,0.00016283724498902696,0.00016283110202142194,0.00016282389328594327,0.0001628147454450278,0.00016280463545255978,0.00016279258635465497,0.00016277752498227398,0.00016275999902168518,0.00016273792874530179,0.00016271170641491068,0.0001626814948561592,0.00016264360088731852,0.00016259762484543606,0.00016254142039243293,0.00016247523916794598,0.00016239712726420685,0.00016230143759171837,0.00016218961337780946,0.00016205142621135944,0.0001618918200711155,0.0001616968511607308,0.00016147364680286033,0.00016120060299456545,0.0001608774014857172,0.0001604898764449951,0.0001600210273945813,0.0001594630535057341,0.00015877359050547608,0.00015789785496463565,0.0001568328050040735,0.0001555300073948651,0.000153976628515532,0.00015210161717449798,0.00014983515077370775,0.0001470667521114261,0.0001436585374690003,0.00013939238708945712,0.0001339261598806937,0.00012651919897868828,0.0001149814994264187,9.835535777192926e-05,7.70311855105999e-05,6.109828145092098e-05,4.902551461792172e-05,3.934547067291053e-05,3.071430514121211e-05,2.161553395495251e-05,1.4897421756444572e-05,1.0268214590278332e-05,7.077453599904812e-06,4.877960348341002e-06,3.3621127807249045e-06,2.3164760780277865e-06,1.5953360881920247e-06,1.09722282824779e-06,7.526541537661435e-07,5.127675682068357e-07,3.4237792940804566e-07,2.2410730009674933e-07,1.592582854518445e-07,1.1396315082198632e-07,8.190130062320435e-08,5.923893097669688e-08,4.45846227140957e-08,3.3764118330296244e-08,2.5400800988508707e-08,1.8902577425597678e-08,1.4284249973141552e-08,1.0864911378534608e-08
0.5,0.0003,2.6666666666665996e-05,0.5,0.0006150397156778528,0.0006150397156778528,0.0006150395450845675,0.0006150394313557105,0.0006150392607624253,0.0006150390333047115,0.0006150389195758546,0.0006150385215248555,0.0006150383509315702,0.0006150379528805711,0.0006150375548295721,0.0006150372136430014,0.0006150367587275739,0.0006150361900832895,0.0006150356214390051,0.0006150345410148647,0.0006150335174551528,0.000615031982115585,0.0006150297075384473,0.0006150278310123087,0.0006150258976217417,0.0006150228838070344,0.0006150187895681867,0.0006150144110071968,0.0006150107716837767,0.0006150053695630748,0.0006149980909162345,0.0006149893337942546,0.0006149780746374234,0.000614965223276596,0.0006149506659829151,0.0006149325262302428,0.0006149122256292896,0.0006148863523143492,0.0006148531150559259,0.000614818797373362,0.0006147759784587466,0.0006147235494557245,0.0006146595769737291,0.0006145830658852627,0.0006144868797045559,0.0006143773588153798,0.0006142429028743326,0.0006140828863727015,0.0006138898032059324,0.000613654583497689,0.0006133744124587635,0.0006130334533458353,0.0006126297159039088,0.0006121545283076473,0.0006115906037708045,0.0006109341039444608,0.0006101485502977719,0.0006091962985791101,0.0006080430026736975,0.0006066410954871438,0.0006049665517984329,0.0006028390260727664,0.0006000994116393681,0.0005967966687711252,0.0005927313454852833,0.000587959083625071,0.0005822472508137394,0.0005753500505593546,0.0005669829616942159,0.0005567992249336938,0.0005442450660414223,0.0005285797121081091,0.0005085990304293161,0.0004819518474823208,0.00043886072284780734,0.000353309384412326,0.00027440492901723495,0.0002174556588496705,0.00017517843477942352,0.0001423862542374523,0.00011519362769285736,8.961663328910913e-05,6.219563919989783e-05,4.2818914615569576e-05,2.9480168771892585e-05,2.0294573323783646e-05,1.3966301675944482e-05,9.601786199863724e-06,6.597922767503216e-06,4.524702570997173e-06,3.094619060151277e-06,2.1078506334262055e-06,1.4260461364266317e-06,9.540145159434405e-07,6.209595585684193e-07,3.9384303137773553e-07,2.7653171550533173e-07,2.0220990753381858e-07,1.5188488836412525e-07,1.1458182330726784e-07,8.535350708893749e-08,6.323324442564855e-08,4.7936713175199394e-08,3.696187848621543e-08
0.6,0.0003,5.2734374999998997e-05,0.5,0.0023811345648834326,0.0023811338975601587,0.002381133675119067,0.002381133452677976,0.0023811323404725193,0.0023811318955903366,0.002381131450708154,0.0023811296711794233,0.002381128336532875,0.0023811272243274184,0.0023811261121219614,0.0023811241101521392,0.002381121440859043,0.0023811189940070383,0.0023811161022728507,0.00238111098612775,0.0023811047577771923,0.0023810991967499087,0.0023810892981213434,0.002381077953625685,0.0023810659418067523,0.0023810514831358147,0.002381036134700512,0.0023810192291775696,0.002380996317745161,0.00238097140434293,0.002380937148414863,0.002380903114927887,0.002380861963325988,0.002380798345173863,0.0023807278313479063,0.0023806439710564687,0.0023805358646860745,0.002380416858702204,0.0023802652650984518,0.002380082418521365,0.002379869319955856,0.002379616070773358,0.0023793067664358413,0.0023789483026171367,0.002378510649769913,0.0023779609978331964,0.0023773181430792063,0.0023765576169878936,0.0023756601784048572,0.002374583897184379,0.002373308753628237,0.0023718129485094793,0.0023700793538640732,0.002368021440107484,0.0023656196324236736,0.0023627763903940864,0.0023593050859430837,0.002355273118721343,0.002350348606620575,0.0023439746683685957,0.002335512008268876,0.002325172390240377,0.0023126061368875027,0.002297840497243943,0.0022803768696034454,0.002259305136240767,0.002233881565366992,0.002203043444668214,0.0021654407791610528,0.0021190816088725033,0.0020613999645933416,0.00198826355816963,0.0018917991983937153,0.0017490420669950184,0.00143824893125377,0.0010986612411199408,0.0008576269662714036,0.0006843242242090486,0.0005561785807776082,0.00045749770674697487,0.00037688349815547846,0.00030476809634104573,0.00022568027851836684,0.00015499094654055446,0.00010652170005949507,7.322026671514925e-05,5.032551738834329e-05,3.455867039263445e-05,2.3713332542959916e-05,1.6242648490098333e-05,1.1101367545813989e-05,7.547871111558706e-06,5.110806514769917e-06,3.4284845409187293e-06,2.277574334293575e-06,1.4881309011059689e-06,9.206836770818543e-07,6.624295700289352e-07,4.92929458423143e-07,3.641360665337027e-07,2.691537205288823e-07,2.044233629471428e-07,1.5504144066829007e-07,1.1655913186540026e-07
0.7,0.0003,0.00011303344867358701,0.5,0.010874604423812276,0.01087460135762767,0.010874598291443063,0.010874594203196922,0.010874592159073852,0.010874589092889245,0.010874578872273891,0.010874575806089285,0.010874567629597001,0.010874557408981649,0.010874545144243223,0.010874536967750939,0.010874517548581767,0.010874501195597202,0.010874482798489564,0.010874455202828108,0.010874424540982046,0.010874393879135984,0.010874344820182284,0.01087429065092091,0.010874236481659532,0.010874164937352054,0.010874052510583161,0.010873915554337416,0.010873784730460885,0.010873622222676757,0.010873410655938928,0.010873167405293503,0.010872902691355836,0.010872607315572104,0.010872189292404124,0.010871668041021071,0.010871080355638217,0.010870344471332729,0.010869459366043072,0.01086838415730783,0.010867111690696258,0.0108655336276856,0.01086367807496808,0.010861533278836044,0.010858880007090144,0.010855748410545677,0.010851909547418714,0.01084734910884776,0.010841792671310555,0.010835022024669298,0.010827110246323764,0.010817848324689967,0.01080692708615345,0.010794268343006749,0.010779051890867712,0.010760493297507915,0.010738694258050132,0.010712402747113499,0.010677642434294537,0.010632876650074776,0.010575128129201595,0.010504514408751563,0.010423079100764714,0.010325945949655654,0.010207366881349293,0.01006679918117033,0.009893931270288115,0.009681400728432392,0.009416621889856244,0.009077844774055589,0.00862503880790417,0.007903005991374544,0.006882841402184055,0.005626099207332949,0.0044972996975447726,0.0034512166498780706,0.002719672017669242,0.0021973239625876595,0.001811126768759808,0.001512013305994194,0.0012653224014407913,0.001041770970048849,0.000809932663727882,0.0005869801603956841,0.0003970014063185673,0.00027010940051402726,0.000184299158124898,0.00012599156959185244,8.617920660340877e-05,5.885132526987844e-05,4.0159863910479734e-05,2.7289042995185116e-05,1.8496247606137268e-05,1.2465062485740738e-05,8.300161728984958e-06,5.620316383165654e-06,3.7642526348789064e-06,2.3906019313010486e-06,1.6557396873483107e-06,1.221363534803229e-06,9.065685818999701e-07,6.919356594659297e-07,5.253396291956985e-07,3.853171988458723e-07
0.8,0.0003,0.000296296296296296,0.5,0.07446819123306558,0.07446814209117343,0.07446807890874067,0.07446804380738913,0.07446798062495637,0.07446790340198298,0.07446784723982051,0.0744677278952253,0.0744676366317113,0.07446753132765668,0.07446738390198022,0.07446712415197884,0.0744668152600853,0.07446650636819177,0.07446615535467639,0.07446574817899856,0.07446514443575211,0.07446454069250567,0.07446362805736569,0.07446280668573971,0.07446165536140928,0.07446033555059146,0.07445853836139274,0.07445650950327386,0.07445406644920684,0.07445111793567767,0.07444749547619899,0.07444325523293324,0.07443861483425997,0.07443257740179549,0.0744255922328395,0.07441646588143971,0.07440631457057502,0.07439392028334708,0.07437923738799888,0.07436117774263276,0.07433984314116819,0.07431385410048971,0.0742827437726219,0.07424560654269506,0.07420220372151877,0.0741501133158369,0.0740875030350992,0.07401292319348717,0.07392509610180482,0.07382379360126717,0.07370770290132672,0.0735739281404816,0.07342229732210927,0.07325518329757369,0.07305460715461727,0.07281386102496118,0.07249898435099272,0.07205283564254378,0.07147805101111482,0.07079979812575836,0.07000168816544143,0.06904010068060823,0.06786249245814205,0.06641575866330159,0.06459634679891563,0.062250548046600816,0.05897345778596496,0.05421036584852346,0.048928465404950106,0.04286802400454205,0.036440106554886394,0.03092965419118111,0.026270778166454886,0.022281923760149557,0.01880333770114699,0.015664918839895754,0.012597703070238627,0.009304557451409444,0.007463810985558902,0.006109348113505447,0.004982443793335398,0.004121688450929242,0.003437268258107604,0.002867113494946466,0.002360885313205689,0.001867511246397997,0.0012677344526742392,0.0006758589731816056,0.0004257793941516464,0.0002784695521536073,0.00018494551111670319,0.0001235813283585904,8.277249706092311e-05,5.557596988955497e-05,3.777607452481466e-05,2.5497621756946083e-05,1.719615211829279e-05,1.1411449384888725e-05,7.164185848833556e-06,5.3213648931071395e-06,3.699682452067892e-06,2.706314203552509e-06,1.9937567673382946e-06,1.2811993311240803e-06
0.9,0.0003,0.0013462603878116339,0.5,1.5347631882475252,1.534761014187182,1.5347588401268384,1.5347562312544265,1.5347523179458085,1.5347486220432247,1.5347444188598942,1.534737171992083,1.534729345374847,1.5347205766647956,1.5347092715510102,1.5346965170636624,1.5346825306087868,1.5346653555320744,1.534645716520306,1.534619048046761,1.5345857849235076,1.5345532464870355,1.534506866533044,1.5344515729316446,1.5343911340540997,1.5343124330696702,1.5342148902289319,1.5340992302186656,1.533965308101515,1.5338015288889826,1.533602602367566,1.5333609917947415,1.5330748854535563,1.5327344276037873,1.532314544082808,1.5318185684498116,1.531218310389012,1.5304836229303154,1.5295975484030433,1.528544650978758,1.5272405046474593,1.5257089516042461,1.5238173016994958,1.5215235230999034,1.5187142747929023,1.5151864995424236,1.510839610823248,1.5053661965028255,1.4983831871486577,1.4894609159682202,1.4779129596424385,1.4628608528552427,1.4438997131020221,1.4205389999006386,1.3923434663703533,1.3578163444334466,1.3129775093506661,1.2437518770531182,1.1343235933549876,1.0007235994787254,0.8726149196863788,0.7627877683839213,0.6670883858793446,0.5820400148715607,0.5052984385610115,0.43470256849772715,0.37062844465242945,0.3164549191420776,0.2705020230706856,0.231720047635805,0.19899080113417203,0.17129204039234258,0.14782313145453835,0.12781851520518703,0.11068778932371243,0.0958306957493151,0.08269647252834594,0.07043143863264882,0.059792601873778835,0.05086605504133269,0.04339917232341292,0.03710562997280011,0.03184012828988023,0.0273814204003782,0.0236052225213324,0.020385294215472204,0.01760749731477165,0.015178129818432268,0.012956530022239206,0.010992991188802,0.009510789315382875,0.00828730062282261,0.007258752674382889,0.0063710838361923615,0.005537476631873181,0.004553351983115946,0.0035218328188736437,0.0026072056324255542,0.0011406569934785619,0.0005219918884387599,0.0004122743097776073,0.0003000203273825442,0.00023117508317640486,0.00017291026597457743
1.0,0.0003,0.0013462603878116339,0.5,1.5347614489992505,1.5347597097509758,1.5347584053147698,1.5347560863170702,1.5347539122567269,1.534751303384315,1.534748259699834,1.5347449986093191,1.5347399258018513,1.53473267893404,1.5347236928179544,1.534714996576581,1.5347048509616452,1.5346918065995852,1.534676298302469,1.5346562969473103,1.5346330345016366,1.534603467280967,1.5345675952853017,1.5345207805192413,1.5344669362914045,1.5344059901331126,1.5343328692368978,1.5342365583636872,1.5341311164370348,1.534004151312983,1.533846459469412,1.5336489823215573,1.5334138214610848,1.533136266423917,1.532784865803753,1.5323756351784563,1.5318769057356914,1.5312825176378189,1.530553482736015,1.5296678430208117,1.5285974806451015,1.5273065960818972,1.5256996031447698,1.523715555675427,1.5212401705684866,1.518138583613983,1.514141718610087,1.5088968705004289,1.5020406088642786,1.4929341223040808,1.481053969557835,1.4658932322221498,1.4472642888893934,1.4249993021010592,1.3981132775842526,1.3652452535640358,1.323494308855596,1.264620030070849,1.158735754607094,1.028332426591018,0.8990619289511844,0.7673801085158614,0.6551773614762233,0.5600206969020253,0.4801574598131354,0.41204226507029357,0.354006376422621,0.30430315379026907,0.2608083228117487,0.22270987194881797,0.18992540431446384,0.1614184004056543,0.13556237321084982,0.11238833932428219,0.09306840714573046,0.07702036331524503,0.06367714042660166,0.05264987155305281,0.043549617299172866,0.036030991945081324,0.029816947734357075,0.024669280122046864,0.020403846197068806,0.016849474941722998,0.013913623854060767,0.01147548764766987,0.00944752415939134,0.007755235588126322,0.006375069613488506,0.005231079060816805,0.004301378389321477,0.003536616429208435,0.002948678043688005,0.0024932124017558095,0.0021031135074803904,0.0017645398433424081,0.001462852736363294,0.0011754419589721902,0.0008805669077355784,0.00046278497842148006,0.00022827633605193584,0.00015921368581146126,9.855740223194689e-05,5.072807467820796e-05
1/0.9,0.0003,0.001346260387811632,0.5,1.5347610866558599,1.5347587676581602,1.5347574632219545,1.5347541296627611,1.5347509410409241,1.5347460856394908,1.5347418824561603,1.5347362298992675,1.5347295627808812,1.5347224608504264,1.5347133297969844,1.534700865184349,1.534687096135508,1.5346690514346581,1.5346478905806493,1.5346239759168725,1.5345966552252244,1.5345610006355934,1.5345214327373444,1.5344728062543316,1.5344152661239108,1.5343488123460824,1.5342533710970092,1.5341497408873095,1.5340195146727427,1.533865228857043,1.53368188310142,1.5334529545472653,1.533188153997445,1.532876176338174,1.5324721634577012,1.5320048129525585,1.5314382528270811,1.530758496626393,1.529931411603104,1.5289407647733169,1.5277364078117779,1.5262775408527107,1.52448299897663,1.5223216206519479,1.5195914356727667,1.516200553755241,1.5119374388279625,1.506465908693171,1.499267449958977,1.4898598560412253,1.4776178671851676,1.461910788485198,1.4416913026052454,1.4167644688011896,1.3867564211626517,1.3471326495628253,1.2849977150751193,1.1933287505724044,1.0890517579204897,0.9661324152303677,0.8489299091504453,0.7438474996099969,0.6496043027233972,0.5644289665915615,0.4853582469665015,0.41705014060252615,0.3587243772424068,0.3086116341100455,0.2644987177759102,0.2240832983363914,0.18898939886797278,0.15951392354487814,0.13461701930488235,0.11315114463008621,0.09464539805011972,0.07914456520805593,0.06616701926916434,0.05521613238234524,0.045900936029185914,0.038433111218450694,0.03225196778758917,0.02711292394797426,0.022788717925047584,0.019110932510877508,0.015958255138304997,0.013207706460574448,0.010732538759668458,0.008243312135208793,0.006452031349643159,0.005094185727863756,0.004047230735183655,0.003249060714461108,0.0027066326587948416,0.0022411663392832275,0.0018817216958490685,0.0015779329972047144,0.0013323366470840764,0.0011164524549892455,0.0009423102214867688,0.0007646170227568175,0.0006136647662500929,0.0004819891781210874,0.00034132747390622784,0.0002101591665240044
1/0.8,0.0003,0.000296296296296296,0.5,0.07446812103036252,0.07446809996955159,0.07446805082765943,0.0744680157263079,0.07446794552360482,0.07446791042225329,0.07446779107765807,0.07446765769252221,0.0744675453681973,0.07446738390198022,0.07446720839522253,0.074466990766843,0.07446677313846346,0.07446642212494808,0.07446599388845933,0.07446551651007842,0.07446510933440058,0.07446440730736983,0.07446367017898754,0.07446260309790079,0.07446142369248913,0.07446015302356346,0.07445848219923028,0.07445664990868,0.07445426301677545,0.07445139172621967,0.07444802901674236,0.07444389758766638,0.07443875172953096,0.07443262303355248,0.07442558170243403,0.07441677828346839,0.07440669015503647,0.07439503650632598,0.07438049752651908,0.0743620096446642,0.0743407452459027,0.07431471408360238,0.07428391615776325,0.07424641387378043,0.07420229849516792,0.07414965699826691,0.07408583923103632,0.07400937093671156,0.07391919205447618,0.07381668557758081,0.073702002441837,0.07357175536682141,0.0734196225991221,0.07325337908810466,0.07304964382350984,0.07281251664319728,0.07249437203340067,0.07205598774391186,0.07148295818005979,0.07080693423052596,0.07001105671616682,0.06905286353202732,0.06788013088728972,0.06643922040666936,0.06463727497480852,0.06232531041524086,0.059203368128401386,0.05453872144148238,0.04899379604043197,0.04277888763244735,0.0364538697948243,0.03079460525127517,0.026010522705614162,0.02191308577846228,0.018315123533015332,0.014997048934324115,0.011353507583905534,0.008904036989824287,0.00728335142716871,0.006035568582708469,0.004887585900940063,0.003945771007428021,0.0032140482332742516,0.0026261602673162943,0.0021335619403775852,0.0016931031610128951,0.001249113185683518,0.0007313436795571627,0.00046366077273107397,0.0003047569543201504,0.00020305078823982102,0.0001362529162636806,9.164611872964003e-05,6.150458816426339e-05,4.191101373594936e-05,2.8611111638335282e-05,1.9239050777783792e-05,1.2734770337857982e-05,8.122452745811293e-06,5.942658815323474e-06,4.370118266436932e-06,3.0257365025450883e-06,2.2640371741781694e-06,1.505847980965015e-06
1/0.7,0.0003,0.00011303344867358701,0.5,0.010874606467935347,0.010874604423812276,0.01087460340175074,0.01087460135762767,0.010874598291443063,0.010874594203196922,0.010874591137012316,0.010874582960520032,0.010874580916396962,0.010874573761966214,0.010874560475166254,0.01087455229867397,0.010874539011874011,0.01087452368095098,0.010874503239720272,0.010874479732304957,0.010874453158705036,0.010874424540982046,0.010874377526151417,0.010874337665751537,0.010874276342059412,0.010874208885998075,0.010874117922521425,0.010874019293583259,0.01087391913155279,0.010873748447276378,0.010873571630630754,0.010873355975646785,0.010873070820478408,0.010872758580679343,0.010872384506157387,0.01087191026960496,0.010871358867406613,0.010870694527408603,0.010869873811995676,0.010868874746844823,0.010867674846602263,0.010866285864975653,0.010864508499965593,0.010862472042356307,0.010860002741686782,0.010856948310788239,0.010853306705537606,0.010848915929181528,0.01084346527501324,0.010836960364371184,0.01082919320773291,0.010819942017745235,0.010809183798023614,0.010796514323230793,0.010781446070014387,0.010762770961639554,0.010741011271550884,0.010714159159862083,0.010678613903783935,0.010632542435952701,0.010574709595002849,0.010504124492275809,0.010422533830935578,0.010325797750733022,0.010207630062194658,0.010066570750417168,0.009893762119104007,0.009681579589201088,0.009416513040302726,0.009078783026545086,0.00862925634483,0.007928987306635184,0.006870949716219674,0.005613328548448123,0.004451342700605504,0.0034210341506761676,0.0027004991653266698,0.002183637536567116,0.0017997961945783612,0.0015012990349185936,0.0012539305035672208,0.0010271207400004228,0.0007898839046494718,0.0005845701392952104,0.0003997579062795416,0.00027355170376525514,0.00018746141651542617,0.0001284639364459855,8.80168732440583e-05,6.02239539119209e-05,4.111957969222051e-05,2.7971780100832446e-05,1.897048415856296e-05,1.2797232484745801e-05,8.559765358976605e-06,5.770559428869482e-06,3.864414665348125e-06,2.4652124233852623e-06,1.7037765795121195e-06,1.2591798116130362e-06,9.402966125681764e-07,7.123768901739336e-07,5.345381830143003e-07,3.9758193727067454e-07
1/0.6,0.0003,5.2734374999998997e-05,0.5,0.0023811338975601587,0.002381133675119067,0.002381133675119067,0.0023811332302368844,0.0023811325629136105,0.0023811321180314277,0.002381131450708154,0.0023811301160616056,0.0023811296711794233,0.002381128781415058,0.0023811278916506923,0.0023811261121219614,0.002381124332593231,0.0023811227755055914,0.0023811209959768605,0.0023811185491248556,0.002381113655420846,0.0023811092065990193,0.0023811009762786392,0.0023810947479280817,0.002381086962489885,0.0023810771750818653,0.0023810627164109277,0.0023810484801810817,0.00238102668095413,0.0023810051041682693,0.0023809821927358605,0.002380950828541981,0.002380916572613913,0.0023808685253381826,0.002380812247742072,0.0023807508540008605,0.0023806616551232305,0.002380566895218317,0.0023804484453371754,0.0023803153143440044,0.0023801469264378558,0.0023799339390928914,0.0023796839153062185,0.002379379727113803,0.002379017148134908,0.002378563368308562,0.002378042522493175,0.0023774047838842857,0.002376628798137124,0.0023756963250822012,0.002374563766265612,0.002373189302762184,0.002371545240656044,0.0023695592865925056,0.0023672064159487916,0.0023643847507050647,0.0023608722946521633,0.0023564732996297012,0.0023510040292962268,0.0023439719990754997,0.0023351000473677028,0.0023247074883594636,0.002312388589500166,0.002297776990312364,0.002280328377445532,0.0022592407395448225,0.00223382172871342,0.0022030116355921518,0.002165329113733197,0.002119015432647828,0.0020613186623744547,0.0019880725924927094,0.0018917281284650304,0.0017509303694194563,0.0014365232332671062,0.0010976482443899502,0.000856515650579038,0.0006831924439362792,0.0005550092079604015,0.00045626916459946994,0.00037542917830025714,0.00030256481733126177,0.00022524941012442927,0.00015573901593075168,0.00010718012568987977,7.373432807725029e-05,5.0720127884391427e-05,3.484940089902391e-05,2.3916198818267635e-05,1.6394575755487777e-05,1.1195460127453426e-05,7.6257254935298705e-06,5.159521113774731e-06,3.4622955868033495e-06,2.300708207793578e-06,1.5030344542261634e-06,9.326954960145484e-07,6.69547684952013e-07,4.978231624327592e-07,3.683624472692802e-07,2.709332492596518e-07,2.0575800949521994e-07,1.5593120503367477e-07,1.172264551394388e-07
1/0.5,0.0003,2.6666666666665996e-05,0.5,0.000615039886271138,0.000615039886271138,0.0006150397725422812,0.0006150397156778528,0.0006150396588134243,0.0006150394882201391,0.0006150393176268537,0.0006150392038979967,0.0006150389764402831,0.0006150386352537124,0.000615038464660427,0.0006150381803382849,0.0006150376685584289,0.0006150368724564308,0.0006150364744054316,0.0006150360194900041,0.0006150353371168628,0.0006150342566927225,0.0006150331762685822,0.0006150316977934426,0.0006150299918605895,0.0006150280584700224,0.0006150249309264582,0.0006150220592728221,0.0006150177375762606,0.0006150135864729844,0.0006150066490127147,0.0006150007919765854,0.000614994280999529,0.0006149858650641198,0.0006149739803985757,0.00061496033293575,0.0006149447805145716,0.0006149256740666157,0.0006149004262603882,0.0006148710273508846,0.0006148359419985369,0.0006147980134247671,0.0006147487403975236,0.0006146914210536557,0.0006146161325504008,0.0006145306653144549,0.0006144263190882669,0.0006142974074289926,0.0006141464323714835,0.0006139536619590709,0.0006137292180600169,0.0006134556717270047,0.0006131258011776224,0.0006127184812767042,0.0006122054504033156,0.0006115799701226862,0.0006108038559711182,0.000609821068054384,0.0006085952984349243,0.0006070388052996555,0.000605066263573703,0.0006026861744891187,0.0005999016940216811,0.0005965140525617767,0.000592588871659826,0.0005878599120618712,0.0005821635748072893,0.0005752834054492226,0.0005669462557056576,0.00055675688936672,0.000544189509494836,0.0005285330264123596,0.0005085454357055111,0.00048181278552257003,0.00043872586885576115,0.0003536951526948652,0.0002745251404189578,0.00021743171892529711,0.00017509319500119152,0.0001422551248654689,0.00011499477278660152,8.890139250818665e-05,6.237521706491239e-05,4.2964260094663056e-05,2.9595034917342056e-05,2.03721932686047e-05,1.4020209154105916e-05,9.642671723912323e-06,6.623284302587604e-06,4.544491392094407e-06,3.107868471977874e-06,2.115811653407852e-06,1.4329267322679117e-06,9.57881297077383e-07,6.235184578482341e-07,3.954352353740648e-07,2.778964617878997e-07,2.0311973838886386e-07,1.526809903622899e-07,1.1497987430635016e-07,8.569469365957947e-08,6.317637999720823e-08,4.810730646052039e-08,3.707560734309609e-08
1/0.4,0.0003,1.360544217687e-05,0.5,0.00016286615394259956,0.00016286615394259956,0.00016286609473327324,0.0001628660651286101,0.0001628660355239469,0.00016286600591928376,0.0001628659171052943,0.00016286587269829958,0.0001628657838843101,0.00016286575427964693,0.00016286566546565745,0.00016286545823301535,0.000162865295407368,0.00016286514738405222,0.0001628650733723943,0.00016286491054674697,0.00016286471811643644,0.00016286446647679963,0.00016286403720918382,0.00016286363754623124,0.00016286316387162072,0.0001628626161853523,0.00016286168363846288,0.00016286082510323134,0.0001628596261143735,0.00016285841232318405,0.00016285696169468937,0.00016285513360673944,0.00016285260240803953,0.00016285011561633438,0.00016284682949872396,0.000162842966090182,0.0001628379777044401,0.00016283245643476137,0.00016282542532726162,0.00016281649952131985,0.0001628059232554071,0.00016279417760529965,0.00016277864255830814,0.00016276116100471405,0.00016273983084490962,0.00016271519976516317,0.0001626843665084854,0.00016264723485972103,0.0001626023985973701,0.00016254839969177213,0.00016248418717738512,0.0001624052241395802,0.00016231144396786534,0.00016219524566497503,0.00016205749516730658,0.0001618817026774817,0.0001616677645791793,0.00016140651822915236,0.00016107534566474916,0.0001606603771012807,0.00016014379053152665,0.0001595237134605423,0.00015877100749861565,0.00015785924308271346,0.00015679536990751176,0.0001555013056739346,0.00015396015352048527,0.00015209804981258757,0.00014983036962060793,0.00014705957298061058,0.00014364131495620883,0.0001393707534818553,0.00013388769602208728,0.0001264116674409371,0.00011511370645091103,9.856525483371076e-05,7.711883011587552e-05,6.113741881561422e-05,4.90423152642632e-05,3.934643282446312e-05,3.0677802591539816e-05,2.1661909659787588e-05,1.4929750048611765e-05,1.0290684529614319e-05,7.09341051334631e-06,4.888825259719536e-06,3.3700764351140757e-06,2.3218197197275835e-06,1.5987110197918963e-06,1.0997244222845371e-06,7.54326817234501e-07,5.139369524015282e-07,3.432808716343271e-07,2.246105793704144e-07,1.5961354140972576e-07,1.1430360444828918e-07,8.197531228109627e-08,5.929814030301042e-08,4.465863437198763e-08,3.3764118330296244e-08,2.5400800988508707e-08,1.8976589083489606e-08,1.4299052304719935e-08,1.089451604169138e-08
1/0.3,0.0003,6.520951575896e-06,0.5,3.8592559611987296e-05,3.8592559611987296e-05,3.859255621111456e-05,3.85925494093691e-05,3.859254260762364e-05,3.8592529004132714e-05,3.8592515400641795e-05,3.859249159453267e-05,3.859248139191448e-05,3.859245418493264e-05,3.8592437180568974e-05,3.859239296922347e-05,3.859235555962343e-05,3.85923079474052e-05,3.859228414129608e-05,3.859220252035054e-05,3.8592134502895915e-05,3.859203927845945e-05,3.859194745489571e-05,3.859180801911374e-05,3.85916617815863e-05,3.859146113009517e-05,3.859124687511312e-05,3.859094079656733e-05,3.859062111453061e-05,3.8590270824639314e-05,3.858972668500235e-05,3.858908392005619e-05,3.858836973678268e-05,3.858749231161807e-05,3.8586468648926035e-05,3.8585149110306395e-05,3.858368333415933e-05,3.858203051001205e-05,3.857977913226412e-05,3.857723187858858e-05,3.857390922593038e-05,3.857018356985354e-05,3.8565838954939666e-05,3.856031253675175e-05,3.855360261485345e-05,3.8545579956080973e-05,3.8535690218179164e-05,3.852398271380262e-05,3.850997111815082e-05,3.8492512737986126e-05,3.847115015592622e-05,3.844549907335249e-05,3.841539284750113e-05,3.837905112149744e-05,3.8335497844867624e-05,3.828311420219171e-05,3.8217640600374094e-05,3.8140071794688607e-05,3.8046367548330795e-05,3.793128711642214e-05,3.779382894194338e-05,3.7623309183209995e-05,3.741557367418105e-05,3.716660768459758e-05,3.686696188957643e-05,3.6507047528452495e-05,3.607107775000838e-05,3.5541495548770175e-05,3.48958092529313e-05,3.409929255103528e-05,3.310500829808493e-05,3.183067918009868e-05,3.0119739219158515e-05,2.7835034618895092e-05,2.491611486651452e-05,2.0645730801735417e-05,1.6274131663172037e-05,1.2959841751010277e-05,1.0283674593733608e-05,7.788154994183304e-06,5.408072918178403e-06,3.7315957010580357e-06,2.5762750229847597e-06,1.7799538712707729e-06,1.2306466081926555e-06,8.51797888138764e-07,5.899800005047607e-07,4.089073336870192e-07,2.8303423216647666e-07,1.941269167957649e-07,1.288845743238615e-07,9.322982461183923e-08,6.854969120282115e-08,5.076142638321675e-08,3.7593247168704135e-08,2.7885455958005206e-08,2.05497734771933e-08,1.494853608920201e-08,1.0891294921094172e-08,8.282825536401206e-09,6.147077461320131e-09,4.6523938960364804e-09,3.536907640261652e-09,2.705394257527062e-09
1/0.2,0.0003,2.604166666666e-06,0.5,6.5664013691712655e-06,6.566400826857018e-06,6.566400284542772e-06,6.566397030657291e-06,6.566394319086057e-06,6.566392149829069e-06,6.566389980572081e-06,6.566387269000847e-06,6.566385099743859e-06,6.566376965030157e-06,6.566372084201935e-06,6.56636069560275e-06,6.56635039163206e-06,6.566337376090135e-06,6.566327614433692e-06,6.566310260377792e-06,6.566292364007644e-06,6.566269044495029e-06,6.566236505640217e-06,6.566199628271429e-06,6.566154616188939e-06,6.5660993001357575e-06,6.566042899454083e-06,6.56596372157404e-06,6.565865562695355e-06,6.565744626618303e-06,6.565628571369472e-06,6.565451776924992e-06,6.565282032565721e-06,6.56506022603875e-06,6.56477225717366e-06,6.56443764928334e-06,6.564046640711345e-06,6.5635601848319e-06,6.562951165932663e-06,6.562251580554197e-06,6.561406112643323e-06,6.560369207803303e-06,6.559124867763854e-06,6.55768366765279e-06,6.555920604036207e-06,6.553833236499995e-06,6.5512922230962735e-06,6.548257974885021e-06,6.5445561378358695e-06,6.5400638777719e-06,6.534609009919733e-06,6.528161978152913e-06,6.520407697894005e-06,6.511248281421451e-06,6.500046780652299e-06,6.486891592808788e-06,6.470879493512753e-06,6.451664757431812e-06,6.428770148028718e-06,6.401256105870763e-06,6.367810230480515e-06,6.32751818003775e-06,6.277524127718434e-06,6.216871702348209e-06,6.143187465625637e-06,6.053930404146996e-06,5.944878059186138e-06,5.8107434091502996e-06,5.643731229054938e-06,5.430327590182235e-06,5.160016205813962e-06,4.816374987083447e-06,4.394751962381019e-06,3.848976665984937e-06,3.0826318614151006e-06,2.4407281108753784e-06,1.923961745858755e-06,1.4393996277641639e-06,9.982410881037696e-07,6.907212521004475e-07,4.787311553122177e-07,3.324364640758808e-07,2.3147327842137277e-07,1.6149738651891491e-07,1.1273303175438282e-07,7.822449159738921e-08,5.31137150244499e-08,3.912526134061955e-08,2.9333235299088926e-08,2.2230003293552373e-08,1.697714749834493e-08,1.3045369208518998e-08,1.0052879194276312e-08,7.755636044524224e-09,5.976303000535414e-09,4.563574387432442e-09,3.448576295862495e-09,2.5635194449665064e-09,1.8482069533416232e-09,1.346566274984522e-09,9.93519700270497e-10,7.559860601403237e-10,5.79191615659875e-10,4.4090148270737675e-10
0.2,0.001,8.680555555555e-06,0.5,7.296001519097109e-05,7.295999710648035e-05,7.295996696566244e-05,7.295994285300813e-05,7.295993079668097e-05,7.295988257137233e-05,7.295987051504516e-05,7.295980420524578e-05,7.295976200810072e-05,7.295970172646492e-05,7.295963541666554e-05,7.295950882523034e-05,7.295936414930442e-05,7.29592194733785e-05,7.295903862847109e-05,7.295886983989085e-05,7.295862871334763e-05,7.295835744598652e-05,7.295795958719023e-05,7.295753158757603e-05,7.295717592592479e-05,7.295657310956677e-05,7.295587987075504e-05,7.295504798418097e-05,7.295404128086307e-05,7.29527813946748e-05,7.295134066357912e-05,7.294937548225196e-05,7.294727768132603e-05,7.294469762731368e-05,7.294151475694332e-05,7.293772304205133e-05,7.293303915894948e-05,7.292792727623343e-05,7.292140178915781e-05,7.29131070360714e-05,7.290351019965165e-05,7.289206874517635e-05,7.287835467303128e-05,7.286151198398808e-05,7.284186017071646e-05,7.2817711347414e-05,7.278979793595567e-05,7.275449098186615e-05,7.271316792052356e-05,7.26624650366501e-05,7.260094159915011e-05,7.25269097222211e-05,7.243928433641863e-05,7.233543716242172e-05,7.220858048803901e-05,7.205674913194332e-05,7.187252845293098e-05,7.165459526909612e-05,7.138942539544642e-05,7.107341097607914e-05,7.069796489197421e-05,7.024802879050817e-05,6.971149811921188e-05,6.90664785879619e-05,6.827868803047733e-05,6.730713493441253e-05,6.608790870948971e-05,6.459462408371813e-05,6.273821192611784e-05,6.0378451123648756e-05,5.7300039785878744e-05,5.341769748263806e-05,4.8722110701195225e-05,4.2659478081596554e-05,3.404017469618003e-05,2.6969777801890012e-05,2.125803252797035e-05,1.587930712287784e-05,1.101199001736094e-05,7.619155695408832e-06,5.281159577546214e-06,3.6676372010030294e-06,2.5537531346450224e-06,1.7815785349150957e-06,1.2440502025462768e-06,8.629286024305421e-07,5.867633584104848e-07,4.324453848379562e-07,3.244448061342542e-07,2.4587975019289743e-07,1.8780743634258968e-07,1.4438958815586195e-07,1.1130401234567729e-07,8.586214795524558e-08,6.611388406635699e-08,5.057026427469057e-08,3.825472608024632e-08,2.841073495370326e-08,2.045355902777746e-08,1.4841338734567672e-08,1.089891975308625e-08,8.276668595678883e-09,6.504388503086319e-09,4.85267168209869e-09
0.3,0.001,2.1736505252988004e-05,0.5,0.00042880629348593196,0.00042880629348593196,0.00042880629348593196,0.0004288062556984572,0.000428806104548558,0.0004288060667610832,0.0004288059533986589,0.0004288057644612849,0.0004288052354366379,0.00042880489534936477,0.00042880463083704126,0.0004288041018123942,0.00042880383730007065,0.0004288033838503732,0.0004288029681881505,0.00042880247695097827,0.000428801796776432,0.00042880100323946146,0.0004287997940402682,0.0004287982069663271,0.0004287963553800624,0.0004287940503441003,0.00042879121628349115,0.0004287885144790437,0.0004287850380313631,0.0004287797477848926,0.0004287731727642793,0.00042876610650649375,0.000428758171136788,0.0004287478929436454,0.0004287350829896919,0.0004287185320757342,0.00042870114983733126,0.00042867930867690316,0.0004286544823059667,0.00042862408228249886,0.0004285856335269009,0.00042853758675270653,0.0004284824548269892,0.0004284165912584318,0.0004283332131953096,0.0004282379698651036,0.0004281218300613392,0.0004279827532603779,0.00042781518470342547,0.00042760807155410634,0.00042736865011384244,0.0004270720562242226,0.00042671048677170293,0.00042627867040355026,0.0004257556161775192,0.0004251295344014757,0.0004243733503497332,0.0004234543778565992,0.0004223592212622608,0.0004210724443832669,0.00041950832633305815,0.000417678467866395,0.0004155046489104638,0.000412897388724964,0.0004097098073953903,0.0004056880486661093,0.00040080318622517003,0.00039486582924892934,0.00038767424930322554,0.0003788120850970947,0.0003677655592295665,0.0003536316644156053,0.00033457627220389674,0.000308531500824081,0.00027590664530933643,0.00022854492024542068,0.00018022329885317428,0.00014356648199095564,0.0001139314848439507,8.636181881275738e-05,5.965565326170766e-05,4.114893518393717e-05,2.840299321271782e-05,1.962001266000757e-05,1.3563832969292492e-05,9.388997179640788e-06,6.502204149388472e-06,4.507478930220335e-06,3.118732550507944e-06,2.139980272257518e-06,1.4206767959091995e-06,1.0291229821443244e-06,7.570342699252564e-07,5.608417008201386e-07,4.156433289429399e-07,3.0789234458176046e-07,2.2687599863388435e-07,1.6518794604064382e-07,1.2050425710250786e-07,9.169130757580286e-08,6.820639199436396e-08,5.152322187496691e-08,3.9053355194556873e-08,2.98709988208004e-08
0.4,0.001,4.535147392290201e-05,0.5,0.0018096234392845122,0.0018096232748141614,0.0018096229458734595,0.0018096226169327578,0.0018096221235217053,0.0018096219590513544,0.001809621301169951,0.0018096211366996,0.0018096203143478456,0.0018096191630553897,0.0018096180117629335,0.0018096170249408282,0.0018096152157669686,0.001809612419771004,0.0018096114329488986,0.0018096091303639865,0.0018096056764866182,0.0018096020581388989,0.0018095958082655658,0.0018095903807439871,0.0018095824861671453,0.0018095727824164439,0.0018095620918436373,0.0018095495920969712,0.0018095338029432875,0.001809515217793639,0.0018094969615846924,0.0018094724555024126,0.0018094395614322385,0.0018094046937178537,0.0018093631649542588,0.0018093092186791733,0.0018092422792463686,0.0018091634979483016,0.001809070489964884,0.0018089563475413798,0.001808824442319981,0.0018086575871490225,0.0018084663903661351,0.0018082386811653544,0.0018079547231045756,0.0018076145161837992,0.0018071963503167097,0.0018066971005666409,0.0018060862576835062,0.0018053430161679204,0.001804458576856112,0.0018033864768739597,0.001802096947087956,0.0018005740338740664,0.0017986989074037867,0.0017964331638501887,0.0017937094526045904,0.0017904560645940122,0.0017865152727519688,0.0017819017971748635,0.0017764270726054222,0.0017700873162255753,0.0017625799848248957,0.001753583292161904,0.0017422063023459324,0.0017277579931977971,0.0017104325219667008,0.0016895900167525802,0.0016642996576046812,0.0016334557925892735,0.0015954578784868573,0.0015478308832223503,0.0014867323682235306,0.00140338537321617,0.001273724843166358,0.0010847889519571307,0.0008566002378683417,0.000678726211282817,0.0005443822235216038,0.0004367630230734108,0.00034108387668739575,0.00023921538205740533,0.0001646292292298874,0.00011337648508043056,7.809677246685828e-05,5.380285693971084e-05,3.70701368531534e-05,2.554060078674921e-05,1.758648567792852e-05,1.209482066234763e-05,8.293088501965713e-06,5.6485697303117705e-06,3.773607730382986e-06,2.469193377625513e-06,1.7557209955473489e-06,1.2570468917066408e-06,9.042579890884613e-07,6.545919964663653e-07,4.919308194549996e-07,3.7384110752966035e-07,2.8091535928757584e-07,2.0986416771132715e-07,1.575625961343663e-07,1.1989888578491966e-07
0.5,0.001,8.888888888888801e-05,0.5,0.0068337739851851735,0.0068337739851851735,0.006833772720987642,0.006833770824691346,0.00683377019259258,0.00683377019259258,0.00683376892839505,0.006833767348148136,0.006833763555555544,0.006833759130864185,0.006833752177777766,0.006833747753086408,0.006833740799999988,0.0068337341629629515,0.006833725313580235,0.006833711091358013,0.006833700661728383,0.006833684543209865,0.006833664632098753,0.006833639664197519,0.006833609639506162,0.006833572345679,0.006833529995061717,0.0068334743703703585,0.006833411792592581,0.006833337837037025,0.006833241441975297,0.006833134617283939,0.0068330037728394945,0.006832853017283939,0.006832646637037025,0.006832428879012334,0.006832198795061716,0.006831909609876531,0.006831543624691346,0.006831080296296284,0.006830493392592581,0.006829802824691346,0.006829051259259248,0.006828043693827148,0.006826853135802458,0.006825448296296285,0.006823744158024679,0.00682176726913579,0.006819359920987643,0.006816445629629618,0.006812943802469124,0.00680890437530863,0.006803983170370359,0.0067980262716049265,0.0067910264098765315,0.006782877076543198,0.006772898133333322,0.006760960948148136,0.006746927723456778,0.006730255802469124,0.006711022617283939,0.006688296138271593,0.006661416454320976,0.006629447743209865,0.006588380602469124,0.006535065916049371,0.0064694742913580135,0.00639190818765431,0.006297820918518508,0.006183474251851841,0.006042966913580236,0.005867318992592583,0.005642361362962953,0.005337630024691349,0.0048005180049382635,0.003968170666666659,0.0030735606518518463,0.0024265898666666623,0.0019503704493827126,0.0015830325728395033,0.0012788138666666644,0.000988194765432097,0.0006938036148148135,0.00047540780246913493,0.0003262182716049377,0.0002240417185185181,0.00015392679506172813,0.00010572863209876526,7.256936296296283e-05,4.974206419753078e-05,3.4007545679012286e-05,2.3169896296296254e-05,1.5674469135802443e-05,1.0475772839506156e-05,6.814340740740729e-06,4.3128098765432025e-06,3.030913580246908e-06,2.2117135802469097e-06,1.6617876543209848e-06,1.2528197530864176e-06,9.418271604938255e-07,6.972049382716038e-07,5.208493827160485e-07,4.0106666666666597e-07
0.6,0.001,0.00017578125000000002,0.5,0.026457038363088728,0.026457038363088728,0.026457035891521045,0.026457035891521045,0.026457033419953365,0.026457030948385682,0.026457018590547273,0.026457008704276547,0.026457003761141185,0.026456988931735096,0.026456969159193645,0.026456956801355236,0.02645693702881378,0.026456902426866238,0.026456852995512606,0.026456806035726654,0.0264567195308578,0.026456660213233438,0.026456595952473717,0.02645649461819877,0.026456378454517735,0.02645622274575379,0.02645603243504231,0.026455824823357052,0.026455582609724252,0.026455268720628686,0.026454907871747167,0.026454487705241295,0.02645395384662206,0.026453306295889475,0.0264525228089344,0.026451561369106247,0.02645039231759284,0.02644911204553376,0.026447367118750533,0.026445292237681807,0.02644281696264866,0.02643984860986303,0.02643636369943194,0.026432124960857954,0.026427013758892354,0.02642088921417729,0.02641366852919543,0.026405090953556348,0.026394761036431,0.026382169634876967,0.026367190698942482,0.026349605494887723,0.026328178238871885,0.026302402259520224,0.02627094291028467,0.026231648691498365,0.026184277389528516,0.02612856331084934,0.026064115947767145,0.02598817950231692,0.025900734201957213,0.025807203901965347,0.02569503056695099,0.02554651777231371,0.025345391480653852,0.025098696895647886,0.02480818883034977,0.024459285035437917,0.02403262201391064,0.02350762396481842,0.022851185474849742,0.02201047678480988,0.020865720781711967,0.018497426319880522,0.01595812779750902,0.01286492994936022,0.009819427178547564,0.007729118584355289,0.0062287410653868655,0.005093134805846324,0.004169257863319807,0.0033071033805064935,0.0025446173360223604,0.0018062760362200147,0.0012138981089913538,0.0008223399990300282,0.0005596741436654086,0.0003819560695182152,0.0002609209285813929,0.00017812835438234302,0.00012148743782255954,8.254294586320586e-05,5.581046981875772e-05,3.744425037660774e-05,2.4821954226552577e-05,1.6166524205504373e-05,1.000490597521506e-05,7.1972050888898845e-06,5.338586192308431e-06,3.959451425962086e-06,2.936222405769637e-06,2.2367687518699674e-06,1.7004385649575002e-06,1.2703857883548766e-06
0.7,0.001,0.00037677816224529004,0.5,0.12082898346731591,0.12082896075483734,0.1208289266861195,0.12082889261740165,0.1208288585486838,0.12082877905500883,0.12082874498629098,0.120828665492616,0.1208286087114196,0.12082846108030892,0.1208283475179161,0.12082815446184832,0.12082801818697692,0.12082780241843057,0.12082762071860205,0.12082724596270572,0.12082688256304869,0.12082635449792208,0.12082582075467581,0.12082530404578848,0.12082461131519226,0.12082375959724609,0.12082247634220719,0.12082120444340759,0.12081951236375454,0.1208175477343587,0.12081508343043447,0.1208121194519818,0.12080857630532575,0.12080463001217519,0.12079930393595181,0.12079351793203752,0.12078634078881116,0.12077753970336744,0.12076743832852589,0.12075452628446201,0.12073898527100428,0.12072044621037606,0.12069780754736693,0.12067069452608063,0.12063857340327085,0.12059991676475416,0.12055215242233312,0.12049683050266977,0.12042922681022268,0.12034676347867482,0.12024812886238906,0.1201286952938579,0.11998325593737046,0.11981153824318394,0.11960497392875992,0.11935198530815017,0.11903633863730075,0.11867114469446297,0.11820441461620283,0.11766706008584653,0.11708460425118089,0.11648188320751612,0.11567026414225483,0.11450782813308705,0.11312366155193386,0.11146800703638016,0.10944196309851707,0.10692028177530094,0.10371366023601675,0.09936721295997568,0.09145025049121044,0.08162861389191091,0.07229963934327245,0.06294063889797182,0.053177895755589885,0.04431901841015877,0.035879254431677415,0.026563129467786807,0.020629426305388884,0.01648046970858534,0.01321630042673846,0.010761467606057147,0.008825342370830717,0.00721032615754846,0.005749970567050817,0.004207713778849773,0.0024117926738016823,0.0015188742915189445,0.0009936936496731965,0.0006612511009253605,0.0004431999504673704,0.00029761296286925394,0.00020019914230633336,0.00013406040472665865,8.918054708330795e-05,6.00745058029669e-05,4.007616842696979e-05,2.530170112079589e-05,1.7511320973189974e-05,1.2934756542453553e-05,9.630090911326262e-06,7.370199294163614e-06,5.621338444701062e-06,4.1223148594474444e-06
0.8,0.001,0.000987654320987654,0.5,0.8274243470340622,0.8274235670040281,0.827423176989011,0.827422786973994,0.8274223969589769,0.8274217729349496,0.8274211489109221,0.8274199008628675,0.8274180287907855,0.8274166247367241,0.8274152206826625,0.8274125685805462,0.8274093704574061,0.8274064063432763,0.8274022721840952,0.8273962659528322,0.82739119575761,0.8273847605098281,0.8273764141884625,0.8273658057799979,0.8273541833324887,0.827339284758836,0.8273228261251151,0.8273023113352164,0.8272789104341913,0.8272501273259304,0.8272119448557578,0.8271681461693392,0.8271168201930907,0.8270518436912444,0.8269748547268718,0.8268846442534201,0.8267735679765543,0.826636867713066,0.8264828897843209,0.8262850741676554,0.8260446299096226,0.8257676412444888,0.8254264561075428,0.8250133522014466,0.8245369098565755,0.8239585565877402,0.8232776293694116,0.8224435822553754,0.821466945651093,0.8203078990233199,0.8189240867412008,0.8173242451411182,0.8154489749359703,0.8132813494740156,0.8107315872983211,0.8076086980550201,0.8035822220201367,0.7981704516460693,0.7911405479676181,0.7825827604597365,0.7724790314271337,0.7602630980665038,0.7453404994888061,0.7264470410176612,0.7017580373956374,0.6584893423837136,0.5942888534168538,0.5321502568408171,0.4760991316559476,0.4212300249833573,0.3693218733189744,0.3237799367784692,0.28298506801841355,0.2467505278486272,0.21522908515130226,0.1879068561399276,0.16420533153966116,0.14357876333709593,0.12558233940524652,0.10977046758709334,0.09575812505777016,0.08311559327145276,0.07129977631685036,0.05841953037761968,0.049023327587510636,0.04228967931603716,0.03700201172040616,0.03267616015840837,0.028996563479720353,0.02571450910794703,0.022589669789560656,0.019235501641128323,0.014952941746026963,0.012049864966355094,0.009688636049919352,0.00751722744229886,0.005060990867701224,0.001063648954594092,0.0008204745914416221,0.0006707088248809989,0.0005621676456262556,0.0004877137788647376,0.00043385270500530514,0.0003930961357199272
0.9,0.001,0.00448753462603878,0.5,17.052355837341988,17.052216536438507,17.052063547006938,17.051873518028778,17.051644839088958,17.051352548753908,17.051040128230493,17.050591627633736,17.050142321829444,17.049563377612085,17.048854794981658,17.048000469787475,17.046990739539115,17.04574508348313,17.04421760479004,17.042409913874923,17.040225385833622,17.03768898209971,17.034526932111437,17.030749703566745,17.02623812575052,17.020940665380557,17.01452235612246,17.006601529604847,16.997112964017422,16.98550106616132,16.97154037792686,16.954730865435078,16.93445251888435,16.910448477071142,16.881568903636083,16.84652949256153,16.803907442133887,16.752606864898596,16.691476314081218,16.61738997403253,16.5288123139841,16.422982277299877,16.296733787953904,16.147318672630686,15.970081221365302,15.76261225321431,15.520685233828729,15.241043098731204,14.922896744537846,14.56738795553269,14.18058397048875,13.769178479640948,13.34078310981362,12.869995173706,12.321189874365901,11.716546653333184,11.021256388888181,10.143659086540115,8.755982136019785,6.9137711686847645,4.378841769770171,3.4569355072095256,2.9142393174342454,2.469544131484521,2.094135443469883,1.7736225843324118,1.5001346504216393,1.2652709115293475,1.0651083965470882,0.8946032854782855,0.7504357076578876,0.6287068482034837,0.5263311518425834,0.4407287336344093,0.36908136720794976,0.3091723162205207,0.2593042031892386,0.21774583191476762,0.18310177773968986,0.15424313970053152,0.13020044792566468,0.11014514386201188,0.0934572177079506,0.07950538675637425,0.06779283795845024,0.05801520286610929,0.04984959325798695,0.04297553653532248,0.037248900549427005,0.032275938815893475,0.02814039291831766,0.024558024596994688,0.021577951511533612,0.01907858732421365,0.01681112290685121,0.014455890868220127,0.01232853256187369,0.00987023395881704,0.004288535329145011,0.00189304291378519,0.0013793205067265124,0.0009565865510747791,0.0006747639139736237,0.0004042141823565144
1.0,0.001,0.00448753462603878,0.5,17.052300278022102,17.052184328137123,17.0519975199891,17.05181554308629,17.05157639644852,17.051302625886763,17.050983763703073,17.050591627633736,17.05008434688695,17.049479636028487,17.048701000342554,17.047816077262056,17.046749177278745,17.045490637902205,17.043963159209117,17.041950945580215,17.03973259882246,17.03696349011106,17.03372172457686,17.029681193168365,17.024988443656863,17.019320587820992,17.01248196022985,17.00413195809631,16.993842211011977,16.98175040946527,16.967041683431194,16.94929974061437,16.927969793023486,16.902448740215142,16.8719998172952,16.834931283233516,16.79030748687492,16.736846537824366,16.67196049906573,16.594369895826574,16.500415059862256,16.387243946085313,16.25185876684452,16.08943632900778,15.894752446090767,15.66247342338446,15.388463714991284,15.06995904344504,14.707947398390656,14.30635738738932,13.876240483853074,13.444754727508048,13.016325538964267,12.548892097445686,12.012461227496932,11.435302155241855,10.747168575364151,9.912053217332712,8.611048805834006,6.797643332840862,4.357484445123111,3.2545023069797656,2.692006063929293,2.2586667198396757,1.9018148446668472,1.6005118216817251,1.345682961969653,1.1284275014434415,0.9450374594063737,0.7889423423763203,0.657775645409166,0.5475346818505398,0.45535130246228633,0.3784757235138332,0.314223383084908,0.260812356901497,0.21635845933269535,0.1793438741758296,0.1486171546564579,0.12294150200147348,0.1016429575044373,0.08404514683630658,0.06949504668654122,0.05747812944054794,0.047492750804286714,0.039227295461877115,0.03231458877755306,0.02648569143476659,0.0216834336985629,0.017692825157210542,0.014411604453818515,0.01180434245686554,0.009846077732779799,0.008253377229390981,0.006951356645983643,0.005743545344121548,0.004671008908068008,0.003667720319987895,0.00257907973324286,0.0011490311518381395,0.0006079316886039211,0.00031322573094956995,0.00018278211034846367,7.81051308537488e-05
1/0.9,0.001,0.004487534626038775,0.5,17.0523840196057,17.05225196557003,17.052084482402837,17.05188962217947,17.051652891164306,17.051396835168312,17.051066700079133,17.050607731784428,17.05010850311299,17.049519896405215,17.048729182606262,17.04785392201618,17.046802320976028,17.045559080542642,17.04412017467836,17.042302821272823,17.04015130674044,17.037581889497613,17.034443995735373,17.03067804009617,17.026025550961396,17.020479281463246,17.013838734925606,17.006009702066937,16.996598436402827,16.984981707301518,16.971111202310933,16.954522316683626,16.934673950956356,16.91010304303881,16.880671902442568,16.845319265637066,16.80304023361915,16.751486016010467,16.688692711634193,16.613472639376823,16.521969660355285,16.411233494162897,16.27735888425697,16.112408094761662,15.911425878509206,15.66758488081394,15.370764448173796,15.013824805379699,14.594665971181476,14.12436438042474,13.637949781693631,13.163400721192016,12.711295210301598,12.243224044415634,11.719652338794038,11.154598756613757,10.457958159133273,9.61783279982171,8.369294100860825,6.579969164396672,4.341830405443444,3.1553200637009886,2.5686321654817528,2.136841235481123,1.7881589959540893,1.5001040525353255,1.2585055578238507,1.0550763158738217,0.8838279982506065,0.739050073119001,0.6173518115509109,0.5151234681688377,0.4294944781120226,0.3577520971964834,0.29762161413704624,0.24740404103575864,0.2054277670508434,0.17023214571458195,0.14002478505501095,0.11557224264504556,0.0959968422719993,0.07993214674969887,0.06659952039221048,0.055537579282222846,0.04636948629355497,0.03860567524518543,0.03201263595208754,0.026495353925181486,0.021777642980108144,0.017741942816819598,0.014229627551004627,0.011158566014136607,0.009226067931157255,0.007565729994864162,0.006209760506640317,0.005023689808211739,0.004026842880408225,0.003067840706729721,0.0022078790598039095,0.0015902848807850913,0.0010733416435881149,0.000653023310540106,0.00036556422069692734,0.00021660082680060235
1/0.8,0.001,0.000987654320987654,0.5,0.8274245810430726,0.8274238010130384,0.8274234109980213,0.8274228649769974,0.8274223189559734,0.8274215389259392,0.8274200568688743,0.827418496808806,0.827417560772765,0.8274162347217069,0.8274138946316044,0.8274118665535156,0.8274087464333788,0.8274049242862115,0.8273997760879859,0.8273944718837536,0.8273880756374734,0.8273805093461419,0.827370602964708,0.8273602285652535,0.8273459150141265,0.8273282863353543,0.8273069915154214,0.8272832786023826,0.8272574986097533,0.8272271554414241,0.8271858138496131,0.8271336688418289,0.8270700183910406,0.8270002447044841,0.8269156114457766,0.8268129594932799,0.8266956429761407,0.8265535605054167,0.8263729835525063,0.8261539901204131,0.825898062266202,0.8255997397796337,0.8252368698077379,0.8247821903008202,0.824231255087686,0.823585975241919,0.8228211947949171,0.8219134348426519,0.8208458857378869,0.8195868002582315,0.8181214748375416,0.8164382870283081,0.8145082197132598,0.8122664523965571,0.8096173143945092,0.8064093628759821,0.8022514517803411,0.7967780590335742,0.7895570479967514,0.7805548383769015,0.7699077794239977,0.7569353729362298,0.7409168711620251,0.720233828784986,0.6836958959334092,0.6294402828826936,0.5757843959237495,0.5206773410892358,0.45969981921906106,0.4035015413682453,0.3539182302192041,0.3102649413989328,0.2718173390177012,0.23773174259055124,0.2072353763626307,0.17928826529088254,0.15247473286629182,0.12916880049785465,0.10904913481299472,0.09144584601836693,0.07555749225536341,0.060428224720112333,0.044901297873441444,0.03480018194145304,0.027858967677886953,0.022678827222466277,0.018676259108130203,0.01549950879096982,0.012921509528038262,0.010790623480692896,0.009002092615344704,0.00749647864338994,0.006318165273772871,0.005367191657614622,0.0041202746464923095,0.00330155512262757,0.002787515330109598,0.0024308075954836967,0.001838062772517981,0.0014015189638947895,0.001086386830090145,0.000838649291237781,0.0006526511295899655,0.0005053424576369776
1/0.7,0.001,0.00037677816224529004,0.5,0.12082898346731591,0.12082897211107663,0.12082893804235878,0.12082893804235878,0.12082890397364093,0.1208288585486838,0.12082883583620524,0.12082876769876956,0.12082864278013744,0.1208285405739839,0.12082840429911251,0.12082819988680543,0.12082791598082337,0.12082767749979845,0.12082737088133784,0.1208270074816808,0.1208265645883488,0.12082601948886325,0.12082555388305267,0.12082481572749933,0.12082391858459604,0.12082290787929992,0.12082197666767877,0.12082053442528994,0.1208188991268333,0.12081674144136967,0.12081439069983825,0.1208117446960855,0.1208083889273776,0.12080416440636461,0.12079894621441442,0.12079247883614319,0.12078496100573836,0.12077597254234648,0.12076538852733545,0.12075255029882691,0.12073643579528541,0.12071749358816268,0.12069534892156233,0.12066925228369178,0.12063595011199667,0.12059770797621377,0.1205498016808017,0.12049204952593195,0.12042440040852774,0.12034449790893802,0.12024470495624547,0.1201254076625857,0.11998022949960174,0.11980177755552088,0.11959100007632315,0.11934362711603845,0.11903634431542037,0.1186548371348537,0.11820501081876514,0.11763789726336979,0.1170175910831765,0.11637989850064209,0.11561481162583973,0.11446323218142576,0.11305727297708998,0.11137534012383721,0.10932883224278755,0.1067820933775952,0.10353830854525992,0.09911582556910473,0.09091356597897181,0.08138358599503799,0.07205978989151224,0.06181372520527884,0.05197117041322144,0.04295069378280427,0.03346252179378797,0.0254341943645016,0.020258486105474306,0.016486227321901428,0.013300529653494719,0.01050615663451418,0.008361973739398114,0.0066497935428171465,0.005195434046660519,0.0037776757097105,0.00237512337715938,0.0015582463731104164,0.0010416169794441835,0.0007017474502057725,0.00047413434627214954,0.0003204503600658072,0.0002163477145656564,0.00014515545050539186,9.728890193081615e-05,6.55255006584346e-05,4.402813969718387e-05,2.7924992394989718e-05,1.931696301906365e-05,1.425208029919158e-05,1.0629439968162008e-05,8.074286129661525e-06,6.0301630588611385e-06,4.474358277196401e-06
1/0.6,0.001,0.000175781249999999,0.5,0.026457035891521045,0.026457033419953365,0.026457033419953365,0.026457033419953365,0.02645702600525032,0.026457021062114956,0.02645701117584423,0.0264570012895735,0.02645699387487046,0.026456983988599733,0.02645696668762596,0.026456941971949144,0.0264569073700016,0.026456867824918698,0.02645682580826811,0.02645678379161752,0.026456722002425482,0.026456657741665758,0.02645653663484936,0.026456442715277455,0.02645630677905497,0.026456163428129433,0.02645598053212099,0.026455738318488194,0.02645547138917858,0.026455169857921422,0.02645474598406402,0.026454264028366106,0.02645374129180144,0.026453130814584083,0.026452296660491533,0.026451384652017015,0.026450257617154194,0.0264488982549293,0.0264472571339887,0.026445224269570564,0.026442655074965515,0.026439923992677323,0.026436458854787685,0.026432315271569442,0.026427320233284878,0.026421378584578253,0.026414241932897563,0.02640539001324583,0.02639482035405536,0.026382148626551673,0.02636703622596238,0.026349237231303165,0.026328075668813098,0.02630219959097033,0.026270154480194232,0.026230988782927372,0.02618362613144441,0.02612705812613123,0.02606079045345152,0.02598254432800282,0.025894724585139344,0.0257960806116142,0.025684599315550696,0.025537348256214884,0.025337625814998186,0.025090414672346763,0.024796503258351053,0.024442257169895367,0.024011205879949368,0.023481062026944007,0.022816589706226208,0.021960444840230763,0.02075240681821254,0.01833385920649447,0.015932120726579128,0.012853451989046756,0.009806268552210598,0.007712870498416291,0.006211311570096051,0.0050755174714117056,0.00415304190776067,0.0032936407513446866,0.002485608657623581,0.0017702578803957042,0.0012101487408183297,0.0008289044827924222,0.0005682405972499183,0.0003896821900909727,0.00026711467719154334,0.00018281691827438425,0.00012486854241102155,8.496261062351602e-05,5.747630643617248e-05,3.8596000916244654e-05,2.5605441181627472e-05,1.6752285746049325e-05,1.0395413668911694e-05,7.464134398505305e-06,5.533840039156748e-06,4.1077454868595425e-06,3.010369436218365e-06,2.2911432408657013e-06,1.73504051250024e-06,1.3049877358976164e-06
1/0.5,0.001,8.888888888888801e-05,0.5,0.006833773353086408,0.006833773353086408,0.006833773353086408,0.006833772720987642,0.006833771456790112,0.006833768296296285,0.006833766083950605,0.006833759762962951,0.00683375723456789,0.006833749649382704,0.006833742696296284,0.006833737639506161,0.006833731318518507,0.0068337224691357905,0.006833708562962951,0.006833697817283938,0.006833688335802457,0.006833674113580235,0.0068336523061728275,0.006833623545679,0.006833595733333322,0.006833562548148137,0.006833525254320976,0.0068334816395061605,0.0068334133728394945,0.00683334068148147,0.006833241125925914,0.006833146311111099,0.006833011674074062,0.0068328703999999876,0.006832700365432087,0.006832462696296284,0.006832214913580235,0.006831903288888877,0.006831535407407396,0.006831091041975297,0.006830560079012333,0.006829883417283939,0.006829060424691346,0.006828081935802457,0.006826882844444432,0.006825443871604926,0.006823773866666655,0.006821741985185173,0.006819317570370359,0.006816409599999989,0.0068129197827160376,0.006808740661728383,0.006803809027160482,0.006797992770370359,0.006790914844444432,0.006782630241975297,0.006772721777777766,0.0067609110123456675,0.006747045925925914,0.00673092329876542,0.006712294083950606,0.006689474054320976,0.006662630083950606,0.006629316582716037,0.006586709649382704,0.00653231723456789,0.006466353935802458,0.006388311229629619,0.006293832375308631,0.006178690844444434,0.006036554271604927,0.005858605511111101,0.00562827061728394,0.005293933985185175,0.004749227298765424,0.004013283555555549,0.003102093590123451,0.0024386774913580204,0.001954505007407404,0.0015833966617283923,0.0012769425382716027,0.0009821759209876525,0.0006939572148148137,0.00047760529382715963,0.00032870621234567843,0.0002262354172839502,0.00015563693827160466,0.00010702285432098748,7.350423703703691e-05,5.042725925925917e-05,3.4479723456790067e-05,2.3483733333333293e-05,1.5892859259259234e-05,1.0626844444444427e-05,6.917688888888877e-06,4.3791802469135725e-06,3.0757925925925873e-06,2.2376296296296256e-06,1.6807506172839477e-06,1.2641975308641954e-06,9.468839506172824e-07,7.041580246913568e-07,5.227456790123448e-07,4.051753086419746e-07
1/0.4,0.001,4.535147392290201e-05,0.5,0.0018096229458734595,0.0018096227814031088,0.0018096226169327578,0.0018096219590513544,0.0018096219590513544,0.0018096217945810034,0.0018096208077588985,0.0018096203143478456,0.0018096188341146877,0.0018096178472925826,0.0018096171894111791,0.0018096153802373196,0.0018096140644745127,0.001809612090830302,0.001809609623775039,0.0018096061698976706,0.0018096030449610042,0.001809598275320829,0.0018095941635620572,0.0018095872558073205,0.0018095786211138997,0.001809570891007409,0.001809559378082848,0.0018095485230396906,0.0018095327338860069,0.0018095151355584638,0.0018094927675907453,0.0018094657944532026,0.0018094384923749579,0.001809402637838468,0.0018093587242547855,0.0018093075739756645,0.0018092391543097022,0.0018091593861895299,0.0018090664604412878,0.0018089521535474323,0.0018088167944486657,0.0018086497748073561,0.0018084489565089428,0.0018082131882609695,0.0018079131121058053,0.001807560487673538,0.001807132782526098,0.0018066169212705913,0.0018059975259292111,0.001805241373491082,0.0018043556184164666,0.0018032890281910686,0.001801984778308662,0.0018004050405885466,0.0017985262957705478,0.0017962668020902828,0.001793558715528017,0.0017903473496920866,0.0017866473424437183,0.0017822582866603763,0.0017770522244090828,0.0017708086009493198,0.0017631701044438204,0.001753610840945675,0.0017414741625790306,0.001726995015240107,0.001709634511824275,0.0016886923375775266,0.0016632951549367368,0.0016321968542885319,0.0015936506782714874,0.0015452645701025357,0.0014822128052167727,0.0013939359759124062,0.0012744414404851027,0.0010880864180217423,0.0008670140070744373,0.0006838113055910449,0.0005468124374260729,0.00043792599292441926,0.0003412309131810744,0.00024037062180192286,0.00016559795959651726,0.00011410508873478884,7.863508392525888e-05,5.4192322730573235e-05,3.734874962752878e-05,2.573664944498738e-05,1.7723325009853143e-05,1.2183799122168813e-05,8.356738527752768e-06,5.696430602415216e-06,3.8028834528380143e-06,2.487942997624801e-06,1.7675628608100572e-06,1.264776998197575e-06,9.080408071584931e-07,6.568945813785586e-07,4.950557561215476e-07,3.740055778805313e-07,2.817377110419306e-07,2.0986416771132715e-07,1.5838494788872104e-07,1.2055676718840346e-07
1/0.3,0.001,2.1736505252988004e-05,0.5,0.0004288061801235076,0.00042880599118613364,0.0004288059533986589,0.0004288059533986589,0.0004288058400362345,0.0004288056510988606,0.0004288054621614866,0.0004288050842867387,0.0004288048197744152,0.0004288044796871421,0.0004288041018123942,0.0004288037995125959,0.00042880319491299927,0.0004288027792507766,0.0004288023635885539,0.00042880157005158333,0.0004288008898770371,0.00042879969957158127,0.0004287987548847115,0.0004287974323230939,0.00042879576967420316,0.0004287941448127873,0.0004287917264144008,0.0004287884766915689,0.0004287843200693421,0.0004287791053978212,0.00042877234143983393,0.00042876455722002743,0.00042875635733799814,0.0004287457012701076,0.00042873410051534735,0.00042871913667533087,0.0004287013954559174,0.0004286804611948842,0.00042865440673101713,0.0004286214182655262,0.0004285831773410396,0.00042853855033331365,0.0004284841741570921,0.00042841747926408935,0.00042833812556703215,0.0004282400292824796,0.0004281236627538665,0.0004279844159092686,0.0004278122750678667,0.00042760873283491515,0.0004273657782657585,0.00042707201843674786,0.0004267162115741335,0.0004262944466742747,0.0004257910986163462,0.00042518748149406483,0.0004244656840443804,0.00042360777611050556,0.00042256368928834476,0.00042130464841584603,0.0004197892573143779,0.00041795254042104046,0.00041566828757003805,0.0004128569183394649,0.0004094704804238134,0.0004053948745429579,0.0004004908160648257,0.00039453001196047843,0.00038724386885911487,0.0003782315183344346,0.0003669096540318555,0.0003521865958047197,0.0003333282274865617,0.0003090657023551748,0.0002758131402029708,0.00023108489983205847,0.00018247558350050505,0.00014478036683108136,0.00011467457553567879,8.695111448209373e-05,6.0058203230636164e-05,4.140169560280161e-05,2.8565970591483302e-05,1.9728047050429665e-05,1.363795310109135e-05,9.43685501646121e-06,6.536874157507491e-06,4.530888270852197e-06,3.1348300147681092e-06,2.1514487708560165e-06,1.4262693421779893e-06,1.0322215550770323e-06,7.589236436647124e-07,5.619375375890231e-07,4.1647465338830056e-07,3.0919601246198514e-07,2.2736723580614291e-07,1.6549024583895678e-07,1.2071208821384803e-07,9.169130757580286e-08,6.833864815612589e-08,5.1693265511517956e-08,3.912893014413512e-08,2.98709988208004e-08
1/0.2,0.001,8.680555555555e-06,0.5,7.296000313464393e-05,7.295997299382603e-05,7.29599488811717e-05,7.295991271219023e-05,7.295987654320875e-05,7.295987051504516e-05,7.295984640239083e-05,7.295982228973652e-05,7.29597680362643e-05,7.29597077546285e-05,7.295962336033837e-05,7.295956910686616e-05,7.295950279706678e-05,7.295936414930442e-05,7.295919536072417e-05,7.295904465663468e-05,7.295877941743714e-05,7.295845992476738e-05,7.295817057291554e-05,7.295781491126431e-05,7.295735074266862e-05,7.295689260223652e-05,7.295630184220566e-05,7.295560860339393e-05,7.29547345196748e-05,7.295370973186615e-05,7.295228708526122e-05,7.29507981288569e-05,7.294897159529208e-05,7.294642168209764e-05,7.294367283950504e-05,7.294013430748343e-05,7.293595076195874e-05,7.293115234374887e-05,7.292530502507602e-05,7.291845703124887e-05,7.290964988425812e-05,7.289948037229825e-05,7.288658010223652e-05,7.287153380594023e-05,7.285333478009147e-05,7.283155502507604e-05,7.280477792245257e-05,7.27722680362643e-05,7.273384452160381e-05,7.268737943672727e-05,7.263093171296183e-05,7.25630365065575e-05,7.248086660879517e-05,7.238362027391863e-05,7.226485942322418e-05,7.212185329860999e-05,7.194779007523037e-05,7.173746141975197e-05,7.147950424382605e-05,7.116550624517637e-05,7.078135850694334e-05,7.031224983121033e-05,6.974092158564706e-05,6.904046706211312e-05,6.819121937692796e-05,6.716769145447426e-05,6.59180862991888e-05,6.437067177854838e-05,6.24329939477228e-05,6.005851538387253e-05,5.715984881365652e-05,5.351074821566275e-05,4.874059907889585e-05,4.227459792148854e-05,3.494071301118773e-05,2.746594087577118e-05,2.1576672212576826e-05,1.6128821855709625e-05,1.1128137659143346e-05,7.680579668209757e-06,5.316041546103313e-06,3.6885217737267945e-06,2.5662615740740345e-06,1.789761766975281e-06,1.2492314091434992e-06,8.67151331018505e-07,5.872184847607934e-07,4.3266239872684514e-07,3.245442708333283e-07,2.4602442611882336e-07,1.8797622492283658e-07,1.4446494020061505e-07,1.1141251929012172e-07,8.593749999999866e-08,6.611991222993724e-08,5.061246141975231e-08,3.830897955246854e-08,2.8428819444444005e-08,2.0477671682098448e-08,1.4853395061728164e-08,1.0904947916666499e-08,8.282696759259131e-09,6.510416666666566e-09,4.858699845678937e-09
