s,q,source_radius,LD_coeff,1.0e-08,1.2e-08,1.5e-08,1.7e-08,2.1e-08,2.5e-08,3.1e-08,3.7e-08,4.4e-08,5.3e-08,6.4e-08,7.7e-08,9.3e-08,1.1e-07,1.4e-07,1.6e-07,2.0e-07,2.4e-07,2.8e-07,3.4e-07,4.1e-07,5.0e-07,6.0e-07,7.2e-07,8.7e-07,1.0e-06,1.3e-06,1.5e-06,1.8e-06,2.2e-06,2.7e-06,3.2e-06,3.9e-06,4.6e-06,5.6e-06,6.7e-06,8.1e-06,9.8e-06,1.2e-05,1.4e-05,1.7e-05,2.1e-05,2.5e-05,3.0e-05,3.6e-05,4.3e-05,5.2e-05,6.3e-05,7.6e-05,9.1e-05,1.1e-04,1.3e-04,1.6e-04,1.9e-04,2.3e-04,2.8e-04,3.4e-04,4.0e-04,4.9e-04,5.9e-04,7.1e-04,8.5e-04,1.0e-03,1.2e-03,1.5e-03,1.8e-03,2.2e-03,2.6e-03,3.1e-03,3.8e-03,4.5e-03,5.5e-03,6.6e-03,7.9e-03,9.5e-03,1.1e-02,1.4e-02,1.7e-02,2.0e-02,2.4e-02,2.9e-02,3.5e-02,4.2e-02,5.1e-02,6.1e-02,7.4e-02,8.9e-02,1.1e-01,1.3e-01,1.6e-01,1.9e-01,2.3e-01,2.7e-01,3.3e-01,3.9e-01,4.8e-01,5.7e-01,6.9e-01,8.3e-01,1.0e+00
0.2,1e-06,2.604166666666666e-08,0.5,7.296000617444898e-11,7.295999412302127e-11,7.295996700730893e-11,7.295995194302429e-11,7.295993687873966e-11,7.295991578874116e-11,7.295989469874268e-11,7.295984950588877e-11,7.295982239017643e-11,7.295975610732404e-11,7.29597079016132e-11,7.295959341304997e-11,7.295950604019909e-11,7.295939155163586e-11,7.295921680593409e-11,7.295902097023382e-11,7.295882212167664e-11,7.295857205455168e-11,7.295831294885597e-11,7.295797852173706e-11,7.295751755462722e-11,7.295701139466347e-11,7.295644196470426e-11,7.295568272475863e-11,7.295480598339286e-11,7.295360987919281e-11,7.295224806786178e-11,7.29507265751136e-11,7.294877424382486e-11,7.294659896112352e-11,7.29435589884841e-11,7.29398411230361e-11,7.293555382762889e-11,7.292972394947499e-11,7.29229028413921e-11,7.291468075483813e-11,7.290545839978438e-11,7.289475673197943e-11,7.288179542147917e-11,7.286689684397482e-11,7.28479519996174e-11,7.282454210129407e-11,7.279652855758616e-11,7.276157640437522e-11,7.272221945433692e-11,7.267367630352796e-11,7.261556130626172e-11,7.254448801135213e-11,7.245894095176492e-11,7.235747094331812e-11,7.223447708498434e-11,7.208479533999059e-11,7.19058497156642e-11,7.168936690688344e-11,7.142939953407428e-11,7.111843353206062e-11,7.074129012764386e-11,7.028519782031016e-11,6.973661080531542e-11,6.906963056451453e-11,6.826193785379178e-11,6.727888180562892e-11,6.607974968437046e-11,6.460360344580949e-11,6.276503462177741e-11,6.042356574519267e-11,5.73614395687944e-11,5.350149381382336e-11,4.88224396332329e-11,4.281339290361362e-11,3.417495965088804e-11,2.707040198830302e-11,2.133303963208227e-11,1.5948678657721668e-11,1.1099051582205146e-11,7.680977449872037e-12,5.3240104372544626e-12,3.697233403767698e-12,2.573275075696559e-12,1.7948914371603386e-12,1.252697704564837e-12,8.682571606707159e-13,5.897546920462272e-13,4.342249917570242e-13,3.251836738525099e-13,2.4578886811036357e-13,1.8751418942697726e-13,1.437494297043597e-13,1.1039107780784162e-13,8.458294537056076e-14,6.443898395617131e-14,4.8657639372179104e-14,3.6316977398900737e-14,2.6585449524464917e-14,1.975229001387035e-14,1.4509918960768702e-14,1.0532947817036417e-14,7.0802137786142964e-15,4.694031092374925e-15,2.157205559782058e-15
0.3,1e-06,6.520951575896632e-08,0.5,4.2880627459219483e-10,4.288061990172453e-10,4.288061612297705e-10,4.2880612344229565e-10,4.288060667610835e-10,4.288059911861339e-10,4.2880580224876e-10,4.2880565109886085e-10,4.288054243740121e-10,4.28805178755426e-10,4.2880478198694067e-10,4.288045741558294e-10,4.2880421517481885e-10,4.288038373000709e-10,4.288031193380499e-10,4.2880247695097855e-10,4.288017400952202e-10,4.288008331958252e-10,4.287994728467328e-10,4.287977913041047e-10,4.2879614754895137e-10,4.2879337016955434e-10,4.2879023380914683e-10,4.28786795148941e-10,4.287831297638865e-10,4.2877785841115347e-10,4.287721147149855e-10,4.287654074382104e-10,4.287574720685047e-10,4.2874794962485784e-10,4.2873602767656185e-10,4.287223486106882e-10,4.2870381385430415e-10,4.2868331414923103e-10,4.286588467593051e-10,4.2862695413058306e-10,4.28589695680441e-10,4.285435949611983e-10,4.2848731051749985e-10,4.284161755962094e-10,4.28329963472478e-10,4.2822521659236255e-10,4.2811223204274304e-10,4.2797170042400233e-10,4.278036973110899e-10,4.2760196887692813e-10,4.2735929771383243e-10,4.270663503155298e-10,4.2671305631998885e-10,4.2628864629689486e-10,4.257809526793656e-10,4.2516666059545625e-10,4.2444063094859547e-10,4.235668522753092e-10,4.225141499088965e-10,4.212422235074947e-10,4.1971829243672417e-10,4.1787877927025237e-10,4.156346000362638e-10,4.1290466281386115e-10,4.096155276457917e-10,4.0564572669434576e-10,4.0083373739853725e-10,3.9498298931451325e-10,3.878273074698591e-10,3.790083532411496e-10,3.6800471615750706e-10,3.5394212630847294e-10,3.350087498528585e-10,3.0923474462364416e-10,2.768526169532075e-10,2.2915518796326514e-10,1.807205631276618e-10,1.4394122037843945e-10,1.1420710668506264e-10,8.642613309484851e-11,6.014624804689486e-11,4.150266373543817e-11,2.8651294709557158e-11,1.979164337049977e-11,1.3681238653462298e-11,9.46532787871482e-12,6.553954096112177e-12,4.5399383710641935e-12,3.139118893156677e-12,2.1518833268160926e-12,1.4260237235918609e-12,1.0305400124489171e-12,7.569964824504677e-13,5.58687814757159e-13,4.112221943926129e-13,3.00693830634433e-13,2.1827934811935942e-13,1.5917973754917363e-13,1.2014527609201129e-13,8.829043484478201e-14,6.367189501966945e-14,4.464590146334686e-14,2.817056245528996e-14,1.4585965268600835e-14
0.4,1e-06,1.360544217687075e-07,0.5,1.809623932695569e-09,1.809623603754867e-09,1.8096235215196916e-09,1.809623028108639e-09,1.8096226169327619e-09,1.809622452462411e-09,1.8096217945810074e-09,1.8096215478754812e-09,1.8096213834051303e-09,1.8096206432885514e-09,1.8096197387016216e-09,1.809619080820218e-09,1.8096168604704814e-09,1.809614311180043e-09,1.8096120085951307e-09,1.8096101994212711e-09,1.8096067455439027e-09,1.8096028804906573e-09,1.8096002489650435e-09,1.809596219441447e-09,1.8095906274495175e-09,1.8095815815802197e-09,1.809572617946097e-09,1.8095630786657467e-09,1.8095482763341682e-09,1.8095316648287303e-09,1.8095142309715378e-09,1.8094924386500475e-09,1.80946645233461e-09,1.8094323247368043e-09,1.8093937564395248e-09,1.8093421127493515e-09,1.8092810942491783e-09,1.80921061870383e-09,1.8091222981254124e-09,1.8090168726305042e-09,1.8088866121126143e-09,1.8087353816249887e-09,1.8085432802551711e-09,1.8083080054182505e-09,1.8080091627907178e-09,1.807659827765468e-09,1.8072625496329392e-09,1.8067915065480446e-09,1.8062029493974532e-09,1.80551028251476e-09,1.804647059878214e-09,1.8036351560444806e-09,1.8024161840390003e-09,1.8009287141857237e-09,1.79912932631202e-09,1.796962922850348e-09,1.7943077135058875e-09,1.7911421526626743e-09,1.7873786598588699e-09,1.782876530709304e-09,1.7774198978784586e-09,1.7707656741877464e-09,1.7627918226368211e-09,1.7531665242928007e-09,1.741556068813768e-09,1.727531599759827e-09,1.710554970142928e-09,1.6899602395123943e-09,1.6648878035793993e-09,1.6342291321790724e-09,1.5964032540636668e-09,1.5491028969159897e-09,1.4884704908915382e-09,1.406378075720621e-09,1.2789071394519535e-09,1.0966209489987888e-09,8.564305867014202e-10,6.792132079917474e-10,5.449674912651794e-10,4.3725372036523523e-10,3.410008191602067e-10,2.4083886889085295e-10,1.6599647125667792e-10,1.1441116805775994e-10,7.885267819946132e-11,5.4336563228287176e-11,3.743805702805179e-11,2.578451031709088e-11,1.7745857447922505e-11,1.2194983106028064e-11,8.352133357928401e-12,5.6831085039946825e-12,3.7887390026631214e-12,2.476101132362098e-12,1.7558854658982239e-12,1.249810196268322e-12,9.001462303166897e-13,6.736705571673965e-13,5.017990405072575e-13,3.580519538460503e-13,2.5805398051651493e-13,1.7532539402842886e-13,1.0114926578563204e-13,6.381449613792721e-14
0.5,1e-06,2.6666666666666667e-07,0.5,6.8337752504698465e-09,6.833774618642865e-09,6.833773986815881e-09,6.833773986815881e-09,6.8337717754214425e-09,6.833769879940494e-09,6.833766404892089e-09,6.833765141238124e-09,6.833761982103211e-09,6.833758191141315e-09,6.833751872871488e-09,6.8337449227746785e-09,6.833740184072309e-09,6.833733233975499e-09,6.8337297589270945e-09,6.833722808830285e-09,6.83371206777158e-09,6.83369785166447e-09,6.8336785809414984e-09,6.833656466997105e-09,6.833632457571764e-09,6.83360086622263e-09,6.833571802181427e-09,6.833530417514062e-09,6.8334757644800615e-09,6.833420163705586e-09,6.833350662737492e-09,6.83327200027815e-09,6.833150689497477e-09,6.833032853765209e-09,6.832905540628201e-09,6.832743792920638e-09,6.832530867227477e-09,6.8322639203272995e-09,6.831967593472427e-09,6.831612506708166e-09,6.831175282436158e-09,6.830603479016842e-09,6.829946694868356e-09,6.829143326859891e-09,6.828151358497098e-09,6.826986585454545e-09,6.825552970030867e-09,6.823859357803818e-09,6.8217999177538045e-09,6.819319996846823e-09,6.8162290992476e-09,6.812421393936537e-09,6.807658366227676e-09,6.801856930872797e-09,6.7949178910356205e-09,6.786822607820156e-09,6.777227999174815e-09,6.765846583822483e-09,6.752167213734179e-09,6.735233934685121e-09,6.7147797997751345e-09,6.690395701032937e-09,6.660931397436579e-09,6.625493485632565e-09,6.582692262172509e-09,6.530922254693448e-09,6.468387810910633e-09,6.392460530576154e-09,6.300138919608836e-09,6.1871947918406486e-09,6.048047535447156e-09,5.874464128930673e-09,5.653148721181375e-09,5.358347096645145e-09,4.888266873797928e-09,3.9226065229098996e-09,3.0477858328013358e-09,2.4157288651092897e-09,1.945992672054136e-09,1.5815526570554364e-09,1.2790269476560612e-09,9.910307315501737e-10,6.931135681623961e-10,4.77461541572264e-10,3.288311939958726e-10,2.263665485622559e-10,1.5573713747746767e-10,1.0709025077374639e-10,7.353834251300255e-11,5.042421600597298e-11,3.4492698637939985e-11,2.350017279344116e-11,1.5897398710968785e-11,1.0620379751705986e-11,6.8862822841241924e-12,4.3949884914549855e-12,3.1818806847279047e-12,2.3453417596723554e-12,1.6541230406309878e-12,1.1985757861256624e-12,8.327479631595271e-13,5.218890876857127e-13,3.5635041822607987e-13,1.8196617100906205e-13
0.6,1e-06,5.2734375e-07,0.5,2.6457040834623878e-08,2.6457040834623878e-08,2.6457037127272357e-08,2.6457027241001628e-08,2.6457018590514742e-08,2.6457016118947062e-08,2.6457008704244017e-08,2.645699634640561e-08,2.645698275278336e-08,2.645696421602575e-08,2.645695309397118e-08,2.6456929614078204e-08,2.645690489840139e-08,2.6456857938615437e-08,2.6456825808235576e-08,2.6456781320017306e-08,2.6456730652879834e-08,2.6456675042606997e-08,2.645661201763112e-08,2.6456518098059216e-08,2.6456429121622678e-08,2.6456314193725484e-08,2.6456164663880745e-08,2.64559422227894e-08,2.645567035034442e-08,2.645536634751958e-08,2.645499931971886e-08,2.6454596454186757e-08,2.6454121913191884e-08,2.6453570753598882e-08,2.6452760079399312e-08,2.6451937047361332e-08,2.645102256731913e-08,2.644986340207645e-08,2.6448453372714086e-08,2.6446675079767158e-08,2.64444506688537e-08,2.6441801148299e-08,2.643885751119019e-08,2.64350908420434e-08,2.6430688980002433e-08,2.6425155139963284e-08,2.6418489321925948e-08,2.641083116946445e-08,2.640147752157335e-08,2.639010583867021e-08,2.6376878008438175e-08,2.6360982120893827e-08,2.6342405818198763e-08,2.631907916241962e-08,2.6290696914947724e-08,2.6255237333419507e-08,2.6211521480050827e-08,2.615714451948748e-08,2.6093135859668853e-08,2.601708448632153e-08,2.5926208650019837e-08,2.5817046920225673e-08,2.568561760140394e-08,2.552708259981787e-08,2.533566956914703e-08,2.5104094799433687e-08,2.482331482453079e-08,2.4481841797854157e-08,2.4064782052554345e-08,2.3551502941625178e-08,2.291314891238373e-08,2.2103365712961188e-08,2.1040523641752815e-08,1.952267337506101e-08,1.5884745717238222e-08,1.2150438041886766e-08,9.500782786750155e-09,7.587994541292894e-09,6.169935055530392e-09,5.075809116391896e-09,4.18059988740564e-09,3.378380920872702e-09,2.504731176773228e-09,1.7251048104179891e-09,1.1878181268133939e-09,8.174215793425908e-10,5.622618750273778e-10,3.862961423666724e-10,2.6502125936488174e-10,1.81573719730304e-10,1.239491192333049e-10,8.435460497373274e-11,5.705861149790782e-11,3.825986771149671e-11,2.5437374579245746e-11,1.695742586360329e-11,1.063021259865293e-11,7.446833424724779e-12,5.28668327098782e-12,3.620846653575108e-12,2.4863970877109617e-12,1.685609158865682e-12,8.601055532041896e-13,2.224410913459111e-14
0.7,1e-06,1.1303344867358706e-06,0.5,1.2082896075479918e-07,1.2082892668608133e-07,1.2082892668608133e-07,1.2082890397360277e-07,1.2082886990488493e-07,1.2082885854864565e-07,1.2082879041120994e-07,1.2082868820505642e-07,1.208286200676207e-07,1.2082857464266358e-07,1.2082846108027078e-07,1.2082830209292082e-07,1.2082823395548514e-07,1.2082798411822091e-07,1.2082781377463168e-07,1.2082757529360676e-07,1.20827302743864e-07,1.2082694502232658e-07,1.208265873007892e-07,1.2082605355754293e-07,1.2082528133327174e-07,1.2082436147788988e-07,1.2082329399139735e-07,1.2082216972370842e-07,1.2082075019379813e-07,1.208190581141451e-07,1.2081699127859574e-07,1.2081434527484297e-07,1.208111995965618e-07,1.208072930502487e-07,1.208026937733394e-07,1.2079686802258763e-07,1.2079057098790563e-07,1.2078225822075107e-07,1.2077213413343096e-07,1.207601930478257e-07,1.2074580469265512e-07,1.2072883279304785e-07,1.207073467883259e-07,1.2068271510532274e-07,1.2065343872045318e-07,1.206179164039784e-07,1.2057586992803596e-07,1.2052677122749928e-07,1.204697004469865e-07,1.2040269295710175e-07,1.203203261535878e-07,1.202164733453519e-07,1.2008344635839995e-07,1.1991174002045278e-07,1.1970485773132892e-07,1.1945961974402935e-07,1.1917377184505658e-07,1.1883303924163282e-07,1.1842323799089461e-07,1.1792935514451082e-07,1.173342257468064e-07,1.166153019846865e-07,1.1574780454403729e-07,1.1469621678650364e-07,1.1342170037374038e-07,1.1187082987804425e-07,1.0997446851466513e-07,1.0763570781568817e-07,1.0472040788271178e-07,1.0100983619092112e-07,9.610515593860494e-08,8.900740985918305e-08,7.691068699456506e-08,6.342013906728479e-08,4.8383972904976416e-08,3.755671860476076e-08,2.983841650788156e-08,2.4227809709303973e-08,2.0029532965299053e-08,1.6753734894428213e-08,1.4044658588697316e-08,1.1611175497867355e-08,9.03562585361681e-09,6.292310486450019e-09,4.332552917277897e-09,2.981330786282857e-09,2.0495854218944885e-09,1.407310596809928e-09,9.650191454852753e-10,6.602517518683162e-10,4.503089562579006e-10,3.0557368660599674e-10,2.0579776827240498e-10,1.3838713189314243e-10,9.38820301461192e-11,6.326560904125196e-11,4.141620466225918e-11,2.5540182145714536e-11,1.7295552426822248e-11,1.2037613639154027e-11,7.336130576314625e-12,2.646003752757442e-12,0.0,0.0
0.8,1e-06,2.9629629629629646e-06,0.5,8.27424893055032e-07,8.27424893055032e-07,8.274244250370115e-07,8.274241130249979e-07,8.274236450069775e-07,8.274233329949637e-07,8.274226309679329e-07,8.274216949318919e-07,8.274209149018579e-07,8.274203688808339e-07,8.274195888507997e-07,8.274174827697074e-07,8.274163127246562e-07,8.274142846465673e-07,8.274114765384443e-07,8.274083564183077e-07,8.274053923041779e-07,8.274003221089557e-07,8.273940818686824e-07,8.273869445938697e-07,8.273787152770092e-07,8.273692769135957e-07,8.273579664781002e-07,8.273426388879288e-07,8.273246981971429e-07,8.273016873111349e-07,8.272763363350244e-07,8.272434970705858e-07,8.272044175658739e-07,8.271629199680561e-07,8.271064457935822e-07,8.270383491715992e-07,8.269572650495472e-07,8.268571871961632e-07,8.267398706790241e-07,8.26608240610758e-07,8.264386620813295e-07,8.262424065247322e-07,8.259989981525695e-07,8.257122591120087e-07,8.253752081342438e-07,8.249761837702643e-07,8.244628850062788e-07,8.238014195373028e-07,8.22932544082241e-07,8.218128889711936e-07,8.203894511633386e-07,8.186292353882309e-07,8.166614926225324e-07,8.142793589011811e-07,8.115482787440438e-07,8.082750777131585e-07,8.043196234128865e-07,7.995684994762597e-07,7.93821121179991e-07,7.868787368713741e-07,7.784450521419296e-07,7.681724076054279e-07,7.556108039351564e-07,7.401154293033687e-07,7.207965424515889e-07,6.962428740404952e-07,6.641136319405471e-07,6.196159606082898e-07,5.543276807572827e-07,4.872104644851575e-07,4.238158635481046e-07,3.628139267378643e-07,3.01290188836266e-07,2.3216864638983967e-07,1.8025327944764405e-07,1.4343102564861476e-07,1.1688512152874947e-07,9.728561887217703e-08,8.229975985870907e-08,7.028823336853421e-08,6.004503496582243e-08,5.058311464533519e-08,4.0631179457382435e-08,2.8692702779907583e-08,1.9743730209890438e-08,1.3588045192235563e-08,9.334736423415853e-09,6.40506061957898e-09,4.38786394971401e-09,2.995042320700307e-09,2.0395445303439354e-09,1.383266261095123e-09,9.419642692635242e-10,6.360364898621047e-10,4.2671543019262246e-10,2.743755645192486e-10,1.7714482075997546e-10,1.038219975480085e-10,5.542113392776863e-11,1.2714489556968736e-11,0.0,0.0,0.0,0.0
0.9,1e-06,1.3462603878114e-05,0.5,1.705294444404913e-05,1.7052936391973782e-05,1.7052920287823092e-05,1.705290740450254e-05,1.70528832482765e-05,1.7052842987899773e-05,1.705280916918332e-05,1.7052775350466867e-05,1.7052707713033964e-05,1.7052664231827095e-05,1.7052591763148986e-05,1.7052519294470874e-05,1.7052419448736586e-05,1.7052305109266674e-05,1.7052136015684415e-05,1.7051968532517225e-05,1.7051762399388372e-05,1.7051487018411547e-05,1.7051195533284032e-05,1.705086056694965e-05,1.7050457157974827e-05,1.704994343556777e-05,1.704936610176548e-05,1.7048656713927518e-05,1.7047748439828516e-05,1.7046646915921218e-05,1.704525310167887e-05,1.7043704687589883e-05,1.704188008731654e-05,1.7039533712560787e-05,1.70366647581151e-05,1.703310815643488e-05,1.702879949091737e-05,1.7023312001569247e-05,1.701637916469656e-05,1.7007723183699877e-05,1.699611209105131e-05,1.6980491064880562e-05,1.6959612838716573e-05,1.6931966843224487e-05,1.6895878246732385e-05,1.684863349984875e-05,1.6788277558679632e-05,1.6719685954846886e-05,1.663957907806219e-05,1.6544809372072882e-05,1.6431125341096418e-05,1.629957456013528e-05,1.6139656317731068e-05,1.594655064158183e-05,1.5709891289887447e-05,1.5423668998817384e-05,1.5068239925358163e-05,1.4619555741282173e-05,1.4046983131144053e-05,1.3293903927150185e-05,1.2260676917727085e-05,1.0994430899873417e-05,9.827296267035475e-06,8.762947181193531e-06,7.796395381670891e-06,6.918938185433872e-06,6.121449370285606e-06,5.396485597776482e-06,4.7331636828691905e-06,4.121156033725274e-06,3.5454213735988797e-06,2.9814395226471378e-06,2.3501664780309876e-06,1.8328528453681262e-06,1.4671420768999198e-06,1.204664550816932e-06,1.012018648169935e-06,8.662334084125818e-07,7.510492757992056e-07,6.549187690764704e-07,5.692165051340123e-07,4.869573086093955e-07,3.98254841393112e-07,2.834322469627598e-07,1.9474668910470235e-07,1.337175944366821e-07,9.165757886817267e-08,6.277881064065106e-08,4.281932627361339e-08,2.9155759619415308e-08,1.969537629569716e-08,1.3182052548522413e-08,8.596395639119495e-09,5.078443920562632e-09,2.4341423770193182e-09,4.662151625187512e-10,0.0,0.0,0.0,0.0,0.0,0.0,0.0,0.0
1.0,1e-06,1.3462603878114e-05,0.5,1.705293800238885e-05,1.705292350865323e-05,1.7052910625332676e-05,1.7052892910766914e-05,1.7052875196201154e-05,1.705285265039019e-05,1.705282527333401e-05,1.7052775350466867e-05,1.7052738310920276e-05,1.7052697245336014e-05,1.7052623166242833e-05,1.7052530567376358e-05,1.7052442799755086e-05,1.7052306719681746e-05,1.7052149704212502e-05,1.7051961285649412e-05,1.705174226920001e-05,1.705146769343072e-05,1.705114561041689e-05,1.7050747032687274e-05,1.7050267934204203e-05,1.7049702678514932e-05,1.7049027914600958e-05,1.7048200966462947e-05,1.7047183184139245e-05,1.7045991476988076e-05,1.7044575922142294e-05,1.7042820569716922e-05,1.7040737497824975e-05,1.703827919922192e-05,1.7035321671947426e-05,1.7031600002722623e-05,1.702713593215094e-05,1.702149303774864e-05,1.70147848537781e-05,1.700668446598028e-05,1.699607988274993e-05,1.698325373193169e-05,1.696756023708283e-05,1.6948289205157853e-05,1.6924838340920897e-05,1.689625749948117e-05,1.6859058521798887e-05,1.6818017093761615e-05,1.6768202124427614e-05,1.6707429085755592e-05,1.6634359722823073e-05,1.6550159170932598e-05,1.6445093276198688e-05,1.6316768961828587e-05,1.6156237151283033e-05,1.59528006624652e-05,1.5693354742749885e-05,1.535376490670328e-05,1.4903455813822521e-05,1.4299271561084532e-05,1.3456751514565176e-05,1.2323692459382901e-05,1.1093708157641268e-05,9.679541489648552e-06,8.505069000548033e-06,7.501454303416456e-06,6.607345415364432e-06,5.803533305447149e-06,5.0702767005394416e-06,4.408605461078027e-06,3.834519865982442e-06,3.332706478360143e-06,2.8917949626154018e-06,2.5446675788376447e-06,2.2726547851302233e-06,2.0519635040539896e-06,1.862454689961696e-06,1.7067476829633133e-06,1.559351222929276e-06,1.4202363223883398e-06,1.2907863278849034e-06,1.163226155465114e-06,1.0411937327701802e-06,9.201943913421054e-07,8.127780958147713e-07,7.316945022906335e-07,6.632599139271299e-07,6.063655599491506e-07,5.56532070841857e-07,5.119783275387698e-07,4.722397252924392e-07,4.366849813957587e-07,4.047705807628905e-07,3.7608345192859766e-07,3.5023145882354237e-07,3.2663163119269247e-07,3.050118088893618e-07,2.8471494256533726e-07,2.651645036258636e-07,2.456446625727037e-07,3.2783219562674335e-08,1.857291699250003e-08,4.156481293474601e-09,0.0
1/0.9,1e-06,1.3462603878114e-05,0.5,1.705294283363406e-05,1.7052925119068298e-05,1.705290579408747e-05,1.7052889689936776e-05,1.70528623128806e-05,1.705282688374908e-05,1.7052797896277836e-05,1.7052754415070967e-05,1.705267872556272e-05,1.7052625581865436e-05,1.7052535398621564e-05,1.705244682579276e-05,1.7052309940511883e-05,1.705214567817483e-05,1.7051962090856946e-05,1.705174951606782e-05,1.7051511174637585e-05,1.7051230962415554e-05,1.7050886333590755e-05,1.7050419313220702e-05,1.7049895928323228e-05,1.7049303295577783e-05,1.704857297234392e-05,1.7047646983679164e-05,1.704653982331912e-05,1.7045137151793893e-05,1.7043435748273337e-05,1.7041442054417727e-05,1.703896926207905e-05,1.7036298388686868e-05,1.7032806203609414e-05,1.702881720548313e-05,1.7023681591827615e-05,1.7017733523769713e-05,1.701019758645363e-05,1.700083785407173e-05,1.698887408052302e-05,1.6973597683177068e-05,1.695356250930178e-05,1.6926296571766013e-05,1.6887129666869228e-05,1.6836353279738948e-05,1.6775920038646513e-05,1.6707979042501703e-05,1.6627449431761354e-05,1.6537242031662952e-05,1.6424442923766983e-05,1.6294022654184386e-05,1.613549339477732e-05,1.5943530308119642e-05,1.570843950070261e-05,1.542236375740384e-05,1.5067528927105134e-05,1.4619325451927284e-05,1.4046710165789831e-05,1.3294541651517567e-05,1.2260683359387363e-05,1.0993848734825918e-05,9.826363836710438e-06,8.762945570778463e-06,7.796012102884434e-06,6.918635427400872e-06,6.12184070114741e-06,5.396181229328413e-06,4.7330541746444875e-06,4.121081954632094e-06,3.545492231861922e-06,2.9820611428638293e-06,2.3489167959373276e-06,1.8319252462882962e-06,1.4663932338927653e-06,1.204015553544065e-06,1.0114550028957327e-06,8.655819955171109e-07,7.50331030678365e-07,6.542101864460448e-07,5.685401308049695e-07,4.858396805514059e-07,3.9547687539882926e-07,2.842688575911829e-07,1.9534656871796048e-07,1.341789783539934e-07,9.194020671280838e-08,6.297125524141441e-08,4.291031472502033e-08,2.930472301331163e-08,1.9745299162840792e-08,1.322794937799317e-08,8.637461223382806e-09,5.093742863719551e-09,2.447830905107088e-09,4.774880680027971e-10,0.0,0.0,0.0,0.0,0.0,0.0,0.0,0.0
1/0.8,1e-06,2.9629629629629646e-06,0.5,8.274245810430184e-07,8.274242690310046e-07,8.274238790159877e-07,8.274234109979671e-07,8.274228649769432e-07,8.274223189559193e-07,8.274220069439057e-07,8.274212269138714e-07,8.274203688808339e-07,8.274189648267723e-07,8.274180287907314e-07,8.274167027396732e-07,8.274151426796049e-07,8.274125685804922e-07,8.274104624993999e-07,8.274078103972837e-07,8.27404690277147e-07,8.274000880999455e-07,8.273939258626755e-07,8.273869835953714e-07,8.273797293160537e-07,8.273699789406265e-07,8.273571864480662e-07,8.27342755892434e-07,8.273248152016481e-07,8.273018823186435e-07,8.272790274386423e-07,8.272476702312686e-07,8.272087857340653e-07,8.271576157638238e-07,8.271009075803396e-07,8.270326549523497e-07,8.269537159128918e-07,8.268592152742521e-07,8.267447458667376e-07,8.266027804005188e-07,8.264401441383944e-07,8.262404564496468e-07,8.259979451120234e-07,8.257158082486643e-07,8.253724780291242e-07,8.249726736351106e-07,8.244583608320806e-07,8.237981434111593e-07,8.229279029035378e-07,8.218109388961081e-07,8.203899191813592e-07,8.186278703356712e-07,8.166604395819863e-07,8.14278305860635e-07,8.115474987140097e-07,8.082759747476978e-07,8.043241865885865e-07,7.995733356624715e-07,7.938317295884557e-07,7.868787758728758e-07,7.784505513536705e-07,7.681640222825606e-07,7.556088538600711e-07,7.401343840331992e-07,7.207931103194385e-07,6.962555885300522e-07,6.64124084343005e-07,6.19614322545218e-07,5.543116121385787e-07,4.872316813020869e-07,4.2382592593554534e-07,3.628072184795704e-07,3.0128172551039523e-07,2.3215655592431002e-07,1.80242983051193e-07,1.4341597106895528e-07,1.168798173245171e-07,9.7276258511767e-08,8.229153054184857e-08,7.028012105617884e-08,6.003512858438847e-08,5.0569308113730386e-08,4.0592684975196156e-08,2.8701517119293708e-08,1.9750048453167213e-08,1.3591360319880783e-08,9.337661536043988e-09,6.406932691660988e-09,4.389541014287476e-09,2.996329370256687e-09,2.039934545361021e-09,1.3834612686036655e-09,9.42432287284026e-10,6.363485018757727e-10,4.270274422062904e-10,2.744535675226656e-10,1.7722282376339242e-10,1.0393900205313398e-10,5.542113392776863e-11,1.2714489556968736e-11,0.0,0.0,0.0,0.0
1/0.7,1e-06,1.1303344867358706e-06,0.5,1.2082899482351704e-07,1.2082896075479918e-07,1.2082891532984205e-07,1.2082891532984205e-07,1.2082890397360277e-07,1.2082881312368853e-07,1.2082879041120994e-07,1.2082873363001354e-07,1.2082859735514217e-07,1.2082848379274934e-07,1.2082829073668154e-07,1.2082814310557087e-07,1.208280636118959e-07,1.208278591995888e-07,1.2082767749976029e-07,1.2082735384694074e-07,1.2082685985053198e-07,1.2082638288848212e-07,1.208258264327573e-07,1.208253154019896e-07,1.2082456589019696e-07,1.2082368010353294e-07,1.2082261261704044e-07,1.2082137478695867e-07,1.2081983033841628e-07,1.2081791113397757e-07,1.208157591266336e-07,1.2081281218253985e-07,1.2080942802323377e-07,1.2080556690187782e-07,1.2080075185642214e-07,1.207949033931918e-07,1.2078827702757064e-07,1.2077995290417677e-07,1.2076973228882277e-07,1.2075724042561232e-07,1.2074264198001503e-07,1.2072491489049547e-07,1.2070380364166983e-07,1.2067816693149022e-07,1.2064774356645315e-07,1.2061250515596042e-07,1.205715772695873e-07,1.205240797987894e-07,1.2046896229143313e-07,1.2040411248701203e-07,1.2032572036724686e-07,1.202248145031047e-07,1.2009110046367616e-07,1.1991847994846678e-07,1.1970747534448349e-07,1.194619591293215e-07,1.1917547528094893e-07,1.1883305627599176e-07,1.1842352189687667e-07,1.1792916208844304e-07,1.1733416896561e-07,1.1661487044759378e-07,1.1574752063805525e-07,1.1469817573777983e-07,1.1342176851117607e-07,1.1187135794317088e-07,1.09974644536374e-07,1.0763661063671111e-07,1.0471976625519234e-07,1.0100947279126409e-07,9.610506508869069e-08,8.900735307798664e-08,7.690936967080833e-08,6.341941794609036e-08,4.838212183797341e-08,3.755627571142875e-08,2.983854142651366e-08,2.422723054110058e-08,2.0028897015899252e-08,1.6753235219899795e-08,1.4043920433143973e-08,1.161033513616047e-08,9.033331893281802e-09,6.2931167794390566e-09,4.332757329584977e-09,2.9815579110685016e-09,2.0497898342015685e-09,1.407310596809928e-09,9.650872829209686e-10,6.603085330647273e-10,4.503657374543117e-10,3.0558504284527896e-10,2.058091245116872e-10,1.3839848813242465e-10,9.390474262468364e-11,6.326560904125196e-11,4.143891714082363e-11,2.5551538384996754e-11,1.7295552426822248e-11,1.2037613639154027e-11,7.336130576314625e-12,2.646003752757442e-12,0.0,0.0
1/0.6,1e-06,5.273437499999998e-07,0.5,2.6457040834623878e-08,2.6457038363056197e-08,2.6457035891488513e-08,2.6457033419920833e-08,2.6457030948353152e-08,2.6457021062082423e-08,2.6457013647379378e-08,2.645699881797329e-08,2.6456988931702565e-08,2.6456974102296475e-08,2.645695432975502e-08,2.6456929614078204e-08,2.6456897483698343e-08,2.6456877711156892e-08,2.6456840637641666e-08,2.645678626315267e-08,2.6456725709744472e-08,2.645666515633627e-08,2.6456581123035094e-08,2.6456472374057105e-08,2.6456382161836727e-08,2.6456272177074894e-08,2.645611276095943e-08,2.6455921214464104e-08,2.6455725960617257e-08,2.6455433079846984e-08,2.645507717410083e-08,2.6454628584566615e-08,2.6454186173951606e-08,2.6453638721710125e-08,2.6452913316595568e-08,2.6452064333096935e-08,2.6451094242781897e-08,2.644984610110268e-08,2.6448452136930246e-08,2.6446688673389408e-08,2.6444470441395155e-08,2.644184563651727e-08,2.643866967204639e-08,2.64350302886352e-08,2.643051967761624e-08,2.6425126716934944e-08,2.641840034548941e-08,2.6410554353884106e-08,2.6401130266314085e-08,2.6389914292174886e-08,2.6376435597823166e-08,2.636065093082449e-08,2.634223404424489e-08,2.6319071747716576e-08,2.6290585694402054e-08,2.6255243512338708e-08,2.621160180600048e-08,2.6157159348893567e-08,2.6093122266046607e-08,2.6016942371179835e-08,2.5926178991207657e-08,2.5817070400118646e-08,2.5685696691569753e-08,2.552713450273918e-08,2.533571776471682e-08,2.5104030538673965e-08,2.482327527944788e-08,2.4481904822830043e-08,2.406480553244732e-08,2.3551590682277875e-08,2.291307476535328e-08,2.2103417615882503e-08,2.1040592845647898e-08,1.952292671074838e-08,1.5884830986323236e-08,1.2150150104251857e-08,9.500860641132125e-09,7.58791174377556e-09,6.169873266338352e-09,5.0757139610361545e-09,4.180597415837959e-09,3.3782499277855758e-09,2.5048349826158563e-09,1.7251814290161195e-09,1.1878848591407975e-09,8.174561812901336e-10,5.622692897304227e-10,3.863060286373989e-10,2.650286740679266e-10,1.8158360600103047e-10,1.2394170453026004e-10,8.43620196767776e-11,5.705861149790782e-11,3.826233927917833e-11,2.5437374579245746e-11,1.6959897431284912e-11,1.063268416633455e-11,7.446833424724779e-12,5.28668327098782e-12,3.620846653575108e-12,2.4863970877109617e-12,1.685609158865682e-12,8.601055532041896e-13,2.224410913459111e-14
1/0.5,1e-06,2.6666666666666667e-07,0.5,6.8337749345563556e-09,6.8337749345563556e-09,6.83377367090239e-09,6.833773039075407e-09,6.833771143594459e-09,6.833769879940494e-09,6.833768616286529e-09,6.833767352632564e-09,6.833766088978598e-09,6.833762298016703e-09,6.833758822968297e-09,6.8337569274873495e-09,6.833754400179419e-09,6.833746818255627e-09,6.833737340850887e-09,6.8337265997921815e-09,6.8337209133493366e-09,6.833708276809684e-09,6.833692165221626e-09,6.833675737720076e-09,6.833658678391545e-09,6.83362929843685e-09,6.8335942320393114e-09,6.8335541110259126e-09,6.833504828521265e-09,6.833453966449159e-09,6.833376883557273e-09,6.8332975892709484e-09,6.833194917386264e-09,6.833060338238956e-09,6.832905540628201e-09,6.832736842823828e-09,6.832534026362391e-09,6.83229235254152e-09,6.831978334531133e-09,6.831600186082004e-09,6.831125684018019e-09,6.830599688054946e-09,6.829955224532622e-09,6.8291569111400175e-09,6.82820158874222e-09,6.826993219637863e-09,6.8256050957569366e-09,6.82391179944338e-09,6.821804024629191e-09,6.8193127308365224e-09,6.816231310642039e-09,6.812361054459692e-09,6.8076090837230285e-09,6.801907161117919e-09,6.794943480028418e-09,6.786883263210493e-09,6.777307293461141e-09,6.7659261940222995e-09,6.7522133371039135e-09,6.735211504827237e-09,6.714808547902846e-09,6.6903912782440585e-09,6.660919392723908e-09,6.625492537892091e-09,6.582683416594752e-09,6.530921306952975e-09,6.468376122111454e-09,6.392445998555552e-09,6.300124071674743e-09,6.1871796279930646e-09,6.048079758623272e-09,5.874460337968778e-09,5.65312850271793e-09,5.358408067948973e-09,4.8882166435528055e-09,3.922605575169426e-09,3.0477583483275902e-09,2.4157190717910584e-09,1.9459715058502164e-09,1.581533702245956e-09,1.2790060973656331e-09,9.910007197684966e-10,6.931179909512748e-10,4.774669121016167e-10,3.2883814409268196e-10,2.263747623130306e-10,1.5573966478539833e-10,1.0709277808167707e-10,7.353834251300255e-11,5.042547965993832e-11,3.449522594587067e-11,2.349954096645849e-11,1.5897398710968785e-11,1.0620379751705986e-11,6.886914111106863e-12,4.3956203184376555e-12,3.1818806847279047e-12,2.345973586655026e-12,1.6541230406309878e-12,1.1985757861256624e-12,8.327479631595271e-13,5.218890876857127e-13,3.5635041822607987e-13,1.8196617100906205e-13
1/0.4,1e-06,1.360544217687075e-07,0.5,1.8096231103438145e-09,1.8096231103438145e-09,1.8096229458734636e-09,1.8096228636382883e-09,1.8096226991679374e-09,1.8096225346975865e-09,1.8096216301106567e-09,1.8096208899940776e-09,1.8096199031719725e-09,1.8096198209367972e-09,1.8096189985850427e-09,1.8096178472925865e-09,1.809616449294604e-09,1.8096153802373236e-09,1.8096139000041656e-09,1.809611515184078e-09,1.8096095415398676e-09,1.8096074034253062e-09,1.8096031271961838e-09,1.809598850967061e-09,1.8095936701510086e-09,1.809586022279693e-09,1.8095768119400443e-09,1.809563901017501e-09,1.8095483585693435e-09,1.8095311714176777e-09,1.8095157112046956e-09,1.8094933432369775e-09,1.8094636563386451e-09,1.8094301866222428e-09,1.809389069034525e-09,1.8093392345182112e-09,1.809283479069266e-09,1.8092138258756722e-09,1.8091265743545351e-09,1.809016625924978e-09,1.8088894081085792e-09,1.8087357105656902e-09,1.8085441848421011e-09,1.808301920015268e-09,1.808019606657998e-09,1.8076789885613445e-09,1.8072716777374126e-09,1.8067924111349746e-09,1.8061992488145586e-09,1.8054942466555502e-09,1.8046495269334772e-09,1.8036461755579888e-09,1.8024323843685613e-09,1.800937266643969e-09,1.7991303131341252e-09,1.7969447488765767e-09,1.7943114963239575e-09,1.791139438901885e-09,1.7873746303352734e-09,1.7828863989303563e-09,1.7774140591810027e-09,1.7707675655967813e-09,1.762787464172523e-09,1.753166770998327e-09,1.7415622364519256e-09,1.7275305307025462e-09,1.7105589174313489e-09,1.6899634466842363e-09,1.6648802379432592e-09,1.6342389181649491e-09,1.5964021850063861e-09,1.5491119427852875e-09,1.4884818393457483e-09,1.4063727304342176e-09,1.2789161853212513e-09,1.0966463596679985e-09,8.564245012984379e-10,6.792038331817477e-10,5.449636262119338e-10,4.3725166448584933e-10,3.41001641511961e-10,2.408391155963793e-10,1.6599877384159013e-10,1.1441347064267212e-10,7.885317161051393e-11,5.433771452074327e-11,3.743838596875353e-11,2.578434584674001e-11,1.7745692977571636e-11,1.2194654165326321e-11,8.352462298630142e-12,5.6831085039946825e-12,3.788903473013993e-12,2.476101132362098e-12,1.7558854658982239e-12,1.249810196268322e-12,9.001462303166897e-13,6.736705571673965e-13,5.017990405072575e-13,3.5821642419692124e-13,2.5805398051651493e-13,1.7532539402842886e-13,1.0114926578563204e-13,6.381449613792721e-14
1/0.3,1e-06,6.520951575896634e-08,0.5,4.2880623680472004e-10,4.2880621791098267e-10,4.288061612297705e-10,4.288060856548209e-10,4.288060478673461e-10,4.2880602897360874e-10,4.2880593450492173e-10,4.288057644612852e-10,4.2880553773643646e-10,4.288054432677495e-10,4.288050276055268e-10,4.288047441994659e-10,4.2880442300593014e-10,4.2880413959986926e-10,4.2880379951259616e-10,4.2880285482572644e-10,4.288019857138063e-10,4.288009843457244e-10,4.2879971846531894e-10,4.287980369226908e-10,4.287965065299619e-10,4.287949383497581e-10,4.287920853954115e-10,4.2878881677884226e-10,4.2878471683782767e-10,4.287803523844895e-10,4.287753833315547e-10,4.287682414988196e-10,4.2875990936062856e-10,4.287495933800112e-10,4.287384649686858e-10,4.2872352002240663e-10,4.2870647787127675e-10,4.286848256482226e-10,4.286601693209227e-10,4.2862752094270493e-10,4.2858903439963216e-10,4.285413466064483e-10,4.2848394743224363e-10,4.284120567614573e-10,4.2832593910641293e-10,4.282235350497344e-10,4.281105693938523e-10,4.279723617048111e-10,4.278036028424029e-10,4.276011375524828e-10,4.273586931142358e-10,4.270641208545172e-10,4.2670854071675156e-10,4.262848297619411e-10,4.257721859852145e-10,4.251605579182778e-10,4.244353784895998e-10,4.2356694674399623e-10,4.225204604171863e-10,4.2124925197780543e-10,4.197185002678355e-10,4.178782880330801e-10,4.156303489453501e-10,4.1290545635083174e-10,4.096152820272056e-10,4.0564466864505166e-10,4.008347387666192e-10,3.949837639577464e-10,3.878282710504662e-10,3.7900710625448154e-10,3.680028078900302e-10,3.5394216409594773e-10,3.3500878764033325e-10,3.0923527364829124e-10,2.768548653079574e-10,2.2915779529902557e-10,1.8071988295311562e-10,1.4394091807864114e-10,1.1420489611778747e-10,8.642745565646614e-11,6.014655034669317e-11,4.1502814885337324e-11,2.8651748159254625e-11,1.9791454433125824e-11,1.3681049716088353e-11,9.465214516290452e-12,6.5539729898495725e-12,4.539976158538983e-12,3.139194468106255e-12,2.1518644330786984e-12,1.42606151106665e-12,1.0305400124489171e-12,7.569586949756786e-13,5.58687814757159e-13,4.1120330065521837e-13,3.0071272437182756e-13,2.1827934811935942e-13,1.5917973754917363e-13,1.2014527609201129e-13,8.829043484478201e-14,6.367189501966945e-14,4.464590146334686e-14,2.817056245528996e-14,1.4585965268600835e-14
1/0.2,1e-06,2.6041666666666637e-08,0.5,7.29599971358782e-11,7.295998508445048e-11,7.295998207159357e-11,7.29599760458797e-11,7.295996098159507e-11,7.295994290445352e-11,7.295992784016888e-11,7.295988867302882e-11,7.295986155731648e-11,7.295980130017794e-11,7.295975912018096e-11,7.295965969590237e-11,7.295959341304997e-11,7.295947892448675e-11,7.295930417878497e-11,7.295916558736632e-11,7.295900590594918e-11,7.295876789025195e-11,7.295846961741618e-11,7.295808095887258e-11,7.295766217175972e-11,7.295721626893452e-11,7.295655946612441e-11,7.295572490475561e-11,7.295467341768806e-11,7.295354359634042e-11,7.295219684929401e-11,7.295053375227027e-11,7.294863263954929e-11,7.294632479114315e-11,7.294351680848712e-11,7.293985317446381e-11,7.293551767334575e-11,7.292939253521302e-11,7.292255937570243e-11,7.29140751705958e-11,7.290492813696521e-11,7.289449461342677e-11,7.288244619857542e-11,7.286717703966903e-11,7.284813578388995e-11,7.282445472844318e-11,7.279676356042648e-11,7.27623416700347e-11,7.272232490432936e-11,7.2674459646329e-11,7.261621208335795e-11,7.254502128702822e-11,7.245973634599365e-11,7.235813377184207e-11,7.223507965636975e-11,7.208507252282787e-11,7.190591599851659e-11,7.168953863972828e-11,7.142913741552164e-11,7.111845462205911e-11,7.074144378334714e-11,7.028560455599532e-11,6.973709587528068e-11,6.906930818882334e-11,6.826152207953585e-11,6.727908366704303e-11,6.607941827010848e-11,6.460362453580797e-11,6.276404640470533e-11,6.042316503522138e-11,5.736156912164226e-11,5.3502274143767464e-11,4.882215943753868e-11,4.2813751433587946e-11,3.417460714662757e-11,2.7070552631149372e-11,2.1333404187770448e-11,1.5949094431977605e-11,1.1098967222211188e-11,7.680956359873548e-12,5.3239893472559736e-12,3.697236416624626e-12,2.5733443714058818e-12,1.7949034885880468e-12,1.2527278331341076e-12,8.682631863845701e-13,5.897366149046649e-13,4.342249917570242e-13,3.2517764813865575e-13,2.4578886811036357e-13,1.8751418942697726e-13,1.437494297043597e-13,1.1039107780784162e-13,8.458294537056076e-14,6.443898395617131e-14,4.8657639372179104e-14,3.6316977398900737e-14,2.6585449524464917e-14,1.975229001387035e-14,1.4509918960768702e-14,1.0532947817036417e-14,7.0802137786142964e-15,4.694031092374925e-15,2.157205559782058e-15
0.2,3e-06,7.8125e-08,0.5,6.566400555700409e-10,6.566399742229038e-10,6.566398928757669e-10,6.566398115286298e-10,6.566397301814928e-10,6.566393776772323e-10,6.566391336358212e-10,6.566388895944101e-10,6.566385913215743e-10,6.566378863130534e-10,6.566371270731078e-10,6.566366118745733e-10,6.566355543617919e-10,6.566346866589969e-10,6.566335749147908e-10,6.566318123934884e-10,6.56629887177912e-10,6.566282602351714e-10,6.56625304622526e-10,6.566224032413053e-10,6.566184714630154e-10,6.566144583375885e-10,6.566099028979147e-10,6.566028528127054e-10,6.565945011733036e-10,6.565840073926266e-10,6.565702868421808e-10,6.565560239774881e-10,6.565394833929584e-10,6.565189567987143e-10,6.564931697562755e-10,6.5645943781012e-10,6.564169746045898e-10,6.563668105367541e-10,6.563040105469663e-10,6.562333741163112e-10,6.561494781023199e-10,6.560541121420075e-10,6.559410667372468e-10,6.558010683144167e-10,6.556326526250504e-10,6.554213398787565e-10,6.551685943240015e-10,6.548567094006251e-10,6.544989446919632e-10,6.540660423443972e-10,6.53542221013343e-10,6.529060864017615e-10,6.521339664927765e-10,6.512191637054396e-10,6.501130866832306e-10,6.48763130944203e-10,6.471471429513721e-10,6.452017261692785e-10,6.428625078968182e-10,6.400664983342172e-10,6.366671370562581e-10,6.32568868292642e-10,6.276340255718003e-10,6.216257802621236e-10,6.143586337754693e-10,6.055116174248256e-10,5.947141136538802e-10,5.814261943984464e-10,5.648828982975982e-10,5.438035231416336e-10,5.162576742530974e-10,4.815122512330672e-10,4.3940149573198633e-10,3.853240611751274e-10,3.075751520565269e-10,2.4363478387035793e-10,1.9199353337329998e-10,1.435373215638371e-10,9.988983729710572e-11,6.912760395750522e-11,4.791481949681002e-11,3.3274124468264917e-11,2.315952991269372e-11,1.6154077165867735e-11,1.127417087823416e-11,7.814097520337696e-12,5.307575302717297e-12,3.9080249258132185e-12,2.9265988332479025e-12,2.212099812993272e-12,1.6876277048427956e-12,1.2937448673392375e-12,9.935197002705747e-13,7.612465083350469e-13,5.799508556055418e-13,4.37918754349612e-13,3.2685279659010667e-13,2.392690457201843e-13,1.777706101248332e-13,1.3058927064691834e-13,9.479653035332777e-14,6.372192400752867e-14,4.224627983137433e-14,1.9414850038038526e-14
0.3,3e-06,1.9562854727689894e-07,0.5,3.859255961198842e-09,3.859255621111569e-09,3.859255281024296e-09,3.859254770893386e-09,3.859254260762477e-09,3.859253920675204e-09,3.859252560326111e-09,3.859251199977019e-09,3.859249329497017e-09,3.859247969147925e-09,3.859245078406103e-09,3.859242527751555e-09,3.859239977097006e-09,3.8592358960497294e-09,3.859229264347904e-09,3.8592246731697166e-09,3.859216851162436e-09,3.859208008893335e-09,3.8591974661878684e-09,3.859181312042396e-09,3.859167538507836e-09,3.859143902442355e-09,3.859120606464148e-09,3.859090508740478e-09,3.859052078878617e-09,3.859006337140385e-09,3.858953623613054e-09,3.858897849300266e-09,3.8588214997074545e-09,3.858731716667356e-09,3.85862696978724e-09,3.858486003612539e-09,3.858340616303288e-09,3.858153738346718e-09,3.857915167124637e-09,3.8576385061279685e-09,3.857309641734879e-09,3.85689592556715e-09,3.8563806933484005e-09,3.8557511918058885e-09,3.854981574306859e-09,3.854026099113078e-09,3.852993764195577e-09,3.851763328441494e-09,3.8502208626143396e-09,3.848413128714165e-09,3.846226707635391e-09,3.843572836599739e-09,3.840409344785344e-09,3.83660087745751e-09,3.832021942412464e-09,3.826484641431815e-09,3.819949184304612e-09,3.812083305765033e-09,3.802608134249136e-09,3.791195995669286e-09,3.777445587043223e-09,3.760896940334074e-09,3.740704938668184e-09,3.7161678119575047e-09,3.686534817546664e-09,3.6507943658418187e-09,3.607527952826861e-09,3.5548667989360943e-09,3.4904479777960056e-09,3.4111011958467372e-09,3.3120370040211925e-09,3.185459751801688e-09,3.0150860605520967e-09,2.7830553969072787e-09,2.4916199888333526e-09,2.062377816825728e-09,1.6264600717343828e-09,1.295452618693207e-09,1.027862599816471e-09,7.778426797736445e-10,5.413075601965894e-10,3.735136009571137e-10,2.578568911641909e-10,1.7811985906903787e-10,1.2312978753206822e-10,8.518557029752164e-11,5.898507673409991e-11,4.0859445339577724e-11,2.825207003841008e-11,1.9366779897708276e-11,1.2833193250507437e-11,9.27486011204025e-12,6.812968342054206e-12,5.0281903328144286e-12,3.700659662260412e-12,2.7062444757098964e-12,1.964514133074234e-12,1.432617637942562e-12,1.0813074848281011e-12,7.946139136030377e-13,5.728770115404738e-13,4.0181311317012157e-13,2.535350620976095e-13,1.3127368741740746e-13
0.4,3e-06,4.0816326530612243e-07,0.5,1.628661095354849e-08,1.628660947331533e-08,1.628660947331533e-08,1.6286605032615856e-08,1.6286602072149543e-08,1.6286598371566646e-08,1.6286597631450068e-08,1.6286597631450068e-08,1.6286593190750594e-08,1.6286580608768754e-08,1.6286572467486385e-08,1.6286565066320594e-08,1.628655470468849e-08,1.628654138259007e-08,1.6286522139559017e-08,1.6286501416294808e-08,1.6286474772097967e-08,1.6286442206968493e-08,1.628639779997376e-08,1.6286344511580075e-08,1.6286298624352184e-08,1.6286214991178767e-08,1.6286125437072718e-08,1.6286015899819037e-08,1.628589156023378e-08,1.6285743536917998e-08,1.628556294847274e-08,1.6285376439094853e-08,1.6285129240157493e-08,1.6284818391194346e-08,1.628444833290489e-08,1.628404274901964e-08,1.6283508384849662e-08,1.628287188459179e-08,1.6282114005214976e-08,1.6281099305385282e-08,1.6279998011915848e-08,1.6278565146219063e-08,1.627686879902018e-08,1.6274695076627895e-08,1.6272102448251944e-08,1.6268965094073908e-08,1.6265373308316416e-08,1.6260974795487903e-08,1.6255691103231e-08,1.6249439338488874e-08,1.6241733984785752e-08,1.6232676438092944e-08,1.6221713091209423e-08,1.6208431699200727e-08,1.6192242389153457e-08,1.6172801006858424e-08,1.6148870077395663e-08,1.612036448735861e-08,1.6086377593938083e-08,1.6045932443249914e-08,1.599677093961182e-08,1.5937023548545448e-08,1.5865120482786918e-08,1.577842174649922e-08,1.5673957251851163e-08,1.5547782917593678e-08,1.53949407027646e-08,1.5209654737582037e-08,1.4983985791503934e-08,1.4708124359393302e-08,1.4367628546445697e-08,1.3941929032699817e-08,1.3396172248221213e-08,1.2657159923238255e-08,1.151014353179478e-08,9.869124487886753e-09,7.707803488998872e-09,6.112782690470643e-09,4.90462748879243e-09,3.935298285615758e-09,3.0690947061958814e-09,2.167536497917638e-09,1.4939638006095124e-09,1.02970791368486e-09,7.096696630951486e-10,4.890083457900098e-10,3.369395527858989e-10,2.3205467192101332e-10,1.5970975656486763e-10,1.097489270215393e-10,7.51692002212995e-11,5.114797653591396e-11,3.409865102394264e-11,2.228342995808441e-11,1.5802969193072218e-11,1.12482917664065e-11,8.10131607284416e-12,6.063035014502043e-12,4.516191364561946e-12,3.222467584612047e-12,2.3224858246469007e-12,1.5779285462546818e-12,9.103433920700088e-13,5.743304652409162e-13
0.5,3e-06,8.000000000000001e-07,0.5,6.150397725422863e-08,6.150396588134294e-08,6.150396019490009e-08,6.150395450845725e-08,6.150394313557156e-08,6.150394029235014e-08,6.150394029235014e-08,6.150393176268588e-08,6.150389195758596e-08,6.15038692118146e-08,6.15038436228218e-08,6.150377254228624e-08,6.150373842362918e-08,6.150370430497211e-08,6.150364744054367e-08,6.150357636000812e-08,6.150344841504413e-08,6.150331762685873e-08,6.150320674122327e-08,6.150303614793793e-08,6.150283712243841e-08,6.150253005452483e-08,6.15022286730541e-08,6.150188748648345e-08,6.150151218125574e-08,6.150096628274272e-08,6.15003947952369e-08,6.149972663820272e-08,6.149886229889043e-08,6.149771648065734e-08,6.149655360309575e-08,6.1494958555878e-08,6.149326399591047e-08,6.149112589340111e-08,6.148845326526441e-08,6.14855076878712e-08,6.148191669921521e-08,6.147735048561144e-08,6.147155315713196e-08,6.146462138330508e-08,6.14564499649382e-08,6.144633093989724e-08,6.143434391838202e-08,6.141949377289483e-08,6.140151039740057e-08,6.137855707086064e-08,6.135130195030918e-08,6.131696720841691e-08,6.127387818776624e-08,6.122048248946078e-08,6.115583047754554e-08,6.108186975869463e-08,6.09957315224932e-08,6.089383046672813e-08,6.077014464842757e-08,6.061720492491587e-08,6.043441421969442e-08,6.021374327546746e-08,5.994864983974289e-08,5.962943852747167e-08,5.924426163498824e-08,5.877816381761279e-08,5.821541068799589e-08,5.753189172847883e-08,5.670119909849393e-08,5.5684619495159e-08,5.443254723432414e-08,5.287056099526804e-08,5.087815652446138e-08,4.8225462213155535e-08,4.3993995283518006e-08,3.530328811290378e-08,2.7429628952670193e-08,2.174134938759838e-08,1.7513860124730256e-08,1.423401940504168e-08,1.151140743574703e-08,8.919543846765233e-09,6.2378003421906484e-09,4.297051518179184e-09,2.959384076434505e-09,2.037264818403239e-09,1.4015716864259247e-09,9.637895111923415e-10,6.618564555027111e-10,4.5382363049660086e-10,3.1042291485577187e-10,2.1148449581243839e-10,1.430765883987191e-10,9.55834177653539e-11,6.197085411427372e-11,3.9554896423094874e-11,2.8636926162551146e-11,2.1108075837051203e-11,1.4887107365678894e-11,1.0787182075130963e-11,7.494731668435745e-12,4.697001789171416e-12,3.207153764034719e-12,1.6376955390815587e-12
0.6,3e-06,1.5820312499999997e-06,0.5,2.3811338975591922e-07,2.3811338975591922e-07,2.3811334526770094e-07,2.3811332302359182e-07,2.3811332302359182e-07,2.3811327853537354e-07,2.3811314507071873e-07,2.3811310058250046e-07,2.3811307833839133e-07,2.381128558973e-07,2.381127224326452e-07,2.381126112120995e-07,2.381124110151173e-07,2.3811201062115286e-07,2.381117659359524e-07,2.3811123207733316e-07,2.381108539274779e-07,2.3811020884831297e-07,2.3810940806038413e-07,2.3810854054012787e-07,2.3810738384645288e-07,2.3810644959386924e-07,2.381051594355394e-07,2.381034688832452e-07,2.381014001810957e-07,2.3809924250250963e-07,2.3809561671272065e-07,2.3809185745827693e-07,2.38087742298087e-07,2.3808191434149375e-07,2.380760863849005e-07,2.380694131521601e-07,2.380605711187791e-07,2.3804959365092115e-07,2.380347790742375e-07,2.380178735512952e-07,2.379989660585308e-07,2.379753205705207e-07,2.3794571366126255e-07,2.379124253519426e-07,2.378713293603164e-07,2.3782060166943492e-07,2.3776174375666475e-07,2.3769017333552415e-07,2.3760576806341285e-07,2.3750447951246843e-07,2.37382370475374e-07,2.3723849557749133e-07,2.370648803056957e-07,2.3685314975289794e-07,2.3658817792488645e-07,2.3626318036837526e-07,2.358679470372715e-07,2.3539231237370073e-07,2.3482455373214898e-07,2.341471872428364e-07,2.3333261908838157e-07,2.3235252139580155e-07,2.3117002455420572e-07,2.2974511141126092e-07,2.2802101500045563e-07,2.2593789866821772e-07,2.234105229883434e-07,2.2033637598388582e-07,2.1658096977101713e-07,2.119629370059083e-07,2.0621890743640554e-07,1.9893091425186954e-07,1.8936380076745604e-07,1.7570595112496958e-07,1.4296142129693137e-07,1.0935231855710371e-07,8.55072452778037e-08,6.82926404390752e-08,5.55297046732378e-08,4.5682237559346245e-08,3.762544347489988e-08,3.040709659606434e-08,2.2541446141411667e-08,1.5524920064754437e-08,1.0689873770928347e-08,7.356015670269637e-09,5.059889748958722e-09,3.4763538637750175e-09,2.385057869631083e-09,1.634007768810133e-09,1.1153863643367162e-09,7.591024683276784e-10,5.135052593724566e-10,3.4436105351288723e-10,2.2893637121339936e-10,1.526168327725547e-10,9.567191338795478e-11,6.702150082257795e-11,4.758014943892938e-11,3.2609863991337296e-11,2.2377573789417e-11,1.5170482429803574e-11,7.740949978844053e-12,2.001969822114841e-13
0.7,3e-06,3.3910034602050003e-06,0.5,1.0874612600303223e-06,1.0874611578241688e-06,1.0874611578241688e-06,1.087460851205708e-06,1.0874607489995547e-06,1.087460442381094e-06,1.0874599313503262e-06,1.087459318113405e-06,1.0874582960518696e-06,1.0874579894334091e-06,1.0874569673718735e-06,1.0874559453103382e-06,1.0874543100118816e-06,1.0874521636826573e-06,1.0874509372088148e-06,1.0874474621995944e-06,1.0874442938088345e-06,1.0874410232119215e-06,1.0874367305534727e-06,1.0874301893596463e-06,1.0874243636088944e-06,1.0874170047658394e-06,1.0874073973874066e-06,1.0873933951443717e-06,1.0873784730459548e-06,1.0873638575659987e-06,1.0873458692829757e-06,1.087322668486122e-06,1.0872950728246663e-06,1.087259300670927e-06,1.087219133652586e-06,1.0871711989665758e-06,1.0871125326344438e-06,1.0870362868439028e-06,1.0869468564595555e-06,1.0868384157306494e-06,1.0867124977494882e-06,1.086561028229942e-06,1.0863735821443494e-06,1.0861451002881108e-06,1.0858805396596725e-06,1.0855658980159996e-06,1.0851959117401847e-06,1.0847589293307246e-06,1.08425224232455e-06,1.0836398230525383e-06,1.0829077203747313e-06,1.0819912888990146e-06,1.0807966522733623e-06,1.0792521639841424e-06,1.0773737170882307e-06,1.0751610049671662e-06,1.072574320530299e-06,1.0694980175148984e-06,1.0658079154444132e-06,1.0613644518161847e-06,1.0560056298768518e-06,1.0495381266869938e-06,1.0417261526503937e-06,1.032262067244896e-06,1.0207995960223075e-06,1.0068430902410358e-06,9.897686324367958e-07,9.687340950074948e-07,9.424728881953881e-07,9.090932783046038e-07,8.649523314045155e-07,8.01052022149768e-07,6.921914814681554e-07,5.707559555826713e-07,4.3545284326949527e-07,3.380163953998169e-07,2.685506544663554e-07,2.1805437562991914e-07,1.8026865846002517e-07,1.507871912652567e-07,1.2640254053522132e-07,1.0450814273618819e-07,8.134546877787711e-08,5.662363994731322e-08,3.898531079399304e-08,2.6828808685791117e-08,1.8443509230908353e-08,1.2664466691295759e-08,8.68466127860144e-09,5.9419591483553645e-09,4.051962957093562e-09,2.7498565609938776e-09,1.85197550214492e-09,1.2451775685779005e-09,8.448360651616946e-10,5.692882752178368e-10,3.726436358068641e-10,2.2986163931147485e-10,1.5565997184143006e-10,1.0823631659886699e-10,6.602517518684427e-11,2.3814033774821542e-11,0.0,0.0
0.8,3e-06,8.888888888886e-06,0.5,7.4468268456034105e-06,7.446823335468256e-06,7.446821229387165e-06,7.446820527360134e-06,7.44681771925201e-06,7.446809996954672e-06,7.446801572630303e-06,7.446793850332964e-06,7.446786830062657e-06,7.446781213846411e-06,7.4467671733057965e-06,7.446753132765181e-06,7.4467313699272275e-06,7.446712415197397e-06,7.446682228035075e-06,7.446654848980876e-06,7.446616939521215e-06,7.446573413845308e-06,7.446522867899095e-06,7.446461089520389e-06,7.446382462492944e-06,7.446283827695123e-06,7.446171503370203e-06,7.446038118234359e-06,7.445878407084864e-06,7.445681488502736e-06,7.44545964796102e-06,7.445169008770287e-06,7.4448120280251495e-06,7.444427317212297e-06,7.443943620588108e-06,7.443350407747122e-06,7.442597834770155e-06,7.441703452332976e-06,7.4406742807058915e-06,7.439434851983098e-06,7.438004822921455e-06,7.436203421560542e-06,7.434105413779138e-06,7.4315247624140904e-06,7.4285235968576214e-06,7.424935185689928e-06,7.4202572285705065e-06,7.414327557255252e-06,7.406545938632871e-06,7.396401999052008e-06,7.383611768578721e-06,7.367807736062413e-06,7.349969931238013e-06,7.328585836867765e-06,7.304001903291345e-06,7.274478156513034e-06,7.238909956999939e-06,7.196207056773303e-06,7.144444848728317e-06,7.081887571031443e-06,7.005898761168691e-06,6.91353341574605e-06,6.800440020213401e-06,6.6610507981898405e-06,6.4872320644970675e-06,6.266407355892658e-06,5.977058841857007e-06,5.576500821825731e-06,4.988515274110538e-06,4.384996325299391e-06,3.814244488148635e-06,3.265231971045688e-06,2.711435139728159e-06,2.089729829671844e-06,1.6223995616510548e-06,1.290961719013646e-06,1.0520643775430503e-06,8.756527070121912e-07,7.407968245397177e-07,6.326671111280062e-07,5.40523957260599e-07,4.554319628900739e-07,3.6605058336164863e-07,2.581406044105627e-07,1.7762582628054624e-07,1.2222606517571388e-07,8.397717544568964e-08,5.7615007400373054e-08,3.947954311493404e-08,2.69413403456877e-08,1.834852948927251e-08,1.2440972025487072e-08,8.474519301733328e-09,5.722924354697436e-09,3.839385831187472e-09,2.4686780536424844e-09,1.59219730574752e-09,9.343979779320765e-10,4.973861512884119e-10,1.144304060127186e-10,0.0,0.0,0.0,0.0
0.9,3e-06,4.0387811634348e-05,0.5,0.00015347657246512524,0.00015347647100897587,0.00015347631157788404,0.0001534760941718497,0.00015347594923449347,0.00015347565935978103,0.00015347541296627544,0.0001534749491667355,0.00015347454334213812,0.0001534740215676557,0.00015347345631196643,0.00015347270263771405,0.0001534720069384042,0.00015347096338943938,0.00015346981838432522,0.00015346807913605055,0.00015346628191283335,0.0001534638904464557,0.0001534609916993312,0.00015345799874292519,0.00015345383904080158,0.00015344900537997153,0.00015344299772655608,0.00015343591028983672,0.00015342761987306077,0.00015341753947993543,0.00015340582854155257,0.00015339050866299974,0.00015337273209625892,0.00015335083206173357,0.00015332507669353266,0.00015329205996378496,0.00015325158620705957,0.00015320098132913415,0.00015313802054159068,0.00015305690635018023,0.00015295119628941866,0.00015280533858098318,0.00015261356471809614,0.00015236047510665873,0.00015203285145978343,0.00015161090258147792,0.0001510713660260683,0.00015045059208249547,0.0001497358262634117,0.00014889089220470366,0.0001478701563797644,0.0001466879530931244,0.00014524855122099805,0.0001435074622418926,0.00014139281172085682,0.00013880744090114636,0.0001356032238047008,0.0001315742986576082,0.00012642997185135894,0.00011965367215463709,0.00011034678071198942,9.894034846769225e-05,8.844543450355218e-05,7.886695219594519e-05,7.016271752734243e-05,6.22633997133944e-05,5.5087884562690676e-05,4.856208009872981e-05,4.259282058893137e-05,3.708076596933981e-05,3.1894182676883626e-05,2.678624239391429e-05,2.1238040397680598e-05,1.653925827133006e-05,1.322668600737185e-05,1.0854836900849758e-05,9.117023505994962e-06,7.802557634933244e-06,6.764675720752736e-06,5.899233026139079e-06,5.130383832580539e-06,4.389007514894156e-06,3.5931782324746218e-06,2.5561224612245874e-06,1.7538941945277877e-06,1.2030090441258853e-06,8.240703262796735e-07,5.637266001633003e-07,3.8450431232519226e-07,2.6161192798332846e-07,1.7665689663295287e-07,1.1819641400022403e-07,7.694724241902996e-08,4.54596017794853e-08,2.1762344036951118e-08,4.087233445501309e-09,0.0,0.0,0.0,0.0,0.0,0.0,0.0,0.0
1.0,3e-06,4.0387811634348e-05,0.5,0.00015347632607161965,0.0001534762318623381,0.00015347598546883254,0.00015347581154400507,0.00015347560138483852,0.00015347527527578703,0.00015347491293239647,0.0001534744781203278,0.00015347386938343167,0.00015347328963400677,0.00015347269539084626,0.0001534720069384042,0.00015347086193329002,0.00015346952850961277,0.00015346804290171148,0.00015346614422234495,0.0001534638904464557,0.00015346145549887112,0.00015345828137076984,0.0001534538462876694,0.00015344902712057497,0.0001534426281362977,0.00015343543199656121,0.00015342684445820496,0.00015341690175556803,0.00015340402407146758,0.00015338990717297143,0.00015337263064010959,0.00015335084655546919,0.00015332468536267087,0.00015329290784731885,0.00015325532559085013,0.00015320793107536507,0.00015314992714540444,0.00015307798748864294,0.00015298951772640414,0.00015287997407257046,0.0001527405588296191,0.0001525727576054514,0.00015236163460550852,0.000152108972559272,0.0001517920597830216,0.00015139084419352384,0.00015092152978720452,0.00015037721754590733,0.00014971858596488893,0.00014893381540274925,0.00014799479525924876,0.00014683658635193154,0.0001454318824828851,0.00014370491040227582,0.00014158500590207696,0.00013893491330594488,0.00013554295885198308,0.00013109810697373603,0.00012508994627752722,0.00011685473614053136,0.0001060740999192002,9.519727602141132e-05,8.519504761228164e-05,7.543442977597645e-05,6.706960216130996e-05,5.979824718380347e-05,5.336034722639212e-05,4.763751745651261e-05,4.252569285239648e-05,3.789845180507784e-05,3.370193559298405e-05,2.9943086715478213e-05,2.6633623357810998e-05,2.370094639825007e-05,2.110134997702626e-05,1.877914916187851e-05,1.664827290381353e-05,1.4765935224200518e-05,1.312717926545664e-05,1.1669015252567182e-05,1.0364571799688313e-05,9.205225134124743e-06,8.17830773094254e-06,7.38776141515735e-06,6.773814021062624e-06,6.261460466812726e-06,5.806589068041049e-06,5.37927750755526e-06,4.9753370957605035e-06,4.590571896194109e-06,4.226257357590843e-06,3.894821858246868e-06,3.584213856992201e-06,3.2876575324233987e-06,3.0070370701713647e-06,2.77573154337436e-06,2.581348808075279e-06,2.3979885587169913e-06,2.216483507518364e-06,3.0578883416023623e-07,1.7869326648789234e-07,5.419207749194821e-08,0.0
1/0.9,3e-06,4.0387811634348e-05,0.5,0.00015347652898391837,0.00015347639854029776,0.00015347626809667715,0.00015347612315932095,0.00015347593474075786,0.00015347567385351666,0.0001534752680289192,0.00015347484771058618,0.00015347444188598875,0.00015347399258018447,0.00015347319542472523,0.00015347231130685227,0.00015347151415139303,0.00015347017348084797,0.00015346879657596383,0.0001534671442901029,0.00015346523836386856,0.00015346291936616898,0.00015346030324688915,0.00015345697693456382,0.0001534526867888196,0.0001534476284750874,0.00015344190344951657,0.00015343475803785477,0.0001534260835370848,0.00015341595241588477,0.0001534031327067268,0.00015338794327179458,0.00015336970290551387,0.0001533481797081147,0.0001533219895278451,0.00015328920469786738,0.00015324928170309563,0.00015319916236531354,0.00015313728136107395,0.00015305818904578282,0.00015295351528711823,0.00015281191149008793,0.0001526223044406764,0.00015237054100604845,0.00015204024326495084,0.00015160814877170968,0.00015106822813230607,0.00015045663597024997,0.00014974104400823575,0.0001488936387676041,0.00014787467117841077,0.00014668585150145915,0.00014524999334769248,0.00014350956383355783,0.00014139671778260707,0.00013879933165606564,0.00013559801330674458,0.00013157279855597126,0.00012643758106256067,0.00011964743984831948,0.00011035200570368126,9.895202317173604e-05,8.843396995867491e-05,7.887114813240787e-05,7.016151454728577e-05,6.226431281873862e-05,5.5089391911195405e-05,4.8563290325654274e-05,4.2592487233012056e-05,3.708527352111836e-05,3.190086428900553e-05,2.6810055601541802e-05,2.1193356210756907e-05,1.650927073232743e-05,1.320424970462846e-05,1.083544428258706e-05,9.099558554570037e-06,7.785549236180422e-06,6.746884660276308e-06,5.8797461985948355e-06,5.1059473943212655e-06,4.357172024599675e-06,3.5117379320126646e-06,2.5784065797439427e-06,1.7704315468728837e-06,1.2143141579113142e-06,8.326288771646683e-07,5.688283951023657e-07,3.8781613091489816e-07,2.6501795585457955e-07,1.7846861358574597e-07,1.1943562839593453e-07,7.809224753319523e-08,4.6017610600945594e-08,2.2204402973432644e-08,4.37710815794821e-09,0.0,0.0,0.0,0.0,0.0,0.0,0.0,0.0
1/0.8,3e-06,8.888888888886e-06,0.5,7.4468268456034105e-06,7.44682614357638e-06,7.446821931414195e-06,7.446820527360134e-06,7.4468163151979495e-06,7.446810698981703e-06,7.446805784792488e-06,7.4468008706032725e-06,7.44678963817078e-06,7.446782617900473e-06,7.446769279386889e-06,7.446744708440812e-06,7.446726455738012e-06,7.446701182764906e-06,7.446678717899921e-06,7.446647828710569e-06,7.4466120253319995e-06,7.446564287493909e-06,7.446498998980049e-06,7.446441432763527e-06,7.446356487492805e-06,7.44626206485717e-06,7.446130083775388e-06,7.445995294585483e-06,7.445826808098102e-06,7.445621816205123e-06,7.445378914852482e-06,7.445095295932058e-06,7.444756216876205e-06,7.444356061468676e-06,7.4438190107901495e-06,7.4432170226112786e-06,7.442512889499434e-06,7.441664138819254e-06,7.440643391516539e-06,7.439425023604667e-06,7.437880213123496e-06,7.436091448249137e-06,7.43396781648111e-06,7.431418054305416e-06,7.428396178951539e-06,7.42486744008146e-06,7.420308827557267e-06,7.414289296782076e-06,7.406430806199829e-06,7.396364440605863e-06,7.3836612614843895e-06,7.3677659654540834e-06,7.349931319751322e-06,7.328596718286742e-06,7.303996287075099e-06,7.27446552002648e-06,7.238852039769903e-06,7.196203546638149e-06,7.144390792646949e-06,7.08189775042339e-06,7.00591701387149e-06,6.913565006962435e-06,6.800482843862276e-06,6.661106960352301e-06,6.487173796253515e-06,6.266291170419069e-06,5.977012157059462e-06,5.576440096487572e-06,4.9888013501255705e-06,4.384828891852557e-06,3.814290821932665e-06,3.265281814964871e-06,2.7116274951345854e-06,2.0893423107508685e-06,1.622126473136092e-06,1.2907458457016895e-06,1.0518207741633791e-06,8.754378867407807e-07,7.405707718358154e-07,6.324586090998726e-07,5.402382322590827e-07,4.5504935815831357e-07,3.650056161263729e-07,2.583912280605415e-07,1.7782098979509553e-07,1.223587482845262e-07,8.406141868938e-08,5.7680295914233076e-08,3.951078331780254e-08,2.697573967019459e-08,1.8368186246133592e-08,1.2456416620163634e-08,8.485049707194622e-09,5.729944625004965e-09,3.845353060948872e-09,2.4721881887962486e-09,1.5971114949627903e-09,9.354510184782057e-10,4.987902053499175e-10,1.144304060127186e-10,0.0,0.0,0.0,0.0
1/0.7,3e-06,3.3910034602050003e-06,0.5,1.0874611578241688e-06,1.0874610556180152e-06,1.087460851205708e-06,1.087460442381094e-06,1.0874600335564798e-06,1.0874595225257121e-06,1.0874591137010978e-06,1.0874586026703302e-06,1.0874578872272555e-06,1.0874571717841807e-06,1.087455536485724e-06,1.087454207805728e-06,1.0874527769195783e-06,1.0874505283842005e-06,1.0874482798488226e-06,1.0874462357257519e-06,1.087442658510378e-06,1.0874394901196183e-06,1.0874345842242484e-06,1.0874310070088745e-06,1.0874240569904337e-06,1.0874155738796899e-06,1.0874065286351016e-06,1.0873948260305212e-06,1.0873812837151772e-06,1.0873639086690755e-06,1.0873459203860523e-06,1.0873202666415137e-06,1.0872933864231329e-06,1.0872575120632403e-06,1.0872134612110645e-06,1.0871618982066036e-06,1.0871029763590877e-06,1.0870274971146985e-06,1.0869403663688056e-06,1.0868304947537503e-06,1.0866933340956993e-06,1.0865322571977203e-06,1.0863316265183213e-06,1.0860999251682463e-06,1.0858280056967529e-06,1.0855145905269225e-06,1.0851387273972792e-06,1.0847100236862555e-06,1.0842180032631142e-06,1.0836395675371544e-06,1.0829318410269666e-06,1.0820269077435233e-06,1.0808261898517354e-06,1.0792732184517716e-06,1.0773697821513194e-06,1.0751568145148712e-06,1.0725816282702772e-06,1.0694982219272056e-06,1.0658061268367263e-06,1.0613660360115645e-06,1.0560114045245268e-06,1.0495370535223814e-06,1.0417258971350098e-06,1.032269221675644e-06,1.0207983695484652e-06,1.0068451343641067e-06,9.897640331598867e-07,9.687318975751937e-07,9.424802981415198e-07,9.090830576892498e-07,8.64941548655317e-07,8.010758361835428e-07,6.921963873635253e-07,5.708045035056029e-07,4.3543878992338353e-07,3.380067880213842e-07,2.6854074046946206e-07,2.1803991345919322e-07,1.802522032693052e-07,1.5077502873298546e-07,1.2638915152910757e-07,1.0448606620702354e-07,8.127995463345795e-08,5.664009513803316e-08,3.899563361550058e-08,2.6834021199621655e-08,1.844759747704995e-08,1.26666130205201e-08,8.687012020132862e-09,5.9431856221978445e-09,4.053496049396662e-09,2.750776416375738e-09,1.85228212060554e-09,1.2456885993456005e-09,8.451426836223147e-10,5.693904813713767e-10,3.7295025426748415e-10,2.2996384546501485e-10,1.5565997184143006e-10,1.08338522752407e-10,6.602517518684427e-11,2.3814033774821542e-11,0.0,0.0
1/0.6,3e-06,1.5820312499999997e-06,0.5,2.3811332302359182e-07,2.38113267413319e-07,2.3811324516920984e-07,2.381132229251007e-07,2.3811317843688244e-07,2.381131561927733e-07,2.3811306721633676e-07,2.3811300048400935e-07,2.3811291150757285e-07,2.3811281140908175e-07,2.3811263345620866e-07,2.3811238877100815e-07,2.381122108181351e-07,2.3811205510937114e-07,2.3811181042417068e-07,2.381114322743154e-07,2.3811087617158702e-07,2.3811038680118605e-07,2.381097639661303e-07,2.381089409340923e-07,2.3810773975219904e-07,2.3810658305852405e-07,2.381052039237577e-07,2.3810362459200915e-07,2.3810104427534952e-07,2.3809841947047164e-07,2.3809590588613942e-07,2.3809212438758654e-07,2.380867635572851e-07,2.3808133599465623e-07,2.3807517437642596e-07,2.380678894306844e-07,2.3805895842086683e-07,2.3804796983095434e-07,2.38034278581782e-07,2.3801784018513153e-07,2.3799864351894833e-07,2.3797404153424546e-07,2.3794548009811662e-07,2.3790962259419162e-07,2.378677591808003e-07,2.3781769881319285e-07,2.3775789552578447e-07,2.3768812687748377e-07,2.3760217563978763e-07,2.3750010854502348e-07,2.3737730994054587e-07,2.372337130940274e-07,2.370630785328558e-07,2.3685304965440683e-07,2.3658971276841677e-07,2.3626849671045845e-07,2.3587198434307945e-07,2.3539311316162956e-07,2.3482671141073504e-07,2.341484106688388e-07,2.3333370904972917e-07,2.3235291066771142e-07,2.3117154827568146e-07,2.297441994027864e-07,2.280201029919811e-07,2.2593764286096266e-07,2.2340939966083213e-07,2.2033603120019425e-07,2.16581692704564e-07,2.119640269672559e-07,2.0621787308533078e-07,1.9893169279568924e-07,1.8936507980373124e-07,1.7570676303495301e-07,1.4295897444492654e-07,1.0935012751235396e-07,8.550693386027581e-08,6.829061622514396e-08,5.5528125341489243e-08,4.5680947401016437e-08,3.7625265522026805e-08,3.040304816820184e-08,2.254407094628955e-08,1.5526632861157803e-08,1.069056333831152e-08,7.357305828599444e-09,5.060223410595741e-09,3.4769766988307867e-09,2.3852135783950253e-09,1.6342302099014794e-09,1.11545309666412e-09,7.592359329824861e-10,5.135497475907259e-10,3.4436105351288723e-10,2.28958615322534e-10,1.526613209908239e-10,9.56941574970894e-11,6.702150082257795e-11,4.758014943892938e-11,3.2587619882202686e-11,2.2377573789417e-11,1.5170482429803574e-11,7.740949978844053e-12,2.001969822114841e-13
1/0.5,3e-06,8.000000000000001e-07,0.5,6.150394882201442e-08,6.150394882201442e-08,6.150394882201442e-08,6.150393176268588e-08,6.150392607624304e-08,6.150391470335734e-08,6.150389764402881e-08,6.150389195758596e-08,6.150387489825744e-08,6.150383509315753e-08,6.150381234738616e-08,6.150377822872909e-08,6.150374979651487e-08,6.150370430497211e-08,6.150365312698652e-08,6.150359626255808e-08,6.150349959302974e-08,6.15033915506157e-08,6.150323801665891e-08,6.150308448270213e-08,6.15029138894168e-08,6.150266652915307e-08,6.150239073667514e-08,6.150213484674717e-08,6.150167708809821e-08,6.150125629132776e-08,6.150068764704337e-08,6.14999427230308e-08,6.149914093458978e-08,6.149819129863482e-08,6.149695449731625e-08,6.149546180606969e-08,6.14936307714739e-08,6.149152963084304e-08,6.148895935867754e-08,6.14858289718919e-08,6.148200483907929e-08,6.147733911272575e-08,6.147137403418236e-08,6.146474932826907e-08,6.145656369379509e-08,6.144622858392605e-08,6.143415626576817e-08,6.141970132805864e-08,6.140186011363548e-08,6.137993319002888e-08,6.13519103996935e-08,6.131718613646641e-08,6.127472831097143e-08,6.122066161241037e-08,6.115642471082274e-08,6.108150866957403e-08,6.099644232784872e-08,6.089415175074883e-08,6.077053132654097e-08,6.061748640383665e-08,6.043437441459452e-08,6.021374896191029e-08,5.994868395839996e-08,5.962950960800722e-08,5.9244182024788415e-08,5.8778274703248244e-08,5.821560971349543e-08,5.7532403508334794e-08,5.6701088212858474e-08,5.5684508609523546e-08,5.443228281473189e-08,5.287011176628336e-08,5.0878236134661195e-08,4.82253541707415e-08,4.399479138551617e-08,3.5303268210353824e-08,2.743011798675478e-08,2.1740465145736132e-08,1.7513669628894978e-08,1.4233791947327918e-08,1.1511066249176388e-08,8.918560092153217e-09,6.238073291447162e-09,4.297176619921753e-09,2.959526237505606e-09,2.0373728608172754e-09,1.401634237297209e-09,9.638236298494057e-10,6.61839396174179e-10,4.5381225761091275e-10,3.1046271995568013e-10,2.1149586869812646e-10,1.430765883987191e-10,9.55834177653539e-11,6.198222699996177e-11,3.9560582865938907e-11,2.8636926162551146e-11,2.111376227989524e-11,1.4887107365678894e-11,1.0787182075130963e-11,7.494731668435745e-12,4.697001789171416e-12,3.207153764034719e-12,1.6376955390815587e-12
1/0.4,3e-06,4.0816326530612243e-07,0.5,1.6286615394247963e-08,1.6286613914014805e-08,1.6286613914014805e-08,1.628660947331533e-08,1.6286606512849014e-08,1.6286605032615856e-08,1.6286600591916385e-08,1.6286593190750594e-08,1.6286587269817964e-08,1.6286579868652173e-08,1.628657394771954e-08,1.628655470468849e-08,1.6286544343056386e-08,1.6286531020957966e-08,1.6286507337227438e-08,1.6286480693030597e-08,1.628645404883376e-08,1.6286425924403757e-08,1.6286366715077445e-08,1.6286326748782183e-08,1.628626161852324e-08,1.6286199448730608e-08,1.628611063474114e-08,1.6286005538186933e-08,1.628589156023378e-08,1.6285778322397204e-08,1.6285605135117737e-08,1.62853853204938e-08,1.6285135901206703e-08,1.6284819131310927e-08,1.628445351372094e-08,1.6283975398410957e-08,1.6283478040069924e-08,1.6282855602027054e-08,1.6282074779036296e-08,1.6281164435644227e-08,1.6279986170050586e-08,1.6278611033446957e-08,1.6276887301934653e-08,1.6274752805721055e-08,1.627217349944352e-08,1.6269063529578904e-08,1.626548580603641e-08,1.6261074711226057e-08,1.6255833205614154e-08,1.6249512610030187e-08,1.624179023364575e-08,1.6232910314931884e-08,1.622209203089783e-08,1.6208940899407023e-08,1.6192875928945012e-08,1.6173202150044197e-08,1.6149088411786447e-08,1.611996704475573e-08,1.608612891476757e-08,1.6045959827563333e-08,1.59970173984326e-08,1.593722930095439e-08,1.586515378803297e-08,1.5778496498273692e-08,1.5673966873366686e-08,1.554777551642789e-08,1.5395029516754068e-08,1.5209636974784142e-08,1.4983991712436564e-08,1.4708062189600672e-08,1.4367673693557011e-08,1.3941846139642977e-08,1.3396234418013843e-08,1.2657095533095888e-08,1.1510250848698722e-08,9.869995605100138e-09,7.707701352910983e-09,6.11273606312617e-09,4.904637110307956e-09,3.93527682223497e-09,3.0690340166364105e-09,2.167594227010794e-09,1.493994885505827e-09,1.0297093939180176e-09,7.09674103794622e-10,4.890290690542196e-10,3.369439934853724e-10,2.3205763238732903e-10,1.597082763317098e-10,1.0975188748785496e-10,7.517068045445732e-11,5.115241723538747e-11,3.410013125710048e-11,2.228342995808441e-11,1.5802969193072218e-11,1.12482917664065e-11,8.10131607284416e-12,6.063035014502043e-12,4.516191364561946e-12,3.222467584612047e-12,2.3224858246469007e-12,1.5779285462546818e-12,9.103433920700088e-13,5.743304652409162e-13
1/0.3,3e-06,1.956285472768989e-07,0.5,3.859255281024296e-09,3.859254770893386e-09,3.859253750631567e-09,3.859253580587931e-09,3.859253410544294e-09,3.8592520501952015e-09,3.859250859889746e-09,3.859249329497017e-09,3.859247629060652e-09,3.859243207926101e-09,3.85923878679155e-09,3.859236746267912e-09,3.859233855526091e-09,3.85922994452245e-09,3.8592245031260806e-09,3.8592197419042565e-09,3.8592122599842485e-09,3.859204097889694e-09,3.8591898142242244e-09,3.859177741126029e-09,3.859163627504195e-09,3.859143902442355e-09,3.859114995024142e-09,3.859087107867747e-09,3.859050378442252e-09,3.859004806747656e-09,3.858951923176689e-09,3.8588901973366205e-09,3.858819969314726e-09,3.858731716667356e-09,3.858631731009063e-09,3.8585055586307425e-09,3.858354729925122e-09,3.858166831706733e-09,3.857934892186477e-09,3.857663162455269e-09,3.8572973985930476e-09,3.856888783734415e-09,3.85636640968293e-09,3.85571905355858e-09,3.85493022112862e-09,3.85402405858944e-09,3.853009578253776e-09,3.851755846521485e-09,3.850245008810729e-09,3.84840989788507e-09,3.846218545540837e-09,3.8435862700470266e-09,3.840416146530806e-09,3.836609039552065e-09,3.831998816477892e-09,3.826474438813622e-09,3.819957856530076e-09,3.812078034412301e-09,3.802612215296414e-09,3.7911744001274446e-09,3.777479595770532e-09,3.7609241473159225e-09,3.740714631155468e-09,3.7161523379865786e-09,3.6865035295175385e-09,3.6507998072381883e-09,3.6075238717795836e-09,3.554846903830618e-09,3.490450528450554e-09,3.411094564144912e-09,3.3120407449811965e-09,3.185453800274409e-09,3.015066335490257e-09,2.7830843043254924e-09,2.4916529772988436e-09,2.062350269756607e-09,1.626469424134393e-09,1.2954648618350387e-09,1.0278734826092102e-09,7.778464207336488e-10,5.413116412438666e-10,3.735129207825675e-10,2.5785876164419294e-10,1.7812019915631097e-10,1.2313165801207028e-10,8.518931125752575e-11,5.898660712682888e-11,4.086080568867014e-11,2.8252580169319735e-11,1.9366439810435174e-11,1.2833533337780539e-11,9.27486011204025e-12,6.812628254781105e-12,5.0281903328144286e-12,3.700829705896964e-12,2.7062444757098964e-12,1.964514133074234e-12,1.432617637942562e-12,1.0813074848281011e-12,7.946139136030377e-13,5.730470551770249e-13,4.0181311317012157e-13,2.535350620976095e-13,1.3127368741740746e-13
1/0.2,3e-06,7.812500000000003e-08,0.5,6.566400826857533e-10,6.566399742229038e-10,6.566398386443422e-10,6.56639675950068e-10,6.566394047929447e-10,6.566392420986706e-10,6.566388082472731e-10,6.566385913215743e-10,6.566381574701769e-10,6.566375338087929e-10,6.566367745688473e-10,6.566362864860251e-10,6.566353103203808e-10,6.566343070390241e-10,6.566329783691192e-10,6.566318395092008e-10,6.566297787150626e-10,6.566272298381024e-10,6.566246267297174e-10,6.566216982327842e-10,6.566173326030969e-10,6.566119908077652e-10,6.566066490124336e-10,6.56600683555718e-10,6.565924946105902e-10,6.565823262184613e-10,6.565697445279339e-10,6.565542343404733e-10,6.565369887474228e-10,6.565132082676974e-10,6.564851163897094e-10,6.564513573278415e-10,6.564092466265719e-10,6.563575098474203e-10,6.562956046761397e-10,6.562304998508027e-10,6.561519998635679e-10,6.560546544562544e-10,6.559424496385763e-10,6.558042679684732e-10,6.556330051293109e-10,6.554219635401404e-10,6.551659369841919e-10,6.548603700217915e-10,6.545023341560061e-10,6.540703537426599e-10,6.535386146236012e-10,6.529027240534309e-10,6.521347257327222e-10,6.512196789039741e-10,6.501073110365014e-10,6.487589008930773e-10,6.471410961475195e-10,6.451887106273535e-10,6.428455063451787e-10,6.400591770918845e-10,6.366816168466497e-10,6.325839446287051e-10,6.276376590772543e-10,6.216272173948778e-10,6.143586608911815e-10,6.055099362506604e-10,5.947149813566751e-10,5.814244047614317e-10,5.648798884535281e-10,5.437992388590834e-10,5.162562371203432e-10,4.815103531332031e-10,4.3940168554197273e-10,3.853305960618022e-10,3.0757677899926755e-10,2.4363646504452327e-10,1.9200047499565997e-10,1.4354111776356517e-10,9.988655629591212e-11,6.912725145324476e-11,4.79166091338247e-11,3.327488370821054e-11,2.3160072226940594e-11,1.615402293444305e-11,1.1274713192481032e-11,7.814043288913007e-12,5.307575302717297e-12,3.907970694388531e-12,2.9265446018232147e-12,2.212045581568585e-12,1.6876277048427956e-12,1.2937448673392375e-12,9.934654688458875e-13,7.612465083350469e-13,5.799508556055418e-13,4.37918754349612e-13,3.2685279659010667e-13,2.392690457201843e-13,1.777706101248332e-13,1.3058927064691834e-13,9.479653035332777e-14,6.372192400752867e-14,4.224627983137433e-14,1.9414850038038526e-14
0.2,1e-05,2.604166666666667e-07,0.5,7.295997905873665e-09,7.2959967007308945e-09,7.295994290445354e-09,7.2959915788741184e-09,7.2959903737313476e-09,7.2959870595887286e-09,7.2959852518745715e-09,7.295980431303488e-09,7.295978623589333e-09,7.295975309446712e-09,7.295971995304093e-09,7.295962354161926e-09,7.295956328448072e-09,7.295947892448677e-09,7.295937347449431e-09,7.295917763879405e-09,7.295897879023687e-09,7.295870160739958e-09,7.295838525742223e-09,7.29579363417401e-09,7.295755370891036e-09,7.295712588322672e-09,7.295639375899344e-09,7.2955504966199955e-09,7.295463123769111e-09,7.295350141634345e-09,7.2952217939292525e-09,7.29508139479645e-09,7.294884655239113e-09,7.2946580883981975e-09,7.2943703605616625e-09,7.294011529301648e-09,7.293561408476744e-09,7.293010356944783e-09,7.292320412708484e-09,7.291492780910618e-09,7.290528365408263e-09,7.289441326628976e-09,7.2882063565745706e-09,7.286704447396425e-09,7.284793090961893e-09,7.282493678555152e-09,7.279688407470359e-09,7.276187769006795e-09,7.272219233862459e-09,7.267389624208365e-09,7.261588970766678e-09,7.254555154984741e-09,7.245965198599972e-09,7.235766376616148e-09,7.223439573784733e-09,7.208483751998758e-09,7.190533150427276e-09,7.168891196548747e-09,7.142848965128233e-09,7.111796955209387e-09,7.074013319058389e-09,7.028579436598174e-09,6.973652644532149e-09,6.9069567294519085e-09,6.826201016235805e-09,6.727895411419519e-09,6.607949359153168e-09,6.4603018951565654e-09,6.276437781896733e-09,6.042293907095187e-09,5.736172880305941e-09,5.350128893955233e-09,4.882009563054365e-09,4.281285360222369e-09,3.4173483350993784e-09,2.706985967405615e-09,2.133237680355832e-09,1.5947762749215845e-09,1.1098165802268591e-09,7.680356801345062e-10,5.323615752997018e-10,3.6969441695027006e-10,2.573076227139373e-10,1.7948131028802352e-10,1.2525952674293169e-10,8.681426721074875e-11,5.897125120492484e-11,4.3420691461546195e-11,3.251535452832392e-11,2.4576476525494704e-11,1.8751418942697733e-11,1.437434039905056e-11,1.1037300066627925e-11,8.457089394285249e-12,6.4438983956171326e-12,4.865161365832497e-12,3.631697739890075e-12,2.6585449524464922e-12,1.9752290013870358e-12,1.4509918960768707e-12,1.052692210318228e-12,7.080213778614298e-13,4.694031092374926e-13,2.1572055597820587e-13
0.3,1e-05,6.520951575896631e-07,0.5,4.2880621791068e-08,4.288061801232052e-08,4.288061423357304e-08,4.28806028973306e-08,4.288059156108817e-08,4.288058778234069e-08,4.2880565109855815e-08,4.2880548105492163e-08,4.288052543300729e-08,4.288050653926989e-08,4.2880487645532495e-08,4.2880444189936484e-08,4.288038561935057e-08,4.2880330827512124e-08,4.28802628100575e-08,4.2880217465087756e-08,4.288015511575435e-08,4.288008331955225e-08,4.287993405902684e-08,4.287977346225898e-08,4.287961475486487e-08,4.287943337498588e-08,4.287919909264219e-08,4.287886656286404e-08,4.2878481130621195e-08,4.2878029570297464e-08,4.287742874944832e-08,4.287678069425569e-08,4.2876040059749816e-08,4.2875061364152786e-08,4.2873937186777806e-08,4.287250315210956e-08,4.2870615667743846e-08,4.286846367105461e-08,4.286575430911223e-08,4.286271808551293e-08,4.2858933669912795e-08,4.285449175225134e-08,4.284863280428529e-08,4.284174414763124e-08,4.2833236297682476e-08,4.2822776724660854e-08,4.281103615624388e-08,4.27972361704509e-08,4.2780288488007996e-08,4.276020444515759e-08,4.2735759727716524e-08,4.2706572682189426e-08,4.267140954752444e-08,4.2628545325497425e-08,4.257773250814853e-08,4.2516257954787894e-08,4.244367010509178e-08,4.2356409378935065e-08,4.225135075215268e-08,4.212450953552813e-08,4.197174233245078e-08,4.1787330008611296e-08,4.1563350419920156e-08,4.1290483285720624e-08,4.096150553020677e-08,4.0564667138092916e-08,4.008343042103762e-08,3.949801363598879e-08,3.8782517247725974e-08,3.7900835324088206e-08,3.6800273231482084e-08,3.539373461926623e-08,3.3500274164413056e-08,3.092283963276613e-08,2.76843226765527e-08,2.2914286924632214e-08,1.8071546181843775e-08,1.4393819738035472e-08,1.142047638615451e-08,8.642703999418244e-09,6.01389361704807e-09,4.149871494429342e-09,2.864942422953487e-09,1.9789017140987956e-09,1.3679897198097627e-09,9.464326510626227e-10,6.553311709036136e-10,4.5394660276261256e-10,3.139062211942277e-10,2.1516943894406283e-10,1.4257969987421198e-10,1.0303888625490333e-10,7.569209075003552e-11,5.586878147567646e-11,4.111466194427445e-11,3.006938306342208e-11,2.1827934811920533e-11,1.5914195007427217e-11,1.2014527609192648e-11,8.829043484471969e-12,6.365300128222996e-12,4.464590146331535e-12,2.8170562455270075e-12,1.4548177793801447e-12
0.4,1e-05,1.360544217687075e-06,0.5,1.809623932695352e-07,1.8096237682250008e-07,1.8096233570491239e-07,1.8096232748139484e-07,1.8096231103435975e-07,1.8096229458732466e-07,1.8096226169325448e-07,1.8096224524621942e-07,1.8096216301104397e-07,1.809620972229036e-07,1.8096203143476325e-07,1.809618505173773e-07,1.8096176005868433e-07,1.8096153802371064e-07,1.8096137355335977e-07,1.8096102816562294e-07,1.809606992249212e-07,1.809603538371844e-07,1.809598604261318e-07,1.8095946569728966e-07,1.8095879136885112e-07,1.809579361230266e-07,1.8095698219499155e-07,1.809556746557021e-07,1.8095444112807057e-07,1.8095256616607066e-07,1.8095067475703564e-07,1.8094850374840412e-07,1.8094563374078146e-07,1.8094265682743068e-07,1.8093810099871155e-07,1.8093262413602754e-07,1.8092734463776458e-07,1.80920436883028e-07,1.8091134167262486e-07,1.8090049485298492e-07,1.8088830759998536e-07,1.808719592471088e-07,1.808524695105306e-07,1.808287117683473e-07,1.80800612008901e-07,1.8076572784748127e-07,1.8072497209453544e-07,1.8067653557620396e-07,1.8061776209632024e-07,1.80548314490665e-07,1.8046301194318578e-07,1.8036192846554052e-07,1.8024121545151882e-07,1.800934059471911e-07,1.7991453621710142e-07,1.7969625939094306e-07,1.7943098516202336e-07,1.7911444552473717e-07,1.787365173289884e-07,1.7828709387171608e-07,1.7774195689375436e-07,1.7707787495804285e-07,1.762796592276785e-07,1.753165701940836e-07,1.741553930698998e-07,1.7275241163586554e-07,1.710552174146758e-07,1.6899598283363146e-07,1.6648885436957784e-07,1.6342225533648417e-07,1.5963987311288266e-07,1.5490875189379975e-07,1.4884544550321497e-07,1.4063629444481723e-07,1.2788540977636442e-07,1.0965278587800646e-07,8.56401968860266e-08,6.791975833083332e-08,5.4495030411344804e-08,4.3725281577825306e-08,3.4102269371683166e-08,2.4082291526678962e-08,1.659841359803427e-08,1.1440278006985179e-08,7.884527703366267e-09,5.43289975921406e-09,3.743542550243337e-09,2.578270114322821e-09,1.7744870625815152e-09,1.2192680521114406e-09,8.351311006173044e-10,5.682450622590517e-10,3.788574532311796e-10,2.475607721309189e-10,1.7557209955471424e-10,1.249974666619043e-10,8.999817599657108e-11,6.736705571673158e-11,5.016345701563264e-11,3.5805195384600736e-11,2.58053980516484e-11,1.7532539402840783e-11,1.0114926578561991e-11,6.381449613791956e-12
0.5,1e-05,2.666666666666667e-06,0.5,6.833773986814779e-07,6.833772091333831e-07,6.833770827679865e-07,6.833765773064003e-07,6.833765141237021e-07,6.833763245756074e-07,6.833760718448143e-07,6.833760718448143e-07,6.833758822967194e-07,6.833756295659263e-07,6.833752504697368e-07,6.833747450081506e-07,6.833743027292628e-07,6.833738604503749e-07,6.833729127099009e-07,6.833719649694269e-07,6.833714595078407e-07,6.833703854019702e-07,6.833688058345135e-07,6.833666892141216e-07,6.833640039494452e-07,6.833608448145319e-07,6.833583175066013e-07,6.833540842658173e-07,6.833481450921802e-07,6.833432800244137e-07,6.833360771968112e-07,6.833272316190538e-07,6.833173751181242e-07,6.833070763383067e-07,6.832932393273862e-07,6.832759904507593e-07,6.832565933623913e-07,6.832304357253088e-07,6.831984020972873e-07,6.83160934757215e-07,6.831156643539067e-07,6.830624013392676e-07,6.829955856358502e-07,6.829139219983401e-07,6.828198429606205e-07,6.827017229062103e-07,6.825622155084367e-07,6.823942127137447e-07,6.82190796016674e-07,6.819336740260764e-07,6.816264797471021e-07,6.812401175471993e-07,6.807647309254381e-07,6.801951389005609e-07,6.794933054882107e-07,6.786833032964275e-07,6.777238740232427e-07,6.765894602672074e-07,6.752183325321147e-07,6.735143899339005e-07,6.714791172659739e-07,6.690370427952551e-07,6.660908651664128e-07,6.625482112745806e-07,6.58268562798813e-07,6.530941209501875e-07,6.468367592446144e-07,6.392452632737838e-07,6.300127230808639e-07,6.187166991452412e-07,6.048050694581094e-07,5.874418321473482e-07,5.653128502717017e-07,5.358332564623679e-07,4.888039100169886e-07,3.922457095827865e-07,3.047729916112878e-07,2.415677371209812e-07,1.9459955152752439e-07,1.5815229611869956e-07,1.2790427433304215e-07,9.912209114717975e-08,6.929922573816116e-08,4.774097317596081e-08,3.287819114911713e-08,2.2633622086705116e-08,1.557181826679624e-08,1.0707382327217967e-08,7.3533287897129324e-09,5.0418529563120805e-09,3.4488907676038397e-09,2.3495750004558676e-09,1.589550323001821e-09,1.0620379751704273e-09,6.884386803175071e-10,4.3943566644716055e-10,3.181880684727391e-10,2.345341759671977e-10,1.6528593866653805e-10,1.1985757861254689e-10,8.327479631593927e-11,5.218890876856285e-11,3.563504182260224e-11,1.819661710090327e-11
0.6,1e-05,5.273437499997e-06,0.5,2.6457033419950114e-06,2.645702600524707e-06,2.6457021062111706e-06,2.6457016118976342e-06,2.6457008704273297e-06,2.6457006232705616e-06,2.6457001289570252e-06,2.6456998818002575e-06,2.6456996346434893e-06,2.6456986460164162e-06,2.6456964216055027e-06,2.645693702881053e-06,2.6456914784701394e-06,2.645689501215994e-06,2.6456865353347765e-06,2.6456820865129496e-06,2.64567664906405e-06,2.6456719530854548e-06,2.6456645383824102e-06,2.6456566293658285e-06,2.6456474845654068e-06,2.645635621040535e-06,2.6456215331047494e-06,2.6456015134065284e-06,2.6455772920432486e-06,2.645547633231069e-06,2.645512784126758e-06,2.645468295908489e-06,2.6454158986736385e-06,2.6453536151680616e-06,2.6452794681376127e-06,2.6451993893447283e-06,2.6451008973726154e-06,2.6449758360479252e-06,2.6448302607114778e-06,2.6446578688656845e-06,2.6444229463575462e-06,2.6441456364636677e-06,2.643833724622247e-06,2.643459529275249e-06,2.6430156357196295e-06,2.64247819332726e-06,2.6418326198488203e-06,2.6410462905909116e-06,2.6400844800276077e-06,2.6389570744296346e-06,2.6375957349505962e-06,2.6359601750372816e-06,2.6339886054976502e-06,2.6315994645982082e-06,2.6286576811651554e-06,2.6250479565661434e-06,2.620703805630537e-06,2.6154509828367818e-06,2.6091498446108654e-06,2.601626145431234e-06,2.5925899704088325e-06,2.5817028383496634e-06,2.5685642317109184e-06,2.5527108551306775e-06,2.533563743879521e-06,2.5104100978380678e-06,2.4823324710828988e-06,2.448179978123067e-06,2.406466094576458e-06,2.3551410257863182e-06,2.291299073207746e-06,2.210334964779572e-06,2.1040254240898804e-06,1.952216670370789e-06,1.5884797620177114e-06,1.2150273682649385e-06,9.500795144599079e-07,7.588207096121911e-07,6.170046276082894e-07,5.076034029056542e-07,4.1809656794271475e-07,3.37891230792799e-07,2.504041609392827e-07,1.7247291321322915e-07,1.187558612208138e-07,8.172263254966472e-08,5.6204437707201726e-08,3.8618245025374524e-08,2.6495205547008956e-08,1.8153417464759895e-08,1.2389721631212796e-08,8.433236086469148e-09,5.7041310524199605e-09,3.825492457617581e-09,2.5434903011592274e-09,1.695248272825881e-09,1.062774103098307e-09,7.446833424733021e-10,5.284211703312047e-10,3.6233182212607397e-10,2.4863970877137135e-10,1.6856091588675476e-10,8.601055532051415e-11,2.2244109134615728e-12
0.7,1e-05,1.1303344867356e-05,0.5,1.2082900617979107e-05,1.2082899482355178e-05,1.2082894939859465e-05,1.208289266861161e-05,1.2082889261739824e-05,1.2082884719244112e-05,1.2082882447996256e-05,1.2082872227380902e-05,1.2082865413637332e-05,1.2082852921774121e-05,1.2082846108030551e-05,1.2082838158663055e-05,1.2082818853056275e-05,1.2082799547449494e-05,1.2082779106218787e-05,1.2082756393740222e-05,1.2082724596270232e-05,1.2082682578184887e-05,1.2082637153227758e-05,1.2082567880168137e-05,1.2082505420852086e-05,1.2082417977809613e-05,1.2082303279792863e-05,1.2082188581776111e-05,1.2082051171280796e-05,1.208187060707621e-05,1.2081668466016984e-05,1.2081414086257064e-05,1.2081124502155366e-05,1.2080738390019771e-05,1.2080326158533827e-05,1.2079767431561142e-05,1.2079131482161336e-05,1.2078378563496926e-05,1.207746211498685e-05,1.2076330465742376e-05,1.207498020889172e-05,1.2073356266674363e-05,1.2071459206902265e-05,1.2069082913832461e-05,1.2066271108986182e-05,1.2062854584398124e-05,1.2058890689076664e-05,1.2054105169843136e-05,1.2048367429945792e-05,1.2041646239726607e-05,1.2033636684160856e-05,1.2023670448566774e-05,1.2011221171253637e-05,1.1994634815969984e-05,1.1973611577998768e-05,1.194811909205803e-05,1.1918369719822352e-05,1.1883567956730013e-05,1.184238512278499e-05,1.1792979803787675e-05,1.173337203941921e-05,1.1661581869360739e-05,1.1574760580988315e-05,1.1469612593662237e-05,1.1342201267035326e-05,1.1187094344046925e-05,1.0997447987093604e-05,1.0763604850289759e-05,1.0472023753915266e-05,1.0100802487078465e-05,9.610269163470834e-06,8.900391213750972e-06,7.69101646075802e-06,6.34120136780966e-06,4.8384733773022245e-06,3.755945545843858e-06,2.98417665984784e-06,2.423014909460308e-06,2.003163386957203e-06,1.6756096992203734e-06,1.404758849843617e-06,1.1615297812730143e-06,9.049071640929563e-07,6.289494139109837e-07,4.3297025012193044e-07,2.9797182003056386e-07,2.0484384417275734e-07,1.406606509974835e-07,9.64564895914264e-08,6.598542834936282e-08,4.500023377974101e-08,3.05437411734698e-08,2.056274246832308e-08,1.3829628197892444e-08,9.381389271045285e-09,6.323154032342349e-09,4.138213594442443e-09,2.5483400949310764e-09,1.7284196187545002e-09,1.2014901160593042e-09,7.313418097752286e-10,2.634647513475979e-10,0.0,0.0
0.8,1e-05,2.9629629629627997e-05,0.5,8.274251270640786e-05,8.274246590460582e-05,8.274245810430547e-05,8.27424269031041e-05,8.274238010130205e-05,8.274234109980034e-05,8.274227869739761e-05,8.274222409529522e-05,8.274215389259214e-05,8.274202128748634e-05,8.274189648268087e-05,8.274173267637369e-05,8.274151426796412e-05,8.27412490577525e-05,8.274090584453748e-05,8.274056263132244e-05,8.274020381750672e-05,8.273980600218929e-05,8.273933018386846e-05,8.273861255623702e-05,8.27376921207967e-05,8.273659227844851e-05,8.273539883249623e-05,8.273383097212756e-05,8.273186529644145e-05,8.272972801414783e-05,8.272722411773814e-05,8.272410399760145e-05,8.272056266124632e-05,8.2716057987799e-05,8.271064457936185e-05,8.270434583683593e-05,8.269639733078775e-05,8.2686701557463e-05,8.267536772106652e-05,8.266166259336616e-05,8.264434982675776e-05,8.262386233791028e-05,8.259968140685102e-05,8.25721619472455e-05,8.253819943955775e-05,8.249817219835431e-05,8.244754434898652e-05,8.238207642821864e-05,8.229754067326548e-05,8.218547375825629e-05,8.204148021394853e-05,8.186685879034909e-05,8.16661258613558e-05,8.142806849522748e-05,8.115424285188231e-05,8.082639622852071e-05,8.04322431521045e-05,7.99569942531858e-05,7.93815621968285e-05,7.868829490335932e-05,7.784260974121335e-05,7.681711205559052e-05,7.555917712023559e-05,7.401240096337772e-05,7.207933053269788e-05,6.962548085000486e-05,6.641084057393474e-05,6.195736049774616e-05,5.54299989691094e-05,4.87203483216373e-05,4.2379792285733726e-05,3.627622107466147e-05,3.011275135726531e-05,2.323314386579811e-05,1.8034095482349268e-05,1.434864077810471e-05,1.1693480944193121e-05,9.732641444296839e-06,8.234047742649636e-06,7.0328248909290225e-06,6.009347483094702e-06,5.064036884984548e-06,4.07683867403947e-06,2.8662788628098433e-06,1.972469747705756e-06,1.3563864261176892e-06,9.319798848261909e-07,6.392112121012041e-07,4.3807266749015493e-07,2.987671036877533e-07,2.0349813546441313e-07,1.3804191514704637e-07,9.399361911747237e-08,6.349444478142947e-08,4.2562338814480336e-08,2.7382954349534174e-08,1.7671580424118978e-08,1.0350998553434512e-08,5.507012041239461e-09,1.2558483550135314e-09,0.0,0.0,0.0,0.0
0.9,1e-05,0.00013462603878116098,0.5,0.0017052947664879846,0.0017052936391974362,0.0017052923508653808,0.001705290418367298,0.0017052875196201733,0.001705284620873049,0.0017052797896278415,0.001705276890880717,0.001705273025884551,0.001705265617975233,0.0017052582100659148,0.0017052493527830346,0.0017052374357115227,0.0017052224588513798,0.0017052041001195913,0.0017051812322256095,0.001705156109750531,0.0017051261560302447,0.00170509088794023,0.0017050466015258287,0.001704996678658685,0.0017049316178898914,0.0017048526270307496,0.0017047566462926283,0.0017046459302566244,0.0017045074345606774,0.001704349452842394,0.0017041711798942388,0.0017039470101166134,0.001703660919879579,0.001703298495968267,0.0017028887258539217,0.00170236002658672,0.001701729710128655,0.0017009648434915625,0.0016999816045710932,0.001698721293737977,0.0016971157099140348,0.0016949980140981034,0.001692166099199004,0.0016885438731047196,0.0016838185126880677,0.0016779786645228112,0.0016709869669793455,0.0016630993955329117,0.0016536525396957742,0.0016425808555746181,0.001629515799680869,0.001613602885778836,0.0015943081002315889,0.001570907480944792,0.0015421524731153338,0.001506494582133473,0.001461849286733703,0.0014045361443169896,0.0013290962504026835,0.0012256170976364022,0.0010991280122790998,0.0009824083488972858,0.0008760362465007844,0.0007793351697190464,0.0006914586843917266,0.0006116236456706976,0.0005389865181427392,0.00047248893702440606,0.00041087574481080326,0.0003523682380580552,0.00029225385914930977,0.00023879291009875532,0.00018922465635334894,0.00014947800203167125,0.00012178554606483762,0.00010184780230123278,8.694067313063702e-05,7.525389097381944e-05,6.555226747274239e-05,5.690264761558719e-05,4.852019561840392e-05,3.899869704281122e-05,2.9768200470213838e-05,2.0244527834277793e-05,1.3650039167617693e-05,9.241366874314145e-06,6.271922528309466e-06,4.248677556183549e-06,2.8898898415886963e-06,1.9370877659264216e-06,1.2990413155294075e-06,8.401535415752705e-07,4.967325280791493e-07,2.356037246165652e-07,4.098506350985362e-08,0.0,0.0,0.0,0.0,0.0,0.0,0.0,0.0
1.0,1e-05,0.00013462603878116098,0.5,0.001705292028782367,0.001705290096284284,0.0017052878417031874,0.0017052841377485281,0.0017052810779598967,0.0017052780181712654,0.0017052720596355095,0.0017052657790167399,0.0017052570827753666,0.001705248386533993,0.0017052384019605644,0.0017052260017645319,0.0017052127963609648,0.001705193471380135,0.0017051733411917707,0.001705148218716692,0.0017051159298945556,0.0017050737370197437,0.001705020432280955,0.0017049628599422328,0.001704893370531999,0.0017048122861332672,0.0017047043078028809,0.0017045779707407062,0.001704427477452494,0.0017042652281342775,0.0017040561962583017,0.001703805293590528,0.0017034940808784151,0.001703137293419845,0.0017026792108534253,0.0017021336827487512,0.0017014870205777342,0.0017006868858506273,0.001699700828703787,0.0016985274802844047,0.0016970671558996999,0.0016952694495580086,0.0016930445806192251,0.0016902955215754335,0.001687001175989228,0.001682843970008972,0.0016777073095836596,0.0016716822636854505,0.0016647206003830243,0.0016563399198424172,0.0016464380412274913,0.0016345026915047507,0.0016195305015653614,0.0016011573565621886,0.0015790143104028904,0.0015519216535285615,0.001518481867742194,0.0014765043859459768,0.001422775141744902,0.0013527055794824421,0.0012584759261865743,0.0011383573207598132,0.0010238781473429534,0.0009200700672987984,0.0008259909072911425,0.0007406091159474421,0.0006634024356607721,0.0005919416358200738,0.0005290223164646374,0.00047389780864765153,0.0004251162426635246,0.00038172288393851145,0.00034308475882968275,0.0003083797504442378,0.00027711426656348224,0.00024905656845896555,0.00022398860593032477,0.00020156140203207528,0.00018126429414578975,0.00016283832752834895,0.00014652788266649637,0.0001319686031508369,0.0001188600660502207,0.00010706200421212488,9.639799666572412e-05,8.675161040151889e-05,7.801784635700065e-05,7.010684337131087e-05,6.299009709772559e-05,5.65981986467645e-05,5.0906991792390324e-05,4.6018254766973325e-05,4.2139892155940694e-05,3.892429586661652e-05,3.586152796735463e-05,3.296841729562763e-05,3.0172334131816892e-05,2.7323187791477676e-05,2.360240429496132e-05,1.2168779387014024e-05,3.2728465450324363e-06,1.955204935454353e-06,9.300147024338099e-07,1.0805885113992839e-07
1/0.9,1e-05,0.00013462603878116098,0.5,0.0017052939612804499,0.0017052926729483947,0.0017052910625333256,0.0017052889689937356,0.001705286392329625,0.001705284298790035,0.001705280755876883,0.0017052760856731825,0.0017052717375524958,0.0017052649738092053,0.0017052546671527627,0.0017052459709113892,0.0017052363084209745,0.0017052226198928867,0.001705206837825209,0.001705187834927393,0.0017051668995314941,0.001705140649765867,0.0017051040933437974,0.0017050598069293956,0.0017050105282282798,0.001704955129949901,0.0017048855600189138,0.0017048039119749079,0.0017047010064519892,0.001704580788967077,0.0017044348853618122,0.0017042478356515305,0.0017040168216098611,0.001703747318648039,0.0017034248330304415,0.0017030414737232308,0.0017025709909607788,0.0017019719970758085,0.0017012225904233797,0.0017002567439856574,0.0016990315402010485,0.0016973848102720898,0.0016952555194676604,0.0016924494517304208,0.0016888951851520544,0.0016843590485060278,0.0016784187909612098,0.0016713659781658697,0.001663480661300533,0.0016540623098101192,0.0016428402129215047,0.0016296001854304925,0.0016137591765612968,0.0015943724363136015,0.0015709681130721457,0.0015422571500948283,0.001506652483331003,0.0014618570167260348,0.0014046322055758643,0.0013292482735852112,0.0012257589752039943,0.0010990850141967537,0.0009824363701194888,0.0008760459089911994,0.0007792536827165474,0.0006915213295379165,0.000611677916658528,0.0005390680051452382,0.0004726295262599428,0.00041111891748624483,0.00035291513501553833,0.000293279693548358,0.00023840850402174932,0.00018720342440005946,0.0001482360499303432,0.00012091672713503147,0.00010114678862163202,8.63035929292815e-05,7.462051472712296e-05,6.486832419287462e-05,5.6101949243206097e-05,4.7386946534243444e-05,3.7491751141854625e-05,2.9025557561075567e-05,2.0786110422032755e-05,1.405215981038431e-05,9.527698673608918e-06,6.478699823188256e-06,4.3952253274761485e-06,2.9958551531387303e-06,2.0188163306857564e-06,1.3549227184288936e-06,8.830711031681035e-07,5.187952145264967e-07,2.5162735455460225e-07,5.185536522661244e-08,0.0,0.0,0.0,0.0,0.0,0.0,0.0,0.0
1/0.8,1e-05,2.9629629629627997e-05,0.5,8.27424269031041e-05,8.27423879016024e-05,8.274237230100172e-05,8.274231769889932e-05,8.274227089709726e-05,8.274220849469453e-05,8.27421070907901e-05,8.274204468838735e-05,8.274191208328155e-05,8.274179507877643e-05,8.274160007126789e-05,8.274141286405968e-05,8.274117885504944e-05,8.27409292454385e-05,8.274061723342482e-05,8.27402194181074e-05,8.273970459828485e-05,8.27390961748582e-05,8.27384019481278e-05,8.273762971839396e-05,8.273666248115159e-05,8.273560944060546e-05,8.273435359225045e-05,8.273261412527425e-05,8.273077325439361e-05,8.272847996609315e-05,8.272578886247525e-05,8.272275454564234e-05,8.271862818676158e-05,8.271415861466579e-05,8.270803147874738e-05,8.270151042766172e-05,8.269322260854866e-05,8.268385054768812e-05,8.267233730438376e-05,8.265906899350253e-05,8.264258695888052e-05,8.262274299481125e-05,8.25991470862776e-05,8.257098800204407e-05,8.25370683960082e-05,8.249692025014947e-05,8.244688522360764e-05,8.238211542972035e-05,8.229396033540864e-05,8.218077797745058e-05,8.203831719215996e-05,8.186182759662869e-05,8.16651625242636e-05,8.142719876173939e-05,8.115568200729536e-05,8.0826517133176e-05,8.043234455600893e-05,7.99569942531858e-05,7.938155829667833e-05,7.868696885230123e-05,7.784357697845572e-05,7.681756057286016e-05,7.55612480999763e-05,7.401093840706363e-05,7.20809061933669e-05,6.962745822614147e-05,6.64118078111771e-05,6.19599774985108e-05,5.5429226739375574e-05,4.8722161891466757e-05,4.238006529624568e-05,3.627863136746706e-05,3.012354697293822e-05,2.3217426260609588e-05,1.802346367298353e-05,1.4339662632411416e-05,1.1685376432138096e-05,9.725051752064366e-06,8.226146038403495e-06,7.0244629689627205e-06,5.999246094152202e-06,5.050713972000927e-06,4.037774769928242e-06,2.874086963451884e-06,1.9786592860268943e-06,1.3607545943090406e-06,9.349517992563782e-07,6.416332053573017e-07,4.3929731464380165e-07,3.0011265549669636e-07,2.04305466549779e-07,1.3852943391840256e-07,9.437973398438649e-08,6.371285319099705e-08,4.275734632302281e-08,2.7515559455343056e-08,1.7753483577706816e-08,1.0409500805997253e-08,5.5655142938022035e-09,1.2714489556969294e-09,0.0,0.0,0.0,0.0
1/0.7,1e-05,1.1303344867356e-05,0.5,1.2082896075483393e-05,1.2082893804235539e-05,1.2082893804235539e-05,1.208289266861161e-05,1.2082889261739824e-05,1.2082886990491967e-05,1.2082883583620184e-05,1.2082875634252686e-05,1.2082864278013404e-05,1.2082857464269834e-05,1.208284724365448e-05,1.2082840429910912e-05,1.2082829073671629e-05,1.208280863244092e-05,1.208279046245807e-05,1.2082766614355576e-05,1.2082742766253084e-05,1.208270756191131e-05,1.2082642831347401e-05,1.2082575829535635e-05,1.2082523023022973e-05,1.2082456021211207e-05,1.2082379934408017e-05,1.2082264100767338e-05,1.20821096559131e-05,1.2081965431674216e-05,1.2081762154991064e-05,1.2081525945213993e-05,1.2081243174855866e-05,1.2080862173027948e-05,1.2080449941542003e-05,1.2079947995765729e-05,1.2079348386331627e-05,1.2078603417034713e-05,1.2077684129464816e-05,1.2076548505536595e-05,1.2075259004566098e-05,1.2073662317323018e-05,1.2071655669841849e-05,1.2069369658874338e-05,1.2066733875736933e-05,1.2063330978636015e-05,1.2059473831963807e-05,1.2054763263909541e-05,1.2049250377549984e-05,1.2042627418800592e-05,1.2034692246602138e-05,1.2025204676493803e-05,1.2012550986873585e-05,1.1996037311521338e-05,1.1974583672081325e-05,1.1948531323543976e-05,1.1918621828334418e-05,1.18837706656012e-05,1.184244701428908e-05,1.1793026932180697e-05,1.1733418032188303e-05,1.1661576759053061e-05,1.1574733893826001e-05,1.1469730698550774e-05,1.1342220572642105e-05,1.1187048919089796e-05,1.0997412782751829e-05,1.0763657656802421e-05,1.047201182986402e-05,1.0100940465385745e-05,9.610538874153786e-06,8.900998204740607e-06,7.690949458946254e-06,6.341925895875866e-06,4.837975974021662e-06,3.7553493432815413e-06,2.9836031697640873e-06,2.4225379474104546e-06,2.002680746787708e-06,1.6751111603158839e-06,1.4041433416745205e-06,1.160645130232929e-06,9.024451314165701e-07,6.294354609522629e-07,4.333586335053825e-07,2.981932666965672e-07,2.050164590098472e-07,1.4077194214244928e-07,9.653598326640196e-08,6.60399382979175e-08,4.503998061722879e-08,3.05744030195318e-08,2.0582048075102862e-08,1.3839848813246447e-08,9.391609886399287e-09,6.328832151983462e-09,4.147298585868222e-09,2.5551538385004104e-09,1.7295552426827224e-09,1.203761363915749e-09,7.347486815598958e-10,2.646003752758203e-10,0.0,0.0
1/0.6,1e-05,5.2734374999999994e-06,0.5,2.645704330622084e-06,2.645704330622084e-06,2.645704083465316e-06,2.6457035891517795e-06,2.6457035891517795e-06,2.645702847681475e-06,2.6457016118976342e-06,2.645701364740866e-06,2.6457001289570252e-06,2.6456998818002575e-06,2.645696915919039e-06,2.6456944443513574e-06,2.6456914784701394e-06,2.645689254059226e-06,2.64568604102124e-06,2.6456823336697177e-06,2.645678379161427e-06,2.6456699758313094e-06,2.6456610781876555e-06,2.6456516862304656e-06,2.6456395755488255e-06,2.64562548761304e-06,2.6456121411475595e-06,2.6455886612545838e-06,2.6455669114589856e-06,2.645541207155097e-06,2.645509323932004e-06,2.64546953169233e-06,2.645426773571438e-06,2.6453649843793972e-06,2.645288612938035e-06,2.6452026023827145e-06,2.645107199870204e-06,2.644981397075209e-06,2.6448323615440074e-06,2.64465107205456e-06,2.6444380229204043e-06,2.644179373362522e-06,2.6438678322562533e-06,2.643463730940308e-06,2.643000064843235e-06,2.6424248074653372e-06,2.641732150622562e-06,2.6409308683801795e-06,2.639981786390436e-06,2.6388515384896295e-06,2.63752529527167e-06,2.63595436685323e-06,2.6340379132728982e-06,2.631740220377677e-06,2.6288505870227064e-06,2.6252213370390093e-06,2.6207804242286677e-06,2.615477552189359e-06,2.6091560235300696e-06,2.601636773172265e-06,2.592596890798341e-06,2.5816924577654004e-06,2.5685817798414577e-06,2.5527146860605843e-06,2.5335716528961023e-06,2.510407626270386e-06,2.4823372906398782e-06,2.4481843033665095e-06,2.4064684425657556e-06,2.355142137991775e-06,2.2912958601697604e-06,2.2103552316345615e-06,2.104035804674143e-06,1.9522990971529707e-06,1.5883697772558792e-06,1.2150048769990359e-06,9.500397222202338e-07,7.58753482971251e-07,6.169514889031346e-07,5.075384006756274e-07,4.1802810551793375e-07,3.3777407848469e-07,2.504956089435028e-07,1.7251369407997596e-07,1.1878675581683409e-07,8.174981979416259e-08,5.622594034603185e-08,3.8633815901768757e-08,2.650286740682199e-08,1.8158607756891305e-08,1.2394664766576047e-08,8.436449124455258e-09,5.705861149797097e-09,3.826975398226555e-09,2.543984614695552e-09,1.6964840566666927e-09,1.0632684166346318e-09,7.446833424733021e-10,5.286683270993671e-10,3.6208466535791154e-10,2.4863970877137135e-10,1.6856091588675476e-10,8.601055532051415e-11,2.2244109134615728e-12
1/0.5,1e-05,2.666666666666667e-06,0.5,6.833775882295726e-07,6.833773354987796e-07,6.833772723160814e-07,6.833772723160814e-07,6.833772091333831e-07,6.833768300371934e-07,6.833768300371934e-07,6.833767668544952e-07,6.833765773064003e-07,6.833765141237021e-07,6.833761982102109e-07,6.833756927486247e-07,6.833749977389437e-07,6.83374113181168e-07,6.833732918060905e-07,6.833725967964095e-07,6.833716490559356e-07,6.83370574950065e-07,6.833693744787979e-07,6.833681108248327e-07,6.833657730649967e-07,6.833636248532556e-07,6.833604025356441e-07,6.833566747564462e-07,6.833530733426451e-07,6.833482082748784e-07,6.83341447726164e-07,6.833338026196736e-07,6.833233142917613e-07,6.833122573195645e-07,6.832978516643596e-07,6.832807291531293e-07,6.832616479782526e-07,6.832371330913251e-07,6.832062999345707e-07,6.83168263950214e-07,6.831225512680178e-07,6.830733319460678e-07,6.830116656325593e-07,6.829349618368631e-07,6.828432837416775e-07,6.827323033321715e-07,6.825934593527297e-07,6.824279838659685e-07,6.822245987602469e-07,6.819726893422563e-07,6.816600297598819e-07,6.812797962817109e-07,6.808007766547994e-07,6.802114084453647e-07,6.79505910436515e-07,6.786794807431823e-07,6.777339832549655e-07,6.766017808933695e-07,6.752135938297447e-07,6.735281637621226e-07,6.714935229211788e-07,6.690403914782632e-07,6.66096109330369e-07,6.625505806257657e-07,6.582704266884117e-07,6.5309402617614e-07,6.468371067494548e-07,6.392473483028266e-07,6.30013449681894e-07,6.187167623279394e-07,6.048037742127949e-07,5.87442748296473e-07,5.653104809205168e-07,5.3583682628482e-07,4.888464951556206e-07,3.922401810966881e-07,3.0476307192765985e-07,2.415619874954389e-07,1.945934228057925e-07,1.581489474356914e-07,1.278947969283021e-07,9.909119480772716e-08,6.93110409027371e-08,4.7746406888011766e-08,3.288324576497849e-08,2.2636907587015005e-08,1.5573776930442517e-08,1.0708393250390238e-08,7.353644703204267e-09,5.042232052501682e-09,3.4496489599830443e-09,2.34995409664547e-09,1.589739871096622e-09,1.0619747924721604e-09,6.886914111105752e-10,4.395620318436946e-10,3.181880684727391e-10,2.345973586654647e-10,1.654123040630721e-10,1.1985757861254689e-10,8.327479631593927e-11,5.218890876856285e-11,3.563504182260224e-11,1.819661710090327e-11
1/0.4,1e-05,1.3605442176870754e-06,0.5,1.80962360375465e-07,1.8096231103435975e-07,1.8096231103435975e-07,1.8096227814028957e-07,1.8096227814028957e-07,1.8096226169325448e-07,1.8096222879918433e-07,1.809621301169738e-07,1.8096208077586855e-07,1.8096201498772816e-07,1.8096189985848256e-07,1.809617353881317e-07,1.809614722355703e-07,1.8096132421225453e-07,1.8096117618893875e-07,1.8096091303637734e-07,1.8096061698974578e-07,1.809603373901493e-07,1.809600577905528e-07,1.809595808265353e-07,1.809589229451318e-07,1.8095836374593884e-07,1.8095737692383362e-07,1.80956126949167e-07,1.8095477829228985e-07,1.8095324871802675e-07,1.80951406650097e-07,1.8094893959483392e-07,1.8094630806922e-07,1.8094267327446577e-07,1.8093861085679925e-07,1.8093367674627312e-07,1.8092762423736108e-07,1.8092025596564205e-07,1.809118844247827e-07,1.8090086491127438e-07,1.8088823358832748e-07,1.8087240331705617e-07,1.80853489226706e-07,1.8083094856511914e-07,1.80803350440243e-07,1.8077061261690214e-07,1.8072933055883354e-07,1.8068116541658099e-07,1.8062345277046036e-07,1.8055215487335782e-07,1.8046758421894002e-07,1.8036887733786482e-07,1.8024737486615892e-07,1.8009984496142768e-07,1.7992021866772402e-07,1.7970065897282886e-07,1.7943137989086543e-07,1.7910951141421104e-07,1.7873495486065513e-07,1.7828783398829498e-07,1.7774516406559634e-07,1.7708018576647257e-07,1.762799963918978e-07,1.7531649618242573e-07,1.7415533550527698e-07,1.7275288859988306e-07,1.7105560392000034e-07,1.6899575257514023e-07,1.6648876391088487e-07,1.6342267473587888e-07,1.5964043231207563e-07,1.549088587995278e-07,1.4884560997356585e-07,1.4063541452844007e-07,1.2789245733089925e-07,1.0967312263689165e-07,8.564078075577219e-08,6.792010371857015e-08,5.44960501275202e-08,4.372464014345691e-08,3.409975297531484e-08,2.4083656630591186e-08,1.659954844345528e-08,1.1440787865072881e-08,7.88479085592766e-09,5.433541193582457e-09,3.743723467629295e-09,2.578270114322821e-09,1.7744870625815152e-09,1.2193831813570505e-09,8.352133357927399e-10,5.683108503994001e-10,3.788574532311796e-10,2.475607721309189e-10,1.7557209955471424e-10,1.249645725917301e-10,9.001462303165817e-11,6.736705571673158e-11,5.0179904050719734e-11,3.5805195384600736e-11,2.58053980516484e-11,1.7532539402840783e-11,1.0114926578561991e-11,6.381449613791956e-12
1/0.3,1e-05,6.520951575896631e-07,0.5,4.2880640684805395e-08,4.2880640684805395e-08,4.288063690605791e-08,4.2880629348562954e-08,4.288061045482556e-08,4.288061045482556e-08,4.2880593450461906e-08,4.288056888860329e-08,4.2880551884239635e-08,4.2880529211754767e-08,4.288050653926989e-08,4.288047253054258e-08,4.2880425296199094e-08,4.2880359168118215e-08,4.2880315712522205e-08,4.288022880133019e-08,4.288016456262305e-08,4.2880060647067384e-08,4.2879926501531875e-08,4.287975456852159e-08,4.287948816682433e-08,4.287925388448063e-08,4.28788930140964e-08,4.28785434799546e-08,4.28781750520754e-08,4.287766492116575e-08,4.287708866217522e-08,4.287638959389162e-08,4.287554504383008e-08,4.2874579573849224e-08,4.287331558281753e-08,4.287185320754319e-08,4.287010931558168e-08,4.2867985659498525e-08,4.286546334555635e-08,4.286236666199739e-08,4.2858525565185074e-08,4.285358296348266e-08,4.284779581171871e-08,4.284051605470059e-08,4.2832376632631025e-08,4.282290898082261e-08,4.281142347786047e-08,4.2797349532875274e-08,4.2780700371483195e-08,4.2760070299622086e-08,4.2735710603999296e-08,4.270618158182536e-08,4.267058011245282e-08,4.262813344202223e-08,4.2577099567945815e-08,4.251597832747445e-08,4.244348305709157e-08,4.235649629012708e-08,4.2251781529365284e-08,4.212514247573085e-08,4.197194827418838e-08,4.178779101580373e-08,4.1563065124485505e-08,4.129033402519521e-08,4.0961452627742063e-08,4.05644460813654e-08,4.008338696544161e-08,3.9498332940150754e-08,3.878242844716022e-08,3.790082965596699e-08,3.680004083851213e-08,3.539355512876098e-08,3.349950141055361e-08,3.0923820217736915e-08,2.7685280589038602e-08,2.2915012444148166e-08,1.8071604752429694e-08,1.4394035126641771e-08,1.1420740898478034e-08,8.64279091061026e-09,6.014265823674743e-09,4.150086883035639e-09,2.865086015357686e-09,1.979047195876734e-09,1.368086077870475e-09,9.46521451628377e-10,6.553538433884871e-10,4.539995052273173e-10,3.139081105679672e-10,2.1517510706528117e-10,1.425834786216909e-10,1.0304266500238224e-10,7.569209075003552e-11,5.586500272819755e-11,4.1118440691753356e-11,3.006938306342208e-11,2.1824156064441622e-11,1.5914195007427217e-11,1.2014527609192648e-11,8.829043484471969e-12,6.365300128222996e-12,4.464590146331535e-12,2.8170562455270075e-12,1.458596526859054e-12
1/0.2,1e-05,2.604166666666671e-07,0.5,7.296000316159208e-09,7.2959988097307435e-09,7.295996399445202e-09,7.295995194302432e-09,7.2959924827311966e-09,7.2959894698742694e-09,7.2959870595887286e-09,7.295982841589031e-09,7.295978924875025e-09,7.2959735017325565e-09,7.295967777304395e-09,7.2959590400193055e-09,7.295945180877442e-09,7.295933732021119e-09,7.295915654879556e-09,7.295891250738448e-09,7.295861724740562e-09,7.295836416742374e-09,7.295791826459854e-09,7.2957478387487186e-09,7.295689991895719e-09,7.295613164044079e-09,7.295529406621506e-09,7.295430584914298e-09,7.29531609635107e-09,7.295197389788143e-09,7.295043131513477e-09,7.2948481996702955e-09,7.294624645686307e-09,7.294341738420855e-09,7.294033221871523e-09,7.293704820466473e-09,7.293314052923032e-09,7.292863329526742e-09,7.292288476425057e-09,7.291548820049461e-09,7.290700700824492e-09,7.289641681614626e-09,7.288354890421075e-09,7.286704447396425e-09,7.284766879106628e-09,7.282404799275804e-09,7.279487751199015e-09,7.276216391147603e-09,7.27225719585974e-09,7.267411015492548e-09,7.261608253051012e-09,7.254403909567002e-09,7.246037507166221e-09,7.235759447045215e-09,7.223472413925239e-09,7.208518701139113e-09,7.190580452281031e-09,7.168874625835648e-09,7.1429598382631495e-09,7.111901802630449e-09,7.074097980338039e-09,7.028500499746685e-09,6.973669817816632e-09,6.906913946883545e-09,6.826168477380993e-09,6.7278688982785605e-09,6.607912602298657e-09,6.4602904463002415e-09,6.276319376619499e-09,6.042164956818708e-09,5.736128591309113e-09,5.350183727951306e-09,4.8822527006083796e-09,4.281438413354264e-09,3.4175785173686067e-09,2.7071580015361507e-09,2.1333883232021855e-09,1.5949624694796774e-09,1.1098445997962807e-09,7.680736421317873e-10,5.323682035849414e-10,3.697130966632179e-10,2.573335332835101e-10,1.7948191285940894e-10,1.2526675759955664e-10,8.681848521044665e-11,5.897185377631027e-11,4.341888374738995e-11,3.251595709970934e-11,2.4577079096880118e-11,1.8751418942697733e-11,1.437434039905056e-11,1.1036094923857095e-11,8.457089394285249e-12,6.443295824231719e-12,4.8657639372179115e-12,3.631697739890075e-12,2.6585449524464922e-12,1.9752290013870358e-12,1.4509918960768707e-12,1.052692210318228e-12,7.080213778614298e-13,4.694031092374926e-13,2.1572055597820587e-13
0.2,3e-05,7.812499999999998e-07,0.5,6.566402182638024e-08,6.566401640323777e-08,6.566400555695283e-08,6.566398386438296e-08,6.566395674867062e-08,6.56639404792432e-08,6.566392963295828e-08,6.566389709410346e-08,6.56638374395363e-08,6.566378049654038e-08,6.566372084197322e-08,6.566365034112113e-08,6.566355814769917e-08,6.566342256913744e-08,6.566328699057572e-08,6.566318395086882e-08,6.56630158334523e-08,6.566284771603577e-08,6.566254944319999e-08,6.566221863150939e-08,6.566179020325436e-08,6.566126415843489e-08,6.566063507390852e-08,6.565998429681227e-08,6.565917624858443e-08,6.565815127465785e-08,6.565684158575165e-08,6.565529599014806e-08,6.565347923742104e-08,6.565143471271034e-08,6.56485740050581e-08,6.564547196756598e-08,6.564159984384331e-08,6.563697932645996e-08,6.563118469873212e-08,6.562417257552008e-08,6.56157314542675e-08,6.560521598102065e-08,6.559298137161122e-08,6.557933132201745e-08,6.556280158377279e-08,6.55427115524974e-08,6.551804710054966e-08,6.548663625937083e-08,6.544982667986438e-08,6.540680217908878e-08,6.535403771443934e-08,6.529050560041828e-08,6.521311735738962e-08,6.512170486793684e-08,6.501043011919238e-08,6.487591449339821e-08,6.471423434697821e-08,6.451939168436198e-08,6.428573559109711e-08,6.400634071425104e-08,6.36670201131256e-08,6.32575321831686e-08,6.276311513058019e-08,6.216254277573779e-08,6.143527496654111e-08,6.055043504134448e-08,5.9470733472533e-08,5.8142497419093706e-08,5.6486567981981905e-08,5.437965815188492e-08,5.1623964230398594e-08,4.814974460537517e-08,4.3937532906923175e-08,3.8528533993759985e-08,3.075345869506208e-08,2.4361200667179917e-08,1.9198087033548565e-08,1.435232485090187e-08,9.986613816443942e-09,6.911323262990915e-09,4.790310550904018e-09,3.3267128614454294e-09,2.315459485302911e-09,1.6150714817524519e-09,1.1271730464114435e-09,7.812470577590979e-10,5.30649067421941e-10,3.906994528741111e-10,2.9260022875740587e-10,2.211503267319986e-10,1.6875734734167912e-10,1.2936364044888532e-10,9.932485431463631e-11,7.610838140603909e-11,5.798966241804019e-11,4.378645229245829e-11,3.267985651651643e-11,2.392690457199975e-11,1.7777061012469443e-11,1.305892706468164e-11,9.474229892856655e-12,6.3721924007478936e-12,4.224627983134135e-12,1.9414850038023372e-12
0.3,3e-05,1.9562854727689895e-06,0.5,3.8592576616349706e-07,3.8592573215476975e-07,3.859256641373151e-07,3.8592563012858785e-07,3.859254940936786e-07,3.8592542607622396e-07,3.859252900413147e-07,3.8592513700204183e-07,3.8592486493222336e-07,3.859245078405866e-07,3.859242357707681e-07,3.85923895683495e-07,3.8592347057440363e-07,3.8592297744785766e-07,3.8592233128203877e-07,3.85921430050765e-07,3.8592081789367344e-07,3.8591988265367237e-07,3.8591869234821654e-07,3.859168218682145e-07,3.8591493438384875e-07,3.8591292786893745e-07,3.8591047924057116e-07,3.859071463852947e-07,3.8590298031619924e-07,3.858992053474678e-07,3.858938659772801e-07,3.8588788044127347e-07,3.858802114732651e-07,3.8587145422598265e-07,3.8586048641142514e-07,3.8584737604704706e-07,3.858301676310281e-07,3.858106636259157e-07,3.857882688789819e-07,3.857578140636756e-07,3.857248085938211e-07,3.856832159203207e-07,3.8563437938790323e-07,3.855728746045627e-07,3.8550091213757433e-07,3.8541245543784046e-07,3.8529907034098826e-07,3.851712655437565e-07,3.8502147410431866e-07,3.8484013957030064e-07,3.846228408071521e-07,3.8435792982576923e-07,3.8404011826905535e-07,3.836538131355387e-07,3.831934539983041e-07,3.826410332362407e-07,3.819850218907905e-07,3.812011887437448e-07,3.8026069439434473e-07,3.79121044937816e-07,3.7774355544684336e-07,3.760885547410195e-07,3.740690995089757e-07,3.716130062269962e-07,3.686520703924604e-07,3.650794195797958e-07,3.6074903731829613e-07,3.5548196968485515e-07,3.4904024061011956e-07,3.4110192348137104e-07,3.311987011191843e-07,3.185395475306877e-07,3.014973831751788e-07,2.7829127302960417e-07,2.491382777960211e-07,2.0621582904908144e-07,1.6263255672177708e-07,1.2953669167003058e-07,1.027783699569048e-07,7.778340075481327e-08,5.411478892218347e-08,3.734330002733656e-08,2.5779023405864707e-08,1.7807768824716228e-08,1.230945884992946e-08,8.516176418839925e-09,5.896790232680464e-09,4.084652202319734e-09,2.8247648903858017e-09,1.935980810860849e-09,1.2830812639594935e-09,9.271799326581762e-10,6.81160799296138e-10,5.026829983721711e-10,3.6999794877139813e-10,2.705904388436628e-10,1.9634938712548068e-10,1.432277550669372e-10,1.0813074848280348e-10,7.94613913602989e-11,5.728770115404386e-11,4.018131131700969e-11,2.5353506209759393e-11,1.3093360014429734e-11
0.4,3e-05,4.081632653061e-06,0.5,1.6286611693675274e-06,1.6286610213442115e-06,1.6286609473325537e-06,1.6286605032626062e-06,1.6286603552392905e-06,1.628660059192659e-06,1.6286596151227115e-06,1.628659467099396e-06,1.6286591710527642e-06,1.6286584309361852e-06,1.6286575427962905e-06,1.6286568026797117e-06,1.6286557665165012e-06,1.6286542862833435e-06,1.6286533981434487e-06,1.6286509557587383e-06,1.628648291339054e-06,1.628644886802791e-06,1.6286395579634229e-06,1.6286340811007387e-06,1.6286274200515285e-06,1.628622387258792e-06,1.6286146900463713e-06,1.628601219924635e-06,1.628589526082688e-06,1.6285745757277937e-06,1.6285572569998471e-06,1.628537421875532e-06,1.628512109888533e-06,1.6284786566191659e-06,1.6284376541606937e-06,1.6283920629794322e-06,1.6283350740028555e-06,1.6282686115340686e-06,1.6281848303373349e-06,1.6280856547157598e-06,1.6279641275735014e-06,1.6278286862395591e-06,1.6276529085520657e-06,1.6274483403296524e-06,1.6272019555205302e-06,1.6268978416182525e-06,1.6265227505360562e-06,1.6260700952363891e-06,1.6255378033928305e-06,1.6249140331401175e-06,1.6241526012037254e-06,1.6232260492585764e-06,1.6221461451582756e-06,1.6208492388770354e-06,1.6192615407919383e-06,1.6172987516246444e-06,1.614925641825998e-06,1.6120346724570818e-06,1.60860674851016e-06,1.604567118210761e-06,1.5996927104219994e-06,1.5937180453270166e-06,1.5865001324027653e-06,1.5778395102312268e-06,1.5673906183817038e-06,1.5547642295453428e-06,1.5394932561491876e-06,1.5209631793977623e-06,1.4983882175192274e-06,1.470793785002463e-06,1.436739614984892e-06,1.3941675172721982e-06,1.3395859178916725e-06,1.2656937148155933e-06,1.1509239109342553e-06,9.866658419451978e-07,7.707239520170566e-07,6.112464440345537e-07,4.904415075337354e-07,3.9350732901782325e-07,3.0693567074667424e-07,2.1669162802258618e-07,1.4935360132278333e-07,1.0293689402923602e-07,7.094565095208647e-08,4.888544015419011e-08,3.368374166982192e-08,2.3199694282800307e-08,1.5968015190181094e-08,1.0972376305792481e-08,7.514847695713687e-09,5.113465443752547e-09,3.4089769625016974e-09,2.2271588092835667e-09,1.5798528493608607e-09,1.1251252232729225e-09,8.098355606533561e-10,6.063035014505842e-10,4.5147111314069376e-10,3.220987351456229e-10,2.3224858246483561e-10,1.5779285462556706e-10,9.103433920705792e-11,5.7433046524127605e-11
0.5,3e-05,7.999999999997999e-06,0.5,6.1503994313557155e-06,6.150397156778578e-06,6.150396588134293e-06,6.150396019490008e-06,6.150395450845724e-06,6.150394313557155e-06,6.150392607624303e-06,6.1503909016914495e-06,6.150388627114311e-06,6.150386352537174e-06,6.150386352537174e-06,6.1503829406714675e-06,6.150378960161477e-06,6.1503732737186324e-06,6.150364744054366e-06,6.1503573516786695e-06,6.1503493906586876e-06,6.150338017773e-06,6.150324938954459e-06,6.150312428780201e-06,6.150283996565982e-06,6.150262388083174e-06,6.150233955868954e-06,6.150197562634752e-06,6.150158894823413e-06,6.150099755817835e-06,6.150046303255101e-06,6.149967830343853e-06,6.149882818023335e-06,6.1497679518778856e-06,6.1496491052224445e-06,6.149485335668537e-06,6.149314173738931e-06,6.149077049072335e-06,6.148814904057226e-06,6.148483384439418e-06,6.1481012554802995e-06,6.147634114200661e-06,6.147070587714818e-06,6.146410391700626e-06,6.1455963774075024e-06,6.144583337614838e-06,6.14340197911399e-06,6.141946818390202e-06,6.1401928350949605e-06,6.137980524506489e-06,6.1351927459022015e-06,6.131731408143039e-06,6.127374171313798e-06,6.1220613277646186e-06,6.115636215995145e-06,6.108102532193227e-06,6.099465678479568e-06,6.089316515291537e-06,6.077036073325563e-06,6.061800102691403e-06,6.043418960520208e-06,6.021370631358896e-06,5.994873797960696e-06,5.962924803163638e-06,5.9244218986666895e-06,5.877839411854797e-06,5.821505528531812e-06,5.753186329626461e-06,5.670073565340213e-06,5.568380064738946e-06,5.443170848400464e-06,5.286901996925729e-06,5.087702207911399e-06,4.822354019547425e-06,4.3985656115087225e-06,3.5301255209587034e-06,2.7429017660064454e-06,2.1740783586535394e-06,1.7514073366336901e-06,1.4234286667855348e-06,1.1512294520830698e-06,8.92557716262275e-07,6.234871824125971e-07,4.2952659751261576e-07,2.9580363894804687e-07,2.0363720468767255e-07,1.4010030421415212e-07,9.633289093219747e-08,6.615550740319773e-08,4.536644100969679e-08,3.103205588845792e-08,2.1141625849830993e-08,1.4300835108459069e-08,9.554929910828968e-09,6.193104901436547e-09,3.9537837094562766e-09,2.863692616255114e-09,2.108533006567507e-09,1.4875734479990825e-09,1.078718207513096e-09,7.494731668435744e-10,4.697001789171415e-10,3.2071537640347184e-10,1.6376955390815584e-10
0.6,3e-05,1.5820312499996997e-05,0.5,2.3811332302367965e-05,2.3811325629135224e-05,2.3811321180313397e-05,2.3811318955902484e-05,2.3811314507080657e-05,2.381131005825883e-05,2.3811305609437e-05,2.3811296711793352e-05,2.3811294487382436e-05,2.3811278916506044e-05,2.381126334562965e-05,2.3811247774753253e-05,2.3811232203876857e-05,2.3811187715658592e-05,2.3811158798316716e-05,2.3811107636865705e-05,2.381104757777104e-05,2.3811005313963685e-05,2.381093635722537e-05,2.3810851829610657e-05,2.3810749506708637e-05,2.3810624939697485e-05,2.3810475904166282e-05,2.3810293502471378e-05,2.38100821834346e-05,2.3809821927357723e-05,2.380950049998073e-05,2.3809149043056402e-05,2.3808635204135394e-05,2.3808094672283423e-05,2.3807498530158613e-05,2.3806784494255393e-05,2.3805932544875535e-05,2.380484035911703e-05,2.3803485692870727e-05,2.380200534740782e-05,2.3800139066651426e-05,2.379793578764164e-05,2.3795108561370632e-05,2.3791998834913613e-05,2.3788101666993227e-05,2.3783408159965823e-05,2.377779597123116e-05,2.3770866931235727e-05,2.3762480902091976e-05,2.3752178542946275e-05,2.3739698485516297e-05,2.372440788489716e-05,2.3706468010880094e-05,2.3684064856365164e-05,2.3657426423471004e-05,2.3625423823659028e-05,2.3586802489174048e-05,2.3539568235632145e-05,2.3482595511111106e-05,2.3414779895592398e-05,2.3333265245463135e-05,2.3235248802972355e-05,2.311699244557999e-05,2.2974365442219736e-05,2.2802128192984934e-05,2.259355630368419e-05,2.2340845428627627e-05,2.2033346200567045e-05,2.1658127006657034e-05,2.1196151338300187e-05,2.0621265684181478e-05,1.9892600942587872e-05,1.8935656031000256e-05,1.7568480809930195e-05,1.4296373468433411e-05,1.0935660054815246e-05,8.551078209118765e-06,6.829731170201866e-06,5.553428695974001e-06,4.568933343017705e-06,3.7634852733077697e-06,3.0421021408393827e-06,2.2527365620337766e-06,1.5513998207175064e-06,1.0681932623971233e-06,7.350921769280522e-07,5.055218486042318e-07,3.4736845706801456e-07,2.3834785378834048e-07,1.632717610480928e-07,1.114496599971743e-07,7.586353420361316e-08,5.1290466842601146e-08,3.442053447490719e-08,2.287806624495415e-08,1.5252785633607252e-08,9.562742516972084e-09,6.697701260433344e-09,4.749117300240847e-09,3.2609863991349325e-09,2.2355329680290638e-09,1.5125994211539933e-09,7.71870586971229e-10,2.0019698221155793e-11
0.7,3e-05,3.3910034602074e-05,0.5,0.00010874599313504513,0.00010874596247319907,0.00010874594203196837,0.00010874590114950695,0.00010874587048766089,0.00010874585004643018,0.00010874578872273806,0.00010874576828150735,0.00010874569673719987,0.0001087456456341231,0.00010874555364858491,0.0001087454003393546,0.0001087452879125857,0.00010874512438274005,0.00010874493019104832,0.00010874467467566447,0.00010874441916028061,0.00010874418408612749,0.0001087437343790519,0.00010874328467197633,0.00010874284518551611,0.00010874197643321101,0.00010874113834275199,0.00010874014694306264,0.00010873892046922016,0.00010873729539137888,0.0001087355578867687,0.00010873359552862074,0.00010873085640370586,0.00010872771867479218,0.00010872370197295806,0.00010871931732897119,0.00010871361933591133,0.00010870686350916234,0.00010869878411272501,0.0001086893198229072,0.00010867805670478708,0.00010866388071129109,0.00010864647500334322,0.00010862620752309624,0.00010860217885639897,0.00010857225289464246,0.00010853587772459757,0.00010849350305333986,0.00010844151589334175,0.00010838046815783229,0.00010830489181759712,0.00010821244124141251,0.00010809768417221776,0.0001079504715389664,0.00010776335251306533,0.00010753637819759134,0.00010726787241162637,0.00010695396665225889,0.00010658130768552897,0.0001061361947765545,0.00010560037901662095,0.0001049538893233266,0.00010417221155074486,0.00010322490870635153,0.0001020792492694754,0.00010068331251411815,9.89759689398475e-05,9.687228523307168e-05,9.424591414678455e-05,9.090583238001978e-05,8.64896526844782e-05,8.008830242749816e-05,6.921370055883981e-05,5.703821876792411e-05,4.356230676182663e-05,3.3813710086718656e-05,2.6864059588150155e-05,2.1812591993742226e-05,1.8033785202599248e-05,1.508539318835357e-05,1.2648072824269396e-05,1.0460942903435836e-05,8.16747770045924e-06,5.655884124597537e-06,3.8928279760322195e-06,2.678240709208703e-06,1.8413971652537408e-06,1.2643616635975052e-06,8.671578890949319e-07,5.928672348395845e-07,4.0438886709643666e-07,2.7461771394667533e-07,1.848091668310612e-07,1.2432356516607834e-07,8.433029728586915e-08,5.6806180137542206e-08,3.7203039888566687e-08,2.289417839296411e-08,1.5545555953436792e-08,1.0762307967763934e-08,6.582076287977183e-09,2.371182762128426e-09,0.0,0.0
0.8,3e-05,8.8888888888887e-05,0.5,0.0007446821931414687,0.0007446819123306564,0.0007446817719252502,0.0007446815613171411,0.0007446812103036257,0.0007446809294928133,0.0007446807188847041,0.0007446802976684857,0.0007446792446279396,0.0007446781915873934,0.0007446767173306288,0.0007446746112495365,0.000744673136992772,0.0007446714521278982,0.0007446691354386967,0.0007446657657089491,0.0007446631682089353,0.0007446576923980955,0.0007446518655737402,0.0007446466003710096,0.000744639580100702,0.0007446308749655206,0.0007446207657762778,0.0007446070762491782,0.0007445924038842354,0.0007445740809787327,0.0007445511948975303,0.000744524412566307,0.0007444919087147831,0.0007444538939510679,0.0007444054891872974,0.0007443490813153764,0.0007442784573960827,0.0007441975136794369,0.0007440996862127015,0.0007439802012120674,0.0007438296515153224,0.0007436526002981665,0.0007434342347902508,0.0007431639192820594,0.00074283772242222,0.0007424327230281787,0.0007419276496809034,0.0007413175179884761,0.0007405634356533928,0.0007396038700064082,0.0007383456971618928,0.0007368471853633992,0.0007350036974819936,0.0007328968090586494,0.0007303962238764591,0.0007274525192324574,0.0007238845370513588,0.0007196034358124214,0.0007144398865958274,0.0007081853171707405,0.0007005868222993316,0.0006913389500205203,0.0006800358936091798,0.0006660803684675455,0.0006486835770238635,0.0006265769213322118,0.000597600299320315,0.0005574271183976428,0.0004988346085596456,0.0004384273588471521,0.00038129850516557167,0.00032626723804917785,0.00026990773579059946,0.0002099790579049702,0.00016275264650567506,0.00012937926430152424,0.00010538025964712641,8.768833603971589e-05,7.41790192788282e-05,6.335720239706884e-05,5.414569511845054e-05,4.5637899735458965e-05,3.677115793164342e-05,2.586818672512903e-05,1.776331975643809e-05,1.2199334321502737e-05,8.369566260636326e-06,5.740229321005873e-06,3.927033905977228e-06,2.6779172101585554e-06,1.8220409556161317e-06,1.2361993984528188e-06,8.415549031150644e-07,5.690982124798556e-07,3.81025170941148e-07,2.450776364358448e-07,1.577454738101814e-07,9.256226400477267e-08,4.8896182691940965e-08,1.0916520328207925e-08,0.0,0.0,0.0,0.0
0.9,3e-05,0.00040387811634348897,0.5,0.015347625360294204,0.015347618113426392,0.015347607967811457,0.01534757753096665,0.015347552891616092,0.015347529701639096,0.015347490568552915,0.015347432593610426,0.015347377517415061,0.015347315194351886,0.015347245624420898,0.015347139820150856,0.015347029667760127,0.015346899224139524,0.015346745590541928,0.015346562244786305,0.01534632527220888,0.015346036122183214,0.015345658560370252,0.015345175918974028,0.01534464037544278,0.015344047581655829,0.015343237381834539,0.01534235036521445,0.01534124666724681,0.015339916867003459,0.015338264581142512,0.015336346335232896,0.015333931678878213,0.015331189464098465,0.015327789233721464,0.015323728089000082,0.015318675572762133,0.015312802711087958,0.015305426124342965,0.015296368988952562,0.015284872557856917,0.01527051288928908,0.015252655157628789,0.015229575333023765,0.015200658881083625,0.015165301413032914,0.015119236697791196,0.01505987108136885,0.014985572569134804,0.014895260653098409,0.014793131994409119,0.01466997799813927,0.014525206595188694,0.014349733112069305,0.01413620705076023,0.013875366914198791,0.013553284222451913,0.013148602456080072,0.012628555626961831,0.011939947377242497,0.01098816767358687,0.00987403928910467,0.008819850472975458,0.00786058475487089,0.006987201667196528,0.006192250705155705,0.005466958085889435,0.004803054408538389,0.004185727799983312,0.003576896694563272,0.003027304385378881,0.0025718365693863424,0.002188701190390679,0.0018592150984879075,0.0015655227360780797,0.0012830478003531657,0.0009729746179429632,0.000795175614942969,0.0006720904639173275,0.0005734634917543936,0.0004787882366088919,0.0003981863987526873,0.0003327935623717907,0.0002772963239870501,0.00022717408745785621,0.00017721128202050814,0.00010881969173934823,6.375359488200945e-05,4.069840962754508e-05,2.66554291830549e-05,1.7476546413423738e-05,1.1514548265172076e-05,7.226576581301274e-06,4.298117298806443e-06,1.9870911538235155e-06,2.3987132454981166e-07,0.0,0.0,0.0,0.0,0.0,0.0,0.0,0.0
1.0,3e-05,0.00040387811634348897,0.5,0.015347613765305707,0.01534759637282296,0.015347575356906305,0.015347549268182187,0.015347513033843132,0.015347471002009826,0.015347426071429396,0.015347365197739785,0.015347297077182357,0.015347223159130684,0.015347120253607766,0.01534699923091532,0.01534684414794416,0.015346637612211542,0.015346392668079524,0.015346124533970511,0.015345823788956346,0.015345417964358921,0.015344928076094885,0.015344316440451623,0.01534362146582853,0.015342793873524494,0.015341761919548185,0.015340502413922603,0.01533901535664775,0.015337210161875985,0.015335068712437784,0.015332641736407825,0.015329561817588076,0.015325827506604979,0.01532133879668274,0.015315985535430626,0.015309625684239539,0.015301898349092487,0.01529274917848088,0.015281679587899314,0.01526856130778753,0.01525260442955411,0.01523357415468197,0.01521113132975755,0.015183556997736039,0.015150940295091514,0.015110962224124398,0.015060981301517524,0.014997215386960234,0.014915741750906346,0.014815025506753449,0.014694771706981635,0.014552506270920161,0.01438444415951126,0.014177438829858679,0.013927487112183525,0.013617695108244397,0.013229296329157479,0.012737083269928388,0.012093043981934549,0.011226283806752817,0.0101373245188656,0.009104837897770505,0.008169731062888043,0.007326725395704555,0.006568597943072643,0.005887914143304827,0.005278555465908133,0.004733341714255253,0.0042451608122763,0.003803476538860612,0.003412985589036609,0.00306719476924548,0.0027591710010522776,0.00248390017661845,0.0022368493801281095,0.002013904564724854,0.0018121300242583762,0.0016290987826987153,0.0014627737455041505,0.0013098670087487532,0.0011700800014787024,0.001042124230597172,0.0009224842405289618,0.0008058734412058219,0.0006916070036195964,0.0005904204377457562,0.0005059132628261108,0.0004352613744746461,0.00037605084102346073,0.00032682866547641457,0.00028621287014191684,0.00025621156209044353,0.00022922060292773135,0.00019793007709265048,0.0001680041364664134,0.00014010369539339907,0.00011343956996897075,8.436586099732756e-05,4.4886374535621704e-05,1.834761992432668e-05,1.0193444263195319e-05,5.878659168423179e-06,2.9393295842115894e-06
1/0.9,3e-05,0.00040387811634348897,0.5,0.015347638404656264,0.015347615214679268,0.015347592024702272,0.015347574632219526,0.015347544195374718,0.015347516657277037,0.015347480422937982,0.015347419549248368,0.015347366647113345,0.015347302149989826,0.015347210839455405,0.015347105035185361,0.015347010825903817,0.015346874584788967,0.015346712979636776,0.015346517314205877,0.015346276718194546,0.015345996989097032,0.015345630297585788,0.015345178093034371,0.015344625157020378,0.015344007723882867,0.015343284486475312,0.01534236123551617,0.015341267683163462,0.015339982813500542,0.015338394300076332,0.015336517361313239,0.0153342085092286,0.015331324980526534,0.015328008089129359,0.015323988251554501,0.015318953127799299,0.015312830973872421,0.015305239879840218,0.01529606969331196,0.015284681240546702,0.01527058535796719,0.015253064605660118,0.015230439159666858,0.015202140865551009,0.015167217484882188,0.015122264439162703,0.015063224931791862,0.014988549582431634,0.014899631239075327,0.01479698008121685,0.014673341269490435,0.014527419788618226,0.014351751364754717,0.014138391256718518,0.013878099708050384,0.013555237253327026,0.0131523701026551,0.012632507343979265,0.011949062487575391,0.01100484344110716,0.009869336071895218,0.008817416974764467,0.00785959845616179,0.006986965419305884,0.006193431944608927,0.005470829362674164,0.004809548326783981,0.004198003994055438,0.003610488825615181,0.003039957416577188,0.0025696081575344067,0.0021751698388136577,0.0018355163913718112,0.0015296492910392132,0.001209102210581523,0.000936966381162809,0.0007744205855317708,0.0006557183401583265,0.0005578146054029475,0.00046113124318696995,0.00037699003509178875,0.00031051886478058956,0.0002560695234813446,0.00020961420206460398,0.00016777513544358034,0.00012533385410744825,7.346584712254292e-05,4.5992971250387756e-05,2.99984093043488e-05,1.9706407638921534e-05,1.3085669206634286e-05,8.459268795981727e-06,4.968452571339906e-06,2.484226285669953e-06,5.565594478980523e-07,0.0,0.0,0.0,0.0,0.0,0.0,0.0,0.0
1/0.8,3e-05,8.8888888888887e-05,0.5,0.000744682473952281,0.0007446822633441718,0.0007446820527360626,0.0007446817719252502,0.0007446816315198441,0.0007446812103036257,0.0007446803678711888,0.0007446800870603764,0.0007446795254387518,0.0007446784021955026,0.0007446777001684719,0.0007446762259117073,0.000744674962263052,0.000744673136992772,0.0007446706798981644,0.0007446680121954475,0.0007446642212494814,0.000744660009087297,0.0007446553055061909,0.0007446490574656171,0.0007446412649655758,0.0007446327704385036,0.0007446223804384486,0.0007446099545600043,0.0007445938079382969,0.0007445728173300774,0.000744550001451578,0.0007445206567216925,0.000744489416518824,0.0007444484181402279,0.0007443999080724029,0.000744338937024782,0.000744270840402799,0.0007441827711117911,0.0007440830130707211,0.0007439571747254586,0.0007438089768192666,0.0007436282399601993,0.0007434123315468913,0.0007431580222550011,0.0007428432333344114,0.0007424530116093675,0.0007419622245121681,0.0007413520928197407,0.0007406062242009173,0.000739612540040238,0.000738364897601184,0.000736840516106607,0.0007349888496102931,0.00073287490581529,0.0007304000148224252,0.0007274358811918286,0.0007238967172203424,0.0007196127376705788,0.000714432480210653,0.0007081710660220161,0.0007005847162182394,0.0006913440397164933,0.0006800339279334936,0.0006660836679945901,0.0006487054802672231,0.0006265952091363629,0.0005976738717531378,0.0005575758077227563,0.0004987875025458821,0.00043836782695494425,0.00038130292793586544,0.0003263281739954472,0.00027053941971287094,0.0002094116796587157,0.00016237713224692533,0.000129101191394643,0.00010515196045672557,8.747941279536383e-05,7.39716404939438e-05,6.313992503105082e-05,5.388650673869656e-05,4.5300856557994485e-05,3.58955196161853e-05,2.605861155722076e-05,1.7906708777469375e-05,1.2305691416661805e-05,8.450720585391363e-06,5.795724557786892e-06,3.966663331863231e-06,2.709297818433211e-06,1.8443654151940746e-06,1.2503452431224903e-06,8.521555112794335e-07,5.764343949512236e-07,3.8600956285949375e-07,2.4830696077730823e-07,1.6030787247242958e-07,9.400141941781616e-08,5.0405540808059744e-08,1.1618547358960846e-08,0.0,0.0,0.0,0.0
1/0.7,3e-05,3.3910034602074e-05,0.5,0.00010874611578242939,0.00010874610556181403,0.00010874610556181403,0.00010874609534119867,0.00010874605445873725,0.00010874603401750655,0.00010874599313504513,0.00010874596247319907,0.00010874586026704554,0.00010874572739904593,0.0001087456660753538,0.00010874553320735421,0.00010874535945689318,0.00010874519592704751,0.00010874506305904792,0.0001087448688673562,0.00010874453158704951,0.00010874423518920425,0.00010874381614397473,0.00010874334599566845,0.00010874271231751649,0.00010874191510951889,0.00010874083172429137,0.00010873972789783313,0.00010873838899722175,0.00010873675369876511,0.00010873494464984745,0.00010873252236400856,0.0001087298241215551,0.00010872664551018,0.00010872259814649983,0.00010871806019328265,0.0001087119380446856,0.0001087045587604,0.00010869579969304163,0.00010868566595291814,0.00010867442327602874,0.00010865984867853392,0.00010864264738289315,0.00010862118920095742,0.000108595770530572,0.00010856544085450901,0.00010852950006061667,0.00010848595512890094,0.00010843600187135826,0.00010837721800214971,0.00010830824417943323,0.00010822284582784287,0.00010810989269725812,0.00010796035487401372,0.00010777045073042868,0.00010753565253390121,0.00010726745336639685,0.00010695438058718073,0.00010658224798214153,0.00010613749279470446,0.00010560075717938906,0.00010495388421301893,0.00010417236997028285,0.0001032272492272676,0.00010208003625685766,0.00010068390019950101,9.897539147508e-05,9.687262762368604e-05,9.424735014324177e-05,9.09075801052453e-05,8.649377670277356e-05,8.010913204158962e-05,6.921160533269224e-05,5.705807742355693e-05,4.354124207358203e-05,3.379624305507867e-05,2.6849127269117957e-05,2.179938695870485e-05,1.8020529064485107e-05,1.5071901976086286e-05,1.2632230870470694e-05,1.043898902165544e-05,8.103506868958542e-06,5.6690584977888445e-06,3.90204697108153e-06,2.6849249916502202e-06,1.8459453390862716e-06,1.2677549078950338e-06,8.693348801653343e-07,5.946558425265349e-07,4.0558467909285486e-07,2.7520028902185347e-07,1.8535085944482332e-07,1.246199630113444e-07,8.458581266971919e-08,5.6969709983206235e-08,3.73359078881687e-08,2.3006605161858135e-08,1.55864384148528e-08,1.0844072890595948e-08,6.6229587493931895e-09,2.39162399283643e-09,0.0,0.0
1/0.6,3e-05,1.5820312499996997e-05,0.5,2.3811327853546137e-05,2.381132340472431e-05,2.381132340472431e-05,2.3811321180313397e-05,2.381131228266974e-05,2.3811307833847917e-05,2.381130338502609e-05,2.3811296711793352e-05,2.3811292262971524e-05,2.3811285589738784e-05,2.381126557004056e-05,2.381124555034234e-05,2.3811225530644117e-05,2.381120106212407e-05,2.3811176593604024e-05,2.381114100302941e-05,2.3811103188043877e-05,2.381105869982561e-05,2.3810988630881835e-05,2.3810913000910775e-05,2.3810788433899623e-05,2.3810672764532123e-05,2.381051038253544e-05,2.3810345776127844e-05,2.3810132232680152e-05,2.3809849732494144e-05,2.38094960511589e-05,2.3809153491878226e-05,2.380869081440823e-05,2.380808799905068e-05,2.3807511876624096e-05,2.3806677722531546e-05,2.380571010378419e-05,2.380454673687645e-05,2.3803220987972024e-05,2.380154600655419e-05,2.3799451723679164e-05,2.3797094960316353e-05,2.3794195440690656e-05,2.379065862733825e-05,2.378635772883707e-05,2.378127606210527e-05,2.3774932042180075e-05,2.3767396850210725e-05,2.375873610631916e-05,2.374855831418462e-05,2.373666661344125e-05,2.372250045253887e-05,2.3705671671773075e-05,2.3685381707625934e-05,2.3659296040843767e-05,2.3626410349899148e-05,2.3586316455389458e-05,2.3538672910239476e-05,2.3482201790379423e-05,2.3414737631785042e-05,2.3333281928544985e-05,2.3235283281341513e-05,2.3117059177907392e-05,2.297438657412341e-05,2.2802087041383036e-05,2.259357076235513e-05,2.234096777122787e-05,2.203359644679481e-05,2.1658125894451576e-05,2.1196121308752853e-05,2.062155708201114e-05,1.9892718836366284e-05,1.8936470165394583e-05,1.7571050004535243e-05,1.4294585042058987e-05,1.093399841986289e-05,8.549563385286696e-06,6.828265283409894e-06,5.552049561207655e-06,4.56748525151304e-06,3.761707968987914e-06,3.0390680443534202e-06,2.2546495554193536e-06,1.5528056484148144e-06,1.0690541094206329e-06,7.358106616531003e-07,5.060979710308185e-07,3.4771101634868764e-07,2.3854582635963857e-07,1.6342969422294858e-07,1.11554207310107e-07,7.593249094193045e-08,5.135275034817808e-08,3.444055417312835e-08,2.2893637121348382e-08,1.5270580920914946e-08,9.56941574971247e-09,6.704374493173729e-09,4.760239354808155e-09,3.2609863991349325e-09,2.237757378942525e-09,1.5170482429809168e-09,7.740949978846907e-10,2.0019698221155793e-11
1/0.5,3e-05,7.999999999997999e-06,0.5,6.150398294067146e-06,6.150397156778578e-06,6.150396019490008e-06,6.150396019490008e-06,6.15039488220144e-06,6.150392607624303e-06,6.1503914703357336e-06,6.150388627114311e-06,6.15038578389289e-06,6.1503829406714675e-06,6.150380097450045e-06,6.15037554829577e-06,6.150371567785779e-06,6.150369293208642e-06,6.150362469477229e-06,6.150353939812963e-06,6.1503445571822704e-06,6.150330625397302e-06,6.150314134713054e-06,6.150295938095954e-06,6.150273760968862e-06,6.150244760110357e-06,6.150217465184706e-06,6.1501805033062195e-06,6.1501395609177425e-06,6.150088382932146e-06,6.1500309498594216e-06,6.149959869323872e-06,6.149871729459789e-06,6.149748333650073e-06,6.149606741223257e-06,6.149442118702923e-06,6.149246505069088e-06,6.148998576161088e-06,6.148719371817445e-06,6.148399225085326e-06,6.147981555858433e-06,6.147499914149542e-06,6.146927289355149e-06,6.1461911793289884e-06,6.145270828554682e-06,6.1441955222128755e-06,6.142936543767206e-06,6.1413520164687165e-06,6.139464970410924e-06,6.137158833515527e-06,6.134423654507546e-06,6.1310442015253374e-06,6.126883715618501e-06,6.121963805269843e-06,6.115800554193337e-06,6.10843860096531e-06,6.099773599359572e-06,6.0894467348326656e-06,6.076927746589384e-06,6.0617054234180495e-06,6.043354988038212e-06,6.0213837101774365e-06,5.994857875920733e-06,5.962904616291542e-06,5.924398299928886e-06,5.877812969895571e-06,5.821513205229652e-06,5.753199977089286e-06,5.670064467031663e-06,5.568406222376028e-06,5.443198143326115e-06,5.2869287232070964e-06,5.087756229118416e-06,4.8223773339630845e-06,4.39973133229175e-06,3.5299947327732903e-06,2.7427453888282347e-06,2.1739430213138517e-06,1.7512680187840113e-06,1.423244426037388e-06,1.1509633265579688e-06,8.915961387773492e-07,6.237692299776611e-07,4.297136814821844e-07,2.9593158391203765e-07,2.03716814887489e-07,1.4015716864259244e-07,9.637155874353689e-08,6.617995910742707e-08,4.538122576109127e-08,3.10451347069992e-08,2.1147312292675027e-08,1.4306521551303103e-08,9.556635843682178e-09,6.197654055711772e-09,3.955489642309486e-09,2.863692616255114e-09,2.1113762279895232e-09,1.488710736567889e-09,1.078718207513096e-09,7.494731668435744e-10,4.697001789171415e-10,3.2071537640347184e-10,1.6376955390815584e-10
1/0.4,3e-05,4.081632653061e-06,0.5,1.6286609473325537e-06,1.6286606512859222e-06,1.6286605032626062e-06,1.628660207215975e-06,1.628660059192659e-06,1.62865931907608e-06,1.6286589490177907e-06,1.628657986866238e-06,1.6286570987263432e-06,1.6286565066330802e-06,1.6286556184931855e-06,1.6286542122716855e-06,1.6286529540735013e-06,1.6286514738403435e-06,1.6286495495372383e-06,1.6286468851175543e-06,1.62864422069787e-06,1.6286399280217124e-06,1.628635487322239e-06,1.6286301584828705e-06,1.628623645456976e-06,1.6286169844077658e-06,1.6286064747523452e-06,1.6285953730036613e-06,1.6285841232316617e-06,1.6285706531099255e-06,1.6285497818224e-06,1.6285284664649272e-06,1.6285016002331122e-06,1.6284677028937977e-06,1.6284288467734046e-06,1.62838125727738e-06,1.6283220479510666e-06,1.628253365132543e-06,1.628173876611967e-06,1.6280818061095495e-06,1.627959464839054e-06,1.6278279461229801e-06,1.6276599396595657e-06,1.6274701737687307e-06,1.6272344466383449e-06,1.62694742942904e-06,1.6266065317327897e-06,1.6261760059188324e-06,1.6256303179651954e-06,1.625014318936561e-06,1.6242564395597479e-06,1.623343505759651e-06,1.6222311845531933e-06,1.6208869848225603e-06,1.6192573221274383e-06,1.6172745498125139e-06,1.6148629539517637e-06,1.6120217944286087e-06,1.6086435323041321e-06,1.6046038279930755e-06,1.5996770939621842e-06,1.593695767817991e-06,1.586490658910555e-06,1.5778402503478056e-06,1.567403422398519e-06,1.5547766635038686e-06,1.5394932561491876e-06,1.5209589607332624e-06,1.4983934723469379e-06,1.470791860699358e-06,1.4367446477776288e-06,1.3941658890157247e-06,1.3395815512038568e-06,1.2656593734063314e-06,1.1510592042448816e-06,9.872214474609924e-07,7.707246921336355e-07,6.11260654272869e-07,4.904352905544724e-07,3.935032583766392e-07,3.068911157286233e-07,2.167339626909004e-07,1.4938379807920324e-07,1.029590975266036e-07,7.095778886398073e-08,4.889565376297919e-08,3.368892248587436e-08,2.320354288901069e-08,1.596964344665472e-08,1.0973412469002967e-08,7.516623975503092e-09,5.1143535836472495e-09,3.4094210324490496e-09,2.227750902546702e-09,1.5798528493608607e-09,1.124829176641355e-09,8.101316072849237e-10,6.063035014505842e-10,4.5161913645647766e-10,3.220987351456229e-10,2.3224858246483561e-10,1.5779285462556706e-10,9.103433920705792e-11,5.7433046524127605e-11
1/0.3,3e-05,1.956285472768989e-06,0.5,3.8592563012858785e-07,3.8592563012858785e-07,3.859254940936786e-07,3.859252900413147e-07,3.859252900413147e-07,3.859251880151328e-07,3.859251540064055e-07,3.859250179714962e-07,3.859248479278597e-07,3.859245078405866e-07,3.8592430378822276e-07,3.859238616747677e-07,3.8592324951767613e-07,3.85922416303857e-07,3.8592171912494715e-07,3.859211749853102e-07,3.859203417714911e-07,3.8591923648785353e-07,3.859181992216705e-07,3.859164477722141e-07,3.859144752660301e-07,3.8591190760711815e-07,3.8590854074311444e-07,3.85904765774383e-07,3.859003956529237e-07,3.8589478421291747e-07,3.858882715416376e-07,3.858812317350844e-07,3.858718963394377e-07,3.858614046470625e-07,3.8584819225650247e-07,3.858326332637581e-07,3.8581510176482963e-07,3.8579430542807945e-07,3.857700912142346e-07,3.8574237410147676e-07,3.8570802528689346e-07,3.856666536701206e-07,3.8562084391443376e-07,3.855613626503682e-07,3.8549268202556524e-07,3.854083233774723e-07,3.8530236918753734e-07,3.8517470042521483e-07,3.8502443286359464e-07,3.848432343644859e-07,3.846192528864209e-07,3.8435770876904173e-07,3.8403984619923683e-07,3.8365605771154116e-07,3.8319625971830715e-07,3.82651473915525e-07,3.819983873206234e-07,3.8120974193866335e-07,3.802664418692601e-07,3.7912648633418567e-07,3.77754370222128e-07,3.760913434566589e-07,3.740664128195182e-07,3.716110167164486e-07,3.6864933268991185e-07,3.650796406365233e-07,3.6074888427902327e-07,3.5547979312630727e-07,3.490389312741181e-07,3.4109971291409585e-07,3.311925965526321e-07,3.185319125714065e-07,3.0148258937879884e-07,2.7831842899836135e-07,2.491723545407859e-07,2.0623096293273445e-07,1.62644442771972e-07,1.2954563596531314e-07,1.027860219205496e-07,7.779241306755047e-08,5.412244088582826e-08,3.734649684770372e-08,2.5782696348414204e-08,1.781011542690063e-08,1.2311618404113657e-08,8.517842846478126e-09,5.897538424681289e-09,4.0855704379571094e-09,2.8248669165677322e-09,1.936592967952433e-09,1.283200294505079e-09,9.272479501127966e-10,6.81160799296138e-10,5.026149809175507e-10,3.6999794877139813e-10,2.705904388436628e-10,1.9634938712548068e-10,1.432277550669372e-10,1.0813074848280348e-10,7.94613913602989e-11,5.728770115404386e-11,4.018131131700969e-11,2.5353506209759393e-11,1.3093360014429734e-11
1/0.2,3e-05,7.812499999999993e-07,0.5,6.566402453795148e-08,6.566402453795148e-08,6.566400826852407e-08,6.566399742223912e-08,6.566398115281173e-08,6.566395946024185e-08,6.566393776767198e-08,6.566390522881716e-08,6.566386184367741e-08,6.566379134282532e-08,6.566373168825816e-08,6.566365034112113e-08,6.566357984026904e-08,6.566342256913744e-08,6.566329783686067e-08,6.566315683515648e-08,6.5662977871455e-08,6.566280975403848e-08,6.566254130848628e-08,6.566226743979161e-08,6.566185528096398e-08,6.56613997369966e-08,6.566085199960727e-08,6.566007920180548e-08,6.565914642130085e-08,6.56582895647908e-08,6.565709918501892e-08,6.565555358941534e-08,6.565379649125546e-08,6.565145098213775e-08,6.564852790834711e-08,6.564521165672748e-08,6.564134766771851e-08,6.563713117444909e-08,6.56319873238175e-08,6.562559072727563e-08,6.561737737800677e-08,6.56065527856392e-08,6.5592932563329e-08,6.557830634809085e-08,6.556182541812842e-08,6.55416621744297e-08,6.551664792979273e-08,6.54867447222202e-08,6.54501520684125e-08,6.540654729139275e-08,6.535231044356306e-08,6.52898683811782e-08,6.52134237649391e-08,6.512109205283787e-08,6.500909602614508e-08,6.487574366441045e-08,6.471445669581943e-08,6.451921000908928e-08,6.428683377744703e-08,6.400689658635409e-08,6.366623646903887e-08,6.325662922994757e-08,6.276243452620036e-08,6.216151237866873e-08,6.143397883549108e-08,6.055003644037303e-08,5.9469128222362265e-08,5.814007056283895e-08,5.6484244165434054e-08,5.4375262694914015e-08,5.162437638922622e-08,4.815317745455787e-08,4.394113658509364e-08,3.853306231772137e-08,3.0759337381498176e-08,2.436619538139361e-08,1.9202561126085264e-08,1.4357102639416814e-08,9.987454403526593e-09,6.911952347517287e-09,4.790882692434468e-09,3.327152135985396e-09,2.315774027566096e-09,1.6152395991689823e-09,1.1272760861183491e-09,7.812904428988477e-10,5.306327979945347e-10,3.9073741487139213e-10,2.925948056149371e-10,2.2116659615940476e-10,1.6873023162933548e-10,1.293365247365417e-10,9.93194311721676e-11,7.610838140603909e-11,5.798423927557147e-11,4.379187543492702e-11,3.267985651651643e-11,2.392690457199975e-11,1.7777061012469443e-11,1.305892706468164e-11,9.474229892856655e-12,6.3721924007478936e-12,4.224627983134135e-12,1.9414850038023372e-12
0.2,0.0001,2.604166666666666e-06,0.5,7.296003027729301e-07,7.296000617443758e-07,7.295997604586831e-07,7.295995796872675e-07,7.295993386587134e-07,7.295991578872977e-07,7.29598856601605e-07,7.295987059587587e-07,7.295982841587889e-07,7.295976213302649e-07,7.295970790160181e-07,7.295960546446629e-07,7.295949700161692e-07,7.295933430734285e-07,7.295917763878264e-07,7.295900891879473e-07,7.295875583881285e-07,7.295850878454483e-07,7.2958171344569e-07,7.295776159602693e-07,7.295731569320171e-07,7.295680350752411e-07,7.295607439614777e-07,7.295532720762985e-07,7.295433296484392e-07,7.295311577064538e-07,7.29516937021758e-07,7.295015111942914e-07,7.294810840243259e-07,7.294576741260026e-07,7.294297148137194e-07,7.293927470592242e-07,7.293486087052427e-07,7.292946785662481e-07,7.29229781628039e-07,7.29153194804953e-07,7.290619654972013e-07,7.289541654763507e-07,7.288270530425976e-07,7.286712883394682e-07,7.284623165830066e-07,7.282318330280858e-07,7.279681477898287e-07,7.276462842843099e-07,7.272278888428478e-07,7.267377572779521e-07,7.261584752765844e-07,7.254577450124867e-07,7.246037808450781e-07,7.235804037326603e-07,7.223508568207234e-07,7.208489777711485e-07,7.190522304141214e-07,7.16892162640259e-07,7.142798650416434e-07,7.111743928926359e-07,7.074007594629121e-07,7.028521589744075e-07,6.973576419250802e-07,6.90683561260236e-07,6.826064835101633e-07,6.72773121071594e-07,6.607693567599026e-07,6.460053635744764e-07,6.276060873494175e-07,6.041890485551708e-07,5.735465461498567e-07,5.349378692579556e-07,4.881221098395788e-07,4.280018755169559e-07,3.416102217473808e-07,2.7060546933290347e-07,2.132557377261366e-07,1.5942893972419206e-07,1.1089181462910335e-07,7.674403396055972e-08,5.3193555733013095e-08,3.6942687525508854e-08,2.571184152988771e-08,1.793354880127253e-08,1.2516191017847504e-08,8.674256121587092e-09,5.892726349378041e-09,4.3384537178414566e-09,3.2492456815673115e-09,2.4562014812240927e-09,1.874177780052818e-09,1.436469925688169e-09,1.103127435277206e-09,8.452268823200614e-10,6.442090681459883e-10,4.863956223060909e-10,3.6298900257332647e-10,2.6573398096752485e-10,1.975229001386727e-10,1.45038932469123e-10,1.0514870675472356e-10,7.080213778613191e-11,4.6940310923741916e-11,2.1572055597817213e-11
0.3,0.0001,6.520951575894e-06,0.5,4.288063879546064e-06,4.288061990172325e-06,4.288061990172325e-06,4.288060100798585e-06,4.28805934504909e-06,4.288058022487472e-06,4.288054999489489e-06,4.2880534879904975e-06,4.288051598616757e-06,4.288048197744027e-06,4.288046497307662e-06,4.288042718560182e-06,4.288038561937956e-06,4.288033271691485e-06,4.288026847820771e-06,4.288020046075309e-06,4.288008331958124e-06,4.287990193970225e-06,4.287973945356066e-06,4.2879565631176626e-06,4.287937858317642e-06,4.287915563707517e-06,4.287890623974156e-06,4.2878592603700815e-06,4.287823362269032e-06,4.28777253811544e-06,4.287707165784055e-06,4.287637825767817e-06,4.287548836264689e-06,4.287441330898913e-06,4.287315876482613e-06,4.287177007512764e-06,4.286995627633776e-06,4.286774570906259e-06,4.28650835814637e-06,4.286203602162196e-06,4.285803243866805e-06,4.28533467917942e-06,4.2847918621040745e-06,4.284119056115454e-06,4.283322685084273e-06,4.282401237511541e-06,4.2812515535910815e-06,4.279859085145103e-06,4.278106691001757e-06,4.275970565051928e-06,4.273563125033113e-06,4.270621370120781e-06,4.267104867716905e-06,4.262893453651657e-06,4.257760403076304e-06,4.251633919788743e-06,4.244246090592722e-06,4.235509437484104e-06,4.224976556761384e-06,4.212311517773689e-06,4.197047267332624e-06,4.178683688209355e-06,4.156333908370582e-06,4.129058720130421e-06,4.096091982437523e-06,4.056376779622035e-06,4.008263688409415e-06,3.9496993374196185e-06,3.8781149341164835e-06,3.789923880330399e-06,3.6798442428353436e-06,3.5391384238358274e-06,3.349663523061351e-06,3.09168711011441e-06,2.7676808637209596e-06,2.290621363065901e-06,1.8065904511869973e-06,1.4389768920747809e-06,1.1417880386644218e-06,8.642231655989224e-07,6.008618485571574e-07,4.1462967993170956e-07,2.862276516609052e-07,1.977278742057941e-07,1.3667956356073516e-07,9.456353353452121e-08,6.54777584398396e-08,4.535838430049439e-08,3.1361525763856374e-08,2.1498239094400216e-08,1.4248523118733557e-08,1.029481963154791e-08,7.566941826521322e-09,5.581965775848837e-09,4.109576820690768e-09,3.0044821204829476e-09,2.179392608462508e-09,1.591230563369852e-09,1.2010748861721859e-09,8.813928494562289e-10,6.3653001282273e-10,4.4645901463345526e-10,2.817056245528912e-10,1.4548177793811283e-10
0.4,0.0001,1.3605442176869998e-05,0.5,1.809623932695522e-05,1.8096237682251713e-05,1.80962360375482e-05,1.8096232748141185e-05,1.8096232748141185e-05,1.8096231103437678e-05,1.809622945873417e-05,1.809622616932715e-05,1.80962163011061e-05,1.8096211366995572e-05,1.809620314347803e-05,1.809618998584996e-05,1.8096183407035924e-05,1.809617682822189e-05,1.809616367059382e-05,1.8096134065930664e-05,1.809609952715698e-05,1.8096045251941192e-05,1.8096002489649967e-05,1.809596137206225e-05,1.809590709684646e-05,1.8095824861671024e-05,1.809570479831489e-05,1.8095597892586825e-05,1.80954613821956e-05,1.8095264017774554e-05,1.809503046987632e-05,1.8094795277274573e-05,1.8094486073014937e-05,1.8094107791207932e-05,1.80935823084369e-05,1.809306093742464e-05,1.8092393187800104e-05,1.809169172175364e-05,1.8090718057276482e-05,1.808955854130284e-05,1.8088244423199383e-05,1.8086510905701205e-05,1.8084565221450402e-05,1.8082208361322422e-05,1.8079297236112006e-05,1.807591408099459e-05,1.80719412996693e-05,1.8067168370087026e-05,1.8061389704309176e-05,1.805431830157348e-05,1.8045787224473804e-05,1.8035637759121558e-05,1.8023505603689565e-05,1.8008812644894507e-05,1.799143964173201e-05,1.7970190072399486e-05,1.7944048332480304e-05,1.7912120525617482e-05,1.7873582655353157e-05,1.782820528554786e-05,1.777436838324552e-05,1.7708315445632245e-05,1.7628218384758097e-05,1.7531595343028435e-05,1.7415334541404783e-05,1.7275098896734673e-05,1.7105233096003413e-05,1.6899258652090186e-05,1.664838462474095e-05,1.6341805311903478e-05,1.5963187985384535e-05,1.5490126849284968e-05,1.488350098594662e-05,1.4061902505798901e-05,1.2784554216332534e-05,1.0953023079606528e-05,8.561689966083378e-06,6.7905646774734985e-06,5.448679044677129e-06,4.372113692498747e-06,3.411263100379124e-06,2.405678217526114e-06,1.6582048798124171e-06,1.142832101247794e-06,7.876238397683114e-07,5.427390002460395e-07,3.739529473682438e-07,2.575605694638954e-07,1.772250265809837e-07,1.2182483359361556e-07,8.342594077577669e-08,5.6758718085562135e-08,3.784462773540379e-08,2.4718249032393898e-08,1.7534184106351143e-08,1.2491523148648057e-08,8.993238785623118e-09,6.733416164656372e-09,5.013056294546318e-09,3.5788748349517015e-09,2.5805398051650826e-09,1.751609236775534e-09,1.0114926578562943e-09,6.381449613792556e-10
0.5,0.0001,2.6666666666664e-05,0.5,6.833775882296718e-05,6.833775250469735e-05,6.833774618642754e-05,6.833772723161806e-05,6.833772091334823e-05,6.833770195853875e-05,6.833767668545944e-05,6.833765773064995e-05,6.833764509411031e-05,6.833758191141203e-05,6.833753136525343e-05,6.833748713736463e-05,6.833740499985689e-05,6.833734181715862e-05,6.833730390753966e-05,6.833717754214313e-05,6.833705749501642e-05,6.833696903923884e-05,6.83368616286518e-05,6.833668471709665e-05,6.833646357765271e-05,6.833622980166913e-05,6.833589493336831e-05,6.833552847371836e-05,6.833504828521154e-05,6.83344954366017e-05,6.833373724422248e-05,6.833286532298641e-05,6.833196181040119e-05,6.833090665934013e-05,6.832963036883514e-05,6.8327775956641e-05,6.832560247182061e-05,6.832306252735027e-05,6.832019087371403e-05,6.831645045797663e-05,6.831217614843886e-05,6.830651813780905e-05,6.830048734925947e-05,6.829310761010186e-05,6.828356070439372e-05,6.82724089581496e-05,6.825864460733212e-05,6.824226449280639e-05,6.8222226100051e-05,6.819848836031207e-05,6.816805325455684e-05,6.812959078698678e-05,6.808169830170037e-05,6.802348808178696e-05,6.795183258368231e-05,6.786654225929165e-05,6.776835318704976e-05,6.76550508133824e-05,6.752005781939996e-05,6.735401684748911e-05,6.71498703902534e-05,6.690487631858807e-05,6.660951615899917e-05,6.625375649900189e-05,6.582602542740864e-05,6.530848962763353e-05,6.468250388541797e-05,6.392274141616162e-05,6.299904511798163e-05,6.186970177348209e-05,6.047755315467573e-05,5.8740600755751606e-05,5.652581024637355e-05,5.357612281864213e-05,4.8852132539906024e-05,3.922242906481309e-05,3.047424111853708e-05,2.4155611150453515e-05,1.9460132064310412e-05,1.581667017739274e-05,1.2793523385521156e-05,9.93266767241828e-06,6.9208053104571884e-06,4.767374678501162e-06,3.2829350923361477e-06,2.2601209362497416e-06,1.5549767505103307e-06,1.0691713018049297e-06,7.341892721327665e-07,5.035155590296506e-07,3.4443416133291145e-07,2.3455313077671187e-07,1.5868966496748365e-07,1.0599529461277694e-07,6.876804879384027e-08,4.386142913697529e-08,3.17556241490115e-08,2.3409189707936253e-08,1.6497002517522684e-08,1.1973121321603022e-08,8.308524822115025e-09,5.206254337203636e-09,3.550867642607334e-09,1.819661710090591e-09
0.6,0.0001,5.2734374999997004e-05,0.5,0.00026457045777791773,0.0002645704330622409,0.00026457035891521043,0.00026457030948385683,0.00026457021062114953,0.0002645701364741191,0.0002645701117584423,0.0002645700376114118,0.00026456986460167414,0.0002645698151703205,0.0002645696668762596,0.0002645694938665219,0.00026456929614110733,0.0002645690984156928,0.00026456880182757105,0.0002645684558080956,0.00026456810978862016,0.0002645673930339925,0.00026456657741665755,0.00026456581123067625,0.00026456477317225,0.000264563562104086,0.00026456178257535523,0.00026455985475256353,0.0002645575561946196,0.0002645552823523525,0.00026455213110355844,0.0002645485967617737,0.00026454446924374544,0.0002645391800889068,0.0002645321114053373,0.00026452351034980524,0.0002645150328726573,0.00026450431862675745,0.00026449065085747803,0.00026447498111837654,0.00026445582646884397,0.00026443190169368584,0.0002644035157388624,0.0002643671713361041,0.0002643235852400387,0.0002642727080193124,0.0002642095100336933,0.00026413502934160757,0.000264043235317912,0.0002639342021096372,0.0002637986489801385,0.0002636295690350386,0.000263418348860967,0.0002631624674588884,0.0002628602441627794,0.0002625075267389348,0.0002620865446157237,0.0002615732741552808,0.0002609317293321616,0.0002601691271239964,0.0002592596025749971,0.0002581685784532977,0.0002568545077061701,0.00025526767474969844,0.000253352370448339,0.00025103596778576704,0.00024822603013069004,0.0002448099281438562,0.00024063608057935164,0.00023550494542040035,0.0002291118278032117,0.00022101190733428533,0.00021036816290256245,0.00019512114837949118,0.00015896636429374046,0.0001215595334518325,9.504210851136248e-05,7.59057732952952e-05,6.17238685067815e-05,5.078396847760798e-05,4.1837585509078964e-05,3.38305959849817e-05,2.5004454784163714e-05,1.721521037281755e-05,1.1850994023650677e-05,8.154616261720679e-06,5.607591618776416e-06,3.851814653427349e-06,2.643514645234874e-06,1.8101514543448014e-06,1.236030997580299e-06,8.411239134103727e-07,5.689054489562751e-07,3.815606186891553e-07,2.534592657505692e-07,1.6907994509991652e-07,1.0588195948078386e-07,7.43200401864419e-08,5.2693822972229504e-08,3.610960382853063e-08,2.476510816987522e-08,1.6781944558228815e-08,8.576339855236229e-09,1.9772541452994184e-10
0.7,0.0001,0.00011303344867358699,0.5,0.0012082898346731526,0.001208289607548367,0.0012082893804235815,0.0012082891532987957,0.0012082891532987957,0.001208289039736403,0.0012082884719244388,0.001208287790550082,0.001208287109175725,0.001208286541363761,0.0012082856328646183,0.0012082843836782973,0.0012082831344919762,0.0012082812039312981,0.0012082787055586561,0.0012082760936236213,0.0012082731410014078,0.0012082680306937307,0.0012082639424475892,0.0012082579236407697,0.0012082511098972003,0.0012082442393724344,0.0012082343594442592,0.0012082245930784762,0.0012082124419024443,0.001208197451666592,0.0012081790545589546,0.0012081561149556044,0.001208129257449702,0.0012080961540121944,0.0012080589055473486,0.0012080122314038987,0.0012079554502074877,0.001207889072988883,0.001207809920001086,0.00120770748672276,0.0012075898360837964,0.0012074444762209839,0.0012072735648197865,0.001207056660649496,0.0012067791709426349,0.0012064441618838092,0.0012060138739774058,0.0012054778594832846,0.0012048354370270892,0.0012040433393371542,0.0012030523938973872,0.0012018837800940498,0.001200516886352845,0.0011989588103233238,0.001197112967190391,0.0011947210025103762,0.0011917845061567786,0.0011883431114046935,0.0011842253390409588,0.0011792729398711773,0.0011733208509573814,0.0011661288878387524,0.0011574382418220483,0.0011469217964347445,0.0011341716923430197,0.001118646293714309,0.001099665702502785,0.0010762528846618015,0.0010470544035937033,0.0010098712371238805,0.0009606815163293365,0.0008885180099044601,0.0007686171889080399,0.00063066806716397,0.0004856695598854592,0.0003765485922464941,0.00029894573111141425,0.00024264501718432362,0.00020057355751546726,0.0001677817352136876,0.00014068404485040808,0.00011640349676586995,9.106534211697826e-05,6.289937032441987e-05,4.322343658164523e-05,2.9703947278550007e-05,2.0406594178192966e-05,1.400633128112417e-05,9.601813875513474e-06,6.5644741170897605e-06,4.471746342161465e-06,3.038134695173469e-06,2.044463757978842e-06,1.3750134522917193e-06,9.325743698562601e-07,6.280000323070042e-07,4.0916530133854176e-07,2.530170112079576e-07,1.7147921316158702e-07,1.1878626289206625e-07,7.233924422776884e-08,2.6005787956293662e-08,0.0,0.0
0.8,0.0001,0.000296296296296295,0.5,0.008274249710580883,0.008274248930550848,0.008274245030400678,0.008274241130250506,0.008274235670040268,0.008274229429799993,0.008274222409529686,0.008274213049169277,0.008274203688808867,0.008274194328448456,0.008274177947817738,0.00827415766703685,0.008274138946316031,0.008274105405024561,0.008274071863733091,0.008274034422291451,0.008273986840459368,0.00827392755817677,0.00827387139601431,0.008273789492860723,0.008273696669286656,0.00827357966478153,0.008273446669660704,0.008273282083323496,0.008273087855844987,0.008272845656519376,0.008272563285647006,0.008272222802537092,0.008271806266498845,0.008271336298403258,0.008270746595697426,0.008270022727825715,0.008269113992835907,0.008268097223686367,0.008266882716923165,0.008265331237185201,0.00826347437568886,0.00826134840383073,0.008258761044207388,0.00825549739854442,0.008251513005129881,0.008246699439789017,0.00824080163270066,0.008233797743023848,0.00822560118742479,0.008215279439997636,0.008203101611104177,0.008188984627545769,0.008171040816639726,0.0081472717414385,0.008117974983400129,0.008083541337571732,0.00804320559448979,0.007995098022162394,0.007937357078913,0.007867532300389264,0.007783045687328252,0.0076799795388833485,0.007553966466893233,0.007398570053530955,0.007204528612185796,0.006957331244132095,0.0066324846162819,0.006172973213317593,0.005536052949426733,0.004861745065968075,0.004221916070079796,0.0035957454000898315,0.00294957085987358,0.00239237434565509,0.0018638610958530964,0.0014628843166979513,0.0011825251417865678,0.0009794033708136374,0.0008260705269067557,0.0007040172773851043,0.0006000088526589225,0.0005025140687330767,0.0003983734289161031,0.00030400968554741516,0.0002064712199396558,0.00013897483106791635,9.414767504922281e-05,6.397689335756483e-05,4.3536986342176484e-05,2.9595899556474757e-05,2.0045991848132534e-05,1.3557312008890134e-05,9.213324748597903e-06,6.240630288376371e-06,4.160290187245219e-06,2.6723828970661144e-06,1.713725985071294e-06,1.0019485788912505e-06,5.179399426888208e-07,1.1037424983504238e-07,0.0,0.0,0.0,0.0
0.9,0.0001,0.0013462603878116339,0.5,0.17052942833634688,0.1705292511906893,0.17052912235748374,0.17052894521182613,0.1705286231288123,0.17052826883749708,0.17052776960882565,0.17052717375525006,0.17052662621412656,0.17052582100659197,0.17052469371604356,0.17052361473794725,0.17052216536438503,0.1705206998866721,0.17051902505500016,0.17051691541125957,0.17051433874714894,0.17051166545813418,0.17050854125290002,0.17050461989220664,0.17049928941832773,0.17049234852937972,0.17048390995441737,0.17047510098398913,0.17046414210944355,0.17045096086210257,0.1704347520344316,0.17041481509587553,0.1703916492751058,0.1703624846582035,0.17032856126477186,0.17028702060806317,0.17023436808737732,0.17016953277669336,0.1700879088889135,0.1699843753041179,0.1698491648549121,0.1696728163527649,0.16944737434723467,0.16916163840151546,0.1688081925542139,0.16835970000953113,0.1677467679821375,0.16704318569050144,0.1662444037120526,0.16526974830390198,0.16413488075259702,0.16278781685970556,0.1611653800420649,0.15914231221559658,0.1567765158541119,0.1537897031815864,0.15012962428110163,0.14548265081794068,0.139360215068425,0.13065973025131072,0.11937489964367745,0.10709436550293976,0.09524638079770027,0.08424613468901175,0.07388623792426913,0.06379238172895,0.0552171630479895,0.04798994230066057,0.041870993099769584,0.036674988879158855,0.03223125784979991,0.028401111065937602,0.025065683791318006,0.022121748420008646,0.01945665641792252,0.01692076801683425,0.014718388524491482,0.012816214557264217,0.01116379986311134,0.009705907205161025,0.008399143949375043,0.007184029415174354,0.005873763506612971,0.004881635094962065,0.004173374547550132,0.0036193353992352976,0.003169240491558716,0.0027920410219871832,0.0024641041493809334,0.0021663947676226186,0.001874160797099412,0.0015377370370787441,0.0011611817335348718,0.0009227517304719486,0.0007347679794501323,0.0005773176981393897,0.0004487260548678053,0.00031289559586039417,9.815479846465955e-05,4.923038866389897e-05,3.9181398632406344e-05,2.9663845573733042e-05,2.0500583830272617e-05,1.1836550758248525e-05
1.0,0.0001,0.0013462603878116339,0.5,0.17052955716955243,0.1705293639197441,0.17052923508653858,0.17052892910767545,0.17052876806616854,0.17052842987900402,0.17052818831674363,0.1705278823378805,0.170527334796757,0.17052685167223625,0.1705261591937565,0.17052537009037264,0.1705245568307627,0.17052313966550184,0.17052189964589862,0.17052025702252807,0.17051845335765065,0.17051632760975935,0.17051386367470356,0.1705101275117431,0.17050606926576886,0.17050102866660244,0.17049504597462053,0.17048777495058334,0.17047901429260717,0.17046804736598625,0.1704552606703372,0.17043939002983075,0.1704212889644535,0.17039826808104,0.17036927255771997,0.17033378706167124,0.17029050715668786,0.17023479484737064,0.17016202019039578,0.17006834234582335,0.16994350296966287,0.1697815435261585,0.16956821989402363,0.16929322541681568,0.16893800006086268,0.16847383012548175,0.1678873491655989,0.16722310126202683,0.1664304791212175,0.16550567411153239,0.1643899946557763,0.16307144316168415,0.16149953311683807,0.15959400948626698,0.157263279912913,0.15442067990982986,0.15087884573579738,0.1464543752706655,0.14075534179905522,0.13310702971944507,0.12232896452577176,0.10997601807144977,0.09856833695026643,0.08820092759922622,0.07880306864056746,0.07030299192673348,0.06262855891470172,0.05570334735736572,0.04944504894054125,0.043766805927473715,0.038562636902462394,0.033671427889914236,0.028927475231289104,0.02461158700219459,0.02102794645296699,0.01805677091076297,0.015575958705039607,0.013488103880339409,0.011717017699740906,0.01019342815904464,0.008865061185106018,0.007675673031634993,0.006584866436621953,0.005500147210570297,0.004535315334341473,0.0037386107913318523,0.0030772857911102814,0.002530807541545104,0.00207681542940118,0.0017025630194061913,0.0013954166053426608,0.0011498122031466766,0.0009664422912979736,0.000811439840892338,0.0006718088023217342,0.0005477424253944598,0.0004370505456164718,0.00033069068237449574,0.00022453212101616337,9.013493142029525e-05,3.4020018335782324e-05,1.5419724287106073e-05,0.0,0.0
1/0.9,0.0001,0.0013462603878116308,0.5,0.1705293639197441,0.1705292028782372,0.17052899352427822,0.170528848586922,0.17052852650390818,0.17052814000429156,0.1705276729839215,0.170527125442798,0.1705265779016745,0.17052594983979752,0.17052508021566018,0.17052387240435832,0.17052264848890578,0.17052097365723384,0.1705193632421647,0.17051739853578032,0.17051469303846417,0.17051153662492863,0.1705078004619682,0.1705034523412815,0.1704981218674026,0.1704911487701532,0.17048374891291046,0.17047432798475592,0.17046282156908688,0.17044912498892376,0.1704325377137115,0.17041328520155982,0.17038885520496083,0.17036027838955875,0.17032480899766075,0.1702818511756912,0.17022897319689567,0.17016475789601332,0.17008314206030883,0.16998220124377456,0.16985420545407853,0.16969326057206777,0.16948951085751895,0.16921599796217462,0.16885760814061074,0.168386432899679,0.1678162412882206,0.16710646695064368,0.1662850022759459,0.16534810304909145,0.16415992270692228,0.1627842658944781,0.16115312478338867,0.15915653218065717,0.15672693117413275,0.1537779390995063,0.15007344495141436,0.14540979564021236,0.1393553596669915,0.13111232935441983,0.1191422751869388,0.10651772417912943,0.09480570681817821,0.08397345920950336,0.07392636946779234,0.06420564644399514,0.05518551839188071,0.04764096535517587,0.04131361234018626,0.035976117051600066,0.03145515051552471,0.02758939745448351,0.024253382378363674,0.021333611285166903,0.01872895816062595,0.0163381601051927,0.013989707914002735,0.011924068765181454,0.010133190583383106,0.00855423497260948,0.007130450905823753,0.005712214718951244,0.004383155266532887,0.0035355374511121056,0.002898183479194824,0.00239806907947046,0.001997703789129213,0.0016691388546459943,0.0013961815525005067,0.0011697088813260182,0.0009763382918978968,0.0008140004008522857,0.0006837258738334401,0.0005714316310616484,0.00040649291967936077,0.00030430403146648185,0.00023586944310297555,0.00019157497662601969,0.00014719998939560633,0.00011246333635405248,8.243714738976082e-05,5.769311985227938e-05,3.708785904251205e-05,2.1305791364847344e-05
1/0.8,0.0001,0.000296296296296295,0.5,0.008274245810430712,0.008274245030400678,0.008274237230100335,0.008274234109980199,0.008274230209830029,0.00827422474961979,0.008274217729349482,0.008274209929049139,0.008274200568688729,0.008274190428298285,0.008274174827697602,0.008274160007126953,0.008274137386255962,0.008274105405024561,0.008274071863733091,0.008274036762381554,0.008273982940309196,0.008273925998116702,0.00827384721508325,0.008273780132500312,0.008273679508625904,0.008273567964331017,0.00827343535922521,0.008273266872737828,0.008273083175664782,0.008272816015378078,0.008272525064175333,0.008272167810419683,0.00827176141477188,0.00827124230478414,0.008270610090441445,0.008269879982329463,0.008269011418886415,0.008267963448535507,0.008266692779609845,0.008265132329526487,0.008263327340027419,0.008261119855030717,0.008258404570481772,0.0082551522352543,0.008251268075699153,0.00824640497845112,0.008240446719035113,0.008233502501655915,0.008224987303787899,0.008215098083014693,0.008203198334828413,0.008189083301345093,0.008170861019716848,0.008147090384455555,0.008117788946236978,0.00808332097908708,0.008043072599368964,0.007995025089354199,0.007937465113072733,0.0078677226277176,0.007783250445212222,0.007680255279500427,0.0075543826129164625,0.007399024811040876,0.007205123775101868,0.006958679136031141,0.006635016593772814,0.006183349952862156,0.005532701160369905,0.004860046160553653,0.004221970672182188,0.0036018233941160836,0.0029543937855748526,0.002377438330560805,0.0018364258794912722,0.0014471955726206918,0.0011720961402297162,0.0009714412142398482,0.0008190311458633892,0.000697024308128771,0.0005922413135786586,0.0004920729767106953,0.00038508015707377943,0.0002956079820493711,0.00020928205816778705,0.0001418527518789862,9.650921597767221e-05,6.578929314195863e-05,4.4892678541563794e-05,3.055260639338415e-05,2.076712961472262e-05,1.4061991440998065e-05,9.584619044862778e-06,6.492579989413252e-06,4.340867140155553e-06,2.7932875523624506e-06,1.808889649240023e-06,1.0674711017615229e-06,5.741021051490543e-07,1.3416516587722467e-07,0.0,0.0,0.0,0.0
1/0.7,0.0001,0.00011303344867358699,0.5,0.0012082897211107598,0.0012082893804235815,0.0012082892668611887,0.0012082892668611887,0.0012082891532987957,0.0012082886990492244,0.0012082884719244388,0.0012082882447996533,0.001208287109175725,0.0012082863142389752,0.0012082856328646183,0.0012082846108030828,0.0012082827938047977,0.0012082816581808695,0.0012082806361193342,0.0012082772292475496,0.001208273595250979,0.0012082695070048375,0.0012082643966971605,0.0012082604220134117,0.0012082549710185563,0.001208246908088666,0.0012082386180339898,0.0012082268075451364,0.0012082138614323546,0.0012081975084477883,0.001208178543528187,0.001208157420923122,0.0012081279514821845,0.0012080950183882661,0.001208050956179851,0.0012079955945133503,0.001207934384383619,0.0012078676664778359,0.0012077759648456321,0.0012076701246955218,0.0012075445246890603,0.0012073887170861082,0.0012071967966422387,0.0012069609275523468,0.001206682642908736,0.0012063357665798604,0.0012059104186375447,0.001205403589678379,0.0012047562272580958,0.0012039920091355986,0.0012030466589965498,0.0012019298864255359,0.00120062914277815,0.0011990815712699648,0.0011971448782227743,0.0011947007884044538,0.0011917592385243757,0.0011883310170098579,0.0011842208533264424,0.001179278674772015,0.001173320907738578,0.0011661289446199489,0.0011574435224733144,0.0011469270203048143,0.0011341725440609661,0.001118662306011697,0.0010996588319780191,0.001076281672728382,0.0010471037464533845,0.0010099473239270713,0.0009608284660656486,0.0008895018009134792,0.0007684441198213789,0.000631162517822318,0.00048464227447998917,0.00037580487213590124,0.0002983773513353389,0.0002421476139037622,0.00020010147864850516,0.00016729341692455198,0.0001401331536828274,0.00011564830685360202,8.93858678895301e-05,6.323619638153065e-05,4.349962032098892e-05,2.991619539073478e-05,2.055910847175324e-05,1.4117622426089968e-05,9.680739738524934e-06,6.619892564787015e-06,4.5141051146841615e-06,3.062437047237429e-06,2.063201552794512e-06,1.387051065930877e-06,9.408644245322837e-07,6.340188391265831e-07,4.1563835772940967e-07,2.560831958141581e-07,1.7397758580367638e-07,1.2060326117722214e-07,7.381555533445799e-08,2.6573599920404878e-08,0.0,0.0
1/0.6,0.0001,5.2734374999997004e-05,0.5,0.00026457030948385683,0.0002645701611897959,0.0002645701611897959,0.00026457008704276546,0.0002645699634643814,0.00026456993874870457,0.00026456979045464367,0.00026456976573896684,0.0002645696915919364,0.00026456956801355235,0.00026456932085678416,0.00026456914784704643,0.00026456887597460147,0.000264568529955126,0.0002645681592199738,0.0002645677637691447,0.00026456717059290114,0.00026456650326962713,0.0002645656876522922,0.0002645646495938659,0.0002645637351138237,0.00026456244989862923,0.00026456074451692896,0.0002645590885665822,0.00026455708659676015,0.0002645544420193408,0.0002645509818245865,0.00026454655771843637,0.0002645417875928109,0.0002645363995752649,0.0002645290466614121,0.0002645206680469714,0.00026450996615890994,0.00026449802848700773,0.00026448317436524114,0.0002644651319211653,0.0002644437034293656,0.0002644179744097999,0.0002643858687456156,0.00026434815262279404,0.0002643029476498971,0.00026424670712730175,0.00026418142066699163,0.00026410261473146305,0.00026400859629685405,0.0002638981172214855,0.0002637641829688182,0.0002636032962705829,0.00026341298555909785,0.0002631857619842877,0.0002629023843917511,0.0002625551909216749,0.0002621136947867064,0.00026156620547171134,0.0002609223003014562,0.00026016523440489786,0.00025925648839971826,0.00025816802235056934,0.0002568540751818258,0.00025526820613675004,0.0002533543724181611,0.000251035572334938,0.0002482272906302076,0.00024481012586927077,0.0002406354379717544,0.0002355047353371474,0.00022911799436457734,0.00022101729535183132,0.00021038127456911348,0.00019519005568645488,0.0001588982231727581,0.00012150599929584851,9.499069990358471e-05,7.585582291244958e-05,6.167268234009506e-05,5.072934683184408e-05,4.1773497759094455e-05,3.373299377723437e-05,2.505635770547782e-05,1.7260291767330376e-05,1.1882778384036365e-05,8.17829388011064e-06,5.62467015145644e-06,3.8641230604818374e-06,2.6508552012492982e-06,1.816206795164781e-06,1.2396147707186543e-06,8.440156475978731e-07,5.706849776870446e-07,3.8284583388359993e-07,2.546209025609326e-07,1.6979669972758758e-07,1.0637627301710873e-07,7.444361857052311e-08,5.289154838675944e-08,3.625789788942809e-08,2.4863970877140188e-08,1.6856091588677543e-08,8.601055532052471e-09,2.224410913461846e-10
1/0.5,0.0001,2.6666666666664e-05,0.5,6.833772723161806e-05,6.833772723161806e-05,6.833772723161806e-05,6.833770827680857e-05,6.833768932199909e-05,6.833763877584047e-05,6.833763877584047e-05,6.833761350276117e-05,6.833760086622152e-05,6.833753768352325e-05,6.833749345563446e-05,6.833741763639654e-05,6.83373607719681e-05,6.833727863446036e-05,6.833719017868279e-05,6.833708908636556e-05,6.833699431231815e-05,6.833686794692163e-05,6.83367226267156e-05,6.833643198630359e-05,6.833613502762172e-05,6.833581279586057e-05,6.833552847371836e-05,6.833503564867188e-05,6.833450491400644e-05,6.833380358605567e-05,6.833298537011311e-05,6.833208817579773e-05,6.83308055670229e-05,6.832938395631188e-05,6.832766538691902e-05,6.832566881365379e-05,6.832343846440496e-05,6.832050046893555e-05,6.831701910226104e-05,6.831277322493748e-05,6.830778179177439e-05,6.830157409166965e-05,6.829400164528235e-05,6.828535825215943e-05,6.827445923670836e-05,6.826174371868211e-05,6.824657987109803e-05,6.822802627175192e-05,6.820630406008771e-05,6.818040231293313e-05,6.815017255094727e-05,6.811420579995876e-05,6.80713426574544e-05,6.802059747334124e-05,6.795847308527018e-05,6.788107743902798e-05,6.778207330997844e-05,6.766265485111884e-05,6.752091078582658e-05,6.735162538235971e-05,6.714798122757522e-05,6.690290817753706e-05,6.660889696855615e-05,6.625363013360536e-05,6.582596224471036e-05,6.530855912860162e-05,6.468257654552098e-05,6.392310155754175e-05,6.29992757348303e-05,6.186969545521226e-05,6.047793541000024e-05,5.874125153754375e-05,5.652648314211009e-05,5.357542149069136e-05,4.8894057419341115e-05,3.9221677190703716e-05,3.047262995973127e-05,2.4151580094304077e-05,1.9454875263814595e-05,1.5810541455660838e-05,1.27848736741284e-05,9.89849215092564e-06,6.9298341180395476e-06,4.773673993518385e-06,3.287572702388948e-06,2.263090523068292e-06,1.557074416092796e-06,1.0706055490555913e-06,7.351875587653857e-07,5.042295235200681e-07,3.4492066810956756e-07,2.34976454855101e-07,1.5898030537951198e-07,1.0614061481879111e-07,6.885650457141411e-08,4.3937248374895735e-08,3.1812488577451825e-08,2.344709932689647e-08,1.6528593866656204e-08,1.1979439591429724e-08,8.327479631595136e-09,5.218890876857043e-09,3.563504182260741e-09,1.819661710090591e-09
1/0.4,0.0001,1.3605442176869998e-05,0.5,1.809623932695522e-05,1.809623932695522e-05,1.8096232748141185e-05,1.8096231103437678e-05,1.8096231103437678e-05,1.8096224524623642e-05,1.8096224524623642e-05,1.8096219590513115e-05,1.809621465640259e-05,1.8096204788181537e-05,1.8096194919960487e-05,1.809618011762891e-05,1.8096171894111362e-05,1.809614886826224e-05,1.809612584241312e-05,1.809608965893593e-05,1.8096045251941192e-05,1.809601071316751e-05,1.809597452969032e-05,1.8095926833288566e-05,1.809585611103769e-05,1.8095787033490326e-05,1.809569493009384e-05,1.8095592958476298e-05,1.8095449869271042e-05,1.809528539892017e-05,1.8095091323906142e-05,1.8094908761816676e-05,1.8094648898662298e-05,1.809431502385003e-05,1.809389726915882e-05,1.809343675217638e-05,1.8092885776500964e-05,1.809220733630362e-05,1.809128794704225e-05,1.809019586391247e-05,1.8088940955135322e-05,1.808742042674152e-05,1.8085624410510012e-05,1.808343366543641e-05,1.8080860526797033e-05,1.8077739701889255e-05,1.8073914943879755e-05,1.806926701176414e-05,1.8063550022367868e-05,1.8056692431088302e-05,1.8048515787594754e-05,1.803858589016092e-05,1.8026249791493845e-05,1.8011131676841788e-05,1.799269866226793e-05,1.797025174878106e-05,1.7943608374291724e-05,1.791240505932449e-05,1.7875028349737313e-05,1.782952269305834e-05,1.7774490091305168e-05,1.770770279357525e-05,1.7627759512479167e-05,1.753140373506967e-05,1.7415301647334608e-05,1.7275061068553975e-05,1.710522322778236e-05,1.689908349116651e-05,1.6648415874107616e-05,1.634172801083857e-05,1.596316249248015e-05,1.548980366504551e-05,1.4882926162070328e-05,1.406005385905511e-05,1.2790220219920038e-05,1.0971530928190036e-05,8.563188290979812e-06,6.79103506267699e-06,5.448683978787655e-06,4.371807777646127e-06,3.409554253433575e-06,2.4076058100383216e-06,1.6594301839264057e-06,1.143674189444253e-06,7.882619847296907e-07,5.431616890477777e-07,3.7424077048226793e-07,2.5777602562353637e-07,1.773911416353634e-07,1.219021346585249e-07,8.349666302665121e-08,5.681134859784084e-08,3.786765358452572e-08,2.474291958502454e-08,1.755227584494695e-08,1.2493167852156767e-08,8.998172896149245e-09,6.736705571673791e-09,5.0163457015637356e-09,3.577230131442992e-09,2.5805398051650826e-09,1.7532539402842433e-09,1.0114926578562943e-09,6.381449613792556e-10
1/0.3,0.0001,6.520951575894e-06,0.5,4.288062179109699e-06,4.28806180123495e-06,4.288061423360203e-06,4.288061423360203e-06,4.28806028973596e-06,4.288059156111715e-06,4.288057077800602e-06,4.288055944176359e-06,4.2880534879904975e-06,4.288051409679384e-06,4.28804933136827e-06,4.288046497307662e-06,4.288043852184426e-06,4.288038184063208e-06,4.288029304006632e-06,4.288020235012683e-06,4.288014000079343e-06,4.2880032306490275e-06,4.287987170972242e-06,4.287972055982326e-06,4.287952973307558e-06,4.287929734010563e-06,4.287897803594366e-06,4.287864739553926e-06,4.287819016709431e-06,4.287769704054831e-06,4.2877169905275e-06,4.287648595198132e-06,4.287562439755613e-06,4.287461358260551e-06,4.287337604280618e-06,4.287180786260242e-06,4.287008853249952e-06,4.286784206712331e-06,4.286527818695887e-06,4.286205869410683e-06,4.285824593790061e-06,4.285367365345113e-06,4.284820202710166e-06,4.284150986531651e-06,4.283369163678264e-06,4.282399348137801e-06,4.281241917785011e-06,4.2798469931531704e-06,4.278152602783626e-06,4.27599172603781e-06,4.273553678164417e-06,4.270669171276388e-06,4.267102222593669e-06,4.2629108358900604e-06,4.25784259083397e-06,4.251805097049538e-06,4.244529496653641e-06,4.235791520983404e-06,4.225240691210161e-06,4.212592089773998e-06,4.1973225490864626e-06,4.178798940007462e-06,4.15621601144924e-06,4.128908703855508e-06,4.0960541949627335e-06,4.0563248218442e-06,4.008184712587105e-06,3.949619983722561e-06,3.878023677364867e-06,3.789739288516054e-06,3.6796082600552848e-06,3.538726351423252e-06,3.349111636992056e-06,3.0925244805557365e-06,2.768695268481674e-06,2.291488774549685e-06,1.8071289227027423e-06,1.4393955772954443e-06,1.1421198126930702e-06,8.645670316195034e-07,6.011837978423609e-07,4.148188062430291e-07,2.8636935469136436e-07,1.9781554114730483e-07,1.3675532744768733e-07,9.460547763153714e-08,6.550704373280117e-08,4.5383135096481265e-08,3.137966375175515e-08,2.1507685963097493e-08,1.4252301866212469e-08,1.0296331130539475e-08,7.56618607702554e-09,5.583477274840403e-09,4.110332570186551e-09,3.0046710578568936e-09,2.180904107454073e-09,1.5908526886219609e-09,1.201452760920077e-09,8.821485989520112e-10,6.3653001282273e-10,4.4645901463345526e-10,2.817056245528912e-10,1.452928405641672e-10
1/0.2,0.0001,2.604166666666667e-06,0.5,7.29599971358668e-07,7.295997905872524e-07,7.295995495586982e-07,7.295994290444212e-07,7.295992482730055e-07,7.295989469873128e-07,7.295987059587587e-07,7.295981636445118e-07,7.295976213302649e-07,7.29596958501741e-07,7.2959617515894e-07,7.295950905304463e-07,7.295943071876452e-07,7.295931020448744e-07,7.295912943307181e-07,7.295893058451462e-07,7.295871365881587e-07,7.295850275883098e-07,7.295821352456598e-07,7.29578700588763e-07,7.295738197605411e-07,7.295678543038255e-07,7.295608042186161e-07,7.295529707906058e-07,7.295447155626256e-07,7.295323628492246e-07,7.295171177931736e-07,7.294991611658883e-07,7.294784628387993e-07,7.294524618835188e-07,7.29423327557034e-07,7.293852450454758e-07,7.293421611914187e-07,7.29290550952258e-07,7.292295707280541e-07,7.291543698191545e-07,7.290621763971862e-07,7.289536231621038e-07,7.288179240861087e-07,7.286513130980417e-07,7.284626479972687e-07,7.282416549416681e-07,7.279693228040303e-07,7.276198012719209e-07,7.272115290297337e-07,7.267434214489749e-07,7.261425975205788e-07,7.254371069425362e-07,7.24573501632961e-07,7.23546087292261e-07,7.223102736379157e-07,7.208183370162002e-07,7.190138466168704e-07,7.168689636419205e-07,7.142911029979813e-07,7.111702351500764e-07,7.074025370484991e-07,7.028385408610972e-07,6.973346236981575e-07,6.906542461623356e-07,6.825616521990886e-07,6.727258493464084e-07,6.607118111925955e-07,6.459269087800954e-07,6.274893090149243e-07,6.04005324539758e-07,5.735551026635297e-07,5.35070465091316e-07,4.88259375601176e-07,4.281168461372929e-07,3.4185170223008537e-07,2.7079666523349526e-07,2.1344000405579615e-07,1.596131457967131e-07,1.1093532028313022e-07,7.677102915862626e-08,5.321121107460572e-08,3.695287098192235e-08,2.572051855783767e-08,1.7938550143771463e-08,1.2520891074653734e-08,8.679920292609983e-09,5.8931481493478304e-09,4.339297317781036e-09,3.2491854244287704e-09,2.4559604526699273e-09,1.873755980083028e-09,1.4363494114110863e-09,1.103127435277206e-09,8.453473965971444e-10,6.441488110074469e-10,4.864558794446323e-10,3.630492597118679e-10,2.656737238289835e-10,1.975229001386727e-10,1.449786753305816e-10,1.0514870675472356e-10,7.080213778613191e-11,4.6940310923741916e-11,2.1572055597817213e-11
0.2,0.0003,7.812499999998e-06,0.5,6.566398657600031e-06,6.566397572971538e-06,6.566395946028796e-06,6.5663937767718094e-06,6.566391065200575e-06,6.566387269000847e-06,6.5663840151153655e-06,6.566380218915638e-06,6.566374253458922e-06,6.566370457259194e-06,6.566363407173984e-06,6.566355272460281e-06,6.566346053118084e-06,6.5663368337758875e-06,6.566326529805197e-06,6.566309718063544e-06,6.5662896524364095e-06,6.566267417552288e-06,6.566241386468439e-06,6.5662055937281444e-06,6.5661562431316794e-06,6.566107163692337e-06,6.566046153339565e-06,6.565976194801718e-06,6.5658742397233055e-06,6.5657514055463885e-06,6.565628571369472e-06,6.565491908179261e-06,6.565305894392584e-06,6.565078664723144e-06,6.5648150999991635e-06,6.56450001542173e-06,6.564123649334401e-06,6.5636545475108565e-06,6.56307644052369e-06,6.5624072247430495e-06,6.561593211058494e-06,6.560584777716434e-06,6.559429648370595e-06,6.558004446529815e-06,6.5562454502700836e-06,6.554194960102659e-06,6.551676995054429e-06,6.5486725741267554e-06,6.545056693885733e-06,6.5406411712876965e-06,6.535433056417856e-06,6.528935047111829e-06,6.521364611382612e-06,6.512174011840863e-06,6.500975493800068e-06,6.4876372748982385e-06,6.4714435003295e-06,6.45197387655253e-06,6.428387003013302e-06,6.40033579859382e-06,6.366510574387886e-06,6.3253982736467245e-06,6.275932706560987e-06,6.215977968469363e-06,6.143122659073135e-06,6.054612093155315e-06,5.946469209186461e-06,5.813502975195511e-06,5.647796416649495e-06,5.436755640950415e-06,5.160764328317522e-06,4.812829878851642e-06,4.3912727453302085e-06,3.849405907711336e-06,3.0718897008130492e-06,2.4335793244731046e-06,1.9179952045146632e-06,1.4336131347500336e-06,9.962681488736471e-07,6.895091797586874e-07,4.778981606290216e-07,3.319028268569582e-07,2.3101936139674044e-07,1.6111722423185726e-07,1.1245373991724344e-07,7.793598041805302e-08,5.294885149340065e-08,3.898751352191392e-08,2.92014529370989e-08,2.2074901418946823e-08,1.684102662237992e-08,1.2909248332553992e-08,9.921639146533156e-09,7.597280284437442e-09,5.790831528105004e-09,4.371595144039562e-09,3.265274080419576e-09,2.389978885967293e-09,1.7755368442607027e-09,1.3048080779753362e-09,9.457960465457134e-10,6.366769258283644e-10,4.2192048406683777e-10,1.9360618613349752e-10
0.3,0.0003,1.9562854727688e-05,0.5,3.8592576616350946e-05,3.8592573215478216e-05,3.8592573215478216e-05,3.8592569814605486e-05,3.8592559611987296e-05,3.859254600849637e-05,3.8592532405005444e-05,3.8592529004132714e-05,3.859249159453267e-05,3.859248139191448e-05,3.859245758580536e-05,3.8592426977950784e-05,3.859238276660528e-05,3.859235896049617e-05,3.859231134827793e-05,3.859224673169604e-05,3.859216170987776e-05,3.859206308456856e-05,3.859196105838663e-05,3.8591831825222855e-05,3.859170259205908e-05,3.8591483235767926e-05,3.8591202663767614e-05,3.859090678784002e-05,3.85905428944578e-05,3.859003616442088e-05,3.858954983962034e-05,3.858884585896502e-05,3.858804665387323e-05,3.8587199836563206e-05,3.85861795747439e-05,3.858471379859683e-05,3.858304737095863e-05,3.858121260012024e-05,3.85788234870267e-05,3.857607558186004e-05,3.8572786937929136e-05,3.856878751159746e-05,3.856389875704662e-05,3.855783330053084e-05,3.855082070095947e-05,3.854234062480467e-05,3.85318574346113e-05,3.851967040717969e-05,3.8504772884181455e-05,3.848680267267074e-05,3.84648449378829e-05,3.84392125601092e-05,3.840726136080126e-05,3.8368964132977233e-05,3.8323186685581326e-05,3.826760792297462e-05,3.8200807980791905e-05,3.812082625590376e-05,3.802560181943518e-05,3.791087167741783e-05,3.7772180686574064e-05,3.76055549271177e-05,3.740391378202275e-05,3.715958148153529e-05,3.686355591553631e-05,3.6505823214269325e-05,3.607252992266452e-05,3.5545217803974284e-05,3.490033751497265e-05,3.410575761009695e-05,3.3113859069367414e-05,3.1846224569352175e-05,3.0140224376053818e-05,2.781346628403496e-05,2.489317087863469e-05,2.0600749158558572e-05,1.624818640510708e-05,1.2942827184736979e-05,1.0270963831901416e-05,7.777105558680217e-06,5.397781877294334e-06,3.7244793748683744e-06,2.5711141986154354e-06,1.7760139602118853e-06,1.2278340864441016e-06,8.494699907543802e-07,5.881809388300507e-07,4.074602623399698e-07,2.817487022741508e-07,1.9309985323099663e-07,1.2800714915925813e-07,9.251054002922831e-08,6.797834458400965e-08,5.0147568855267485e-08,3.691987436796201e-08,2.7008030793401834e-08,1.958392562158339e-08,1.4290467215749482e-08,1.079607048462559e-08,7.922333026912998e-09,5.721968369942528e-09,4.014730258970077e-09,2.531949748245e-09,1.3059351287119945e-09
0.4,0.0003,4.0816326530609995e-05,0.5,0.00016286612433793639,0.00016286612433793639,0.0001628660503262785,0.0001628660355239469,0.00016286600591928376,0.0001628659763146206,0.00016286593190762588,0.00016286588750063114,0.00016286582829130481,0.00016286569507032063,0.00016286562105866272,0.00016286545823301535,0.00016286536941902588,0.00016286514738405222,0.00016286492534907854,0.0001628646885117733,0.00016286442206980487,0.00016286409641851017,0.00016286369675555754,0.00016286322308094701,0.00016286239415037865,0.00016286150601048393,0.0001628605734635945,0.0001628592708584156,0.00016285808667188933,0.0001628565916363999,0.00016285469693795788,0.00016285228415791059,0.00016284964194172386,0.00016284641503343976,0.0001628426996482136,0.00016283766685547694,0.000162832293609114,0.00016282532171094056,0.0001628170768122514,0.000162806803994136,0.00016279439964027333,0.00016277956770403178,0.00016276074653942988,0.00016273969762392539,0.00016271462987539742,0.00016268338215343544,0.0001626455918009158,0.0001626005335035912,0.00016254633476651696,0.00016248095286793522,0.0001624016049695093,0.00016230656659961028,0.00016219361740850142,0.00016206065546509857,0.00016190101972019148,0.00016171037309062767,0.0001614833275277126,0.00016120841862563885,0.00016087102168080693,0.00016045628255347794,0.00015996059687591255,0.00015937517946431901,0.00015865280347979646,0.000157780368858898,0.00015673342214985621,0.0001554698137135016,0.00015393923042479921,0.00015208484613281966,0.00014982572168849233,0.00014706255565042362,0.00014365414857768732,0.00013939099567028874,0.0001339254271652806,0.00012652138232259607,0.00011498048546670557,9.834834886792688e-05,7.702776617200528e-05,6.109421080973692e-05,4.9022361721295535e-05,3.934137042706331e-05,3.071617023499099e-05,2.1608029172842267e-05,1.4891634044797424e-05,1.0262856146246956e-05,7.072968493436561e-06,4.87349004420433e-06,3.3575980695934973e-06,2.312879111454239e-06,1.5911026213606065e-06,1.0937738849900264e-06,7.490867918557526e-07,5.096738809069533e-07,3.397727190502499e-07,2.2199056668104022e-07,1.5751161032559507e-07,1.1218687103258011e-07,8.079112575482547e-08,6.046752449770282e-08,4.508790198776079e-08,3.213586185667389e-08,2.3195253583329338e-08,1.5734878467823284e-08,9.088631589128408e-09,5.7433046524133905e-09
0.5,0.0003,7.999999999999799e-05,0.5,0.0006150396588134243,0.0006150396588134243,0.0006150394882201391,0.0006150393744912821,0.0006150391470335683,0.0006150389764402831,0.0006150388058469978,0.0006150385215248555,0.0006150381803382849,0.0006150380097449996,0.0006150376685584289,0.000615037298939644,0.0006150369008886449,0.0006150363322443606,0.0006150355930067909,0.000615034455718222,0.0006150332047007963,0.0006150322380055129,0.0006150304183438028,0.0006150288261398065,0.0006150270633425248,0.000615024106392246,0.0006150196141023991,0.0006150155198635514,0.0006150094922341367,0.0006150023273161533,0.0006149945368894569,0.0006149864621406184,0.0006149759990857854,0.0006149641144202414,0.0006149476237359936,0.0006149278917793249,0.0006149065676186598,0.000614878448158796,0.0006148470021298685,0.0006148067989789612,0.0006147616770549938,0.0006147015144897039,0.0006146310594628663,0.0006145477530752013,0.0006144439754932977,0.0006143243327358592,0.0006141820579359015,0.0006140171795256387,0.0006138194619079517,0.0006135831617755679,0.0006133066584922768,0.0006129818488770256,0.0006125861861839378,0.0006121105436722486,0.0006115435484562701,0.0006108560290842123,0.0006099972624859064,0.0006089247709333075,0.0006076493586678193,0.0006061569517434028,0.0006043834923814199,0.0006021709259030209,0.000599485218947784,0.0005962774396750365,0.0005924130184148743,0.0005877535755806877,0.000582113164491477,0.0005752720325635345,0.0005669476488841545,0.000556774062424109,0.0005442318734940241,0.0005285784326584692,0.0005086090385687216,0.00048197132354906166,0.0004388771282354124,0.0003532977272044957,0.0002743917933342652,0.00021744809588068796,0.00017516854036887493,0.0001423762460980468,0.00011518248226488305,8.96312474472183e-05,6.216737757896299e-05,4.280225333803655e-05,2.9466635037923785e-05,2.028126704752861e-05,1.3953564043973849e-05,9.59081136517474e-06,6.588028356954599e-06,4.517082737586168e-06,3.089501261591647e-06,2.104609361005107e-06,1.4234872371468166e-06,9.510575656645433e-07,6.170359130060364e-07,3.9338811595021283e-07,2.8517510862826213e-07,2.1028465637234563e-07,1.481318360870634e-07,1.0747376975222641e-07,7.460613011371484e-08,4.66856957495121e-08,3.1787215498145275e-08,1.6149497677054128e-08
0.6,0.0003,0.00015820312499999697,0.5,0.00238113412000125,0.002381133452677976,0.0023811332302368844,0.002381133007795793,0.0023811327853547016,0.0023811325629136105,0.002381131005825971,0.0023811301160616056,0.002381128781415058,0.0023811274467685096,0.0023811256672397786,0.0023811232203877737,0.0023811216633001344,0.002381118771565947,0.002381115434949577,0.0023811094290401105,0.0023811045353361007,0.0023810969723389954,0.0023810882971364326,0.002381077619964048,0.0023810673876738463,0.0023810558207370963,0.0023810413620661587,0.002381023121896668,0.0023809986533766202,0.0023809737399743893,0.0023809441553092406,0.0023809103442633556,0.0023808589603712548,0.002380800013482048,0.0023807330587135526,0.0023806520901563026,0.0023805503233570117,0.002380419639215846,0.002380273940301014,0.002380089202974651,0.0023798853357144324,0.0023796185176253627,0.0023793092132878457,0.002378933843946199,0.0023784866261320477,0.0023779579948784635,0.0023773162523299295,0.0023765744112902902,0.0023756932109069225,0.002374659415934891,0.002373434988947576,0.0023719824486210855,0.0023702611994562486,0.002368186713838354,0.002365571696368488,0.0023623821135596752,0.0023583691650512443,0.0023537085793053593,0.0023483070422842,0.0023415870969146317,0.0023332977184250705,0.002323440019020973,0.0023115913606287816,0.0022973054151987095,0.0022800448762746116,0.002259159548546481,0.002233829847813254,0.0022030503403420456,0.0021654089700849904,0.0021191039642021836,0.0020614544626607213,0.001988260110332714,0.00189182555766304,0.0017493216754468407,0.0014382395887279336,0.0010985802725626908,0.0008575780292313075,0.000684279513549688,0.0005561485512302766,0.00045746856696400856,0.00037684968710959384,0.00030472983647333423,0.00022562021942370338,0.00015494089729500157,0.0001064707610495768,7.316888282304828e-05,5.0271686644237515e-05,3.45179636729181e-05,2.3669956530147407e-05,1.6208837444213714e-05,1.1066889176655332e-05,7.527628972246202e-06,5.092121463096838e-06,3.4126912234331506e-06,2.2668971619089583e-06,1.5119320978800106e-06,9.469317258607041e-07,6.633193343943198e-07,4.717975547452557e-07,3.2276202354331255e-07,2.2155132698079897e-07,1.4970285447598164e-07,7.585241214904865e-08,8.897643653847348e-10
0.7,0.0003,0.00033910034602076104,0.5,0.010874606467935347,0.01087460340175074,0.010874602379689206,0.0108745993135046,0.010874597269381527,0.010874591137012316,0.010874589092889245,0.010874577850212355,0.010874569673720072,0.010874558431043183,0.010874543100120152,0.010874520614766374,0.010874509372089483,0.010874486886735705,0.010874457246951179,0.010874433739535864,0.01087439490119752,0.010874350952551497,0.010874305981843939,0.010874233415474926,0.010874169025598197,0.010874085216552292,0.010873985054521824,0.010873866495383718,0.010873730561199509,0.010873553233523117,0.010873313049062298,0.010873029938016993,0.010872706455541038,0.01087229047649613,0.010871807552420653,0.010871202491991697,0.01087050646808609,0.010869701594626961,0.010868646827122429,0.010867405533387685,0.010865912812515232,0.010864107340812949,0.010861978897665478,0.010859437541657706,0.010856413261574455,0.010852812027754474,0.010848558207644137,0.01084351791118231,0.010837530163677169,0.010830478450113675,0.01082217879941546,0.01081260412695183,0.010801314946262566,0.010787807892041486,0.010771197858998929,0.010750825617444566,0.010726449960856038,0.01069744640963522,0.010659653129209959,0.010613039968764962,0.01055870871063539,0.010493756700060709,0.010415199517357547,0.01032015443796531,0.010204883271818269,0.010064458660254263,0.009892721149430201,0.009680917804356917,0.009416165028349922,0.009077708839871381,0.00862519262816525,0.007903265595004535,0.0068825010556927664,0.005625670963549616,0.004497525573144096,0.0034510929804322872,0.0027194185464084627,0.0021971573665573894,0.0018109949228217411,0.0015119070115945123,0.0012652212173487867,0.0010417771024180613,0.0008096883910209213,0.0005866295932890418,0.0003967663321654252,0.00026988045873009765,0.00018406919427943293,0.00012572992183879,8.591142648113391e-05,5.8585589270674386e-05,3.991661326505449e-05,2.7048858534366076e-05,1.8198827699335812e-05,1.2222833901850893e-05,8.282786682883154e-06,5.5681912448602444e-06,3.62729638913528e-06,2.2352485779202193e-06,1.5106069493214834e-06,1.040458643037395e-06,6.377663980897197e-07,2.207652916464414e-07,0.0,0.0
0.8,0.0003,0.0008888888888888878,0.5,0.07446823335468743,0.07446819123306558,0.07446814209117343,0.07446808592901097,0.07446805082765943,0.07446800870603759,0.07446796658441575,0.07446788936144236,0.07446777001684714,0.07446764365198161,0.07446747516549422,0.07446732773981776,0.07446715223306008,0.07446687142224777,0.07446657657089485,0.07446618343575763,0.07446576572967434,0.07446519006750912,0.0744644178377753,0.07446363156750084,0.0744627084019554,0.07446143773302974,0.074460188124915,0.07445847166882481,0.07445644983097624,0.07445415069245052,0.07445134960459783,0.07444781840863314,0.074443683469422,0.07443831998290705,0.07443237381395656,0.07442505518216097,0.07441606221589703,0.07440543703678658,0.07439335515158732,0.07437754901298993,0.0743588224419446,0.07433709119520764,0.07430972267141372,0.07427670985029257,0.07423711903589326,0.07418829656603955,0.07413052325154373,0.07406155611604257,0.07397596498045318,0.07387052754070439,0.07374162835758785,0.07358942889732062,0.07341726729843392,0.07323367669948658,0.07301455300237766,0.07274483772729755,0.07237134881653152,0.0719111385066566,0.07137684679436149,0.07073614884501514,0.06995781147601937,0.06900889908922642,0.06784433101885648,0.0664034661699931,0.06459146420091674,0.06224797862766827,0.05897529709678553,0.054210309686361,0.04894225672596924,0.04287045652820361,0.036439425588666564,0.03092878016752782,0.02627004454820775,0.022282376567584396,0.018802681305873238,0.01566329364731956,0.01259539340130745,0.009304202927758914,0.0074627123132557744,0.006110531029052266,0.004982047148063022,0.00412132339687325,0.003437131362836607,0.0028666957888631678,0.0023598392929298664,0.0018657280977398846,0.0012645858614413123,0.0006722400238380743,0.00042239562386341736,0.0002752753291636815,0.00018181798069469895,0.0001206363249645819,8.117538556596023e-05,5.4480807721580416e-05,3.575774681140002e-05,2.288257106739145e-05,1.4489837914740283e-05,8.41730409872752e-06,4.282364887592816e-06,6.599054089077455e-07,0.0,0.0,0.0,0.0
0.9,0.0003,0.004038781163434901,0.5,1.5347591300015508,1.5347569559412075,1.5347555065676455,1.5347510135096023,1.5347456508274222,1.5347402156765637,1.5347327514027183,1.5347255770035853,1.5347158662007183,1.5347055031797483,1.534691661662229,1.5346760084277566,1.5346550649797825,1.5346322373461774,1.5346058587473448,1.5345696968769669,1.5345258533267092,1.5344779515304774,1.5344208462121254,1.5343470730978077,1.5342620673383827,1.5341664811519533,1.5340432843991634,1.5338889261147854,1.5337113778534115,1.5334996968446473,1.5332314177982778,1.5329208170438908,1.5325331820846713,1.5320624255516575,1.5315041268554845,1.530844661884668,1.5300459121145205,1.5291049787979178,1.5279921497768343,1.5266699587446857,1.5251222451862536,1.5233175576952374,1.5212168356541347,1.5187038393032544,1.5153965862402694,1.5112861628177725,1.5064564877650164,1.5004216585952626,1.4923890853760025,1.4820244700951073,1.469463619055358,1.4542286737932864,1.4360658489981446,1.4139658009211926,1.3868624428387293,1.3532305264825366,1.3097853365485226,1.2434071435513407,1.1310487337911186,0.9966110019958847,0.8693176673009735,0.7606228390940115,0.6655953137042087,0.5813704767544865,0.504767533025165,0.434203041899503,0.3701676887969951,0.31604242742626565,0.27023968645592117,0.2315499636482768,0.19887869208913317,0.17122623883261714,0.14778008505974,0.12780996390116986,0.11068648488750642,0.09584634898378724,0.08272995305763356,0.07044933839614242,0.05977600654649125,0.05084206790887771,0.0433681557291811,0.037079613717358,0.03178034163043806,0.027303371634051873,0.02349362075704034,0.020226515341729413,0.01739552643129485,0.014872167059444564,0.012472584189809103,0.010678404657118999,0.009212653173631236,0.007989019543714749,0.006956340880622657,0.006018451248500705,0.005095272758035431,0.004014837236067713,0.003193404769671303,0.0023795815144766236,0.0010794934291522655,0.0004351019433828009,0.0002929183969275951,0.0001626197136827124,2.3914663776869466e-05,0.0
1.0,0.0003,0.004038781163434901,0.5,1.5347625360294221,1.5347607243124692,1.5347600720943664,1.5347583328460916,1.5347557239736795,1.5347524628831648,1.5347476074817312,1.534744853671963,1.5347394185211045,1.5347330412774307,1.5347265915650787,1.5347178228550273,1.5347070250219885,1.5346945604093534,1.5346807913605123,1.5346620219728813,1.5346399914947353,1.534612598334409,1.5345816542088553,1.5345447676516966,1.5344972281988551,1.5344428766902714,1.5343737415713528,1.5342957652737046,1.5341963382473354,1.5340836494528716,1.5339466111825621,1.533776454726356,1.53356636802851,1.5333150466528187,1.5330181424785947,1.5326585528978045,1.5322221465182158,1.5316602968568154,1.5309967011713463,1.530155919567894,1.5291191826588277,1.5277590180393488,1.5259625919776372,1.5234598137103705,1.5199226900004155,1.5151992540297714,1.5095077814569107,1.502543034209627,1.493946727143336,1.4837234257847587,1.471661666531165,1.457056546550562,1.4396710207968466,1.4186093764085577,1.3927424789120364,1.3607550942682332,1.3197461563549793,1.264066731713466,1.1547128733477559,1.0245205741223413,0.8962178232100115,0.7647817440621654,0.6530656241960476,0.5587941645249844,0.4791370283566442,0.4114109904152623,0.3537544752975047,0.304216843594638,0.2608081778743925,0.22267769585573635,0.18991380932596597,0.1613893404657315,0.1356655686084809,0.11236065628924352,0.09302304175323252,0.07698978153308188,0.0636972142504386,0.05268219258349064,0.04359780897011716,0.03607316871574235,0.02985064566967903,0.024674570335549022,0.020343697194236073,0.01676084574839236,0.013784339732309449,0.011278227905849753,0.00925142391642101,0.007581383229336291,0.006195129885737092,0.005053168456052518,0.004122380754385514,0.0034214636996889036,0.0028357718431899367,0.0023279113469829634,0.0018685323964327343,0.0014558957432645686,0.0010656519116329258,0.0006779444837351935,0.00041828921006088055,9.442668757957853e-05,0.0,0.0,0.0,0.0
1/0.9,0.0003,0.004038781163434896,0.5,1.5347599996256882,1.534757970502701,1.5347557964423577,1.5347505786975337,1.5347477524190873,1.5347436941731132,1.53473767927283,1.5347312295604778,1.5347231130685295,1.5347134747343405,1.534702821838658,1.534690429694701,1.5346742691794821,1.5346545576990356,1.5346302806918684,1.5346005685338424,1.5345654212249584,1.5345233893916534,1.5344703423192756,1.5344078743187435,1.5343302603644857,1.534235761208228,1.5341243768499704,1.5339874110483391,1.533821167900751,1.5336273866554802,1.533403023628046,1.5331254685908782,1.532786822458062,1.5323804181112117,1.5318900950351078,1.5312954170625228,1.5305911664486331,1.529745384506391,1.528711981156518,1.5274280535864124,1.5258874419584354,1.5240391283231958,1.5217771634732946,1.5190853144248344,1.515799584559249,1.5118032993047779,1.5068197007797124,1.5003312901536572,1.491779623793083,1.480681480552341,1.4671726667342122,1.4512639077030574,1.4322195739073647,1.4091035149632865,1.3807494199652925,1.3438810524446303,1.2821083888788047,1.1878210585672353,1.0858353805798568,0.9614006453617406,0.8453164759224386,0.7412308730494167,0.6477962816731878,0.5631419953369755,0.4844859414880706,0.41650713279743506,0.35844450320753934,0.30845676854492077,0.2646451045056959,0.22415685404467478,0.18892062609244475,0.15941261233287796,0.13455375414889081,0.11321122116424083,0.09464358633316693,0.07914326077184992,0.06617745475881243,0.055248743287495516,0.04593579346335765,0.03846702655980699,0.032299289834396123,0.027155028249957167,0.02283843143823223,0.019165066613426967,0.016006664215283628,0.0132321284050981,0.010700869947333635,0.008293387991783996,0.006626753332570529,0.005346521665048784,0.004387905990986877,0.0036885107785306123,0.0033163841164269015,0.002802508719936655,0.002346100985189006,0.0019491175664929732,0.0014695923234276846,0.0010642025380706913,0.0007511378486280366,0.0005087301203443141,0.0003160359052452356,0.00015464815909042257,4.8481545656744464e-05,0.0
1/0.8,0.0003,0.0008888888888888878,0.5,0.07446827547630927,0.07446825441549836,0.07446823335468743,0.07446822633441712,0.07446819123306558,0.0744681069898219,0.07446805784792974,0.07446798764522666,0.07446786830063144,0.0744677278952253,0.07446755589860275,0.07446737337157476,0.07446718382427646,0.07446689599319385,0.07446665730400338,0.07446626416886616,0.07446580785129618,0.0744652672904825,0.07446466354723605,0.07446391237831315,0.07446295060128101,0.07446176417559905,0.07446037416207815,0.07445856293233881,0.07445660427692301,0.07445439991204644,0.07445140225662514,0.07444799391539082,0.07444384493563908,0.07443904658088388,0.07443286874301326,0.07442509379364766,0.07441641673954756,0.07440584421246442,0.07439344641510132,0.0743785529116439,0.07435969997573302,0.07433712629655917,0.07431007017479395,0.07427830345165239,0.07424004297847635,0.07419335818093128,0.07413441950156442,0.0740634445687553,0.07398050358520698,0.07388048228400047,0.07375333114819049,0.07360656537714129,0.0734317009741862,0.07323752029747994,0.07300565831989803,0.07273599218671006,0.07237059764760863,0.07191452227694484,0.07138344233831541,0.0707444117031671,0.06996821200647999,0.06902158822780728,0.0678633313804438,0.06642919897080536,0.0646333295828957,0.062325826405108455,0.059205344334492954,0.054541438286091384,0.0489988120235667,0.04278160798719153,0.03645124772386444,0.03079452451816663,0.026010989553589613,0.021912836558866364,0.018315572830315017,0.01499578528566876,0.011351268117677431,0.008904072091175826,0.007283562035277936,0.00603627763000953,0.004887568350264293,0.003946437933107236,0.003214823973143234,0.0026268587842118935,0.002133821690378964,0.0016927802285787489,0.0012473019559441755,0.0007283846356225392,0.0004610562524469807,0.0003025385489029712,0.00020081483214687298,0.0001341608757120369,9.045267277736007e-05,6.118165573011704e-05,4.069299683759305e-05,2.617507784162265e-05,1.702766563091209e-05,1.0207473027147467e-05,5.517932461717957e-06,1.354912169353137e-06,0.0,0.0,0.0,0.0
1/0.7,0.0003,0.00033910034602076104,0.5,0.010874606467935347,0.01087460135762767,0.010874598291443063,0.010874596247319993,0.010874594203196922,0.01087459011495078,0.010874587048766175,0.010874581938458496,0.010874574784027749,0.010874567629597001,0.010874560475166254,0.010874551276612434,0.010874531857443262,0.010874518570643303,0.010874494041166452,0.010874460824166553,0.010874431184382026,0.010874382125428328,0.010874333066474628,0.010874265610413292,0.010874195599198116,0.010874117922521425,0.010874006517814068,0.010873867517445252,0.010873703987599587,0.010873517461369378,0.010873302828446944,0.010873011540909356,0.010872674260602672,0.01087230120814225,0.010871819817159078,0.0108712530840377,0.01087053968508599,0.01086974605430375,0.010868722459676048,0.010867521537371952,0.010866120802037688,0.010864416003396639,0.010862340707449009,0.01085984330008726,0.010856868589988477,0.01085342628673725,0.010849258319795886,0.010844350891333662,0.010838228742736615,0.010831146367327061,0.010822944323505473,0.010813272555195982,0.010801766697461215,0.010788154881932754,0.010771049660076297,0.010750404017061213,0.010726220508041341,0.010697618115973168,0.01065957085325636,0.010613148818318482,0.010558632056020237,0.010493614633507288,0.010414910784973795,0.01031995871318128,0.010204640532203612,0.010064255270008718,0.009892552509276861,0.009680798223157275,0.009416211021119015,0.009078523422915093,0.008629074417876699,0.007928755809697416,0.006870886348404479,0.005613165018602459,0.004451031993898741,0.003420769436738499,0.0027004010474192715,0.0021834975141367657,0.0017996745692556487,0.0015012438435956822,0.0012538998417211589,0.0010272178358462858,0.000789789874988215,0.0005846375953565469,0.00039945230988045697,0.0002733217399197901,0.0001872191879315363,0.00012823499466205586,8.778384321398706e-05,5.9973548835747855e-05,4.088246141600767e-05,2.77295515169426e-05,1.86628436364075e-05,1.2550915654714354e-05,8.513772589883597e-06,5.737853459736676e-06,3.7642526348789064e-06,2.319057623823035e-06,1.578063010657896e-06,1.0936058428782053e-06,6.684282441517253e-07,2.4222858388984545e-07,0.0,0.0
1/0.6,0.0003,0.00015820312499999697,0.5,0.002381133452677976,0.0023811332302368844,0.0023811323404725193,0.0023811323404725193,0.0023811318955903366,0.0023811312282670622,0.0023811307833848795,0.0023811294487383317,0.002381128781415058,0.002381127001886327,0.0023811256672397786,0.002381124332593231,0.0023811216633001344,0.0023811181042426733,0.0023811152125084857,0.0023811120983332065,0.002381107204629197,0.002381101198719731,0.002381093635722625,0.002381084738078971,0.002381074950670952,0.0023810648296012957,0.0023810492587249014,0.002381029906349954,0.0023810103315339156,0.0023809843059262284,0.002380954498819988,0.002380920465333012,0.00238087553223256,0.002380816362902262,0.002380750075457041,0.002380671664972341,0.002380578462155067,0.002380461458141019,0.0023803195407247403,0.0023801508191569542,0.0023799512894980166,0.002379719728321925,0.002379439897429012,0.0023790877731814106,0.0023786765908240574,0.002378187554084733,0.002377589298769557,0.002376872259911603,0.0023759891687789585,0.002374955373806927,0.002373732615127797,0.0023722484881663355,0.002370464065731556,0.002368239432377003,0.002365483276034678,0.0023621385405646514,0.0023583105518236746,0.0023538793028429674,0.0023484966733145723,0.0023414952287439056,0.0023332513394575248,0.0023234119914434634,0.00231155643737744,0.002297267933874818,0.00227999504947015,0.0022591018250832768,0.0022337691213953166,0.0022029642556396947,0.0021653218843977282,0.002119019770249109,0.0020613360127795795,0.0019881394360406588,0.0018917964178800737,0.0017510415899651293,0.0014364233572170919,0.0010975612699232339,0.0008564704950374947,0.0006831455088660052,0.0005549882984978149,0.00045622979252630164,0.0003754009282816562,0.0003025356775482954,0.0002251931325283187,0.00015567895683608822,0.0001071234032115865,7.3689172535707e-05,5.067230304975199e-05,3.480580244512006e-05,2.3874602334185898e-05,1.6355871005593542e-05,1.1164985697938999e-05,7.600589650207752e-06,5.137721886822804e-06,3.4476144747745015e-06,2.2935900928705004e-06,1.5277254153655898e-06,9.584986626107057e-07,6.7088233150009e-07,4.7669125875487166e-07,3.2676596318754387e-07,2.237757378942608e-07,1.5192726538944345e-07,7.740949978847193e-08,2.0019698221156533e-09
1/0.5,0.0003,7.999999999999799e-05,0.5,0.0006150395450845675,0.0006150394313557105,0.0006150394313557105,0.0006150393176268537,0.0006150391470335683,0.0006150390333047115,0.0006150385215248555,0.0006150384077959986,0.0006150384077959986,0.0006150382940671418,0.0006150380097449996,0.0006150376116940005,0.0006150373273718583,0.0006150367018631454,0.0006150363038121464,0.0006150353939812914,0.0006150342566927225,0.0006150326644887263,0.0006150311291491583,0.0006150289683008775,0.0006150268643170252,0.0006150240779600317,0.000615021291603038,0.0006150176522796179,0.0006150129893964858,0.00061500809905564,0.0006150020714262252,0.0006149934280331023,0.000614984215995695,0.0006149724450590079,0.0006149595936981803,0.000614943159878361,0.0006149225749552656,0.0006148994027006762,0.0006148722215038818,0.000614835970430751,0.0006147941750758474,0.0006147435657345356,0.0006146797638458255,0.000614600665425865,0.0006145083460262921,0.0006143992516203293,0.0006142750028441872,0.0006141179432928351,0.0006139246326683521,0.0006136962366915215,0.000613403413317268,0.0006130657239089751,0.000612639411288958,0.0006121216322357945,0.0006115018383980091,0.0006107918575767174,0.0006099531072572225,0.0006089621308627928,0.0006077445781532426,0.000606206821847145,0.0006043386263473806,0.0006021136634235815,0.0005994663399575418,0.0005962650716618507,0.0005924043750217513,0.0005877468087137033,0.0005821019621990743,0.0005752555987437152,0.0005669306464200507,0.0005567501509319497,0.0005442026451778057,0.0005285345333197133,0.0005085360815070326,0.0004818080942072237,0.0004387270914409726,0.00035368178955418175,0.0002745091046501376,0.00021742694231330814,0.000175081765251075,0.00014224648147234597,0.00011498527642705198,8.889792377805177e-05,6.23525281579647e-05,4.2949930258696096e-05,2.957882855523656e-05,2.0361104705058836e-05,1.400889313284629e-05,9.63181061808022e-06,6.614299722894031e-06,4.535791134543036e-06,3.1027506734182444e-06,2.1140488561262018e-06,1.4300835108458954e-06,9.548106179416053e-07,6.195948122858514e-07,3.952646420887438e-07,2.862555327686284e-07,2.109101650851893e-07,1.487004803714667e-07,1.078149563228684e-07,7.48904522559165e-08,4.697001789171377e-08,3.20146732119066e-08,1.6376955390815454e-08
1/0.4,0.0003,4.0816326530609995e-05,0.5,0.00016286615394259956,0.00016286613914026797,0.00016286612433793639,0.00016286612433793639,0.00016286607993094165,0.0001628660355239469,0.00016286600591928376,0.00016286596151228903,0.0001628659171052943,0.0001628658430936364,0.00016286581348897323,0.00016286568026798904,0.00016286556184933642,0.00016286538422135747,0.00016286514738405222,0.0001628648809420838,0.00016286458489545223,0.0001628642740464891,0.00016286381517421016,0.00016286326748794178,0.0001628626161853523,0.00016286189087110495,0.00016286103233587344,0.00016285990735867347,0.0001628584567301788,0.000162856798869042,0.0001628548005542789,0.00016285265421620004,0.00016285000459884754,0.00016284682209755818,0.00016284307710766885,0.00016283822194291113,0.00016283204937064295,0.000162824603797859,0.0001628159074280567,0.00016280636732535445,0.00016279356330853916,0.00016277888679677916,0.00016276080574875618,0.00016273924615281226,0.000162714363433429,0.00016268335254877227,0.0001626466279641263,0.0001626026576381727,0.0001625492508258379,0.0001624852159394298,0.00016240794776859065,0.00016231704665036777,0.00016220769442583247,0.00016207958024602154,0.00016192707182376942,0.00016174044402722916,0.0001615095572592695,0.00016122852759308808,0.00016088139811524336,0.0001604605456249725,0.00015995981975350468,0.00015936323398273524,0.000158643936883181,0.0001577776452298876,0.00015673160146307207,0.00015546559504900175,0.00015393548543490986,0.0001520787105663804,0.00014981859436583733,0.0001470534374141713,0.00014363980511838785,0.00013937147879610265,0.00013388826591185306,0.00012641025381827136,0.00011511353622409789,9.856256821052928e-05,7.711532196329143e-05,6.113299291847229e-05,4.90377265414739e-05,3.9340852345458075e-05,3.068139955811336e-05,2.1653871993740528e-05,1.4924421209243546e-05,1.02853556902461e-05,7.087992859988621e-06,4.884710211540745e-06,3.3654137006668844e-06,2.3182523578171926e-06,1.5950104368973e-06,1.0962310720320382e-06,7.508334669820021e-07,5.107840557753322e-07,3.406904636081098e-07,2.2247904362312695e-07,1.5776324996242762e-07,1.1232009201678558e-07,8.093914907060933e-08,6.055633848717314e-08,4.5132308982495944e-08,3.220987351456582e-08,2.3195253583329338e-08,1.5764483130980053e-08,9.103433920706792e-09,5.7433046524133905e-09
1/0.3,0.0003,1.9562854727688e-05,0.5,3.8592563012860026e-05,3.8592559611987296e-05,3.8592559611987296e-05,3.859254600849637e-05,3.859253580587818e-05,3.859251880151452e-05,3.85925051980236e-05,3.859249839627814e-05,3.859248479278721e-05,3.859245758580536e-05,3.8592433779696244e-05,3.85924065727144e-05,3.859238276660528e-05,3.859233515438705e-05,3.859225693431423e-05,3.8592209322096e-05,3.8592137903768644e-05,3.859204948107764e-05,3.85919678601321e-05,3.859184542871378e-05,3.85916617815863e-05,3.859146793184063e-05,3.8591189060276695e-05,3.859087958085817e-05,3.859057010143965e-05,3.8590107582748226e-05,3.858958724922038e-05,3.8589015902601575e-05,3.8588288115837134e-05,3.858753652296358e-05,3.858648905416242e-05,3.8585183119033714e-05,3.8583710541141176e-05,3.8581734634084456e-05,3.8579571679027526e-05,3.857678976513355e-05,3.857354533254815e-05,3.8569443880034545e-05,3.856456702853826e-05,3.85588705667138e-05,3.855199060117895e-05,3.8543554736369654e-05,3.853340483170392e-05,3.852118549598136e-05,3.85064716201106e-05,3.8488543919509023e-05,3.8466836148866916e-05,3.844058651269253e-05,3.840898220240315e-05,3.837070708025188e-05,3.832460995081926e-05,3.827000893912272e-05,3.8202539025012e-05,3.8123839429143445e-05,3.8028455151656506e-05,3.791308734600209e-05,3.77732094505752e-05,3.760507880493536e-05,3.7401914068856904e-05,3.715698491520515e-05,3.686118720767915e-05,3.650367386270332e-05,3.606920556956995e-05,3.554110954971521e-05,3.4895083166603226e-05,3.409929085059891e-05,3.310451347110257e-05,3.1830726792316914e-05,3.0119786831376747e-05,2.7834628214603735e-05,2.4914791927022157e-05,2.0645198565153015e-05,1.6273522906953186e-05,1.2958913312754708e-05,1.028241627082313e-05,7.78781150603747e-06,5.406736375195113e-06,3.730551633129612e-06,2.5752326554927016e-06,1.778831583269536e-06,1.2296331481188116e-06,8.507555206467061e-07,5.890549631219231e-07,4.08057115504264e-07,2.8218061311099044e-07,1.9339232828586442e-07,1.280853692320716e-07,9.256495399292465e-08,6.803785985680251e-08,5.0193480637136276e-08,3.697598876802386e-08,2.703183690251898e-08,1.960092998523849e-08,1.4304070706673565e-08,1.0806273102818653e-08,7.922333026912998e-09,5.725369242673549e-09,4.014730258970077e-09,2.535350620976021e-09,1.3025342559809736e-09
1/0.2,0.0003,7.812499999998e-06,0.5,6.566402453799759e-06,6.566400826857018e-06,6.5663991999142786e-06,6.566397572971538e-06,6.56639540371455e-06,6.5663937767718094e-06,6.566389980572081e-06,6.566386184372353e-06,6.566380218915638e-06,6.566372084201935e-06,6.566366118745218e-06,6.566359610974257e-06,6.566346595432331e-06,6.566331952947666e-06,6.566320022034235e-06,6.566300498721347e-06,6.566278263837226e-06,6.566251148124882e-06,6.566222405469797e-06,6.566179562644295e-06,6.566130754362076e-06,6.5660922500505486e-06,6.566021749198454e-06,6.565942571318412e-06,6.565857427981652e-06,6.565744626618303e-06,6.565618809713028e-06,6.565466690566781e-06,6.565278236365993e-06,6.565058327938885e-06,6.56480452487135e-06,6.564489982608164e-06,6.5640935508936995e-06,6.563604925757268e-06,6.563020039842015e-06,6.562323166034784e-06,6.561523794834894e-06,6.560518344221192e-06,6.559302475679704e-06,6.557824398199853e-06,6.556083027153145e-06,6.5539896941602175e-06,6.5514901677963815e-06,6.548396265017973e-06,6.544706358882253e-06,6.54022874130295e-06,6.534864168772887e-06,6.528514753570503e-06,6.5209329292421015e-06,6.511812288238199e-06,6.50067179782182e-06,6.487446651440462e-06,6.4712447421580215e-06,6.451877886930833e-06,6.428436082452644e-06,6.4001473443930315e-06,6.366149935413716e-06,6.324900971482343e-06,6.2749980279565024e-06,6.214733086115667e-06,6.141681187804948e-06,6.0528327601113265e-06,5.944353641309412e-06,5.810631963572568e-06,5.6436656090310666e-06,5.430353078951838e-06,5.159899337093761e-06,4.816476671004736e-06,4.3943967465493175e-06,3.848745368958646e-06,3.082390531575242e-06,2.440513354433617e-06,1.923795797699212e-06,1.4393280422835765e-06,9.978815337580928e-07,6.904582296907144e-07,4.785229066414187e-07,3.322905815434721e-07,2.3128943389168298e-07,1.6132167670292822e-07,1.1257359136580228e-07,7.804769715290877e-08,5.296674786354743e-08,3.8985344264926434e-08,2.9200910622852025e-08,2.2083578446896785e-08,1.6848076707589266e-08,1.29130445322821e-08,9.918927575298795e-09,7.602703426906167e-09,5.793543099339367e-09,4.373222086780179e-09,3.265816394666448e-09,2.389978885967293e-09,1.7744522157669576e-09,1.3048080779753362e-09,9.463383607925858e-10,6.361346115814918e-10,4.2246279831371024e-10,1.9360618613349752e-10
0.2,0.001,2.6041666666665e-05,0.5,7.295999710648035e-05,7.295999107831676e-05,7.295997299382603e-05,7.295997299382603e-05,7.295995490933528e-05,7.295990668402665e-05,7.295987051504516e-05,7.295984037422727e-05,7.295978612075504e-05,7.295971981095566e-05,7.295964747299269e-05,7.295956910686616e-05,7.295947868441245e-05,7.29593400366501e-05,7.295914110725196e-05,7.29590024594896e-05,7.295879750192789e-05,7.29584900655853e-05,7.295828510802355e-05,7.295783299575504e-05,7.29573869116501e-05,7.295682026427356e-05,7.295616319444331e-05,7.295543981481369e-05,7.295446325231369e-05,7.295330584490628e-05,7.295173249421184e-05,7.295014708719023e-05,7.294827835648034e-05,7.294581886573961e-05,7.294269024884146e-05,7.29392602237643e-05,7.293466073495257e-05,7.292906659915011e-05,7.292307460455134e-05,7.291556954089393e-05,7.290612943672727e-05,7.289535108024578e-05,7.28819806134248e-05,7.286621093749886e-05,7.284675202546184e-05,7.282401982060072e-05,7.279568745177356e-05,7.276216483410381e-05,7.27220052083322e-05,7.267353877314703e-05,7.261407696759146e-05,7.254400860821646e-05,7.245853829089393e-05,7.235621624228282e-05,7.223203607252975e-05,7.208279682677358e-05,7.190363377700506e-05,7.168699363425814e-05,7.142419584297728e-05,7.110938102816249e-05,7.072975742669643e-05,7.027361231674274e-05,6.972343388310078e-05,6.905605287904985e-05,6.824502676504524e-05,6.725888551311624e-05,6.605430169752985e-05,6.457245249806998e-05,6.272591748649594e-05,6.037481915509166e-05,5.72953197337954e-05,5.3416347173996086e-05,4.871692949459801e-05,4.2656961323301805e-05,3.403757957175873e-05,2.69694161120752e-05,2.125973548418177e-05,1.5883291739004384e-05,1.1006184895833162e-05,7.616277247299264e-06,5.278709129050844e-06,3.6659041039737085e-06,2.5517819251542814e-06,1.7798755787036762e-06,1.242148316936709e-06,8.610538435570854e-07,5.850724585262254e-07,4.3100163966048717e-07,3.227930893132666e-07,2.4442093460647767e-07,1.8652946566357737e-07,1.4290967399691138e-07,1.09953703703702e-07,8.429181134259129e-08,6.433256172839407e-08,4.853274498456715e-08,3.622323495370314e-08,2.6620370370369955e-08,1.967592592592562e-08,1.4588155864197303e-08,1.066984953703687e-08,7.197627314814703e-09,4.912953317901159e-09,2.5197723765431706e-09
0.3,0.001,6.5209515758964e-05,0.5,0.00042880602897360845,0.00042880599118613364,0.0004288059533986589,0.0004288059156111841,0.00042880587782370927,0.00042880572667381014,0.00042880561331138577,0.0004288054621614866,0.00042880531101158745,0.00042880504649926395,0.000428804668624516,0.00042880429074976814,0.00042880391287502027,0.00042880357278774714,0.0004288030815505749,0.00042880228801360433,0.00042880115438936065,0.0004288001719150161,0.00042879903829077246,0.0004287974890043061,0.00042879576967420316,0.00042879346463824104,0.0004287899504030857,0.00042878639838045553,0.0004287826196329766,0.0004287786141606489,0.00042877268152710705,0.0004287652373945736,0.00042875639512547295,0.0004287464192321286,0.0004287346673274692,0.00042871951455007875,0.0004287010364749069,0.0004286811602631678,0.00042865461456212845,0.00042862219290875936,0.00042858603029538616,0.0004285394572327086,0.0004284849865878001,0.0004284191608067174,0.00042834122413996483,0.00042824673655925463,0.00042813154144236,0.000427993919459178,0.00042782858036323826,0.0004276279477658454,0.0004273877327886109,0.0004270984129878881,0.00042674942676447313,0.00042632892774501977,0.00042581981709718594,0.0004252106830035853,0.00042447280698337814,0.00042358638839977495,0.0004225063845828271,0.00042122300857656413,0.0004196562076156454,0.0004177996711917811,0.00041554016913676557,0.0004128384780517677,0.0004095588653273451,0.00040556743104658245,0.000400723265715991,0.00039484818249820285,0.00038766336651048624,0.00037881200952214513,0.00036775737824127464,0.00035362151847862444,0.00033456986722692005,0.0003085315575052932,0.00027589258836871494,0.0002285313167544966,0.00018021152805477748,0.0001435506868264938,0.00011392090435100975,8.636452061720481e-05,5.963519134410934e-05,4.1133442319273636e-05,2.8390617814724385e-05,1.9605785675749462e-05,1.3551060802813767e-05,9.376527312960378e-06,6.4924927683676675e-06,4.497162949602906e-06,3.10964466282116e-06,2.1310246407324968e-06,1.4125335950921437e-06,1.0215088059743165e-06,7.502703119380037e-07,5.543422551564096e-07,4.082747713590612e-07,2.9886113810716043e-07,2.1678674286518898e-07,1.5806500704289444e-07,1.194839952832016e-07,8.779919767252337e-08,6.312397663522715e-08,4.4286920452850177e-08,2.7792687707398728e-08,1.4434815369444343e-08
0.4,0.001,0.00013605442176870602,0.5,0.0018096240971659158,0.0018096240971659158,0.001809623768225214,0.0018096232748141614,0.0018096229458734595,0.0018096226169327578,0.001809622287992056,0.0018096211366996,0.0018096204788181965,0.0018096191630553897,0.0018096178472925826,0.0018096163670594247,0.001809614886826267,0.0018096130776524074,0.0018096107750674951,0.001809607156719776,0.0018096037028424077,0.0018096002489650395,0.0018095948214434607,0.001809589393921882,0.0018095824861671453,0.0018095760718234615,0.0018095681772466196,0.0018095556774999535,0.0018095413685794276,0.0018095250860146914,0.00180950403380978,0.0018094793632571493,0.0018094523901196063,0.0018094143974685553,0.0018093734443511884,0.0018093134126731204,0.001809250256058386,0.0018091723793472487,0.0018090761641919892,0.0018089748504558527,0.001808842534058577,0.0018086841491106883,0.001808487689276573,0.0018082575952557045,0.001807978571305452,0.0018076405024992366,0.001807227188507498,0.0018067429055593585,0.0018061584601675386,0.0018054389846176536,0.0018045848900855807,0.0018035573615685146,0.001802320544529965,0.00180082205516318,0.0017990236541115816,0.0017968551125353482,0.001794238718193693,0.0017910727461746027,0.0017872260313732576,0.001782565846216505,0.0017771432587482896,0.001770683603482658,0.0017625488176934055,0.001752989965371137,0.001741303524590002,0.00172719673812545,0.0017101406693290804,0.0016894594272939885,0.0016642811546902082,0.001633465496339975,0.0015954389643965071,0.001547851195310683,0.0014867557230133545,0.0014033686794755567,0.001273724843166358,0.0010847176540600282,0.0008565492520595716,0.0006787130536547474,0.0005443675856603763,0.0004367306224142892,0.0003410394696926606,0.00023914021910705728,0.0001645831775316435,0.0001133213875128888,7.804710242089524e-05,5.375976570778265e-05,3.7028690324733925e-05,2.549668720306667e-05,1.754191421284249e-05,1.205666354094557e-05,8.255589261967136e-06,5.615840130488453e-06,3.744167537577087e-06,2.4476477616614192e-06,1.7389450197585124e-06,1.2371459792512562e-06,8.917582424222695e-07,6.6758515418517e-07,4.981806927880955e-07,3.5525595788124346e-07,2.554224549025792e-07,1.7351622016884808e-07,9.983350297866425e-08,6.28276740327014e-08
0.5,0.001,0.000266666666666664,0.5,0.0068337739851851735,0.006833772720987642,0.006833771456790112,0.00683377019259258,0.006833768296296285,0.006833766399999989,0.006833765767901223,0.006833761343209865,0.0068337575506172725,0.006833753758024679,0.006833752493827149,0.006833748069135791,0.00683373985185184,0.00683373289876542,0.006833725313580235,0.00683371772839505,0.0068337038222222105,0.006833692444444432,0.0068336779061728276,0.0068336595753086295,0.006833634923456779,0.00683360142222221,0.006833565392592581,0.006833526834567889,0.006833469945679,0.006833404839506161,0.006833318241975296,0.006833210153086408,0.006833086893827149,0.006832946567901223,0.006832768948148136,0.006832567308641963,0.006832337856790112,0.006832055308641964,0.006831719032098754,0.006831321441975297,0.00683087265185184,0.0068302576197530745,0.006829523120987642,0.006828671683950606,0.006827684345679,0.0068263973925925805,0.006824913856790111,0.006823116167901223,0.006820888019753075,0.006818345086419741,0.006815060701234556,0.006811319940740729,0.006806712572839494,0.006801127348148137,0.006794463762962951,0.006786499318518506,0.006776707476543198,0.006764972562962952,0.006750554074074063,0.006733271861728383,0.006713831664197519,0.006690310953086408,0.006659387733333322,0.006624544237037025,0.0065812875061728275,0.006529365965432088,0.006466305896296285,0.006389907279012334,0.006296867397530853,0.006183139555555544,0.006042780128395052,0.005867242508641965,0.005642444799999991,0.005337687229629621,0.0048010682469135715,0.003968125155555549,0.003073407683950612,0.0024264621827160453,0.001950269945679009,0.001582894143209874,0.0012787421234567878,0.0009879770074074058,0.00069357511111111,0.0004751783506172832,0.0003260634074074069,0.00022391024197530827,0.00015378931358024664,0.00010559810370370352,7.247644444444432e-05,4.967000493827152e-05,3.3952869135802414e-05,2.3115851851851812e-05,1.56441283950617e-05,1.0465975308641958e-05,6.786844444444432e-06,4.321027160493819e-06,3.1352098765432042e-06,2.3258074074074035e-06,1.636503703703701e-06,1.202883950617282e-06,8.463802469135787e-07,5.259061728395052e-07,3.5966419753086356e-07,1.9974320987654287e-07
0.6,0.001,0.00052734375,0.5,0.02645704083465641,0.02645704083465641,0.02645704083465641,0.026457035891521045,0.026457033419953365,0.026457030948385682,0.02645702600525032,0.026457016118979593,0.02645701117584423,0.026456986460167416,0.026456976573896687,0.026456954329787553,0.02645691725627233,0.02645688759746015,0.026456852995512606,0.0264568134504297,0.026456741774966933,0.026456689872045618,0.02645661325344749,0.026456519333875588,0.026456408113329916,0.02645627959181047,0.02645611646834348,0.026455940987038087,0.026455646870483972,0.026455357697065224,0.026454984490345296,0.026454556909136378,0.026454092254412233,0.026453544802170752,0.02645279097402786,0.026451909860149357,0.026450824841937125,0.0264495705213387,0.026448006018996235,0.02644627839318678,0.026443960062701413,0.026441309306362872,0.02643820007421939,0.02643436790852903,0.026429717653936056,0.026424093601676517,0.026417374644934023,0.026409227122071548,0.026399518804218126,0.026387801101839546,0.026373645197943045,0.02635646038785271,0.026335838862901077,0.026310707962714324,0.026281144305890576,0.026244988978059935,0.02620152893194625,0.02614872265264451,0.026083953985763703,0.02600498986990349,0.025917909125776822,0.02580965446132168,0.02567787912302436,0.02551821585079143,0.0253218201396742,0.025086845728614502,0.024801951829305193,0.024455221778169327,0.02403079552539392,0.02350669465537013,0.022851616763410184,0.022010536102434242,0.020865278371096956,0.018496440164375554,0.01595802152009871,0.012863825158606533,0.009818809286627159,0.007728542709085471,0.006228189905793863,0.0050928851775104795,0.004168854997787702,0.0033063890974465043,0.0025438906951239628,0.0018055419806185724,0.0012131665249575931,0.000821638073808447,0.0005590883821248637,0.00038143951187275573,0.00026045380228956595,0.00017771313101183013,0.00012110187326422614,8.221422736154983e-05,5.5496580723191437e-05,3.718473577003719e-05,2.469096113942649e-05,1.6463112327299285e-05,1.0257005878740733e-05,7.214506062661254e-06,5.1210882363254945e-06,3.512097675588093e-06,2.397420651175545e-06,1.608990560737402e-06,7.909016581197675e-07,0.0
0.7,0.001,0.0011303344867358701,0.5,0.12082891532988022,0.12082891532988022,0.12082889261740165,0.12082886990492309,0.12082883583620524,0.12082879608936775,0.12082872795193207,0.12082865981449636,0.12082860303329995,0.12082846675842858,0.12082836455227504,0.1208282509898822,0.12082811471501083,0.12082798979637871,0.1208277513153538,0.12082750147808959,0.12082710400971469,0.12082672357569875,0.12082608762629894,0.12082541760818129,0.12082484979621719,0.1208240094345103,0.12082296466049633,0.1208218971740038,0.12082019373811147,0.12081815529316031,0.12081570234547534,0.12081298252616725,0.12080955294190403,0.1208051580773018,0.1208005020191961,0.12079465355596575,0.12078769218128574,0.12077924313925976,0.12076843199946309,0.12075607073300439,0.12074085905048586,0.1207230354329324,0.12070115195983555,0.12067487930025612,0.12064370074530677,0.12060533936901142,0.12055990873376288,0.12050550099136174,0.12043910106027858,0.120359164491971,0.12026370394456463,0.12014742741055393,0.12000764913934868,0.11983933263882719,0.11963693606421974,0.11939312328495003,0.11909884905642976,0.11874492618107958,0.11831421809382266,0.11778542616788516,0.11716967951776368,0.1164326311977491,0.11553465361086615,0.11442246328240258,0.11308241569086082,0.1114444485179892,0.1094301866783814,0.10691921996692806,0.10371328548012042,0.0993709037377424,0.09144870036454841,0.08162953374729276,0.07230147905403618,0.06294256945864979,0.05317301257269853,0.04432292495647185,0.035880287849452096,0.02656206198129428,0.020628608656160563,0.016479640703117738,0.013214494784692585,0.010759877732557637,0.008824206746902494,0.007208634077895407,0.005748062718851403,0.004204352332022234,0.002408294952102757,0.0015156831882806397,0.0009903094903670937,0.0006576284605943308,0.00043960002261490523,0.0002943423659559733,0.00019649700830032824,0.0001310055763597403,8.824933546216556e-05,5.906380050684893e-05,3.835002005607169e-05,2.3280290528559954e-05,1.5717035166598524e-05,1.0856564753806494e-05,6.518481347996787e-06,1.9873418743892642e-06,0.0,0.0
0.8,0.001,0.002962962962962962,0.5,0.827424113025052,0.8274239570190451,0.8274234890010247,0.8274226309679871,0.8274220069439598,0.8274216169289427,0.827420758895905,0.8274199008628675,0.827418886823823,0.8274170927547445,0.8274148696691471,0.8274124515760412,0.8274093314559045,0.8274062113357679,0.8274027012006141,0.8273978650144023,0.8273913907651186,0.8273842144888042,0.8273751661404078,0.8273638557049123,0.8273502051793145,0.8273350725966515,0.8273175999238861,0.8272966951189704,0.8272728652014264,0.8272417420030631,0.8272041445554161,0.8271576547653796,0.8271025846449672,0.8270354630605269,0.8269527408754032,0.8268535210550567,0.8267326163997604,0.8265911969545654,0.8264223984551711,0.8262210727033518,0.8259753632425882,0.8256733746148593,0.825320489027401,0.8249023149260823,0.824386052047967,0.8237666691993344,0.8230087140151314,0.8220847684396572,0.8209984206110689,0.8196664023232186,0.8181848132763162,0.8165263914206676,0.8146898107052145,0.8125067796500849,0.8097319398080306,0.8061544490608155,0.8014784810179805,0.7958057125944797,0.789124677348811,0.7810989093257351,0.7713579722620246,0.7594292459599761,0.7446673335693174,0.7259733287779099,0.7014724684001278,0.6582464020295713,0.5941230970345927,0.5321029870207464,0.47609753259437754,0.42119582066635897,0.36929098412962125,0.32382045933874437,0.28300991197500186,0.24671055130937597,0.21520892137491895,0.18790619311439857,0.16419928630689634,0.14356842793914318,0.12557009293371002,0.1097579091035432,0.09573335910418528,0.0830813499529527,0.07125250649677965,0.058337939236045515,0.04898378006477822,0.042259063137196,0.036971278537059865,0.03264125381437927,0.028957093959991353,0.02566606924282508,0.02253409264962605,0.01915472953109003,0.014891124365818999,0.012016557683896038,0.009667341229986514,0.007520659574449207,0.00511422791753332,0.0011757002690026,0.0009482045095369452,0.0007770659200400663,0.0006709818353929584,0.0005857245526581869,0.0005093596123129525,0.0004325266539472163
0.9,0.001,0.013462603878116338,0.5,17.05226645930565,17.052093339685715,17.0518880117644,17.051661748447184,17.051362211244324,17.051034491777752,17.05064477133102,17.0502437779788,17.04964550878061,17.048892639735783,17.048125276955332,17.04720250912071,17.045986645743504,17.04455176591689,17.042854388434005,17.04074474469342,17.03827356276981,17.035281411571333,17.03167649743904,17.02727603826259,17.022089696532394,17.01585980583739,17.007990512601992,16.998989097572977,16.988107522950735,16.975048667155004,16.958787500994266,16.939661406425515,16.91650283252361,16.889079879518597,16.855969745696886,16.81597589266209,16.769035514226523,16.71262267435422,16.64578722815438,16.56661922335499,16.471938090194488,16.361719672446828,16.231681071235613,16.07774954685096,15.894099422780227,15.679857048848394,15.424406568919629,15.118195806011274,14.759185974645785,14.358364936839969,13.999591031282112,13.625252464080923,13.211084306181995,12.74162737812903,12.227132777044693,11.65129666076892,10.975397404171549,10.14025950032914,8.71650683663726,6.892355869095214,4.150127400819427,3.420416929893958,2.884583523935858,2.4453693856739838,2.0746478107181052,1.7577922042026726,1.486723918933297,1.255035918557368,1.0574500676857481,0.8893420594473743,0.7469282236372801,0.6265963992553634,0.5253069278586043,0.4401465685869117,0.36886315596608005,0.30919808286162714,0.25931708650979174,0.2177514683675096,0.18306473819309943,0.1541771126826964,0.13004423766395717,0.10996155654412884,0.09317217424071116,0.07910117257401773,0.06732420717332774,0.057381504536398974,0.04908142527000266,0.04202297602192058,0.036123220416091534,0.031019815061956894,0.026372157172391553,0.022053829164467277,0.018489175408904948,0.01534000874118318,0.012808436252480229,0.010616661343367813,0.008368521906835168,0.006002016962720036,0.002428505924277385,0.00044769538922354984,3.542913152128812e-05,0.0,0.0,0.0
1.0,0.001,0.013462603878116338,0.5,17.05232926549335,17.052200432287815,17.052044222026108,17.05182601078424,17.05160779954237,17.05131067796211,17.050955581439364,17.05054814642687,17.05003442401981,17.04944984334971,17.048746897172023,17.04779916790383,17.046637253431438,17.045394012998056,17.04382627392824,17.04202099863572,17.039809093538246,17.037144661806337,17.033968923289976,17.030074134445236,17.02520101844599,17.019523500119703,17.012456998796278,17.004203621566884,16.994293932438875,16.982425173379244,16.968069933452846,16.95070402255467,16.92981854952287,16.905030235570987,16.87464733966888,16.83786787511211,16.793749749085226,16.74051425814435,16.675736922402884,16.59727186378118,16.501539934788056,16.385848521427892,16.24554191373578,16.074424039733167,15.865146575459523,15.615176338011075,15.329520107837808,14.98452813444173,14.571165989284912,14.096750593234034,13.689645715828398,13.296411343413343,12.895074167577866,12.43337782974313,11.924687969775544,11.362732020980772,10.710004221605855,9.910013626647634,8.614952451961626,6.778407730047406,4.099661018589956,3.2007506780092294,2.6589836977288486,2.232738232018835,1.8804067919451086,1.5837683362077781,1.3321973461805954,1.1188463369895367,0.9377479155958688,0.7844170760320104,0.6549920429621412,0.5460571260245951,0.4546773437558473,0.37817377068836766,0.3141879539533867,0.2608252402220502,0.21642851238820335,0.1794356678347711,0.14868157125922388,0.123033295660415,0.1017452188613283,0.08409829053358851,0.06939761657485766,0.056979705976646186,0.04674954424987424,0.038310164079996496,0.03113818056953938,0.025202995832189046,0.02040798496379653,0.016478572195071848,0.013543590731546958,0.0110249015633972,0.00883876310702681,0.006851510911696377,0.004862648301296794,0.003067840706729721,0.0018165481980005906,0.0006973097249417162,0.0002697445240825345,0.0,0.0,0.0,0.0,0.0
1/0.9,0.001,0.013462603878116325,0.5,17.052441189340655,17.052310745720053,17.052166613571362,17.051995104366497,17.05181393267122,17.05156592875057,17.051268807170313,17.050906463779754,17.05048695065424,17.049952292851284,17.04937415384146,17.04864785664527,17.047780648130537,17.046669461732822,17.04541253277135,17.043790039589183,17.041859151921273,17.039616648937482,17.036800838189073,17.03360174865421,17.02965703694233,17.02487329897942,17.018795592508447,17.01167594748774,17.00322368399731,16.992838117216362,16.98059976789836,16.965644648358705,16.947471114303355,16.925341595630638,16.89874800638624,16.86638671557168,16.82697744320699,16.779302715499888,16.721703804929152,16.652291694618672,16.568816634716846,16.467668879846173,16.343781258991573,16.191149339567726,16.001323273706802,15.75902827447792,15.447065108942562,15.037192733240591,14.513997059537642,13.902201985182831,13.428423508291802,13.01360876874261,12.592794427853304,12.149698384067245,11.635980808253775,11.068791815691801,10.415623567795471,9.628009012643664,8.394955259780186,6.539807022987153,4.099829306964681,3.0956743155773654,2.53685626054483,2.1147632500906184,1.7736459353509144,1.4898545658277238,1.2514865637449626,1.0503900080225967,0.8804735036615682,0.7371022760928646,0.6162172741346951,0.5144897698391274,0.4290878483070624,0.35746705372924387,0.29754189859112334,0.2473339879802506,0.2053134275809338,0.17004131152888774,0.13978885924738058,0.11535322619564123,0.09567636967323856,0.07954967317077587,0.0661526302105215,0.054985206913504586,0.045624669324073344,0.037699816768788856,0.030892592271494088,0.0251184490410587,0.020138240439713996,0.015901238392781767,0.012890567421006851,0.011170644127155228,0.009548150944987148,0.007533521693481173,0.005437566480983151,0.003604914132291066,0.002407570528378442,0.0013962298649525817,0.0007713888181225912,0.0003293298816410645,0.0,0.0,0.0,0.0
1/0.8,0.001,0.002962962962962962,0.5,0.8274247370490793,0.8274244250370657,0.827424113025052,0.8274234109980213,0.8274232549920144,0.8274229429800007,0.827421850937953,0.8274201348718777,0.8274184188058026,0.8274171707577479,0.8274153376871676,0.8274136216210924,0.8274113595339933,0.82740831741686,0.8274041052546756,0.8273984110354261,0.8273924828071665,0.8273861645638897,0.8273788322815684,0.827368847897131,0.827356679428598,0.8273433799165155,0.8273235671536475,0.8273020383247044,0.827276414338082,0.8272466171907766,0.8272099557791707,0.8271678341573255,0.8271139340819643,0.8270497376101521,0.8269743477073496,0.8268832401993587,0.8267766490951893,0.8266387397851481,0.8264822657602936,0.826284606149635,0.8260495440988378,0.8257445523554774,0.8253681488624887,0.8248983757744099,0.8243204125205916,0.8236240407075864,0.8228112884134832,0.8218747063514553,0.8208097703473048,0.8195091092668283,0.8178781834698841,0.815893358046437,0.8137711693339725,0.8113517111754861,0.808551676363328,0.8053215719918305,0.8006046133706999,0.7944792325198721,0.787446637737803,0.7790030076254223,0.7687095752885093,0.7560599062273792,0.740289649011549,0.7199348432728886,0.6835116918408399,0.6291741756365365,0.5756473836482475,0.5206518731086202,0.45974950713223767,0.403430402629129,0.3538797747385195,0.3102618212787961,0.27180322047408273,0.2377421169900057,0.20725409708345077,0.17934680654494697,0.1524819481441079,0.12915635901880962,0.10905685711033299,0.09145021418655828,0.07556026136198471,0.06042151646181848,0.0448941996001305,0.03484089950923671,0.02791122969017634,0.02274910792854498,0.01876588455905633,0.015608751997255317,0.013049161443130168,0.010935163046024581,0.009173816227367211,0.0077102848757559135,0.00663754857126374,0.005662706036059894,0.004345703326367414,0.0035365781719229644,0.003016922163158969,0.0026477339479863498,0.0020436786895251698,0.0015628291749611274,0.0012117766580829583,0.0009502715891274953,0.0007112703866578344,0.00044641118855544065
1/0.7,0.001,0.0011303344867358701,0.5,0.12082898346731591,0.12082896075483734,0.12082890397364093,0.12082886990492309,0.12082883583620524,0.12082880176748739,0.12082877905500883,0.1208286768488553,0.12082863142389816,0.12082855193022318,0.12082841565535181,0.12082832480543755,0.1208281658180876,0.12082793869330194,0.12082768885603773,0.12082743901877353,0.12082705290663792,0.1208264964509131,0.1208260819481793,0.12082538921758308,0.12082453749963692,0.12082351543810152,0.1208224365953697,0.12082119876528795,0.12081962024802771,0.12081768968734974,0.12081532758957904,0.1208123522548871,0.1208088999581453,0.12080447102482522,0.12079964462313028,0.12079396650348917,0.120786596304195,0.1207787775334492,0.1207683922526256,0.12075555402411704,0.1207405467539056,0.12072229159925942,0.12069999930154841,0.12067366986077256,0.12064194052821804,0.12060386305790474,0.12055819394163127,0.12050282091889114,0.12043479136747098,0.1203548547991634,0.12025690155723458,0.12014017645177223,0.11999917738484414,0.11982945271065165,0.11962525049399834,0.11937983648498982,0.11908276294348646,0.1187242124006288,0.1182936178757647,0.1177712195125431,0.11712210823141045,0.11638722895309878,0.1155014479672049,0.114360452537802,0.11300610176288427,0.11135323520407436,0.10931664699803773,0.10677908965230505,0.10353893313842043,0.09912211692566707,0.09091840941502567,0.08138087185384954,0.07205994887886219,0.06181115869520106,0.05197027327031815,0.04294900170315122,0.0334608410703742,0.025434012664673083,0.020257759306160243,0.016484989491819663,0.013301597139987248,0.010504964229389546,0.00836092896538415,0.006648589781453231,0.005194377916407272,0.0037768012792857688,0.0023725909357994435,0.001555736644229045,0.0010391526755199406,0.0006989992402994742,0.00047144291756226237,0.0003178043563130489,0.000213440517309407,0.00014311132743459148,9.700499594876054e-05,6.513938852283897e-05,4.294929696537255e-05,2.6460037527582774e-05,1.8033707980172292e-05,1.2491863210446803e-05,7.631392797654775e-06,2.793634863427194e-06,0.0,0.0
1/0.6,0.001,0.0005273437499999969,0.5,0.026457035891521045,0.026457030948385682,0.026457030948385682,0.026457028476818002,0.026457021062114956,0.026457016118979593,0.026457008704276547,0.026456998818005825,0.026456988931735096,0.02645697904546437,0.026456954329787553,0.0264569345572461,0.026456897483730875,0.02645687276805406,0.026456862881783335,0.02645683075140347,0.026456773905346793,0.0264567195308578,0.026456628082853578,0.026456541577984723,0.026456425414303687,0.02645631172219033,0.026456168371264795,0.026455963231147222,0.02645573090378515,0.026455431844095673,0.026455051222672703,0.026454622405679938,0.026454078660789984,0.026453567046279887,0.026452860177922942,0.026451951876799946,0.02645082978507249,0.0264495705213387,0.02644797141704869,0.026446168408424946,0.026443918046050827,0.026441294476956784,0.026437941795396658,0.02643421714290045,0.026429413651111212,0.02642386868901749,0.026417026153890914,0.026408755052644357,0.026398946636299832,0.026387089290347242,0.026372719595846274,0.02635545693137397,0.026334629030520924,0.026309710685154787,0.026279624291766376,0.026243319434090993,0.026199284748491338,0.02614641297264603,0.026082445093694073,0.02600473406264844,0.025911260608713252,0.02580354351022886,0.02566881094120048,0.025514073503357028,0.025312952154832532,0.02507568042161276,0.02478811599342346,0.024438254466034978,0.02400982674518302,0.023479963415109523,0.022816389509243994,0.02196029036725066,0.020753646309404874,0.01833282979855507,0.015931382963626162,0.012852322482616254,0.009805717392617595,0.007712499763264047,0.006210869159481041,0.0050749638402510224,0.00415261432655175,0.003293574019017282,0.002484849886345322,0.0017691506180743364,0.0012094665881382015,0.0008282742330336081,0.0005677215680367772,0.00038921753536682734,0.0002666722665765326,0.00018246101252823038,0.00012454229547704713,8.467838034012923e-05,5.72340928033733e-05,3.8415576475486085e-05,2.5553538260313363e-05,1.7016743487983125e-05,1.068211551998011e-05,7.481435372276677e-06,5.303984244765691e-06,3.6356760596693062e-06,2.501226493803765e-06,1.6930238619126272e-06,8.6752025625012e-07,1.9772541452994187e-08
1/0.5,0.001,0.000266666666666664,0.5,0.0068337739851851735,0.006833773353086408,0.006833773353086408,0.006833772720987642,0.006833772088888876,0.006833772088888876,0.00683377019259258,0.006833767664197519,0.006833764503703692,0.006833763871604926,0.006833762607407395,0.006833755654320975,0.006833749333333322,0.006833743012345667,0.006833737323456778,0.006833729106172828,0.006833719624691346,0.006833708879012333,0.00683368865185184,0.0068336595753086295,0.006833636187654309,0.00683360015802468,0.006833563496296284,0.0068335233580246795,0.006833471525925914,0.006833400414814803,0.006833317293827149,0.006833227535802457,0.006833121343209864,0.00683299618765431,0.006832831209876531,0.00683263083456789,0.006832381471604926,0.006832092286419741,0.006831743367901223,0.006831344197530852,0.006830839782716038,0.006830267417283938,0.00682953797530863,0.006828665046913568,0.00682765526913579,0.006826401185185174,0.0068248617086419635,0.006823037155555544,0.006820839980246901,0.006818169046913568,0.006815020879012334,0.006811178666666654,0.006806570034567889,0.006801013886419741,0.0067943180641975185,0.006786228148148136,0.006776501412345667,0.006764695071604926,0.0067506646913580125,0.006733685254320976,0.006713553540740729,0.006689312553086408,0.006658309372839495,0.00662423292839505,0.006579963575308631,0.006527392553086408,0.006463900760493816,0.006386934518518508,0.006293272019753075,0.006178464553086409,0.0060366026271604836,0.005858522706172829,0.005628341412345669,0.005293988345679003,0.004749113520987646,0.004013017441975302,0.003101965906172834,0.0024384828049382676,0.001954428523456787,0.001583255703703701,0.0012768388740740718,0.000982031802469134,0.0006936828839506161,0.0004774096592592584,0.0003285485037037031,0.00022608466172839467,0.00015552063209876515,0.00010693246419753067,7.34132148148147e-05,5.033844938271596e-05,3.443105185185179e-05,2.3442646913580207e-05,1.5873896296296268e-05,1.06066172839506e-05,6.892404938271593e-06,4.386133333333325e-06,3.178192592592587e-06,2.3526716049382676e-06,1.6611555555555527e-06,1.2167901234567881e-06,8.558617283950602e-07,5.347555555555546e-07,3.6598518518518455e-07,2.0479999999999964e-07
1/0.4,0.001,0.00013605442176870602,0.5,0.001809623768225214,0.001809623768225214,0.001809623603754863,0.0018096227814031088,0.0018096227814031088,0.0018096221235217053,0.001809621301169951,0.0018096204788181965,0.0018096201498774948,0.0018096193275257404,0.0018096183407036353,0.0018096171894111791,0.0018096162025890738,0.0018096145578855652,0.0018096129131820564,0.0018096106105971444,0.001809607156719776,0.0018096023870796008,0.0018095986042615307,0.0018095941635620572,0.0018095875847480224,0.0018095814993450401,0.0018095703153611809,0.0018095568287924094,0.0018095425198718837,0.0018095264017774983,0.001809505349572587,0.0018094793632571493,0.0018094481138904838,0.0018094098745339063,0.0018093692503572411,0.00180931143902891,0.0018092486113548774,0.0018091742707562837,0.0018090817561839188,0.001808973205752344,0.001808838751240507,0.0018086723072454256,0.0018084843176343801,0.0018082466579773717,0.0018079729793135221,0.0018076351572128334,0.0018072257082743402,0.00180672432040971,0.0018061267173898204,0.0018054141495946721,0.001804552818367161,0.0018035058001135164,0.0018022807427050544,0.0018007596386650244,0.0017989440504617598,0.0017967615289057025,0.001794129345410364,0.0017909482421189936,0.0017871016917879992,0.0017825264555674713,0.0017770668622703102,0.0017703250581177592,0.001762305894985169,0.0017526860241627274,0.0017408677603953692,0.0017266792321664346,0.0017095090209465604,0.0016886645420882294,0.0016632778855498952,0.0016321834499549359,0.00159368233881403,0.0015452537150593781,0.001482203101466071,0.0013938719969459174,0.0012744772950215926,0.0010880307448079725,0.0008669470676416329,0.0006837451885099948,0.0005467816814704601,0.0004378755005267019,0.000341211012268619,0.0002403035178987675,0.0001655380923888002,0.00011404456364566834,7.857850612455929e-05,5.414035009969802e-05,3.729842170016227e-05,2.5687637280427837e-05,1.7679246955819734e-05,1.2145806471117622e-05,8.321212931964643e-06,5.661727358381447e-06,3.7767326670495343e-06,2.4654105595554813e-06,1.7493066518633822e-06,1.2447116153913197e-06,8.965278825975268e-07,6.712035019043308e-07,5.003188073494179e-07,3.56571720688211e-07,2.572316287621596e-07,1.7417410157233188e-07,1.0098479543476087e-07,6.381449613792706e-08
1/0.3,0.001,6.5209515758964e-05,0.5,0.0004288060667610832,0.00042880602897360845,0.0004288059156111841,0.00042880568888633533,0.00042880561331138577,0.0004288055377364362,0.00042880542437401183,0.00042880531101158745,0.00042880515986168827,0.00042880500871178914,0.00042880470641199083,0.00042880444189966727,0.00042880417738734377,0.00042880361057522195,0.00042880315712552446,0.0004288026281008774,0.00042880172120148246,0.0004288008143020875,0.00042879926501562115,0.00042879801802895315,0.00042879624201763803,0.00042879359689440284,0.0004287913674333903,0.00042878728638611304,0.00042878305418893667,0.0004287779906673149,0.0004287720958212478,0.00042876450053881525,0.0004287562250818364,0.0004287459846761685,0.0004287337037468621,0.00042871873990684556,0.00042870173554319046,0.00042868072570720773,0.0004286551813742503,0.0004286232131705787,0.00042858470773376854,0.0004285383802896771,0.0004284844386694156,0.00042841810275742336,0.0004283387490603662,0.0004282445826731917,0.0004281272903514462,0.0004279883080191719,0.000427822534367272,0.00042762175061997995,0.00042737601867142637,0.00042708477170948916,0.00042673240350708065,0.0004263056884480245,0.0004257981081929196,0.00042517964059304603,0.0004244399696677864,0.00042355300316579875,0.00042247199798076893,0.0004211375333085911,0.0004195321702296501,0.00041769441418075597,0.00041544367881989156,0.00041268676134048946,0.0004093644865570299,0.00040534433379542747,0.0004004617763904503,0.00039451916695521394,0.00038723895648739225,0.0003782303280289787,0.0003669071789522568,0.0003521745604939994,0.00033332008428574463,0.00030905177767071506,0.0002758137448025674,0.00023107800361790942,0.00018246298137766288,0.00014477314942339667,0.00011465879926495431,8.695468539846129e-05,6.003866710617019e-05,4.1388016536927946e-05,2.8552782762781897e-05,1.9715898377284965e-05,1.362569106552228e-05,9.4261233736211e-06,6.526085833455196e-06,4.519646497102433e-06,3.12426841556455e-06,2.1426253954927567e-06,1.4181261413609337e-06,1.024966359917521e-06,7.528587539610584e-07,5.557214979862126e-07,4.0955954550189133e-07,2.9912565043068433e-07,2.1710793640089653e-07,1.581405819924727e-07,1.1955957023277984e-07,8.776141019773424e-08,6.312397663522715e-08,4.430581419024474e-08,2.77549002326096e-08,1.439702789465522e-08
1/0.2,0.001,2.6041666666665e-05,0.5,7.295998505015319e-05,7.295996696566244e-05,7.295996093749886e-05,7.29599187403538e-05,7.295990065586306e-05,7.295986448688158e-05,7.295978612075504e-05,7.29597378954464e-05,7.295970172646492e-05,7.295962938850195e-05,7.295960527584764e-05,7.295952088155751e-05,7.295939429012233e-05,7.295923755786924e-05,7.295908082561616e-05,7.295883969907294e-05,7.295865282600196e-05,7.295838155864085e-05,7.295806809413466e-05,7.295762201002973e-05,7.295712167245258e-05,7.295654296874887e-05,7.295589795524579e-05,7.295512032214393e-05,7.295413773148035e-05,7.295294415509146e-05,7.295136477623343e-05,7.294964674961306e-05,7.294760923032293e-05,7.294494478202047e-05,7.294171971450504e-05,7.293812090084763e-05,7.293363594714393e-05,7.292828896604825e-05,7.292170621141862e-05,7.29141408661254e-05,7.290470076195875e-05,7.289356071566245e-05,7.287943070023034e-05,7.286280502507603e-05,7.284286988811615e-05,7.281913097993714e-05,7.27912507233785e-05,7.275696855709764e-05,7.271582935474425e-05,7.266581066743715e-05,7.260627652391863e-05,7.253421585648035e-05,7.244775390624888e-05,7.234419608410381e-05,7.221915991512233e-05,7.206821469907295e-05,7.188596522955135e-05,7.166719111689704e-05,7.14030128761563e-05,7.108475597993716e-05,7.06983024691347e-05,7.022755111882608e-05,6.965952932098657e-05,6.897622492283844e-05,6.814573085455142e-05,6.713551311728292e-05,6.589525462962861e-05,6.435906756365641e-05,6.24245997299373e-05,6.005444034529228e-05,5.7157407407406525e-05,5.351159215856399e-05,4.8736738040122705e-05,4.227250916280798e-05,3.493627628279267e-05,2.746573591820945e-05,2.157585841049349e-05,1.6141541280863945e-05,1.1120695891203532e-05,7.678050853587844e-06,5.3133831259644236e-06,3.686490282600251e-06,2.564290364583294e-06,1.7877061631944166e-06,1.2474350163965856e-06,8.654815297067767e-07,5.856451340663489e-07,4.312246817129563e-07,3.230643566743777e-07,2.446560329861073e-07,1.8660783179012056e-07,1.4316285686728172e-07,1.1001699942129458e-07,8.4358121141974e-08,6.43506462191348e-08,4.861713927469061e-08,3.6253375771604376e-08,2.6620370370369955e-08,1.967592592592562e-08,1.4600212191357799e-08,1.0663821373456624e-08,7.20365547839495e-09,4.912953317901159e-09,2.5197723765431706e-09
