s,q,source_radius,LD_coeff,1.0e-08,1.2e-08,1.5e-08,1.7e-08,2.1e-08,2.5e-08,3.1e-08,3.7e-08,4.4e-08,5.3e-08,6.4e-08,7.7e-08,9.3e-08,1.1e-07,1.4e-07,1.6e-07,2.0e-07,2.4e-07,2.8e-07,3.4e-07,4.1e-07,5.0e-07,6.0e-07,7.2e-07,8.7e-07,1.0e-06,1.3e-06,1.5e-06,1.8e-06,2.2e-06,2.7e-06,3.2e-06,3.9e-06,4.6e-06,5.6e-06,6.7e-06,8.1e-06,9.8e-06,1.2e-05,1.4e-05,1.7e-05,2.1e-05,2.5e-05,3.0e-05,3.6e-05,4.3e-05,5.2e-05,6.3e-05,7.6e-05,9.1e-05,1.1e-04,1.3e-04,1.6e-04,1.9e-04,2.3e-04,2.8e-04,3.4e-04,4.0e-04,4.9e-04,5.9e-04,7.1e-04,8.5e-04,1.0e-03,1.2e-03,1.5e-03,1.8e-03,2.2e-03,2.6e-03,3.1e-03,3.8e-03,4.5e-03,5.5e-03,6.6e-03,7.9e-03,9.5e-03,1.1e-02,1.4e-02,1.7e-02,2.0e-02,2.4e-02,2.9e-02,3.5e-02,4.2e-02,5.1e-02,6.1e-02,7.4e-02,8.9e-02,1.1e-01,1.3e-01,1.6e-01,1.9e-01,2.3e-01,2.7e-01,3.3e-01,3.9e-01,4.8e-01,5.7e-01,6.9e-01,8.3e-01,1.0e+00
0.2,1e-06,8.680555555555554e-07,0.5,7.29599971358782e-11,7.295999111016434e-11,7.295997303302279e-11,7.295994893016736e-11,7.295990675017038e-11,7.295987360874418e-11,7.2959840467318e-11,7.295979828732102e-11,7.295976213303788e-11,7.295968379875779e-11,7.295959040019304e-11,7.29594970016283e-11,7.295934635878195e-11,7.295923789593257e-11,7.295905109880309e-11,7.295881910881972e-11,7.295856301598091e-11,7.295824967886049e-11,7.295780377603529e-11,7.295731569321311e-11,7.295674325039697e-11,7.295612260186999e-11,7.295530913049968e-11,7.295433296485531e-11,7.295317000208146e-11,7.295177806218115e-11,7.295015111944053e-11,7.294827712243189e-11,7.294599337688118e-11,7.294366443847656e-11,7.294080222439583e-11,7.293751821034533e-11,7.293290853924691e-11,7.292742815249658e-11,7.292053473584743e-11,7.291230361072269e-11,7.289942364735946e-11,7.288872800526836e-11,7.287491405625774e-11,7.285836142030042e-11,7.283582223762902e-11,7.281196342362355e-11,7.27805393258742e-11,7.274380657421937e-11,7.270125900869529e-11,7.264622616406543e-11,7.258383290996274e-11,7.250593248125641e-11,7.241379931642662e-11,7.230207655585702e-11,7.216689870411017e-11,7.200478892429224e-11,7.180939310114405e-11,7.157398352514745e-11,7.12894764326673e-11,7.094725806574914e-11,7.053420441961864e-11,7.003598032101679e-11,6.94341531112638e-11,6.870593956627715e-11,6.78222867067091e-11,6.674976085923998e-11,6.544454905843631e-11,6.384364945309614e-11,6.185710416109104e-11,5.931939284856161e-11,5.58524351125868e-11,5.132640092246528e-11,4.618465627787085e-11,3.988163304644965e-11,3.020643957083619e-11,2.277810222572667e-11,1.6807770707620237e-11,1.111618871240632e-11,6.003466918590342e-12,3.6283594944148804e-12,2.0287493918395053e-12,8.837191424204387e-13,2.207098470494336e-13,2.784482371998014e-14,0.0,0.0,0.0,0.0,0.0,0.0,0.0,0.0,0.0,0.0,0.0,0.0,0.0,0.0,0.0,0.0,0.0,0.0,0.0,0.0
0.3,1e-06,2.1736505252988773e-06,0.5,4.288061990172453e-10,4.288061612297705e-10,4.2880612344229565e-10,4.288059722923965e-10,4.2880584003623477e-10,4.288056888863356e-10,4.288054810552243e-10,4.2880531101158774e-10,4.2880500871178944e-10,4.288046497307789e-10,4.28804271856031e-10,4.2880387508754575e-10,4.288034405315857e-10,4.288029870818882e-10,4.288021935449176e-10,4.288012110705731e-10,4.288003419586529e-10,4.2879918944067186e-10,4.2879756457925594e-10,4.287956752055165e-10,4.287934268507665e-10,4.287907817275313e-10,4.2878785319823517e-10,4.28784206706918e-10,4.2877938880388237e-10,4.287733617016535e-10,4.287670700871011e-10,4.2875981489194165e-10,4.287511048790027e-10,4.287415257541437e-10,4.2872871580019017e-10,4.2871305289189006e-10,4.2869310110520145e-10,4.286695784021452e-10,4.2864352393827813e-10,4.286061521257117e-10,4.28557708583032e-10,4.2851026640843427e-10,4.284544165206959e-10,4.283827903622332e-10,4.2828082086151474e-10,4.281920014020229e-10,4.280642230560235e-10,4.2791292200696785e-10,4.2772645971262094e-10,4.27502455562071e-10,4.272395303124883e-10,4.2691873354526606e-10,4.2652587606362094e-10,4.2606745731321673e-10,4.2550287465239246e-10,4.248288594645789e-10,4.24015767475804e-10,4.2303393551835825e-10,4.218500728269525e-10,4.2042637303306014e-10,4.1870868668530846e-10,4.166402192090893e-10,4.1414609472310815e-10,4.111368135933269e-10,4.075049649226575e-10,4.031107728418549e-10,3.9777393441496293e-10,3.9130528554318723e-10,3.834287887231932e-10,3.7375955963051627e-10,3.617727113465982e-10,3.465901196385519e-10,3.262349138690472e-10,2.957744304415365e-10,2.6011682777516655e-10,2.1249295210490124e-10,1.5594968309793694e-10,1.1786956321031125e-10,8.664218298195531e-11,5.703257901800865e-11,3.2340618129380835e-11,1.9045737511899907e-11,9.590139907943287e-12,2.3432957803603867e-12,2.539318305828954e-14,0.0,0.0,0.0,0.0,0.0,0.0,0.0,0.0,0.0,0.0,0.0,0.0,0.0,0.0,0.0,0.0,0.0,0.0,0.0
0.4,1e-06,4.53514739229025e-06,0.5,1.809623603754867e-09,1.8096232748141654e-09,1.8096227814031127e-09,1.809622452462411e-09,1.8096222057568845e-09,1.8096217945810074e-09,1.8096204788182005e-09,1.8096196564664463e-09,1.809618669644341e-09,1.809617518351885e-09,1.8096157091780254e-09,1.8096127487117096e-09,1.809609459304692e-09,1.8096058409569731e-09,1.8096020581389029e-09,1.8095977819097804e-09,1.8095938346213593e-09,1.8095882426294297e-09,1.8095810059339914e-09,1.809572782416448e-09,1.8095640654878518e-09,1.8095532104446944e-09,1.8095407106980281e-09,1.809523112370485e-09,1.8095073232168013e-09,1.8094847907787321e-09,1.8094588044632944e-09,1.8094268972152254e-09,1.8093909604435601e-09,1.8093557637884737e-09,1.8093113567937384e-09,1.8092588907518106e-09,1.8091974610757604e-09,1.8091225448309387e-09,1.8090348821339247e-09,1.808917697008929e-09,1.8087497727806898e-09,1.8085557800018374e-09,1.8083697640350023e-09,1.8081458376522915e-09,1.8077556317448504e-09,1.8074013626090743e-09,1.8069757955761957e-09,1.8064188989681467e-09,1.8058062469111523e-09,1.8049521523790797e-09,1.8040702623577097e-09,1.8028743162013515e-09,1.8015203140378064e-09,1.7998820248727809e-09,1.7978883975146988e-09,1.7954782489930358e-09,1.7925719756579708e-09,1.7890851219843313e-09,1.7848682666583512e-09,1.779818615710736e-09,1.7737198083949149e-09,1.7663576220788788e-09,1.7575008936844782e-09,1.7468100741723406e-09,1.733898575982743e-09,1.7183057998980723e-09,1.6994342251336135e-09,1.6765582907364998e-09,1.6487132136285223e-09,1.6147536222862156e-09,1.5730598126942027e-09,1.521280434481257e-09,1.4555865356439275e-09,1.3684603409142539e-09,1.2290329035483215e-09,1.0318378047294074e-09,7.604012007032253e-10,5.776116487412203e-10,4.380258264273989e-10,3.238794556345412e-10,2.1903190953922503e-10,1.3233596924743e-10,7.411790573858852e-11,3.068473995093986e-11,1.7876282436163168e-12,0.0,0.0,0.0,0.0,0.0,0.0,0.0,0.0,0.0,0.0,0.0,0.0,0.0,0.0,0.0,0.0,0.0,0.0,0.0
0.5,1e-06,8.888888888888888e-06,0.5,6.8337720913349335e-09,6.833771459507951e-09,6.833770827680968e-09,6.833768300373038e-09,6.833764509411142e-09,6.833763877584158e-09,6.833761350276228e-09,6.833758822968297e-09,6.833756295660367e-09,6.833753136525454e-09,6.8337449227746785e-09,6.833739868158817e-09,6.8337329180620076e-09,6.8337209133493366e-09,6.833710804117614e-09,6.833695008443048e-09,6.833677317287533e-09,6.8336539396891745e-09,6.83362929843685e-09,6.833602129876595e-09,6.833568327133023e-09,6.833528206119623e-09,6.833486505538766e-09,6.833431536591274e-09,6.833360140142233e-09,6.8332792662884506e-09,6.833184176327559e-09,6.8330799248754185e-09,6.832968723326468e-09,6.832842989756917e-09,6.832679346568405e-09,6.832482216549812e-09,6.832256654316999e-09,6.831967909385918e-09,6.831598606514548e-09,6.831055235309451e-09,6.8304407835688046e-09,6.829928371885858e-09,6.829296228989697e-09,6.828121978542404e-09,6.827035236132211e-09,6.825699553890846e-09,6.823835348378477e-09,6.822057387249242e-09,6.819635594424667e-09,6.816654634720428e-09,6.8131622110737174e-09,6.808987098372233e-09,6.8039223732791464e-09,6.797792387893279e-09,6.790396537147631e-09,6.781556329919599e-09,6.770857919535533e-09,6.758022986209567e-09,6.742558073068237e-09,6.723838303225679e-09,6.701393281493298e-09,6.674230407681316e-09,6.6415570548399755e-09,6.602124416938028e-09,6.5545510042778636e-09,6.497043375969172e-09,6.427630231826025e-09,6.343438338644727e-09,6.241124068032985e-09,6.116142372590962e-09,5.9629840369432635e-09,5.77315983375073e-09,5.533272187759329e-09,5.2192067903484624e-09,4.764788610661169e-09,3.7161295718486155e-09,2.706108648507301e-09,2.0614037682761597e-09,1.5757221576593542e-09,1.1908201099133837e-09,8.600378341950251e-10,6.144858593039838e-10,3.2849506204109196e-10,1.308709547474932e-10,0.0,0.0,0.0,0.0,0.0,0.0,0.0,0.0,0.0,0.0,0.0,0.0,0.0,0.0,0.0,0.0,0.0,0.0,0.0,0.0
0.6,1e-06,1.7578125e-05,0.5,2.6457035891488513e-08,2.6457033419920833e-08,2.6457033419920833e-08,2.6457033419920833e-08,2.6457030948353152e-08,2.6457028476785468e-08,2.6457018590514742e-08,2.6457003761108652e-08,2.6456991403270246e-08,2.6456974102296475e-08,2.645695185818734e-08,2.645693702878125e-08,2.6456912313104434e-08,2.6456880182724573e-08,2.645684558077703e-08,2.645679862099108e-08,2.6456756604340493e-08,2.6456689872013087e-08,2.645660089557655e-08,2.6456487203463195e-08,2.6456385869188248e-08,2.645622274572126e-08,2.645605220755123e-08,2.6455847067433656e-08,2.6455550479311858e-08,2.6455172329456575e-08,2.645465330024343e-08,2.645391677307431e-08,2.6453237091961866e-08,2.6452751428912426e-08,2.6452085341422227e-08,2.6451163446676984e-08,2.645020200684883e-08,2.644907497198601e-08,2.64477452685733e-08,2.64445717756701e-08,2.6442562391144942e-08,2.6440476388021654e-08,2.643699889229361e-08,2.643199891087369e-08,2.6426882765772733e-08,2.642130938065068e-08,2.6413682122785197e-08,2.6404599111555237e-08,2.6394149323397344e-08,2.6381786541853874e-08,2.6365884475390322e-08,2.6347404563834844e-08,2.632491824106745e-08,2.6297847160250655e-08,2.6265407834429376e-08,2.6226058005370283e-08,2.6178843647948274e-08,2.6122049494192297e-08,2.605331025383105e-08,2.5970935374570295e-08,2.587122491959065e-08,2.5751250081189392e-08,2.560670909581666e-08,2.5431933422994656e-08,2.5221137122780703e-08,2.4966454431028044e-08,2.4657994133874827e-08,2.4283578817353706e-08,2.3827531327660163e-08,2.3268413286723805e-08,2.2577177595366387e-08,2.170986742237027e-08,2.059021513221599e-08,1.905094378842758e-08,1.552832094187162e-08,1.0926832850827337e-08,8.265522918288043e-09,6.327858344115263e-09,4.869287392483308e-09,3.711896735398353e-09,2.913249184165357e-09,2.133454751207768e-09,9.961777119158468e-10,1.7354606790039822e-10,0.0,0.0,0.0,0.0,0.0,0.0,0.0,0.0,0.0,0.0,0.0,0.0,0.0,0.0,0.0,0.0,0.0,0.0,0.0,0.0
0.7,1e-06,3.767781622452902e-05,0.5,1.2082904024847417e-07,1.2082904024847417e-07,1.2082902889223489e-07,1.2082902889223489e-07,1.208290175359956e-07,1.2082899482351704e-07,1.2082896075479918e-07,1.2082892668608133e-07,1.2082885854864565e-07,1.2082880176744922e-07,1.208287563424921e-07,1.2082868820505642e-07,1.2082860871138143e-07,1.2082855193018502e-07,1.208284270115529e-07,1.2082832480539938e-07,1.208281203930923e-07,1.2082796140574235e-07,1.2082772292471743e-07,1.2082740495001753e-07,1.2082685417241234e-07,1.2082558227361273e-07,1.2082408325002746e-07,1.2082237981413513e-07,1.208204946784143e-07,1.2081855276149703e-07,1.208165313509048e-07,1.2081426010304834e-07,1.2081150053690276e-07,1.2080352277880702e-07,1.2079674310395552e-07,1.2079178610550884e-07,1.20784711168436e-07,1.2077801666537914e-07,1.207672793411378e-07,1.207536177852813e-07,1.207358566270439e-07,1.2071980458281848e-07,1.2069865358715535e-07,1.2066909329630372e-07,1.2063632486785488e-07,1.2059874139395036e-07,1.2054772916709464e-07,1.2049395737409332e-07,1.2042202695447972e-07,1.2034323736633968e-07,1.2024242803023142e-07,1.2012283547435034e-07,1.199784692824751e-07,1.1980421346880908e-07,1.1959424228260046e-07,1.193417533365192e-07,1.1903753104238778e-07,1.1867053713562389e-07,1.1822961978925238e-07,1.1769656359546459e-07,1.170542830922604e-07,1.1627858948996865e-07,1.153423981579013e-07,1.1421171419376699e-07,1.1284141925889746e-07,1.1117929736507305e-07,1.091538723422515e-07,1.0667104639174028e-07,1.0360026818675101e-07,9.974083323232937e-08,9.475190671889802e-08,8.789665041686939e-08,7.541995346398794e-08,5.9526442338948666e-08,4.283952755645705e-08,3.2218241368103034e-08,2.464250549917283e-08,1.9088180222477925e-08,1.4802914685571199e-08,1.2169436864742047e-08,9.362401638962714e-09,5.305952967353451e-09,6.356087126258972e-11,0.0,0.0,0.0,0.0,0.0,0.0,0.0,0.0,0.0,0.0,0.0,0.0,0.0,0.0,0.0,0.0,0.0,0.0,0.0,0.0,0.0
0.8,1e-06,9.876543209876548e-05,0.5,8.274255950820628e-07,8.274254000745543e-07,8.274250490610389e-07,8.274248540535303e-07,8.274247370490252e-07,8.274246200445201e-07,8.274238790159877e-07,8.274237230099808e-07,8.274230209829501e-07,8.274225139634278e-07,8.274220459454074e-07,8.274210319063629e-07,8.274183018012433e-07,8.274157277021305e-07,8.274130365985126e-07,8.274101504873862e-07,8.274071473717546e-07,8.274035202320958e-07,8.273980600218566e-07,8.27366156793459e-07,8.273402597963246e-07,8.27309838624992e-07,8.273049244357767e-07,8.272990742105204e-07,8.272758293155022e-07,8.272504393378899e-07,8.272314456065579e-07,8.271947061919485e-07,8.27156913736793e-07,8.271005565668242e-07,8.270349170394488e-07,8.269521558528234e-07,8.268395975188926e-07,8.267276632089893e-07,8.265747383207903e-07,8.264099179745702e-07,8.262081632062322e-07,8.259506752919528e-07,8.256397163188309e-07,8.252945920302124e-07,8.24830513161383e-07,8.243136262592403e-07,8.236761077123134e-07,8.229120292923423e-07,8.219790353684717e-07,8.208772039437052e-07,8.195353572774245e-07,8.179206561051911e-07,8.159720240753297e-07,8.136306859247654e-07,8.108049491229817e-07,8.07403628158984e-07,8.032913878218439e-07,7.9834264327606e-07,7.923573168178678e-07,7.85124449324526e-07,7.763670131293994e-07,7.657357887861898e-07,7.527772278315294e-07,7.369045526722136e-07,7.172817271176195e-07,6.926812569044756e-07,6.61116561541758e-07,6.188918977290717e-07,5.56670344958905e-07,4.7278544706625766e-07,4.047529435520376e-07,3.3800745059269607e-07,2.647994088002572e-07,1.8982534000895606e-07,1.427576647216176e-07,1.0899890087878702e-07,8.590287459254651e-08,7.210453330309873e-08,5.5200970450624184e-08,3.329819510915499e-08,0.0,0.0,0.0,0.0,0.0,0.0,0.0,0.0,0.0,0.0,0.0,0.0,0.0,0.0,0.0,0.0,0.0,0.0,0.0,0.0,0.0,0.0,0.0,0.0
0.9,1e-06,0.0004487534626038,0.5,1.705272301197712e-05,1.7052683556807927e-05,1.705265456933668e-05,1.7052625581865436e-05,1.7052578074620895e-05,1.705251848926334e-05,1.7052445215377693e-05,1.705235664254889e-05,1.7052251965569396e-05,1.7052148899004968e-05,1.7052017650176834e-05,1.7051823595161e-05,1.705161585161708e-05,1.7051243845736107e-05,1.7050665706726283e-05,1.7050157620771965e-05,1.7049885460625278e-05,1.704954807866829e-05,1.704916077384416e-05,1.7048756559661805e-05,1.7047754881488795e-05,1.7046577668073247e-05,1.7045714485596182e-05,1.70441475517339e-05,1.7042734412510722e-05,1.7040640067713295e-05,1.703819867846846e-05,1.7034587322675896e-05,1.703088014718671e-05,1.7026515922349316e-05,1.7021299787940344e-05,1.7014393522916293e-05,1.700668446598028e-05,1.69971411462805e-05,1.698581509709917e-05,1.6971918020259946e-05,1.6955338797123053e-05,1.6935331805511475e-05,1.691118363154958e-05,1.6882334656000837e-05,1.6847412000018798e-05,1.680530286679068e-05,1.675451601196245e-05,1.669347322876634e-05,1.6619717023806833e-05,1.653084948904596e-05,1.642341789457547e-05,1.6293628102492443e-05,1.613672053106001e-05,1.5946419392753696e-05,1.5714858615168238e-05,1.543182655635016e-05,1.5083694273569256e-05,1.4650591660494819e-05,1.4103973304818645e-05,1.3397484213982804e-05,1.2453710930405748e-05,1.1072513484916195e-05,9.73795607545181e-06,8.637447534854718e-06,7.6292254402103036e-06,6.700441900096889e-06,5.838895604743067e-06,5.0266392834107e-06,4.220980027409104e-06,3.379058250087936e-06,2.3454213900297392e-06,1.6209286639283417e-06,1.312115470268253e-06,9.971215035727685e-07,6.275368816557232e-07,1.8235293473252856e-07,0.0,0.0,0.0,0.0,0.0,0.0,0.0,0.0,0.0,0.0,0.0,0.0,0.0,0.0,0.0,0.0,0.0,0.0,0.0,0.0,0.0,0.0,0.0,0.0,0.0,0.0,0.0,0.0
1.0,1e-06,0.0004487534626038,0.5,1.7052946859671732e-05,1.7052936391973782e-05,1.705292189823816e-05,1.7052912235747745e-05,1.705289210555938e-05,1.7052871975371017e-05,1.7052839767069636e-05,1.7052794675447698e-05,1.705274555778809e-05,1.7052690803675736e-05,1.7052630413110645e-05,1.7052545866319514e-05,1.7052425085189327e-05,1.7052310745719418e-05,1.7052186743759093e-05,1.705203294911999e-05,1.7051819569123328e-05,1.7051557071467057e-05,1.705124787177378e-05,1.705088150234555e-05,1.7050432196541255e-05,1.7049921694964334e-05,1.7049331477841492e-05,1.704855686819323e-05,1.704763087952847e-05,1.7046510030640344e-05,1.704525310167887e-05,1.704365959596795e-05,1.7041672343772618e-05,1.703942742516622e-05,1.703662610815344e-05,1.703323698964041e-05,1.7029180354081224e-05,1.7024285497478545e-05,1.7018392183532993e-05,1.701141989149111e-05,1.700289676973764e-05,1.6992484631108054e-05,1.698013838398042e-05,1.6965165549875e-05,1.6946987184574442e-05,1.6924507400624188e-05,1.68978558364373e-05,1.6865575871583735e-05,1.6827194044033164e-05,1.6781240850034985e-05,1.672572340094113e-05,1.665737980102903e-05,1.6574592388361733e-05,1.6474837642525876e-05,1.635048541692383e-05,1.6199733657093222e-05,1.6009120903471027e-05,1.5769756054460474e-05,1.5464301381427094e-05,1.5063211404304743e-05,1.4170245910951817e-05,1.2699754170708067e-05,1.1133247873626559e-05,9.804779443538629e-06,8.473710193114022e-06,7.350445682382316e-06,6.342230029398177e-06,5.422072677602662e-06,4.587859152009978e-06,3.9219742615201346e-06,3.4481249263660805e-06,3.025734794331627e-06,2.655568007367084e-06,2.3686620951001685e-06,2.1304341991284327e-06,1.8960511691342904e-06,1.6621585105287046e-06,1.4268905574540651e-06,1.1856044832660143e-06,9.364724668610676e-07,6.741962426617234e-07,2.5299620736337074e-07,1.106886589478457e-07,3.508450269648883e-08,0.0,0.0,0.0,0.0,0.0,0.0,0.0,0.0,0.0,0.0,0.0,0.0,0.0,0.0,0.0,0.0,0.0,0.0,0.0,0.0
1/0.9,1e-06,0.0004487534626038,0.5,1.7052952496124473e-05,1.7052935586766248e-05,1.7052926729483367e-05,1.70529041836724e-05,1.7052859092050464e-05,1.7052809974390854e-05,1.705272140156205e-05,1.7052660205789423e-05,1.7052542645489374e-05,1.7052433942472208e-05,1.705228497907831e-05,1.7052133600061812e-05,1.7051950012743928e-05,1.7051716502558903e-05,1.7051462056977975e-05,1.7051107765662764e-05,1.7050644771330383e-05,1.704983956379581e-05,1.7049540831800482e-05,1.704906898018522e-05,1.7048645441022034e-05,1.7047742803375776e-05,1.7046037373817548e-05,1.7044727301158794e-05,1.7042446148213345e-05,1.7039894445536277e-05,1.7037591551987394e-05,1.7034725013164308e-05,1.70312593999355e-05,1.7026777614798056e-05,1.7020959185153216e-05,1.7014687423666415e-05,1.7006594282736404e-05,1.6997424579332667e-05,1.6985765174232025e-05,1.697189789007158e-05,1.6955148768144894e-05,1.693532214302106e-05,1.6911277840831123e-05,1.6882334656000837e-05,1.6847470780168822e-05,1.6805248917885865e-05,1.6754549025471366e-05,1.6693535229746504e-05,1.6619566449997867e-05,1.653093725666723e-05,1.6423452518499457e-05,1.6293713454491108e-05,1.613674307687098e-05,1.5946500718714687e-05,1.5714898070337432e-05,1.5431925596876913e-05,1.5083632272589094e-05,1.4650553815740694e-05,1.4103900030933e-05,1.3397619488848613e-05,1.2453916258327065e-05,1.107232104031543e-05,9.737726591304455e-06,8.637526445193107e-06,7.629134451758896e-06,6.700228520100227e-06,5.838634717501864e-06,5.026543463714085e-06,4.2207457120165424e-06,3.37912588752084e-06,2.3442159943504808e-06,1.6205630997076446e-06,1.3120494432504177e-06,9.969467735377658e-07,6.274628025625424e-07,1.8324107864316446e-07,0.0,0.0,0.0,0.0,0.0,0.0,0.0,0.0,0.0,0.0,0.0,0.0,0.0,0.0,0.0,0.0,0.0,0.0,0.0,0.0,0.0,0.0,0.0,0.0,0.0,0.0,0.0,0.0
1/0.8,1e-06,9.876543209876548e-05,0.5,8.274256340835645e-07,8.274254000745543e-07,8.274253220715508e-07,8.274250490610389e-07,8.274250100595372e-07,8.274241910280012e-07,8.274240350219944e-07,8.27422747972438e-07,8.274213439183766e-07,8.274201348718236e-07,8.274174827697074e-07,8.274151816811066e-07,8.274119445564648e-07,8.274086684303213e-07,8.274046122741436e-07,8.273995420789216e-07,8.27394783895713e-07,8.273886216584431e-07,8.273819914031526e-07,8.273754391508657e-07,8.273687698940735e-07,8.273604235727079e-07,8.273485671161886e-07,8.27333122521512e-07,8.273178729343439e-07,8.272805484972089e-07,8.271970072805493e-07,8.271683021752919e-07,8.271427561916728e-07,8.270972804406807e-07,8.2702672672409e-07,8.269585520991036e-07,8.268469688027155e-07,8.266991531112405e-07,8.265690051000392e-07,8.264013376441943e-07,8.262065251431604e-07,8.259331636176856e-07,8.256429924449744e-07,8.252956840722602e-07,8.248362073806325e-07,8.2431475730279e-07,8.23675093673269e-07,8.229109762517962e-07,8.219889807514073e-07,8.208759168941488e-07,8.195326661738066e-07,8.179213191307201e-07,8.159763532420193e-07,8.136288138526834e-07,8.108017509998416e-07,8.074038231664926e-07,8.03295794991537e-07,7.983414732310088e-07,7.923545087097448e-07,7.851218752254133e-07,7.763698992405258e-07,7.657400789513777e-07,7.527810499786968e-07,7.369063467412922e-07,7.17282468146152e-07,6.926832849825644e-07,6.611211637189596e-07,6.188915077140545e-07,5.566882076466875e-07,4.7277823178844163e-07,4.047532555640513e-07,3.3800351144102344e-07,2.6483349611275046e-07,1.898157846410375e-07,1.4275005942878444e-07,1.0899289464752392e-07,8.590357661957725e-08,7.210180319797915e-08,5.520604064584629e-08,3.32950359875166e-08,0.0,0.0,0.0,0.0,0.0,0.0,0.0,0.0,0.0,0.0,0.0,0.0,0.0,0.0,0.0,0.0,0.0,0.0,0.0,0.0,0.0,0.0,0.0,0.0
1/0.7,1e-06,3.767781622452902e-05,0.5,1.208288812611242e-07,1.208288244799278e-07,1.2082877905497066e-07,1.2082872227377426e-07,1.208286427800993e-07,1.2082858599890286e-07,1.2082849514898862e-07,1.208283815865958e-07,1.2082821124300655e-07,1.2082807496813519e-07,1.2082779106215312e-07,1.2082759800608532e-07,1.2082725731890685e-07,1.2082675764437843e-07,1.2082631475104643e-07,1.2082579236403945e-07,1.208251223459218e-07,1.2082431605293276e-07,1.2082340755379018e-07,1.2082227192986197e-07,1.208211192715748e-07,1.2082051739089286e-07,1.2081977923533951e-07,1.2081874581756482e-07,1.2081771239979013e-07,1.2081615659500848e-07,1.208146575714232e-07,1.2081281786065952e-07,1.2081069424391374e-07,1.208072930502487e-07,1.208019329053075e-07,1.2078735717218878e-07,1.207823490706653e-07,1.2077730122230436e-07,1.2076748375344488e-07,1.2075442407827032e-07,1.2073618595798308e-07,1.2071913456470082e-07,1.2069813120014837e-07,1.2066957025835358e-07,1.2063581383708717e-07,1.2059886631258247e-07,1.2054952913102087e-07,1.2049421856759682e-07,1.2042332156575791e-07,1.2034268091061485e-07,1.2024201920561724e-07,1.201229376805039e-07,1.1997832165136444e-07,1.1980438381239832e-07,1.1959420821388261e-07,1.193419350363477e-07,1.1903754239862706e-07,1.186708153634863e-07,1.1822931317079177e-07,1.176962342645254e-07,1.1705418088610684e-07,1.1627875983355789e-07,1.1534260824832802e-07,1.1421177665308303e-07,1.1284119213411182e-07,1.1117960966165332e-07,1.0915376445797832e-07,1.0667123944780808e-07,1.0359954138743695e-07,9.974087865728649e-08,9.475223037171756e-08,8.789651414199801e-08,7.541830680929202e-08,5.952704421963063e-08,4.283889160705724e-08,3.2217401006396146e-08,2.4641869549773025e-08,1.908787360401731e-08,1.4802960110528326e-08,1.216674543603216e-08,9.362242651612762e-09,5.300388410105163e-09,6.769454236131807e-11,0.0,0.0,0.0,0.0,0.0,0.0,0.0,0.0,0.0,0.0,0.0,0.0,0.0,0.0,0.0,0.0,0.0,0.0,0.0,0.0,0.0
1/0.6,1e-06,1.7578124999999995e-05,0.5,2.6457040834623878e-08,2.6457040834623878e-08,2.6457038363056197e-08,2.6457030948353152e-08,2.6457028476785468e-08,2.6457026005217787e-08,2.6457011175811697e-08,2.6457006232676333e-08,2.645699387483793e-08,2.645698151699952e-08,2.6456961744458065e-08,2.6456956801322704e-08,2.645693950034893e-08,2.6456899955266024e-08,2.6456862881750802e-08,2.645681839353253e-08,2.6456771433746583e-08,2.6456717059257587e-08,2.6456640440659455e-08,2.645653910638451e-08,2.6456400698594338e-08,2.6456274648642575e-08,2.6456104110472544e-08,2.645591379976106e-08,2.6455649342019125e-08,2.6455276135299203e-08,2.645496966090668e-08,2.645454578704928e-08,2.645385621966611e-08,2.6452949154326954e-08,2.6451703484215416e-08,2.6450770467415603e-08,2.6449932605971536e-08,2.6448882189706845e-08,2.644774774014098e-08,2.6445848340377657e-08,2.6442206485398787e-08,2.6440202044008992e-08,2.64371348285161e-08,2.6432508053816107e-08,2.642684569225751e-08,2.642131185221836e-08,2.6413649992405336e-08,2.6404685616424097e-08,2.6394370528704847e-08,2.6381665435037475e-08,2.636585234501046e-08,2.634738479129339e-08,2.6324928127338178e-08,2.6297828623493044e-08,2.6265380647184876e-08,2.622599374461056e-08,2.617880657443305e-08,2.6122032193218526e-08,2.605335474204932e-08,2.597095761867943e-08,2.5871299066621097e-08,2.575133905762593e-08,2.560677212079254e-08,2.5431960610239152e-08,2.522118037521513e-08,2.4966443308973474e-08,2.465800278436171e-08,2.4283554101676893e-08,2.3827483132090368e-08,2.3268536865107885e-08,2.257718253850175e-08,2.171003301740494e-08,2.05902880434626e-08,1.9051038943783325e-08,1.5528180062513767e-08,1.0926766118499935e-08,8.265441356554549e-09,6.3277298225958185e-09,4.869299750321715e-09,3.711879434424582e-09,2.9131997528117244e-09,2.1332990424438256e-09,9.963037618676094e-10,1.7362268649852847e-10,0.0,0.0,0.0,0.0,0.0,0.0,0.0,0.0,0.0,0.0,0.0,0.0,0.0,0.0,0.0,0.0,0.0,0.0,0.0,0.0
1/0.5,1e-06,8.888888888888888e-06,0.5,6.833774618642865e-09,6.833773986815881e-09,6.833773354988899e-09,6.8337720913349335e-09,6.833770195853985e-09,6.83376893220002e-09,6.833765141238124e-09,6.833762613930194e-09,6.833758191141315e-09,6.833753136525454e-09,6.8337480819095916e-09,6.833739868158817e-09,6.833730390754077e-09,6.833724704311233e-09,6.833715858733475e-09,6.833706381328736e-09,6.833691849308135e-09,6.8336754218065846e-09,6.8336539396891745e-09,6.833628034782884e-09,6.833597707087716e-09,6.8335541110259126e-09,6.833504196694281e-09,6.8334485959198065e-09,6.833375303989817e-09,6.8332975892709484e-09,6.833204710704495e-09,6.833096668290459e-09,6.832966511932029e-09,6.832806343791922e-09,6.832651546181167e-09,6.832467052702228e-09,6.832210530947264e-09,6.8319252610645885e-09,6.831584706320928e-09,6.831143691087025e-09,6.83042088101885e-09,6.829896148709742e-09,6.829224832540655e-09,6.82837186611405e-09,6.826955941845886e-09,6.825764947983553e-09,6.823935177041739e-09,6.822025164073126e-09,6.819641280867512e-09,6.816624938852243e-09,6.813236134830691e-09,6.808960245725469e-09,6.80391826640376e-09,6.797748475917983e-09,6.790410121427758e-09,6.781583498479854e-09,6.7708377010720875e-09,6.758017299766723e-09,6.742558073068237e-09,6.72383609183124e-09,6.701379381299679e-09,6.674249362490797e-09,6.641550104743167e-09,6.602114939533288e-09,6.55455258384532e-09,6.497032634910468e-09,6.427633390960939e-09,6.343447816049466e-09,6.241117117936175e-09,6.116156588698073e-09,5.9629834051162815e-09,5.773166467934049e-09,5.533272503672821e-09,5.219174567172346e-09,4.764771551332637e-09,3.7162139207508013e-09,2.7060915891787693e-09,2.0613835498127144e-09,1.5757152075625448e-09,1.1908074733737302e-09,8.600321477521811e-10,6.144567952627811e-10,3.2850833040772807e-10,1.3087727301731988e-10,0.0,0.0,0.0,0.0,0.0,0.0,0.0,0.0,0.0,0.0,0.0,0.0,0.0,0.0,0.0,0.0,0.0,0.0,0.0,0.0
1/0.4,1e-06,4.53514739229025e-06,0.5,1.8096237682252179e-09,1.8096232748141654e-09,1.8096232748141654e-09,1.8096226169327619e-09,1.8096219590513583e-09,1.8096219590513583e-09,1.809621301169955e-09,1.8096208077589023e-09,1.809619985407148e-09,1.8096193275257443e-09,1.809617518351885e-09,1.8096162025890778e-09,1.8096135710634638e-09,1.809612584241359e-09,1.8096102816564465e-09,1.8096061698976747e-09,1.8096028804906573e-09,1.8095976174394295e-09,1.8095933412103068e-09,1.8095869268666228e-09,1.8095783744083774e-09,1.8095678483059218e-09,1.8095532104446944e-09,1.8095347897653968e-09,1.8095142309715378e-09,1.8094931787666264e-09,1.8094675213918905e-09,1.809438327904611e-09,1.8094037068957526e-09,1.8093604511934735e-09,1.8093084785625982e-09,1.8092562592261968e-09,1.8091985301330412e-09,1.8091241895344476e-09,1.8090303591992756e-09,1.8089142431315608e-09,1.808765890875075e-09,1.8085566845887674e-09,1.8083666390983359e-09,1.8081336668463272e-09,1.8078364689223032e-09,1.8073896029789871e-09,1.8069930649630371e-09,1.8064047545179717e-09,1.8058004904488719e-09,1.804945244624343e-09,1.8040687821245519e-09,1.8028785924304742e-09,1.8015347874286831e-09,1.7998815314617282e-09,1.7978870817518917e-09,1.7954841699256673e-09,1.79257181118762e-09,1.789086602217489e-09,1.7848699935970352e-09,1.7798230564102094e-09,1.7737175058100027e-09,1.766355566199493e-09,1.7575024561528115e-09,1.7468054690025161e-09,1.7338958622219537e-09,1.7183069511905283e-09,1.6994361165426485e-09,1.6765551657998333e-09,1.6487114044546627e-09,1.6147534578158647e-09,1.5730595659886764e-09,1.5212777207204676e-09,1.4555974729222603e-09,1.368456558096184e-09,1.2290458967060402e-09,1.0318511268278279e-09,7.603974178851553e-10,5.77609346156308e-10,4.3802039890582014e-10,3.2387567281647116e-10,2.190309227171198e-10,1.3233909418409658e-10,7.411872809034287e-11,3.068539783234334e-11,1.788615065721542e-12,0.0,0.0,0.0,0.0,0.0,0.0,0.0,0.0,0.0,0.0,0.0,0.0,0.0,0.0,0.0,0.0,0.0,0.0,0.0
1/0.3,1e-06,2.173650525298878e-06,0.5,4.2880627459219483e-10,4.2880625569845746e-10,4.288061612297705e-10,4.2880612344229565e-10,4.2880612344229565e-10,4.2880593450492173e-10,4.288057833550226e-10,4.2880551884269904e-10,4.288053299053251e-10,4.2880500871178944e-10,4.2880481977441546e-10,4.2880453636835453e-10,4.288039317687579e-10,4.288032515942117e-10,4.288025147384533e-10,4.28801494476634e-10,4.2880062536471386e-10,4.287991516531971e-10,4.287978857727916e-10,4.2879576967420347e-10,4.2879338906329176e-10,4.287904227465208e-10,4.2878734306732547e-10,4.287837910446953e-10,4.2877908650408407e-10,4.2877345617034046e-10,4.28766918937202e-10,4.2875858679901095e-10,4.2874965006122334e-10,4.287387483747467e-10,4.2872637297675325e-10,4.2871135245552455e-10,4.286944614542938e-10,4.286709765387124e-10,4.28643807344339e-10,4.286080981806633e-10,4.285614306492987e-10,4.2850747013529987e-10,4.284518280786729e-10,4.2838186456910084e-10,4.282784591443404e-10,4.281902064969704e-10,4.2806747277885537e-10,4.279091999407011e-10,4.2772604405039825e-10,4.275013219378273e-10,4.2723841558198203e-10,4.2691877133274085e-10,4.265245912894781e-10,4.2606777850675246e-10,4.2550419721401007e-10,4.248294829579129e-10,4.2401616424428927e-10,4.2303314198138766e-10,4.218501672956394e-10,4.204265430766967e-10,4.1870823323561097e-10,4.166400491654528e-10,4.1414686936634137e-10,4.111361334187807e-10,4.0750509717881926e-10,4.0311024381720785e-10,3.9777370769011427e-10,3.91305323330662e-10,3.8342867536076886e-10,3.7375869051859615e-10,3.6177214453447637e-10,3.4658862703329775e-10,3.262334023700556e-10,2.957765843275995e-10,2.601166955190048e-10,2.124975621768255e-10,1.5595023101632138e-10,1.1787030006606962e-10,8.664280647528934e-11,5.70334481299288e-11,3.234103379160351e-11,1.9046020917960826e-11,9.590309951579838e-12,2.343333567835176e-12,2.539318305828954e-14,0.0,0.0,0.0,0.0,0.0,0.0,0.0,0.0,0.0,0.0,0.0,0.0,0.0,0.0,0.0,0.0,0.0,0.0,0.0
1/0.2,1e-06,8.680555555555545e-07,0.5,7.296001521301975e-11,7.296000316159205e-11,7.295997905873664e-11,7.295996700730893e-11,7.295995495588122e-11,7.29599308530258e-11,7.295988264731498e-11,7.295984649303184e-11,7.295982239017643e-11,7.295974405589632e-11,7.295968379875779e-11,7.295958136162225e-11,7.295949097591445e-11,7.295937046163736e-11,7.295920174164945e-11,7.295900590594918e-11,7.295874378739654e-11,7.295848468170081e-11,7.295815326743883e-11,7.295776762175216e-11,7.295727351321613e-11,7.295668901897227e-11,7.295588759902967e-11,7.29549777162377e-11,7.29538207791777e-11,7.295247101927437e-11,7.295087420510303e-11,7.294892187381428e-11,7.294649953684493e-11,7.294371565704431e-11,7.294066363297719e-11,7.293747603034835e-11,7.293308027209175e-11,7.292699430109908e-11,7.29202093472993e-11,7.291212283930706e-11,7.290218041144772e-11,7.288789344389956e-11,7.287437776772473e-11,7.285918694309844e-11,7.28360542276124e-11,7.281245150644573e-11,7.278060560872661e-11,7.274336669710802e-11,7.27010722115658e-11,7.26461116755022e-11,7.258370335711487e-11,7.250586017269017e-11,7.241408252497777e-11,7.230197110586457e-11,7.216685652411319e-11,7.200472264143985e-11,7.180940515257175e-11,7.157383288230109e-11,7.128930168696553e-11,7.094728216860455e-11,7.053429781818338e-11,7.003592307673518e-11,6.94339753527051e-11,6.870583110342777e-11,6.782213003814889e-11,6.674949271497347e-11,6.544456110986402e-11,6.384339034740041e-11,6.185691133824771e-11,5.931909758858275e-11,5.58519349783369e-11,5.1326605796736324e-11,4.6185032884986726e-11,3.988174753501288e-11,3.020663841939337e-11,2.277849992284104e-11,1.6807921350466593e-11,1.111642371524663e-11,6.003665767147529e-12,3.6283655201287342e-12,2.0287855461226298e-12,8.837070909927305e-13,2.2066164133860047e-13,2.784482371998014e-14,0.0,0.0,0.0,0.0,0.0,0.0,0.0,0.0,0.0,0.0,0.0,0.0,0.0,0.0,0.0,0.0,0.0,0.0,0.0,0.0
0.2,3e-06,2.604166666666667e-06,0.5,6.566399742229038e-10,6.566397572972051e-10,6.56639594602931e-10,6.566394861400817e-10,6.566392149829583e-10,6.566389980572595e-10,6.566386726687113e-10,6.566380218916151e-10,6.566375880402176e-10,6.566367203374227e-10,6.566361237917511e-10,6.566352560889561e-10,6.566341172290377e-10,6.566327614434205e-10,6.566312429635292e-10,6.566292906322405e-10,6.566266875238555e-10,6.566235963326484e-10,6.566198543643449e-10,6.56614973536123e-10,6.566099842450518e-10,6.566039645569116e-10,6.56596589083154e-10,6.565876408980807e-10,6.565767946131433e-10,6.565637790712183e-10,6.56549868710786e-10,6.565331112005576e-10,6.565142386647665e-10,6.564927087891656e-10,6.56468033490933e-10,6.564385315959031e-10,6.5639614973751e-10,6.563477753066889e-10,6.562860057139701e-10,6.562106240336549e-10,6.560963313061265e-10,6.559990401302375e-10,6.558756365233617e-10,6.557235987242509e-10,6.555238915028401e-10,6.553073183083515e-10,6.550255047099642e-10,6.546947472507966e-10,6.543114937725317e-10,6.538165235594111e-10,6.532547131153635e-10,6.525538261827054e-10,6.517234888393187e-10,6.507184449613021e-10,6.495023594941151e-10,6.480431003186303e-10,6.462843209845978e-10,6.441655805692037e-10,6.41604908274033e-10,6.385252683603177e-10,6.34807622850869e-10,6.303240398148499e-10,6.249071881913879e-10,6.183523714680007e-10,6.104007430546561e-10,6.007464919475427e-10,5.889998568974331e-10,5.745922214164815e-10,5.567131782098738e-10,5.338746169841916e-10,5.026689875163482e-10,4.61935032309515e-10,4.156593576238774e-10,3.5893323316958037e-10,2.718537260864001e-10,2.0500058808027847e-10,1.5126830942584156e-10,1.0004488494028657e-10,5.402832800180467e-11,3.265436774693893e-11,1.8258581832281488e-11,7.953038430386452e-12,1.9859547720474046e-12,2.506034134798213e-13,0.0,0.0,0.0,0.0,0.0,0.0,0.0,0.0,0.0,0.0,0.0,0.0,0.0,0.0,0.0,0.0,0.0,0.0,0.0,0.0
0.3,3e-06,6.520951575896631e-06,0.5,3.859254940937023e-09,3.859254090718841e-09,3.859253410544294e-09,3.859252560326111e-09,3.859251199977019e-09,3.859250859889746e-09,3.8592496695842895e-09,3.859248819366107e-09,3.859247459017014e-09,3.859246268711559e-09,3.859241847577009e-09,3.8592370863551854e-09,3.85922994452245e-09,3.859223652907897e-09,3.859218551598801e-09,3.859211239722429e-09,3.859197976318779e-09,3.859186583395129e-09,3.859172809860568e-09,3.8591588662823714e-09,3.859140161482351e-09,3.859118735984146e-09,3.859094589787755e-09,3.8590617713659005e-09,3.8590255520713156e-09,3.858976239416715e-09,3.858917064231196e-09,3.858855508434764e-09,3.858771506878309e-09,3.858684274492758e-09,3.8585664342526284e-09,3.858422577336106e-09,3.8582392702959036e-09,3.858026375662942e-09,3.857780492564489e-09,3.857437684593202e-09,3.857017846854557e-09,3.856604300730466e-09,3.856093829733539e-09,3.8554425626055485e-09,3.854539800939099e-09,3.853733794101847e-09,3.852568825147836e-09,3.851226840768175e-09,3.849539837849952e-09,3.847527031324097e-09,3.84515594285603e-09,3.842265711165572e-09,3.8387405365362315e-09,3.83461102682259e-09,3.829522130911526e-09,3.823458374832116e-09,3.8161412271076885e-09,3.807300998530672e-09,3.796648444875296e-09,3.783835656861174e-09,3.768380730822323e-09,3.7497619728818025e-09,3.727317573206157e-09,3.700228601641756e-09,3.6675429838675508e-09,3.62799712562033e-09,3.5799611586437517e-09,3.521744849190499e-09,3.45085501746146e-09,3.3638346763255526e-09,3.255948450592103e-09,3.11930002391059e-09,2.9361130345159675e-09,2.6619486185192586e-09,2.341033255307387e-09,1.9123784140204097e-09,1.403527762906865e-09,1.0608228380637064e-09,7.797752257030473e-10,5.133068146530017e-10,2.9105842133169225e-10,1.7140585612345636e-10,8.630649794966613e-11,2.1086941325058655e-11,2.2853864752460576e-13,0.0,0.0,0.0,0.0,0.0,0.0,0.0,0.0,0.0,0.0,0.0,0.0,0.0,0.0,0.0,0.0,0.0,0.0,0.0
0.4,3e-06,1.3605442176870747e-05,0.5,1.6286613914014805e-08,1.6286613914014805e-08,1.6286612433781647e-08,1.628661095354849e-08,1.628661095354849e-08,1.6286602072149543e-08,1.6286593190750594e-08,1.6286587269817964e-08,1.628658134888533e-08,1.6286573207602963e-08,1.628655914538796e-08,1.628654138259007e-08,1.628649993606165e-08,1.6286468851165338e-08,1.628643924650218e-08,1.628639039880797e-08,1.6286337110414288e-08,1.6286283822020606e-08,1.628622017199482e-08,1.6286159482435346e-08,1.6286072148679036e-08,1.6285968532357985e-08,1.62858486334722e-08,1.6285715412487995e-08,1.6285543705441687e-08,1.6285360156530116e-08,1.628511073724302e-08,1.6284866498771976e-08,1.6284585254471987e-08,1.6284252202011475e-08,1.6283846618126227e-08,1.628336554234993e-08,1.6282798613050478e-08,1.6282102903466295e-08,1.6281296176395273e-08,1.6280262233534522e-08,1.627864877939248e-08,1.627705234793175e-08,1.6275367842598134e-08,1.6273370267951632e-08,1.6269858414784663e-08,1.6266658150697418e-08,1.6262692606067574e-08,1.6257863345390127e-08,1.6252274725102714e-08,1.6244584913847747e-08,1.6236656044937792e-08,1.622587032603321e-08,1.6213737594954994e-08,1.6198938223842937e-08,1.6180982255521788e-08,1.6159307201391577e-08,1.613314556055996e-08,1.6101742414116437e-08,1.6063818840612642e-08,1.601837642278361e-08,1.5963493077873897e-08,1.5897224519630674e-08,1.581751248384797e-08,1.572126920415854e-08,1.5605085703599882e-08,1.546476404093637e-08,1.5294896184325843e-08,1.5089017215451445e-08,1.4838374515650888e-08,1.4532767798233513e-08,1.4157516110739888e-08,1.3691478023093199e-08,1.3100249216122412e-08,1.2316106062390146e-08,1.1061219159802428e-08,9.28646845124958e-09,6.843606365624445e-09,5.1985003979676275e-09,3.94218951108207e-09,2.914910660009221e-09,1.971347875411025e-09,1.1909541522675628e-09,6.670330272167997e-10,2.7613305489509584e-10,1.606645069516728e-11,0.0,0.0,0.0,0.0,0.0,0.0,0.0,0.0,0.0,0.0,0.0,0.0,0.0,0.0,0.0,0.0,0.0,0.0,0.0
0.5,3e-06,2.6666666666666667e-05,0.5,6.150396588134294e-08,6.150396588134294e-08,6.150396019490009e-08,6.150393744912871e-08,6.150391470335734e-08,6.150389195758596e-08,6.15038692118146e-08,6.150382940671468e-08,6.150381234738616e-08,6.15037668558434e-08,6.150370999141496e-08,6.150367018631505e-08,6.15035735167867e-08,6.150347684725836e-08,6.150337449128715e-08,6.150323801665891e-08,6.150306742337359e-08,6.150290820297395e-08,6.150268643170304e-08,6.150244760110359e-08,6.150214621963285e-08,6.150181356272647e-08,6.150147237615582e-08,6.150101746072831e-08,6.150050568087235e-08,6.149993135014509e-08,6.149910112948988e-08,6.149815149353492e-08,6.149708812872308e-08,6.149579730619749e-08,6.149429039884382e-08,6.149241955914813e-08,6.149032694818153e-08,6.148765432004484e-08,6.148434481030961e-08,6.147864699457988e-08,6.14743992217754e-08,6.14696226097864e-08,6.146397028559943e-08,6.145206856072687e-08,6.144367537108908e-08,6.143114245106084e-08,6.141505266103363e-08,6.139871266752131e-08,6.137651848110105e-08,6.135015897529753e-08,6.131814714530704e-08,6.12807929022646e-08,6.12352729272981e-08,6.118019972835364e-08,6.111344657580753e-08,6.10337738251198e-08,6.09377468648126e-08,6.082219834622185e-08,6.068298853895707e-08,6.051453904258828e-08,6.031245423679703e-08,6.006806229624617e-08,5.977394809946708e-08,5.941908563378519e-08,5.899079697487972e-08,5.8473310773522746e-08,5.78486038491201e-08,5.709089386981694e-08,5.617003984531848e-08,5.504530978553289e-08,5.3666776722289566e-08,5.195846977919223e-08,4.97993245880914e-08,4.6972790032600616e-08,4.2882787584815524e-08,3.3444330239539466e-08,2.4354881167037366e-08,1.8552645287371128e-08,1.4181459613834282e-08,1.0717352557006235e-08,7.740295016212475e-09,5.530941378020259e-09,2.9561996684418463e-09,1.1776850587706498e-09,0.0,0.0,0.0,0.0,0.0,0.0,0.0,0.0,0.0,0.0,0.0,0.0,0.0,0.0,0.0,0.0,0.0,0.0,0.0,0.0
0.6,3e-06,5.273437499999999e-05,0.5,2.381133007794827e-07,2.381133007794827e-07,2.3811325629126441e-07,2.3811321180304614e-07,2.381130560942822e-07,2.3811301160606393e-07,2.381129226296274e-07,2.3811283365319087e-07,2.381126557003178e-07,2.3811243325922643e-07,2.381122108181351e-07,2.3811192164471636e-07,2.3811152125075192e-07,2.3811112085678748e-07,2.3811076495104134e-07,2.3811025333653124e-07,2.3810960825736634e-07,2.3810865176067355e-07,2.3810778424041732e-07,2.3810660530263317e-07,2.381051594355394e-07,2.38103268686263e-07,2.3810088856658557e-07,2.380978856118524e-07,2.380944155308274e-07,2.380901669059827e-07,2.3808650775003004e-07,2.380822813692945e-07,2.3807887802059688e-07,2.38075096522044e-07,2.3807049199145312e-07,2.3806494208622405e-07,2.3805453184314905e-07,2.3804334305625435e-07,2.3802206656586707e-07,2.3800286989968392e-07,2.3798737687767165e-07,2.3796516613470076e-07,2.3793310125138322e-07,2.3788951391953394e-07,2.3784314607404285e-07,2.377925852139799e-07,2.3772456272824626e-07,2.3764183688637463e-07,2.375466654654422e-07,2.3743674620015356e-07,2.3729349413732667e-07,2.3712665219676254e-07,2.3692447548883805e-07,2.3668047985574054e-07,2.3638897080553147e-07,2.3603498917481788e-07,2.3560980415076435e-07,2.3509826749505033e-07,2.3447985901699906e-07,2.337384072492697e-07,2.328411688632161e-07,2.3176099492363947e-07,2.3046024839788405e-07,2.2888750090563062e-07,2.2699021186110324e-07,2.2469767836341757e-07,2.2192185822861883e-07,2.1855263199443608e-07,2.1444723696844344e-07,2.0941665383326958e-07,2.0319426469682702e-07,1.9538889577792913e-07,1.8530994534232826e-07,1.7145763769778707e-07,1.397516408370255e-07,9.834166248834517e-08,7.438968402054423e-08,5.69503691913379e-08,4.38237199970405e-08,3.340673695697554e-08,2.6219620807364995e-08,1.9202805557289013e-08,8.963886610846603e-09,1.5609581144120761e-09,0.0,0.0,0.0,0.0,0.0,0.0,0.0,0.0,0.0,0.0,0.0,0.0,0.0,0.0,0.0,0.0,0.0,0.0,0.0,0.0
0.7,3e-06,0.0001130334486735,0.5,1.0874609534118616e-06,1.0874609534118616e-06,1.087460851205708e-06,1.087460646793401e-06,1.0874603401749406e-06,1.0874601357626334e-06,1.0874598291441727e-06,1.0874595225257121e-06,1.087459318113405e-06,1.0874587048764837e-06,1.087458193845716e-06,1.0874575806087948e-06,1.08745686516572e-06,1.0874558431041846e-06,1.0874544122180352e-06,1.0874532879503462e-06,1.0874520614765037e-06,1.0874498129411258e-06,1.0874468489626731e-06,1.0874440893965276e-06,1.0874405121811536e-06,1.0874355040796302e-06,1.0874308025965673e-06,1.0874242614027409e-06,1.0874155738796899e-06,1.0874049444397218e-06,1.0873812837151772e-06,1.087284443384698e-06,1.0872390638525262e-06,1.0872120814279918e-06,1.087181828406544e-06,1.087151166560482e-06,1.0870821774068424e-06,1.0869912139301918e-06,1.0869090401827456e-06,1.0867504162324515e-06,1.086635434309719e-06,1.0864737441748186e-06,1.0862829252861596e-06,1.0860018583639246e-06,1.0857255951309058e-06,1.0853939361626685e-06,1.0849314533179e-06,1.0844469961501205e-06,1.0837983958997556e-06,1.083087041071117e-06,1.0821846118384355e-06,1.081102913012445e-06,1.0798028507394161e-06,1.0782369502610296e-06,1.0763494070174528e-06,1.0740742980396521e-06,1.0713360929801618e-06,1.068034527602359e-06,1.0640670891342431e-06,1.0592650863193962e-06,1.0534881390059312e-06,1.0465060789360759e-06,1.0380819922459248e-06,1.02790384354872e-06,1.0155719556810434e-06,1.000614851656615e-06,9.823838801219932e-07,9.600370667843151e-07,9.323996030117154e-07,8.976641262880694e-07,8.527649630379444e-07,7.910662765366022e-07,6.787912326775251e-07,5.357260229306765e-07,3.855594274297147e-07,2.899671362914355e-07,2.2178193625567674e-07,1.71796790393094e-07,1.3322970717938668e-07,1.0951757293964451e-07,8.426171695683411e-08,4.7812140832168634e-08,5.203315276721736e-10,0.0,0.0,0.0,0.0,0.0,0.0,0.0,0.0,0.0,0.0,0.0,0.0,0.0,0.0,0.0,0.0,0.0,0.0,0.0,0.0,0.0
0.8,3e-06,0.0002962962962962,0.5,7.446830355738564e-06,7.446830004725049e-06,7.446829653711533e-06,7.446828600670987e-06,7.446828600670987e-06,7.446828249657471e-06,7.44682754763044e-06,7.446826494589895e-06,7.446821931414195e-06,7.446820527360134e-06,7.446818421279041e-06,7.446804380738426e-06,7.446786128035626e-06,7.446768577359858e-06,7.4467517287111195e-06,7.446737337156989e-06,7.4467218925623126e-06,7.446700831751391e-06,7.44649583985841e-06,7.446285933776215e-06,7.446009686139614e-06,7.445885076341655e-06,7.445819787827796e-06,7.445667447962122e-06,7.44548386789358e-06,7.445321699649476e-06,7.445158829378342e-06,7.444903993566178e-06,7.444336053698299e-06,7.443832700317249e-06,7.44325107092227e-06,7.442345105039083e-06,7.441591479021571e-06,7.440613555367732e-06,7.439152637116735e-06,7.437662935757478e-06,7.43577694013936e-06,7.4335925830331725e-06,7.43077464653173e-06,7.4276857275964175e-06,7.423522707304053e-06,7.4188486113333e-06,7.413013713667198e-06,7.40619913727968e-06,7.397840803451536e-06,7.387879390898668e-06,7.375824182726579e-06,7.361285553933204e-06,7.343791391340357e-06,7.32266072872821e-06,7.297223130282396e-06,7.26662844126867e-06,7.229664963031954e-06,7.1850700999574396e-06,7.131196545617463e-06,7.066146720947903e-06,6.987336113435039e-06,6.891608760562123e-06,6.775025939673116e-06,6.632138165941799e-06,6.455553445747859e-06,6.234137981397071e-06,5.950009038335068e-06,5.569971268412699e-06,5.009711225236544e-06,4.2551079860965254e-06,3.642740337576254e-06,3.041972281685112e-06,2.3825382839285604e-06,1.7085291519730327e-06,1.2848505737109422e-06,9.809725572333143e-07,7.731114797787879e-07,6.489285142548504e-07,4.969035077047692e-07,2.996872661175486e-07,0.0,0.0,0.0,0.0,0.0,0.0,0.0,0.0,0.0,0.0,0.0,0.0,0.0,0.0,0.0,0.0,0.0,0.0,0.0,0.0,0.0,0.0,0.0,0.0
0.9,3e-06,0.0013462603878116,0.5,0.00015347542021314326,0.0001534751883133733,0.00015347480422937931,0.00015347429694863253,0.00015347378966788574,0.00015347326064653552,0.00015347254320662222,0.0001534717532980308,0.00015347094889570377,0.00015346978214998615,0.00015346826755461364,0.00015346657903441362,0.0001534645644051621,0.0001534618178422617,0.00015345984669421704,0.00015345726680927627,0.00015345415790298528,0.00015345000544772947,0.00015344581675813461,0.00015344099034417239,0.00015343208394363246,0.00015342030778343928,0.0001534103940682736,0.00015339534957069763,0.0001533827690081774,0.0001533656374126718,0.00015334420117768635,0.00015331217002196096,0.00015327668935715747,0.00015323657794382264,0.00015319081397359506,0.0001531300489869984,0.00015306093560868325,0.00015297380651698952,0.0001528724155894434,0.00015274816804082086,0.00015259933186971498,0.00015241808045888974,0.00015220138461760006,0.0001519409756696734,0.00015162628043497323,0.00015124734896399482,0.00015079041945476477,0.0001502411648496204,0.00014957781555765688,0.0001487764279276262,0.00014781051465767844,0.00014664310222824102,0.00014522999923940146,0.00014351720927909862,0.00014143389421447837,0.00013888633755100658,0.00013575243681293285,0.00013185481766371084,0.00012693476692248178,0.00012057576361493068,0.00011208000683951974,9.96526431048524e-05,8.763972049343822e-05,7.773746262576364e-05,6.866208686907949e-05,6.030184652173747e-05,5.254600944358285e-05,4.523491988986772e-05,3.798139220717671e-05,3.0378340843085048e-05,2.118668909237063e-05,1.4601612496582182e-05,1.1807901474168302e-05,8.97269488666765e-06,5.644563597518853e-06,1.5816216529205944e-06,0.0,0.0,0.0,0.0,0.0,0.0,0.0,0.0,0.0,0.0,0.0,0.0,0.0,0.0,0.0,0.0,0.0,0.0,0.0,0.0,0.0,0.0,0.0,0.0,0.0,0.0,0.0,0.0
1.0,3e-06,0.0013462603878116,0.5,0.0001534762318623381,0.00015347610141871752,0.00015347599996256816,0.00015347581154400507,0.00015347536223820078,0.00015347484771058618,0.00015347443463912093,0.00015347388387716728,0.0001534733765964205,0.00015347262292216815,0.00015347184026044452,0.0001534707894646119,0.00015346919515369346,0.00015346772403952778,0.00015346593406317843,0.00015346393392766253,0.0001534612525865724,0.00015345797700232176,0.00015345346945054323,0.00015344841838367884,0.00015344293250474578,0.00015343649003926162,0.00015342798221645133,0.00015341860476950366,0.0001534066256970118,0.00015339255952659031,0.00015337494963780916,0.0001533540931522486,0.00015332913493950692,0.00015329800239539013,0.00015326170283452397,0.00015321711285688183,0.00015316356575062506,0.00015310056148187473,0.0001530235562645132,0.00015293042676627183,0.00015281875253330166,0.00015268338104258898,0.00015252123237531398,0.00015232521184788958,0.00015208867408253289,0.0001518041910397375,0.00015145973291893686,0.00015104544397990776,0.00015054621450326388,0.00014994092711620352,0.00014920882678931544,0.0001483232812833936,0.00014724269357720184,0.0001459218649562019,0.0001442989868848323,0.00014228430690525166,0.000139754091996452,0.0001365229237986167,0.00013230844260121903,0.0001266951057570985,0.00011905481998619303,0.00010810813628270447,9.555411903930128e-05,8.515351581285582e-05,7.516141127805834e-05,6.610257287371929e-05,5.804803439812376e-05,5.080545673269544e-05,4.436195494646605e-05,3.871511583245449e-05,3.382927755416198e-05,2.9629942310489634e-05,2.5986811418192604e-05,2.2790870244787406e-05,1.9926545742421457e-05,1.725267617300094e-05,1.4238892268897375e-05,1.0855750006193968e-05,8.46427638163922e-06,5.258443233671769e-06,2.3033662057065114e-06,1.3539250662935534e-06,5.390510152662577e-07,0.0,0.0,0.0,0.0,0.0,0.0,0.0,0.0,0.0,0.0,0.0,0.0,0.0,0.0,0.0,0.0,0.0,0.0,0.0,0.0,0.0
1/0.9,3e-06,0.0013462603878116,0.5,0.0001534761086655853,0.0001534759057532866,0.00015347567385351666,0.000153475391225672,0.00015347497815420676,0.0001534744128985175,0.00015347379691475356,0.0001534731881778574,0.00015347236928179477,0.0001534714924107896,0.00015347038364001448,0.00015346894151332008,0.00015346715878383852,0.0001534649992172308,0.00015346141926453205,0.00015345807845847112,0.00015345422312479557,0.00015344971557301702,0.0001534444471001183,0.00015343746836641613,0.00015343117808515604,0.00015342287317464444,0.0001534104520432161,0.0001533994947790856,0.00015338014564202977,0.0001533699782864907,0.0001533452664672546,0.00015330977855558328,0.00015327685603511713,0.00015323822298281576,0.00015319264018428348,0.00015313119399211256,0.00015306095734928668,0.00015297413987290883,0.00015287295185766143,0.00015274829123757363,0.00015259782452121026,0.00015241800799021163,0.00015220089907745673,0.0001519392364213987,0.00015162678771572,0.00015124768231991414,0.00015079182534712013,0.00015024160690855687,0.00014957627197481312,0.00014877777584503907,0.00014781077554491964,0.00014664265292243673,0.0001452299122769877,0.0001435166802577484,0.0001414324158534449,0.0001388855186549439,0.00013575127731408306,0.00013185460025767653,0.00012693508578466548,0.000120576481054844,0.00011208216640612746,9.964480199388071e-05,8.763635794677382e-05,7.773483925961601e-05,6.865803586997305e-05,6.0296454852085955e-05,5.254237876280946e-05,4.5232209561306333e-05,3.7975587466059964e-05,3.038455140879922e-05,2.1142207817745653e-05,1.4588640603200182e-05,1.1807872486697059e-05,8.973209414282243e-06,5.6443099571454626e-06,1.6382486779970966e-06,0.0,0.0,0.0,0.0,0.0,0.0,0.0,0.0,0.0,0.0,0.0,0.0,0.0,0.0,0.0,0.0,0.0,0.0,0.0,0.0,0.0,0.0,0.0,0.0,0.0,0.0,0.0,0.0
1/0.8,3e-06,0.0002962962962962,0.5,7.446825090535834e-06,7.446823686481771e-06,7.446822282427711e-06,7.44682158040068e-06,7.446819474319587e-06,7.4468124540492805e-06,7.446806135806003e-06,7.446801221616788e-06,7.446792446278904e-06,7.446784723981565e-06,7.446774193576104e-06,7.446762259116581e-06,7.4467478675624505e-06,7.446731720940743e-06,7.4467113621568516e-06,7.446685387156714e-06,7.446654146953844e-06,7.446616939521215e-06,7.44656498952094e-06,7.4465081253314486e-06,7.446384217560521e-06,7.446223804383993e-06,7.446004069923367e-06,7.44574502194902e-06,7.445617955056454e-06,7.445481059785457e-06,7.4453273158657225e-06,7.445096348972605e-06,7.4443651878200756e-06,7.443665266870415e-06,7.4432921395035695e-06,7.442490073620934e-06,7.4416606286841e-06,7.440568274624248e-06,7.439183877319604e-06,7.43772576717673e-06,7.435895582707558e-06,7.433515009046274e-06,7.430822033356306e-06,7.4275211022577065e-06,7.423583432642213e-06,7.418854227549547e-06,7.413150608938195e-06,7.406186851806642e-06,7.397885382167989e-06,7.387866403398599e-06,7.375818917523849e-06,7.361231497851835e-06,7.3437977095836344e-06,7.32267898143101e-06,7.297236117782464e-06,7.266630898363277e-06,7.229662505937346e-06,7.185106956376554e-06,7.131208480076987e-06,7.0661551452722716e-06,6.987310489448416e-06,6.891600687251269e-06,6.775016111294685e-06,6.632128688576884e-06,6.455581526829089e-06,6.23416851957291e-06,5.9500767839435364e-06,5.570052703548266e-06,5.010265475577324e-06,4.25501040433925e-06,3.6427459537924997e-06,3.042029145874603e-06,2.383515154541853e-06,1.7083034502826458e-06,1.2846862993857461e-06,9.809121829086696e-07,7.731065655895727e-07,6.489260571602428e-07,4.96823125609748e-07,2.9957388875208203e-07,0.0,0.0,0.0,0.0,0.0,0.0,0.0,0.0,0.0,0.0,0.0,0.0,0.0,0.0,0.0,0.0,0.0,0.0,0.0,0.0,0.0,0.0,0.0,0.0
1/0.7,3e-06,0.0001130334486735,0.5,1.0874607489995547e-06,1.0874603401749406e-06,1.087460237968787e-06,1.0874601357626334e-06,1.087459726938019e-06,1.087459318113405e-06,1.0874588070826373e-06,1.0874583982580232e-06,1.0874574784026412e-06,1.0874569673718735e-06,1.087456251928799e-06,1.0874549232488028e-06,1.0874535945688067e-06,1.0874517548580432e-06,1.0874496085288187e-06,1.0874473599934408e-06,1.087444396014988e-06,1.0874410232119215e-06,1.0874371393780868e-06,1.0874324378950241e-06,1.0874272253811933e-06,1.0874200709504456e-06,1.0874109746027806e-06,1.087397994421281e-06,1.0873820502613288e-06,1.0873588494644753e-06,1.0873216975276634e-06,1.087293335320056e-06,1.0872631845047618e-06,1.0872272079387156e-06,1.0871899026926736e-06,1.0871530062712455e-06,1.0870628604438233e-06,1.086962494001047e-06,1.086902703401226e-06,1.086793445023092e-06,1.0866559777465805e-06,1.0864562669225634e-06,1.0862535921200937e-06,1.0860281253453844e-06,1.0857193605555399e-06,1.08539138100883e-06,1.0849519967547615e-06,1.0844469961501205e-06,1.0838192459550777e-06,1.0830829528249756e-06,1.0821770996861503e-06,1.0811052637539765e-06,1.079803770594798e-06,1.0782407318887105e-06,1.0763494070174528e-06,1.0740793061411757e-06,1.0713379326909256e-06,1.068029212882375e-06,1.0640626942696408e-06,1.0592643708763215e-06,1.0534850728213249e-06,1.0465065899668436e-06,1.0380854672551451e-06,1.0279028214871847e-06,1.015569400527205e-06,1.0006127564304673e-06,9.823860264512175e-07,9.600416660612245e-07,9.32403282433243e-07,8.976682656372878e-07,8.527672115733223e-07,7.910722044935076e-07,6.787561759668608e-07,5.357360391337234e-07,3.8554348326976245e-07,2.899533384607076e-07,2.217734531449329e-07,1.7178769404542895e-07,1.332211218624893e-07,1.0950101554277105e-07,8.425701547377126e-08,4.76569918910949e-08,6.328605027197209e-10,0.0,0.0,0.0,0.0,0.0,0.0,0.0,0.0,0.0,0.0,0.0,0.0,0.0,0.0,0.0,0.0,0.0,0.0,0.0,0.0,0.0
1/0.6,3e-06,5.273437499999999e-05,0.5,2.3811338975591922e-07,2.3811338975591922e-07,2.381133007794827e-07,2.3811316731482786e-07,2.381130560942822e-07,2.3811301160606393e-07,2.3811283365319087e-07,2.3811274467675432e-07,2.381125889679904e-07,2.3811238877100815e-07,2.381122108181351e-07,2.3811192164471636e-07,2.3811174369184328e-07,2.3811141003020624e-07,2.3811103188035095e-07,2.381107204628231e-07,2.3811023109242212e-07,2.381096972338029e-07,2.3810905215463797e-07,2.3810840707547307e-07,2.3810756179932596e-07,2.3810637173948726e-07,2.381045254784291e-07,2.3810232331162475e-07,2.3810000992427476e-07,2.3809711819008727e-07,2.380932922033161e-07,2.3808899909025314e-07,2.3808412763035264e-07,2.3807816620910458e-07,2.380711148265089e-07,2.3806072682754305e-07,2.3804714679891635e-07,2.3803856057279038e-07,2.3802571459976517e-07,2.3801032167624402e-07,2.3798724341301685e-07,2.3795804801977767e-07,2.3793411335834883e-07,2.3789107100717335e-07,2.3784176693927652e-07,2.3779195125686954e-07,2.3772797719899842e-07,2.3764319377703186e-07,2.375500465700307e-07,2.374331537765283e-07,2.3729292691254372e-07,2.371258736529428e-07,2.3692427529185585e-07,2.3668003497355782e-07,2.3638839245869397e-07,2.360342551192164e-07,2.3560969293021873e-07,2.3509860115668735e-07,2.3448024828890893e-07,2.3373862969036105e-07,2.328414135484166e-07,2.3176245191278777e-07,2.304604263507571e-07,2.2888722285426644e-07,2.2699006727439386e-07,2.2469752265465364e-07,2.2192194720505536e-07,2.1855233169896274e-07,2.1444750389775305e-07,2.094156973365768e-07,2.031945872364095e-07,1.953899968613313e-07,1.8531223648556915e-07,1.7145868317091641e-07,1.3974937193789379e-07,9.834096179890743e-08,7.438846059454181e-08,5.69492124976629e-08,4.382247432692896e-08,3.340624758657458e-08,2.6218419625471725e-08,1.9198623664771707e-08,8.966756100924968e-09,1.5625374461606334e-09,0.0,0.0,0.0,0.0,0.0,0.0,0.0,0.0,0.0,0.0,0.0,0.0,0.0,0.0,0.0,0.0,0.0,0.0,0.0,0.0
1/0.5,3e-06,2.6666666666666667e-05,0.5,6.150397156778579e-08,6.150396019490009e-08,6.150394882201442e-08,6.150394882201442e-08,6.150393744912871e-08,6.150392607624304e-08,6.150392038980019e-08,6.150391470335734e-08,6.150387489825744e-08,6.150382372027185e-08,6.150378960161478e-08,6.150372705074349e-08,6.150366449987221e-08,6.150357920322954e-08,6.150351096591541e-08,6.150340292350138e-08,6.150326644887312e-08,6.150313566068772e-08,6.150297644028808e-08,6.150278878767423e-08,6.150251583841771e-08,6.150222014338982e-08,6.150186189749065e-08,6.150140698206312e-08,6.150082696489304e-08,6.150011615953753e-08,6.149926887955376e-08,6.149839885379864e-08,6.14972445059013e-08,6.149564092901928e-08,6.1493718911338e-08,6.149162630037138e-08,6.148939721477653e-08,6.148691792569653e-08,6.148379038213231e-08,6.148018517736919e-08,6.147573269262232e-08,6.146846541866764e-08,6.14624548485815e-08,6.145539228656922e-08,6.14418187475005e-08,6.143056527711216e-08,6.141571797484639e-08,6.139786254431612e-08,6.137685682445027e-08,6.134951640725616e-08,6.131952610769673e-08,6.12807673132718e-08,6.12349630161631e-08,6.117947470689104e-08,6.111355746144299e-08,6.103422589732588e-08,6.093803403017623e-08,6.082213863857198e-08,6.068299706862135e-08,6.051450208070979e-08,6.03122694274046e-08,6.006820161409585e-08,5.977411016308814e-08,5.9418713171778906e-08,5.8990910703736605e-08,5.847360646855064e-08,5.784847874737754e-08,5.709097063679534e-08,5.6170048374982745e-08,5.5045417827946924e-08,5.366677387906815e-08,5.1958316245235437e-08,4.979948096526961e-08,4.697269620629369e-08,4.2882787584815524e-08,3.3446147058028134e-08,2.4354693514423514e-08,1.8552429202543055e-08,1.4181402749405841e-08,1.0717227455263666e-08,7.740101677155777e-09,5.529895072536956e-09,2.95650104991258e-09,1.177878397827347e-09,0.0,0.0,0.0,0.0,0.0,0.0,0.0,0.0,0.0,0.0,0.0,0.0,0.0,0.0,0.0,0.0,0.0,0.0,0.0,0.0
1/0.4,3e-06,1.3605442176870747e-05,0.5,1.6286613914014805e-08,1.6286613914014805e-08,1.6286612433781647e-08,1.628661095354849e-08,1.6286602072149543e-08,1.6286599111683226e-08,1.6286590230284277e-08,1.6286579868652173e-08,1.6286576908185857e-08,1.628656802678691e-08,1.628656062562112e-08,1.6286553224455332e-08,1.6286538422123753e-08,1.628652806049165e-08,1.6286502896527967e-08,1.6286474772097967e-08,1.6286451088367443e-08,1.628641704300481e-08,1.6286372636010078e-08,1.6286311946450605e-08,1.628624829642482e-08,1.6286166883601137e-08,1.6286078069611665e-08,1.6285974453290617e-08,1.6285827910207992e-08,1.6285660643861158e-08,1.628545933215169e-08,1.628519881111591e-08,1.6284806549329084e-08,1.6284430570106993e-08,1.6283968737361747e-08,1.6283422531326506e-08,1.628280379386653e-08,1.628207699938603e-08,1.6281199221123436e-08,1.6280145295115054e-08,1.627890485972879e-08,1.6277242557892535e-08,1.6275136186108933e-08,1.6273025373625857e-08,1.6270392038838064e-08,1.6266450177938742e-08,1.6262857652064672e-08,1.6257641310416453e-08,1.625213928376877e-08,1.6244619699326957e-08,1.6236570191414637e-08,1.6225899190579786e-08,1.6213854533374462e-08,1.6198923421511358e-08,1.6180971153773106e-08,1.6159361229901837e-08,1.6133140379743907e-08,1.6101826047289854e-08,1.6063784055133432e-08,1.6018450434441504e-08,1.596347013425995e-08,1.5897163089954623e-08,1.5817467336736656e-08,1.572126254310933e-08,1.5605040556488565e-08,1.5464780323501102e-08,1.529497167621689e-08,1.5089029057316707e-08,1.4838458888940886e-08,1.4532814425577985e-08,1.4157539054353833e-08,1.369150466729004e-08,1.310029140276741e-08,1.2316078678076726e-08,1.1061508545384785e-08,9.286724531585884e-09,6.843504229536554e-09,5.198439708408157e-09,3.942112538957862e-09,2.9148632925481704e-09,1.971257581188397e-09,1.1910281639254545e-09,6.670715132789036e-10,2.761552583924634e-10,1.6078292560429974e-11,0.0,0.0,0.0,0.0,0.0,0.0,0.0,0.0,0.0,0.0,0.0,0.0,0.0,0.0,0.0,0.0,0.0,0.0,0.0
1/0.3,3e-06,6.52095157589663e-06,0.5,3.859255621111569e-09,3.859255281024296e-09,3.8592546008497495e-09,3.859254260762477e-09,3.859253580587931e-09,3.859252730369748e-09,3.859251029933382e-09,3.8592483092351975e-09,3.8592471189297415e-09,3.859245078406103e-09,3.859242017620645e-09,3.8592372563988214e-09,3.859230964784269e-09,3.859227223824265e-09,3.859222632646078e-09,3.8592160009442525e-09,3.859209199198791e-09,3.859198996580598e-09,3.859182672391489e-09,3.859162947329649e-09,3.8591437323987186e-09,3.859120606464148e-09,3.8590927193077535e-09,3.859059050667716e-09,3.859024531809496e-09,3.858978109896718e-09,3.858909922398461e-09,3.858835953416561e-09,3.858751441729195e-09,3.858649585590902e-09,3.858522903081671e-09,3.858392479612436e-09,3.858252533699555e-09,3.858065825786622e-09,3.85779324583723e-09,3.857482065982342e-09,3.8570836537419025e-09,3.856577603879526e-09,3.856043156729847e-09,3.855415695710974e-09,3.8546800869392534e-09,3.8536783598763315e-09,3.8526359923842734e-09,3.851131106200797e-09,3.849539837849952e-09,3.847502034909524e-09,3.845102719197789e-09,3.842249386976462e-09,3.838742407016234e-09,3.834607455906222e-09,3.829553759027925e-09,3.823479290199412e-09,3.8161413971513244e-09,3.8073008284870354e-09,3.796640622868014e-09,3.783831235726624e-09,3.768367977549581e-09,3.7497471790854224e-09,3.727318933555249e-09,3.700236423649037e-09,3.6675492754821028e-09,3.627987093045773e-09,3.579964049385573e-09,3.521741278274131e-09,3.4508317214832527e-09,3.3638297450600926e-09,3.2559441995011893e-09,3.1192802988487504e-09,2.9360638919050044e-09,2.662008643922961e-09,2.341054510761956e-09,1.912538255038768e-09,1.4035427267468815e-09,1.060824878587345e-09,7.797867886703326e-10,5.133241591039299e-10,2.910699842989777e-10,1.714102772580067e-10,8.630887856057783e-11,2.108728141233176e-11,2.2853864752460576e-13,0.0,0.0,0.0,0.0,0.0,0.0,0.0,0.0,0.0,0.0,0.0,0.0,0.0,0.0,0.0,0.0,0.0,0.0,0.0
1/0.2,3e-06,2.604166666666668e-06,0.5,6.566402453800273e-10,6.566399742229038e-10,6.566397572972051e-10,6.566396488343558e-10,6.56639594602931e-10,6.566394047929447e-10,6.566391607515336e-10,6.566386726687113e-10,6.566381845858892e-10,6.56637696503067e-10,6.56636828800272e-10,6.56636042444614e-10,6.566351476261066e-10,6.566340629976129e-10,6.56633032600544e-10,6.566311345006799e-10,6.566297787150626e-10,6.566275009952258e-10,6.566245724982927e-10,6.566213728442361e-10,6.566166004788637e-10,6.566117738820666e-10,6.566055372682274e-10,6.56598324488744e-10,6.56589322072246e-10,6.565785842501579e-10,6.565657856339317e-10,6.565503839093205e-10,6.56529830199364e-10,6.565046125868844e-10,6.564734566334017e-10,6.564328372963109e-10,6.563889911894513e-10,6.563419725442474e-10,6.562787387030621e-10,6.562094038265993e-10,6.561242876055527e-10,6.559799235530352e-10,6.558641936927526e-10,6.557283982053357e-10,6.555356054905726e-10,6.553063692584195e-10,6.550239862300729e-10,6.54692577993809e-10,6.543085110441739e-10,6.538247125045389e-10,6.532539267597055e-10,6.52551900967129e-10,6.517263631048271e-10,6.507193668955218e-10,6.495014375598953e-10,6.48039683738875e-10,6.462824228847338e-10,6.441635740064902e-10,6.416042574969368e-10,6.385259191374139e-10,6.348074872723073e-10,6.303238500048636e-10,6.249052087443868e-10,6.183507987566848e-10,6.103981399462711e-10,6.007454344347613e-10,5.889979859132814e-10,5.745891844566991e-10,5.567115241514208e-10,5.338667263118996e-10,5.026631034067696e-10,4.619451735859315e-10,4.1566431979923624e-10,3.589391443948713e-10,2.718608846344588e-10,2.0500964472820127e-10,1.512722683198437e-10,1.0005177233122187e-10,5.4034564615643696e-11,3.265377120126737e-11,1.8258798757980238e-11,7.953038430386452e-12,1.9849786064030338e-12,2.506034134798213e-13,0.0,0.0,0.0,0.0,0.0,0.0,0.0,0.0,0.0,0.0,0.0,0.0,0.0,0.0,0.0,0.0,0.0,0.0,0.0,0.0
0.2,1e-05,8.680555555555556e-06,0.5,7.295995495588124e-09,7.295993687873967e-09,7.2959912775884265e-09,7.2959882647314994e-09,7.295986457017342e-09,7.295982841589031e-09,7.295978021017947e-09,7.295971995304093e-09,7.295965969590239e-09,7.295961149019155e-09,7.2959515078769886e-09,7.2959400590206655e-09,7.295928610164343e-09,7.295915353593864e-09,7.295895770023838e-09,7.2958695581685726e-09,7.295844852741771e-09,7.295811108744187e-09,7.295768928747208e-09,7.295716505036677e-09,7.295649619612896e-09,7.295580926474959e-09,7.295492348481303e-09,7.29538629591747e-09,7.295263371354846e-09,7.295137735220987e-09,7.2949889000887895e-09,7.294830423814426e-09,7.294635793256938e-09,7.294390546703073e-09,7.294100107295304e-09,7.2937729110330246e-09,7.293299289924089e-09,7.292770232247696e-09,7.292107102438047e-09,7.2909802939473235e-09,7.29000262187449e-09,7.2889089548099625e-09,7.28756973990588e-09,7.285756301321477e-09,7.283661763185778e-09,7.281180374220643e-09,7.278089484299162e-09,7.274420427133376e-09,7.270154221724645e-09,7.264646719261962e-09,7.258376662711037e-09,7.250595055839801e-09,7.241365469929415e-09,7.230200123443386e-09,7.2167061398384245e-09,7.200482809143232e-09,7.1809396114000995e-09,7.157392326800893e-09,7.128925348125472e-09,7.094736652859853e-09,7.053412608533855e-09,7.003586583245359e-09,6.943396330127741e-09,6.870577687200311e-09,6.782213003814892e-09,6.674951983068583e-09,6.544435623559299e-09,6.3843342141689605e-09,6.1856691399692046e-09,5.931899213859033e-09,5.5851880746912234e-09,5.132525001111916e-09,4.618375543364967e-09,3.988047610938967e-09,3.0204583650969114e-09,2.2777306831497924e-09,1.6806933133394518e-09,1.1115754861008823e-09,6.002201518680975e-10,3.627925643017383e-10,2.028448106146799e-10,8.835202938632523e-11,2.2053510134766357e-11,2.7844823719980146e-12,0.0,0.0,0.0,0.0,0.0,0.0,0.0,0.0,0.0,0.0,0.0,0.0,0.0,0.0,0.0,0.0,0.0,0.0,0.0,0.0
0.3,1e-05,2.1736505252988773e-05,0.5,4.2880625569815476e-08,4.288061990169426e-08,4.288061612294678e-08,4.28806028973306e-08,4.2880599118583124e-08,4.288059156108817e-08,4.288058778234069e-08,4.288056888860329e-08,4.28805594417346e-08,4.288053865862346e-08,4.2880500871148675e-08,4.288047253054258e-08,4.2880438521815274e-08,4.288037050436065e-08,4.288032327001716e-08,4.28802628100575e-08,4.288017967761296e-08,4.288007009393607e-08,4.287999262961276e-08,4.287981880722873e-08,4.287963742734974e-08,4.287944660060206e-08,4.2879183977652275e-08,4.2878906239712574e-08,4.287856615243947e-08,4.2878027680923725e-08,4.287739663009475e-08,4.2876635212477745e-08,4.2875805777406125e-08,4.287462114007149e-08,4.287329102095891e-08,4.287164537643185e-08,4.286945181352034e-08,4.286685203525485e-08,4.2863522958725933e-08,4.285971587064093e-08,4.285612228178849e-08,4.2851597231682496e-08,4.284575339870636e-08,4.283695647457546e-08,4.282875470317249e-08,4.281956289993004e-08,4.280579881223811e-08,4.27915661598588e-08,4.27726988736966e-08,4.2750451497914524e-08,4.272398137182476e-08,4.2691911141971256e-08,4.265273875623114e-08,4.260664181573593e-08,4.2550236452118245e-08,4.2482914287034e-08,4.24015446281969e-08,4.2303161158836015e-08,4.218501295078669e-08,4.2042607073296506e-08,4.18708497747639e-08,4.1664110721445275e-08,4.141461891915028e-08,4.111347352819233e-08,4.075041147041871e-08,4.031093369175284e-08,3.977728196841759e-08,3.913034717441211e-08,3.8342705049908223e-08,3.7375712233812855e-08,3.6176985839199625e-08,3.465865487219397e-08,3.262318152958842e-08,2.9576596604697494e-08,2.6010934585497472e-08,2.1246803126512786e-08,1.5594316475842575e-08,1.1786597340012307e-08,8.663874432168836e-09,5.7037642539590124e-09,3.233534677662493e-09,1.9042053233094527e-09,9.587797084499595e-10,2.3418409625793523e-10,2.5393183058271614e-12,0.0,0.0,0.0,0.0,0.0,0.0,0.0,0.0,0.0,0.0,0.0,0.0,0.0,0.0,0.0,0.0,0.0,0.0,0.0
0.4,1e-05,4.53514739229025e-05,0.5,1.809623439284299e-07,1.8096231103435975e-07,1.8096231103435975e-07,1.8096229458732466e-07,1.8096224524621942e-07,1.8096222879918433e-07,1.8096216301104397e-07,1.809620972229036e-07,1.8096203143476325e-07,1.80961982093658e-07,1.8096186696441238e-07,1.809615051296405e-07,1.8096124197707908e-07,1.8096092948341243e-07,1.8096068277788614e-07,1.8096040317828964e-07,1.809600577905528e-07,1.809595643795002e-07,1.8095898873327214e-07,1.8095839664000902e-07,1.8095775520564063e-07,1.8095683417167574e-07,1.8095579800846525e-07,1.8095461382193898e-07,1.8095337207078992e-07,1.8095151355582508e-07,1.8094929320608832e-07,1.8094628339866736e-07,1.8094274728612364e-07,1.809387342095624e-07,1.809338987812468e-07,1.8092796140158037e-07,1.80920905623528e-07,1.8091172817794938e-07,1.8089983697158144e-07,1.8088688493145034e-07,1.8087507596025782e-07,1.808589825364251e-07,1.8083955858798722e-07,1.808092631493568e-07,1.8077936243956849e-07,1.807427513394646e-07,1.8069438060927346e-07,1.806441924817052e-07,1.8058137303119005e-07,1.804967201415968e-07,1.8040704268278442e-07,1.8028767832563983e-07,1.8015316624918005e-07,1.7998745414716005e-07,1.7978854370481676e-07,1.795480387107382e-07,1.7925709066004752e-07,1.789078378699731e-07,1.784870898183751e-07,1.7798210827657855e-07,1.7737186571022463e-07,1.7663567997269126e-07,1.7575007292139166e-07,1.7468054690023066e-07,1.733897177984553e-07,1.7183041551943575e-07,1.699429948904287e-07,1.6765577973252462e-07,1.6487090196343775e-07,1.6147462211202327e-07,1.5730514247061196e-07,1.521269908378619e-07,1.455581848238753e-07,1.3684477589322484e-07,1.2289724606942288e-07,1.03178706562604e-07,7.603814642610296e-08,5.7760079369799356e-08,4.380082280998032e-08,3.238756728164323e-08,2.1904358693411062e-08,1.3230159494408214e-08,7.409866270752772e-09,3.067372043742783e-09,1.7738127341429443e-10,0.0,0.0,0.0,0.0,0.0,0.0,0.0,0.0,0.0,0.0,0.0,0.0,0.0,0.0,0.0,0.0,0.0,0.0,0.0
0.5,1e-05,8.888888888888889e-05,0.5,6.833774618641761e-07,6.833774618641761e-07,6.833773986814779e-07,6.833773986814779e-07,6.833772723160814e-07,6.833770827679865e-07,6.833770827679865e-07,6.833768300371934e-07,6.833766404890986e-07,6.833761982102109e-07,6.83376008662116e-07,6.833756295659263e-07,6.833749977389437e-07,6.833744290946593e-07,6.833739868157715e-07,6.833730390752974e-07,6.833720913348234e-07,6.833709540462546e-07,6.833693112960997e-07,6.833669735362638e-07,6.833646357764279e-07,6.833622348338938e-07,6.833592652470752e-07,6.833554742851792e-07,6.833513674097919e-07,6.83344543678379e-07,6.833368985718887e-07,6.833284320903209e-07,6.833181964932017e-07,6.833030010542684e-07,6.832822139465386e-07,6.832535921842236e-07,6.832089851992471e-07,6.831716758159204e-07,6.831426749574158e-07,6.831083667522569e-07,6.830671716329868e-07,6.830074955744736e-07,6.828977788189329e-07,6.828214541194263e-07,6.827107580320625e-07,6.825686917350091e-07,6.823899162902625e-07,6.822082660327448e-07,6.81954650681901e-07,6.81666221664312e-07,6.81319317059477e-07,6.808944450049803e-07,6.803945434962915e-07,6.797815449577049e-07,6.790408541859206e-07,6.781536743282042e-07,6.770868660593146e-07,6.758028672651321e-07,6.742558073067148e-07,6.723845569234894e-07,6.701384435914459e-07,6.674226932631835e-07,6.641543154645285e-07,6.602129787466315e-07,6.554529838072886e-07,6.497050641978425e-07,6.427591690379044e-07,6.343417804266766e-07,6.241108272357411e-07,6.11614110893601e-07,5.962943284101919e-07,5.77310075792692e-07,5.533215639243487e-07,5.219136025725561e-07,4.764696048007439e-07,3.715731520848933e-07,2.706037252057823e-07,2.0613696496187628e-07,1.5757082574654813e-07,1.190784727602162e-07,8.6000561101877e-08,6.147575449064329e-08,3.283636420286435e-08,1.3079639916351698e-08,0.0,0.0,0.0,0.0,0.0,0.0,0.0,0.0,0.0,0.0,0.0,0.0,0.0,0.0,0.0,0.0,0.0,0.0,0.0,0.0
0.6,1e-05,0.0001757812499999,0.5,2.645704330622084e-06,2.645704083465316e-06,2.6457038363085477e-06,2.6457035891517795e-06,2.6457035891517795e-06,2.6457030948382432e-06,2.645702600524707e-06,2.6457021062111706e-06,2.6457016118976342e-06,2.6457008704273297e-06,2.6456996346434893e-06,2.6456979045461117e-06,2.6456946915081256e-06,2.6456919727836758e-06,2.6456899955295304e-06,2.645685793864472e-06,2.6456823336697177e-06,2.64567664906405e-06,2.6456704701448458e-06,2.645662808285033e-06,2.645655640738756e-06,2.6456425414300435e-06,2.6456296892780993e-06,2.6456123883043277e-06,2.645593110076411e-06,2.64557037165374e-06,2.6455409599983286e-06,2.6454967189368274e-06,2.6454278857768943e-06,2.645341875221574e-06,2.6452467198658314e-06,2.6450075956926343e-06,2.644935673073099e-06,2.644853122712533e-06,2.6447488225563682e-06,2.644578160807952e-06,2.644299738708617e-06,2.6440357752802195e-06,2.643654165230177e-06,2.6432475923465498e-06,2.6427129922570146e-06,2.6420676659353425e-06,2.641403308542522e-06,2.640489817127394e-06,2.6394360642463337e-06,2.638182855853366e-06,2.6366010525371268e-06,2.6347147520825113e-06,2.632490835482586e-06,2.6297874347524255e-06,2.6265578372628477e-06,2.6226174169080343e-06,2.617897711263205e-06,2.6122071738330343e-06,2.605332014013061e-06,2.5970900772651497e-06,2.5871276822540595e-06,2.57512896263008e-06,2.560670538849348e-06,2.5431938366158164e-06,2.5221154423782386e-06,2.496647420359713e-06,2.465793852362928e-06,2.428347006840259e-06,2.382748436790058e-06,2.3268487433780005e-06,2.2577016943492067e-06,2.1709872365529663e-06,2.0590003813201997e-06,1.9050474190589157e-06,1.5527631374505633e-06,1.0926899583166835e-06,8.265443828131378e-07,6.327828685310087e-07,4.869317051300876e-07,3.7119857118389995e-07,2.913184923408859e-07,2.1341542048640287e-07,9.953793955557846e-08,1.7296772106309027e-08,0.0,0.0,0.0,0.0,0.0,0.0,0.0,0.0,0.0,0.0,0.0,0.0,0.0,0.0,0.0,0.0,0.0,0.0,0.0,0.0
0.7,1e-05,0.0003767781622452,0.5,1.2082906296098748e-05,1.208290516047482e-05,1.2082902889226963e-05,1.2082902889226963e-05,1.2082902889226963e-05,1.2082901753603035e-05,1.2082899482355178e-05,1.2082899482355178e-05,1.2082897211107322e-05,1.2082891532987682e-05,1.2082889261739824e-05,1.2082883583620184e-05,1.2082876769876615e-05,1.2082869956133045e-05,1.2082858599893762e-05,1.2082844972406623e-05,1.2082834751791269e-05,1.2082818853056275e-05,1.208280181869735e-05,1.2082773428099147e-05,1.208274503750094e-05,1.2082712104407022e-05,1.2082664408202037e-05,1.208261103387741e-05,1.2082546303313502e-05,1.2082475894629951e-05,1.2081808715572121e-05,1.2081074534702525e-05,1.2080749746259054e-05,1.208040110971309e-05,1.2080002505714282e-05,1.2079510780553362e-05,1.207843307344548e-05,1.2077358773209381e-05,1.207661834640818e-05,1.207527717454895e-05,1.2073820169049039e-05,1.2071939575823904e-05,1.2069595648036053e-05,1.2066836081890472e-05,1.2063671098002517e-05,1.2059791238851746e-05,1.2054892725037359e-05,1.2049369050250484e-05,1.2042378149348348e-05,1.2034276608244407e-05,1.202428311767605e-05,1.20122216559344e-05,1.1997789011430622e-05,1.1980408287209179e-05,1.1959399244537063e-05,1.1934162273980177e-05,1.1903680424310797e-05,1.1867094596027217e-05,1.1822959707680784e-05,1.1769643867686634e-05,1.1705424902357621e-05,1.1627863491495922e-05,1.15342801304429e-05,1.1421136782850173e-05,1.1284120349038355e-05,1.1117905320596046e-05,1.0915324207100273e-05,1.0667037069553368e-05,1.0359939943447572e-05,9.97397089646691e-06,9.475073134815956e-06,8.789285175485477e-06,7.542453002844037e-06,5.9520866425478226e-06,4.2843059346886136e-06,3.221994480400463e-06,2.4643073311144027e-06,1.908915685906169e-06,1.4803425716343156e-06,1.2169289233634876e-06,9.363548619132911e-07,5.329142407969278e-07,3.732795852067045e-09,0.0,0.0,0.0,0.0,0.0,0.0,0.0,0.0,0.0,0.0,0.0,0.0,0.0,0.0,0.0,0.0,0.0,0.0,0.0,0.0,0.0
0.8,1e-05,0.0009876543209876,0.5,8.274246200445565e-05,8.274244640385496e-05,8.274240740235326e-05,8.274237230100172e-05,8.274231769889932e-05,8.274223189559557e-05,8.274216169289249e-05,8.274208759003924e-05,8.274195108478326e-05,8.274182237982762e-05,8.274166247367062e-05,8.274103064934294e-05,8.27404339263668e-05,8.273986450444185e-05,8.273936138506983e-05,8.273879196314486e-05,8.273814843836668e-05,8.273739180923354e-05,8.273624126493314e-05,8.273454859975899e-05,8.273329665155415e-05,8.273190429794316e-05,8.273003222586114e-05,8.272795734597025e-05,8.272610087448893e-05,8.27241117979018e-05,8.2721810709301e-05,8.271830057414723e-05,8.271293396751215e-05,8.271007905758708e-05,8.270620620846742e-05,8.26933786145555e-05,8.268673665881454e-05,8.267386616325074e-05,8.265551985684706e-05,8.263944733799299e-05,8.262035610290669e-05,8.259614397064605e-05,8.256363621897203e-05,8.252881957839685e-05,8.248476348206693e-05,8.24312378211222e-05,8.236757176973325e-05,8.22910079217293e-05,8.219812974556069e-05,8.208754098746625e-05,8.195360983059929e-05,8.179221771637937e-05,8.1597463717598e-05,8.136316999638455e-05,8.10804715114007e-05,8.074017950884392e-05,8.032887747212646e-05,7.983417852430575e-05,7.923542356992677e-05,7.851262433936392e-05,7.763649850513447e-05,7.657295875474518e-05,7.527756287699923e-05,7.369007305250786e-05,7.172750188593571e-05,6.926733005981574e-05,6.611015849651309e-05,6.1886658575449e-05,5.564673421425368e-05,4.728025297240267e-05,4.047316487321225e-05,3.379583867035616e-05,2.6398646149865696e-05,1.8991972364309898e-05,1.4280060537500492e-05,1.090171535815914e-05,8.590498067364252e-06,7.20998921243986e-06,5.520635265786238e-06,3.32901607998045e-06,0.0,0.0,0.0,0.0,0.0,0.0,0.0,0.0,0.0,0.0,0.0,0.0,0.0,0.0,0.0,0.0,0.0,0.0,0.0,0.0,0.0,0.0,0.0,0.0
0.9,1e-05,0.0044875346260387,0.5,0.001705290418367298,0.001705288646910722,0.0017052857481635972,0.001705282527333459,0.001705277937650512,0.0017052702881789335,0.0017052648127676984,0.0017052576464206405,0.0017052493527830346,0.0017052389656058385,0.0017052237471834352,0.0017052094950100731,0.0017051892037802019,0.0017051652085956714,0.001705138556226277,0.0017051058648003734,0.0017050675369217278,0.001705022928424312,0.001704970106810044,0.0017049010200035776,0.001704810112072924,0.0017047147755008304,0.001704596973638522,0.001704441165980582,0.0017042599137645491,0.001704049351994258,0.0017037890283983297,0.0017034646102826497,0.001703093973254485,0.0017026643950347894,0.0017021390776392328,0.001701434360004973,0.001700689301473231,0.0016997034858886513,0.0016985748264874377,0.0016972199037690089,0.001695554331983741,0.0016935614433356686,0.0016911344673057069,0.0016882097924986246,0.0016847141450287754,0.001680512330551104,0.0016754449179737648,0.001669339109759838,0.0016619915104860903,0.001653046540505253,0.0016423233502050611,0.0016293707012831385,0.0016136420993857696,0.0015946077984759577,0.0015714629936228954,0.0015431430394243675,0.0015083025951316072,0.0014649834765412817,0.0014102572243708965,0.0013395181320434374,0.0012449371667002348,0.0011072539251557676,0.0009736570313285137,0.000863480886976421,0.0007625786398830393,0.0006696241937596775,0.0005833333231094423,0.0005018563051839086,0.0004206710944689048,0.0003309125170502701,0.0002447497549187857,0.00016390603271919504,0.0001310667707121132,9.948081423259692e-05,6.229439778785303e-05,1.791248577264247e-05,1.1852654908939986e-07,0.0,0.0,0.0,0.0,0.0,0.0,0.0,0.0,0.0,0.0,0.0,0.0,0.0,0.0,0.0,0.0,0.0,0.0,0.0,0.0,0.0,0.0,0.0,0.0,0.0,0.0,0.0
1.0,1e-05,0.0044875346260387,0.5,0.0017052904988880512,0.001705288646910722,0.0017052866338918852,0.001705283735144761,0.0017052806753561295,0.00170527672983921,0.0017052707713034543,0.0017052630413111223,0.0017052557139225577,0.001705245890390636,0.001705236388941728,0.001705220928957064,0.001705203858557331,0.0017051821179538975,0.001705155787667517,0.0017051214858265441,0.0017050869424233108,0.0017050419313221282,0.0017049869356475166,0.0017049277528937254,0.0017048523049477359,0.0017047584177492044,0.0017046460107773777,0.0017045109774738295,0.0017043459099292417,0.0017041635304226605,0.0017039194720189308,0.0017036327376158688,0.0017032998648210756,0.0017028952480349518,0.0017024065675822185,0.00170181087504814,0.0017011040638742903,0.0017002459542046942,0.0016992001506587885,0.0016979548166858153,0.001696452540988559,0.0016946509696507018,0.0016924529141228196,0.001689825119333735,0.0016866604926813493,0.0016828342269978038,0.0016782360893716148,0.0016727054408996348,0.0016660343769964365,0.0016579663585415047,0.0016482104640525973,0.0016364311635500572,0.0016221764135239739,0.0016048634852815758,0.00158379225087155,0.0015579792298111672,0.001526164111267311,0.0014865578046189096,0.0014364452305801307,0.0013718351364435943,0.001286318553358606,0.001166020547693142,0.001030864369475184,0.0009240113166182812,0.0008286001823069319,0.0007421342595386801,0.0006640252636887655,0.0005941109454389715,0.0005316589685366023,0.0004749347549106768,0.00042383113143834334,0.00037528404188828465,0.0003302656938377462,0.0002867627463672774,0.00024335666536321796,0.00019743100946272073,0.00015080675550522646,0.00010223397983481482,5.013101329132066e-05,2.0800362595394727e-05,9.086444944661967e-06,0.0,0.0,0.0,0.0,0.0,0.0,0.0,0.0,0.0,0.0,0.0,0.0,0.0,0.0,0.0,0.0,0.0,0.0,0.0,0.0,0.0,0.0,0.0
1/0.9,1e-05,0.0044875346260387,0.5,0.0017052896131597632,0.0017052870364956526,0.001705284298790035,0.0017052826078542125,0.0017052784207750326,0.0017052731064053045,0.0017052673089110555,0.0017052603841262583,0.001705251365801871,0.001705241703311456,0.0017052294641569307,0.0017052158561495963,0.0017051969337725337,0.001705177608791704,0.0017051468498638833,0.001705117218226611,0.0017050787293064582,0.0017050338792467823,0.0017049838758588852,0.0017049167215505018,0.0017048364423593045,0.001704741991515499,0.0017046106621666098,0.0017044365762976348,0.0017042284301499473,0.0017040210086890408,0.0017037731658098988,0.0017034760442296408,0.0017031147476088769,0.0017026590806650612,0.0017020914093531859,0.001701513028781101,0.0017006346278816333,0.0016997340032542114,0.0016985657276422969,0.0016971690146528238,0.0016955205937880422,0.0016935172374420203,0.0016911250463775523,0.0016882286343549336,0.0016847412805226904,0.001680523764498095,0.0016754478167208893,0.0016693371772617553,0.0016619468214679213,0.0016530784267236225,0.0016423305970728723,0.0016293409086043595,0.0016136582840572146,0.0015946071543099301,0.0015714449569741208,0.0015431360341188168,0.0015082868130639293,0.0014649821882092265,0.0014102710739404914,0.0013395947072799756,0.0012451332347349037,0.0011068413368150517,0.0009734231185397197,0.0008633712982309655,0.0007624868462240978,0.0006695422236326578,0.0005832500646503672,0.0005018261904221156,0.00042075692959209053,0.0003331312664117907,0.00024260476256743208,0.00016300387819745751,0.00013115163958625736,9.959926026093286e-05,6.249070738478235e-05,1.6279041768004177e-05,0.0,0.0,0.0,0.0,0.0,0.0,0.0,0.0,0.0,0.0,0.0,0.0,0.0,0.0,0.0,0.0,0.0,0.0,0.0,0.0,0.0,0.0,0.0,0.0,0.0,0.0,0.0,0.0
1/0.8,1e-05,0.0009876543209876,0.5,8.274239570190274e-05,8.274236450070138e-05,8.274232549919966e-05,8.274226309679693e-05,8.274220849469453e-05,8.27421460922918e-05,8.274208368988907e-05,8.274197448568428e-05,8.274184188057847e-05,8.274168587457164e-05,8.274147526646242e-05,8.274127245865354e-05,8.274101504874225e-05,8.27406484346262e-05,8.274030912156134e-05,8.27399269068446e-05,8.273945498867392e-05,8.273852675293326e-05,8.273764531899464e-05,8.273666248115159e-05,8.273552363730169e-05,8.273429899014805e-05,8.273283253368382e-05,8.273112426790898e-05,8.272894798411365e-05,8.272594096833192e-05,8.27225595381338e-05,8.271918980838619e-05,8.271497764620166e-05,8.270859310037199e-05,8.270328499598947e-05,8.269428734954531e-05,8.268695896737429e-05,8.267074214296388e-05,8.265732562637617e-05,8.264106200016372e-05,8.26192835616097e-05,8.259583975893272e-05,8.256446305080825e-05,8.25286518719395e-05,8.248401075308396e-05,8.243053969424162e-05,8.236826989661383e-05,8.229051650280778e-05,8.219827015096684e-05,8.208784129902941e-05,8.195304430882452e-05,8.179260773139645e-05,8.159740521534543e-05,8.136338450464394e-05,8.108022190178977e-05,8.074044081890536e-05,8.032942739330056e-05,7.983412392220336e-05,7.923531826587215e-05,7.851258143771205e-05,7.763668181219249e-05,7.657368418267696e-05,7.52775667771494e-05,7.36902680600164e-05,7.172776709614733e-05,6.926779417768608e-05,6.61120032675439e-05,6.188872955518973e-05,5.5670330122787316e-05,4.727560399339902e-05,4.04730244678061e-05,3.379754303598082e-05,2.6461992388940633e-05,1.898173837026159e-05,1.4273578487916543e-05,1.0896797268793699e-05,8.589815541084353e-06,7.209552395620725e-06,5.518934800311748e-06,3.3264068795161515e-06,0.0,0.0,0.0,0.0,0.0,0.0,0.0,0.0,0.0,0.0,0.0,0.0,0.0,0.0,0.0,0.0,0.0,0.0,0.0,0.0,0.0,0.0,0.0,0.0
1/0.7,1e-05,0.0003767781622452,0.5,1.208290516047482e-05,1.2082902889226963e-05,1.2082900617979107e-05,1.208289834673125e-05,1.2082894939859465e-05,1.2082890397363752e-05,1.2082883583620184e-05,1.2082872227380902e-05,1.2082868820509117e-05,1.2082863142389475e-05,1.2082855193021977e-05,1.2082843836782695e-05,1.2082834751791269e-05,1.2082818853056275e-05,1.2082798411825567e-05,1.2082779106218787e-05,1.2082743901877012e-05,1.2082713240030949e-05,1.2082666679449893e-05,1.2082622390116693e-05,1.208255993080064e-05,1.2082484979621377e-05,1.2082376527536232e-05,1.2082241388288775e-05,1.208207104469954e-05,1.2081846191161752e-05,1.2081521402718281e-05,1.2081113713728048e-05,1.2080681041011396e-05,1.2080319344790257e-05,1.207990938455217e-05,1.2079384158485366e-05,1.2078573323000615e-05,1.2077532523670398e-05,1.2076791529057234e-05,1.2075679753231505e-05,1.2073662885134982e-05,1.2071957745806755e-05,1.206966151422389e-05,1.2066975763633644e-05,1.2063870967813885e-05,1.2059545944083248e-05,1.2055116442951217e-05,1.2049106153311101e-05,1.2042581993843463e-05,1.2034081280928753e-05,1.2024297312975153e-05,1.2012324997711868e-05,1.199779696079812e-05,1.1980380464422937e-05,1.1959435584502768e-05,1.1934216216116767e-05,1.1903783766088264e-05,1.1866993525497607e-05,1.1822900655236516e-05,1.1769578001498797e-05,1.1705344273058716e-05,1.1627889610846271e-05,1.1534287511998432e-05,1.1421172555003912e-05,1.1284120349038355e-05,1.1117950177741212e-05,1.0915404836399175e-05,1.066710236792924e-05,1.0360013759002907e-05,9.974035627030819e-06,9.475184993772888e-06,8.789748510048192e-06,7.541165205309433e-06,5.952444364085213e-06,4.283595034109547e-06,3.2214982127438295e-06,2.4639848139187876e-06,1.9086420005394674e-06,1.4800757000111833e-06,1.2167426810392592e-06,9.359551222905568e-07,5.27323564198289e-07,7.88236568579171e-09,0.0,0.0,0.0,0.0,0.0,0.0,0.0,0.0,0.0,0.0,0.0,0.0,0.0,0.0,0.0,0.0,0.0,0.0,0.0,0.0,0.0
1/0.6,1e-05,0.00017578125,0.5,2.645704330622084e-06,2.645704083465316e-06,2.6457038363085477e-06,2.6457030948382432e-06,2.6457018590544024e-06,2.645701117584098e-06,2.6457008704273297e-06,2.6457001289570252e-06,2.645699387486721e-06,2.645698398859648e-06,2.6456959272919664e-06,2.645693950037821e-06,2.645692467097212e-06,2.645689254059226e-06,2.64568604102124e-06,2.645681345042645e-06,2.6456776376911226e-06,2.6456725709773754e-06,2.6456667627933233e-06,2.645657123679365e-06,2.6456469902518705e-06,2.6456353738837667e-06,2.6456212859479812e-06,2.6456034906606737e-06,2.6455787749838576e-06,2.6455510934258234e-06,2.6455192102027305e-06,2.6454703967410184e-06,2.6454078660786733e-06,2.64533025885347e-06,2.6452407881033954e-06,2.645142296131283e-06,2.6450324349478343e-06,2.644909721612442e-06,2.6447645170111465e-06,2.6445265050434064e-06,2.6442725514641193e-06,2.644045414394178e-06,2.64360399240624e-06,2.6432375824974393e-06,2.6427601991997334e-06,2.6421057280776396e-06,2.6413704366923564e-06,2.6404636185099684e-06,2.6394686889397308e-06,2.6381185950936437e-06,2.6366321942899152e-06,2.6347303229589057e-06,2.6324826793092366e-06,2.6297685272596614e-06,2.6265348516834087e-06,2.6226065420102354e-06,2.6178783094569048e-06,2.612202477854439e-06,2.6053421474405558e-06,2.5970774722699732e-06,2.587126199313451e-06,2.5751227837108757e-06,2.5606670786545935e-06,2.5431891406372212e-06,2.52212001477845e-06,2.4966361747267616e-06,2.4657933580493918e-06,2.4283610947760444e-06,2.382751773406428e-06,2.3268334196583747e-06,2.257704907387193e-06,2.1709847649852847e-06,2.059016570088515e-06,1.905096726834164e-06,1.5524465296305475e-06,1.0926289105949474e-06,8.264974230271868e-07,6.327366502153623e-07,4.868963617122404e-07,3.711446910084406e-07,2.913081117566231e-07,2.132705866202597e-07,9.963877951698872e-08,1.7361774336335738e-08,0.0,0.0,0.0,0.0,0.0,0.0,0.0,0.0,0.0,0.0,0.0,0.0,0.0,0.0,0.0,0.0,0.0,0.0,0.0,0.0
1/0.5,1e-05,8.888888888888889e-05,0.5,6.833772091333831e-07,6.833771459506848e-07,6.8337695640259e-07,6.8337695640259e-07,6.833767668544952e-07,6.833767036717969e-07,6.833765141237021e-07,6.833761350275125e-07,6.833758822967194e-07,6.833755032005298e-07,6.833748713735471e-07,6.833743659119611e-07,6.833737340849784e-07,6.833732286233923e-07,6.833721545175218e-07,6.833707013154616e-07,6.833693744787979e-07,6.833677949113412e-07,6.833658994303933e-07,6.833637512186521e-07,6.833606552664371e-07,6.833571802180324e-07,6.833523783329641e-07,6.833475132651976e-07,6.833396470192632e-07,6.833308014415059e-07,6.833228404215243e-07,6.833119098147241e-07,6.833000314674499e-07,6.832851835333572e-07,6.832688823972042e-07,6.832488534818536e-07,6.832252863354e-07,6.83195464101818e-07,6.831551851316727e-07,6.831049548865505e-07,6.830561462521392e-07,6.829979549870353e-07,6.829253896580756e-07,6.828144724312678e-07,6.827076304884983e-07,6.825379217609531e-07,6.824066597053033e-07,6.822050753064823e-07,6.819555668310259e-07,6.816584501924252e-07,6.813263303389845e-07,6.808958666156913e-07,6.803807380767203e-07,6.797803128950887e-07,6.790430971717091e-07,6.781572125593071e-07,6.770900567855771e-07,6.758022038468003e-07,6.742518899794223e-07,6.72388948121019e-07,6.701355371873256e-07,6.674229775853257e-07,6.641573798253944e-07,6.602104830300499e-07,6.554557954373615e-07,6.497084444721998e-07,6.427591058552062e-07,6.343408642775517e-07,6.241113326973273e-07,6.11614805903282e-07,5.962956868382046e-07,5.773118449082434e-07,5.533251653381499e-07,5.219141712168405e-07,4.764691309305069e-07,3.7163557659078113e-07,2.7060164017673943e-07,2.061320998941097e-07,1.575662765922729e-07,1.190779041159318e-07,8.599613831299831e-08,6.143670758311427e-08,3.284919029061256e-08,1.3086463647764536e-08,0.0,0.0,0.0,0.0,0.0,0.0,0.0,0.0,0.0,0.0,0.0,0.0,0.0,0.0,0.0,0.0,0.0,0.0,0.0,0.0
1/0.4,1e-05,4.535147392290251e-05,0.5,1.80962360375465e-07,1.8096232748139484e-07,1.8096227814028957e-07,1.8096226169325448e-07,1.8096222879918433e-07,1.8096219590511412e-07,1.8096214656400888e-07,1.8096201498772816e-07,1.8096191630551768e-07,1.8096180117627205e-07,1.809616202588861e-07,1.8096155447074573e-07,1.8096135710632468e-07,1.8096112684783348e-07,1.80960847248237e-07,1.8096064166029842e-07,1.809602798255265e-07,1.8096004956703527e-07,1.8095953970894757e-07,1.8095896406271954e-07,1.8095828973428094e-07,1.8095753317066695e-07,1.8095648056042137e-07,1.8095523058575474e-07,1.8095391482294778e-07,1.8095203986094785e-07,1.809499510874918e-07,1.8094735245594803e-07,1.8094437554259725e-07,1.8094057627749215e-07,1.8093560927289584e-07,1.8093009951614168e-07,1.8092360293728227e-07,1.8091511626717733e-07,1.8090361978965145e-07,1.808905443967572e-07,1.8087483747824904e-07,1.808575845384427e-07,1.808376671789522e-07,1.8080730595218145e-07,1.8077735590128784e-07,1.807450539243768e-07,1.8069484112625592e-07,1.8064735853595945e-07,1.8057430080610258e-07,1.8050122662921065e-07,1.804054555438985e-07,1.802883691011135e-07,1.8015437510625896e-07,1.7998710875942322e-07,1.7978666874281683e-07,1.7954654203054527e-07,1.7925768275331064e-07,1.7890918652685025e-07,1.7848727073576106e-07,1.779826016876312e-07,1.773710269114352e-07,1.7663503853832287e-07,1.757487571585847e-07,1.746806867000289e-07,1.7338844315323605e-07,1.7183057998978662e-07,1.6994320870188484e-07,1.67655664603279e-07,1.648707292695693e-07,1.6147532933453205e-07,1.5730520825875232e-07,1.521272210963531e-07,1.4555732135453325e-07,1.368439946590582e-07,1.2291130006090483e-07,1.0318797446687557e-07,7.603452807838381e-08,5.775940504136078e-08,4.38011024095768e-08,3.238659690657309e-08,2.19027797780427e-08,1.3233267984039674e-08,7.4112149276299145e-09,3.0680957132866147e-09,1.779240255721685e-10,0.0,0.0,0.0,0.0,0.0,0.0,0.0,0.0,0.0,0.0,0.0,0.0,0.0,0.0,0.0,0.0,0.0,0.0,0.0
1/0.3,1e-05,2.1736505252988773e-05,0.5,4.2880640684805395e-08,4.2880640684805395e-08,4.288063690605791e-08,4.288063501668417e-08,4.2880629348562954e-08,4.288061423357304e-08,4.2880608565451825e-08,4.288058967171443e-08,4.288056888860329e-08,4.2880549994865896e-08,4.288051787551233e-08,4.288050464989615e-08,4.288045174743145e-08,4.288041207058292e-08,4.2880372393734395e-08,4.2880281703794896e-08,4.2880206128845315e-08,4.2880111660158345e-08,4.287999262961276e-08,4.287983392221864e-08,4.287961475486487e-08,4.2879388030016135e-08,4.2879151858298705e-08,4.287886467349031e-08,4.287842256003527e-08,4.287791809724684e-08,4.28772983826603e-08,4.287655585878069e-08,4.2875522371345206e-08,4.28744303133238e-08,4.287301895114043e-08,4.287138842160328e-08,4.286940268980311e-08,4.286699562765905e-08,4.286412566894882e-08,4.286044139015688e-08,4.2856658863930495e-08,4.285107387515667e-08,4.2845016542947976e-08,4.283712840758575e-08,4.282939331149642e-08,4.28196951560918e-08,4.280643175244083e-08,4.279084252971659e-08,4.2772555281292405e-08,4.275155300280463e-08,4.2723597828955656e-08,4.2691255529283665e-08,4.265329045336307e-08,4.2606808080625e-08,4.255030824832035e-08,4.248291617640774e-08,4.240140859328766e-08,4.230323484441185e-08,4.2184687978503505e-08,4.2042469149013524e-08,4.187063249678386e-08,4.1663638378010415e-08,4.1414579242301754e-08,4.11137399298896e-08,4.075023197991346e-08,4.031080521433856e-08,3.977694565989197e-08,3.9130214918250355e-08,3.834216468901874e-08,3.737550251332778e-08,3.61767742293408e-08,3.465845270920385e-08,3.262207813532458e-08,2.9578973436861727e-08,2.601198885604409e-08,2.12526507382364e-08,1.5594590435034795e-08,1.1786791945507472e-08,8.66413516574488e-09,5.704159133070559e-09,3.233867207440637e-09,1.9043564732086092e-09,9.588515046520587e-10,2.3425967120751345e-10,2.527982063390433e-12,0.0,0.0,0.0,0.0,0.0,0.0,0.0,0.0,0.0,0.0,0.0,0.0,0.0,0.0,0.0,0.0,0.0,0.0,0.0
1/0.2,1e-05,8.68055555555557e-06,0.5,7.295999713587822e-09,7.2959967007308945e-09,7.295993687873967e-09,7.2959912775884265e-09,7.295987662160113e-09,7.295986457017342e-09,7.2959840467318015e-09,7.295977418446561e-09,7.295966572161624e-09,7.295961751590541e-09,7.295954520733916e-09,7.295942469306207e-09,7.295931020449884e-09,7.295915353593864e-09,7.295900289309228e-09,7.295878596739353e-09,7.295850275884239e-09,7.29582255760051e-09,7.2957858007459994e-09,7.2957363898923955e-09,7.2956839661818645e-09,7.295608042187303e-09,7.295529105335814e-09,7.295432091342762e-09,7.295323628493387e-09,7.295191665359981e-09,7.2950286698002275e-09,7.294862962669238e-09,7.294656280684041e-09,7.294403803273553e-09,7.294094684152835e-09,7.293738564464055e-09,7.293304713066558e-09,7.292767821962154e-09,7.291959472448621e-09,7.291059833370198e-09,7.290104456438625e-09,7.288954147663869e-09,7.287596855618224e-09,7.28560867133205e-09,7.2837982456045734e-09,7.281107463083007e-09,7.278090086870548e-09,7.274529492554136e-09,7.269923436884032e-09,7.264823875249273e-09,7.258235058435464e-09,7.250686044118998e-09,7.241357033930018e-09,7.23016276401749e-09,7.216672998412227e-09,7.200426770004388e-09,7.18089622626035e-09,7.157333274805121e-09,7.128933784124868e-09,7.094704716576427e-09,7.0533981468206055e-09,7.003566698389639e-09,6.943389099271116e-09,6.870530084060862e-09,6.78215274667635e-09,6.674871841074322e-09,6.544349455851186e-09,6.384234187318982e-09,6.1855212086940855e-09,5.931647640305623e-09,5.5848343652879845e-09,5.132924204654753e-09,4.618541250495955e-09,3.9881979524996274e-09,3.0206795087953587e-09,2.2778903645669273e-09,1.6808313021867116e-09,1.1118671306514228e-09,6.004557572797944e-10,3.6278714115926956e-10,2.028502337571486e-10,8.832672138813785e-11,2.2016753280256105e-11,2.783277229227187e-12,0.0,0.0,0.0,0.0,0.0,0.0,0.0,0.0,0.0,0.0,0.0,0.0,0.0,0.0,0.0,0.0,0.0,0.0,0.0,0.0
0.2,3e-05,2.604166666666666e-05,0.5,6.566401369166653e-08,6.566400826852407e-08,6.566399742223912e-08,6.566398657595419e-08,6.566395946024185e-08,6.566393776767198e-08,6.566392149824457e-08,6.566387268996234e-08,6.566382388168013e-08,6.566379676596779e-08,6.566375338082804e-08,6.566366118740607e-08,6.566359068655397e-08,6.566349306998954e-08,6.566338460714017e-08,6.566324902857846e-08,6.566305379544957e-08,6.566286398546316e-08,6.566263079033701e-08,6.566226743979161e-08,6.566187697353386e-08,6.56614539684213e-08,6.566090623103197e-08,6.566026630022064e-08,6.565956129169971e-08,6.565853631777314e-08,6.565724289829434e-08,6.56555508778441e-08,6.565340331342648e-08,6.565091409103335e-08,6.564789340067826e-08,6.564439005064347e-08,6.563963937784087e-08,6.563208494038194e-08,6.562622523494448e-08,6.56198421962588e-08,6.561163427013239e-08,6.560123810601985e-08,6.558720030173957e-08,6.557057023535922e-08,6.555365274242805e-08,6.553101925733484e-08,6.550170446072016e-08,6.547006584755765e-08,6.543107887635e-08,6.538199401386561e-08,6.532547131148535e-08,6.52555561587786e-08,6.517192045562597e-08,6.50719692283562e-08,6.495039864363487e-08,6.480433443595355e-08,6.46284456562655e-08,6.441635197745626e-08,6.416017628509004e-08,6.385257022112167e-08,6.348070805361267e-08,6.303225213344667e-08,6.249041512311176e-08,6.183492802763108e-08,6.103966756973282e-08,6.007436990287023e-08,5.8899429817594295e-08,5.7458273091671274e-08,5.5670349790013254e-08,5.338607066233426e-08,5.026536400227693e-08,4.61907455629701e-08,4.1563416712678566e-08,3.588989589088978e-08,2.7181424560901558e-08,2.0497678048468075e-08,1.5124786417861638e-08,1.0003441827524384e-08,5.39977414782389e-09,3.2642545296331627e-09,1.8250447118564152e-09,7.947235667938711e-10,1.9814535637968153e-10,2.5060341347962567e-11,0.0,0.0,0.0,0.0,0.0,0.0,0.0,0.0,0.0,0.0,0.0,0.0,0.0,0.0,0.0,0.0,0.0,0.0,0.0,0.0
0.3,3e-05,6.520951575896632e-05,0.5,3.859256471329515e-07,3.859255791154969e-07,3.859255281024059e-07,3.8592542607622396e-07,3.8592532405004207e-07,3.859252900413147e-07,3.8592513700204183e-07,3.8592505198022354e-07,3.8592477991040507e-07,3.859243548013137e-07,3.859240487227679e-07,3.859238276660404e-07,3.859234365656763e-07,3.8592277339549377e-07,3.859221102253112e-07,3.8592134502894673e-07,3.859204608020367e-07,3.8591940653149006e-07,3.8591835226094344e-07,3.8591671984203255e-07,3.859149513882124e-07,3.8591289386021014e-07,3.859101731620253e-07,3.859065852412941e-07,3.859017730063797e-07,3.858966716972832e-07,3.8589017603036695e-07,3.8588237102744925e-07,3.8587247448780196e-07,3.858623058783362e-07,3.8585048784559595e-07,3.8583900990012876e-07,3.8582151240992766e-07,3.8580253554008855e-07,3.8577680793787836e-07,3.857471183189366e-07,3.857110520636241e-07,3.856672148141212e-07,3.8560207109695854e-07,3.855385257899794e-07,3.8546848481608403e-07,3.8536919633670185e-07,3.8525683150166896e-07,3.851235683037039e-07,3.8494684195223644e-07,3.8475700523639086e-07,3.8450877553575363e-07,3.842262310292604e-07,3.8387551602887393e-07,3.834564094778666e-07,3.8295086974640035e-07,3.823457524613699e-07,3.816123372525616e-07,3.807272601243135e-07,3.796657627231436e-07,3.783831065682755e-07,3.768375799556631e-07,3.749761632794299e-07,3.727314682464107e-07,3.700206495968777e-07,3.667538392689138e-07,3.6279476429218704e-07,3.5799478952398803e-07,3.5217130510302476e-07,3.450782748915714e-07,3.3637833231471073e-07,3.255880943268192e-07,3.119231326281232e-07,2.9360344743557006e-07,2.6617188895661146e-07,2.3408344742961154e-07,1.9117084420922815e-07,1.4033743835466098e-07,1.0606820419325769e-07,7.796864629247197e-08,5.134268654603752e-08,2.9091813533151978e-08,1.7132049421789724e-08,8.625021350596242e-09,2.1047831288650622e-09,2.2853864752459173e-11,0.0,0.0,0.0,0.0,0.0,0.0,0.0,0.0,0.0,0.0,0.0,0.0,0.0,0.0,0.0,0.0,0.0,0.0,0.0
0.4,3e-05,0.0001360544217687,0.5,1.628660059192659e-06,1.6286597631460274e-06,1.62865931907608e-06,1.6286591710527642e-06,1.628658726982817e-06,1.6286576908196065e-06,1.6286560625631327e-06,1.6286539902367118e-06,1.628652510003554e-06,1.6286507337237645e-06,1.6286485133740278e-06,1.6286465890709226e-06,1.6286430365113438e-06,1.6286397799983966e-06,1.6286363754621336e-06,1.6286328229025547e-06,1.6286276420865025e-06,1.6286211290606078e-06,1.6286153561512921e-06,1.6286069188222927e-06,1.6285967052135033e-06,1.6285848633482407e-06,1.628570357063294e-06,1.6285543705451894e-06,1.6285340913509269e-06,1.6285161065180593e-06,1.6284947911605864e-06,1.6284685910336925e-06,1.628439578463799e-06,1.628408789614116e-06,1.628371043668591e-06,1.6283290050469085e-06,1.6282782330495945e-06,1.6282126587207023e-06,1.6281365747363895e-06,1.6280456144088404e-06,1.6279103210982139e-06,1.6276805149004595e-06,1.6275243503023074e-06,1.6273359906329727e-06,1.6270352812669577e-06,1.6266329538946572e-06,1.6262609713020926e-06,1.6258138668767673e-06,1.6252110419232376e-06,1.6244811389531076e-06,1.6236459173937973e-06,1.6225931015602848e-06,1.621395222877304e-06,1.6198761335990726e-06,1.6180746898459833e-06,1.6159242071142759e-06,1.613296645235797e-06,1.6101672843168108e-06,1.6063851405752182e-06,1.6018383823959438e-06,1.5963500479049688e-06,1.589719491497748e-06,1.58174873198942e-06,1.5721232198339446e-06,1.56050176128844e-06,1.5464691509521324e-06,1.529485177734069e-06,1.5088952085201956e-06,1.4838281260971244e-06,1.4532624215626311e-06,1.4157347364168766e-06,1.3691211581133369e-06,1.3099972412530104e-06,1.2315739704691298e-06,1.1059385150926797e-06,9.284911986089931e-07,6.843181538712434e-07,5.198060768723008e-07,3.94193639121455e-07,2.914696026203161e-07,1.971525503391201e-07,1.1900497298088699e-07,6.665682340056566e-08,2.758103640668601e-08,1.5678629607823701e-09,0.0,0.0,0.0,0.0,0.0,0.0,0.0,0.0,0.0,0.0,0.0,0.0,0.0,0.0,0.0,0.0,0.0,0.0,0.0
0.5,3e-05,0.0002666666666666,0.5,6.150397156778578e-06,6.150396019490008e-06,6.150396019490008e-06,6.150396019490008e-06,6.150394313557155e-06,6.150392607624303e-06,6.1503909016914495e-06,6.15038976440288e-06,6.150388627114311e-06,6.150386921181458e-06,6.150384646604321e-06,6.150380666094329e-06,6.150377822872908e-06,6.1503732737186324e-06,6.150365312698651e-06,6.150360194900091e-06,6.150353939812963e-06,6.150345978792981e-06,6.150335743195862e-06,6.150324938954459e-06,6.150303899115936e-06,6.150278310123137e-06,6.150251015197486e-06,6.150220308406128e-06,6.150181640594789e-06,6.150133874474899e-06,6.150075304113606e-06,6.150011047309467e-06,6.149919495579679e-06,6.149814296387064e-06,6.14968976328878e-06,6.149427902595812e-06,6.148912995196285e-06,6.148443863661652e-06,6.148187405089386e-06,6.1479121812557346e-06,6.147570426040809e-06,6.147032488547763e-06,6.14625856367669e-06,6.14533394807025e-06,6.144290485808371e-06,6.143159452326692e-06,6.1415513262904e-06,6.139778862055914e-06,6.137673740915053e-06,6.134887383921477e-06,6.13194464974969e-06,6.127996552483078e-06,6.12353383213908e-06,6.118040728351744e-06,6.111416022438446e-06,6.103443060926827e-06,6.0937954419976395e-06,6.082228648608592e-06,6.068281510245032e-06,6.051464424178088e-06,6.031204765613367e-06,6.006795709705354e-06,5.977350171370382e-06,5.9419133968549355e-06,5.899085383930815e-06,5.847346430747953e-06,5.784827403543514e-06,5.709052140781066e-06,5.616984934948319e-06,5.504465300138439e-06,5.366606023049121e-06,5.1957267096530695e-06,4.979819298596543e-06,4.697072869706965e-06,4.287992446084355e-06,3.3432664502044923e-06,2.435330033592672e-06,1.8551940168458464e-06,1.4181385690077307e-06,1.0717608446934213e-06,7.740880719825408e-07,5.538026685803923e-07,2.9533564470198297e-07,1.1753763629759722e-07,0.0,0.0,0.0,0.0,0.0,0.0,0.0,0.0,0.0,0.0,0.0,0.0,0.0,0.0,0.0,0.0,0.0,0.0,0.0,0.0
0.6,3e-05,0.0005273437499999,0.5,2.3811330077957052e-05,2.3811325629135224e-05,2.3811318955902484e-05,2.381131228266974e-05,2.3811301160615176e-05,2.3811287814149696e-05,2.3811278916506044e-05,2.3811267794451476e-05,2.381125889680782e-05,2.3811243325931425e-05,2.3811209959767725e-05,2.3811183266836764e-05,2.3811145451851233e-05,2.3811109861276617e-05,2.3811069821880177e-05,2.381102088484008e-05,2.3810940806047197e-05,2.3810860727254313e-05,2.3810756179941378e-05,2.3810618266464742e-05,2.3810482577399022e-05,2.381028905364955e-05,2.3810019899929023e-05,2.3809722941072077e-05,2.3809538314966257e-05,2.380927583447847e-05,2.3808959968128758e-05,2.3808468373316883e-05,2.3808025715545104e-05,2.3807511876624096e-05,2.3806624336669622e-05,2.3806130517446835e-05,2.3805473204021906e-05,2.3804429955303495e-05,2.3801917483176738e-05,2.3800560592519524e-05,2.3799040207660173e-05,2.3796363129125826e-05,2.379313995771222e-05,2.3789018124289574e-05,2.3784372442096808e-05,2.377913284219015e-05,2.3772401774766016e-05,2.3764559614090603e-05,2.3754915680575292e-05,2.3743585643587573e-05,2.37294706441362e-05,2.371267189291774e-05,2.3692220658979373e-05,2.366797013120081e-05,2.3639050564914894e-05,2.3603610138036168e-05,2.356103157653614e-05,2.3509704406913466e-05,2.344812381518519e-05,2.337366277206251e-05,2.3284141354850245e-05,2.3176078360468816e-05,2.304590360940212e-05,2.288867334839499e-05,2.2699091255062474e-05,2.2469736694597257e-05,2.219208238776259e-05,2.1855022963073012e-05,2.1444546856184634e-05,2.094146518635247e-05,2.0319016065876663e-05,1.9538380187700937e-05,1.8530421748429448e-05,1.714431122945854e-05,1.3973431267606118e-05,9.834338640683936e-06,7.439037358795483e-06,5.6951815058452655e-06,4.382552176989657e-06,3.3409717667611905e-06,2.6222223368143415e-06,1.9219533127365333e-06,8.94437852713885e-07,1.547856334132362e-07,0.0,0.0,0.0,0.0,0.0,0.0,0.0,0.0,0.0,0.0,0.0,0.0,0.0,0.0,0.0,0.0,0.0,0.0,0.0,0.0
0.7,3e-05,0.0011303344867358,0.5,0.00010874607489996796,0.0001087460442381219,0.00010874603401750655,0.00010874599313504513,0.00010874595225258371,0.00010874594203196837,0.00010874592159073766,0.00010874590114950695,0.00010874578872273806,0.00010874571717843058,0.00010874559453104632,0.00010874548210427744,0.00010874532879504713,0.00010874513460335539,0.00010874495063227903,0.00010874468489627983,0.00010874439871904991,0.0001087440001150511,0.00010874362195228301,0.00010874317224520744,0.00010874253856705549,0.0001087418231239807,0.00010874103613659844,0.0001087399118689095,0.00010873842476937549,0.00010873646241122752,0.00010873427519954178,0.000108731423647858,0.00010872833191171343,0.00010872501021172337,0.00010872106505419672,0.00010871520864159888,0.00010870807976238947,0.00010869741455026756,0.00010868939136721468,0.00010867517449125726,0.0001086662978868223,0.00010864583110457591,0.00010862818010185955,0.00010860240370993677,0.00010857212002664286,0.00010853891835766537,0.00010849415717272253,0.00010844410681933398,0.00010838175084505921,0.00010830828506189466,0.00010821802169739579,0.00010811105784740849,0.00010797978426380168,0.00010782282116350259,0.00010763385731653014,0.000107406647926903,0.00010713346109910587,0.00010680354474578638,0.00010640608545589995,0.00010592643708764433,0.00010534874235629775,0.00010464985156808343,0.00010380815323183532,0.0001027896995736551,0.00010155671519919437,0.00010006009005167718,9.823733528882915e-05,9.600221957890854e-05,9.323772198641973e-05,8.976359684928724e-05,8.527153930535756e-05,7.90951907850882e-05,6.789456661756021e-05,5.354490442546447e-05,3.857541301522528e-05,2.9003745412510437e-05,2.218285422617165e-05,1.718270434145616e-05,1.3324646898858255e-05,1.0953085973961733e-05,8.428103391986287e-06,4.818529549874874e-06,0.0,0.0,0.0,0.0,0.0,0.0,0.0,0.0,0.0,0.0,0.0,0.0,0.0,0.0,0.0,0.0,0.0,0.0,0.0,0.0,0.0,0.0
0.8,3e-05,0.0029629629629629,0.5,0.0007446819123306564,0.0007446815613171411,0.0007446809996955164,0.0007446807188847041,0.000744679665844158,0.0007446791042225334,0.0007446778405738781,0.0007446766471279258,0.000744675102668458,0.0007446725402697958,0.0007446712766211405,0.0007446691003373452,0.0007446669240535498,0.0007446641159454268,0.0007446609568237885,0.0007446573764859315,0.0007446528835129347,0.0007446469864858765,0.0007446405980398965,0.0007446328757425583,0.0007446230473641277,0.000744612552060018,0.000744599424154543,0.0007445828212152656,0.0007445628485462407,0.0007445389445258436,0.0007445100210121766,0.0007444722168565705,0.0007444370804036814,0.0007443898339845117,0.0007443239487476756,0.0007442520260783749,0.0007441661681725138,0.0007440488243543234,0.000743911893981975,0.0007437694877987869,0.0007435728851288245,0.0007433981857022215,0.0007430794303289083,0.0007427589900907212,0.0007423536045818128,0.0007418821232279591,0.0007413074439005848,0.0007406223708226246,0.0007397792012573388,0.0007387899047656017,0.0007375851561781267,0.0007361255015757852,0.0007343759800124458,0.000732266178176924,0.0007297188730958371,0.0007266550165255221,0.0007229598972491541,0.0007184940575970741,0.000713113090609056,0.0007065999646285427,0.0006987182369515766,0.0006891453261575266,0.0006774830776159014,0.0006631911060197788,0.000645522208898977,0.0006233692194232955,0.0005949334039345392,0.0005568578797797569,0.000499973963329206,0.00042555155127881587,0.00036413275081771044,0.0003038756997884465,0.00023619903037520952,0.0001714495679707515,0.00012872164048046645,9.8179849203506e-05,7.72945450386066e-05,6.485964554693471e-05,4.963229313503694e-05,2.9831585631299256e-05,1.0173073702640581e-06,0.0,0.0,0.0,0.0,0.0,0.0,0.0,0.0,0.0,0.0,0.0,0.0,0.0,0.0,0.0,0.0,0.0,0.0,0.0,0.0,0.0,0.0,0.0
0.9,3e-05,0.0134626038781163,0.5,0.01534760289500399,0.015347586227208025,0.015347569559412058,0.015347531875699441,0.015347491293239698,0.015347457232960986,0.015347397808644933,0.015347334760894976,0.015347252146601929,0.015347152864512915,0.015347039088688279,0.015346900673513087,0.015346731096806307,0.015346531083254717,0.01534626005039858,0.01534595568195051,0.015345559278281238,0.015345146206816002,0.015344618634839349,0.015343988157339776,0.015343189552506986,0.015342270649668529,0.01534115535671239,0.015339838600831098,0.015338272552697105,0.015336373873330578,0.01533391790982937,0.015331133663216317,0.015327745752514596,0.015323673737491498,0.015318721952716123,0.015312833147932765,0.015305745711213438,0.015297186435641662,0.015286753844740698,0.015274382716700246,0.01525940851374202,0.015241494981199581,0.01521974568152469,0.015193707685479146,0.015162219320152822,0.015124436325445712,0.015078407844543049,0.01502312511344552,0.014956697424341187,0.014876552863843867,0.014779534696335014,0.014662490534316766,0.014520778758956068,0.014349014222782437,0.014140013105734659,0.013884303026896748,0.013569507785420785,0.013177735589367768,0.012682302746770173,0.012039441074795649,0.011171091661502926,0.00995465779475684,0.00874861955988588,0.0077481909079270715,0.006835989972822164,0.005993055324943224,0.005205533127095634,0.004448376030063639,0.0036265848437105766,0.0029201435016815097,0.0023216217904096443,0.0017688560778107406,0.0011693821281084863,0.0008776536668754861,0.0005199156608108584,0.0002463826352781502,4.849748876592899e-05,0.0,0.0,0.0,0.0,0.0,0.0,0.0,0.0,0.0,0.0,0.0,0.0,0.0,0.0,0.0,0.0,0.0,0.0,0.0,0.0,0.0,0.0,0.0,0.0,0.0,0.0,0.0
1.0,3e-05,0.0134626038781163,0.5,0.015347625360294204,0.015347615214679268,0.01534758985064193,0.015347560138483903,0.015347523179458067,0.015347476074817294,0.015347443463912144,0.015347394185211027,0.015347347805257035,0.015347283308133517,0.015347211564142186,0.015347044886182529,0.01534685719230622,0.01534663109003051,0.015346401364320895,0.015346112214295231,0.015345763639953514,0.015345404919996862,0.015344889667695486,0.015344270060497631,0.015343608421466471,0.015342893155613508,0.015341774963910244,0.015340595173830586,0.015339155945883287,0.015337329735194872,0.015335255681627313,0.015332698261976752,0.015329475579861123,0.015325797794446953,0.015321485908099305,0.015315966693574315,0.01530969090604984,0.015301961396842444,0.015292480319685086,0.015281162886224378,0.015267546021607186,0.015251089834181573,0.01523140009433862,0.015207547753624926,0.01517894654043457,0.015144284047006951,0.015102545711848502,0.015052247376431497,0.014991617906262883,0.01491829409774944,0.01483004826372601,0.014723591775579886,0.014594668547845564,0.01443813837718458,0.014247267474026793,0.014014519095848584,0.013727515592428467,0.013370874037463669,0.012920078277148994,0.012339501984637935,0.011569178778166602,0.010482417465286512,0.009291505617597813,0.008342587702040818,0.0074939736838582635,0.006722072109577655,0.006019390442569025,0.0053837415781269595,0.004798263504228423,0.00427041179847755,0.0037559211429101357,0.003288817755959978,0.0028486227138794858,0.0024188088099384984,0.0019876832229236883,0.0015455880521031062,0.001076334519473374,0.0005060393583260251,5.044327277322882e-05,0.0,0.0,0.0,0.0,0.0,0.0,0.0,0.0,0.0,0.0,0.0,0.0,0.0,0.0,0.0,0.0,0.0,0.0,0.0,0.0,0.0,0.0,0.0,0.0,0.0
1/0.9,3e-05,0.0134626038781163,0.5,0.015347610141871802,0.015347592024702272,0.015347554340989654,0.015347517381963816,0.015347481872311544,0.015347431144236865,0.015347373169294375,0.015347318817785791,0.015347238377553087,0.015347152864512915,0.01534704561086931,0.015346894876018839,0.015346731096806307,0.015346528184507593,0.015346262224458921,0.01534596147944476,0.015345632471646132,0.015345194760830337,0.01534469762569849,0.015344078743187417,0.015343254774317286,0.015342299637139773,0.01534118724293076,0.015339809613359855,0.015338200084018993,0.015336181831333581,0.015333870805188598,0.015331151780385847,0.01532779430652893,0.015323678085612184,0.015318727025523591,0.01531293460408212,0.015305705128753696,0.015297351664227757,0.015287046618200269,0.015274408080737585,0.015259414311236268,0.015241171770895203,0.015219843514240142,0.015193756964180264,0.015162201927670075,0.015124262400618243,0.015078605684034295,0.015023335997298824,0.014956711193390029,0.01487654126885537,0.014779951391234157,0.014662593439839685,0.014521211396964395,0.014349265689095484,0.014140398639102212,0.01388506322333014,0.013570778886034864,0.013179457445159701,0.012685194247026832,0.01204535814236347,0.011186429657225274,0.009935033276724186,0.0087380340600741,0.007745406661314019,0.00683478047058448,0.005993564055063568,0.005208978288053066,0.004459217344309154,0.0036550454676653947,0.002907615116609555,0.002285485284069232,0.0017078077386826417,0.00117819939217434,0.000890612515895425,0.0005466029762122824,0.00019093250153418226,1.2660278066118458e-05,0.0,0.0,0.0,0.0,0.0,0.0,0.0,0.0,0.0,0.0,0.0,0.0,0.0,0.0,0.0,0.0,0.0,0.0,0.0,0.0,0.0,0.0,0.0,0.0,0.0,0.0,0.0
1/0.8,3e-05,0.0029629629629629,0.5,0.0007446821580401172,0.0007446816315198441,0.0007446809294928133,0.0007446804380738918,0.0007446801572630796,0.0007446798764522671,0.0007446789287157756,0.0007446779809792841,0.000744677314053605,0.0007446756993914342,0.0007446740145265605,0.000744672750877905,0.0007446684334116659,0.0007446639053373176,0.0007446597984791877,0.0007446550948980817,0.0007446494084791326,0.0007446427041209888,0.0007446350871277051,0.0007446252236479232,0.0007446120255397449,0.0007445992135464338,0.0007445857697287948,0.0007445700443233059,0.0007445522479380763,0.0007445284843230854,0.0007445000522283399,0.000744468531214659,0.0007444284454712031,0.0007443782856398558,0.0007443230361125356,0.0007442528685108117,0.0007441715737806506,0.0007440640583408907,0.0007439193705698526,0.0007437534113797827,0.0007435792033721012,0.0007433563097898372,0.0007430825894505467,0.0007427619386042503,0.0007423568690075058,0.0007418794906265938,0.0007413134111303462,0.0007406145432212317,0.0007397861513249432,0.0007387925022656155,0.0007375782763132252,0.0007361330834677173,0.0007343723645732374,0.0007322617554066304,0.0007297213652917963,0.0007266583862552698,0.0007229573699518433,0.0007185006215498116,0.000713116355034749,0.0007066044927028911,0.000698718131647522,0.0006891546982183872,0.0006774841306564476,0.0006631988985198202,0.0006455299311963153,0.0006233869105044705,0.0005949729631577222,0.0005569421932261503,0.0005007859628943265,0.00042538053749412445,0.00036412085145953916,0.0003039511676942524,0.00023651680291067985,0.00017106924482684108,0.00012851914078344578,9.807419413537769e-05,7.729233365345972e-05,6.486129531045698e-05,4.9628326682313186e-05,2.9825723705592473e-05,5.471949691203644e-07,0.0,0.0,0.0,0.0,0.0,0.0,0.0,0.0,0.0,0.0,0.0,0.0,0.0,0.0,0.0,0.0,0.0,0.0,0.0,0.0,0.0,0.0,0.0
1/0.7,3e-05,0.0011303344867358,0.5,0.0001087460646793526,0.0001087460442381219,0.00010874600335566048,0.00010874599313504513,0.00010874595225258371,0.00010874590114950695,0.00010874586026704554,0.00010874579894335341,0.00010874575806089199,0.00010874565585473846,0.00010874553320735421,0.0001087454003393546,0.00010874521636827822,0.00010874505283843257,0.00010874479732304872,0.00010874456224889558,0.0001087442454098196,0.00010874382636459009,0.00010874330511320704,0.00010874270209690115,0.0001087419559919803,0.00010874114856336735,0.00010874020826675477,0.000108739002234143,0.00010873741292845545,0.00010873595138045983,0.00010873420365523428,0.00010873194489924106,0.00010872821948494452,0.00010872364064926593,0.00010871865298897318,0.0001087129396649903,0.00010870685328854698,0.0001086992542610313,0.00010868940158783002,0.00010867918097247603,0.00010866208188298878,0.00010864682250426525,0.00010862722958463164,0.00010860336444778004,0.00010857386775186839,0.00010853818247335989,0.00010849637504625435,0.00010844394328948831,0.00010838329415797768,0.00010830818285574111,0.00010821758221093556,0.00010811010733018056,0.00010798074500164496,0.0001078239965342683,0.00010763489981929624,0.00010740768531936142,0.00010713328734864486,0.00010680361629009386,0.00010640557442513225,0.00010592614068979906,0.00010534776117722377,0.00010465057723177357,0.00010380845473998827,0.00010279031281057633,0.0001015567560816558,0.00010006106101013582,9.823768278975119e-05,9.600308322090596e-05,9.323863673149392e-05,8.976507372820589e-05,8.527469236519428e-05,7.91064998959774e-05,6.785821188874602e-05,5.355619820543064e-05,3.855344891282953e-05,2.8990673245472672e-05,2.2172909567432203e-05,1.7174640275941853e-05,1.331717562903448e-05,1.0947771253977652e-05,8.419794031703483e-06,4.699612690231063e-06,9.339598310486878e-08,0.0,0.0,0.0,0.0,0.0,0.0,0.0,0.0,0.0,0.0,0.0,0.0,0.0,0.0,0.0,0.0,0.0,0.0,0.0,0.0,0.0
1/0.6,3e-05,0.0005273437499999,0.5,2.3811327853546137e-05,2.381132340472431e-05,2.3811314507080657e-05,2.381131228266974e-05,2.3811307833847917e-05,2.3811298936204264e-05,2.381129003856061e-05,2.3811267794451476e-05,2.3811254447985993e-05,2.3811234428287773e-05,2.3811212184178637e-05,2.3811179930220394e-05,2.381114433964578e-05,2.3811119871125727e-05,2.381105536320924e-05,2.3811001977347315e-05,2.381093524501991e-05,2.38108507174052e-05,2.3810748394503183e-05,2.3810630500724768e-05,2.381046366990626e-05,2.3810243453225824e-05,2.381007217358549e-05,2.3809894220712413e-05,2.3809680677264717e-05,2.3809402625900537e-05,2.3809073413085342e-05,2.3808679692353663e-05,2.3808210341650923e-05,2.380763644363525e-05,2.3806946876252074e-05,2.3806128293035923e-05,2.380510728842664e-05,2.3803912779766114e-05,2.380249583001424e-05,2.3800805277720007e-05,2.3798652047955775e-05,2.3796254132991066e-05,2.3793266749134287e-05,2.3789302848886497e-05,2.3783927559914116e-05,2.377946872823808e-05,2.3772944531028896e-05,2.376413920042796e-05,2.3754951271149905e-05,2.3743350968236203e-05,2.372914810455375e-05,2.3712714156725092e-05,2.3692423080372497e-05,2.366806578087009e-05,2.3639055013736722e-05,2.3603705787705444e-05,2.3560991537139695e-05,2.3509741109693537e-05,2.3448058195063243e-05,2.3373671669706166e-05,2.328419029189034e-05,2.3176177346754466e-05,2.3045842438102002e-05,2.2888776783502465e-05,2.2699001166420477e-05,2.2469672186680765e-05,2.2192143559062712e-05,2.185518089624787e-05,2.1444511265610018e-05,2.0941347292574058e-05,2.0319111715545943e-05,1.953855369175219e-05,1.8530916679857693e-05,1.714559471455561e-05,1.395943749854953e-05,9.832861631837399e-06,7.437647101974569e-06,5.6939536310210344e-06,4.381459991231147e-06,3.3397639116351805e-06,2.6212480448342455e-06,1.9182274244564848e-06,8.970671064135968e-07,1.563049060671306e-07,0.0,0.0,0.0,0.0,0.0,0.0,0.0,0.0,0.0,0.0,0.0,0.0,0.0,0.0,0.0,0.0,0.0,0.0,0.0,0.0
1/0.5,3e-05,0.0002666666666666,0.5,6.150397725422862e-06,6.150397156778578e-06,6.150395450845724e-06,6.150394313557155e-06,6.150394313557155e-06,6.150390333047165e-06,6.150388627114311e-06,6.150386921181458e-06,6.150385215248605e-06,6.150381234738614e-06,6.150377822872908e-06,6.1503744110072015e-06,6.150370999141495e-06,6.15036644998722e-06,6.150360194900091e-06,6.150348822014403e-06,6.150338586417284e-06,6.1503238016658895e-06,6.150305036404504e-06,6.15029025165311e-06,6.1502731923245775e-06,6.150243054177505e-06,6.150210072809009e-06,6.150162875333403e-06,6.150112550314234e-06,6.150056254530078e-06,6.149978350263115e-06,6.149870307849078e-06,6.1497673832336014e-06,6.149637163692472e-06,6.149480217869977e-06,6.149288584746133e-06,6.149038381260996e-06,6.148747235387382e-06,6.148418843313138e-06,6.147956535509919e-06,6.147513277290226e-06,6.146919612657309e-06,6.146156207705498e-06,6.1453626646066125e-06,6.1442742794462646e-06,6.143163148514541e-06,6.141437028789234e-06,6.1398951498120746e-06,6.137729752377067e-06,6.134976661074129e-06,6.131853950986328e-06,6.128150370762009e-06,6.123551175789755e-06,6.118047267761015e-06,6.111403227942047e-06,6.103385912176244e-06,6.093804255984048e-06,6.08224002149428e-06,6.068241989467266e-06,6.051470963587359e-06,6.031211305022638e-06,6.0068113474231755e-06,5.977381446806024e-06,5.941886954895711e-06,5.899079128843687e-06,5.847368323552902e-06,5.78479584378573e-06,5.709026267466125e-06,5.616913001446343e-06,5.5044530742863245e-06,5.366618533223378e-06,5.195716189733809e-06,4.979823563428676e-06,4.697108125652598e-06,4.287905443508841e-06,3.344899312267157e-06,2.4352055004943878e-06,1.8550291100033695e-06,1.4179440926624648e-06,1.071561250549596e-06,7.738259269674309e-07,5.527478334328241e-07,2.956324770184415e-07,1.177395050185604e-07,0.0,0.0,0.0,0.0,0.0,0.0,0.0,0.0,0.0,0.0,0.0,0.0,0.0,0.0,0.0,0.0,0.0,0.0,0.0,0.0
1/0.4,3e-05,0.0001360544217687,0.5,1.6286610953558694e-06,1.628660799309238e-06,1.6286606512859222e-06,1.6286603552392905e-06,1.6286603552392905e-06,1.6286596151227115e-06,1.628659467099396e-06,1.6286578388429222e-06,1.6286569507030275e-06,1.6286556184931855e-06,1.6286547303532907e-06,1.628653842213396e-06,1.628652510003554e-06,1.628651029770396e-06,1.6286492534906066e-06,1.6286467370942385e-06,1.6286437766279228e-06,1.628640224068344e-06,1.6286365234854494e-06,1.6286301584828705e-06,1.6286242375502393e-06,1.6286160962678711e-06,1.6286082510321347e-06,1.6285965571901878e-06,1.6285808667187147e-06,1.6285619197342941e-06,1.6285404563535056e-06,1.628514108203296e-06,1.6284813950505078e-06,1.6284455734080882e-06,1.628401166413353e-06,1.6283413649937764e-06,1.6282627646130951e-06,1.6281894930717823e-06,1.6281030474553643e-06,1.627994990434842e-06,1.6278691706164258e-06,1.6277134500882214e-06,1.627534193852807e-06,1.6273208922547626e-06,1.6270204049237214e-06,1.6266784710642608e-06,1.6262515718215402e-06,1.6257949198923471e-06,1.6251779587121599e-06,1.6244878740139758e-06,1.6236484337901657e-06,1.6226088660434158e-06,1.6213422305302536e-06,1.6198784279604673e-06,1.6180870497928512e-06,1.6159278336855124e-06,1.613304120413244e-06,1.6101754996108368e-06,1.6063874349366128e-06,1.6018324614633126e-06,1.5963320630721012e-06,1.5897299271415107e-06,1.5817409607653412e-06,1.5721185570994974e-06,1.5604917697146246e-06,1.5464586412967118e-06,1.5294822172677534e-06,1.5088923960771958e-06,1.483821391036256e-06,1.4532621255159994e-06,1.4157238567031665e-06,1.369117013460495e-06,1.3099763699654849e-06,1.2315325979523684e-06,1.1063305548445333e-06,9.287258895761684e-07,6.842269715087206e-07,5.19802524312722e-07,3.941815012095607e-07,2.914562805218956e-07,1.970968935723854e-07,1.1908697789783124e-07,6.669146085645907e-08,2.76030918807378e-08,1.5811850592029152e-09,0.0,0.0,0.0,0.0,0.0,0.0,0.0,0.0,0.0,0.0,0.0,0.0,0.0,0.0,0.0,0.0,0.0,0.0,0.0
1/0.3,3e-05,6.52095157589663e-05,0.5,3.859256641373151e-07,3.859255621111332e-07,3.859254940936786e-07,3.8592537506313304e-07,3.859253070456784e-07,3.859252390282238e-07,3.8592503497585994e-07,3.859249159453143e-07,3.859247288973141e-07,3.8592449083622294e-07,3.8592432079258636e-07,3.8592415074894984e-07,3.8592375964858576e-07,3.8592331753513077e-07,3.859226883736755e-07,3.8592197419040196e-07,3.8592115798094655e-07,3.859201887322182e-07,3.8591893040930775e-07,3.859172469773059e-07,3.8591578460203154e-07,3.859133699823925e-07,3.8591104038457176e-07,3.8590784356420457e-07,3.859036434863818e-07,3.858967397147378e-07,3.8588903673800204e-07,3.8588048354308356e-07,3.858715562521646e-07,3.858609285248802e-07,3.8584907648341257e-07,3.8583560902739773e-07,3.8581799250665103e-07,3.8579791035317437e-07,3.85773917196057e-07,3.8574285022365913e-07,3.8570567868470906e-07,3.8566058311229573e-07,3.856107093136953e-07,3.8554764012889853e-07,3.8545806114116346e-07,3.853679210094278e-07,3.8524880544202376e-07,3.851239934127953e-07,3.849535246671529e-07,3.8474637750910644e-07,3.84519607315402e-07,3.842242075099855e-07,3.838723872259614e-07,3.8345033892004175e-07,3.829526722089478e-07,3.8234133132681954e-07,3.8160925946274003e-07,3.807288415301334e-07,3.796645384089604e-07,3.7837945063008965e-07,3.7683771599057237e-07,3.7497453086051903e-07,3.7272653698095067e-07,3.700210406972417e-07,3.667497242129093e-07,3.6279233266818435e-07,3.579879537697987e-07,3.521672410601112e-07,3.4507757771266156e-07,3.363759006907081e-07,3.25584455392997e-07,3.1191274296192993e-07,2.9356670100571144e-07,2.662337508315887e-07,2.3410970216709498e-07,1.9131145329229218e-07,1.4034529437066965e-07,1.0607595818308442e-07,7.797524398557014e-08,5.135166485004741e-08,2.9099363470614842e-08,1.7136521569431014e-08,8.626092625506513e-09,2.1062114954120907e-09,2.2071664024324408e-11,0.0,0.0,0.0,0.0,0.0,0.0,0.0,0.0,0.0,0.0,0.0,0.0,0.0,0.0,0.0,0.0,0.0,0.0,0.0
1/0.2,3e-05,2.6041666666666645e-05,0.5,6.566399742223912e-08,6.566398657595419e-08,6.566397030652678e-08,6.566397030652678e-08,6.566394861395691e-08,6.566392692138704e-08,6.56639160751021e-08,6.566389438253223e-08,6.566381303539519e-08,6.566377507339791e-08,6.56637262651157e-08,6.56636557642636e-08,6.566355814769917e-08,6.566342799227992e-08,6.56633086831456e-08,6.566314598887155e-08,6.566296702517007e-08,6.566271213747404e-08,6.566243013406567e-08,6.566203695623669e-08,6.566165191312141e-08,6.566107163687726e-08,6.566038289778372e-08,6.565961823469564e-08,6.565872883933077e-08,6.565755744055752e-08,6.565621250122528e-08,6.565455844277232e-08,6.565271999747542e-08,6.565044227763856e-08,6.564751920384792e-08,6.564394535296103e-08,6.563985630353962e-08,6.563441689164349e-08,6.562771117598091e-08,6.562049568492627e-08,6.561178611812152e-08,6.559937796815308e-08,6.558645461965011e-08,6.557196398297369e-08,6.555312398603735e-08,6.553093248705534e-08,6.550111062661985e-08,6.547167380929963e-08,6.543128224419259e-08,6.538228415198768e-08,6.53250645758002e-08,6.525513315366603e-08,6.517133475623936e-08,6.507156791581351e-08,6.495011392865526e-08,6.480428562767134e-08,6.462819076856947e-08,6.441524023325018e-08,6.416007053381189e-08,6.38518299621747e-08,6.348040978077689e-08,6.303173693491214e-08,6.248920576234123e-08,6.183379459085512e-08,6.10378128550085e-08,6.007301682882428e-08,5.8897566968156286e-08,5.745629364467019e-08,5.566700371111005e-08,5.337917784825651e-08,5.025672764789549e-08,4.6202001295163926e-08,4.1567372895109495e-08,3.5893480588061613e-08,2.7187281554767777e-08,2.0501935215306024e-08,1.512905443098452e-08,1.0010871532706534e-08,5.406460882487823e-09,3.264661265318317e-09,1.8251585978482585e-09,7.940944822674993e-10,1.9727765358468605e-10,2.4995263638337906e-11,0.0,0.0,0.0,0.0,0.0,0.0,0.0,0.0,0.0,0.0,0.0,0.0,0.0,0.0,0.0,0.0,0.0,0.0,0.0,0.0
0.2,0.0001,8.680555555555555e-05,0.5,7.296000918729451e-07,7.296000316158066e-07,7.295997905872524e-07,7.295996700729753e-07,7.295994290444212e-07,7.295992482730055e-07,7.295991277587285e-07,7.295988867301743e-07,7.295985854444816e-07,7.295981636445118e-07,7.295974405588493e-07,7.295968379874638e-07,7.295962354160784e-07,7.295949700161692e-07,7.295940059019525e-07,7.295920776735191e-07,7.2959039047364e-07,7.295876186452671e-07,7.295847263026171e-07,7.295809903600275e-07,7.295765313317755e-07,7.295718312749692e-07,7.295667696753318e-07,7.295603824186464e-07,7.295521271906662e-07,7.295419437342527e-07,7.295288679351892e-07,7.295140446791081e-07,7.294957265089914e-07,7.294750583104718e-07,7.294359815561277e-07,7.293787372745133e-07,7.293204987501131e-07,7.292593377544936e-07,7.291885356167075e-07,7.290970652804017e-07,7.290178271432197e-07,7.288983372374922e-07,7.287419699629771e-07,7.285869886026487e-07,7.283678936469123e-07,7.281150546935927e-07,7.278055740300441e-07,7.274486107413248e-07,7.270025874018415e-07,7.264713604684606e-07,7.258313392714432e-07,7.250648383406275e-07,7.241351008215032e-07,7.23010491716336e-07,7.216679024124952e-07,7.200459610143767e-07,7.180908578972628e-07,7.157307062948736e-07,7.128913296696649e-07,7.094672177720504e-07,7.053358075822372e-07,7.00351939653479e-07,6.943285155706047e-07,6.870458378064923e-07,6.78208164325181e-07,6.674799833792721e-07,6.54421116571721e-07,6.384050101759739e-07,6.185280782710338e-07,5.9314367403198e-07,5.584588817447555e-07,5.131544617467044e-07,4.6174201664326706e-07,3.986794865028067e-07,3.0189501289187485e-07,2.2767713895038577e-07,1.6799973433890358e-07,1.1112392512676476e-07,5.991638442293731e-08,3.6234967433340235e-08,2.0255135834995158e-08,8.810135968997924e-09,2.1893828717628227e-09,2.783277229226751e-10,0.0,0.0,0.0,0.0,0.0,0.0,0.0,0.0,0.0,0.0,0.0,0.0,0.0,0.0,0.0,0.0,0.0,0.0,0.0,0.0
0.3,0.0001,0.00021736505252980003,0.5,4.288063501671316e-06,4.288063123796569e-06,4.288061234422829e-06,4.28806028973596e-06,4.288059156111715e-06,4.288059156111715e-06,4.28805840036222e-06,4.288057077800602e-06,4.288054999489489e-06,4.288051598616757e-06,4.288049898180392e-06,4.288046308370287e-06,4.288043852184426e-06,4.288039884499573e-06,4.288035161065224e-06,4.288028548257136e-06,4.2880192903258135e-06,4.288008709832872e-06,4.2879992629641746e-06,4.287985659473251e-06,4.287972433857075e-06,4.287949572434828e-06,4.2879299229479366e-06,4.287908195149933e-06,4.287867762551909e-06,4.2878214728952925e-06,4.287777639424537e-06,4.287721713961849e-06,4.287655019068846e-06,4.2875694304384485e-06,4.287456634826203e-06,4.287328724224042e-06,4.2871116351813785e-06,4.286622476320233e-06,4.286312996901711e-06,4.285949859268987e-06,4.285525694864479e-06,4.285148953740832e-06,4.284628620212985e-06,4.283719075694811e-06,4.282944810336382e-06,4.281829324080607e-06,4.280594051529751e-06,4.279136210752387e-06,4.27720659335228e-06,4.2750483617296995e-06,4.272384722631815e-06,4.269147658604005e-06,4.265238355399696e-06,4.260663425826977e-06,4.255044617263209e-06,4.24827555796686e-06,4.240119320471002e-06,4.230324429130915e-06,4.218489958839084e-06,4.204236334411254e-06,4.1870473789418045e-06,4.166384809852367e-06,4.141396141711695e-06,4.111315800280564e-06,4.074976152587989e-06,4.031015526979944e-06,3.977628626848379e-06,3.912935903197284e-06,3.834094604298271e-06,3.737366793145203e-06,3.617476204633274e-06,3.465596251463868e-06,3.262021899158701e-06,2.9567761893111793e-06,2.6003503678597776e-06,2.1221659340802467e-06,1.5588308267361646e-06,1.178216864797499e-06,8.660945902878536e-07,5.707611018896401e-07,3.2286223059420935e-07,1.901337253974246e-07,9.565672518017046e-08,2.327406147211492e-08,2.52420331591323e-10,0.0,0.0,0.0,0.0,0.0,0.0,0.0,0.0,0.0,0.0,0.0,0.0,0.0,0.0,0.0,0.0,0.0,0.0,0.0
0.4,0.0001,0.000453514739229,0.5,1.8096234392844693e-05,1.8096231103437678e-05,1.809622616932715e-05,1.8096221235216623e-05,1.80962163011061e-05,1.8096206432885045e-05,1.8096198209367502e-05,1.809618834114645e-05,1.809617682822189e-05,1.809616696000084e-05,1.809615380237277e-05,1.8096132421227156e-05,1.809609952715698e-05,1.809605018605172e-05,1.8096025515499087e-05,1.8096004134353474e-05,1.809597452969032e-05,1.809593670150962e-05,1.8095895583921902e-05,1.8095838019299098e-05,1.8095775520565764e-05,1.809570479831489e-05,1.809561433962191e-05,1.8095527170335948e-05,1.809537585761315e-05,1.8095097902720177e-05,1.8094798566681592e-05,1.809449100712546e-05,1.8094163711127228e-05,1.8093773916395664e-05,1.8093305175895684e-05,1.809262509099483e-05,1.8091815896868547e-05,1.80906835185028e-05,1.808981840445722e-05,1.808881184590989e-05,1.808766384286081e-05,1.808626091076788e-05,1.808420420903024e-05,1.8080782403380368e-05,1.807824462586643e-05,1.8074122998873605e-05,1.806960499833518e-05,1.8064032742847674e-05,1.8058090429070708e-05,1.8049732045839443e-05,1.8040390129909975e-05,1.802897588755953e-05,1.8015305111995137e-05,1.799863768663788e-05,1.797886259400091e-05,1.7954792358150946e-05,1.792560133792662e-05,1.7890846285732325e-05,1.7848619345497965e-05,1.7798200959438477e-05,1.7737048415929397e-05,1.766349480796465e-05,1.7574751540745216e-05,1.7467845812679102e-05,1.7338629681517346e-05,1.7182712611243447e-05,1.6994053605869916e-05,1.6765267124290894e-05,1.6486600897051485e-05,1.6146932616674043e-05,1.572975603874516e-05,1.521168923583327e-05,1.455456110655649e-05,1.368294225859839e-05,1.2282947606135809e-05,1.0311968637720367e-05,7.6024528281057995e-06,5.77441257457703e-06,4.379111905928305e-06,3.2381202279067574e-06,2.191116776593918e-06,1.3197051612779137e-06,7.39424158742073e-07,3.0557604369715826e-07,1.6300656474819077e-08,0.0,0.0,0.0,0.0,0.0,0.0,0.0,0.0,0.0,0.0,0.0,0.0,0.0,0.0,0.0,0.0,0.0,0.0,0.0
0.5,0.0001,0.0008888888888888,0.5,6.833772091334823e-05,6.833771459507839e-05,6.833771459507839e-05,6.833770827680857e-05,6.833770195853875e-05,6.833768300372926e-05,6.833767036718961e-05,6.833763877584047e-05,6.833760086622152e-05,6.833758822968186e-05,6.833751241044394e-05,6.833745554601551e-05,6.833736709023793e-05,6.833728495273017e-05,6.833715226906382e-05,6.833703222193711e-05,6.833689322000092e-05,6.833674158152509e-05,6.833652676035097e-05,6.83362740295579e-05,6.833597075260623e-05,6.833561061122611e-05,6.833511778617962e-05,6.833458073324436e-05,6.833391099664272e-05,6.833316544080317e-05,6.833214819936108e-05,6.833063181460266e-05,6.832932393274853e-05,6.832804764224354e-05,6.83262406170731e-05,6.832396919907041e-05,6.832144505027464e-05,6.83177425441562e-05,6.831447599865578e-05,6.831072926464855e-05,6.830621170172246e-05,6.830012720787934e-05,6.829221673405631e-05,6.828174736095346e-05,6.826920559534745e-05,6.825864776646704e-05,6.82389789924965e-05,6.821964508682679e-05,6.819538293069225e-05,6.816641998180664e-05,6.813160631506151e-05,6.809016478326816e-05,6.803856347359347e-05,6.797845777273204e-05,6.790460983499753e-05,6.78158033934483e-05,6.770854128573528e-05,6.757980653801618e-05,6.742522690757098e-05,6.723791863942344e-05,6.701352844566298e-05,6.674209241477289e-05,6.641493240314618e-05,6.602056811450774e-05,6.554475500953328e-05,6.496983984232697e-05,6.427498179986542e-05,6.343282909206887e-05,6.240939574553944e-05,6.115929446897704e-05,5.962658961960583e-05,5.772743459769057e-05,5.53275187823901e-05,5.2184103724367224e-05,4.763197354405236e-05,3.711334952790561e-05,2.705742820684291e-05,2.061162410368746e-05,1.575592633127881e-05,1.1908024187578496e-05,8.602059001724013e-06,6.1761087556026145e-06,3.2738494203253483e-06,1.3004578870812359e-06,0.0,0.0,0.0,0.0,0.0,0.0,0.0,0.0,0.0,0.0,0.0,0.0,0.0,0.0,0.0,0.0,0.0,0.0,0.0,0.0
0.6,0.0001,0.0017578124999999,0.5,0.0002645704083465641,0.0002645704083465641,0.00026457035891521043,0.00026457028476818,0.0002645701611897959,0.00026457006232708864,0.0002645699881800582,0.00026456988931735097,0.00026456976573896684,0.0002645695927292291,0.0002645694444351682,0.00026456914784704643,0.00026456885125892464,0.00026456850523944925,0.00026456818393565064,0.0002645677143377911,0.0002645672200242548,0.0002645666021323344,0.00026456566293661535,0.0002645647237408963,0.00026456366096679323,0.00026456230160456834,0.00026456079394828255,0.0002645587425471068,0.0002645566169989006,0.00026455362640200584,0.00026454984490345296,0.0002645454702286565,0.000264538006094258,0.00026452956569062526,0.0002645231025411378,0.00026451472392669705,0.00026450179762772217,0.000264487833270321,0.00026447179279606725,0.0002644517483821693,0.000264428515645962,0.00026439964773544066,0.0002643674432085491,0.00026432579729311373,0.00026427016230460036,0.00026420926287692515,0.0002641459660285988,0.00026405041522202717,0.0002639469059675207,0.00026381408392031023,0.00026366134103758586,0.0002634727109921243,0.00026324883639152277,0.0002629782244460617,0.00026265232353156275,0.0002622592206918004,0.0002617859896277998,0.0002612167628750449,0.0002605333744110758,0.0002597066103058957,0.00025871084040264607,0.00025751158633216835,0.00025606375434211124,0.00025431572574144407,0.00025220761444524106,0.0002496587979157276,0.00024657279850845155,0.00024282785444157762,0.0002382650068396622,0.00023267240527887484,0.0002257535728579663,0.00021707411919905272,0.00020586452170446036,0.000190430829674396,0.00015530115300027572,0.00010931716668579662,8.26773744294094e-05,6.329111428937628e-05,4.870313093077169e-05,3.712835931121934e-05,2.9146406767736934e-05,2.1382224052682443e-05,9.89516837015094e-06,1.686696648647669e-06,0.0,0.0,0.0,0.0,0.0,0.0,0.0,0.0,0.0,0.0,0.0,0.0,0.0,0.0,0.0,0.0,0.0,0.0,0.0,0.0
0.7,0.0001,0.0037677816224529,0.5,0.0012082902889227242,0.0012082901753603312,0.0012082893804235815,0.0012082889261740102,0.0012082885854868316,0.0012082882447996533,0.0012082875634252964,0.001208287109175725,0.001208286427801368,0.001208285859989404,0.0012082843836782973,0.001208283248054369,0.0012082821124304408,0.0012082799547449771,0.0012082782513090848,0.0012082752986868714,0.0012082715511279082,0.0012082680306937307,0.0012082623525740898,0.0012082561066424846,0.0012082491793365224,0.0012082407757194535,0.0012082305551040996,0.0012082179496784961,0.001208203413692215,0.0012081840513042388,0.0012081616795128528,0.0012081356169437,0.0012081040465984955,0.0012080656625097217,0.0012080159221816654,0.0012079553934262913,0.0012078809532777963,0.0012077834599635584,0.0012076560429588117,0.0012075202223369964,0.0012073570331785108,0.0012071789673465656,0.0012069720566668435,0.0012067105224761738,0.0012063598418071387,0.0012059777611364883,0.0012055038084900446,0.001204942015332753,0.0012042185093280825,0.001203421414892863,0.0012024349551676126,0.0012012210299695394,0.0011997635702200588,0.001198031686948323,0.0011959354955204137,0.001193404644033977,0.0011903587303148954,0.0011866931066181825,0.0011822759837869688,0.0011769423556644827,0.0011705175632905644,0.0011627558008659499,0.0011533924112341666,0.0011420690482646643,0.0011283663828219469,0.0011117263693076857,0.001091453097378666,0.00106660547548557,0.0010358607288768042,0.0009972052827652371,0.0009471867268466801,0.0008781702046704974,0.0007545342030117608,0.0005922822749541594,0.0004304589313670693,0.00032287923252348764,0.00024675177399595443,0.00019103420295600598,0.00014808672298891883,0.00012164383338265236,9.355428908046335e-05,5.2340339039807714e-05,1.561937150877131e-06,0.0,0.0,0.0,0.0,0.0,0.0,0.0,0.0,0.0,0.0,0.0,0.0,0.0,0.0,0.0,0.0,0.0,0.0,0.0,0.0,0.0
0.8,0.0001,0.0098765432098765,0.5,0.008274248930550848,0.008274246590460745,0.008274239570190437,0.008274237230100335,0.008274233329950165,0.008274227089709891,0.008274220849469618,0.008274211879124225,0.008274199398643678,0.008274189258253234,0.008274172097592482,0.008274152206826611,0.008274132706075757,0.008274093314559031,0.008274055093087356,0.008274013751495547,0.008273964609603394,0.008273900257125573,0.008273826154272327,0.00827374152101362,0.008273628416658666,0.008273496981597909,0.008273341365606092,0.008273148698187651,0.008272932239853169,0.008272670539776705,0.008272348387372593,0.008271945891874962,0.008271464613343878,0.00827091196206467,0.008270216565289206,0.008269394413633193,0.008268394025114369,0.008267229050258337,0.008265795355055531,0.00826405783815442,0.008261925626056016,0.00825940690907568,0.008256400283308972,0.008252805124881484,0.008248329702560434,0.00824300248744207,0.008236620281702491,0.008228880823703459,0.008219710400606739,0.008208655814962483,0.008195197176752916,0.0081790049232886,0.008159401598484859,0.008135994847234505,0.008107654406018027,0.008073543692623777,0.008032344846309025,0.007982668243567897,0.007922792748129997,0.007850237084456632,0.007762417793074629,0.007655837219310772,0.007525881485512946,0.007366608322880843,0.007169549725363515,0.006922313745823122,0.006604083332722756,0.006174281323684896,0.00551328972295457,0.004728821317890233,0.004029965889256247,0.0033382672361857713,0.0026184235394223765,0.001998557072168574,0.0014544525820435917,0.0010972093567992336,0.0008558583138516361,0.000716608912211692,0.0005444508234601535,0.00030804244082407366,9.207279515833084e-05,0.0,0.0,0.0,0.0,0.0,0.0,0.0,0.0,0.0,0.0,0.0,0.0,0.0,0.0,0.0,0.0,0.0,0.0,0.0,0.0,0.0,0.0,0.0
0.9,0.0001,0.04487534626038779,0.5,0.17052888884729872,0.1705286875454151,0.17052830104579847,0.17052785818165445,0.17052750389033924,0.17052698050544177,0.17052649738092104,0.17052573243376318,0.17052478228887238,0.17052365499832398,0.17052238277041937,0.17052070793874743,0.17051892843009603,0.17051660138032113,0.17051363821659388,0.17051019192834588,0.1705061819948237,0.17050155205149992,0.17049612495271688,0.1704889827618852,0.1704800610624021,0.17047043883236393,0.1704574266786052,0.1704416848713043,0.17042314899385835,0.17040162579645918,0.17037531966630462,0.17034379579132602,0.17030616844323535,0.17025960329151088,0.1702046237210501,0.17013990919149635,0.1700535828917146,0.1699617248161703,0.16984522739006805,0.16970448516509973,0.16953439312549615,0.16933036964038561,0.16908313066689445,0.16878271578781995,0.16842699120319551,0.16799799273292482,0.1674814279432691,0.16685694923982966,0.16610292874822782,0.16519570947109782,0.16410023267238424,0.16277164024033594,0.16116299662776257,0.1592183318589358,0.15684332392325553,0.15393559873477602,0.15035009815614356,0.14585919806940922,0.14012085436596103,0.13242112173319293,0.12053658060588375,0.10789855847602092,0.09462815855680448,0.08297736917678235,0.07198568242418636,0.060939177142636525,0.05229239966807837,0.044979955755290034,0.038503848700363094,0.03272800648202975,0.02755768032969661,0.02274745909097598,0.01700774653471901,0.012479686120264052,0.010114469508204244,0.007744679317348047,0.004070034212562811,0.0015726749920039417,0.0007576197692813631,0.0004946873009413308,0.0002852528211984437,0.0,0.0,0.0,0.0,0.0,0.0,0.0,0.0,0.0,0.0,0.0,0.0,0.0,0.0,0.0,0.0,0.0,0.0,0.0,0.0,0.0,0.0,0.0
1.0,0.0001,0.04487534626038779,0.5,0.17052900157635356,0.1705288002744699,0.1705285667642849,0.17052817221259295,0.17052776960882565,0.17052735090090768,0.17052670673488002,0.17052591763149613,0.17052498359075605,0.17052387240435832,0.17052278537418664,0.1705214084693025,0.17051925051310984,0.17051742269200637,0.17051526473581372,0.17051201974944938,0.17050844462799586,0.17050368585146652,0.17049826680475882,0.17049166410297534,0.1704843045061093,0.17047494799455756,0.1704633046936076,0.17045019591494473,0.17043372136878732,0.17041395352381353,0.1703899261309818,0.17036066488917537,0.17032572693425016,0.17028647306693964,0.1702354229092476,0.170172761658907,0.17010118676115865,0.17001490877382897,0.1699072122660796,0.16978237288991913,0.1696272979708354,0.16944212439410924,0.16921970191683366,0.16895130208933387,0.1686295733668192,0.1682403602008318,0.16777069069798972,0.16720470226986178,0.16652244187374127,0.1657001880956596,0.1647070612266658,0.16350714095864255,0.16205064936180238,0.16028643160147382,0.15813626981774823,0.1555001330786054,0.1522495424698286,0.14818668265639887,0.14301752405499085,0.13624950511255451,0.126912785561996,0.11331786285011991,0.1007803467247227,0.09035634738815258,0.08083945459965765,0.07205550196950933,0.06386117060862873,0.05608145671145133,0.048652901872177315,0.04150175713271499,0.03418560926526762,0.02692360355244505,0.021195163901672122,0.016080968766574187,0.011197618579563478,0.006052906078905158,0.001736663558495431,3.357715419176622e-05,0.0,0.0,0.0,0.0,0.0,0.0,0.0,0.0,0.0,0.0,0.0,0.0,0.0,0.0,0.0,0.0,0.0,0.0,0.0,0.0,0.0,0.0,0.0,0.0,0.0,0.0
1/0.9,0.0001,0.0448753462603877,0.5,0.17052884053484663,0.17052863118088765,0.17052837351447658,0.1705279548065586,0.17052750389033924,0.17052711739072265,0.1705266664745033,0.17052582100659197,0.17052493527830395,0.1705239046126597,0.17052251965570023,0.17052082066780228,0.17051904115915087,0.170516971775787,0.17051414549734065,0.17051092466720236,0.17050676174424859,0.17050226868620566,0.17049661612931297,0.17048944173017988,0.17048110783219705,0.1704695692082266,0.17045679861672824,0.17044162850677685,0.17042282691084454,0.1703994114757391,0.17037380587613962,0.17034291006303798,0.17030566116248858,0.1702587095111475,0.17020132237015836,0.17013721979833088,0.17005342990228303,0.16995861671508686,0.16984146707088157,0.16970136095986557,0.16952945720330923,0.16932410512576662,0.16908044127372895,0.16878356125573127,0.1684281265458193,0.1679970586921847,0.16747736969729482,0.1668521502029236,0.16609703462907474,0.16518659452180645,0.1640898374431129,0.16276110007370836,0.16115264971094329,0.15920097963656568,0.1568241841401587,0.1539147760679319,0.15032270499581732,0.1458360886131669,0.14011298748834822,0.13256352268568247,0.12179399269187566,0.10656570649611473,0.09395535934921523,0.08275863455001513,0.07217497866348953,0.06137926332065834,0.05190586784318112,0.04429048875173508,0.037631253347219805,0.03176999471361878,0.026629726958551307,0.02206439348732089,0.017398674792755038,0.011867027863432179,0.007999149054499699,0.0060181613737882575,0.004319527767150791,0.002926470419884435,0.0014191621755372697,0.0004418737387485744,1.3422809601360742e-05,0.0,0.0,0.0,0.0,0.0,0.0,0.0,0.0,0.0,0.0,0.0,0.0,0.0,0.0,0.0,0.0,0.0,0.0,0.0,0.0,0.0,0.0,0.0
1/0.8,0.0001,0.0098765432098765,0.5,0.008274246590460745,0.008274241130250506,0.00827423801013037,0.008274236450070301,0.008274231769890096,0.008274223189559721,0.008274218509379516,0.008274207588959036,0.008274196668538559,0.008274184188058012,0.008274165467337192,0.00827414440652627,0.008274121005625244,0.008274091364483946,0.008274056263132408,0.008274011021390427,0.008273956419288036,0.00827390883745595,0.008273836294662771,0.008273740740983587,0.0082736291966887,0.00827350205179313,0.008273346825816331,0.008273142457947379,0.008272918199312555,0.008272623347959638,0.008272285204939825,0.008271909620478373,0.008271441992472888,0.008270900651629174,0.008270247376475557,0.008269445895615447,0.00826843263660106,0.008267215009717721,0.00826575947367396,0.008264014936502539,0.008261994268699021,0.008259482571988995,0.008256382732633204,0.008252785234115613,0.0082483928849932,0.008243016917997703,0.008236776677724343,0.008229099622128042,0.008219770072904354,0.008208577421944049,0.008195224477804111,0.00817902754415959,0.008159519773035036,0.008136021758270684,0.00810775034971223,0.008073623255687262,0.008032466140979338,0.007982823859559713,0.007922839549932047,0.007850362279277115,0.007762658432340171,0.007656010775993375,0.007526251219749142,0.0073670564501354735,0.007170251752394268,0.006923308674131706,0.006606135591742657,0.006179835917558219,0.005531140710286549,0.004718327573840544,0.004030251770263771,0.0033472949137862366,0.0026112971850302,0.0019472810178423803,0.001441325066583529,0.0010924628740413098,0.000857730775948661,0.0007188413581694864,0.000548084203359317,0.00032095076784453445,6.287237082918023e-05,0.0,0.0,0.0,0.0,0.0,0.0,0.0,0.0,0.0,0.0,0.0,0.0,0.0,0.0,0.0,0.0,0.0,0.0,0.0,0.0,0.0,0.0,0.0
1/0.7,0.0001,0.0037677816224529,0.5,0.001208289607548367,0.0012082893804235815,0.0012082893804235815,0.0012082892668611887,0.0012082889261740102,0.001208288358362046,0.001208287790550082,0.0012082876769876892,0.0012082873363005106,0.0012082859735517968,0.0012082842701159043,0.001208283248054369,0.0012082817717432622,0.0012082797276201916,0.001208276888560371,0.001208274390187729,0.0012082716646903012,0.0012082676900065524,0.001208262806823661,0.001208257015141627,0.0012082491793365224,0.0012082402646886859,0.0012082298169485463,0.0012082170979605502,0.0012082027890990543,0.0012081825749931322,0.0012081529352086055,0.0012081228411745077,0.001208085479147269,0.0012080464704653346,0.001207997070824457,0.0012079385294109571,0.0012078642596060514,0.0012077776682815245,0.0012076763138459306,0.0012075381084138657,0.0012073704903220602,0.0012071845319038138,0.0012069605868651684,0.001206695361896732,0.001206390276528415,0.001205973445765561,0.0012055052280199549,0.0012049336684968805,0.0012042538840134466,0.0012034072763749566,0.0012023936184566255,0.0012012232444361995,0.0011997802638918035,0.0011980423618132485,0.0011959356090828065,0.001193404360127995,0.001190371108615713,0.0011866927091498077,0.0011822709870416845,0.0011769441726627678,0.0011705151216991187,0.0011627544381172359,0.0011533990546341466,0.00114207813325609,0.0011283729694407305,0.001111737044172611,0.001091466895209394,0.0010666219988137255,0.0010358853151348501,0.0009972446889155463,0.0009473093174497318,0.000878614063282843,0.0007535525696882052,0.0005929345773385304,0.00042935942027976437,0.00032232232254908737,0.0002463630499253239,0.00019075313603377094,0.00014784642496570697,0.0001215358355470784,9.33585075152378e-05,5.156141458743996e-05,1.975758510321385e-06,0.0,0.0,0.0,0.0,0.0,0.0,0.0,0.0,0.0,0.0,0.0,0.0,0.0,0.0,0.0,0.0,0.0,0.0,0.0,0.0,0.0
1/0.6,0.0001,0.0017578124999999,0.5,0.00026457045777791773,0.0002645704330622409,0.00026457038363088725,0.00026457030948385683,0.00026457028476818,0.00026457021062114953,0.0002645701117584423,0.000264570012895735,0.0002645699634643814,0.00026456979045464367,0.0002645694938665219,0.0002645692219940769,0.00026456899955298554,0.00026456870296486375,0.00026456838166106513,0.0002645680356415897,0.00026456756604373023,0.0002645668492891025,0.0002645661819658285,0.00026456519333875584,0.00026456400698626867,0.0002645625611191749,0.0002645610040315355,0.0002645588784833293,0.0002645563080529404,0.00026455346575010656,0.00026455000555535225,0.00026454560616487896,0.0002645402922943635,0.000264534311100574,0.00026452734127971176,0.00026451844363605795,0.0002645074328020363,0.0002644939133268178,0.000264478354808262,0.0002644530212395253,0.00026442735400915166,0.0002643964470552929,0.0002643600408633426,0.000264319779025809,0.0002642727080193124,0.00026421476211501674,0.0002641358696746193,0.00026404811666408325,0.00026394192575864223,0.0002638137008273196,0.0002636539634080562,0.000263476850867991,0.0002632483050044712,0.0002629796950288323,0.0002626517674288344,0.0002622630516217069,0.0002617882511122285,0.0002612189625702816,0.0002605322251321039,0.0002597066473794109,0.00025871080332913086,0.0002575103381904891,0.00025606202424473414,0.0002543156392365752,0.00025220669996519886,0.00024965762392107884,0.00024657360176794807,0.00024282715004478837,0.00023826458667315634,0.00023266905630466624,0.00022575445026449327,0.00021707834557978828,0.00020587594034714943,0.0001904682615669342,0.00015474561873247703,0.00010926625239155517,8.263172457432979e-05,6.325119847131803e-05,4.866437674952382e-05,3.708693583687532e-05,2.9111607094779663e-05,2.1268012910114584e-05,9.9792511026798e-06,1.7411452846738519e-06,0.0,0.0,0.0,0.0,0.0,0.0,0.0,0.0,0.0,0.0,0.0,0.0,0.0,0.0,0.0,0.0,0.0,0.0,0.0,0.0
1/0.5,0.0001,0.0008888888888888,0.5,6.833773354988787e-05,6.833772723161806e-05,6.833772723161806e-05,6.833771459507839e-05,6.833770827680857e-05,6.833768932199909e-05,6.833768300372926e-05,6.833764509411031e-05,6.833760718449135e-05,6.833759454795169e-05,6.833755663833272e-05,6.833748713736463e-05,6.833744290947585e-05,6.833734181715862e-05,6.833725336138105e-05,6.83371712238733e-05,6.833701958539747e-05,6.833690269740567e-05,6.833675105892983e-05,6.833651728294625e-05,6.833623296080404e-05,6.833594232039201e-05,6.833561377036102e-05,6.833519044628263e-05,6.833462180199824e-05,6.833397102020608e-05,6.833325073744583e-05,6.833222085946408e-05,6.833109620743493e-05,6.832960509575583e-05,6.8327848616744e-05,6.832585836174859e-05,6.832335632689722e-05,6.832046887758641e-05,6.831688641859467e-05,6.831217298930394e-05,6.830590526563585e-05,6.829913839865146e-05,6.829016013722771e-05,6.828083437096349e-05,6.8269878491084e-05,6.825695131101856e-05,6.824067860707988e-05,6.82195534719143e-05,6.819537345328751e-05,6.816695071647208e-05,6.813218443675065e-05,6.808917597404028e-05,6.803977342226528e-05,6.797756373755156e-05,6.790419598832388e-05,6.781567070978194e-05,6.770911940742442e-05,6.75796201490563e-05,6.742540381912613e-05,6.723799761779627e-05,6.701276393501395e-05,6.674165329501993e-05,6.64147491733212e-05,6.60200373798423e-05,6.554450227874021e-05,6.496946074613736e-05,6.427443211039051e-05,6.343200139872156e-05,6.240833427620855e-05,6.11583656833125e-05,5.962621368255114e-05,5.772696388658848e-05,5.5326646861154015e-05,5.2183250757940615e-05,4.762123880361679e-05,3.716070180112184e-05,2.70543733233817e-05,2.0607422454252703e-05,1.5750416799989928e-05,1.1902066059131915e-05,8.592783781618412e-06,6.134597722841172e-06,3.2838638780006735e-06,1.3071805261768482e-06,0.0,0.0,0.0,0.0,0.0,0.0,0.0,0.0,0.0,0.0,0.0,0.0,0.0,0.0,0.0,0.0,0.0,0.0,0.0,0.0
1/0.4,0.0001,0.000453514739229,0.5,1.809622616932715e-05,1.8096222879920135e-05,1.8096222879920135e-05,1.8096219590513115e-05,1.80962163011061e-05,1.8096209722292065e-05,1.8096206432885045e-05,1.8096193275256975e-05,1.8096191630553467e-05,1.8096185051739432e-05,1.809616696000084e-05,1.8096152157669257e-05,1.8096134065930664e-05,1.809610117186049e-05,1.8096079790714875e-05,1.8096051830755228e-05,1.8096018936685056e-05,1.809598439791137e-05,1.809593505680611e-05,1.8095877492183305e-05,1.8095810059339447e-05,1.8095719600646468e-05,1.8095630786657e-05,1.8095510723300862e-05,1.8095379147020165e-05,1.8095201519041226e-05,1.8094967971142988e-05,1.809469659506405e-05,1.8094398903728974e-05,1.809399595136934e-05,1.8093557637884268e-05,1.8092995149284293e-05,1.8092287926775547e-05,1.809148202205628e-05,1.8090487798785263e-05,1.8089218087676542e-05,1.8087652329936248e-05,1.808577901263983e-05,1.80837436920478e-05,1.808085970444528e-05,1.8077884435798022e-05,1.8074190431717463e-05,1.806999808247376e-05,1.806446858927748e-05,1.805748353347599e-05,1.804989158207979e-05,1.804033256528717e-05,1.8029231638955135e-05,1.8014949856037256e-05,1.799863439723086e-05,1.7978754043569334e-05,1.7954437102193065e-05,1.7925647389624864e-05,1.7890844641028817e-05,1.7848693357155855e-05,1.7798034844384097e-05,1.773700729834168e-05,1.7663540859662894e-05,1.7574743317227673e-05,1.74676566717756e-05,1.7338560603969983e-05,1.718250291154609e-05,1.6993817590916418e-05,1.6764918447147045e-05,1.648631471864097e-05,1.614666781940914e-05,1.5729490419128503e-05,1.5211426083271878e-05,1.4553861285213535e-05,1.368074575706251e-05,1.2296945677698436e-05,1.031999890260164e-05,7.601013712535679e-06,5.774601715480532e-06,4.378921120321295e-06,3.2375922780804616e-06,2.1896464116571316e-06,1.3226343782269252e-06,7.406165687858873e-07,3.063819484164259e-07,1.6848342743219315e-08,0.0,0.0,0.0,0.0,0.0,0.0,0.0,0.0,0.0,0.0,0.0,0.0,0.0,0.0,0.0,0.0,0.0,0.0,0.0
1/0.3,0.0001,0.00021736505252980003,0.5,4.288062179109699e-06,4.288061423360203e-06,4.288061045485455e-06,4.28806028973596e-06,4.28805840036222e-06,4.28805651098848e-06,4.288055377364237e-06,4.2880521654288796e-06,4.288050653929888e-06,4.288046119432913e-06,4.288042151748061e-06,4.2880383730005815e-06,4.288032704879363e-06,4.288026469946024e-06,4.2880196682005605e-06,4.288012488580351e-06,4.2879979404025575e-06,4.287983581162137e-06,4.287962231238881e-06,4.287940881315625e-06,4.287914241145899e-06,4.287881743917581e-06,4.287834509574095e-06,4.28779502166294e-06,4.287744197509348e-06,4.287686949485043e-06,4.287618932030422e-06,4.287539011521243e-06,4.287441708773661e-06,4.287319844167466e-06,4.2871773853875115e-06,4.286998839569133e-06,4.286807446009326e-06,4.286599614897986e-06,4.286330568077487e-06,4.285981033935688e-06,4.285594468068595e-06,4.28510001896098e-06,4.284527538717925e-06,4.283844530111111e-06,4.2830001689869485e-06,4.2818263010826245e-06,4.280553807869101e-06,4.279069515859384e-06,4.277272721433161e-06,4.275017187062998e-06,4.272425344167213e-06,4.2690860650200985e-06,4.265261783634066e-06,4.260620159168344e-06,4.255009097036907e-06,4.248197337894047e-06,4.240101560357852e-06,4.23027681691268e-06,4.218411738766271e-06,4.204166049708146e-06,4.187008079968024e-06,4.166322082644216e-06,4.141327368507578e-06,4.111244193015838e-06,4.07486562422423e-06,4.030859842583813e-06,3.97745537127647e-06,3.912782108174892e-06,3.833936463716279e-06,3.73721243131069e-06,3.617238332479477e-06,3.465122585467386e-06,3.260396093055899e-06,2.959243900352283e-06,2.601241396515305e-06,2.1256040274739348e-06,1.5593311329023727e-06,1.1785507171372611e-06,8.663381305628695e-07,5.711429443223842e-07,3.231382680975438e-07,1.903205844602568e-07,9.572001920044225e-08,2.3325074563080232e-08,2.2748059823050364e-10,0.0,0.0,0.0,0.0,0.0,0.0,0.0,0.0,0.0,0.0,0.0,0.0,0.0,0.0,0.0,0.0,0.0,0.0,0.0
1/0.2,0.0001,8.680555555555557e-05,0.5,7.296001521300836e-07,7.296000918729451e-07,7.29599971358668e-07,7.295997303301139e-07,7.295995495586982e-07,7.295992482730055e-07,7.295988867301743e-07,7.29598404673066e-07,7.295978623588191e-07,7.295970790160181e-07,7.295962956732171e-07,7.295953315590003e-07,7.295940059019525e-07,7.295928610163202e-07,7.295906315021942e-07,7.295889443023149e-07,7.295861122168036e-07,7.295837621884005e-07,7.295803275315036e-07,7.295765313317755e-07,7.295718915321078e-07,7.295653235040068e-07,7.295591471473063e-07,7.295508316621875e-07,7.295389610058949e-07,7.295265480353554e-07,7.295122068363825e-07,7.294942502090972e-07,7.294706896679275e-07,7.294420675271203e-07,7.294097094437236e-07,7.293727718177978e-07,7.293230596785012e-07,7.292652730826399e-07,7.292020934728792e-07,7.291159558933343e-07,7.290189419002826e-07,7.288957160519656e-07,7.287437174199949e-07,7.285713518751973e-07,7.28366417347018e-07,7.281154463649931e-07,7.278167818578127e-07,7.274382465134958e-07,7.270021053447331e-07,7.264660277116997e-07,7.258354970140026e-07,7.250474541561583e-07,7.241244353079814e-07,7.230180238586537e-07,7.216653414841072e-07,7.200283960584919e-07,7.18075070526965e-07,7.157201311670596e-07,7.128735236852259e-07,7.094507073160901e-07,7.053137835981004e-07,7.003243720125962e-07,6.942917285875251e-07,6.870002231526165e-07,6.781415801870928e-07,6.674177076265897e-07,6.543440476915265e-07,6.383145039538848e-07,6.183930118949933e-07,5.928489864959434e-07,5.581302995682893e-07,5.135996113576789e-07,4.6188220487608354e-07,3.9877794666718333e-07,3.0222672843954516e-07,2.2785513853763703e-07,1.6816694789835594e-07,1.1141882356278633e-07,6.016181174821639e-08,3.6255454860444306e-08,2.0261583348819086e-08,8.785912599304287e-09,2.1573260740588037e-09,2.7513409457998157e-10,0.0,0.0,0.0,0.0,0.0,0.0,0.0,0.0,0.0,0.0,0.0,0.0,0.0,0.0,0.0,0.0,0.0,0.0,0.0,0.0
0.2,0.0003,0.0002604166666666,0.5,6.566400284542772e-06,6.566399742228525e-06,6.566398657600031e-06,6.566397572971538e-06,6.566395946028796e-06,6.566392149829069e-06,6.566388353629341e-06,6.566384557429613e-06,6.566380761229884e-06,6.566378591972896e-06,6.566369914944947e-06,6.566362322545491e-06,6.5663520185748005e-06,6.566340087661369e-06,6.566332495261913e-06,6.566317852777247e-06,6.5663070064923095e-06,6.566282060036954e-06,6.566256028953104e-06,6.566224574726785e-06,6.56618552810101e-06,6.566144854532495e-06,6.566090080793561e-06,6.566011445227765e-06,6.5659311827192275e-06,6.56584061624e-06,6.5657047665211576e-06,6.565554545474774e-06,6.565370158630837e-06,6.565140759704411e-06,6.564785543872709e-06,6.564340303876026e-06,6.5638684904812475e-06,6.563340276404793e-06,6.5627092937785575e-06,6.562041704940657e-06,6.56118728884471e-06,6.560110795064667e-06,6.558659290982913e-06,6.5572961841234e-06,6.555157839047981e-06,6.553089452510409e-06,6.550309820838064e-06,6.54695669184965e-06,6.543045521501206e-06,6.538262852158037e-06,6.532456022359649e-06,6.52555778513943e-06,6.517130764057278e-06,6.507116118017407e-06,6.494990513771583e-06,6.480332573149988e-06,6.462710071697865e-06,6.4415256502722836e-06,6.415937366004972e-06,6.385073719901209e-06,6.34784466032478e-06,6.3029654448248424e-06,6.248753001136229e-06,6.1831451793352055e-06,6.103598796761065e-06,6.006946467054947e-06,5.889297627809788e-06,5.745049088226901e-06,5.566057457575248e-06,5.337345100984703e-06,5.024855497223041e-06,4.6164286050897625e-06,4.153783032654032e-06,3.585523387582613e-06,2.7141700042337237e-06,2.0471505962928405e-06,1.5105756610949504e-06,9.994732260726638e-07,5.371562960705373e-07,3.253332320703442e-07,1.8172299635602637e-07,7.87874137856429e-08,1.9391530525421487e-08,2.499526363835546e-09,0.0,0.0,0.0,0.0,0.0,0.0,0.0,0.0,0.0,0.0,0.0,0.0,0.0,0.0,0.0,0.0,0.0,0.0,0.0,0.0
0.3,0.0003,0.0006520951575896,0.5,3.859255281024183e-05,3.859255281024183e-05,3.859255281024183e-05,3.859254600849637e-05,3.8592532405005444e-05,3.8592515400641795e-05,3.859250179715087e-05,3.859248819365994e-05,3.8592471189296286e-05,3.859244058144171e-05,3.859240997358713e-05,3.8592372563987086e-05,3.8592324951768855e-05,3.859229434391427e-05,3.8592229727332385e-05,3.859216170987776e-05,3.859208348980495e-05,3.85920120714776e-05,3.859186243307743e-05,3.859175020427731e-05,3.8591590363258954e-05,3.859142372049513e-05,3.859116865504031e-05,3.859087617998544e-05,3.859055309707599e-05,3.859013819060281e-05,3.8589675671911385e-05,3.8589080519183456e-05,3.8588334027619004e-05,3.858742599459982e-05,3.85862288873985e-05,3.85844689357602e-05,3.858231278244873e-05,3.8579877757573315e-05,3.857702442535199e-05,3.8574026556039594e-05,3.857050665276299e-05,3.85663694910857e-05,3.856080226242502e-05,3.8554328701181525e-05,3.8546317945463604e-05,3.853684141359862e-05,3.852541278078602e-05,3.851218168542598e-05,3.849456856555203e-05,3.8476093324440754e-05,3.8451875709723155e-05,3.842207556241758e-05,3.838758051030684e-05,3.834563754691516e-05,3.829478259653184e-05,3.8234121229628624e-05,3.816082221965693e-05,3.8072712408941644e-05,3.796583488206022e-05,3.783770870235538e-05,3.7682805751202836e-05,3.749666748445224e-05,3.727190890696817e-05,3.700082024026941e-05,3.6673579763908756e-05,3.627774708543615e-05,3.57974452305068e-05,3.5214129240118484e-05,3.4504018511699505e-05,3.363309751619421e-05,3.2552897015440086e-05,3.118479733407776e-05,2.935143275656631e-05,2.6593632750690583e-05,2.3387604520611776e-05,1.90513404497237e-05,1.4018416102067838e-05,1.0595769283386658e-05,7.789173555566243e-06,5.145801014034809e-06,2.896523305010432e-06,1.7057502291526296e-06,8.567580610169578e-07,2.0652989964579784e-07,2.20036465697047e-09,0.0,0.0,0.0,0.0,0.0,0.0,0.0,0.0,0.0,0.0,0.0,0.0,0.0,0.0,0.0,0.0,0.0,0.0,0.0
0.4,0.0003,0.001360544217687,0.5,0.00016286615394259956,0.00016286613914026797,0.00016286609473327324,0.00016286609473327324,0.0001628660355239469,0.00016286596151228903,0.00016286588750063114,0.0001628658430936364,0.00016286576908197852,0.00016286573947731534,0.0001628656506633259,0.00016286554704700483,0.00016286541382602064,0.0001628652213957101,0.00016286504376773116,0.00016286479212809432,0.00016286451088379434,0.0001628641260231733,0.00016286366715089436,0.00016286313426695757,0.00016286236454571547,0.0001628613875918313,0.00016285974453302609,0.00016285842712551564,0.00016285651762474202,0.0001628542676703421,0.00016285161805298958,0.00016284796187708973,0.00016284519384108454,0.0001628417448978268,0.00016283743741933747,0.00016283244163242978,0.00016282656510679315,0.0001628196154121171,0.00016281095604814375,0.00016280007633443365,0.00016278611773575522,0.00016277167066013472,0.00016275447775200642,0.00016273068300399416,0.0001627034763185531,0.00016266756586214395,0.00016262509797284556,0.00016257876667500522,0.00016252087475620213,0.00016245004559959958,0.00016236263783162922,0.00016225736364944372,0.00016213833810122192,0.0001619881240403645,0.00016180652903656086,0.0001615924725196058,0.0001613295831107737,0.00016101650639672508,0.00016063701162088423,0.00016018133664557523,0.00015963208133002767,0.00015896893687531601,0.0001581706619356253,0.00015720679331256718,0.0001560436112948061,0.00015463909946415684,0.0001529407095435161,0.0001508795144758891,0.00014837080791881864,0.0001453100484055323,0.00014155207687140662,0.00013688538280051815,0.00013096408011087468,0.00012310918585297569,0.00011042049400299986,9.267300912095566e-05,6.84223270925901e-05,5.194474163782135e-05,3.939394830882974e-05,2.913168425584592e-05,1.9727318934150556e-05,1.1820091032956218e-05,6.624339427958867e-06,2.7280697098963602e-06,1.1858147827444246e-07,0.0,0.0,0.0,0.0,0.0,0.0,0.0,0.0,0.0,0.0,0.0,0.0,0.0,0.0,0.0,0.0,0.0,0.0,0.0
0.5,0.0003,0.0026666666666665994,0.5,0.0006150396019489959,0.0006150394882201391,0.0006150394313557105,0.0006150393744912821,0.0006150390901691399,0.0006150388058469978,0.000615038578389284,0.0006150381803382849,0.0006150379528805711,0.0006150374979651436,0.0006150369861852876,0.0006150364175410032,0.0006150355645745766,0.0006150347116081501,0.0006150339723705803,0.0006150326076242977,0.0006150310154203014,0.0006150297075384473,0.0006150278878767372,0.0006150256701640281,0.0006150229975358914,0.0006150198699923271,0.0006150162591011211,0.0006150114256247037,0.0006150059666395735,0.0006149998252813019,0.0006149924329056047,0.0006149837326480533,0.0006149731558643634,0.0006149609300122488,0.0006149450648367139,0.0006149274937283257,0.0006149053734656625,0.0006148800119305781,0.000614843192213163,0.0006148009419428318,0.0006147544552725819,0.0006146962260978589,0.0006146156776349732,0.0006145282485762462,0.0006144320339633251,0.0006143165423091629,0.0006141549051713213,0.0006139778577733722,0.0006137608062500155,0.0006135002818711161,0.0006131830636570617,0.0006128045171569345,0.0006123405602852898,0.0006118112093209387,0.0006111352618600685,0.0006103337008767736,0.0006093745116978421,0.0006082137381200896,0.0006068166928421676,0.0006051341312690466,0.0006031110654984249,0.0006006671460929163,0.0005977208010299232,0.000594169418448325,0.0005898851102485594,0.000584706296157213,0.0005784459490691458,0.0005708610872816322,0.0005616429369482412,0.0005503890969411147,0.0005365734575683229,0.0005194568949889983,0.0004978219702224476,0.00046946271306397085,0.0004280707259834687,0.00033333049396302885,0.00024360442508138626,0.00018552639600928131,0.00014180134672651506,0.00010717056861978256,7.742217033893693e-05,5.598922802220629e-05,2.931446582741746e-05,1.1577938817022123e-05,0.0,0.0,0.0,0.0,0.0,0.0,0.0,0.0,0.0,0.0,0.0,0.0,0.0,0.0,0.0,0.0,0.0,0.0,0.0,0.0
0.6,0.0003,0.0052734374999999,0.5,0.0023811323404725193,0.0023811321180314277,0.0023811318955903366,0.002381131450708154,0.002381131005825971,0.0023811298936205144,0.002381129003856149,0.0023811274467685096,0.0023811261121219614,0.002381124332593231,0.0023811227755055914,0.0023811196613303127,0.0023811163247139423,0.0023811125432153892,0.002381107871952471,0.0023811029782484614,0.002381098751867726,0.0023810907439884375,0.002381082736109149,0.00238107139161349,0.002381062271528745,0.002381050482150904,0.0023810353561566923,0.0023810166711050193,0.002380990867938423,0.0023809630628020047,0.0023809294741972114,0.0023808878777131295,0.0023808396079963074,0.0023807712073607187,0.0023806961334923893,0.0023806076019380336,0.0023805061688003796,0.002380382046671409,0.002380239684372947,0.0023800621763820527,0.002379850857345274,0.002379594382766952,0.002379282742797976,0.0023789259472874564,0.0023784864036909565,0.0023778947103879756,0.0023772084796211727,0.002376445951560038,0.0023755250454418645,0.0023743120741707537,0.0023729547386313597,0.002371242164669085,0.0023691925924534214,0.002366788671579243,0.0023638273133301515,0.0023603056259719588,0.002356059892861434,0.0023509263973553467,0.0023447465389555672,0.002337315115755328,0.002328332388384041,0.0023175021765285777,0.002304477472086439,0.0022887367619189637,0.002269733619485259,0.0022467624616435756,0.0022189458695090983,0.0021851943266164137,0.0021440641902826844,0.002093654034059084,0.0020312386209149842,0.001952876962035005,0.0018514880901583232,0.0017108457062150542,0.0013926348274006847,0.0009879362941983682,0.0007459039261729607,0.0005704076925088411,0.00043863714905282333,0.000334195273197415,0.0002621530545020352,0.00019181073062672285,8.899734600106003e-05,1.4740948682420249e-05,0.0,0.0,0.0,0.0,0.0,0.0,0.0,0.0,0.0,0.0,0.0,0.0,0.0,0.0,0.0,0.0,0.0,0.0,0.0,0.0
0.7,0.0003,0.011303344867358702,0.5,0.010874607489996881,0.010874604423812276,0.010874602379689206,0.010874602379689206,0.010874594203196922,0.010874589092889245,0.010874579894335427,0.010874575806089285,0.010874571717843144,0.01087456149722779,0.01087454821042783,0.010874532879504798,0.01087451448239716,0.010874500173535665,0.010874475644058815,0.010874446004274289,0.010874417386551299,0.010874377526151417,0.010874327445136183,0.010874267143505595,0.010874197643321187,0.01087409901438302,0.010873995786167944,0.010873873138783697,0.010873713697184175,0.010873538924661622,0.010873338600600684,0.010873070820478408,0.010872761135833181,0.010872391660588135,0.010871938887327954,0.01087139259543728,0.010870707814208564,0.010869860014164949,0.010868840507783388,0.010867689666494526,0.010866351787944687,0.01086472722113417,0.010862747487940099,0.010860245481301439,0.010857239598325828,0.010853680269028797,0.01084943769159535,0.010844323295672207,0.010838080543813983,0.01083056839152879,0.010821558919094238,0.010810851291418618,0.010797837892919136,0.0107818967991515,0.01076276993957802,0.010740201798814847,0.010712679725789591,0.010679615524088627,0.010639703510100483,0.01059155879044469,0.010533468389987916,0.010463358545874837,0.010378772222174348,0.010276543583280551,0.010152696298789968,0.010002330094671124,0.009819072928281566,0.009594297067170215,0.009315800629696693,0.00896492179428613,0.008507937640577997,0.007857287134773022,0.006706886865464932,0.0052512581392249276,0.004048242653105203,0.002952946320447446,0.002239006698185886,0.0017245837082497967,0.001331667481888224,0.0010879150042490968,0.0008276204606595177,0.00045809513459711367,7.645122490946974e-05,0.0,0.0,0.0,0.0,0.0,0.0,0.0,0.0,0.0,0.0,0.0,0.0,0.0,0.0,0.0,0.0,0.0,0.0,0.0,0.0,0.0
0.8,0.0003,0.029629629629629596,0.5,0.07446821229387651,0.07446817719252496,0.07446814209117343,0.07446809645941643,0.07446802274657821,0.07446794552360482,0.07446787883103691,0.07446781213846898,0.07446767875333314,0.07446756291887306,0.07446739794252084,0.07446723998643892,0.07446701533778907,0.07446678015873377,0.0744664361654887,0.0744661483344061,0.07446566393575488,0.07446510933440058,0.0744645161215596,0.0744636736891227,0.07446274350330694,0.07446164834113897,0.07446030746951023,0.0744585559120685,0.07445648844246293,0.0744540383681256,0.07445115654716436,0.07444757971944267,0.07444320960117624,0.0744380953342572,0.07443181219233197,0.07442430752337323,0.07441509692872975,0.0744042506111046,0.07439123151981929,0.07437498310419252,0.07435567385071166,0.07433281234045519,0.07430485411395546,0.07427150080972439,0.07423130976221379,0.07418338237682427,0.07412460516367449,0.0740541216497869,0.0739694045378508,0.07386685593933356,0.0737439169657081,0.07359612974532916,0.07341761480181415,0.07320250318918599,0.07294347627564908,0.07263067760169166,0.07225369610644765,0.07179866675605968,0.07124933762476583,0.07058474267529266,0.06977929302236922,0.06880073754420271,0.0676049643723158,0.06613632031384555,0.06430909839874246,0.06199136668711715,0.05892512673503277,0.05404841523279907,0.048272259678494425,0.04210088045655165,0.034528297402847886,0.028775213966908932,0.023935200927707838,0.019685666334208186,0.015765761512728255,0.011488335385296786,0.007727404584930856,0.00607939262010322,0.004093031707533907,0.0025635534967137492,0.0017901583980144866,0.0008949370385335158,2.2868530526776395e-05,0.0,0.0,0.0,0.0,0.0,0.0,0.0,0.0,0.0,0.0,0.0,0.0,0.0,0.0,0.0,0.0,0.0,0.0,0.0,0.0,0.0
0.9,0.0003,0.1346260387811634,0.5,1.5347569559412075,1.5347544920061518,1.5347508685722462,1.5347479698251216,1.5347435492357568,1.5347384764282892,1.534731809309903,1.5347233304745636,1.534713764609053,1.534702097151877,1.5346861540426924,1.5346690514346581,1.5346498472349583,1.5346183958286579,1.5345687547841513,1.534520418175851,1.5344761398135245,1.5344259914882712,1.5343672193903226,1.5342913446843398,1.5341626403120134,1.5340541547008801,1.5339208123331545,1.533721306062313,1.5335318729377287,1.5332637388287156,1.5329477029234704,1.532571445546714,1.5321371407587905,1.5315916690186435,1.5309295227067368,1.530176065860409,1.529234117982313,1.5281052733833667,1.5267443840771064,1.525095359306674,1.5231255881669195,1.520729918605902,1.5178634925118708,1.514393474797847,1.5102302941776846,1.5052053885060956,1.4991372237444103,1.4918077416401905,1.4829674325346973,1.4722638812462734,1.459294234393296,1.4435291082821586,1.4242171476581993,1.4001558072768316,1.368794624480592,1.3330099535724123,1.288555854701727,1.2295007665650912,1.1116345198623436,0.9782863546425196,0.8333811745121498,0.7094702428994252,0.6106823178024048,0.5231699392701441,0.44303059651764853,0.366539182083941,0.29564698759585784,0.23318855292906104,0.1823717041201662,0.1396451860669863,0.10606660665788391,0.08883080119314729,0.07358484069200245,0.05944025916079962,0.045225020668437844,0.02573775831212615,0.005097881630447453,0.003109920852486595,0.0006098963949882831,0.0,0.0,0.0,0.0,0.0,0.0,0.0,0.0,0.0,0.0,0.0,0.0,0.0,0.0,0.0,0.0,0.0,0.0,0.0,0.0,0.0,0.0,0.0,0.0,0.0
1.0,0.0003,0.1346260387811634,0.5,1.5347605069064352,1.534757970502701,1.53475456447483,1.534751303384315,1.5347459407021344,1.5347421723308727,1.534735215337774,1.5347302149989843,1.5347226057877825,1.5347120978294564,1.534699415810787,1.5346856467619456,1.5346672397177052,1.5346473832999026,1.5346240483855507,1.5345929593226408,1.534556942389619,1.5345093304681,1.534436209571885,1.5343522183739535,1.5342780104475673,1.534172206177524,1.5340449511787597,1.5338995065417895,1.5337292776169051,1.5335271624736515,1.5332451868471189,1.532933933874629,1.5325765908228601,1.5321311258585073,1.5315746388792872,1.5309280733331745,1.530155194881113,1.5291856364366563,1.5280615023017872,1.5266710457748576,1.5250223833478156,1.5230307991359493,1.5206340425447602,1.5177396435409778,1.514256581464894,1.5100536155404483,1.5049887071585415,1.4988806846238947,1.4915048225656833,1.4826076255478724,1.4718415337902382,1.458795432481853,1.4429509531681834,1.423605222140224,1.399858975571286,1.3703698036680283,1.3331365563530735,1.284429270764011,1.2144384416942815,1.0526957439540772,0.9188859532546813,0.7899865677154578,0.6607486085120965,0.5626859499456184,0.4827688686288914,0.41372578493150697,0.35222603840745026,0.29485845590932414,0.23854137936910552,0.18502579698733004,0.1320350327724397,0.0874049799512991,0.04301972632481992,0.018521109939726173,0.001294580465787867,0.000657725722542022,3.84083993992146e-05,0.0,0.0,0.0,0.0,0.0,0.0,0.0,0.0,0.0,0.0,0.0,0.0,0.0,0.0,0.0,0.0,0.0,0.0,0.0,0.0,0.0,0.0,0.0,0.0,0.0,0.0,0.0
1/0.9,0.0003,0.1346260387811632,0.5,1.5347568834725294,1.5347550717555767,1.534752607820521,1.5347492017926496,1.5347438391104693,1.534739635927139,1.5347334036208213,1.5347236928179544,1.5347121702981346,1.5346999955602116,1.5346834002329242,1.5346673121863834,1.5346466586131216,1.5346222366685978,1.5345904953875849,1.5345525942689326,1.534508098500572,1.534453746991988,1.5343908441793872,1.5343144621926574,1.534220180442434,1.5340996650307344,1.533963351447206,1.533801818763695,1.5336066606135401,1.5333664269455998,1.5330853934118824,1.5327448630934355,1.5323282406629712,1.5318251630995197,1.5312095416789604,1.5304877536449677,1.529611679795275,1.5285624058048954,1.5273130457942492,1.5257592448668558,1.5239020175842084,1.5216873747811142,1.5190114688418386,1.5157785686425964,1.5119172200667694,1.5072236411915072,1.5015724612036767,1.4947592459623247,1.486535500370206,1.476581492619492,1.4645619101365592,1.449960993339287,1.4322058773272015,1.4104778834436753,1.3836407752845943,1.3500269036292516,1.3066815755336756,1.2211304168371524,1.0983913762181727,0.9744478337002976,0.8403684595183261,0.7351229954521262,0.6407897199986337,0.5553666859250121,0.4763936540780467,0.4015144503262907,0.34107086231703426,0.28963071040770044,0.24199161313400477,0.1925443498727435,0.1505701291670414,0.11248747647593903,0.07716290920509081,0.05658999358198733,0.03929751761096736,0.02891761143899056,0.01916470427003641,0.007525364941155928,0.0,0.0,0.0,0.0,0.0,0.0,0.0,0.0,0.0,0.0,0.0,0.0,0.0,0.0,0.0,0.0,0.0,0.0,0.0,0.0,0.0,0.0,0.0,0.0,0.0,0.0
1/0.8,0.0003,0.029629629629629596,0.5,0.07446822633441712,0.07446817719252496,0.0744681140100922,0.07446807188847036,0.07446802976684852,0.07446795956414544,0.0744679174425236,0.07446786830063144,0.07446774895603621,0.07446762961144099,0.07446743304387238,0.07446728561819592,0.07446708905062731,0.07446683632089623,0.07446649934792147,0.07446612727359517,0.07446557969251118,0.07446508827358966,0.07446439326682922,0.07446355785466262,0.07446263117898202,0.07446138508100245,0.07445997049653547,0.07445809608436336,0.0744559513917844,0.07445345217555492,0.07445051770256637,0.0744470321383587,0.07444276030387656,0.07443765656736298,0.07443154893219543,0.07442410744566946,0.07441513554021643,0.07440379780366978,0.07439047684076124,0.07437462156027168,0.07435584233719904,0.07433272458707635,0.07430477689098207,0.07427167982661723,0.07423139751559263,0.0741830313633089,0.07412515976502879,0.07405514660925179,0.073970619044614,0.07386893042920943,0.07374612133058467,0.0735984113331791,0.07341981916669071,0.07320518844257862,0.07294817634661999,0.07263517408482363,0.07225938954566706,0.07180529038109484,0.07125720383764542,0.07059440607737097,0.06979085891770087,0.0688152695037393,0.06762444211228405,0.06616195834100864,0.06434767829421749,0.062054549119884915,0.059061355080350375,0.05474390990203083,0.04847500508497587,0.0416978011064394,0.034535054413018886,0.028549101590708878,0.02357774280418907,0.01919721347688607,0.015074500066491931,0.010349668602226471,0.007794304250826454,0.006351543928980051,0.004684005082292024,0.002365143107147205,0.001288911098056901,0.00022214943361145424,0.0,0.0,0.0,0.0,0.0,0.0,0.0,0.0,0.0,0.0,0.0,0.0,0.0,0.0,0.0,0.0,0.0,0.0,0.0,0.0,0.0,0.0
1/0.7,0.0003,0.011303344867358702,0.5,0.010874609534119953,0.010874606467935347,0.010874604423812276,0.01087460135762767,0.010874596247319993,0.010874593181135386,0.010874586026704639,0.010874577850212355,0.010874571717843144,0.01087456354135086,0.010874555364858577,0.010874540033935546,0.010874524703012515,0.010874504261781806,0.010874475644058815,0.010874454180766572,0.010874415342428227,0.010874381614397558,0.010874343798120748,0.010874279408244019,0.010874201731567328,0.01087411485633682,0.010874010606060209,0.01087387671599907,0.01087371727439955,0.01087354147981546,0.010873322758646884,0.010873074397693782,0.010872755514494738,0.010872376329665104,0.010871924578466457,0.010871360400498915,0.010870684817824017,0.010869856947980342,0.01086889314395246,0.01086771572906368,0.01086633083568321,0.010864669985688186,0.010862631994986598,0.01086017189287089,0.010857229377710472,0.010853704287474878,0.0108493799451186,0.010844248174149355,0.010838063679798648,0.010830625115944006,0.010821615132478686,0.010810767482372715,0.010797857823119076,0.01078187431379772,0.010763015745377283,0.010740403144937322,0.010712723674435614,0.010679511273812017,0.010639647296716036,0.010591444830583491,0.010533353919095951,0.010463329928151846,0.010378745648574429,0.010276435244757798,0.01015264928395934,0.010002203359040736,0.009818910931528205,0.009594182085247482,0.009315878306373383,0.00896527542757738,0.008510458555355063,0.007872688580049967,0.006716808527819829,0.005226449639576159,0.003997468680149593,0.00293108135802063,0.0022276045796969612,0.0017184748464527096,0.0013282640169753413,0.0010897904871665562,0.0008316320521859635,0.00045766893493685184,4.860515837749152e-05,0.0,0.0,0.0,0.0,0.0,0.0,0.0,0.0,0.0,0.0,0.0,0.0,0.0,0.0,0.0,0.0,0.0,0.0,0.0,0.0,0.0
1/0.6,0.0003,0.0052734374999999,0.5,0.0023811338975601587,0.0023811338975601587,0.0023811332302368844,0.0023811325629136105,0.0023811321180314277,0.002381131005825971,0.0023811305609437883,0.002381129003856149,0.0023811278916506923,0.002381126557004144,0.0023811254447986875,0.0023811227755055914,0.0023811216633001344,0.0023811183266837645,0.0023811138778619375,0.0023811080943935627,0.00238110275580737,0.0023810951928102645,0.002381088964459707,0.0023810805116982353,0.0023810689447614853,0.0023810580451480096,0.0023810420293894326,0.0023810233443377596,0.0023810004329053508,0.0023809744072976636,0.0023809413747955983,0.0023809028924867957,0.0023808532881234253,0.0023807961207629492,0.002380726941583541,0.002380641857866101,0.0023805375329942592,0.0023804200840980287,0.0023802673782888197,0.0023800816399775454,0.0023798590876656536,0.002379581369963108,0.0023792762920063267,0.002378895139196305,0.002378446141853423,0.0023778831434512256,0.002377217599705918,0.0023764437271491246,0.0023754644302444727,0.0023743169678747634,0.0023729000181228884,0.002371237715847258,0.002369260436986282,0.0023668074678514623,0.002363832874357435,0.002360305181089776,0.002356072905665278,0.002350908602068039,0.0023447518775417597,0.0023372915369996457,0.0023282963529272427,0.002317484158800179,0.0023044168568890472,0.0022886864902323194,0.0022696698901125884,0.002246684162379422,0.0022188615643354784,0.0021850857753638367,0.0021439189362500353,0.00209344104671412,0.002031059110954268,0.0019527047926303032,0.0018513607426335274,0.0017110186541635759,0.0013939168666306581,0.0009871010279003632,0.0007450248389799605,0.000569553073835889,0.0004377967666097174,0.0003333533336666698,0.00026156892419616014,0.0001897936348103957,9.041162645983907e-05,1.5848482876232897e-05,0.0,0.0,0.0,0.0,0.0,0.0,0.0,0.0,0.0,0.0,0.0,0.0,0.0,0.0,0.0,0.0,0.0,0.0,0.0,0.0
1/0.5,0.0003,0.0026666666666665994,0.5,0.0006150396588134243,0.0006150396019489959,0.0006150394882201391,0.0006150394313557105,0.0006150392038979967,0.0006150390333047115,0.0006150389764402831,0.0006150386352537124,0.0006150382940671418,0.0006150376116940005,0.0006150375548295721,0.0006150369293208592,0.0006150361332188611,0.0006150351665235776,0.0006150344272860078,0.0006150333468618675,0.0006150321527088702,0.0006150312997424437,0.0006150293094874482,0.0006150268074525968,0.0006150245328754592,0.0006150216327896088,0.0006150175954151895,0.0006150136717696271,0.0006150083265133537,0.0006150026969349381,0.0006149951339659555,0.0006149860356574052,0.0006149747765005739,0.0006149614702243189,0.0006149456903454266,0.0006149275505927543,0.0006149040940160226,0.0006148752068863749,0.0006148408039071684,0.0006147970751616979,0.000614750730652519,0.0006146911651637277,0.0006146209091623898,0.0006145342477734466,0.000614433427141822,0.0006143124765025294,0.0006141570091551735,0.0006139793646807259,0.0006137623131573692,0.0006134976092429795,0.0006131830067926333,0.000612804716182434,0.0006123432044812122,0.00061180259436003,0.0006111389864801313,0.0006103310851130653,0.0006093739146213435,0.000608213027314734,0.0006068177732663079,0.0006051269947832773,0.0006031049810045817,0.0006006583036742938,0.0005977075516180966,0.0005941543209425741,0.0005898634449013235,0.0005846835503858369,0.0005784174599904972,0.0005708261725225699,0.0005615920432847871,0.0005503331423435295,0.000536523360006867,0.0005193973863646355,0.0004977431561246293,0.0004693045162240498,0.0004269071091842942,0.00033487490340725404,0.0002437117282578532,0.00018550518557747305,0.00014171656186371052,0.00010703966670551292,7.745463992757636e-05,5.5039762660538075e-05,2.9544880491457682e-05,1.1738125911938536e-05,0.0,0.0,0.0,0.0,0.0,0.0,0.0,0.0,0.0,0.0,0.0,0.0,0.0,0.0,0.0,0.0,0.0,0.0,0.0,0.0
1/0.4,0.0003,0.001360544217687,0.5,0.0001628661095356048,0.00016286607993094165,0.0001628660503262785,0.00016286600591928376,0.00016286599111695217,0.0001628659763146206,0.00016286596151228903,0.0001628658430936364,0.00016286569507032063,0.00016286559145399957,0.00016286553224467324,0.00016286541382602064,0.0001628652361980417,0.0001628650733723943,0.00016286479212809432,0.00016286458489545223,0.00016286424444182594,0.0001628640076045207,0.0001628635191275786,0.00016286286782498914,0.000162862275731726,0.0001628614468011576,0.00016286069188224713,0.0001628594632887261,0.00016285795345090512,0.0001628560439501315,0.00016285388280972107,0.00016285142562267905,0.00016284855397035285,0.00016284492739911615,0.00016284072353694786,0.00016283527627892705,0.00016282903709616674,0.00016282134728491177,0.00016281218464166475,0.00016280191182354935,0.00016278844170181304,0.00016277276603267153,0.00016275356740861436,0.00016273009091073102,0.0001627018184574163,0.00016266734382717026,0.00016262687425263496,0.00016257885548899467,0.00016251994220931268,0.00016244840254079436,0.00016236327433188707,0.00016225996885980152,0.00016213428226236946,0.00016198867172663288,0.0001618079352580608,0.00016159029657686382,0.0001613285617498948,0.00016101561085566458,0.00016063495409679484,0.00016017908669117533,0.00015962866199143306,0.0001589648366294688,0.00015816665050376755,0.00015720173091516738,0.00015603803081580105,0.00015463169089720185,0.0001529304293242349,0.00015086391281840552,0.0001483565902793376,0.0001452971703770591,0.00014153630498710986,0.00013686283884952426,0.00013092678563646294,0.00012300750123619798,0.00011062489199859999,9.28298694286918e-05,6.847724374274592e-05,5.197738077895169e-05,3.940191196321891e-05,2.9123676194462012e-05,1.9778209350117045e-05,1.1890416910285123e-05,6.655749975568201e-06,2.7492962533797646e-06,1.3289533291074077e-07,0.0,0.0,0.0,0.0,0.0,0.0,0.0,0.0,0.0,0.0,0.0,0.0,0.0,0.0,0.0,0.0,0.0,0.0,0.0
1/0.3,0.0003,0.0006520951575896,0.5,3.8592569814605486e-05,3.8592559611987296e-05,3.859254600849637e-05,3.859254260762364e-05,3.8592525603259984e-05,3.8592517101078156e-05,3.8592513700205426e-05,3.859249329496904e-05,3.859248139191448e-05,3.8592433779696244e-05,3.8592411674023496e-05,3.8592372563987086e-05,3.8592338555259774e-05,3.8592270537805156e-05,3.8592216123841465e-05,3.85921651107505e-05,3.859207328718676e-05,3.859202057365943e-05,3.859191684704113e-05,3.8591775710822796e-05,3.859156145584074e-05,3.859130639038591e-05,3.8591051324931085e-05,3.859069423329433e-05,3.859028442813024e-05,3.858975559242057e-05,3.8589216554092705e-05,3.858857038827381e-05,3.858776948274565e-05,3.8586754322235445e-05,3.858554531197956e-05,3.858413735066892e-05,3.858232808637602e-05,3.85801889374282e-05,3.8577662088989055e-05,3.857448397342192e-05,3.8570685198581364e-05,3.856620624919461e-05,3.856057610438841e-05,3.8553998816526614e-05,3.8546176809245264e-05,3.853664926428931e-05,3.852527844631314e-05,3.851109850746115e-05,3.84949052519524e-05,3.847503905389414e-05,3.845065819728545e-05,3.8421667457689864e-05,3.838699896106984e-05,3.8344797531350596e-05,3.829412622809475e-05,3.823320299399124e-05,3.8159172796382385e-05,3.807045763032098e-05,3.7964392912022265e-05,3.7835955552462534e-05,3.768084344763704e-05,3.749444841499525e-05,3.7269387159838116e-05,3.699790909321165e-05,3.666980479517732e-05,3.6272212165066414e-05,3.5791529412391194e-05,3.520854160622141e-05,3.449775070325624e-05,3.362554927916771e-05,3.254291375353818e-05,3.1166165652820867e-05,2.928863904246074e-05,2.666871721884606e-05,2.340963537416333e-05,1.9056550586747623e-05,1.4041525032275126e-05,1.0609403382165322e-05,7.798185868303449e-06,5.156748423355965e-06,2.9041293568733596e-06,1.7108243312673126e-06,8.583921803642134e-07,2.081283098293776e-07,1.561000583538556e-09,0.0,0.0,0.0,0.0,0.0,0.0,0.0,0.0,0.0,0.0,0.0,0.0,0.0,0.0,0.0,0.0,0.0,0.0,0.0
1/0.2,0.0003,0.0002604166666666,0.5,6.566400284542772e-06,6.566397572971538e-06,6.566396488343044e-06,6.5663937767718094e-06,6.566392692143316e-06,6.566390522886328e-06,6.566388353629341e-06,6.5663840151153655e-06,6.566377507344404e-06,6.5663693726307005e-06,6.566361780231244e-06,6.566355272460281e-06,6.566346595432331e-06,6.5663346645189005e-06,6.566318937405741e-06,6.566302667978335e-06,6.56628097540846e-06,6.566256571267351e-06,6.5662256593552794e-06,6.566179562644295e-06,6.566132381304817e-06,6.566087369222327e-06,6.5660152414274925e-06,6.565936063547449e-06,6.565845497068221e-06,6.5657207647914405e-06,6.565574339944785e-06,6.565395376243317e-06,6.5651936353434805e-06,6.564945255418413e-06,6.564654303824966e-06,6.564275768480649e-06,6.563850322953978e-06,6.563340547561917e-06,6.562751594289813e-06,6.561988015830217e-06,6.561096451208359e-06,6.560041921155314e-06,6.558738468862957e-06,6.5571608767188045e-06,6.555247592055838e-06,6.552983158918022e-06,6.550255047099129e-06,6.546886733311804e-06,6.542930008566622e-06,6.538108834911925e-06,6.532338340168078e-06,6.525375296395358e-06,6.516969696725957e-06,6.506948000600876e-06,6.4947719611300936e-06,6.480016132786938e-06,6.4623882081923465e-06,6.441111593344796e-06,6.4154064403572845e-06,6.384439212232369e-06,6.347011123327337e-06,6.30198521182362e-06,6.247476393399091e-06,6.181503594109922e-06,6.101674123498914e-06,6.004842830091328e-06,5.886840944271455e-06,5.7419324082501244e-06,5.561055693276342e-06,5.326900399747061e-06,5.0159349701762355e-06,4.6303118498097e-06,4.157625600250247e-06,3.5855914480205955e-06,2.7311401016468592e-06,2.0536979561953327e-06,1.515955418423926e-06,1.0084816080274635e-06,5.442584434475801e-07,3.2592381228518843e-07,1.8192907576983793e-07,7.83649509873292e-08,1.850538904603175e-08,2.41492534132343e-09,0.0,0.0,0.0,0.0,0.0,0.0,0.0,0.0,0.0,0.0,0.0,0.0,0.0,0.0,0.0,0.0,0.0,0.0,0.0,0.0
0.2,0.001,0.0008680555555555,0.5,7.295998806423498e-05,7.295996696566244e-05,7.295995490933528e-05,7.295993682484455e-05,7.295988257137233e-05,7.295984640239083e-05,7.295978913483684e-05,7.295973186728282e-05,7.295965952931986e-05,7.29595540364572e-05,7.29594937548214e-05,7.295935812114085e-05,7.295923755786924e-05,7.295907479745256e-05,7.29589090229541e-05,7.295865584008374e-05,7.295839361496801e-05,7.295800178433528e-05,7.295753158757603e-05,7.295707344714393e-05,7.295633801118714e-05,7.295562970196647e-05,7.295458984374887e-05,7.295351683063159e-05,7.295215446566244e-05,7.295044548128745e-05,7.294877567997572e-05,7.294689187885689e-05,7.294454692322418e-05,7.294197289737542e-05,7.293894675925813e-05,7.293507667823961e-05,7.293028428819331e-05,7.292507896894178e-05,7.291854142553899e-05,7.291076509452047e-05,7.290100549768405e-05,7.28896665219896e-05,7.287598560474425e-05,7.285857928240628e-05,7.283604600694331e-05,7.28115113811717e-05,7.278054169077819e-05,7.274290786554671e-05,7.269972210165782e-05,7.264590265721337e-05,7.2582115644289e-05,7.250448193962079e-05,7.241137695312388e-05,7.22987316743816e-05,7.216424937306986e-05,7.20020405333708e-05,7.180563392168098e-05,7.156965241608686e-05,7.128447506751432e-05,7.094107771508378e-05,7.052636115933533e-05,7.002685245466711e-05,6.942278826678133e-05,6.869304892457454e-05,6.780776487750666e-05,6.67304597077536e-05,6.542005449459775e-05,6.381304554880303e-05,6.181852213541571e-05,5.926954029224445e-05,5.5785747010029994e-05,5.1220356505593344e-05,4.6080735194829534e-05,3.973617742090987e-05,3.0069417317707866e-05,2.268124578028514e-05,1.673784420814017e-05,1.1092764395254458e-05,5.896915388695896e-06,3.5864046826774137e-06,1.999999999999969e-06,8.605987172067768e-07,2.0519567418981163e-07,2.7747636959876114e-08,0.0,0.0,0.0,0.0,0.0,0.0,0.0,0.0,0.0,0.0,0.0,0.0,0.0,0.0,0.0,0.0,0.0,0.0,0.0,0.0
0.3,0.001,0.0021736505252988,0.5,0.0004288062179109824,0.0004288061801235076,0.0004288061423360328,0.000428806104548558,0.00042880599118613364,0.0004288058022487597,0.00042880557552391096,0.0004288054621614866,0.00042880527322411264,0.0004288050842867387,0.00042880489534936477,0.00042880459304956646,0.00042880398844996983,0.00042880327048794883,0.000428802703675827,0.0004288015322641085,0.00042880077651461277,0.0004287996051028943,0.00042879824475380184,0.0004287965065299616,0.0004287946171562221,0.00042879219875783565,0.0004287888734600542,0.00042878520807499966,0.0004287803712782266,0.0004287745331133717,0.0004287671834495252,0.00042875819003052544,0.0004287489320992021,0.0004287371424070679,0.00042872369006604293,0.0004287078571141063,0.00042868756524014454,0.00042866459045547275,0.00042863745904857416,0.00042860241116570726,0.0004285612228181871,0.0004285119668447995,0.0004284535474087755,0.00042838199682526234,0.0004282913068857684,0.00042818408492605427,0.00042806063324591823,0.00042791188285141085,0.00042771894000513764,0.00042749748650913597,0.00042724007823087247,0.0004269050922668669,0.00042652222957230353,0.00042605217227966423,0.00042549089602288403,0.0004248102869207198,0.00042400800214973457,0.00042302399741248845,0.0004218305367024862,0.000420399562819697,0.00041867792768082984,0.0004166032630587453,0.00041409833135497444,0.00041108126600538665,0.00040743660738076375,0.0004030287362340875,0.00039768564398011793,0.0003911833264683051,0.0003832681730616018,0.0003735595505264572,0.00036151955415924825,0.0003462676602224387,0.00032582372946212914,0.0002947931086150002,0.00025918816279474897,0.00021007457261213475,0.00015541708753452155,0.00011744947985308052,8.632331337594727e-05,5.72250684145844e-05,3.188440994625176e-05,1.8760706589565554e-05,9.363962977592995e-06,2.187724746653573e-06,2.2067885276846845e-08,0.0,0.0,0.0,0.0,0.0,0.0,0.0,0.0,0.0,0.0,0.0,0.0,0.0,0.0,0.0,0.0,0.0,0.0,0.0
0.4,0.001,0.0045351473922902,0.5,0.0018096242616362666,0.0018096242616362666,0.0018096234392845122,0.0018096232748141614,0.001809622287992056,0.0018096221235217053,0.0018096217945810034,0.0018096211366996,0.0018096203143478456,0.0018096188341146877,0.0018096181762332843,0.0018096168604704772,0.0018096163670594247,0.0018096150512966179,0.0018096117618896005,0.0018096083080122321,0.0018096048541348638,0.0018096027160203025,0.0018095976174394256,0.001809592025447496,0.0018095862689852156,0.001809577880997321,0.001809566532543111,0.0018095538683260937,0.001809538408113112,0.0018095196584931128,0.0018094989352289029,0.0018094716331506584,0.0018094398903729402,0.0018093959767892577,0.0018093472113302246,0.0018092865217707531,0.0018092159639902293,0.0018091304394077764,0.0018090206554485701,0.001808889737049277,0.0018087458254922649,0.0018085611252882368,0.0018083534814702623,0.0018081027464203596,0.0018077902527537048,0.0018074169050572278,0.0018069580327782979,0.0018064113333320026,0.0018057583860390449,0.0018049743558764433,0.0018040154937308656,0.001802886651477663,0.001801477551746576,0.0017998443611624275,0.0017978380695873283,0.0017954137766154905,0.0017925088190432325,0.0017890099590339794,0.0017847856203070346,0.001779705131168631,0.0017735993338628979,0.0017662044179470385,0.0017573049272614116,0.0017465772663906786,0.0017336263775520478,0.001717979572957116,0.0016990525716844137,0.00167609538893397,0.0016481665141822237,0.0016139860391586973,0.0015720831877507275,0.0015200082563172669,0.0014538731657637262,0.0013657813656040895,0.001222677358014788,0.001021581269178742,0.0007632842014836404,0.0005769126497500174,0.0004371978826811136,0.0003231098988628153,0.00021897204233150752,0.00013014818464014442,7.273372326565846e-05,2.959018976589365e-05,2.7302078244577043e-07,0.0,0.0,0.0,0.0,0.0,0.0,0.0,0.0,0.0,0.0,0.0,0.0,0.0,0.0,0.0,0.0,0.0,0.0,0.0
0.5,0.001,0.0088888888888888,0.5,0.006833774301234556,0.006833773669135791,0.006833773037037025,0.006833772720987642,0.00683377019259258,0.0068337692444444325,0.006833764819753074,0.006833762607407395,0.006833760395061717,0.006833755970370358,0.006833751229629618,0.006833745540740729,0.006833740799999988,0.006833732266666655,0.006833722785185173,0.006833713303703692,0.006833700345679001,0.00683367822222221,0.006833658311111099,0.006833639348148136,0.0068336124839506055,0.0068335774024691235,0.006833539160493815,0.006833491120987642,0.006833432335802457,0.006833365333333321,0.006833273995061716,0.006833168118518506,0.006833037274074062,0.0068328868345678894,0.006832698785185173,0.0068324721777777665,0.006832231664197518,0.006831923832098754,0.006831547417283939,0.00683108788148147,0.006830531318518507,0.006829868562962952,0.006829067377777766,0.00682813471604937,0.006827020325925914,0.006825661629629618,0.006823996365432087,0.006821947733333321,0.006819504355555544,0.00681658437530863,0.006813117313580235,0.0068088370567901116,0.006803763199999988,0.0067976141432098645,0.00679023849876542,0.006781283555555543,0.006770606143209864,0.006757623782716038,0.006742135466666655,0.006723289125925914,0.0067007696592592475,0.006673510716049371,0.006640619456790112,0.006600997293827149,0.0065532103111111,0.006495420365432087,0.006425609165432087,0.0063409670320987545,0.006238101807407396,0.0061125698370370265,0.005958053925925915,0.005766301708641965,0.005523249619753077,0.005201629234567892,0.004655485155555548,0.003723916958024685,0.0027333069432098718,0.0020706038518518485,0.0015785712197530835,0.0011906632691358005,0.0008631694222222207,0.0006081605530864186,0.00032659911111111055,0.0001270218271604936,0.0,0.0,0.0,0.0,0.0,0.0,0.0,0.0,0.0,0.0,0.0,0.0,0.0,0.0,0.0,0.0,0.0,0.0,0.0,0.0
0.6,0.001,0.017578125,0.5,0.026457048249359454,0.026457048249359454,0.026457048249359454,0.026457048249359454,0.02645704083465641,0.026457028476818002,0.026457023533682636,0.026457008704276547,0.02645699140330278,0.02645697904546437,0.026456941971949144,0.02645691725627233,0.026456877711189423,0.026456845580809563,0.026456818393565062,0.026456759075940705,0.026456689872045618,0.026456620668150535,0.026456541577984723,0.02645643530057441,0.026456316665325694,0.02645620544478002,0.026456027491906942,0.02645579269297719,0.026455509698477646,0.02645523041132962,0.026454857204609692,0.026454422208697728,0.02645387599224009,0.026453250685616637,0.026452447426120112,0.026451463742182824,0.026450290983317894,0.026448874775036324,0.02644724477615029,0.02644525022103122,0.02644279719010721,0.026439881976026734,0.026436357520512738,0.026432059464314393,0.026426922310888137,0.02642064700054449,0.026413210053390486,0.026404265449950684,0.026393685904489494,0.026380786792759098,0.02636484270964494,0.026346200910406285,0.026323642912176103,0.02629614054279883,0.026263302058796928,0.026223614860749245,0.026175990223092027,0.02611847437157295,0.026049070279505256,0.02596535210320944,0.025864851982355393,0.025743556091028158,0.02559729736611652,0.02542067790380381,0.02520741868639486,0.02494956497330636,0.024637402267765694,0.02425797337620194,0.023794911577427382,0.023226446067518437,0.022520419279369486,0.021625197692543723,0.020443006089556088,0.018085429580976007,0.015123282901793813,0.011972998019118697,0.00853836174624039,0.006433829280040366,0.004898382687237376,0.003699398017636943,0.002850014125034582,0.002000032113053268,0.0011576155697454059,0.00023231006109891033,0.0,0.0,0.0,0.0,0.0,0.0,0.0,0.0,0.0,0.0,0.0,0.0,0.0,0.0,0.0,0.0,0.0,0.0,0.0,0.0
0.7,0.001,0.037677816224529,0.5,0.12082890397364093,0.12082888126116237,0.12082886990492309,0.12082884719244452,0.12082881312372667,0.12082879041124811,0.12082868820509457,0.12082864278013744,0.12082852921774462,0.12082849514902677,0.12082837023039467,0.1208281658180876,0.12082799547449835,0.12082774563723414,0.12082745037501282,0.12082712104407363,0.12082672357569875,0.12082625796988818,0.12082573558288119,0.12082500878356713,0.12082422520305666,0.1208234302663069,0.12082197666767877,0.12082069341263989,0.12081895022991007,0.12081691746307854,0.12081439637795789,0.12081110306856606,0.12080730440652614,0.12080330701029879,0.1207982648400575,0.12079180881802555,0.12078429098762071,0.12077489369961467,0.12076396331930554,0.12075078440361851,0.1207346642219574,0.12071489868748668,0.12069110736619043,0.12066327322370969,0.12062956790552005,0.12058841289436127,0.1205392233439103,0.12047997784357496,0.12040944991951269,0.12032378980660688,0.12022045938537793,0.12009633001190356,0.11994599043816583,0.11976536945238206,0.11954783501081141,0.11928554563022951,0.11896963208775696,0.11858838610069375,0.11812973030856327,0.11757673823671537,0.1169090765387152,0.11610337975223957,0.11513015004575296,0.11395060018398687,0.11252129255168683,0.11077946121433997,0.10864694117696676,0.10601093659289647,0.10269754937000043,0.09837941319848996,0.0910010998713592,0.0792120118507732,0.06936130327891117,0.06000994558264745,0.04920455204304666,0.03942103833901755,0.02960554546516969,0.020023888914382115,0.01470497847800597,0.010643964598203971,0.007847672374784738,0.0050624070597085425,0.0035929891902636854,0.001553817439790349,0.0,0.0,0.0,0.0,0.0,0.0,0.0,0.0,0.0,0.0,0.0,0.0,0.0,0.0,0.0,0.0,0.0,0.0,0.0,0.0
0.8,0.001,0.0987654320987654,0.5,0.8274238790160418,0.8274236450070316,0.8274233329950178,0.827422903978499,0.8274220849469631,0.8274211099094204,0.8274204468838914,0.8274194718463487,0.8274182627997958,0.8274170147517411,0.8274147526646419,0.8274124905775428,0.8274096824694199,0.82740671835529,0.8274024281901021,0.8273973189933783,0.8273925998116716,0.8273858135503742,0.8273766871989745,0.8273670928295542,0.827355470382045,0.8273406108098942,0.8273238791656612,0.8273027403517352,0.8272770383621093,0.8272462271757596,0.8272098777761673,0.8271651430537076,0.8271122960188926,0.8270472025125412,0.8269707985706942,0.8268793790506894,0.8267653386596938,0.8266329285613935,0.826471501345822,0.8262757918102488,0.8260427968390421,0.825758514893089,0.8254178367756654,0.8250081260002176,0.8245066836927515,0.8239114427736763,0.8231991583479742,0.8223401112713428,0.821297172114156,0.8200523611841258,0.818549165305277,0.8167253380808827,0.814546441184934,0.8118995652699854,0.8087137276029268,0.8048691155705102,0.80023799925464,0.7946445988871161,0.7878760442716135,0.779664395091395,0.7696953382441915,0.7575035468131193,0.7424928438430619,0.7237816003878993,0.699797197895741,0.6666433863459087,0.5934876845687579,0.5230769864848545,0.4671035912928898,0.413593647953339,0.35646393623872097,0.306062178576327,0.26218194001761397,0.22167057317347738,0.1865561951342607,0.15626466479331316,0.12906657756187667,0.10519446039313726,0.08661983919845939,0.07062150120063791,0.05678575747105081,0.04442996472529427,0.033223741242395646,0.022231050981351037,0.013085042824701984,0.006688523533996745,0.004423316314767321,0.0014227747823259197,0.0,0.0,0.0,0.0,0.0,0.0,0.0,0.0,0.0,0.0,0.0,0.0,0.0,0.0,0.0,0.0
0.9,0.001,0.448753462603878,0.5,17.052448436208465,17.052323629040604,17.052177081269313,17.051999130404173,17.051788166030114,17.05155707146769,17.051262365510038,17.050924178345515,17.050501444389862,17.050036839642413,17.049384621539406,17.048670402456242,17.047821713714796,17.04672180022257,17.045443130657667,17.04390759988923,17.041977517428855,17.03968348116285,17.03692161931926,17.033592891371327,17.029628854678617,17.024789557395824,17.019058895372254,17.0121244480845,17.00379618655439,16.993764105881123,16.98146536599803,16.966918486678402,16.949234518804072,16.928117146002315,16.90251879327065,16.871668071790953,16.834556056522405,16.789617424017788,16.73520149883123,16.669565811857904,16.58990904608503,16.492899252734535,16.37391937180317,16.226125139247046,16.039994975969822,15.798262816807608,15.482413719710394,15.096038910282381,14.700202912323117,14.34760736417805,13.981539888772014,13.593645652726261,13.177821182928712,12.726557919119463,12.224605230593662,11.655422544176083,10.988416804798087,10.156138192910953,8.78005945171864,6.814947242758873,4.099582108251567,3.4147015668135468,2.8635957895471678,2.3222515432224387,1.8435347285218626,1.385055999995288,0.986091770764201,0.6800283608346732,0.5161484973603513,0.37990013564249586,0.26209424729654,0.15259246425465334,0.03766599805233672,0.021222049781251584,0.012930022590201012,0.002829499276495601,0.0,0.0,0.0,0.0,0.0,0.0,0.0,0.0,0.0,0.0,0.0,0.0,0.0,0.0,0.0,0.0,0.0,0.0,0.0,0.0,0.0,0.0,0.0,0.0,0.0,0.0,0.0,0.0
1.0,0.001,0.448753462603878,0.5,17.052077235535027,17.051883180519194,17.05165369637184,17.051387172677895,17.051066700079133,17.05066812234952,17.050238946733593,17.049692210817614,17.04904321354475,17.048294370537594,17.047298328817323,17.046090517515463,17.04465080644364,17.042940545640207,17.040898539332524,17.038427357408914,17.035411049984397,17.031846396228836,17.027573159842845,17.02219517871942,17.015862221459994,17.00820711342879,16.999204087984708,16.988149393742532,16.974972977646754,16.959215066195124,16.94044567856419,16.91800212895299,16.89106391088379,16.85920426436327,16.821278989484803,16.776090742644467,16.722480830200016,16.65931471473523,16.584490804584878,16.496360034718137,16.3925116137765,16.271013043676984,16.128575856848386,15.962062964736006,15.767428199478601,15.539257345613697,15.263787795960337,14.913512855929914,14.439446919949042,14.032458797635917,13.668974428000796,13.29078857919941,12.884518702007126,12.441988719117873,11.954495142290432,11.408220610231503,10.777019229085907,10.001569749366455,8.837330642822801,6.83826122171495,4.182359858428453,3.3094931503460123,2.7245356431185774,2.2708841337617787,1.8887213649471273,1.5428782871870041,1.2041685429756788,0.8502886888129653,0.5659215959025536,0.2773223321904173,0.11202530345524386,0.018195274658785173,0.010247071084998012,0.005779779683177412,0.0015121797499313427,0.0,0.0,0.0,0.0,0.0,0.0,0.0,0.0,0.0,0.0,0.0,0.0,0.0,0.0,0.0,0.0,0.0,0.0,0.0,0.0,0.0,0.0,0.0,0.0,0.0,0.0,0.0,0.0,0.0
1/0.9,0.001,0.4487534626038775,0.5,17.052355032134454,17.05222217289125,17.052078845950096,17.051854193047948,17.051605383919764,17.051317119622386,17.050936256458535,17.050487755861774,17.049935383493057,17.049289607050326,17.04853995883564,17.047691270094198,17.046554317055378,17.045256322509644,17.043691804269965,17.041727903093136,17.039512777165523,17.036662342493127,17.03329013333833,17.02932609664562,17.024409499439503,17.0185685239837,17.011544698659602,17.003069889358205,16.992799467254702,16.98056272835177,16.96568249311283,16.94785600350488,16.926257116597448,16.900298030890294,16.868860313117892,16.83103649438878,16.78531922619823,16.73011339242025,16.663149918222413,16.581658889685777,16.4823252673905,16.36019783020648,16.208927516723598,16.018619131549467,15.77956911868492,15.52240515712258,15.229778245322501,14.880344747165712,14.392480774872366,13.814836967681474,13.415221325554914,13.016873885295313,12.598873744739343,12.150311147001059,11.661087179181814,11.117873240961803,10.49604125468852,9.742544147984178,8.664413935187948,6.635395625039123,4.127877101016523,3.1696406797034,2.597112355979661,2.1490586494032256,1.769670625752719,1.4362051982140787,1.1343989205198475,0.8537269249855994,0.5851853809597195,0.3535690440543676,0.2356625047665899,0.1676554816039428,0.08594060537269549,0.0015878692581813673,0.00020935395898942976,0.0,0.0,0.0,0.0,0.0,0.0,0.0,0.0,0.0,0.0,0.0,0.0,0.0,0.0,0.0,0.0,0.0,0.0,0.0,0.0,0.0,0.0,0.0,0.0,0.0,0.0,0.0,0.0,0.0
1/0.8,0.001,0.0987654320987654,0.5,0.8274243470340622,0.8274238790160418,0.8274235670040281,0.8274228649769974,0.8274216949319461,0.8274207978974069,0.8274203298793863,0.827419432844847,0.8274181067937889,0.8274164687307172,0.8274152206826625,0.8274124125745396,0.8274092534529011,0.8274064063432763,0.8274028572066209,0.8273980990234124,0.8273920147891459,0.8273844484978145,0.827376492191466,0.827366975825049,0.8273548853595194,0.827340766815901,0.8273225921161048,0.8273019213201993,0.8272750492855221,0.8272452911397186,0.8272089417401263,0.8271643630236735,0.8271066408011448,0.8270410012737694,0.8269593321291918,0.8268650264980608,0.8267460329163481,0.8266108147099248,0.8264485684628174,0.826247008701988,0.8260032493163098,0.8257114010790252,0.8253635466852871,0.8249385863226713,0.8244365199911778,0.823822246339269,0.8230801257647598,0.8221947526744753,0.8211272815727136,0.819822876348073,0.8182786118879252,0.8164074758419584,0.8141521360026612,0.8114327562960364,0.8081542900624202,0.8041911914678131,0.7994167446331643,0.7936380481310232,0.7866504220804241,0.7781576500758907,0.7678203020480538,0.7551524192856259,0.7394715925132133,0.7197186579489184,0.6938876903568698,0.6357538849807666,0.5692795694627998,0.5145119056961533,0.45637934836810484,0.3917465667563081,0.33992690949930177,0.2945990132001728,0.2542110471074419,0.2178406257057031,0.18432987241223464,0.1516207949863843,0.11914755964136524,0.08928095066153176,0.060928067966008415,0.04676611567613145,0.036846980751114894,0.029073318435082672,0.023751056507436235,0.019685773978352906,0.01650960868371815,0.013822093203989133,0.01094479641694658,0.007079942605143207,0.0034600182240691873,0.0009491795470796575,0.0,0.0,0.0,0.0,0.0,0.0,0.0,0.0,0.0,0.0,0.0,0.0,0.0,0.0
1/0.7,0.001,0.037677816224529,0.5,0.12082896075483734,0.12082894939859806,0.12082894939859806,0.1208289266861195,0.1208288585486838,0.12082875634253026,0.12082874498629098,0.1208286768488553,0.12082863142389816,0.12082855193022318,0.12082842701159108,0.12082824531176257,0.12082809768065189,0.12082775699347342,0.12082747308749138,0.12082708697535578,0.1208266895069809,0.12082621254493105,0.12082561066424909,0.12082507692100282,0.12082424791553523,0.12082328263519623,0.12082205616135375,0.12082033001298285,0.1208186095427316,0.12081640643231084,0.12081414654069368,0.12081112010292497,0.1208074520376368,0.1208029208981632,0.12079778787800763,0.12079147948708636,0.12078383105992979,0.12077463250611119,0.12076341821981999,0.1207500916730223,0.12073417590366826,0.12071460342526535,0.1206905395542263,0.1206621262435422,0.12062840956911326,0.12058680030838319,0.12053740634562515,0.12047756464272748,0.12040694019063132,0.12032053624405252,0.12021630300180063,0.1200912935197819,0.11994088013048884,0.11975774941582369,0.11953883519118025,0.11927538747419156,0.11895733895873394,0.11857383875817323,0.11811182151921522,0.11755480366054175,0.11688133324614872,0.11607136083558335,0.1150907666079222,0.11390388629369944,0.11246304072228866,0.11070863234993673,0.10855830572936899,0.10589981011340027,0.10255710108067752,0.09820406150773313,0.09057425290545822,0.07880619096190328,0.06926375318347686,0.05913305085399193,0.047757290196441426,0.03801867906253423,0.027079418174274575,0.019762445573626743,0.015068809672129875,0.011745519808579736,0.008307611421954107,0.005075693859668745,0.0023819257644894323,0.0,0.0,0.0,0.0,0.0,0.0,0.0,0.0,0.0,0.0,0.0,0.0,0.0,0.0,0.0,0.0,0.0,0.0,0.0,0.0,0.0
1/0.6,0.001,0.0175781249999999,0.5,0.02645704083465641,0.02645704083465641,0.02645704083465641,0.026457035891521045,0.026457030948385682,0.02645701117584423,0.0264570012895735,0.02645699140330278,0.026456976573896687,0.0264569617444906,0.026456941971949144,0.026456914784704647,0.026456882654324786,0.026456860410215652,0.026456796149455928,0.026456751661237662,0.026456670099504163,0.0264565984240414,0.026456504504469496,0.02645641799960064,0.026456331494731783,0.026456190615373933,0.026455963231147222,0.026455725960649788,0.02645548869015235,0.0264551995167336,0.026454768228173157,0.026454298630313646,0.02645372522661151,0.026453048017066744,0.026452254643840944,0.02645135375742099,0.02645017976277222,0.026448724009407742,0.0264470692948449,0.026445092040699596,0.026442685969561536,0.026439669421206114,0.026436086883851597,0.026431886454576677,0.026426667739416928,0.02642041467318242,0.02641303457208509,0.026403971333396573,0.026393159460573308,0.026380161486135645,0.026364368168650065,0.026345481684210935,0.026322577666505323,0.026295161801996904,0.026261992127925668,0.02622184027515384,0.026173942529267802,0.026116081894057137,0.026046140236018693,0.025962214448037618,0.025860883880442546,0.025738528922363734,0.025590971388635406,0.025413305217409525,0.025198419708466063,0.024938568968690816,0.024623608448534548,0.02424052163680199,0.02377329648226774,0.023199198269612368,0.022485641850521352,0.021578599991258218,0.020367534298830006,0.017748472108453282,0.015112786153849953,0.011911223656484178,0.00854281798277036,0.0064350082178245005,0.004899230434952173,0.003703792464974871,0.0028836002582601746,0.0020179806375572235,0.0010941654842227476,0.00019450496184078545,0.0,0.0,0.0,0.0,0.0,0.0,0.0,0.0,0.0,0.0,0.0,0.0,0.0,0.0,0.0,0.0,0.0,0.0,0.0,0.0
1/0.5,0.001,0.0088888888888888,0.5,0.006833773037037025,0.006833773037037025,0.006833771772839494,0.006833771456790112,0.0068337692444444325,0.006833767664197519,0.00683376545185184,0.006833761027160482,0.006833756918518507,0.0068337531259259135,0.006833749333333322,0.006833746172839494,0.006833739535802457,0.0068337319506172715,0.006833726893827149,0.0068337155160493705,0.006833698133333322,0.006833682330864186,0.006833665264197519,0.0068336475654320866,0.006833615644444433,0.006833580879012334,0.00683353852839505,0.00683348732839505,0.006833438340740729,0.006833365965432087,0.006833280316049371,0.006833188661728383,0.006833058765432087,0.006832911802469125,0.006832735762962951,0.006832513580246902,0.006832242093827149,0.00683190708148147,0.0068315382518518404,0.006831074291358013,0.006830535743209865,0.006829894479012334,0.006829112256790112,0.006828147041975296,0.006826970074074062,0.006825583249382704,0.00682390945185184,0.006821893688888876,0.006819453155555544,0.006816526538271593,0.006812966874074062,0.006808709056790112,0.0068035346962962845,0.006797394488888877,0.0067899050666666546,0.0067809953185185064,0.006770219614814802,0.006757193323456779,0.006741487249382705,0.006722639012345668,0.0066999058962962845,0.006672516740740729,0.006639408039506162,0.006599491002469125,0.006551357629629618,0.006493178627160483,0.006422695190123446,0.006337298330864187,0.006233678696296285,0.006107175190123446,0.0059515619555555455,0.005757702637037027,0.005510222064197521,0.005173983762962954,0.004590135308641967,0.0038019011950617223,0.0027634738567901187,0.002082656395061725,0.001582917530864195,0.0011914239999999978,0.0008707640888888874,0.0006069083654320977,0.0003288215703703698,0.00013008655802469114,0.0,0.0,0.0,0.0,0.0,0.0,0.0,0.0,0.0,0.0,0.0,0.0,0.0,0.0,0.0,0.0,0.0,0.0,0.0,0.0
1/0.4,0.001,0.0045351473922902,0.5,0.001809623768225214,0.0018096232748141614,0.0018096229458734595,0.001809622452462407,0.001809622452462407,0.001809622287992056,0.0018096219590513544,0.0018096211366996,0.001809619820936793,0.0018096191630553897,0.0018096180117629335,0.0018096163670594247,0.0018096135710634598,0.0018096112684785478,0.0018096089658936356,0.00180960600542732,0.0018096025515499515,0.001809598275320829,0.0018095925188585484,0.001809585611103812,0.0018095785388787245,0.0018095706443018828,0.0018095556774999535,0.0018095435066939891,0.0018095300201252176,0.0018095107770941656,0.0018094903827706576,0.0018094625872813604,0.0018094283774483793,0.0018093898913862753,0.0018093418660438212,0.0018092823277768059,0.001809212674583212,0.0018091265743545313,0.0018090229580334824,0.001808887269994014,0.00180873924667823,0.0018085632634027983,0.0018083496164170167,0.0018080902466736932,0.0018077777530070384,0.0018073942081488074,0.0018069468487944384,0.0018063937350044595,0.0018057325641939583,0.0018049361987550411,0.0018039796391943756,0.0018028276888568755,0.0018014349539257003,0.0017997644285719042,0.0017977478575998756,0.0017953225778059327,0.001792390893801658,0.0017888715572337214,0.0017846206565451108,0.0017795066154551297,0.0017733450627004516,0.0017658965294502082,0.001756941283315636,0.0017460979997882408,0.0017330472774466314,0.0017172526962414417,0.0016981704349575174,0.001675057169844097,0.0016469590551013047,0.001612642151921731,0.0015703475321379864,0.0015174976164112218,0.0014496855039250254,0.001352897745138965,0.001220845405011612,0.001019395787156369,0.000778287186890088,0.0005816574549022934,0.0004393782661226097,0.0003240080714489215,0.00022281489207960718,0.00013172068566482154,7.357120629229334e-05,3.023458460060601e-05,7.526163255854491e-07,0.0,0.0,0.0,0.0,0.0,0.0,0.0,0.0,0.0,0.0,0.0,0.0,0.0,0.0,0.0,0.0,0.0,0.0,0.0
1/0.3,0.001,0.0021736505252988,0.5,0.00042880633127340676,0.000428806199017245,0.000428806199017245,0.00042880608565482064,0.00042880599118613364,0.0004288058022487597,0.00042880561331138577,0.0004288054621614866,0.00042880527322411264,0.0004288050842867387,0.0004288047819869404,0.00042880432853724295,0.00042880387508754546,0.000428803327169161,0.0004288027225695644,0.0004288016456265329,0.0004288006253647136,0.00042879971846531865,0.00042879832032875146,0.00042879597750531453,0.0004287940881315751,0.00042879195313924953,0.0004287892891222769,0.00042878526475621185,0.000428780579109338,0.000428774929881857,0.00042876843043619325,0.0004287601171917397,0.0004287509726228407,0.00042873871058727166,0.00042872433245311436,0.0004287093686130979,0.0004286894168264092,0.00042866551624860507,0.00042863458720049017,0.0004285995771050981,0.00042855901225091194,0.0004285088871656042,0.0004284477470313954,0.0004283740047743444,0.00042828433509666983,0.0004281784923797855,0.0004280492025347945,0.00042789557755603937,0.00042771002216108735,0.0004274852055798295,0.0004272156675221587,0.00042689220673796383,0.00042650089854278506,0.000426027931614587,0.00042545860662567675,0.0004247726883833046,0.000423949318201387,0.0004229548274398869,0.0004217559253335151,0.0004203105355290938,0.00041857029005889303,0.0004164703267224372,0.0004139267762194319,0.0004108775915162733,0.0004071929537433235,0.0004027427228374087,0.00039734905204843383,0.00039079674170747496,0.00038280843174958,0.0003729682143334823,0.00036066521714174103,0.000344595224375747,0.00032268464835644725,0.00029645088292147375,0.0002598337051203089,0.00021057253595490577,0.00015773746521142233,0.00011858754412504188,8.69730312174714e-05,5.774415495576256e-05,3.2186842000726486e-05,1.8953233773616126e-05,9.40483013157743e-06,2.2489404558119493e-06,0.0,0.0,0.0,0.0,0.0,0.0,0.0,0.0,0.0,0.0,0.0,0.0,0.0,0.0,0.0,0.0,0.0,0.0,0.0,0.0
1/0.2,0.001,0.0008680555555555,0.5,7.295996997974423e-05,7.295994586708991e-05,7.295991572627201e-05,7.295987955729053e-05,7.29598283179001e-05,7.29597981770822e-05,7.295978009259147e-05,7.295974693769177e-05,7.295968665605597e-05,7.295962336033837e-05,7.295954800829363e-05,7.295944552951275e-05,7.295930386766862e-05,7.295920741705134e-05,7.295904465663468e-05,7.29587914737643e-05,7.295856843171183e-05,7.295824893904208e-05,7.29579354745359e-05,7.295745322144949e-05,7.295691972897264e-05,7.295637116608684e-05,7.295556942033065e-05,7.29546440972211e-05,7.295345353491399e-05,7.29521393952535e-05,7.295050877700505e-05,7.29486581307859e-05,7.294622275269948e-05,7.294356131847881e-05,7.294031213830906e-05,7.293630642360998e-05,7.293129400559301e-05,7.292554012345566e-05,7.291858663676584e-05,7.291008994019949e-05,7.289993248456677e-05,7.28878671151609e-05,7.287275149498343e-05,7.285489908854053e-05,7.283332429108683e-05,7.280762321566245e-05,7.277686149691246e-05,7.273890516492943e-05,7.269412495177356e-05,7.263921440972109e-05,7.257432122877974e-05,7.249515637056215e-05,7.239982397762233e-05,7.228543957368715e-05,7.214737654320875e-05,7.198077920042326e-05,7.178009259259148e-05,7.153775438850197e-05,7.124653380594025e-05,7.089573989679674e-05,7.047246334876433e-05,6.996259524498348e-05,6.934695095486003e-05,6.86017252604156e-05,6.769805230034617e-05,6.65999951774681e-05,6.525291461709004e-05,6.35754424672058e-05,6.1416518976658e-05,5.865486352237564e-05,5.545465615354852e-05,5.156145411361803e-05,4.624060209297768e-05,3.916377013406575e-05,3.1393126687885316e-05,2.31632517119981e-05,1.704155514564017e-05,1.1468201437114018e-05,6.214623722029224e-06,3.624611183449018e-06,2.0149016203703392e-06,8.529580198688139e-07,1.7279128086419485e-07,2.440200617283913e-08,0.0,0.0,0.0,0.0,0.0,0.0,0.0,0.0,0.0,0.0,0.0,0.0,0.0,0.0,0.0,0.0,0.0,0.0,0.0,0.0
