s,q,source_radius,LD_coeff,1.0e-08,1.2e-08,1.5e-08,1.7e-08,2.1e-08,2.5e-08,3.1e-08,3.7e-08,4.4e-08,5.3e-08,6.4e-08,7.7e-08,9.3e-08,1.1e-07,1.4e-07,1.6e-07,2.0e-07,2.4e-07,2.8e-07,3.4e-07,4.1e-07,5.0e-07,6.0e-07,7.2e-07,8.7e-07,1.0e-06,1.3e-06,1.5e-06,1.8e-06,2.2e-06,2.7e-06,3.2e-06,3.9e-06,4.6e-06,5.6e-06,6.7e-06,8.1e-06,9.8e-06,1.2e-05,1.4e-05,1.7e-05,2.1e-05,2.5e-05,3.0e-05,3.6e-05,4.3e-05,5.2e-05,6.3e-05,7.6e-05,9.1e-05,1.1e-04,1.3e-04,1.6e-04,1.9e-04,2.3e-04,2.8e-04,3.4e-04,4.0e-04,4.9e-04,5.9e-04,7.1e-04,8.5e-04,1.0e-03,1.2e-03,1.5e-03,1.8e-03,2.2e-03,2.6e-03,3.1e-03,3.8e-03,4.5e-03,5.5e-03,6.6e-03,7.9e-03,9.5e-03,1.1e-02,1.4e-02,1.7e-02,2.0e-02,2.4e-02,2.9e-02,3.5e-02,4.2e-02,5.1e-02,6.1e-02,7.4e-02,8.9e-02,1.1e-01,1.3e-01,1.6e-01,1.9e-01,2.3e-01,2.7e-01,3.3e-01,3.9e-01,4.8e-01,5.7e-01,6.9e-01,8.3e-01,1.0e+00
0.2,1e-06,8.680555555555554e-07,0.5,0.9999990089295857,0.9999989263403846,0.999998678572781,0.9999983482159762,0.9999977700915679,0.9999973158509613,0.9999968616103548,0.9999962834859465,0.9999957879507393,0.9999947142911239,0.9999934341585054,0.999992154025887,0.9999900892958573,0.9999886026902358,0.999986042424999,0.9999828627407532,0.9999793526997026,0.9999750580612408,0.9999689464603528,0.9999622567350565,0.9999544107609435,0.9999459040732209,0.9999347545310604,0.9999213750804677,0.9999054353646382,0.9998863572591634,0.9998640581748423,0.9998383729332724,0.9998070716260216,0.9997751508997619,0.9997359210291968,0.9996909099145487,0.9996277291756388,0.999552614297157,0.9994581322509963,0.9993453154021716,0.9991687809846292,0.9990221851525181,0.9988328494087914,0.9986059768731241,0.9982970519660752,0.9979700400239657,0.997539337339763,0.9970358735693124,0.9964527112197141,0.9956984240452513,0.9948432541615356,0.993775540968559,0.9925127520823731,0.9909814657031205,0.9891287008582381,0.9869068035786397,0.9842286835516709,0.9810021299342041,0.977102639505446,0.9724121510022964,0.9667507851445648,0.9599220622226216,0.9516733418700285,0.9416923543170883,0.9295808957302664,0.9148807199267632,0.8969913208247308,0.8750491870311333,0.8478213443614143,0.813039150048102,0.7655205859571682,0.7034861851597859,0.6330127784902703,0.5466227396729327,0.41401330619397125,0.3121995688761109,0.23036944503484252,0.15235989764059582,0.08228428185860885,0.049730757139392526,0.027806297434849612,0.012112367068035043,0.0030250772611653477,0.00038164469869621795,0.0,0.0,0.0,0.0,0.0,0.0,0.0,0.0,0.0,0.0,0.0,0.0,0.0,0.0,0.0,0.0,0.0,0.0,0.0,0.0
0.3,1e-06,2.1736505252988773e-06,0.5,0.9999992509593009,0.9999991628368656,0.9999990747144304,0.9999987222246897,0.9999984137961665,0.9999980613064257,0.9999975766330321,0.9999971800820737,0.9999964751025922,0.9999956379394578,0.9999947567151058,0.9999938314295362,0.9999928180215315,0.9999917605523091,0.99998990998117,0.9999876187978549,0.9999855919818453,0.9999829042475719,0.9999791149828584,0.9999747088610986,0.9999694655762044,0.9999632970057406,0.999956467517013,0.9999479637020164,0.9999367280915289,0.9999226725631151,0.9999080001776548,0.9998910806700971,0.9998707684487843,0.999848429411462,0.9998185559059304,0.9997820291565414,0.9997355005107577,0.9996806442948478,0.9996198838757798,0.9995327307873705,0.9994197578254485,0.9993091201080593,0.9991788751488387,0.9990118390729238,0.998774040681546,0.9985669088976166,0.9982689228829995,0.9979160806524726,0.9974812404959954,0.9969588507001503,0.996345694796053,0.9955975793824521,0.9946814144849314,0.9936123571623448,0.9922957198580735,0.9907238799814732,0.988827705482132,0.9865380202484206,0.9837771884149312,0.9804570434852493,0.9764513060097386,0.9716275279682984,0.9658110947555871,0.9587932883838416,0.9503236208310157,0.9400761272093175,0.9276303313192069,0.9125450922500901,0.8941766756128563,0.8716275103438115,0.8436735317568582,0.8082669066416822,0.7607974657397596,0.689761970727842,0.6066065125299528,0.49554505841107493,0.3636830965659745,0.2748781971700714,0.20205425733584023,0.1330030592584603,0.07542007083633831,0.04441569009383982,0.02236472501217852,0.00546469251262442,5.9218276452063865e-05,0.0,0.0,0.0,0.0,0.0,0.0,0.0,0.0,0.0,0.0,0.0,0.0,0.0,0.0,0.0,0.0,0.0,0.0,0.0
0.4,1e-06,4.53514739229025e-06,0.5,0.9999994546813132,0.9999992729084177,0.9999990002490743,0.9999988184761788,0.999998682146507,0.9999984549303875,0.9999977278388053,0.9999972734065663,0.9999967280878795,0.9999960918827451,0.9999950921318194,0.9999934561757591,0.9999916384468033,0.999989638944952,0.9999875485566527,0.9999851855090103,0.9999830042342632,0.9999799140950384,0.9999759150913357,0.9999713707689462,0.9999665537872133,0.9999605552816592,0.9999536479116271,0.9999439230617135,0.9999351979627258,0.9999227465193785,0.9999083864606277,0.9998907544897564,0.9998708958009144,0.9998514461010872,0.9998269067601839,0.999797913983339,0.9997639678950894,0.9997225691181211,0.9996741266414491,0.9996093700473987,0.9995165749842051,0.9994093744190368,0.9993065818465863,0.9991828399479202,0.9989672118505385,0.9987714424419989,0.9985362737583423,0.9982285322461254,0.9978899802281077,0.9974180069047344,0.9969306737716844,0.9962697929665796,0.9955215702851485,0.9946162503787125,0.9935145703018262,0.9921827202959117,0.9905767113202388,0.9886498731838672,0.9863196355489798,0.9835291943857079,0.9801589885719835,0.9760906385095605,0.9711964032960697,0.9652886478600491,0.958153743605968,0.9495371630367907,0.9391087156876962,0.9264674559942588,0.9110802440537428,0.8923141466437384,0.8692741140264101,0.8406607881009281,0.8043582869195179,0.756212281840147,0.6791645681364565,0.5701943983864747,0.4201983133202133,0.3191886603160367,0.24205342296312451,0.17897604692212818,0.121037208866282,0.07312896273432969,0.04095761415076544,0.016956411904834073,0.0009878448010293436,0.0,0.0,0.0,0.0,0.0,0.0,0.0,0.0,0.0,0.0,0.0,0.0,0.0,0.0,0.0,0.0,0.0,0.0,0.0
0.5,1e-06,8.888888888888888e-06,0.5,0.9999991678917535,0.9999990754352815,0.9999989829788097,0.9999986131529224,0.9999980584140914,0.9999979659576195,0.9999975961317321,0.9999972263058448,0.9999968564799574,0.9999963941975982,0.9999951922634643,0.9999944526116896,0.9999934355904994,0.9999916789175344,0.9999901996139849,0.999987888202189,0.9999852994209775,0.9999818785315194,0.9999782727291177,0.9999742971008285,0.9999693506795851,0.9999634796936233,0.9999573775664818,0.9999493338534318,0.9999388862721139,0.9999270518437184,0.9999131371447065,0.999897881826853,0.9998816094878091,0.999863210649913,0.9998392644237065,0.9998104180044926,0.9997774110440457,0.999735158436415,0.9996811176286247,0.9996016050628425,0.9995116911439783,0.9994367089453162,0.9993442062452406,0.9991723758923263,0.9990133507607619,0.9988178977792926,0.9985451049591294,0.9982849324473723,0.9979305467908104,0.9974943371566704,0.996983284008576,0.9963723316426589,0.9956312005643912,0.9947341878746019,0.9936519386434814,0.9923583339177353,0.9907928147083084,0.9889146539393553,0.9866516431063692,0.9839123427587005,0.9806279190530646,0.976653122872201,0.9718719675721869,0.966101712936431,0.9591402028892555,0.9507249997353433,0.9405676392825544,0.9282476757251974,0.9132758294142961,0.8949870147196712,0.872575057435116,0.8447977124049911,0.8096944863721703,0.7637366856324168,0.6972407891511206,0.543788471426859,0.39599014432501484,0.30164922467620703,0.23057848951180718,0.17425502388820976,0.12585100981651967,0.08991891151365529,0.048069321643630133,0.01915060146864332,0.0,0.0,0.0,0.0,0.0,0.0,0.0,0.0,0.0,0.0,0.0,0.0,0.0,0.0,0.0,0.0,0.0,0.0,0.0,0.0
0.6,1e-06,1.7578125e-05,0.5,0.9999992526552575,0.9999991592371646,0.9999991592371646,0.9999991592371646,0.9999990658190718,0.999998972400979,0.9999985987286077,0.9999980382200508,0.9999975711295869,0.9999969172029372,0.9999960764401018,0.9999955159315449,0.9999945817506167,0.9999933673154102,0.9999920594621108,0.9999902845183473,0.9999886964107695,0.9999861741222634,0.9999828110709221,0.9999785138386527,0.9999746836968473,0.9999685181027215,0.9999620722543173,0.9999543185526137,0.9999431083814759,0.9999288154132754,0.9999091976137843,0.9998813590221256,0.9998556690466016,0.9998373123913635,0.99981213621535,0.9997772912667302,0.9997409516286253,0.9996983529783019,0.9996480940443677,0.9995281452131939,0.9994521963037357,0.9993733514334002,0.9992419121768101,0.9990529273750464,0.9988595519229203,0.9986488941236236,0.9983606058891981,0.9980172943981046,0.9976223227016848,0.9971550454014266,0.996553993392258,0.9958555063122839,0.9950055885038573,0.99398238013326,0.9927562676650694,0.9912689582093694,0.9894843923823338,0.9873377380275489,0.9847395940301915,0.9816260624147765,0.9778572962963603,0.9733225952349579,0.9678593650400257,0.9612533513156934,0.9532858623066823,0.9436595949326103,0.9320006899860336,0.9178488765236549,0.900611603582752,0.8794785626262517,0.8533518575183512,0.8205700474783444,0.7782504369981609,0.7200704428470677,0.5869255120093863,0.41300260276819295,0.31241280296830387,0.239174699727392,0.18404494643383204,0.14029893509446367,0.11011237309093705,0.08063840429939957,0.037652629399355764,0.006559538223157047,0.0,0.0,0.0,0.0,0.0,0.0,0.0,0.0,0.0,0.0,0.0,0.0,0.0,0.0,0.0,0.0,0.0,0.0,0.0,0.0
0.7,1e-06,3.767781622452902e-05,0.5,0.999999718042052,0.999999718042052,0.9999996240560695,0.9999996240560695,0.9999995300700868,0.9999993420981215,0.9999990601401735,0.9999987781822256,0.9999982142663296,0.9999977443364164,0.9999973683924859,0.9999968044765899,0.9999961465747114,0.9999956766447982,0.999994642798989,0.9999937969251452,0.9999921051774575,0.9999907893737005,0.9999888156680649,0.9999861840605506,0.9999816257403922,0.9999710993103356,0.9999586931606259,0.9999445952632287,0.999928993590109,0.999912921987076,0.9998961924821647,0.9998773952856349,0.9998545566918513,0.9997885315390407,0.9997324219073994,0.9996913970259733,0.9996328437587833,0.9995774390220119,0.9994885752754177,0.9993755101382914,0.999228516061429,0.9990956668749553,0.9989206179822723,0.998675972469438,0.9984047759165054,0.99809372930693,0.9976715442728725,0.9972265206450315,0.9966312134309353,0.9959791386833193,0.9951448251153479,0.9941550587320755,0.9929602619276553,0.991518094016904,0.9897803401907229,0.9876907028455055,0.9851729123563324,0.9821356143480693,0.9784865145857551,0.9740748595532217,0.9687592473395741,0.9623394878017708,0.954591424371195,0.9452337100087882,0.9338929384054874,0.9201369620130745,0.9033742330567592,0.8828259836843154,0.8574117510392147,0.8254704738571176,0.7841813508407915,0.7274461954920657,0.6241871328584441,0.49264999070243665,0.3545465178686855,0.2666431200451471,0.20394516500625548,0.15797671487881282,0.1225111983123501,0.10071613089409007,0.07748467570301162,0.04391288270093534,0.0005260395448841574,0.0,0.0,0.0,0.0,0.0,0.0,0.0,0.0,0.0,0.0,0.0,0.0,0.0,0.0,0.0,0.0,0.0,0.0,0.0,0.0,0.0
0.8,1e-06,9.876543209876548e-05,0.5,0.9999994343687716,0.999999198689093,0.9999987744656718,0.9999985387859932,0.9999983973781861,0.9999982559703791,0.9999973603876007,0.9999971718438578,0.9999963233970153,0.9999957106298512,0.9999951449986227,0.9999939194642944,0.9999906199487953,0.9999875089770389,0.9999842565974755,0.9999807685382336,0.9999771390711845,0.9999727554291642,0.9999661563981659,0.9999275992027616,0.9998963009414554,0.9998595349116078,0.9998535957837094,0.9998465253933541,0.9998184323756757,0.9997877468815336,0.9997647916808468,0.9997203896294153,0.9996747149077201,0.9996066034806306,0.999527273700844,0.9994272512452843,0.9992912169348481,0.9991559367993832,0.9989711167954954,0.9987719203312185,0.9985280861358318,0.9982168946883269,0.9978410798729743,0.9974239739779468,0.996863103479028,0.9962384109231686,0.9954679269181828,0.9945444868018437,0.9934169009479791,0.9920852636284603,0.990463551760631,0.98851207688663,0.986157024131148,0.983327359639082,0.9799122668255965,0.9758015418730199,0.9708316230844662,0.9648507327469749,0.9576170635103941,0.9488756570985116,0.9382917069600357,0.9254431579266901,0.9097818662021955,0.8905986716339144,0.8668831683041377,0.8371518469085142,0.7990037914261241,0.747972447725776,0.6727735199363325,0.5713929837971163,0.48917113153961617,0.4085047180243482,0.32002787996324905,0.22941667959762502,0.1725322310814737,0.13173249640022858,0.1038193965883764,0.08714317389634506,0.06671408227558723,0.04024310641653951,0.0,0.0,0.0,0.0,0.0,0.0,0.0,0.0,0.0,0.0,0.0,0.0,0.0,0.0,0.0,0.0,0.0,0.0,0.0,0.0,0.0,0.0,0.0,0.0
0.9,1e-06,0.0004487534626038,0.5,0.999983143205692,0.9999808295280419,0.9999791296832377,0.9999774298384335,0.9999746439816711,0.9999711498562404,0.9999668530263187,0.9999616590560837,0.9999555207276243,0.9999494768349871,0.9999417803154572,0.9999304007988515,0.999918218577755,0.9998964039027681,0.9998625014425072,0.999832706940523,0.9998167472865283,0.9997969629817242,0.999774251166424,0.9997505477749882,0.9996918086934219,0.9996227761072081,0.9995721585063728,0.9994802724511253,0.999397405016922,0.9992745912298208,0.9991314265229807,0.9989196541911279,0.9987022629278391,0.9984463418489892,0.9981404642200612,0.9977354761954678,0.9972834119133812,0.9967237852295197,0.9960596180902017,0.9952446841603362,0.9942724673681738,0.9930992439279183,0.9916831787702227,0.9899914554467844,0.9879435674189613,0.9854742595334379,0.982496084218622,0.9789164943685086,0.9745913809180333,0.9693801289275622,0.9630802679937543,0.9554693073189084,0.946268141829762,0.9351087551262125,0.9215298754334841,0.9049326852013967,0.8845179740645235,0.8591205456275175,0.8270664777194731,0.7856374824089671,0.7302939824927317,0.6492996356099355,0.5710402917991365,0.5065057310267572,0.4473829094959186,0.3929184182150836,0.3423967641754308,0.29476550735362306,0.24752110687849754,0.19815024777126738,0.1375370873083732,0.09505234672074439,0.07694333340699328,0.05847187540666426,0.03679918467888326,0.010693298701828523,0.0,0.0,0.0,0.0,0.0,0.0,0.0,0.0,0.0,0.0,0.0,0.0,0.0,0.0,0.0,0.0,0.0,0.0,0.0,0.0,0.0,0.0,0.0,0.0,0.0,0.0,0.0,0.0
1.0,1e-06,0.0004487534626038,0.5,0.9999962697850131,0.9999956559521671,0.9999948060297651,0.9999942394148303,0.9999930589670496,0.999991878519269,0.99998998980282,0.9999873455997912,0.9999844653072063,0.9999812544892429,0.9999777131459009,0.9999727552652221,0.9999656725785381,0.9999589676351438,0.9999516960768149,0.9999426774557705,0.9999301647092954,0.9999147716702353,0.9998966399923243,0.999875155842716,0.9998488082482514,0.9998188720925335,0.9997842613636042,0.9997388377330039,0.9996845371350929,0.999618809802665,0.9995451026432398,0.9994516583969217,0.9993351245920137,0.9992034810555129,0.9990392099423545,0.9988404697540003,0.998602585917239,0.9983155482348905,0.9979699603426208,0.9975611004493068,0.9970612988589698,0.9964507240488943,0.9957267318160519,0.9948487147567872,0.993782723192928,0.9924644935472947,0.9909016279035946,0.9890087090604184,0.9867579728859645,0.9840632466922437,0.9808076661489695,0.9767999514977616,0.9719452419549651,0.9660955565867947,0.9588034584664642,0.9499632739086477,0.9387856138734534,0.9247490981851135,0.9068370307790898,0.8833168448387329,0.8309527479030053,0.7447221235367878,0.6528611410000489,0.5749588590339479,0.4969040632145841,0.43103507705302063,0.37191263326547175,0.3179539874676109,0.2690351454245561,0.2299872077234904,0.20220036410675704,0.17743112276071418,0.15572429348311612,0.13889993788011598,0.12493009388242854,0.11118571541084965,0.09747009264720798,0.08367382169119071,0.06952464406666338,0.05491537511514088,0.039535320980750015,0.014835867707500528,0.006490857384720775,0.002057378827979672,0.0,0.0,0.0,0.0,0.0,0.0,0.0,0.0,0.0,0.0,0.0,0.0,0.0,0.0,0.0,0.0,0.0,0.0,0.0,0.0
1/0.9,1e-06,0.0004487534626038,0.5,0.9999966003103916,0.9999956087342559,0.9999950893372324,0.9999937672357181,0.9999911230326893,0.9999882427401044,0.9999830487698695,0.9999794602086163,0.9999725663935771,0.9999661919755615,0.9999574566619845,0.9999485796946739,0.9999378140109141,0.9999241208166584,0.9999091999567106,0.9998884240757707,0.9998612737768153,0.9998140558655884,0.9997965380205232,0.9997688683245441,0.9997440317032388,0.9996911004247534,0.9995910928887748,0.9995142693472086,0.9993805010047028,0.9992308674440246,0.9990958242179155,0.9989277284539477,0.998724502564027,0.998461687670138,0.9981204910436121,0.9977527107330656,0.9972781235073238,0.9967404059342715,0.9960566905797056,0.9952435037125554,0.9942613239411242,0.9930986773129835,0.9916887032658362,0.9899914554467844,0.9879470143264809,0.9854710959333858,0.9824980201529823,0.9789201301476731,0.9745825511686339,0.969385275679886,0.9630822983639371,0.9554743124174985,0.9462694639312764,0.9351135241352464,0.9215321891111341,0.9049384930044776,0.884514338285359,0.8591183263856899,0.8270621808895514,0.7856454150180533,0.7303060230600946,0.6492883505291522,0.5710268346944368,0.5065103583820575,0.44737757387194993,0.3929059054686085,0.34238146557219323,0.29475988842218703,0.2475073664663305,0.19815421407581044,0.13746640209526648,0.09503090978904737,0.07693946153827266,0.05846162911992802,0.03679484063105039,0.010745380057911823,0.0,0.0,0.0,0.0,0.0,0.0,0.0,0.0,0.0,0.0,0.0,0.0,0.0,0.0,0.0,0.0,0.0,0.0,0.0,0.0,0.0,0.0,0.0,0.0,0.0,0.0,0.0,0.0
1/0.8,1e-06,9.876543209876548e-05,0.5,0.9999994815047073,0.999999198689093,0.9999991044172216,0.9999987744656718,0.999998727329736,0.9999977374750862,0.9999975489313435,0.9999959934454653,0.9999942965517801,0.9999928353377733,0.9999896300941455,0.9999868490739391,0.9999829367912758,0.9999789773726769,0.9999740752353639,0.9999679475637226,0.9999621969795669,0.999954749501726,0.9999467363926566,0.9999388175554588,0.9999307573104537,0.9999206702202135,0.99990634089576,0.999887675065222,0.9998692449143625,0.9998241358238956,0.9997231706496218,0.9996884786009451,0.9996576045630603,0.9996026440620317,0.9995173751543466,0.9994349815387394,0.9993001256266958,0.9991214804303851,0.9989641878129473,0.9987615504253641,0.9985261064265323,0.9981957306531966,0.9978450392915733,0.9974252937841465,0.9968699853256405,0.9962397778653039,0.9954667013838545,0.9945432141315798,0.993428920611583,0.9920837081425821,0.9904602993810675,0.9885128781975369,0.986162256220011,0.9833250971141684,0.979908401678869,0.9758017775526985,0.9708369494452006,0.9648493186689038,0.9576136697230235,0.9488725461267553,0.9382951950192776,0.9254483428796173,0.9097864855238943,0.8906008398869567,0.866884063886916,0.8371542979771708,0.799009353466537,0.7479719763664189,0.6727951081948841,0.5713842636490115,0.4891715086271018,0.40849995729484223,0.3200690767710527,0.22940513129337803,0.1725230395740118,0.13172523746613046,0.10382024503521903,0.08713987438084592,0.06672020994722849,0.04023928840574764,0.0,0.0,0.0,0.0,0.0,0.0,0.0,0.0,0.0,0.0,0.0,0.0,0.0,0.0,0.0,0.0,0.0,0.0,0.0,0.0,0.0,0.0,0.0,0.0
1/0.7,1e-06,3.767781622452902e-05,0.5,0.999998402238295,0.9999979323083817,0.9999975563644511,0.9999970864345379,0.9999964285326594,0.9999959586027461,0.999995206714885,0.9999942668550584,0.9999928570653187,0.999991729233527,0.9999893795839607,0.9999877818222557,0.9999849622427762,0.9999808268595397,0.9999771614062164,0.9999728380510146,0.9999672928780383,0.9999606198732702,0.9999531009946584,0.9999437023963935,0.9999341628191547,0.9999291815620743,0.9999230724732021,0.9999145197487811,0.9999059670243601,0.9998930909447372,0.9998806847950276,0.9998654590658386,0.9998478836870832,0.99981973488528,0.9997753735014698,0.9996547424927404,0.9996132946743924,0.9995715179051051,0.9994902670231054,0.9993821831430595,0.9992312416549258,0.999090121701979,0.9989162946270704,0.9986799198807093,0.9984005465472863,0.9980947631527392,0.9976864410511224,0.9972286823226324,0.9966419278329572,0.9959745333701696,0.9951414416199724,0.9941559046059194,0.9929590401098809,0.9915195038066438,0.989780058232775,0.9876922066212279,0.9851730063423151,0.9821379170046441,0.9784839769642236,0.9740721339597248,0.9687584014657302,0.9623408975915105,0.954593163111874,0.9452342269316927,0.9338910586858344,0.9201395466275973,0.9033733401899241,0.8828275814460204,0.8574057359363253,0.8254708498010481,0.7841840294412971,0.727445067660274,0.62417350489096,0.492654971959517,0.3545412546536572,0.2666361650824311,0.20393990179122715,0.15797417725728133,0.12251157425628069,0.10069385621620235,0.07748335989925455,0.04386682956943753,0.0005602504425682441,0.0,0.0,0.0,0.0,0.0,0.0,0.0,0.0,0.0,0.0,0.0,0.0,0.0,0.0,0.0,0.0,0.0,0.0,0.0,0.0,0.0
1/0.6,1e-06,1.7578124999999995e-05,0.5,0.9999994394914431,0.9999994394914431,0.9999993460733503,0.9999990658190718,0.999998972400979,0.9999988789828862,0.9999983184743293,0.9999981316381437,0.9999976645476797,0.9999971974572156,0.9999964501124731,0.9999962632762874,0.9999956093496377,0.9999941146601526,0.9999927133887605,0.9999910318630898,0.9999892569193264,0.9999872017212844,0.9999843057604072,0.9999804756186018,0.9999752442054042,0.9999704798826706,0.9999640340342664,0.9999568408411197,0.9999468451051885,0.9999327389731736,0.9999211551296645,0.9999051339267468,0.9998790702788516,0.9998447858387887,0.9997977031200102,0.9997624377899726,0.9997307690565086,0.9996910663670624,0.9996481874624605,0.9995763956581326,0.9994387440983704,0.9993629820250978,0.999247050171915,0.9990721715021662,0.9988581506515282,0.9986489875417164,0.9983593914539914,0.9980205640313532,0.9976306836209917,0.9971504679148787,0.9965527789570514,0.9958547589675414,0.9950059621762286,0.9939816794975639,0.9927552400660484,0.9912665293389563,0.9894829911109415,0.9873370841008992,0.9847412755558622,0.9816269031776118,0.9778600988391447,0.9733259582862993,0.9678617472013924,0.9612543789147143,0.9532874971233066,0.9436591745511926,0.9320010169493583,0.9178479423427268,0.9006097819299421,0.8794832335308923,0.8533520443545368,0.820576306490563,0.778253192831899,0.7200740394436411,0.5869201871780958,0.41300008047968695,0.31240972017124097,0.23916984198656563,0.1840454135242961,0.14029828116781398,0.11011050472908075,0.08063251895955226,0.0376573937220893,0.006562434184034297,0.0,0.0,0.0,0.0,0.0,0.0,0.0,0.0,0.0,0.0,0.0,0.0,0.0,0.0,0.0,0.0,0.0,0.0,0.0,0.0
1/0.5,1e-06,8.888888888888888e-06,0.5,0.9999995377176408,0.9999994452611689,0.9999993528046971,0.9999991678917535,0.9999988905223379,0.9999987056093942,0.9999981508705632,0.9999977810446758,0.9999971338493729,0.9999963941975982,0.9999956545458235,0.9999944526116896,0.999993065764612,0.9999922336563655,0.9999909392657597,0.9999895524186821,0.9999874259198298,0.9999850220515619,0.9999818785315194,0.9999780878161739,0.9999736499055256,0.9999672704089687,0.9999599663476934,0.9999518301781715,0.9999411052274381,0.9999297330814018,0.9999161419800413,0.9999003319233567,0.9998812858901578,0.9998578481745464,0.9998351963389456,0.9998081990491684,0.9997706617216015,0.9997289176245658,0.9996790835862441,0.9996145489689,0.9995087787651153,0.9994319936652524,0.9993337586639226,0.9992089424269389,0.999001747473546,0.9988274670241281,0.9985597130816801,0.9982802171673084,0.997931378899057,0.997489991702494,0.9969941014157814,0.9963684022426057,0.9956305995973244,0.994727762149809,0.993653926457626,0.9923623095460244,0.9907898561012095,0.9889138218311088,0.9866516431063692,0.9839120191610491,0.980625885010684,0.9766558965663562,0.9718709505509967,0.9661003260893534,0.9591404340304351,0.950723427975322,0.9405681015649137,0.9282490625722749,0.9132748123931058,0.8949890949902877,0.8725749649786442,0.8447986831979455,0.8096945326004062,0.763731970352353,0.697238292826381,0.5438008143658496,0.39598764800027514,0.30164626606910816,0.23057747249061694,0.17425317475877297,0.12585017770827311,0.08991465851595067,0.04807126322953877,0.019151526033361715,0.0,0.0,0.0,0.0,0.0,0.0,0.0,0.0,0.0,0.0,0.0,0.0,0.0,0.0,0.0,0.0,0.0,0.0,0.0,0.0
1/0.4,1e-06,4.53514739229025e-06,0.5,0.999999545567761,0.9999992729084177,0.9999992729084177,0.9999989093626265,0.9999985458168353,0.9999985458168353,0.9999981822710442,0.9999979096117009,0.9999974551794619,0.9999970916336707,0.9999960918827451,0.9999953647911627,0.999993910607998,0.9999933652893114,0.9999920928790422,0.9999898207178475,0.9999880029888917,0.9999850946225625,0.9999827315749199,0.9999791870034561,0.999974460908171,0.9999686441755125,0.9999605552816592,0.9999503759995066,0.9999390151935329,0.9999273817282158,0.9999132034423606,0.9998970710978778,0.9998779395006181,0.9998540363648493,0.9998253162473476,0.9997964598001743,0.9997645586570001,0.999723477982599,0.9996716272641348,0.9996074614319951,0.9995254818560885,0.9994098742944997,0.9993048550040783,0.9991761143507838,0.9990118825396272,0.9987649440609819,0.9985458168353603,0.9982207160116154,0.9978867992024351,0.9974141896739271,0.9969298557936543,0.9962721560142221,0.995529568292554,0.994615977719369,0.9935138432102438,0.9921859922080322,0.990576620433791,0.9886506911618973,0.9863205898566816,0.9835316483197981,0.9801577161617144,0.9760895024289631,0.9711972667173238,0.9652861030395109,0.9581522439795794,0.9495377992419253,0.9391097608818457,0.9264657291517508,0.9110792443028171,0.8923140557572906,0.8692739776967384,0.8406592884745396,0.804364330868296,0.7562101914518479,0.6791717481658319,0.5702017601887457,0.4201962229319141,0.31918738790576767,0.24205042371034743,0.178973956533829,0.12103666354759525,0.0731306895768377,0.04095806858300439,0.016956775450625232,0.0009883901197160834,0.0,0.0,0.0,0.0,0.0,0.0,0.0,0.0,0.0,0.0,0.0,0.0,0.0,0.0,0.0,0.0,0.0,0.0,0.0
1/0.3,1e-06,2.173650525298878e-06,0.5,0.9999994272041712,0.9999993831429537,0.9999991628368656,0.9999990747144304,0.9999990747144304,0.9999986341022544,0.9999982816125137,0.9999976647554673,0.9999972241432913,0.9999964751025922,0.9999960344904162,0.9999953735721522,0.999993963613189,0.9999923774093555,0.9999906590218691,0.9999882797161188,0.9999862529001093,0.9999828161251367,0.9999798640235575,0.9999749291671866,0.9999693774537692,0.9999624598426062,0.9999552778641377,0.9999469943552293,0.9999360231120473,0.999922892869203,0.9999076476879141,0.9998882166909532,0.9998673757350293,0.9998419524124751,0.9998130923149482,0.9997780636469575,0.9997386729184247,0.9996839048249501,0.9996205447940437,0.9995372690927831,0.9994284378853153,0.9993025990478547,0.9991728387620278,0.9990096800732615,0.9987685330293462,0.9985627230819447,0.9982765014124264,0.9979074005926057,0.9974802711492082,0.9969562070270944,0.9963430951842147,0.9955976675048873,0.9946784183221348,0.993613106203044,0.9922988041433054,0.9907253340016539,0.9888286307677016,0.9865361696772815,0.9837774087210192,0.9804574400362077,0.9764502485405162,0.9716271314173401,0.9658129012655087,0.9587917021800081,0.9503239292595389,0.9400748934952248,0.9276298025845958,0.9125451803725253,0.8941764112455507,0.8716254835278019,0.8436722099203303,0.8082634258054919,0.7607939408423517,0.6897669937066482,0.6066062041014296,0.4955558093481689,0.3636843743412848,0.2748799155575577,0.202055711356021,0.1330050860744698,0.07542104018312547,0.04441635101210379,0.022365121563136903,0.005464780635059617,5.9218276452063865e-05,0.0,0.0,0.0,0.0,0.0,0.0,0.0,0.0,0.0,0.0,0.0,0.0,0.0,0.0,0.0,0.0,0.0,0.0,0.0
1/0.2,1e-06,8.680555555555545e-07,0.5,0.9999992566971893,0.999999091518787,0.9999987611619822,0.9999985959835798,0.9999984308051774,0.9999981004483727,0.9999974397347632,0.999996944199556,0.9999966138427512,0.9999955401831357,0.9999947142911239,0.9999933102747036,0.9999920714366858,0.999990419652662,0.9999881071550287,0.99998542300599,0.9999818303757383,0.9999782790400872,0.9999737366340218,0.9999684509251456,0.9999616786106481,0.9999536674581327,0.9999426830943745,0.999930212124995,0.9999143549983666,0.9998958550173002,0.9998739688789849,0.9998472099777996,0.9998140091189215,0.999775852907972,0.9997340214775695,0.9996903317901403,0.9996300829678727,0.9995466678746714,0.9994536724341321,0.999342837726136,0.9992065655441734,0.9990107465481534,0.9988254989698856,0.9986172915936871,0.998300231650321,0.9979767297492621,0.9975402458209761,0.9970298445576256,0.9964501509544772,0.9956968548504287,0.9948414784937101,0.9937745498981448,0.992516633774829,0.9909800203920996,0.9891281227338298,0.9869058950974265,0.9842288487300733,0.9810000652041744,0.9771002444186114,0.9724124813591011,0.9667520652771832,0.9599212776252103,0.9516709054885933,0.9416908677114668,0.9295787484110354,0.9148770447073102,0.8969914860031332,0.8750456356954822,0.8478187015069762,0.8130351031772437,0.7655137310534694,0.7034889931926264,0.6330179403153445,0.5466243088677554,0.41401603163761047,0.3122050197633894,0.23037150976487225,0.1523631186194422,0.08228700730224811,0.04973083972859371,0.027806792970056747,0.012112201889632664,0.0030244165475558325,0.00038164469869621795,0.0,0.0,0.0,0.0,0.0,0.0,0.0,0.0,0.0,0.0,0.0,0.0,0.0,0.0,0.0,0.0,0.0,0.0,0.0,0.0
0.2,3e-06,2.604166666666667e-06,0.5,0.9999990089295857,0.999998678572781,0.9999984308051774,0.9999982656267751,0.9999978526807691,0.9999975223239643,0.9999970267887571,0.999996035718343,0.9999953750047333,0.9999940535775144,0.9999931450963013,0.9999918236690822,0.9999900892958573,0.9999880245658276,0.9999857120681942,0.9999827388569514,0.9999787745752943,0.9999740669908266,0.9999683683359445,0.9999609353078374,0.9999533371013279,0.999944169699996,0.9999329375686342,0.9999193103504379,0.9999027925102001,0.9998829711019146,0.9998617869718095,0.999836266908642,0.9998075258666281,0.9997747379537559,0.9997371598672148,0.9996922313417677,0.9996276878810382,0.9995540183135773,0.9994599492134225,0.9993451502237692,0.9991710934822626,0.9990229284553288,0.9988349967280223,0.9986034579024878,0.9982993231691079,0.997969503194158,0.9975403284101773,0.9970366168721231,0.9964529589873177,0.995699167348062,0.9948435845183404,0.9937762016821686,0.9925116784227577,0.9909810940517151,0.9891291138042441,0.9869068035786397,0.9842283531948662,0.9810017169881982,0.9771020613810376,0.9724120684130951,0.96675045478776,0.9599223925794264,0.9516730528078243,0.9416907025330645,0.9295811434978699,0.9148786551967335,0.896989669040707,0.8750482372553197,0.8478201881125976,0.8130392739319038,0.765516126140304,0.7034822621727295,0.6330088967978144,0.5466205097645006,0.41400686423627847,0.3121960175404597,0.23036696735880685,0.15235865880257798,0.08227990463094582,0.049729435712173496,0.027806049667246042,0.012111706354425529,0.0030244165475558325,0.00038164469869621795,0.0,0.0,0.0,0.0,0.0,0.0,0.0,0.0,0.0,0.0,0.0,0.0,0.0,0.0,0.0,0.0,0.0,0.0,0.0,0.0
0.3,3e-06,6.520951575896631e-06,0.5,0.9999990306532128,0.9999988103471249,0.9999986341022544,0.9999984137961665,0.9999980613064257,0.9999979731839905,0.9999976647554673,0.9999974444493793,0.9999970919596385,0.9999967835311153,0.9999956379394578,0.999994404225365,0.9999925536542259,0.9999909233891747,0.9999896015526468,0.99998770692029,0.9999842701453174,0.9999813180437384,0.9999777490851128,0.9999741360652699,0.999969289331334,0.9999637376179167,0.9999574809250177,0.9999489771100212,0.9999395920706727,0.9999268143175692,0.9999114810138451,0.9998955308530745,0.999873764611581,0.999851161206953,0.9998206267831575,0.9997833509930694,0.9997358530004984,0.9996806883560654,0.9996169758354183,0.9995281484207402,0.9994193612744902,0.9993122043932912,0.9991799326180612,0.9990111781546598,0.9987772571504306,0.9985684069790148,0.9982665435772492,0.9979188124479637,0.9974816811081714,0.9969601284754607,0.9963457388572705,0.995596830341753,0.9946833972397233,0.9936133705703496,0.9922947505112863,0.9907235274917323,0.9888275292372616,0.9865368746567631,0.9837766156191025,0.9804566028730733,0.9764519669280025,0.9716275279682984,0.9658117997350687,0.95879258340436,0.9503231802188398,0.9400761712705352,0.927629229788767,0.9125443872706085,0.8941756181436339,0.8716271578540706,0.8436719896142423,0.8082640426625383,0.7607971573112364,0.6897564630756422,0.6066017979796698,0.4955299894746563,0.36367807358716825,0.274877360006937,0.2020531117441827,0.13300658415586813,0.07541822026519918,0.04441419201244148,0.02236349129808577,0.005463987533142848,5.9218276452063865e-05,0.0,0.0,0.0,0.0,0.0,0.0,0.0,0.0,0.0,0.0,0.0,0.0,0.0,0.0,0.0,0.0,0.0,0.0,0.0
0.4,3e-06,1.3605442176870747e-05,0.5,0.999999545567761,0.999999545567761,0.9999994546813132,0.9999993637948654,0.9999993637948654,0.9999988184761788,0.999998273157492,0.9999979096117009,0.9999975460659096,0.9999970461904468,0.9999961827691928,0.9999950921318194,0.9999925473112812,0.9999906386958777,0.9999888209669219,0.9999858217141447,0.9999825498020243,0.9999792778899039,0.9999753697726489,0.9999716434282895,0.9999662811278699,0.9999599190765246,0.9999525572742536,0.9999443774939525,0.9999338346660089,0.9999225647464829,0.9999072503800304,0.999892254116145,0.9998749856910649,0.9998545362403122,0.9998296333536176,0.9998000952580859,0.9997652857485824,0.9997225691181211,0.9996730360040755,0.9996095518202942,0.9995104855922031,0.9994124645582616,0.9993090357806766,0.999186384519384,0.9989707564220023,0.9987742599218804,0.9985307751282511,0.9982342580923361,0.9978911163087051,0.9974189612124361,0.9969321279548491,0.9962698838530274,0.9955249330837167,0.9946162503787125,0.993513752323796,0.9921829020688073,0.9905765749905672,0.9886484190007025,0.9863199082083232,0.9835297397043945,0.9801598974364614,0.9760910020553516,0.9711966759554131,0.9652873300065561,0.9581536527195202,0.949537890128373,0.9391079885961139,0.9264670015620199,0.9110775174603091,0.8923132377792605,0.8692727507296932,0.8406579706210466,0.8043564691905621,0.7562100096789522,0.6791598420411715,0.570189990393757,0.4201980406608699,0.31918838765669333,0.2420507872561386,0.1789757742627848,0.12104093521064138,0.07312469107128355,0.04095588730825743,0.016954594175878274,0.0009864815043124939,0.0,0.0,0.0,0.0,0.0,0.0,0.0,0.0,0.0,0.0,0.0,0.0,0.0,0.0,0.0,0.0,0.0,0.0,0.0
0.5,3e-06,2.6666666666666667e-05,0.5,0.9999994452611689,0.9999994452611689,0.9999993528046971,0.9999989829788097,0.9999986131529224,0.999998243327035,0.9999978735011477,0.9999972263058448,0.9999969489364293,0.9999962092846546,0.9999952847199362,0.9999946375246332,0.999993065764612,0.9999914940045908,0.9999898297880976,0.9999876108327734,0.9999848371386183,0.9999822483574068,0.999978642555005,0.9999747593831877,0.9999698591901802,0.9999644504865776,0.9999589030982672,0.99995150658052,0.9999431854980545,0.9999338473943986,0.9999203487495101,0.9999049085187128,0.9998876191584788,0.9998666315393712,0.9998421305743336,0.9998117123950984,0.9997776884134613,0.9997342338716966,0.9996804242050858,0.9995877828203024,0.9995187178358381,0.9994410543994927,0.9993491526664839,0.9991556412709233,0.9990191755184878,0.9988154014545529,0.9985537958674823,0.9982881221956508,0.9979272645860601,0.9974986826108468,0.9969781989026248,0.9963708523391095,0.9956307382820321,0.994735297352264,0.9936499508293368,0.9923545432023898,0.9907932307624316,0.9889145152546476,0.9866510883675381,0.9839122503022286,0.980626532205987,0.9766529379592573,0.9718709043227607,0.9661011581975999,0.9591375678798081,0.9507237053447376,0.9405665298048923,0.9282468436169508,0.9132745812519263,0.8949874770020305,0.8725737630445103,0.8447982209155863,0.8096924523297898,0.7637355299265188,0.6972357502734053,0.5437748803254986,0.39598857256499354,0.3016494095891507,0.2305778423165043,0.17425456160585057,0.12585027016474495,0.08992815716083927,0.04806516110239734,0.019148105143903645,0.0,0.0,0.0,0.0,0.0,0.0,0.0,0.0,0.0,0.0,0.0,0.0,0.0,0.0,0.0,0.0,0.0,0.0,0.0,0.0
0.6,3e-06,5.273437499999999e-05,0.5,0.9999991592371646,0.9999991592371646,0.999998972400979,0.9999987855647934,0.9999981316381437,0.999997944801958,0.9999975711295869,0.9999971974572156,0.9999964501124731,0.9999955159315449,0.9999945817506167,0.9999933673154102,0.9999916857897395,0.9999900042640688,0.9999885095745839,0.9999863609584491,0.9999836518337575,0.9999796348557665,0.9999759915501467,0.9999710403912275,0.9999649682151945,0.9999570276773053,0.9999470319413741,0.9999344204988442,0.9999198472763652,0.9999020044206376,0.9998866371443695,0.9998688877067349,0.9998545947385342,0.9998387136627558,0.9998193761175431,0.9997960683033859,0.9997523486359488,0.999705359335263,0.9996160049294859,0.999535385115387,0.9994703194137416,0.9993770414480664,0.9992423792672742,0.9990593265144042,0.9988645964999323,0.998652257174965,0.9983665846471381,0.9980191627599609,0.997619473449854,0.9971578479442111,0.9965562354264856,0.9958555530213303,0.9950064759757391,0.9939817729156567,0.9927575288093224,0.9912709199893186,0.9894852798542154,0.9873369906828063,0.98473987428447,0.98162601570573,0.9778579035139636,0.9733215209268906,0.9678588045314688,0.9612537716971111,0.9532857688885895,0.9436578666978932,0.9320003163136623,0.9178506514674184,0.900609314839478,0.8794824861861499,0.8533504562469589,0.8205704211507157,0.778242076078854,0.7200668462504943,0.5869118729678353,0.4130033034038891,0.31241270955021105,0.23917320503790696,0.18404550694238891,0.14029753382307145,0.1101139611985149,0.08064559749254628,0.03764543620620904,0.006555521245166023,0.0,0.0,0.0,0.0,0.0,0.0,0.0,0.0,0.0,0.0,0.0,0.0,0.0,0.0,0.0,0.0,0.0,0.0,0.0,0.0
0.7,3e-06,0.0001130334486735,0.5,0.9999993420981215,0.9999993420981215,0.9999992481121388,0.9999990601401735,0.9999987781822256,0.9999985902102603,0.9999983082523123,0.9999980262943644,0.9999978383223991,0.9999972744065032,0.9999968044765899,0.999996240560694,0.9999955826588155,0.999994642798989,0.9999933269952319,0.9999922931494228,0.999991165317631,0.9999890976260127,0.999986372032516,0.9999838344109845,0.9999805449015917,0.999975939588442,0.9999716162332402,0.9999656011303506,0.9999576123218255,0.99994783777963,0.9999260800246469,0.9998370283060873,0.9997952985297913,0.9997704862303721,0.9997426663795081,0.9997144705847136,0.9996510300464257,0.9995673825218685,0.9994918177918191,0.9993459515467484,0.9992402173162688,0.9990915314917187,0.9989160596621138,0.9986575982098302,0.998403554098731,0.9980985695850364,0.9976732830135515,0.9972277894557972,0.9966313544099092,0.995977211970675,0.9951473627368793,0.994152662089518,0.992957160390228,0.9915172011500689,0.9897814680225148,0.9876893400487571,0.9851713615876188,0.9821353323901213,0.9784869845156684,0.9740711940998984,0.9687588713956434,0.962338359969979,0.9545918003151256,0.9452322532260571,0.9338921865176262,0.920138042851875,0.9033733401899241,0.8828238220067145,0.8574091664246919,0.8254673723196901,0.7841793301421646,0.727442905982673,0.624197847260466,0.4926389943424668,0.35454990136406084,0.2666458456386439,0.20394460109035958,0.15797962844427493,0.12251439383576015,0.10070936390333936,0.07748476968899427,0.04396673666899298,0.0004784826376639709,0.0,0.0,0.0,0.0,0.0,0.0,0.0,0.0,0.0,0.0,0.0,0.0,0.0,0.0,0.0,0.0,0.0,0.0,0.0,0.0,0.0
0.8,3e-06,0.0002962962962962,0.5,0.9999994343687716,0.9999993872328359,0.9999993400969002,0.999999198689093,0.999999198689093,0.9999991515531573,0.9999990572812859,0.9999989158734789,0.9999983031063148,0.9999981145625719,0.9999978317469577,0.9999959463095296,0.9999934952408731,0.999991138444088,0.9999888759191743,0.9999869433458105,0.9999848693646396,0.9999820412084975,0.9999545138220475,0.9999263265324977,0.9998892305511001,0.9998724972939259,0.9998637300098854,0.9998432730137906,0.9998186209194185,0.9997968441171241,0.9997749730429584,0.9997407523536387,0.9996644864096728,0.999596893477876,0.9995187892324177,0.9993971313823706,0.9992959305284184,0.9991646098115524,0.9989684300471604,0.9987683851360409,0.9985151237535137,0.9982217968256398,0.9978433895338237,0.9974285932996456,0.9968695611022191,0.9962418989824106,0.9954583583232353,0.9945432612675155,0.9934208603665781,0.9920831896472894,0.9904643530715378,0.9885120297506943,0.9861628218512394,0.9833252856579111,0.9799093915335186,0.9758009762417915,0.9708373265326862,0.9648488944454825,0.9576144710339305,0.948879239429625,0.9382961377379917,0.9254413667611334,0.9097860141645372,0.8905982945464288,0.8668855722368585,0.8371527424912926,0.7989984179294541,0.7479649531119993,0.6727302962832937,0.5713982158859793,0.48916627653823885,0.4084919913217086,0.3199397357634862,0.2294302547471072,0.1725364733156869,0.13173013960344349,0.1038174640150126,0.0871415241385955,0.06672680897822678,0.04024357777589653,0.0,0.0,0.0,0.0,0.0,0.0,0.0,0.0,0.0,0.0,0.0,0.0,0.0,0.0,0.0,0.0,0.0,0.0,0.0,0.0,0.0,0.0,0.0,0.0
0.9,3e-06,0.0013462603878116,0.5,0.9999890926625066,0.9999875816893473,0.9999850791400523,0.9999817738862664,0.9999784686324805,0.999975021724961,0.9999703471517495,0.9999652003994257,0.9999599592112796,0.999952357127572,0.9999424885841256,0.9999314868108097,0.9999183602314886,0.9999004646431336,0.99988762137128,0.9998708117948831,0.9998505553109668,0.9998234994478338,0.9997962074951445,0.9997647603662675,0.9997067295533696,0.9996300004476258,0.9995654063450674,0.9994673819613603,0.9993854116674703,0.9992737885253299,0.9991341179439206,0.9989254147762976,0.9986942358829306,0.9984328847442895,0.9981347036348914,0.9977387814492537,0.9972884642298825,0.9967207632832011,0.9960601374872252,0.9952505863992396,0.9942808249384609,0.9930998577607643,0.9916879477792566,0.9899912193572282,0.9879407815621989,0.9854718042020542,0.9824946204633739,0.9789158805356627,0.9745937418135946,0.9693721963184762,0.9630786625847727,0.9554722348294045,0.9462649782297099,0.9351050721291368,0.9215309614454422,0.9049320241506394,0.8845126856584661,0.8591172403737316,0.827060008865635,0.7856270944684972,0.7302718845102776,0.6492997772636692,0.5710280151422176,0.5065085641014309,0.44737677116745905,0.3929045361491829,0.3423703693630549,0.2947340130068347,0.24747270851948994,0.19793403695575928,0.13804463263615144,0.09513870828037845,0.07693592019493065,0.05846276234979746,0.036777889400919916,0.010305261907365635,0.0,0.0,0.0,0.0,0.0,0.0,0.0,0.0,0.0,0.0,0.0,0.0,0.0,0.0,0.0,0.0,0.0,0.0,0.0,0.0,0.0,0.0,0.0,0.0,0.0,0.0,0.0,0.0
1.0,3e-06,0.0013462603878116,0.5,0.999994381068564,0.999993531146162,0.9999928700954047,0.9999916424297128,0.9999887149192168,0.9999853624475197,0.9999826710265797,0.9999790824653265,0.9999757772115406,0.999970866548773,0.9999657670143605,0.9999589204172326,0.9999485324767626,0.9999389472407836,0.9999272844167105,0.9999142522732118,0.9998967816460579,0.9998754391501834,0.9998460696094003,0.9998131587252751,0.9997774147664763,0.9997354380433955,0.9996800042156151,0.9996189042384874,0.9995408530312294,0.9994492030655379,0.9993344635412564,0.9991985703927454,0.9990359519064799,0.9988331037598489,0.9985965892425133,0.998306057434734,0.9979571642886782,0.9975466517684713,0.997044914243774,0.9964381168665968,0.9957104888545898,0.9948284582728708,0.9937719575091682,0.9924947602283911,0.9909535676059442,0.98909998128282,0.9868556195263817,0.9841562659773607,0.9809034712908489,0.9769596424735311,0.9721895474276532,0.9664196603294564,0.9593789503684981,0.9507729194324558,0.9401988459564753,0.9270719361100109,0.9105859912767742,0.8895328939801129,0.8620728927448924,0.8254984653234493,0.7757171881318347,0.704392644507112,0.6225953098259907,0.554828824683862,0.4897239659796838,0.4306999243191319,0.37821952966805245,0.33102957144457157,0.2890460962025278,0.25225338037748263,0.22041906462828834,0.19305774882753204,0.16932045493135367,0.1484968839011665,0.1298340044887235,0.11241205900123541,0.09277535738764829,0.07073205327464714,0.055150095351849934,0.03426207187283801,0.015007882558100222,0.008821675136615583,0.003512257108703753,0.0,0.0,0.0,0.0,0.0,0.0,0.0,0.0,0.0,0.0,0.0,0.0,0.0,0.0,0.0,0.0,0.0,0.0,0.0,0.0,0.0
1/0.9,3e-06,0.0013462603878116,0.5,0.9999935783640731,0.9999922562625588,0.9999907452893996,0.9999889037908617,0.9999862123699217,0.999982529372846,0.9999785158503918,0.9999745495458486,0.9999692139218801,0.9999635005546216,0.9999562762142039,0.9999468798498697,0.9999352642437079,0.9999211933061622,0.9998978676580161,0.9998761002009405,0.9998509802721678,0.9998216107313846,0.9997872833099227,0.9997418124614111,0.9997008273144662,0.9996467155882002,0.9995657840883572,0.9994943906065821,0.9993683187836062,0.9993020720541548,0.999141058976871,0.9989098328655927,0.9986953218948887,0.998443603210138,0.9981466025485206,0.9977462418792276,0.9972886058836161,0.9967229353071175,0.996063631612656,0.9952513891037303,0.9942710036129256,0.993099385581652,0.9916847841792045,0.9899798870585338,0.9879440868159848,0.9854739762259705,0.9825037807381519,0.9789187608282475,0.9745836843985033,0.9693809788499643,0.9630803624295768,0.9554693073189084,0.9462644116147751,0.9351016252216172,0.9215213289915519,0.9049266885266708,0.8845051307926698,0.8591158238363948,0.827062086453729,0.7856317690417087,0.7302859554478232,0.6492486874837217,0.5710061060314082,0.5064914712175668,0.44735037635508323,0.39286940602323006,0.34234671318953025,0.2947163535080358,0.2474348869725972,0.19797450270568076,0.13775480909704055,0.09505418821928224,0.07693573132328574,0.05846611482149457,0.03677623677402698,0.010674222665692845,0.0,0.0,0.0,0.0,0.0,0.0,0.0,0.0,0.0,0.0,0.0,0.0,0.0,0.0,0.0,0.0,0.0,0.0,0.0,0.0,0.0,0.0,0.0,0.0,0.0,0.0,0.0,0.0
1/0.8,3e-06,0.0002962962962962,0.5,0.999998727329736,0.9999985387859932,0.9999983502422505,0.9999982559703791,0.9999979731547648,0.9999970304360508,0.9999961819892081,0.9999955220861083,0.9999943436877158,0.9999933066971303,0.9999918926190593,0.9999902899972454,0.9999883574238816,0.9999861891708393,0.9999834552865686,0.9999799672273266,0.9999757721290491,0.9999707757198647,0.9999637996013808,0.9999561635797971,0.9999395245944943,0.9999179834718784,0.9998884763761289,0.9998536900555808,0.9998366268468567,0.9998182438319329,0.9997975982920954,0.9997665828464034,0.999668398692336,0.9995744096365461,0.9995243041368949,0.9994165985238156,0.9993052163077517,0.9991585292758468,0.9989726251454379,0.9987768224685316,0.9985310556997811,0.9982113797838497,0.9978497528851434,0.9974064865458013,0.9968777156190957,0.9962426531573818,0.995476741338159,0.9945416115097659,0.9934268466304123,0.9920814456176683,0.9904636460325023,0.9885047708165962,0.986163670298082,0.9833277367265676,0.9799111355631396,0.9758013061933414,0.9708369965811363,0.9648538437187312,0.9576160736557444,0.9488803706920819,0.9382926968146854,0.9254402826346122,0.9097846943583375,0.8905970218761649,0.8668893431117146,0.8371568433176987,0.7990075151650446,0.7479758886490822,0.6728047239257673,0.5713851120958541,0.48916703071321005,0.4084996273432923,0.32007091507254504,0.2293999463404508,0.17251441369777834,0.13172203222250273,0.10381680411191278,0.08714119418704558,0.06671601484895101,0.04022835286866477,0.0,0.0,0.0,0.0,0.0,0.0,0.0,0.0,0.0,0.0,0.0,0.0,0.0,0.0,0.0,0.0,0.0,0.0,0.0,0.0,0.0,0.0,0.0,0.0
1/0.7,3e-06,0.0001130334486735,0.5,0.9999991541261561,0.9999987781822256,0.9999986841962429,0.9999985902102603,0.9999982142663296,0.9999978383223991,0.9999973683924859,0.9999969924485552,0.9999961465747114,0.9999956766447982,0.9999950187429196,0.9999937969251452,0.9999925751073707,0.9999908833596831,0.9999889096540475,0.9999868419624292,0.9999841163689324,0.999981014831505,0.9999774433641644,0.9999731200089625,0.9999683267238474,0.9999617477050621,0.9999533829526063,0.9999414467328099,0.9999267849195167,0.9999054501014555,0.9998712861967628,0.9998452050865778,0.9998174792216964,0.9997843961558042,0.9997500912721374,0.9997161623324012,0.9996332666957052,0.9995409724607442,0.9994859906608948,0.9993855196454435,0.9992591084987812,0.9990754598886858,0.9988890856850937,0.9986817526073709,0.9983978209537895,0.9980962199354702,0.9976921741960639,0.9972277894557972,0.9966505275503695,0.9959734525313692,0.9951404547671546,0.994154823767119,0.9929580062640717,0.9915206786314269,0.9897814680225148,0.9876939453619069,0.9851730533353064,0.9821304451190236,0.9784829431184144,0.9740705361980199,0.968756051816164,0.9623388298998923,0.9545949958385357,0.9452313133662307,0.93388983686806,0.9201361161392306,0.9033753138955597,0.8828280513759337,0.8574125499200673,0.8254711787519874,0.7841813978337828,0.7274483571696666,0.6241656100684175,0.4926482049687663,0.35453523955076766,0.2666331575309864,0.20393680025379976,0.1579712636918192,0.12250649901321767,0.1006941381741503,0.07748044633379243,0.043824065947332416,0.0005819612045600683,0.0,0.0,0.0,0.0,0.0,0.0,0.0,0.0,0.0,0.0,0.0,0.0,0.0,0.0,0.0,0.0,0.0,0.0,0.0,0.0,0.0
1/0.6,3e-06,5.273437499999999e-05,0.5,0.9999995329095359,0.9999995329095359,0.9999991592371646,0.9999985987286077,0.9999981316381437,0.999997944801958,0.9999971974572156,0.9999968237848443,0.9999961698581946,0.9999953290953593,0.9999945817506167,0.9999933673154102,0.9999926199706677,0.9999912186992754,0.9999896305916975,0.9999883227383982,0.9999862675403562,0.9999840255061287,0.9999813163814371,0.9999786072567455,0.9999750573692185,0.999970059501253,0.9999623057995494,0.9999530574083607,0.999943341926708,0.9999311975746421,0.999915129662678,0.9998970999707648,0.9998766414084385,0.9998516053595642,0.9998219918241419,0.9997783655747976,0.9997213338291343,0.9996852744453079,0.9996313254967075,0.9995666801764799,0.9994697589051847,0.9993471476583657,0.9992466297904973,0.9990658657809012,0.9988588045781779,0.9986495947593197,0.9983809243243852,0.9980248612636227,0.9976336729999619,0.9971427609222215,0.9965538532651188,0.9958522833880817,0.9950056352129037,0.9939799045538004,0.9927550999389092,0.9912678371922556,0.9894848127637514,0.9873383919541986,0.9847415091010943,0.9816269498866582,0.9778589311129846,0.9733276398119699,0.9678595518762113,0.9612526039709509,0.9532851616709862,0.9436572127712435,0.9320006899860336,0.9178493903231654,0.9006104358565918,0.8794784692081589,0.8533518108093048,0.82057504534631,0.7782516981424139,0.7200712369008566,0.5869023443223683,0.4130003607339654,0.31240757155510623,0.2391683472970806,0.1840402755291913,0.14029547862502953,0.1101089166215029,0.08062803489109716,0.03765748714018211,0.006562153929755853,0.0,0.0,0.0,0.0,0.0,0.0,0.0,0.0,0.0,0.0,0.0,0.0,0.0,0.0,0.0,0.0,0.0,0.0,0.0,0.0
1/0.5,3e-06,2.6666666666666667e-05,0.5,0.9999995377176408,0.9999993528046971,0.9999991678917535,0.9999991678917535,0.9999989829788097,0.9999987980658661,0.9999987056093942,0.9999986131529224,0.9999979659576195,0.9999971338493729,0.999996579110542,0.9999955620893517,0.9999945450681614,0.9999931582210838,0.9999920487434217,0.9999902920704569,0.9999880731151327,0.9999859466162804,0.9999833578350689,0.9999803067714982,0.9999758688608498,0.9999710611243141,0.9999652363665883,0.999957839848841,0.9999484092887134,0.9999368522297334,0.9999230762154293,0.9999089303752379,0.9998901617114544,0.9998640889863956,0.9998328386989137,0.9997988147172766,0.9997625717803155,0.9997222607585934,0.9996714096990814,0.999612792295935,0.9995403988784846,0.9994222395074733,0.9993245130167386,0.9992096820787136,0.9989889884804322,0.9988060171226613,0.9985646132746876,0.9982742999531107,0.9979327657461345,0.997488235029529,0.997000619597046,0.9963704362849861,0.9956256994043168,0.9947235091521044,0.9936517537305377,0.9923618934919011,0.9907978998142596,0.9889135444616932,0.986651227052246,0.9839116493351617,0.9806235273706522,0.9766552031428174,0.9718735393322082,0.9660951022986944,0.9591394170092449,0.9507285130812733,0.9405644957625119,0.9282480917793207,0.913274719936634,0.8949892336749954,0.8725737168162744,0.8447957245908466,0.8096949948827654,0.7637340043947335,0.6972357502734053,0.5438044201682514,0.39598552150142285,0.3016458962432208,0.2305769177517859,0.1742525275634701,0.1258471266447024,0.08991114517002075,0.04807006129540485,0.019151248663946196,0.0,0.0,0.0,0.0,0.0,0.0,0.0,0.0,0.0,0.0,0.0,0.0,0.0,0.0,0.0,0.0,0.0,0.0,0.0,0.0
1/0.4,3e-06,1.3605442176870747e-05,0.5,0.999999545567761,0.999999545567761,0.9999994546813132,0.9999993637948654,0.9999988184761788,0.9999986367032832,0.9999980913845964,0.9999974551794619,0.9999972734065663,0.9999967280878795,0.9999962736556406,0.9999958192234016,0.9999949103589237,0.9999942741537893,0.9999927290841768,0.9999910022416688,0.9999895480585042,0.999987457670205,0.9999847310767713,0.9999810047324119,0.9999770966151569,0.9999720978605284,0.999966644673661,0.9999602826223157,0.9999512848639845,0.9999410146953843,0.9999286541384849,0.9999126581236738,0.9998885732150095,0.9998654880572708,0.9998371314855603,0.9998035943863258,0.9997656038511497,0.9997209786052847,0.9996670829417453,0.9996023717909188,0.9995262089476709,0.9994241434668026,0.9992948120515975,0.999165207977049,0.9990035209864306,0.9987614903759658,0.9985409089671796,0.9982206251251676,0.9978828001987323,0.9974210970439592,0.9969268565408772,0.9962716561387592,0.9955321131130921,0.9946153415142346,0.9935130706754376,0.9921862194241516,0.9905762568879999,0.9886535540850028,0.9863177723768001,0.983534284026784,0.9801584886965207,0.9760872302677683,0.9711939039187555,0.965286921017541,0.9581508806828626,0.9495388898792987,0.9391126238049511,0.9264677286536023,0.9110826979878331,0.8923161007023659,0.8692741594696339,0.8406596065771068,0.8043590594543242,0.7562083282796681,0.6791776103417144,0.5702057137492246,0.42019176949597237,0.319184661312334,0.2420460611608535,0.17897286589645553,0.1210353911373262,0.07312923539367305,0.04095825035589997,0.016955957472595123,0.0009872085958948136,0.0,0.0,0.0,0.0,0.0,0.0,0.0,0.0,0.0,0.0,0.0,0.0,0.0,0.0,0.0,0.0,0.0,0.0,0.0
1/0.3,3e-06,6.52095157589663e-06,0.5,0.9999992068980832,0.9999991187756481,0.9999989425307776,0.9999988544083425,0.9999986781634721,0.9999984578573841,0.9999980172452081,0.9999973122657265,0.9999970038372034,0.9999964751025922,0.9999956820006753,0.9999944482865826,0.9999928180215315,0.9999918486747443,0.9999906590218691,0.9999889406343828,0.999987178185679,0.999984534512623,0.9999803046357336,0.9999751935344922,0.9999702146169036,0.9999642222913102,0.999956996251624,0.9999482721305396,0.9999393277033672,0.9999272989909629,0.999909630442706,0.9998904638130507,0.9998685653879044,0.999842172718563,0.9998093471114523,0.9997755521575544,0.9997392897754711,0.9996909105585482,0.9996202804267382,0.9995396483985334,0.9994364129657006,0.9993052867821282,0.9991668023752168,0.9990042164822793,0.9988136076549492,0.9985540430220778,0.9982839477582005,0.9978940059824559,0.9974816811081714,0.9969536514764737,0.9963319476961623,0.9955926004648634,0.994683881913117,0.99361244528478,0.9923029458977597,0.9907289470214969,0.9888275732984791,0.9865368305955455,0.9837745888030929,0.9804554572814158,0.9764486623366827,0.9716236946423674,0.9658121522248095,0.9587946102203695,0.9503248104838908,0.9400735716586969,0.9276299788294662,0.9125434619850389,0.8941695817568229,0.8716258800787603,0.8436708880838023,0.8082589315612969,0.7607844236193506,0.6897720166854544,0.6066073056318696,0.4955714070191987,0.3636819509743169,0.27487788874154817,0.20205610790697937,0.13301107840006315,0.07542121642799586,0.044415337604099034,0.022364108155132144,0.005464075655578045,5.9218276452063865e-05,0.0,0.0,0.0,0.0,0.0,0.0,0.0,0.0,0.0,0.0,0.0,0.0,0.0,0.0,0.0,0.0,0.0,0.0,0.0
1/0.2,3e-06,2.604166666666668e-06,0.5,0.9999994218755917,0.9999990089295857,0.999998678572781,0.9999985133943786,0.9999984308051774,0.9999981417429732,0.9999977700915679,0.9999970267887571,0.9999962834859465,0.9999955401831357,0.9999942187559168,0.9999930212124994,0.9999916584906798,0.999990006706656,0.9999884375118335,0.9999855468897919,0.9999834821597621,0.9999800134133122,0.999975553596448,0.9999706808335778,0.9999634129838731,0.9999560625449673,0.9999465647868304,0.9999355804230723,0.9999218706156748,0.9999055179538393,0.9998860269023586,0.9998625715692209,0.99983127026197,0.999792866283417,0.9997454187873337,0.9996835594756428,0.9996167861064812,0.99954518126905,0.9994488822604631,0.9993432919667424,0.9992136682154757,0.9989938157619095,0.9988175704065714,0.9986107670467931,0.9983171624365648,0.9979680578831371,0.997538015912544,0.9970333133040755,0.9964484165812523,0.9957116383174416,0.9948423869749231,0.9937732697655264,0.9925160556504207,0.9909824980681353,0.9891277097878238,0.9869016004589647,0.9842254625728246,0.9809986611877541,0.9771010703106233,0.9724130594835094,0.966750248314757,0.9599221035172222,0.9516700383019809,0.94168830744623,0.9295771792162127,0.9148770447073102,0.896986819713266,0.8750436122600531,0.8478176691419613,0.8130272572031307,0.7655071652119749,0.7034977063533518,0.6330164537097231,0.5466295119874303,0.41401776601083545,0.3122098099370584,0.23037299637049366,0.15236914763112905,0.0822894023890826,0.04972852723096041,0.0278063800240508,0.012111706354425529,0.0030229299419344234,0.00038164469869621795,0.0,0.0,0.0,0.0,0.0,0.0,0.0,0.0,0.0,0.0,0.0,0.0,0.0,0.0,0.0,0.0,0.0,0.0,0.0,0.0
0.2,1e-05,8.680555555555556e-06,0.5,0.9999984308051774,0.9999981830375738,0.9999978526807691,0.9999974397347632,0.9999971919671595,0.9999966964319524,0.999996035718343,0.999995209826331,0.9999943839343192,0.9999937232207096,0.9999924017934906,0.999990832598668,0.9999892634038454,0.9999874464414192,0.9999847622923805,0.9999811696621288,0.9999777835048801,0.9999731585096134,0.9999673772655302,0.9999601920050267,0.9999510246036947,0.9999416094347591,0.9999294688221843,0.9999149331227749,0.9998980849257323,0.9998808650772842,0.9998604655445905,0.9998387445846777,0.9998120682726935,0.9997784544678094,0.9997386464728362,0.9996938005365903,0.9996288854244554,0.9995563721058112,0.9994654826899022,0.9993110408836781,0.9991770399047483,0.9990271405045894,0.998843586004946,0.9985950338039665,0.9983079537406322,0.9979678514101342,0.9975442101026332,0.9970413244565909,0.9964565929121699,0.9957017276132989,0.9948423456803226,0.9937757887361627,0.9925107699415446,0.9909804333381056,0.9891309307666701,0.9869073404084474,0.9842287248462716,0.9810013040421922,0.9770995837050019,0.9724136376079178,0.9667497114849493,0.959920493027799,0.951670740310191,0.9416901244086562,0.9295787484110354,0.9148774163587157,0.8969886779702927,0.8750449749818727,0.8478156870011329,0.813033657866223,0.7655129877506588,0.7034704106223588,0.6330004314046924,0.5466068825463044,0.41398786872000487,0.31218866710155385,0.2303579651358772,0.15235395121811018,0.08226693812635909,0.04972481071690689,0.027802167974790144,0.012109641624395793,0.003022682174330855,0.00038164469869621795,0.0,0.0,0.0,0.0,0.0,0.0,0.0,0.0,0.0,0.0,0.0,0.0,0.0,0.0,0.0,0.0,0.0,0.0,0.0,0.0
0.3,1e-05,2.1736505252988773e-05,0.5,0.9999993831429537,0.9999992509593009,0.9999991628368656,0.9999988544083425,0.9999987662859072,0.9999985900410369,0.9999985019186016,0.9999980613064257,0.9999978410003377,0.9999973563269441,0.9999964751025922,0.9999958141843281,0.9999950210824115,0.9999934348785778,0.9999923333481379,0.9999909233891747,0.9999889846956004,0.9999864291449797,0.9999846226350582,0.9999805690030392,0.9999763391261497,0.9999718889431723,0.9999657644339262,0.9999592874349392,0.9999513564157715,0.999938798968756,0.9999240825220782,0.9999063258513861,0.9998869829768604,0.9998593565934264,0.9998283374962371,0.9997899601757091,0.9997388051020775,0.9996781768666623,0.9996005410012542,0.9995117576477937,0.9994279532119218,0.999322426595774,0.9991861452497425,0.998980996220605,0.998789726475011,0.9985753686513954,0.998254382681192,0.9979224695290243,0.9974824742100881,0.9969636533728686,0.996346355714317,0.995598460606804,0.9946849393823393,0.9936099337953769,0.9922945302051984,0.9907245408997372,0.9888269564414328,0.9865326007186561,0.983777320598584,0.9804563385057677,0.9764508653975627,0.9716295988455256,0.9658113150616752,0.9587884416499057,0.9503216380762238,0.9400727785567801,0.9276277317073687,0.9125408623732006,0.8941726219808372,0.8716218264467412,0.8436668785130009,0.8082585790715561,0.7607902397000735,0.6897422313023579,0.6065890642877839,0.49548694166506285,0.36366789544590306,0.2748698255387277,0.20204623819423737,0.1330148676647766,0.0754077777566284,0.044407098156408156,0.022359261421196337,0.005461299798869354,5.9218276452063865e-05,0.0,0.0,0.0,0.0,0.0,0.0,0.0,0.0,0.0,0.0,0.0,0.0,0.0,0.0,0.0,0.0,0.0,0.0,0.0
0.4,1e-05,4.53514739229025e-05,0.5,0.9999993637948654,0.9999991820219699,0.9999991820219699,0.9999990911355221,0.9999988184761788,0.999998727589731,0.9999983640439398,0.9999980004981486,0.9999976369523574,0.9999973642930141,0.9999967280878795,0.9999947285860282,0.9999932744028636,0.9999915475603556,0.9999901842636387,0.9999886391940263,0.9999867305786226,0.9999840039851889,0.9999808229595163,0.9999775510473958,0.999974006475932,0.9999689168348558,0.9999631909886451,0.9999566471644041,0.999949785237596,0.9999395150689958,0.9999272453985442,0.9999106131785985,0.9998910725923237,0.999868896299063,0.9998421756834127,0.9998093656757605,0.9997703753896586,0.9997196607517917,0.9996539498500396,0.999582376772405,0.9995171203028919,0.9994281879137293,0.9993208510188893,0.9991534381820601,0.998988206619978,0.9987858933871975,0.9985185963442471,0.998241256348816,0.9978941155614821,0.9974263230147071,0.9969307646581322,0.9962711562632964,0.995527841450046,0.994612115045338,0.9935129343457659,0.992183901819733,0.9905761205583282,0.9886461468395078,0.9863210897321445,0.9835305576824247,0.980158352366849,0.9760901840773215,0.9711963124096219,0.9652861030395109,0.9581529710711618,0.9495362541723128,0.9391063526400536,0.9264671833349155,0.9110779264493242,0.8923100567535879,0.8692694788175728,0.8406549713682696,0.8043556966557559,0.7562053290268911,0.6791311673668937,0.5701663599173316,0.4201874069464785,0.3191826618104826,0.24204369811321097,0.178973956533829,0.12104366180407508,0.07310996746674159,0.04094698043637401,0.016950322512832145,0.0009802103394149849,0.0,0.0,0.0,0.0,0.0,0.0,0.0,0.0,0.0,0.0,0.0,0.0,0.0,0.0,0.0,0.0,0.0,0.0,0.0
0.5,1e-05,8.888888888888889e-05,0.5,0.9999995377176408,0.9999995377176408,0.9999994452611689,0.9999994452611689,0.9999992603482253,0.9999989829788097,0.9999989829788097,0.9999986131529224,0.9999983357835068,0.999997688588204,0.9999974112187885,0.9999968564799574,0.9999959319152391,0.9999950998069925,0.9999944526116896,0.999993065764612,0.9999916789175344,0.9999900147010413,0.9999876108327734,0.9999841899433154,0.9999807690538574,0.9999772557079274,0.9999729102537509,0.9999673628654405,0.999961353194771,0.9999513678958123,0.9999401806627197,0.9999277914954932,0.9999128135470551,0.9998905777655777,0.9998601595863423,0.9998182768045989,0.99975300253548,0.9996984069888587,0.9996559694682842,0.9996057656040752,0.9995454839844357,0.999458158846783,0.9992976081834333,0.9991859207654509,0.9990239370267876,0.9988160486498558,0.9985544430627852,0.9982886307062458,0.997917510428281,0.9974954466343324,0.9969878143756963,0.9963660908308097,0.9956345752256134,0.994737562535824,0.9936536953164464,0.9923554677671083,0.9907943864683296,0.9889154860476018,0.9866516431063692,0.9839134060081266,0.9806266246624588,0.9766526143616059,0.9718699335298064,0.9661024988164416,0.9591371055974489,0.9507260629847695,0.9405619994377722,0.9282446708898626,0.9132735180025001,0.8949868298067276,0.8725690939926823,0.8447890677248742,0.8096862115179406,0.7637263305075708,0.6972272442779961,0.5437302238495999,0.39597969674369693,0.3016442320267277,0.2305764554694267,0.17424984632578674,0.12584629453645585,0.08995866779654639,0.04805009069748746,0.019139691604966227,0.0,0.0,0.0,0.0,0.0,0.0,0.0,0.0,0.0,0.0,0.0,0.0,0.0,0.0,0.0,0.0,0.0,0.0,0.0,0.0
0.6,1e-05,0.0001757812499999,0.5,0.9999995329095359,0.9999994394914431,0.9999993460733503,0.9999992526552575,0.9999992526552575,0.9999990658190718,0.9999988789828862,0.9999986921467006,0.9999985053105149,0.9999982250562365,0.9999977579657725,0.9999971040391228,0.9999958896039162,0.9999948620048952,0.9999941146601526,0.9999925265525749,0.9999912186992754,0.9999890700831408,0.9999867346308203,0.9999838386699431,0.9999811295452514,0.9999761783863323,0.999971320645506,0.9999647813790089,0.9999574947677694,0.9999489003032305,0.9999377835501855,0.9999210617115717,0.9998950447727228,0.9998625352764234,0.9998265693106898,0.9997361873058918,0.9997090026408828,0.9996778009978827,0.999638378562715,0.9995738733696266,0.999468637888071,0.9993688673649451,0.9992246298296394,0.9990709570669596,0.9988688937322018,0.9986249790918631,0.9983738712583776,0.9980285979873352,0.9976303099486206,0.9971566335090045,0.9965587577149916,0.9958457908306312,0.9950052148314862,0.9939834077322809,0.9927627135134737,0.9912733488597317,0.9894894369593457,0.9873385787903842,0.9847399677025628,0.981624754561477,0.9778592580763094,0.973324089924443,0.9678592249128865,0.9612535381518791,0.953286516233332,0.9436603422773528,0.9319985880789452,0.917844766127571,0.9006098286389885,0.8794813651690361,0.8533457853423182,0.82057023431453,0.7782424497512253,0.720052693409433,0.586899448361491,0.41300512505669895,0.3124098135893338,0.23917357871027822,0.18404606745094582,0.140302298145805,0.11010994422052386,0.08066484161966608,0.03762245535537667,0.006537678389438449,0.0,0.0,0.0,0.0,0.0,0.0,0.0,0.0,0.0,0.0,0.0,0.0,0.0,0.0,0.0,0.0,0.0,0.0,0.0,0.0
0.7,1e-05,0.0003767781622452,0.5,0.9999999060140173,0.9999998120280347,0.9999996240560695,0.9999996240560695,0.9999996240560695,0.9999995300700868,0.9999993420981215,0.9999993420981215,0.9999991541261561,0.9999986841962429,0.9999984962242776,0.9999980262943644,0.9999974623784685,0.9999968984625726,0.9999959586027461,0.9999948307709543,0.9999939848971104,0.9999926690933534,0.9999912593036137,0.9999889096540475,0.9999865600044813,0.9999838344109845,0.9999798869997132,0.9999754696585287,0.9999701124575178,0.9999642853265935,0.9999090685617875,0.9998483066240051,0.9998214266329677,0.9997925729362945,0.9997595838563849,0.999718887925898,0.9996296952283645,0.999540784488779,0.9994795056280921,0.9993685081825842,0.9992479241668459,0.9990922833795799,0.9988982963113933,0.9986699103735571,0.9984079714399156,0.9980868683301967,0.997681459794042,0.9972243119744392,0.9966457342652545,0.9959752382650394,0.9951481616177319,0.9941499364960211,0.9929554686425403,0.9915170131781036,0.9897782724991047,0.9876896220067051,0.985166897253443,0.9821389978434446,0.9784863266137899,0.9740738257074125,0.9687589653816261,0.9623398637457014,0.9545947608735791,0.9452308434363174,0.9338911526718171,0.9201349413144475,0.9033690168347223,0.8828203915183478,0.8574045611115422,0.8254611692448354,0.7841716232915874,0.7274147571808698,0.6242250092094515,0.49260384358495624,0.3545757475092892,0.2666572179425444,0.2039498643053879,0.1579847976733206,0.12251542768156928,0.10071490907631563,0.07749416828725914,0.04410480207750375,0.0003089319249659148,0.0,0.0,0.0,0.0,0.0,0.0,0.0,0.0,0.0,0.0,0.0,0.0,0.0,0.0,0.0,0.0,0.0,0.0,0.0,0.0,0.0
0.8,1e-05,0.0009876543209876,0.5,0.9999982559703791,0.9999980674266362,0.9999975960672792,0.9999971718438578,0.999996511940758,0.9999954749501726,0.9999946265033299,0.9999937309205517,0.999992081162802,0.9999905256769239,0.9999885931035601,0.9999809570819763,0.999973745283814,0.9999668634372014,0.9999607829014959,0.9999539010548834,0.9999461236254925,0.9999369792539663,0.9999230741529342,0.9999026171568396,0.9998874865214792,0.9998706589924335,0.9998480337432966,0.9998229574255031,0.9998005207201089,0.9997764813929009,0.9997486711908367,0.9997062488487047,0.9996413898011788,0.9996068862962448,0.9995600803120926,0.9994050502195686,0.999324777721068,0.9991692291332512,0.9989475016917088,0.9987532545006805,0.998522524095419,0.9982299042065806,0.9978370261825039,0.9974162436844917,0.9968837961548012,0.9962369025732262,0.9954674555588258,0.9945421300050586,0.9934196348322498,0.992083095375418,0.9904644473434092,0.9885139151881224,0.98616018223884,0.9833285851734103,0.9799119840099823,0.975799326484042,0.9708284649767742,0.9648496957563895,0.9576133397714737,0.948877825351554,0.9382892558913792,0.9254356633129134,0.9097799336288317,0.8905940523122157,0.8668750609231969,0.837142231177631,0.7989856912268145,0.7479418565035053,0.6725281773910033,0.5714136293369538,0.4891453953187228,0.40844542101723497,0.31904537851947534,0.22953074856202402,0.17258412774668166,0.13175455601813715,0.1038219419289043,0.08713756471999652,0.0667205870347141,0.040233396413784886,0.0,0.0,0.0,0.0,0.0,0.0,0.0,0.0,0.0,0.0,0.0,0.0,0.0,0.0,0.0,0.0,0.0,0.0,0.0,0.0,0.0,0.0,0.0,0.0
0.9,1e-05,0.0044875346260387,0.5,0.9999937672357181,0.9999927284416711,0.9999910285968668,0.9999891398804178,0.9999864484594778,0.9999819627579113,0.9999787519399479,0.9999745495458486,0.9999696861009923,0.9999635949904441,0.9999546708052222,0.999946313234935,0.9999344143213058,0.9999203433837601,0.999904714255144,0.999885543783186,0.999863068057442,0.9998369093346222,0.9998059343848573,0.9997654214170246,0.9997121123952494,0.9996562063883567,0.9995871265842318,0.9994957599260077,0.9993894724078358,0.9992659975699775,0.9991133420629807,0.9989231010986475,0.9987057570532699,0.9984538494968743,0.9981457998440298,0.9977325486849717,0.997295641352389,0.9967175524652377,0.9960556990035698,0.9952611632113544,0.9942844607176253,0.993115817414759,0.9916926223524681,0.9899775733808837,0.9879277022007891,0.9854637299392344,0.9824921651319901,0.9789116781415634,0.9746029965241951,0.969357605983907,0.9630694550920834,0.9554739346742087,0.9462505767667856,0.9350887347318523,0.9215164655466956,0.904909453989073,0.8844787831982052,0.8590761607909643,0.8269843185539383,0.7855024391828581,0.7300395251691298,0.6493011465830948,0.570959029773915,0.5063509979316666,0.44718124179706836,0.392672129590124,0.3420705828446752,0.294291911704017,0.24668435827364518,0.19404932496329752,0.14352290191461076,0.09611559964575234,0.07685843560260726,0.0583362183477093,0.03652985371324487,0.010504002095719773,6.950476532603684e-05,0.0,0.0,0.0,0.0,0.0,0.0,0.0,0.0,0.0,0.0,0.0,0.0,0.0,0.0,0.0,0.0,0.0,0.0,0.0,0.0,0.0,0.0,0.0,0.0,0.0,0.0,0.0
1.0,1e-05,0.0044875346260387,0.5,0.9999938144536292,0.9999927284416711,0.9999915479938903,0.9999898481490862,0.9999880538684596,0.9999857401908094,0.9999822460653787,0.9999777131459009,0.9999734163159792,0.9999676557308096,0.9999620840172848,0.9999530181783292,0.9999430079811491,0.9999302591451178,0.9999148188881466,0.999894704057964,0.9998744475740476,0.9998480527616718,0.9998158029283037,0.999781097763552,0.9997368545807324,0.9996817984962417,0.9996158822921689,0.9995366978550414,0.9994399011370262,0.9993329525680972,0.9991898350791684,0.9990216920972893,0.9988264932522771,0.9985892232483619,0.9983026577451256,0.9979533396378688,0.9975388608131188,0.9970356595331735,0.9964223933021582,0.9956921210871226,0.9948111765173617,0.9937547229715705,0.9924657684308978,0.9909248118980071,0.9890690535509663,0.986825305627374,0.9841289268067603,0.9808857173562276,0.9769737606289879,0.9722426203598723,0.9665216982356177,0.9596142372201418,0.9512551559598165,0.9411027384310924,0.9287464248958515,0.9136094957863681,0.8949528963561182,0.871727491835551,0.8423411414760055,0.8044533478537854,0.7543058485426947,0.6837622891696655,0.6045057975095762,0.5418464488636632,0.48589671818518526,0.4351925197007291,0.3893888793508708,0.34839065304448813,0.3117683938789722,0.27850493361067247,0.24853742519974592,0.22006908547027434,0.1936700234824116,0.16815960258383966,0.14270598483247368,0.11577487142090594,0.08843409541153337,0.05995069316838039,0.029397163261216473,0.012197472481873516,0.005328352410313827,0.0,0.0,0.0,0.0,0.0,0.0,0.0,0.0,0.0,0.0,0.0,0.0,0.0,0.0,0.0,0.0,0.0,0.0,0.0,0.0,0.0,0.0,0.0
1/0.9,1e-05,0.0044875346260387,0.5,0.9999932950566057,0.9999917840834465,0.9999901786744648,0.9999891870983291,0.9999867317669452,0.9999836153848043,0.9999802156951959,0.9999761549548304,0.999970866548773,0.9999652003994257,0.9999580232769193,0.9999500434499219,0.9999389472407836,0.9999276149420891,0.9999095777000004,0.999892201508669,0.9998696313471025,0.999843330970549,0.9998140086476771,0.9997746289097139,0.9997275526522206,0.9996721660423514,0.9995951536291403,0.9994930685050677,0.9993710102045461,0.9992493768652255,0.9991040401344691,0.9989298060420417,0.9987179392743665,0.9984507331147333,0.9981178468405835,0.9977786805842405,0.9972635803906659,0.9967354480535927,0.9960503633796012,0.995231321491459,0.9942646764128212,0.9930898947814953,0.9916870978568546,0.9899886223721107,0.9879436146368725,0.9854704348826285,0.9824938649767943,0.978910544911694,0.9745767905834641,0.9693763042767529,0.9630737047040938,0.9554564640470548,0.9462600675669423,0.9350883569885625,0.9215058887345807,0.9049053460307963,0.8844695284876046,0.8590754053043846,0.8269924400346693,0.785547343416435,0.7301545007829674,0.649059202005968,0.5708218617418007,0.5062867343544868,0.44712741337826967,0.39262406175649495,0.3420217595244665,0.29427425220521813,0.24673469256701308,0.19535041450715548,0.14226506397743663,0.09558657016836584,0.07690820328104044,0.05840567589512411,0.036644970980816115,0.009546139548570327,0.0,0.0,0.0,0.0,0.0,0.0,0.0,0.0,0.0,0.0,0.0,0.0,0.0,0.0,0.0,0.0,0.0,0.0,0.0,0.0,0.0,0.0,0.0,0.0,0.0,0.0,0.0,0.0
1/0.8,1e-05,0.0009876543209876,0.5,0.9999974546594721,0.9999970775719865,0.9999966062126294,0.9999958520376582,0.9999951921345583,0.9999944379595872,0.999993683784616,0.9999923639784163,0.9999907613566024,0.9999888759191743,0.9999863305786464,0.9999838795099899,0.9999807685382336,0.9999763377602776,0.9999722369338715,0.9999676176121727,0.9999619141639527,0.9999506958112556,0.999940043089787,0.99992816483399,0.999914401140765,0.9998996004569546,0.9998818773451307,0.9998612318052932,0.9998349299531714,0.999798588146745,0.9997577212904915,0.9997169958420449,0.9996660890314866,0.9995889275047424,0.9995247754962518,0.9994160328925872,0.999327464469403,0.9991314732487538,0.9989693256299388,0.9987727687780612,0.9985095617131009,0.9982262276035958,0.9978470190008728,0.9974142168392565,0.9968746989192107,0.9962284652407355,0.9954758928913164,0.9945361908771602,0.993421331725935,0.992086724842467,0.9904576126327325,0.9885186287816925,0.9861594751998045,0.9833311776498739,0.9799089673100974,0.975802484591734,0.9708351111437082,0.9648490358532896,0.9576120671012097,0.9488773068562613,0.9382914712803572,0.925444430596954,0.9097799807647674,0.8905964091090007,0.8668782661668246,0.8371478403539796,0.7990079865244016,0.7479668856853631,0.6728133498020008,0.571357443301597,0.4891436984250376,0.40846601942113675,0.3198109603871482,0.2294070638667418,0.17250578782154485,0.13169511760321687,0.10381369314015644,0.08713228549519789,0.06670003576674802,0.04020186247280021,0.0,0.0,0.0,0.0,0.0,0.0,0.0,0.0,0.0,0.0,0.0,0.0,0.0,0.0,0.0,0.0,0.0,0.0,0.0,0.0,0.0,0.0,0.0,0.0
1/0.7,1e-05,0.0003767781622452,0.5,0.9999998120280347,0.9999996240560695,0.9999994360841041,0.9999992481121388,0.9999989661541908,0.9999985902102603,0.9999980262943644,0.9999970864345379,0.9999968044765899,0.9999963345466767,0.9999956766447982,0.9999947367849716,0.9999939848971104,0.9999926690933534,0.9999909773456658,0.9999893795839607,0.9999864660184986,0.999983928396967,0.9999800749716785,0.9999764095183552,0.9999712402893095,0.9999650372144547,0.9999560615531118,0.9999448772211766,0.9999307793237793,0.9999121700992148,0.9998852901081774,0.9998515491404065,0.9998157404810174,0.9997858059455439,0.9997518770058077,0.9997084084888328,0.9996413024972216,0.9995551643441242,0.999493838490446,0.9994018262134331,0.9992349071082491,0.9990937871553023,0.9989037474983868,0.9986814706494229,0.9984245129728617,0.9980665673579445,0.9976999750326238,0.997202554219456,0.9966626047491399,0.9959590726760239,0.9951493364425149,0.9941584892204421,0.9929561265444188,0.9915147105215287,0.9897812800505494,0.9876940863408809,0.985175449977864,0.9821306330909889,0.9784814393426922,0.974068374520419,0.968752292376858,0.9623420254233023,0.9545953717824662,0.9452338039947709,0.9338911526718171,0.9201386537607622,0.9033756898394902,0.8828257957123501,0.8574106702004143,0.8254665264458463,0.7841808809108783,0.7274531034617904,0.6241184291051279,0.49263344916949053,0.3545169122841512,0.26661614606812695,0.2039231722863157,0.1579621470515023,0.12249334097564687,0.10069949537516126,0.07746108522136683,0.043642109084924746,0.0006523567055638621,0.0,0.0,0.0,0.0,0.0,0.0,0.0,0.0,0.0,0.0,0.0,0.0,0.0,0.0,0.0,0.0,0.0,0.0,0.0,0.0,0.0
1/0.6,1e-05,0.00017578125,0.5,0.9999995329095359,0.9999994394914431,0.9999993460733503,0.9999990658190718,0.9999985987286077,0.9999983184743293,0.9999982250562365,0.999997944801958,0.9999976645476797,0.9999972908753084,0.9999963566943803,0.9999956093496377,0.9999950488410808,0.9999938344058742,0.9999926199706677,0.9999908450269042,0.9999894437555119,0.9999875286846093,0.9999853333594281,0.9999816900538083,0.9999778599120029,0.9999734692616407,0.9999681444303502,0.9999614183276676,0.9999520765183861,0.999941613691991,0.9999295627580178,0.999911112684687,0.9998874779072049,0.9998581446260612,0.9998243272764623,0.9997871001664758,0.9997455758242196,0.9996991937411372,0.9996443106116087,0.9995543489882284,0.9994583618978614,0.9993725106705649,0.9992056659567982,0.9990671736342006,0.9988867365879294,0.9986393654781566,0.9983614466520333,0.9980186956694969,0.9976426411368721,0.9971323448048727,0.9965705283946862,0.9958516761704785,0.9950021320344232,0.9939762612481806,0.9927540256308419,0.9912692384636479,0.9894821036390598,0.9873368038466207,0.9847437978443682,0.9816199902387435,0.9778586975677526,0.9733217544721227,0.967857917059587,0.9612517632081156,0.9532882444680492,0.9436560917541298,0.9319984012427596,0.9178500909588615,0.9006110897832416,0.8794755732472815,0.8533469997775248,0.8205693001336019,0.7782485686363046,0.7200713303189494,0.5867797797845956,0.4129820507877738,0.312392064151699,0.2391561095269219,0.18403270866367333,0.14028193300157143,0.11010602066062566,0.08061009861727678,0.037660569937244995,0.006562247347848668,0.0,0.0,0.0,0.0,0.0,0.0,0.0,0.0,0.0,0.0,0.0,0.0,0.0,0.0,0.0,0.0,0.0,0.0,0.0,0.0
1/0.5,1e-05,8.888888888888889e-05,0.5,0.9999991678917535,0.9999990754352815,0.9999987980658661,0.9999987980658661,0.9999985206964506,0.9999984282399788,0.9999981508705632,0.9999975961317321,0.9999972263058448,0.9999966715670138,0.9999957470022953,0.9999950073505206,0.9999940827858023,0.9999933431340275,0.9999917713740063,0.999989644875154,0.9999877032892454,0.9999853918774493,0.9999826181832941,0.9999794746632515,0.9999749442961314,0.9999698591901802,0.9999628324983204,0.9999557133499888,0.9999442025192447,0.9999312586131871,0.9999196090977354,0.999903614128107,0.9998862323114012,0.9998645050405188,0.9998406512707841,0.999811342569211,0.9997768563052147,0.9997332168505063,0.9996742758497085,0.9996007729545959,0.9995293503300996,0.9994441979195352,0.9993380116616273,0.9991757043253126,0.9990193604314315,0.9987710223480699,0.9985789440278228,0.9982839616544179,0.9979188510471227,0.9974840744882962,0.9969980770440704,0.9963681711014261,0.9956143734865165,0.9947357596346231,0.9936569775211966,0.9923606453295313,0.9907990555201576,0.9889145152546476,0.9866459108051151,0.9839198317329195,0.9806223716647541,0.9766530304157292,0.9718744176686906,0.9660988467858039,0.9591412199104458,0.950731009406013,0.9405619069813004,0.9282433302710209,0.9132742576542748,0.8949878468279179,0.8725710818068269,0.8447916565060857,0.8096914815368356,0.7637271626158173,0.6972265508544573,0.5438215708437777,0.3959766456801262,0.301637112878396,0.23056979860345425,0.1742490142175402,0.12583982258342705,0.08990152969694941,0.048068859361270935,0.019149676903924922,0.0,0.0,0.0,0.0,0.0,0.0,0.0,0.0,0.0,0.0,0.0,0.0,0.0,0.0,0.0,0.0,0.0,0.0,0.0,0.0
1/0.4,1e-05,4.535147392290251e-05,0.5,0.9999994546813132,0.9999992729084177,0.9999990002490743,0.9999989093626265,0.999998727589731,0.9999985458168353,0.999998273157492,0.9999975460659096,0.999997000747223,0.9999963645420884,0.9999953647911627,0.9999950012453716,0.999993910607998,0.999992638197729,0.9999910931281166,0.9999899570475193,0.9999879575456678,0.9999866851353988,0.9999838676555173,0.9999806866298446,0.9999769602854852,0.9999727795088869,0.9999669627762283,0.9999600554061963,0.9999527844903731,0.999942423435325,0.9999308808564558,0.9999165207977049,0.9999000703506549,0.9998790755812155,0.9998516278739829,0.9998211809139732,0.9997852807670962,0.9997383833600365,0.9996748537330313,0.9996025990070383,0.9995158024493989,0.9994204625656672,0.9993103990773935,0.9991426226947732,0.9989771184733476,0.9987986174898881,0.9985211411647853,0.9982587519900156,0.9978550343889324,0.9974512259014016,0.9969219941159205,0.9962749734941035,0.9955345216039586,0.9946102064299345,0.9935025732907179,0.9921756311529841,0.9905793924704486,0.9886535995282266,0.9863220894830701,0.9835332842758584,0.9801537171580117,0.9760866395058576,0.9711890414937987,0.9652868755743171,0.9581459273714581,0.9495371630367907,0.9391075341638749,0.9264665471297809,0.9110769721416223,0.8923139648708429,0.8692698423633639,0.8406562437785386,0.8043509251172469,0.7562010119206211,0.6792088298365303,0.5702175744306611,0.4201674119279647,0.3191789354661232,0.24204524318282342,0.17896859423340938,0.12103493670508725,0.07312714500537389,0.04095443312509279,0.016954321516534903,0.0009832095921920544,0.0,0.0,0.0,0.0,0.0,0.0,0.0,0.0,0.0,0.0,0.0,0.0,0.0,0.0,0.0,0.0,0.0,0.0,0.0
1/0.3,1e-05,2.1736505252988773e-05,0.5,0.9999997356326944,0.9999997356326944,0.9999996475102592,0.9999996034490416,0.9999994712653888,0.9999991187756481,0.9999989865919953,0.9999985459798193,0.9999980613064257,0.9999976206942497,0.9999968716535506,0.9999965632250274,0.9999953295109346,0.999994404225365,0.9999934789397955,0.9999913640013507,0.9999896015526468,0.9999873984917669,0.9999846226350582,0.99998092149278,0.9999758103915386,0.9999705230454268,0.999965015393227,0.999958318088152,0.999948007763234,0.9999362434181354,0.9999217913387631,0.999904475280247,0.9998803737942207,0.9998549064104489,0.999821992680903,0.9997839678501157,0.9997376595104199,0.9996815255191998,0.999614596529668,0.9995286771553514,0.9994404665977197,0.9993102216384993,0.9991689613748792,0.9989850057914065,0.9988046191665592,0.9985784529366273,0.9982691431890874,0.9979055940826842,0.9974791255575507,0.9969893410627284,0.9963374112871445,0.9955831713642974,0.994697805257878,0.9936138111825256,0.9922962045314672,0.9907245849609547,0.9888237840337657,0.9865343191061424,0.9837697420691571,0.9804531220368831,0.9764457983575388,0.9716185835411261,0.9658103897761056,0.9587946542815872,0.950317452260552,0.9400697823939834,0.9276198888106362,0.9125377780879688,0.8941600204726041,0.8716169356515878,0.8436619436566298,0.8082538645212731,0.7607645079489962,0.6897976603140965,0.6066136504472037,0.4956233111335295,0.3636742843224548,0.2748743638441403,0.20205231864226592,0.13302407645925465,0.07541553253092569,0.04441062305381602,0.02236093574746507,0.005463062247573284,5.895390914647429e-05,0.0,0.0,0.0,0.0,0.0,0.0,0.0,0.0,0.0,0.0,0.0,0.0,0.0,0.0,0.0,0.0,0.0,0.0,0.0
1/0.2,1e-05,8.68055555555557e-06,0.5,0.9999990089295857,0.9999985959835798,0.9999981830375738,0.9999978526807691,0.9999973571455619,0.9999971919671595,0.9999968616103548,0.9999959531291417,0.9999944665235203,0.9999938058099108,0.9999928147394965,0.9999911629554727,0.9999895937606501,0.9999874464414192,0.9999853817113895,0.9999824085001466,0.9999785268076907,0.9999747277044361,0.9999696897631635,0.9999629174486659,0.9999557321881625,0.9999453259488126,0.9999345067634569,0.9999212099020653,0.9999063438458512,0.9998882568107907,0.9998659164318691,0.999843204401542,0.999814876305534,0.9997802714302356,0.9997379031700254,0.9996890929521225,0.9996296287272661,0.9995560417490064,0.9994452483356108,0.999321942658235,0.9991909974797493,0.9990333346946787,0.9988473025189996,0.9985747994496751,0.9983266601947015,0.9979578581167903,0.9975442926918344,0.9970562731020062,0.9964249612481144,0.9957260088384485,0.994822937218043,0.9937882597055423,0.9925096136927279,0.9909753128076318,0.9891263883606047,0.9868996596127367,0.9842227784237859,0.9809932103004756,0.9771007399538186,0.9724092603802548,0.9667477293441208,0.9599177675841597,0.9516697492397768,0.9416835998617622,0.9295704894909165,0.9148664319949574,0.8969768677145227,0.8750312651744753,0.8477954113522408,0.8129991768747263,0.7654645078895606,0.7035251259681468,0.6330231434350195,0.5466274885520012,0.4140181789568414,0.31221055323986907,0.23037687806294957,0.15239392439148586,0.08229923050402414,0.049724067414096185,0.027802911277600848,0.012106172877945838,0.0030176442330583017,0.00038147952029383915,0.0,0.0,0.0,0.0,0.0,0.0,0.0,0.0,0.0,0.0,0.0,0.0,0.0,0.0,0.0,0.0,0.0,0.0,0.0,0.0
0.2,3e-05,2.604166666666666e-05,0.5,0.9999992566971893,0.9999991741079881,0.9999990089295857,0.9999988437511833,0.9999984308051774,0.9999981004483727,0.9999978526807691,0.9999971093779584,0.9999963660751476,0.9999959531291417,0.9999952924155322,0.999993888399112,0.9999928147394965,0.9999913281338751,0.9999896763498514,0.9999876116198216,0.9999846384085788,0.9999817477865371,0.999978196450886,0.9999726629744063,0.9999667165519207,0.9999602745942279,0.9999519330849078,0.9999421875591674,0.9999314509630128,0.999915841603988,0.9998961440795043,0.9998703762487332,0.9998376709250623,0.9997997624817163,0.9997537602966537,0.9997004076726854,0.9996280595324435,0.9995130127751867,0.9994237751433016,0.9993265676535016,0.9992015688975014,0.9990432453988214,0.9988294632515426,0.9985762034660953,0.998318566452985,0.997973880421821,0.9975274444947917,0.9970456190950527,0.9964518853277022,0.995704370467737,0.9948435845183404,0.9937788445366067,0.9925051538758637,0.9909829936033425,0.9891315914802797,0.986907175230045,0.9842285596678692,0.9809985785985529,0.9770972712073687,0.9724127291267046,0.9667496288957481,0.9599200800817931,0.9516684278125577,0.9416859949485967,0.9295749493077807,0.9148744018528722,0.8969812036475852,0.8750337841451116,0.8478054459401854,0.8130180898017987,0.7654927533963674,0.7034402655639247,0.6329705341138618,0.5465683133893489,0.41394673929781256,0.31215976088113756,0.23033583122995843,0.15234271908674843,0.082233324321475,0.04971143126631421,0.027793661287067634,0.012102869309898262,0.0030175616438571124,0.00038164469869621795,0.0,0.0,0.0,0.0,0.0,0.0,0.0,0.0,0.0,0.0,0.0,0.0,0.0,0.0,0.0,0.0,0.0,0.0,0.0,0.0
0.3,3e-05,6.520951575896632e-05,0.5,0.9999994272041712,0.9999992509593009,0.9999991187756481,0.9999988544083425,0.9999985900410369,0.9999985019186016,0.9999981053676432,0.9999978850615553,0.9999971800820737,0.9999960785516337,0.9999952854497169,0.9999947126538882,0.9999936992458834,0.9999919808583971,0.9999902624709108,0.9999882797161188,0.9999859885328037,0.9999832567373127,0.9999805249418215,0.9999762950649321,0.9999717126983019,0.9999663812909725,0.9999593314961568,0.9999500345792436,0.9999375652546633,0.9999243468893838,0.9999075155042613,0.9998872914053837,0.9998616477767415,0.9998352991686177,0.9998046766223869,0.9997749353005081,0.9997295963075995,0.9996804239887598,0.9996137593665336,0.9995368284806071,0.9994433746380812,0.9993297848191128,0.9991609862944939,0.9989963295243292,0.998814841369042,0.9985575679194857,0.9982664113935964,0.9979211036312788,0.9974631753967801,0.9969712759635131,0.9963280703090136,0.9955959491174009,0.9946871865044368,0.9936012096742924,0.9922912696750961,0.9907233071856444,0.9888229028094138,0.9865295164334242,0.9837789949248528,0.9804554132201982,0.9764506891526922,0.9716274398458633,0.9658110506943696,0.9587868554460722,0.9503219905659646,0.9400633494562141,0.9276257930137943,0.9125361478229176,0.8941568921261547,0.8716138513663559,0.8436544973108557,0.8082462419306287,0.760776801028706,0.689696936370667,0.6065502904162975,0.4953563882773192,0.3636383303688946,0.27484087731876566,0.2020301117885964,0.1330376913754925,0.07538186976068062,0.04439207328120715,0.022348907035060744,0.005453853453095248,5.9218276452063865e-05,0.0,0.0,0.0,0.0,0.0,0.0,0.0,0.0,0.0,0.0,0.0,0.0,0.0,0.0,0.0,0.0,0.0,0.0,0.0
0.4,3e-05,0.0001360544217687,0.5,0.999998727589731,0.9999985458168353,0.999998273157492,0.9999981822710442,0.9999979096117009,0.9999972734065663,0.9999962736556406,0.9999950012453716,0.9999940923808937,0.9999930017435201,0.9999916384468033,0.999990456922982,0.9999882756482351,0.9999862761463837,0.9999841857580846,0.9999820044833376,0.999978823457665,0.9999748244539621,0.9999712798824983,0.9999660993549744,0.9999598281900768,0.9999525572742536,0.9999436504023702,0.9999338346660089,0.9999213832226617,0.9999103405192552,0.9998972528707735,0.9998811659695146,0.9998633522257477,0.9998444478446075,0.999821271800421,0.9997954600492487,0.9997642859976567,0.9997240233012857,0.9996773076671217,0.9996214579449547,0.9995383877316747,0.9993972865214807,0.9993014013190623,0.9991857483142496,0.9990011124955642,0.998754083130471,0.9985256854871748,0.9982511629716251,0.9978810279130004,0.9974328668389479,0.996920040057293,0.9962736101973867,0.9955381116186462,0.9946053894482015,0.9934993013785974,0.9921789030651046,0.9905655777303846,0.9886441473376565,0.9863219077101746,0.9835301941366335,0.9801603518687003,0.9760891843263958,0.9711951308858007,0.9652850578453613,0.9581494719429219,0.9495334366924313,0.9391052620026802,0.9264630025583172,0.9110717916140983,0.892304421793825,0.8692623896746452,0.8406416110604444,0.8043394734248254,0.7561875152831242,0.6790472337323596,0.5700944232939057,0.4201719562503542,0.3191613943816997,0.24203524567356652,0.17896259572785525,0.12105184158437618,0.07306915945168388,0.040927348963651376,0.016934780930260056,0.0009626692549915178,0.0,0.0,0.0,0.0,0.0,0.0,0.0,0.0,0.0,0.0,0.0,0.0,0.0,0.0,0.0,0.0,0.0,0.0,0.0
0.5,3e-05,0.0002666666666666,0.5,0.9999995377176408,0.9999993528046971,0.9999993528046971,0.9999993528046971,0.9999990754352815,0.9999987980658661,0.9999985206964506,0.9999983357835068,0.9999981508705632,0.9999978735011477,0.9999975036752603,0.9999968564799574,0.9999963941975982,0.9999956545458235,0.9999943601552178,0.9999935280469712,0.999992511025781,0.9999912166351752,0.9999895524186821,0.9999877957457172,0.9999843748562591,0.9999802143150263,0.999975776404378,0.9999707837548987,0.9999644967148136,0.9999567303711789,0.9999472073545795,0.9999367597732616,0.9999218742812954,0.999904769834005,0.9998845218666721,0.99984194566139,0.999758226326139,0.9996819497368712,0.9996402518680715,0.999595502935701,0.9995399365961253,0.9994524727737649,0.999326639515591,0.9991763052923794,0.9990066476665536,0.9988227517440642,0.9985612848417014,0.9982730980189768,0.9979308241602259,0.9974777874482111,0.9969993252064403,0.9963573999224568,0.9956318015314582,0.9947386720134861,0.9936615541165528,0.9923652219248873,0.9907966054236538,0.9889159483299611,0.9866482684451471,0.9839139607469577,0.9806199215682504,0.9766512275145283,0.9718636464897213,0.9661019440776105,0.9591384924445264,0.9507262016694773,0.9405611673295257,0.9282407877180453,0.9132714839601196,0.894976798279533,0.8725621135290584,0.8447786663717921,0.8096740534918937,0.7637020144554769,0.6971891984398341,0.5435852058735192,0.3959628696658221,0.3016379449866426,0.23057664038237038,0.17425872214708335,0.12585979318134444,0.09004335792475161,0.04801893286647746,0.019110567816336698,0.0,0.0,0.0,0.0,0.0,0.0,0.0,0.0,0.0,0.0,0.0,0.0,0.0,0.0,0.0,0.0,0.0,0.0,0.0,0.0
0.6,3e-05,0.0005273437499999,0.5,0.9999991592371646,0.999998972400979,0.9999986921467006,0.9999984118924221,0.999997944801958,0.9999973842934012,0.99999701062103,0.9999965435305659,0.9999961698581946,0.9999955159315449,0.9999941146601526,0.999992993643039,0.9999914055354611,0.999989910845976,0.9999882293203054,0.9999861741222634,0.9999828110709221,0.9999794480195808,0.9999750573692185,0.999969265447464,0.9999635669438023,0.9999554395697274,0.9999441359804969,0.9999316646651062,0.9999239109634026,0.9999128876284504,0.9998996222592708,0.9998789768607588,0.9998603866602886,0.9998388070808486,0.9998015332618155,0.9997807944452107,0.999753189398784,0.9997093763132541,0.99960386057742,0.9995468755408031,0.9994830242743644,0.9993705955996622,0.9992352327831739,0.9990621290571886,0.9988670253703456,0.9986469790527209,0.9983642959038642,0.9980349504176466,0.9976299362762493,0.9971541112204985,0.9965613267125439,0.9958558332756088,0.9949969473302721,0.9939785032824082,0.9927639746577266,0.9912755908939593,0.9894874284703502,0.9873318526877016,0.9847456662062245,0.9816185422583048,0.9778589311129846,0.9733206334550089,0.9678537132454104,0.9612505487729089,0.9532887115585132,0.9436565588445938,0.9319959723723464,0.9178405623133944,0.9006018881010993,0.8794740785577966,0.8533332206088347,0.8205490284074611,0.7782180209199543,0.7200058442358864,0.5868391002735328,0.41301054330608217,0.31241560551108827,0.23917927721393992,0.1840530738079069,0.1403100518475086,0.1101248911153742,0.08071584789834281,0.03756350853881071,0.006500497988498271,0.0,0.0,0.0,0.0,0.0,0.0,0.0,0.0,0.0,0.0,0.0,0.0,0.0,0.0,0.0,0.0,0.0,0.0,0.0,0.0
0.7,3e-05,0.0011303344867358,0.5,0.9999991541261561,0.9999988721682083,0.9999987781822256,0.999998402238295,0.9999980262943644,0.9999979323083817,0.9999977443364164,0.9999975563644511,0.999996522518642,0.9999958646167635,0.9999947367849716,0.9999937029391626,0.9999922931494228,0.9999905074157525,0.9999888156680649,0.999986372032516,0.9999837404250018,0.9999800749716785,0.9999765974903205,0.999972462107084,0.9999666349761598,0.9999600559573744,0.9999528190367104,0.999942480578619,0.9999288056181437,0.9999107603094751,0.9998906473091884,0.9998644252200294,0.9998359944602783,0.9998054490159174,0.9997691704266151,0.9997153164585574,0.9996497612356601,0.9995516868627662,0.9994779078663871,0.999347173364523,0.9992655465385926,0.9990773396083388,0.9989150258163046,0.9986779931680649,0.9983995127014772,0.9980941992368432,0.9976825876258337,0.9972223382688036,0.9966489297886645,0.9959733585453865,0.9951433213396255,0.9941597110382167,0.9929525550770781,0.9915091653485524,0.989771505508354,0.9876821501210845,0.9851699987908703,0.9821361782639652,0.9784812513707268,0.9740705361980199,0.9687582134937649,0.962331405007263,0.9545913773782037,0.9452259561652196,0.9338877691764417,0.9201252137652434,0.9033636596337112,0.8828101470462391,0.8573885834944919,0.8254414791814705,0.78413374694058,0.7273377356680892,0.624339860080248,0.4923842923294891,0.3547289446610064,0.26671050799470614,0.20398745869844734,0.1580074482951389,0.12252980753691452,0.10072158208108369,0.07750253303971485,0.04430987949164298,0.0,0.0,0.0,0.0,0.0,0.0,0.0,0.0,0.0,0.0,0.0,0.0,0.0,0.0,0.0,0.0,0.0,0.0,0.0,0.0,0.0,0.0
0.8,3e-05,0.0029629629629629,0.5,0.9999979260188291,0.9999974546594721,0.9999967004845008,0.9999963233970153,0.9999949093189442,0.9999941551439729,0.9999924582502877,0.9999908556284738,0.9999887816473029,0.9999853407239967,0.9999836438303114,0.9999807214022979,0.9999777989742843,0.9999740280994281,0.999969785865215,0.9999649779997734,0.9999589446000035,0.9999510257628056,0.9999424470225078,0.9999320771166533,0.9999188790546567,0.9999047854098818,0.9998871565699293,0.9998648612723422,0.9998380409249277,0.9998059413527146,0.9997671013416961,0.999716335938945,0.9996691528673073,0.9996057078978523,0.9995172337465396,0.999420652214286,0.9993053577155587,0.9991477822825068,0.998963904997333,0.9987726745061898,0.9985086661303225,0.9982740705783334,0.997846029146223,0.997415725189199,0.9968713522677759,0.9962382223794258,0.9954665128401117,0.9945465607830146,0.9934143084715155,0.9920858292596887,0.9904680296745226,0.9885079289242882,0.9861585796170261,0.9833254270657182,0.9799047722118198,0.9757904649281299,0.9708284649767742,0.9648315012852084,0.9576056566139542,0.9488594894725658,0.9382754921981542,0.9254204855416174,0.9097598065842869,0.8905677975960296,0.8668410759135557,0.837092879852951,0.7989077755250991,0.7477779648550692,0.6713912586218697,0.5714529407073294,0.4889765543970381,0.4080602261506778,0.31718044522342337,0.23023147138217082,0.17285416952231877,0.13184105046015043,0.10379516871742553,0.08709693354342134,0.06664884614057558,0.04005941767510859,0.001366093688517064,0.0,0.0,0.0,0.0,0.0,0.0,0.0,0.0,0.0,0.0,0.0,0.0,0.0,0.0,0.0,0.0,0.0,0.0,0.0,0.0,0.0,0.0,0.0
0.9,3e-05,0.0134626038781163,0.5,0.9999930589670496,0.9999919729550915,0.9999908869431332,0.9999884316117494,0.9999857874087207,0.999983568166893,0.9999796962981724,0.9999755883398956,0.9999702054980159,0.9999637366441777,0.999956323432115,0.9999473048110707,0.9999362558198437,0.999923223676345,0.9999055641775462,0.9998857326548308,0.9998599044573897,0.9998329902479903,0.9997986156086172,0.9997575360258497,0.9997055018876777,0.9996456295762419,0.9995729612108637,0.9994871662661643,0.9993851283600029,0.9992614174325885,0.9991013959314403,0.9989199847165064,0.9986992409815206,0.9984339235383365,0.9981112835509229,0.9977275908042929,0.9972657996324935,0.9967081088829923,0.9960283598329694,0.9952223028704146,0.9942466391707326,0.9930794596231142,0.9916623556713716,0.9899658161209881,0.9879141506602669,0.9854523504226287,0.9824533047910503,0.9788512864331043,0.9745231038183991,0.9693011805799908,0.9629798354965747,0.9553536706543138,0.9461202553317993,0.9349287132307043,0.921310973197036,0.9046498499131473,0.8841389558911049,0.858612528120627,0.826331955892427,0.7844454662400434,0.7278670290735789,0.6486086959149518,0.570027703692875,0.5048434716799245,0.4454078314872074,0.3904853264674713,0.3391732918117909,0.28983973485443,0.2362948596126507,0.19026575373668383,0.15126829198271977,0.11525212192571263,0.07619261583639636,0.057184667928706995,0.03387578214109052,0.016053381548486845,0.003159917055128422,0.0,0.0,0.0,0.0,0.0,0.0,0.0,0.0,0.0,0.0,0.0,0.0,0.0,0.0,0.0,0.0,0.0,0.0,0.0,0.0,0.0,0.0,0.0,0.0,0.0,0.0,0.0
1.0,3e-05,0.0134626038781163,0.5,0.9999945227222977,0.9999938616715405,0.9999922090446476,0.9999902731102872,0.9999878649968147,0.9999847958325849,0.9999826710265797,0.9999794602086163,0.9999764382622978,0.9999722358681986,0.9999675612949871,0.9999567011754049,0.9999444717363971,0.9999297397480943,0.9999147716702353,0.9998959317236559,0.9998732199083556,0.9998498470422984,0.999816275107416,0.999775903793317,0.9997327938403668,0.9996861897619859,0.9996133325249627,0.9995364617654853,0.9994426869937886,0.9993236978574968,0.9991885601955652,0.9990219281868454,0.9988119501356193,0.9985723192361426,0.9982913726643424,0.9979317610524381,0.997522853941213,0.9970192277000666,0.9964014757674846,0.9956640736478537,0.9947768490958998,0.9937046247677587,0.9924217141197231,0.9908675837896,0.9890040344872069,0.9867455545753118,0.9840260389781968,0.9807487854136695,0.976798393306691,0.9720208850487506,0.9662711127807364,0.9593348016215009,0.9509346407784081,0.9407357136071255,0.9282992712765324,0.913134247509869,0.8944341603833792,0.8711967152954491,0.8418245303092716,0.80399632569102,0.7538049137224883,0.6829955647271626,0.6054001519661255,0.543572169083185,0.4882796172931634,0.43798536471397936,0.39220122536145785,0.3507846955795158,0.3126371090097252,0.2782442435227886,0.24472193466514286,0.21428720502262588,0.18560572364187594,0.15760063883945175,0.1295100896177068,0.10070480287371986,0.07012997768859258,0.032971653576917316,0.003286697146772722,0.0,0.0,0.0,0.0,0.0,0.0,0.0,0.0,0.0,0.0,0.0,0.0,0.0,0.0,0.0,0.0,0.0,0.0,0.0,0.0,0.0,0.0,0.0,0.0,0.0
1/0.9,3e-05,0.0134626038781163,0.5,0.999993531146162,0.9999923506983812,0.9999898953669974,0.9999874872535248,0.9999851735758748,0.9999818683220889,0.9999780908891907,0.9999745495458486,0.9999693083577025,0.9999637366441777,0.9999567483933162,0.999946927067781,0.9999362558198437,0.9999230348047001,0.9999057058312798,0.9998861103981207,0.9998646734664236,0.9998361538480426,0.9998037623609409,0.9997634382647531,0.9997097514996881,0.9996475182926909,0.9995750387989577,0.9994852775497153,0.9993804065688803,0.9992489046861133,0.9990983267672106,0.9989211651642872,0.9987024045815728,0.9984342068458039,0.9981116140763014,0.9977342013118646,0.9972631554294649,0.996718874566752,0.9960474358691052,0.9952239554973076,0.9942470169140224,0.993058400434707,0.9916687300893873,0.9899690269389516,0.9879130174303975,0.9854410181239341,0.9824661952808154,0.9788650268452712,0.9745240009587125,0.9693004250934112,0.9630069857955302,0.9553603755977079,0.9461484444248018,0.9349450978459,0.9213360931258088,0.9046993815020244,0.8842217761073969,0.8587247178777022,0.8265203553582224,0.7848310004852113,0.7288663961646968,0.6473300348789267,0.5693379916635833,0.5046620604649906,0.4453290247933697,0.3905184734411526,0.3393977657617637,0.29054611480638487,0.23814924864026582,0.18944945048739273,0.14891377083938903,0.11127443786604506,0.07676711616229438,0.05802901861726691,0.03561462893993334,0.012440455853047283,0.0008248969091344182,0.0,0.0,0.0,0.0,0.0,0.0,0.0,0.0,0.0,0.0,0.0,0.0,0.0,0.0,0.0,0.0,0.0,0.0,0.0,0.0,0.0,0.0,0.0,0.0,0.0,0.0,0.0
1/0.8,3e-05,0.0029629629629629,0.5,0.9999982559703791,0.9999975489313435,0.9999966062126294,0.9999959463095296,0.999995569222044,0.9999951921345583,0.9999939194642944,0.9999926467940304,0.9999917512112522,0.9999895829582098,0.9999873204332962,0.9999856235396108,0.9999798258195195,0.999973745283814,0.9999682303793368,0.9999619141639527,0.999954278142369,0.99994527517865,0.9999350466806025,0.9999218014826703,0.9999040783708463,0.9998868737543151,0.9998688206909412,0.9998477037917467,0.9998238058723457,0.9997918948438754,0.9997537147359568,0.9997113866656963,0.9996575574271246,0.9995902001750063,0.9995160082122113,0.9994217834767428,0.9993126166496569,0.9991682392786014,0.9989739449516376,0.9987510862476383,0.9985171505987489,0.9982178374070408,0.9978502713804362,0.997419684607798,0.9968757359097962,0.9962346871842481,0.9954745259491811,0.994536049469353,0.9934236413867845,0.9920893173189306,0.990458791031125,0.9885181102863998,0.9861537246156489,0.9833194879378198,0.9799081188632547,0.9757949899779573,0.9708250711894036,0.9648403157051847,0.9576100402559745,0.9488655700082714,0.9382753507903471,0.9254330708364498,0.909761220662358,0.8905782617737554,0.8668514458194102,0.8371166363645448,0.7989608977246353,0.7478911853726256,0.6724816542224654,0.571223294428589,0.48896057531483506,0.40816156841243717,0.31760716684933415,0.229720753518839,0.1725822423092536,0.13169917129368724,0.1037921991534763,0.08709914893239934,0.06664351977984125,0.040051545973846345,0.0007348021016593924,0.0,0.0,0.0,0.0,0.0,0.0,0.0,0.0,0.0,0.0,0.0,0.0,0.0,0.0,0.0,0.0,0.0,0.0,0.0,0.0,0.0,0.0,0.0
1/0.7,3e-05,0.0011303344867358,0.5,0.9999990601401735,0.9999988721682083,0.9999984962242776,0.999998402238295,0.9999980262943644,0.9999975563644511,0.9999971804205205,0.9999966165046247,0.999996240560694,0.9999953007008676,0.9999941728690758,0.9999929510513014,0.9999912593036137,0.9999897555278913,0.9999874058783251,0.9999852442007242,0.9999823306352621,0.9999784772099735,0.9999736839248584,0.9999681387518822,0.9999612777751488,0.9999538528825196,0.9999452061721159,0.9999341158261633,0.9999195010058615,0.9999060610103427,0.9998899894073098,0.9998692185051445,0.9998349606144691,0.9997928548942425,0.99974698973471,0.9996944515704095,0.9996384829177422,0.999568604339643,0.9994780018523697,0.9993840158697211,0.99922677732075,0.9990864562486557,0.9989062851199184,0.998686827850434,0.99841558430451,0.9980874322460925,0.9977029825840684,0.9972208344930812,0.9966631216720445,0.99597241868556,0.9951392799423715,0.9941509703418303,0.9929613897594471,0.991519973736557,0.9897810920785841,0.9876916896983233,0.9851684010291653,0.9821368361658437,0.9784765520715943,0.974067810604523,0.9687491908394307,0.9623380780120311,0.9545941499646918,0.9452315953241786,0.9338881451203723,0.920134142433595,0.9033668551571213,0.8828180888617729,0.857396995239939,0.8254550601559631,0.7841627416162271,0.7274417311578899,0.624005551939967,0.4924881468403158,0.3545269687842946,0.2665902999228986,0.20389601033733026,0.15793329335482917,0.1224611037835984,0.10067270937010642,0.07742612243582156,0.043216352583526636,0.000858843909442814,0.0,0.0,0.0,0.0,0.0,0.0,0.0,0.0,0.0,0.0,0.0,0.0,0.0,0.0,0.0,0.0,0.0,0.0,0.0,0.0,0.0
1/0.6,3e-05,0.0005273437499999,0.5,0.9999990658190718,0.9999988789828862,0.9999985053105149,0.9999984118924221,0.9999982250562365,0.9999978513838653,0.999997477711494,0.9999965435305659,0.999995983022009,0.9999951422591736,0.9999942080782455,0.9999928535158997,0.9999913588264147,0.9999903312273937,0.9999876221027021,0.9999853800684745,0.9999825775256901,0.9999790276381632,0.9999747304058937,0.9999697792469745,0.9999627728900135,0.9999535244988248,0.999946331305678,0.9999388578582529,0.9999298897213427,0.9999182124597409,0.9999043865820043,0.9998878515795762,0.9998681403619923,0.9998440384940461,0.9998150788852737,0.9997807010271179,0.999737822122516,0.9996876566066747,0.9996281492815519,0.9995571515310128,0.9994667228171683,0.9993660181131143,0.9992405576144644,0.999074086573069,0.9988483417517826,0.998661085184736,0.9983870899185109,0.9980172943981046,0.9976314309657343,0.9971442556117066,0.9965477810890859,0.9958576082193722,0.9950054483767182,0.9939825202603992,0.9927641614939122,0.9912796078719504,0.9894857469446795,0.987333394086233,0.9847429103724864,0.9816189159306761,0.9778609863110265,0.9733247905601391,0.967851144247858,0.9612548927142248,0.9532849281257542,0.9436538497199022,0.9319985413698988,0.9178471949979843,0.9006003934116142,0.8794691273988774,0.8533372375868257,0.8205563150187006,0.7782388064456055,0.7200597464754405,0.5862514070516367,0.41294851369245333,0.3123572192030792,0.2391277104267063,0.18400720552433497,0.14025932582311032,0.11008397399072144,0.08055937259287849,0.03767392872451747,0.006564302545890587,0.0,0.0,0.0,0.0,0.0,0.0,0.0,0.0,0.0,0.0,0.0,0.0,0.0,0.0,0.0,0.0,0.0,0.0,0.0,0.0
1/0.5,3e-05,0.0002666666666666,0.5,0.9999996301741126,0.9999995377176408,0.9999992603482253,0.9999990754352815,0.9999990754352815,0.9999984282399788,0.9999981508705632,0.9999978735011477,0.9999975961317321,0.9999969489364293,0.9999963941975982,0.9999958394587672,0.9999952847199362,0.9999945450681614,0.9999935280469712,0.9999916789175344,0.9999900147010413,0.9999876108327734,0.9999845597692028,0.999982155900935,0.9999793822067797,0.9999744820137723,0.9999691195384055,0.9999614456512428,0.999953263253485,0.9999441100627728,0.9999314435261308,0.9999138767964812,0.9998971421750783,0.9998759696430269,0.9998504516567992,0.9998192938257892,0.9997786129781797,0.9997312752645977,0.9996778816521102,0.9996027145405045,0.9995306447207054,0.9994341201641047,0.9993099973506598,0.9991809743442074,0.999004012657106,0.9988233527111312,0.9985427010908615,0.998292005367468,0.9979399311227022,0.9974923031142899,0.9969845783991819,0.9963824093980894,0.9956346214538494,0.9947397352629123,0.9936594738459363,0.9923559300494674,0.9907980384989673,0.9889177974593979,0.9866418427203542,0.9839150239963839,0.9806209848176766,0.9766537700675039,0.9718687315956726,0.96609764485167,0.9591374754233363,0.9507297612436431,0.9405560359953385,0.9282365809485766,0.913259788216432,0.8949748104653884,0.872564147571439,0.8447769559270631,0.8096747469154325,0.763707746756731,0.6971750525996425,0.5438506946324072,0.3959426216984892,0.30161113260980904,0.23054502026900117,0.1742262699254676,0.1258171707478263,0.08987185116948884,0.04806719514477782,0.019143389863839816,0.0,0.0,0.0,0.0,0.0,0.0,0.0,0.0,0.0,0.0,0.0,0.0,0.0,0.0,0.0,0.0,0.0,0.0,0.0,0.0
1/0.4,3e-05,0.0001360544217687,0.5,0.9999993637948654,0.9999991820219699,0.9999990911355221,0.9999989093626265,0.9999989093626265,0.9999984549303875,0.9999983640439398,0.9999973642930141,0.9999968189743274,0.9999960009962973,0.9999954556776105,0.9999949103589237,0.9999940923808937,0.9999931835164158,0.9999920928790422,0.9999905478094299,0.9999887300804741,0.9999865488057271,0.9999842766445324,0.9999803685272773,0.9999767330693657,0.9999717343147373,0.9999669173330045,0.9999597373036291,0.9999501033401633,0.9999384698748461,0.9999252913399166,0.99990911355221,0.9998890276472484,0.9998670331268833,0.9998397671925463,0.9998030490676391,0.9997547883638627,0.9997097995722066,0.9996567218866972,0.9995903747798105,0.999513121299189,0.999417508756114,0.9993074452678403,0.9991764778965749,0.9989919784075613,0.9987820307131664,0.9985199141977401,0.998239529506308,0.9978607147919193,0.9974370021723225,0.9969215851269054,0.9962832896040764,0.9955055742703375,0.9946067981881423,0.9935068903969879,0.9921811297830754,0.9905701674959979,0.9886491915355088,0.9863233164501153,0.9835265586787219,0.9801493091652939,0.976095591820965,0.9711903593472917,0.965282194922256,0.9581433371076961,0.9495269837546382,0.9391034442737244,0.9264612757158092,0.9110676562807238,0.8923042400209293,0.8692557095207326,0.8406390662399064,0.804326658435687,0.756162112520967,0.6792879464893314,0.5702385237568768,0.42011597019851554,0.3191592131069528,0.24202779298484772,0.17895441594755415,0.12101766828000715,0.07311951054375954,0.04094861639243423,0.016948323010980763,0.0009708490352926165,0.0,0.0,0.0,0.0,0.0,0.0,0.0,0.0,0.0,0.0,0.0,0.0,0.0,0.0,0.0,0.0,0.0,0.0,0.0
1/0.3,3e-05,6.52095157589663e-05,0.5,0.9999994712653888,0.9999992068980832,0.9999990306532128,0.9999987222246897,0.9999985459798193,0.9999983697349488,0.9999978410003377,0.9999975325718145,0.9999970478984209,0.9999964310413746,0.9999959904291985,0.9999955498170225,0.9999945364090178,0.9999933908173603,0.9999917605523091,0.99998990998117,0.9999877950427253,0.9999852835533222,0.9999820230232199,0.9999776609626777,0.9999738716979643,0.9999676150050653,0.9999615786182543,0.9999532951093458,0.9999424119885991,0.9999245231342542,0.9999045634026822,0.9998824006102303,0.9998592684709912,0.9998317302099923,0.9998010195413263,0.9997661230569884,0.9997204756355567,0.9996684393375731,0.999606268959542,0.9995257691149899,0.9994294512933201,0.9993126009442496,0.9991833693930339,0.9990199463369619,0.9987878318426542,0.9985542633281659,0.99824561449889,0.9979222051617188,0.9974804914552962,0.9969437377025142,0.9963561373046238,0.9955907058325068,0.9946790792403987,0.9935854798196099,0.9922959401641616,0.9907118512690688,0.9888149277290285,0.9865336141266609,0.9837758225171856,0.9804459400584146,0.976451041642433,0.9716232099689739,0.9657982729412661,0.958787868854077,0.9503113277513058,0.9400570487020975,0.9276080804043199,0.9125256171919116,0.8941550856162331,0.8716075506122394,0.8436450682102897,0.8082193205266761,0.7606815847374763,0.6898572310802894,0.6066183209362691,0.4957207304856392,0.36365868665142503,0.27486096923399045,0.2020472075410245,0.1330609556983844,0.07540143294129424,0.04440366138143549,0.022351682891769434,0.005457554595373501,5.719146044254382e-05,0.0,0.0,0.0,0.0,0.0,0.0,0.0,0.0,0.0,0.0,0.0,0.0,0.0,0.0,0.0,0.0,0.0,0.0,0.0
1/0.2,3e-05,2.6041666666666645e-05,0.5,0.9999990089295857,0.9999988437511833,0.9999985959835798,0.9999985959835798,0.9999982656267751,0.9999979352699703,0.9999977700915679,0.9999974397347632,0.9999962008967452,0.999995622772337,0.9999948794695263,0.9999938058099108,0.9999923192042894,0.9999903370634609,0.9999885201010347,0.999986042424999,0.9999833169813598,0.9999794352889039,0.999975140650442,0.9999691529333558,0.9999632891000713,0.999954452055544,0.999943963226993,0.9999323181496252,0.9999187735206302,0.9999009342531733,0.9998804521312783,0.9998552624249156,0.9998272646857124,0.9997925772212128,0.9997480616417718,0.9996936353581879,0.9996313631004912,0.9995485261316981,0.9994464045844275,0.9993365196522449,0.9992038813951348,0.9990149173028134,0.9988181072363791,0.998597428890801,0.998310514005869,0.997972558994602,0.9975184009772615,0.9970701067932054,0.9964549824227468,0.9957087889900006,0.9948373903282512,0.9937724025789139,0.9924962342421353,0.9909768820024545,0.9891272555472173,0.9869064319272343,0.9842246779754132,0.9809816478123091,0.9770956607179454,0.9724014557007423,0.9667450864896827,0.95991223410768,0.9516500104206924,0.941668733805548,0.9295467038009739,0.9148537958471754,0.8969528342569766,0.8750036390866774,0.8477544884030515,0.812913118927087,0.7653612300934732,0.7036116794509932,0.6330307829361295,0.5466229048513351,0.4140359356350971,0.31222459340407127,0.2304008289312945,0.15245586629237792,0.08233515680654152,0.04971762545640341,0.027795395660292613,0.01209328896256029,0.003004347371666808,0.00038065362828194514,0.0,0.0,0.0,0.0,0.0,0.0,0.0,0.0,0.0,0.0,0.0,0.0,0.0,0.0,0.0,0.0,0.0,0.0,0.0,0.0
0.2,0.0001,8.680555555555555e-05,0.5,0.9999991741079881,0.999999091518787,0.9999987611619822,0.9999985959835798,0.9999982656267751,0.9999980178591714,0.9999978526807691,0.9999975223239643,0.9999971093779584,0.99999653125355,0.9999955401831357,0.9999947142911239,0.999993888399112,0.999992154025887,0.999990832598668,0.9999881897442299,0.9999858772465966,0.999982078143342,0.9999781138616848,0.999972993331211,0.999966881730323,0.9999604397726303,0.9999535022797303,0.9999447478244043,0.9999334331038413,0.9999194755288403,0.9999015536721823,0.9998812367286897,0.999856129611528,0.9998278015155201,0.9997742424185487,0.9996957826774189,0.9996159602144693,0.999532132175262,0.9994350898638645,0.999309719456459,0.999201114656895,0.9990373402709364,0.9988230212938498,0.9986106018683907,0.9983103075328661,0.9979637632446754,0.9975395851073666,0.9970503266795205,0.9964390014123167,0.9957108950146308,0.9948336738141976,0.9937830978804679,0.992508787800716,0.9909673842443177,0.9891272142526166,0.9869041607242016,0.9842244715024103,0.9809896176702239,0.9770979319209782,0.9724048005633905,0.9667422371622416,0.9599112843318663,0.9516555026025716,0.9416737717468207,0.9295607439651761,0.9148565625854153,0.8969579134928497,0.8750060341735119,0.8477624582609663,0.81297027065431,0.7654308527900758,0.7033360379920236,0.6328694862262066,0.5464351795970316,0.41378114794942783,0.31205718509326036,0.23026257460850344,0.1523078664438465,0.08212215925667407,0.04966410765403268,0.027761947033810904,0.012075284516701002,0.003000796036015664,0.00038147952029383915,0.0,0.0,0.0,0.0,0.0,0.0,0.0,0.0,0.0,0.0,0.0,0.0,0.0,0.0,0.0,0.0,0.0,0.0,0.0,0.0
0.3,0.0001,0.00021736505252980003,0.5,0.9999996034490416,0.9999995153266065,0.9999990747144304,0.9999988544083425,0.9999985900410369,0.9999985900410369,0.9999984137961665,0.9999981053676432,0.9999976206942497,0.9999968275923329,0.9999964310413746,0.9999955938782402,0.9999950210824115,0.9999940957968418,0.9999929942664019,0.9999914521237859,0.9999892931241237,0.9999868256959381,0.9999846226350582,0.9999814502273912,0.9999783659421593,0.9999730345348299,0.9999684521681996,0.9999633851281758,0.9999539560276098,0.9999431610292983,0.9999329388268154,0.9999198967064064,0.9999043430965942,0.9998843833650222,0.999858078818116,0.999828249373802,0.9997776230347816,0.9996635485424197,0.9995913762679938,0.9995066906077699,0.9994077731742618,0.9993199151063709,0.9991985705131052,0.9989864598115872,0.9988058969418695,0.9985457595131694,0.998257687272512,0.9979177109175238,0.9974677137021927,0.9969644024135678,0.9963432273678675,0.9955883265267564,0.9946766558734308,0.9936097575505065,0.9922994210003517,0.9907208397574588,0.9888187610549595,0.9865345394122305,0.9837746769255281,0.9804506546086976,0.9764420972152605,0.9716234743362795,0.9657959817579509,0.9587810834265669,0.95030648101737,0.9400546253351296,0.9276045114456943,0.9125178183563968,0.8941316009872533,0.8715741522092999,0.8436150184598877,0.8081957918364786,0.7607211517108795,0.6895362010488685,0.60641577151897,0.49490057498126516,0.3635277807739406,0.2747665460446774,0.20197794330696006,0.13310457630380668,0.07529321859087292,0.044340213228094,0.02230766573538877,0.005427637028624282,5.886578671127777e-05,0.0,0.0,0.0,0.0,0.0,0.0,0.0,0.0,0.0,0.0,0.0,0.0,0.0,0.0,0.0,0.0,0.0,0.0,0.0
0.4,0.0001,0.000453514739229,0.5,0.9999993637948654,0.9999991820219699,0.9999989093626265,0.9999986367032832,0.9999983640439398,0.9999978187252531,0.9999973642930141,0.9999968189743274,0.9999961827691928,0.9999956374505061,0.9999949103589237,0.9999937288351025,0.9999919111061467,0.999989184512713,0.9999878212159962,0.9999866396921748,0.9999850037361147,0.9999829133478155,0.9999806411866208,0.9999774601609481,0.999974006475932,0.9999700983586771,0.9999650996040487,0.9999602826223157,0.9999519210691191,0.9999365612594426,0.9999200199259448,0.999903024160208,0.9998849377570979,0.9998633976689717,0.9998374950313516,0.9997999134851904,0.9997551973528777,0.9996926220335742,0.9996448157620368,0.9995891932559893,0.9995257545154319,0.999448228375467,0.9993345748725057,0.9991454856178785,0.9990052478289386,0.9987774863907769,0.9985278213186979,0.9982198980335854,0.9978915252977202,0.9974296403700514,0.9969134053466043,0.9962826533989418,0.9955272052449115,0.9946061619830078,0.9935133887780049,0.9921832656145985,0.9905701674959979,0.9886496005245239,0.9863161364207399,0.9835300123637379,0.9801507179052346,0.9760861396303948,0.9711821795669906,0.9652745604606416,0.9581340666900214,0.9495180768827548,0.9390927651161091,0.9264500057962832,0.9110508877311067,0.8922807913173996,0.8692275801651416,0.8405991670893265,0.8042862139664204,0.7561204865278791,0.6787566697587751,0.5698402138994372,0.4201121529677084,0.3190945019561263,0.24199007510901488,0.17893878347853429,0.12108128879346014,0.07292701304734034,0.04086063831097352,0.016886156680692415,0.0009007755840465383,0.0,0.0,0.0,0.0,0.0,0.0,0.0,0.0,0.0,0.0,0.0,0.0,0.0,0.0,0.0,0.0,0.0,0.0,0.0
0.5,0.0001,0.0008888888888888,0.5,0.9999991678917535,0.9999990754352815,0.9999990754352815,0.9999989829788097,0.9999988905223379,0.9999986131529224,0.9999984282399788,0.9999979659576195,0.9999974112187885,0.9999972263058448,0.9999961168281827,0.9999952847199362,0.9999939903293305,0.9999927883951965,0.9999908468092878,0.9999890901363229,0.9999870560939425,0.9999848371386183,0.9999816936185757,0.9999779953597021,0.9999735574490538,0.999968287430159,0.9999610758253554,0.9999532170252491,0.999943416639234,0.999932506775557,0.9999176212835907,0.9998954317303492,0.9998762932406784,0.9998576170333667,0.9998311744824205,0.9997979363807942,0.9997610000202942,0.9997068205277961,0.999659020531855,0.999604193844054,0.9995380874666885,0.9994490518843068,0.9993332963815634,0.999180096007725,0.998996569911123,0.9988420751466788,0.9985542581498416,0.9982713413460118,0.9979163084941471,0.9974924880272336,0.9969830528673965,0.9963766308685994,0.995621538863084,0.9947420004464723,0.993661369203609,0.9923618472636652,0.9907922599694774,0.988908459355742,0.9866464655439462,0.9839055472080203,0.9806220018388667,0.9766500255803944,0.9718626294685311,0.9660918200939441,0.9591291543408706,0.9507163088269904,0.9405483158799399,0.9282249314331248,0.9132488321245189,0.8949558568886613,0.8725274885803544,0.8447367835900488,0.8096183484676103,0.7636201442496628,0.6970079375267921,0.5430868654903029,0.3959366120278196,0.30161390630396423,0.23055953593508002,0.17425243510699825,0.12587560323802904,0.0903762012233748,0.04790687562260766,0.01902985331642058,0.0,0.0,0.0,0.0,0.0,0.0,0.0,0.0,0.0,0.0,0.0,0.0,0.0,0.0,0.0,0.0,0.0,0.0,0.0,0.0
0.6,0.0001,0.0017578124999999,0.5,0.9999994394914431,0.9999994394914431,0.9999992526552575,0.999998972400979,0.9999985053105149,0.9999981316381437,0.9999978513838653,0.999997477711494,0.99999701062103,0.9999963566943803,0.9999957961858233,0.9999946751687095,0.9999935541515959,0.9999922462982964,0.9999910318630898,0.9999892569193264,0.99998738855747,0.9999850531051496,0.9999815032176227,0.9999779533300958,0.9999739363521047,0.9999687983569999,0.9999630998533383,0.9999553461516346,0.9999473121956526,0.9999360086064221,0.9999217156382214,0.9999051806357933,0.9998769683717633,0.9998450660930671,0.9998206372617962,0.999788968528332,0.99974011086579,0.9996873296433498,0.9996267013011132,0.9995509392278407,0.999463126220595,0.9993540138881876,0.9992322901132503,0.9990748806268578,0.9988645964999323,0.9986344143192374,0.9983951705835394,0.9980340162367185,0.9976427812640113,0.9971407524332261,0.9965634286196323,0.9958504617352719,0.995004280650558,0.9939814459523318,0.9927496349804796,0.9912638202142646,0.9894751439911451,0.987323631895534,0.9847406216292125,0.981615693006474,0.9778519714650699,0.9733191387655238,0.9678467535974957,0.9612397122741425,0.9532716627565745,0.9436378752260309,0.9319736921572102,0.9178188893158614,0.9005726482380484,0.8794342357412112,0.8532830550929933,0.8204772366031332,0.7781082079518509,0.7197733266028712,0.5869933335447696,0.41318719691959443,0.3124965055794657,0.23922206270044896,0.18408371494235007,0.1403344339697332,0.11016496747719162,0.08081860780043877,0.03740086763922063,0.0063752243260340015,0.0,0.0,0.0,0.0,0.0,0.0,0.0,0.0,0.0,0.0,0.0,0.0,0.0,0.0,0.0,0.0,0.0,0.0,0.0,0.0
0.7,0.0001,0.0037677816224529,0.5,0.9999996240560695,0.9999995300700868,0.9999988721682083,0.9999984962242776,0.9999982142663296,0.9999979323083817,0.9999973683924859,0.9999969924485552,0.9999964285326594,0.9999959586027461,0.9999947367849716,0.9999937969251452,0.9999928570653187,0.9999910713316483,0.9999896615419086,0.9999872179063598,0.9999841163689324,0.9999812028034702,0.9999765035043379,0.9999713342752922,0.9999656011303506,0.9999586461676346,0.9999501874291963,0.9999397549851222,0.9999277247793432,0.9999117001693016,0.9998931849307199,0.9998716151477021,0.9998454870445257,0.9998137197823905,0.9997725539219904,0.9997224593932387,0.9996608515816126,0.9995801646155088,0.999474712342977,0.9993623051077293,0.9992272472506633,0.9990798772298704,0.9989086347694845,0.9986921850514449,0.998401956337026,0.9980857404984048,0.997693489999821,0.9972285413436583,0.9966297566482042,0.9959700690359937,0.9951536597977167,0.9941489966361947,0.9929427805348827,0.9915094473065004,0.9897746070457814,0.9876800354364749,0.9851591904028657,0.9821254638619432,0.9784697850808437,0.9740555924267786,0.9687383354584347,0.962314581516369,0.9545652962680187,0.9451939069451365,0.9338533703067924,0.9200818392342511,0.9033033676258422,0.8827390936433568,0.8572942685609041,0.8253024269201419,0.7839063008625704,0.7267871657817339,0.6244641095493095,0.4901819187980847,0.3562544311453757,0.26721981803467887,0.20421556267833546,0.15810284406752723,0.12255884920555293,0.10067430713181144,0.07742696830966539,0.04331766947282181,0.0012926832053487046,0.0,0.0,0.0,0.0,0.0,0.0,0.0,0.0,0.0,0.0,0.0,0.0,0.0,0.0,0.0,0.0,0.0,0.0,0.0,0.0,0.0
0.8,0.0001,0.0098765432098765,0.5,0.9999985859219289,0.9999983031063148,0.9999974546594721,0.9999971718438578,0.9999967004845008,0.9999959463095296,0.9999951921345583,0.9999941080080372,0.9999925996580947,0.9999913741237665,0.9999893001425957,0.9999868962098748,0.9999845394130897,0.9999797786835838,0.999975159361885,0.9999701629527006,0.9999642238248021,0.9999564463954113,0.9999474905676279,0.9999372620695806,0.9999235926482269,0.9999077078378954,0.9998889005995503,0.9998656154473134,0.9998394550029988,0.9998078267901427,0.9997688925072528,0.9997202482216083,0.999662082476952,0.9995952908560621,0.9995112474827054,0.9994118849302455,0.9992909812551697,0.9991501862152276,0.9989769145155868,0.9987669239220341,0.998509231761551,0.9982048278887871,0.9978414569604599,0.9974069579051583,0.9968660730429773,0.9962222432972228,0.9954509108453943,0.9945155453373227,0.9934072380811602,0.992071217119621,0.9904446502504144,0.988487707607872,0.9861185140716794,0.9832896508905203,0.9798645181227302,0.9757420091862282,0.970762851754277,0.9647591004879701,0.9575227445030543,0.9487539049765933,0.9381403534704964,0.9252593749133877,0.9095533511859119,0.8903041191717123,0.8664882634348258,0.836608133890191,0.7981478499697104,0.746203388922942,0.6663181121341285,0.5715098337817218,0.4870484589471453,0.4034520285327017,0.31645408045425466,0.24153905240554477,0.17578036841070258,0.1326051239778808,0.10343622856705435,0.08660700262773414,0.06580054070574562,0.03722899900807137,0.011127616020863497,0.0,0.0,0.0,0.0,0.0,0.0,0.0,0.0,0.0,0.0,0.0,0.0,0.0,0.0,0.0,0.0,0.0,0.0,0.0,0.0,0.0,0.0,0.0
0.9,0.0001,0.04487534626038779,0.5,0.9999928700954047,0.9999916896476241,0.9999894231878852,0.9999868262027677,0.9999847486146737,0.9999816794504439,0.9999788463757704,0.9999743606742038,0.999968788960679,0.9999621784531072,0.9999547180231334,0.9999448966975982,0.9999344615392171,0.9999208155628725,0.9999034393715409,0.9998832301055358,0.9998597155857448,0.9998325652867893,0.9998007404146224,0.9997588581273641,0.9997065406817246,0.9996501152778084,0.9995738111332657,0.9994815001168171,0.9993728044851727,0.9992465910084631,0.9990923300924848,0.9989074719700314,0.998686822670868,0.9984137614902426,0.9980913575923851,0.9977118672398544,0.9972056440135905,0.9966669820823136,0.9959838333426825,0.995158511472347,0.9941610803155894,0.9929646728809215,0.9915148469166988,0.9897531938667333,0.9876672009845501,0.9851515251102019,0.9821223544512608,0.9784603693460565,0.9740387424850333,0.9687187476450067,0.9622947980404944,0.9545038426880514,0.9450706483831359,0.9336670034248096,0.91973979720096,0.9026887011882482,0.881663084715921,0.8553281446515044,0.8216781113439898,0.7765263614765305,0.706834613222035,0.6327244017065686,0.5549058843149842,0.4865848720234065,0.42212888185530884,0.35735143214757825,0.3066461476511639,0.2637654848778973,0.22578915767212676,0.1919192305520284,0.16160009035619494,0.13339262958625211,0.09973456923382895,0.07318171850910012,0.05931192926530252,0.04541532024792803,0.023866954280407533,0.009222271895464833,0.00444273326734158,0.0029008795941374995,0.001672741723125123,0.0,0.0,0.0,0.0,0.0,0.0,0.0,0.0,0.0,0.0,0.0,0.0,0.0,0.0,0.0,0.0,0.0,0.0,0.0,0.0,0.0,0.0,0.0
1.0,0.0001,0.04487534626038779,0.5,0.999993531146162,0.9999923506983812,0.9999909813789557,0.9999886677013056,0.9999863068057442,0.9999838514743604,0.9999800740414623,0.999975446686162,0.9999699694084597,0.9999634533367103,0.9999570789186947,0.9999490046558749,0.9999363502556661,0.9999256317898176,0.9999129773896088,0.9998939485713844,0.9998729838187995,0.9998450780332645,0.9998133003790087,0.9997745816918027,0.9997314245209412,0.9996765573080956,0.9996082802084614,0.999531409448984,0.9994348016026137,0.9993188816305516,0.9991779833834504,0.9990063934940517,0.9988015149772381,0.9985713276600069,0.9982719661028281,0.9979045163176602,0.997484796304764,0.9969788563859675,0.9963473168233073,0.9956152503276451,0.9947058805753257,0.99362001027084,0.9923157099090186,0.9907417952740915,0.9888551564131084,0.9865727842381324,0.983818610694177,0.980499616496125,0.9764987956599562,0.9716770442191961,0.9658532814842894,0.9588168683532526,0.9502759036988812,0.9399304121311503,0.9273217188604014,0.9118632357754626,0.892801553884797,0.8689766707632927,0.8386643771645871,0.7989762590231068,0.7442251078032132,0.6645035669354499,0.590982729387918,0.5298556963971411,0.47404799719563384,0.4225383083635575,0.3744861982989842,0.3288654329193078,0.2853038878661489,0.24336909429058015,0.2004667112781492,0.1578818215008081,0.12428986622410262,0.09429988208743209,0.06566358824772632,0.03549464822750572,0.010183911875512432,0.00019689868981628643,0.0,0.0,0.0,0.0,0.0,0.0,0.0,0.0,0.0,0.0,0.0,0.0,0.0,0.0,0.0,0.0,0.0,0.0,0.0,0.0,0.0,0.0,0.0,0.0,0.0,0.0
1/0.9,0.0001,0.0448753462603877,0.5,0.9999925867879373,0.9999913591222455,0.9999898481490862,0.9999873928177024,0.9999847486146737,0.9999824821549348,0.9999798379519061,0.9999748800712273,0.9999696861009923,0.9999636422083553,0.9999555207276243,0.9999455577483554,0.9999351225899742,0.9999229875867889,0.9999064140999482,0.9998875269354575,0.9998631152753531,0.9998367676808885,0.9998036207072072,0.999761549548304,0.9997126790101841,0.9996450157433959,0.9995701281361901,0.9994811695914385,0.9993709157687236,0.9992336060828757,0.9990834531251741,0.9989022779997964,0.9986838479424607,0.9984085203020964,0.9980719982487821,0.9976960964575046,0.9972047468732771,0.99664875596858,0.9959617825781395,0.9951401909227909,0.9941321357360073,0.9929279373459869,0.991499076134349,0.9897581517474121,0.9876738587100331,0.9851460478324996,0.9820985566240025,0.9784322274709653,0.9740041789740153,0.9686652969694978,0.9622338397171005,0.9544420344422554,0.9450099733672094,0.9335652488261155,0.9196275602259736,0.9025665956698153,0.881502449381927,0.8551926292462831,0.8216319794447211,0.7773614102365788,0.714208162239232,0.6249084680790866,0.5509605445245072,0.48530219746492703,0.42323892773034266,0.35993212708568595,0.3043794990406265,0.25972240401118046,0.2206721998503759,0.18630138512798225,0.15615850939475892,0.12938708695896065,0.10202699882389626,0.06958904929757691,0.04690754789643261,0.035290902940561523,0.02533000125977387,0.017161019310048105,0.008322062417923467,0.002591177314400084,7.871225801528764e-05,0.0,0.0,0.0,0.0,0.0,0.0,0.0,0.0,0.0,0.0,0.0,0.0,0.0,0.0,0.0,0.0,0.0,0.0,0.0,0.0,0.0,0.0,0.0
1/0.8,0.0001,0.0098765432098765,0.5,0.9999983031063148,0.9999976432032149,0.9999972661157293,0.9999970775719865,0.999996511940758,0.9999954749501726,0.9999949093189442,0.9999935895127445,0.9999922697065449,0.9999907613566024,0.9999884988316887,0.9999859534911608,0.9999831253350187,0.9999795430039053,0.9999753007696921,0.9999698330011507,0.9999632339701524,0.9999574833859968,0.9999487161019561,0.9999371677977091,0.9999236869200984,0.9999083206050595,0.9998895605026501,0.9998648612723422,0.9998377581093135,0.9998021233419228,0.999761256485669,0.9997158645795879,0.9996593485926812,0.9995939239139268,0.9995149712216258,0.9994181068737581,0.9992956477128041,0.9991484893215423,0.9989725780095022,0.9987617389691069,0.9985175276862346,0.9982139722603133,0.9978393358433534,0.9974045539724375,0.996873709064561,0.9962239873268438,0.9954698123556108,0.9945419885972515,0.9934144498793226,0.9920617427965449,0.9904479497659135,0.9884904414921427,0.9861327962601971,0.9832929032700838,0.979876113562913,0.9757516249171114,0.9707775110302803,0.9647779077263152,0.9575284008153385,0.9487690356119536,0.9381694363428246,0.9252803504047752,0.9095980360529574,0.8903582783618339,0.8665731081190895,0.8367283776621669,0.7983958792633746,0.7468746989192107,0.6684755239112118,0.5702415942957222,0.4870830095880149,0.4045430840363972,0.31559281263710665,0.2353419966669237,0.174193819950907,0.13203147964038675,0.10366252819435993,0.08687680872369273,0.06623965908274601,0.038789057072002406,0.007598548514850365,0.0,0.0,0.0,0.0,0.0,0.0,0.0,0.0,0.0,0.0,0.0,0.0,0.0,0.0,0.0,0.0,0.0,0.0,0.0,0.0,0.0,0.0,0.0
1/0.7,0.0001,0.0037677816224529,0.5,0.9999990601401735,0.9999988721682083,0.9999988721682083,0.9999987781822256,0.9999984962242776,0.9999980262943644,0.9999975563644511,0.9999974623784685,0.9999971804205205,0.9999960525887288,0.999994642798989,0.9999937969251452,0.9999925751073707,0.9999908833596831,0.9999885337101169,0.9999864660184986,0.999984210354915,0.9999809208455224,0.9999768794482684,0.9999720861631534,0.9999656011303506,0.9999582232307127,0.999949576520309,0.9999390500902524,0.9999272078564386,0.9999104783515272,0.9998859480100559,0.9998610417246541,0.9998301203363626,0.9997978361513229,0.9997569522488707,0.9997085024748154,0.9996470356421632,0.9995753713303936,0.9994914888408798,0.9993771078999965,0.9992383845896071,0.9990844825430201,0.9988991421852371,0.9986796379227613,0.9984271445803758,0.9980821690310642,0.9976946648246041,0.9972216333739337,0.9966590332817993,0.995958367781154,0.9951194489000327,0.9941508293628564,0.992956596474332,0.9915182819888694,0.989774701031764,0.9876798004715183,0.9851694348749744,0.982125134911004,0.9784656496976072,0.974057096202501,0.9687363147598078,0.9623134536845771,0.9545707944480036,0.9452014258237483,0.933858821493786,0.92009067391662,0.903314786922734,0.8827527686038321,0.8573146165261475,0.8253350400561209,0.7840077587308396,0.7271545099949158,0.623651694715295,0.4907217742824182,0.35534445886137206,0.2667589107757702,0.20389384865972934,0.15787022876047196,0.12235997486626853,0.10058492646231264,0.07726493647557922,0.04267301961783514,0.001635168126120166,0.0,0.0,0.0,0.0,0.0,0.0,0.0,0.0,0.0,0.0,0.0,0.0,0.0,0.0,0.0,0.0,0.0,0.0,0.0,0.0,0.0
1/0.6,0.0001,0.0017578124999999,0.5,0.9999996263276287,0.9999995329095359,0.9999993460733503,0.9999990658190718,0.999998972400979,0.9999986921467006,0.9999983184743293,0.999997944801958,0.9999977579657725,0.9999971040391228,0.999995983022009,0.999994955422988,0.9999941146601526,0.999992993643039,0.9999917792078323,0.9999904713545329,0.9999886964107695,0.9999859872860778,0.9999834649975718,0.9999797282738593,0.9999752442054042,0.9999697792469745,0.9999638939071271,0.9999558599511451,0.9999461444694925,0.9999354013888188,0.9999223228558247,0.9999056944353037,0.9998856095453487,0.9998630023668875,0.9998366584647138,0.9998030279513006,0.9997614101909518,0.9997103104941821,0.9996515038047554,0.9995557502596205,0.9994587355702327,0.9993419162451681,0.9992043113944523,0.9990521333212575,0.9988742185634922,0.9986551998448886,0.9983570092926246,0.9980253283540867,0.9976239575183091,0.9971393044527874,0.9965355433189271,0.9958661092658183,0.9950022721615625,0.9939870043288543,0.9927475330733913,0.9912783000186509,0.9894836917466376,0.9873319461057944,0.9847362776878966,0.9816158331336132,0.9778518313379306,0.9733144211518366,0.9678402143309988,0.9612393853108177,0.9532682062871404,0.9436334378666222,0.9319767282452266,0.9178162269002162,0.9005710601304705,0.8794215775896348,0.8532863714352882,0.8204932110970045,0.7781513671107311,0.7199148083044388,0.5848935750725777,0.41299475564839655,0.31232396236203724,0.2390711924805535,0.1839372353728169,0.14017786524617606,0.11003343480250878,0.08038692279354288,0.03771867599097563,0.006581024384504386,0.0,0.0,0.0,0.0,0.0,0.0,0.0,0.0,0.0,0.0,0.0,0.0,0.0,0.0,0.0,0.0,0.0,0.0,0.0,0.0
1/0.5,0.0001,0.0008888888888888,0.5,0.9999993528046971,0.9999992603482253,0.9999992603482253,0.9999990754352815,0.9999989829788097,0.9999987056093942,0.9999986131529224,0.9999980584140914,0.9999975036752603,0.9999973187623167,0.9999967640234856,0.9999957470022953,0.9999950998069925,0.9999936205034431,0.9999923261128373,0.9999911241787034,0.9999889052233792,0.9999871947786502,0.999984975823326,0.999981554933868,0.9999773943926352,0.9999731413949305,0.9999683336583949,0.9999621390747816,0.9999538179923161,0.9999442949757166,0.9999337549379268,0.9999186845330169,0.9999022272810294,0.9998804075536752,0.9998547046545038,0.9998255808658743,0.9997889681030258,0.999746715495395,0.9996942926758619,0.9996253201478693,0.9995336033278043,0.9994345824464639,0.9993032017999796,0.999166736047544,0.9990064165253739,0.9988172505839897,0.9985791289407664,0.9982700007271702,0.9979161698094393,0.9975002543708682,0.9969915126345699,0.9963621614307565,0.9956392442774413,0.9947289178557069,0.9936553133047036,0.9923599056777566,0.9908007197366507,0.9889057318898228,0.9866490543251577,0.9839067029139182,0.9806108146057742,0.9766435998556015,0.9718599482308478,0.9660840537503096,0.9591254560819971,0.95071076143868,0.9405402721668898,0.9282128196353138,0.9132332994372498,0.8949422657873009,0.87252198742028,0.8447298955828967,0.8096055894744963,0.7636076626259645,0.6968508539811363,0.5437797805185061,0.39589190932368507,0.3015524227501908,0.23047891389163574,0.17416524865405336,0.12573987713736826,0.0897687622033875,0.048053419130473694,0.019128227002458094,0.0,0.0,0.0,0.0,0.0,0.0,0.0,0.0,0.0,0.0,0.0,0.0,0.0,0.0,0.0,0.0,0.0,0.0,0.0,0.0
1/0.4,0.0001,0.000453514739229,0.5,0.9999989093626265,0.999998727589731,0.999998727589731,0.9999985458168353,0.9999983640439398,0.9999980004981486,0.9999978187252531,0.9999970916336707,0.999997000747223,0.9999966372014317,0.9999956374505061,0.9999948194724759,0.9999938197215503,0.9999920019925945,0.9999908204687732,0.9999892753991608,0.999987457670205,0.9999855490548014,0.9999828224613677,0.9999796414356951,0.9999759150913357,0.9999709163367072,0.9999660084685266,0.9999593737578378,0.9999521028420146,0.9999422871056534,0.9999293812300671,0.9999143849661818,0.9998979345191319,0.9998756673394233,0.9998514461010872,0.9998203629359431,0.9997812817633934,0.9997367474039763,0.9996818065462872,0.9996116422085934,0.9995251183102973,0.9994215986462646,0.9993091266671245,0.9991497572809247,0.9989853436968726,0.9987812127351363,0.9985495431797197,0.9982439829422497,0.9978579881984856,0.9974384563554871,0.9969102243209317,0.9962967862415731,0.9955075737721888,0.9946059802101122,0.9935073902724507,0.9921636341418758,0.9905727123165361,0.9886495096380761,0.9863202263108904,0.9835208328325111,0.9801484457440398,0.9760886844509329,0.9711817251347516,0.9652641085191458,0.9581302494592143,0.9495064888606616,0.9390797229108512,0.9264307378693517,0.9110350734891912,0.8922661585993054,0.8692129020038235,0.8405846252576801,0.8042475417828858,0.7559991076768556,0.6795302043159157,0.5702839669807718,0.42003262732589214,0.31910495389762217,0.24197953228107125,0.1789096089287937,0.12100003630913589,0.07308888181085431,0.04092653098562126,0.016930691040109507,0.0009310407711606031,0.0,0.0,0.0,0.0,0.0,0.0,0.0,0.0,0.0,0.0,0.0,0.0,0.0,0.0,0.0,0.0,0.0,0.0,0.0
1/0.3,0.0001,0.00021736505252980003,0.5,0.9999992950205184,0.9999991187756481,0.9999990306532128,0.9999988544083425,0.9999984137961665,0.9999979731839905,0.9999977088166849,0.9999969597759857,0.999996607286245,0.9999955498170225,0.999994624531453,0.999993743307101,0.9999924214705731,0.9999909674503924,0.9999893812465588,0.99998770692029,0.999984314206535,0.9999809655539975,0.999975986636409,0.9999710077188203,0.999964795087139,0.9999572165577121,0.9999462012533126,0.9999369924588345,0.9999251399913005,0.9999117894423682,0.9998959274040329,0.9998772895089888,0.9998545979819258,0.9998261784965748,0.9997929563385057,0.9997513184878755,0.9997066844744483,0.9996582171350903,0.9995954739612304,0.9995139607086736,0.9994238114574675,0.9993085032510128,0.9991749977616902,0.9990157164600725,0.9988188068786258,0.9985450545336878,0.9982483022331635,0.9979021573077116,0.9974831351283521,0.996957132312664,0.9963527005296511,0.9955739625698194,0.994682119464413,0.9935996675316765,0.9922911374914433,0.9907025984133732,0.9888146193005053,0.9865234359853956,0.9837564355814424,0.980434263835751,0.9764329324820001,0.9716088460120368,0.9657799434747452,0.9587643842250971,0.950280705205075,0.9400183188918286,0.9275641073091567,0.9124819525252718,0.8940947217481235,0.8715381541945222,0.8435595453869316,0.8080853303639598,0.7603420049334464,0.6901116846119194,0.6066235642211634,0.4957023569579007,0.3636444548781408,0.2748444022161735,0.20203473821644422,0.13319362402457277,0.07535759202978397,0.044383789772298676,0.02232242624328419,0.005439533557375813,5.304970598830721e-05,0.0,0.0,0.0,0.0,0.0,0.0,0.0,0.0,0.0,0.0,0.0,0.0,0.0,0.0,0.0,0.0,0.0,0.0,0.0
1/0.2,0.0001,8.680555555555557e-05,0.5,0.9999992566971893,0.9999991741079881,0.9999990089295857,0.999998678572781,0.9999984308051774,0.9999980178591714,0.9999975223239643,0.9999968616103548,0.9999961183075441,0.9999950446479287,0.9999939709883132,0.9999926495610941,0.999990832598668,0.9999892634038454,0.9999862076034014,0.999983895105768,0.9999800134133122,0.9999767924344658,0.999972084849998,0.999966881730323,0.9999605223618314,0.9999515201389019,0.9999430547457799,0.9999316574360158,0.9999153873633815,0.9998983739879365,0.9998787177580534,0.9998541061760989,0.9998218137984338,0.9997825839278689,0.9997382335268302,0.9996876063465011,0.9996194702555199,0.9995402672115792,0.9994536724341321,0.9993356111710319,0.9992026425571169,0.9990337476406846,0.9988254163806843,0.998589169970682,0.9983082840974369,0.9979643000744831,0.9975549466987879,0.997036121336916,0.9964383406987071,0.9957035858703256,0.9948393724690797,0.9937592708959248,0.9924941695121056,0.9909777078944664,0.9891237042115661,0.9868800859720549,0.9842028331316987,0.9809751232654151,0.9770735268120266,0.9723821711222645,0.966712050809207,0.9598734997723222,0.9516050818952454,0.9416112517215203,0.9294694828978618,0.9147712066459861,0.8968522819045285,0.8748819851933254,0.8475773345665002,0.8125663681658933,0.7649804938759901,0.7039461657158103,0.6330616300027737,0.546570130351775,0.4142358015019755,0.31230115359357385,0.23049175964180402,0.15271205799446744,0.08245854507311849,0.049692187982437075,0.02777078407833817,0.012042083657822864,0.002956858580982903,0.000377102292630801,0.0,0.0,0.0,0.0,0.0,0.0,0.0,0.0,0.0,0.0,0.0,0.0,0.0,0.0,0.0,0.0,0.0,0.0,0.0,0.0
0.2,0.0003,0.0002604166666666,0.5,0.999999091518787,0.9999990089295857,0.9999988437511833,0.999998678572781,0.9999984308051774,0.9999978526807691,0.9999972745563608,0.9999966964319524,0.9999961183075441,0.9999957879507393,0.9999944665235203,0.9999933102747036,0.9999917410798811,0.9999899241174549,0.9999887678686382,0.9999865379602061,0.9999848861761823,0.9999810870729277,0.9999771227912705,0.9999723326176015,0.9999663861951159,0.9999601920050267,0.9999518504957066,0.9999398750615341,0.9999276518597581,0.9999138594631595,0.9998931708682615,0.9998702936595321,0.9998422133311277,0.9998072780990246,0.9997531821722455,0.999685376438069,0.9996135238330343,0.9995330819510757,0.9994369894154919,0.9993353221088277,0.9992052028223538,0.9990412632579928,0.9988202132610094,0.9986126253038199,0.99828697608353,0.9979719808701937,0.9975486699194974,0.9970380208885433,0.9964423875695654,0.9957140334042761,0.9948297095325406,0.9937791748934114,0.9924958212961293,0.9909706878123653,0.9891240758629715,0.9868918136386238,0.9842080775459742,0.9809818955799127,0.9770850480055926,0.9723848139767026,0.9667151891988521,0.9598805198544234,0.9516244903575249,0.9416330552706342,0.9295189125347737,0.9147996999203964,0.8968829224981697,0.8749152686414048,0.8476565789050414,0.812825904730631,0.7652367681672808,0.7030373128513215,0.6325808782626503,0.5460404445099468,0.4133417733991002,0.3117611853961975,0.23004602572298483,0.15221008082963824,0.08180369529688773,0.04954509661511875,0.027674650248153708,0.011998559148796049,0.00295314206692938,0.00038065362828194514,0.0,0.0,0.0,0.0,0.0,0.0,0.0,0.0,0.0,0.0,0.0,0.0,0.0,0.0,0.0,0.0,0.0,0.0,0.0,0.0
0.3,0.0003,0.0006520951575896,0.5,0.9999991187756481,0.9999991187756481,0.9999991187756481,0.9999989425307776,0.9999985900410369,0.9999981494288609,0.99999779693912,0.9999974444493793,0.9999970038372034,0.9999962107352866,0.9999954176333697,0.9999944482865826,0.9999932145724899,0.9999924214705731,0.9999907471443044,0.9999889846956004,0.9999869578795909,0.9999851073084518,0.9999812299213031,0.9999783218809416,0.9999741801264874,0.9999698621271628,0.999963252944523,0.9999556744150961,0.9999473027837524,0.9999365518466585,0.9999245671954717,0.9999091457693123,0.9998898028947868,0.9998662742045893,0.9998352551074001,0.9997896517471859,0.9997337821232714,0.9996706864596706,0.9995967517365407,0.999519071809915,0.9994278650894866,0.99932066414707,0.9991764077206533,0.9990086666652567,0.9988010942691513,0.9985555411034762,0.9982594056599983,0.9979165653258661,0.9974601792339834,0.9969814541047782,0.9963539342437439,0.9955817614053343,0.9946879355451359,0.9936011215518572,0.992283382717146,0.9907115428405456,0.988812239994755,0.9865291639436834,0.9837597842339799,0.9804398155491685,0.9764260148708371,0.9716028536864435,0.965778974127958,0.9587546026347903,0.9502752416140928,0.9400185391979167,0.9275730957975468,0.9124583797738567,0.8940581949987345,0.8714911408753448,0.8435012964572666,0.8080514913488442,0.7605458761872735,0.6890865563232782,0.6060128757452514,0.4936528494213176,0.3632411625534639,0.27455452346559456,0.20183082290139945,0.13333651455324394,0.07505387805687916,0.04419890890325637,0.022200068242013815,0.005351543305832084,5.701521557215077e-05,0.0,0.0,0.0,0.0,0.0,0.0,0.0,0.0,0.0,0.0,0.0,0.0,0.0,0.0,0.0,0.0,0.0,0.0,0.0
0.4,0.0003,0.001360544217687,0.5,0.9999996364542089,0.999999545567761,0.9999992729084177,0.9999992729084177,0.9999989093626265,0.9999984549303875,0.9999980004981486,0.9999977278388053,0.9999972734065663,0.9999970916336707,0.999996546314984,0.9999959101098495,0.9999950921318194,0.999993910607998,0.9999928199706246,0.9999912749010121,0.9999895480585042,0.9999871850108616,0.9999843675309801,0.9999810956188597,0.9999763695235746,0.9999703710180204,0.9999602826223157,0.9999521937284624,0.9999404693766976,0.9999266546366334,0.999910385962479,0.999887937009875,0.9998709412441382,0.9998497647018032,0.9998233167454963,0.9997926425693672,0.9997565606495945,0.9997138894623572,0.9996607208904,0.9995939193512744,0.9995082134310084,0.9994195082579653,0.9993139436488573,0.9991678436840349,0.9990007943929969,0.9987803038706584,0.998519550651949,0.9982350760703663,0.9978796191730597,0.9974447275203846,0.9969080430461847,0.9962616586295023,0.995530840702823,0.9946085250306503,0.9934935300891627,0.9921792211676718,0.9905650778549216,0.9886427840409396,0.9863126827357239,0.983514834326957,0.9801424017952618,0.9760706889342705,0.9711692736914044,0.9652511117571118,0.958109163803327,0.9494854486479982,0.939057319401471,0.9264015633196111,0.9109980827049406,0.8922049920199426,0.8691310133143647,0.8404774701357357,0.8041206188585471,0.7558914981226722,0.6779828170990673,0.5690131017813244,0.4201136980373208,0.31894117651870457,0.2418791936427111,0.178868800913736,0.12112591403932502,0.07257546426728868,0.04067350311497395,0.016750372327694177,0.0007280913332455674,0.0,0.0,0.0,0.0,0.0,0.0,0.0,0.0,0.0,0.0,0.0,0.0,0.0,0.0,0.0,0.0,0.0,0.0,0.0
0.5,0.0003,0.0026666666666665994,0.5,0.9999993528046971,0.9999991678917535,0.9999990754352815,0.9999989829788097,0.9999985206964506,0.9999980584140914,0.999997688588204,0.9999970413929011,0.9999966715670138,0.9999959319152391,0.9999950998069925,0.9999941752422741,0.9999927883951965,0.9999914015481189,0.9999901996139849,0.9999879806586608,0.9999853918774493,0.999983265378597,0.9999803067714982,0.9999767009690964,0.9999723555149199,0.9999672704089687,0.9999613994230069,0.9999535406229005,0.9999446648016039,0.9999346795026453,0.999922660161306,0.9999085143211145,0.9998913174173524,0.9998714392759068,0.9998456439202635,0.999817074870465,0.9997811093029193,0.9997398737164788,0.9996800081509626,0.9996113129923856,0.9995357298266566,0.9994410543994927,0.9993100898071317,0.999167937981678,0.9990115016313251,0.9988237225370186,0.998560915015814,0.9982730517907409,0.9979201454377284,0.9974965561119945,0.9969807876838364,0.996365304950799,0.9956109525970583,0.9947502753007019,0.9936512452199426,0.9923479787928893,0.990788423025896,0.9889011090662307,0.9866296384660713,0.9838939439208044,0.9806046200221609,0.9766310257754313,0.9718405323717614,0.9660663021077163,0.9591004003781285,0.9506801121182651,0.9405013479922453,0.9281690414958976,0.9131811539871322,0.8948834172429748,0.872420423985964,0.8445904249951264,0.8094139734366085,0.7633043591700941,0.6960046923508588,0.5419655533998302,0.3960789949944528,0.3016493171326789,0.23055629995856564,0.1742497538693149,0.12588152045222678,0.09103347428168371,0.04766269808047883,0.01882469240540813,0.0,0.0,0.0,0.0,0.0,0.0,0.0,0.0,0.0,0.0,0.0,0.0,0.0,0.0,0.0,0.0,0.0,0.0,0.0,0.0
0.6,0.0003,0.0052734374999999,0.5,0.9999988789828862,0.9999987855647934,0.9999986921467006,0.9999985053105149,0.9999983184743293,0.9999978513838653,0.999997477711494,0.9999968237848443,0.9999962632762874,0.9999955159315449,0.9999948620048952,0.9999935541515959,0.9999921528802036,0.9999905647726257,0.9999886029926767,0.9999865477946347,0.9999847728508713,0.9999814097995299,0.9999780467481886,0.999973282425455,0.9999694522836496,0.9999645011247305,0.9999581486944191,0.9999503015746227,0.9999394650758562,0.9999277878142544,0.9999136816822394,0.999896212498883,0.9998759407727423,0.9998472147092019,0.999815686102877,0.9997785057019368,0.9997359070516133,0.9996837797558229,0.9996239921764216,0.9995494445383556,0.9994606973501818,0.9993529862891667,0.9992221075411335,0.999072264920259,0.9988876707688575,0.9986391786419709,0.9983509838256381,0.9980307466034699,0.9976439956992178,0.9971345868391003,0.9965645496367461,0.9958453237401671,0.9949845694329741,0.9939750001039276,0.992731325034288,0.9912523297888485,0.9894692586512978,0.9873133559053243,0.9847180144507514,0.9815970560969575,0.9778245999638753,0.9732762598609219,0.967806303563307,0.9611957123524268,0.9532150046832826,0.9435678583654664,0.9318857857318716,0.9177112249638928,0.9004378926391634,0.8792672509003052,0.853054787983201,0.820145415537456,0.7775653554145057,0.7185000847068557,0.5848617662119744,0.41490141892274085,0.3132556210016764,0.23955285616710517,0.18421347267326943,0.1403512492264398,0.11009583808850888,0.0805543280158665,0.03737601842653197,0.0061907235927253276,0.0,0.0,0.0,0.0,0.0,0.0,0.0,0.0,0.0,0.0,0.0,0.0,0.0,0.0,0.0,0.0,0.0,0.0,0.0,0.0
0.7,0.0003,0.011303344867358702,0.5,0.9999991541261561,0.9999988721682083,0.9999986841962429,0.9999986841962429,0.9999979323083817,0.9999974623784685,0.9999966165046247,0.999996240560694,0.9999958646167635,0.999994924756937,0.9999937029391626,0.9999922931494228,0.9999906014017351,0.9999892855979781,0.9999870299343945,0.9999843043408977,0.9999816727333836,0.9999780072800603,0.9999734019669104,0.9999678567939342,0.9999614657471141,0.9999523960997885,0.9999429035155409,0.9999316251976231,0.99991696338433,0.999900891781297,0.9998824705286979,0.999857846201244,0.9998293684485015,0.999795392515774,0.9997537567254607,0.999703521217735,0.9996405506093605,0.9995625892367535,0.9994688382190615,0.9993630100025992,0.9992399823513122,0.9990905916318923,0.9989085407835019,0.9986784630979781,0.9984020503230087,0.998074744138435,0.9976846083244607,0.9972143024672872,0.9966402360852695,0.9959494391128024,0.9951209526757551,0.9941363085285372,0.992939632004464,0.9914737326330939,0.9897148789538082,0.9876395744709446,0.9851087199301835,0.9820682263985102,0.9783980267830915,0.9739707700774384,0.9686289357746317,0.9621818263158778,0.9544034993988891,0.9450028334424119,0.9336141759809516,0.9197869112206998,0.9029350835528337,0.8822653103048252,0.8566555398228242,0.82438968204965,0.7823666694878125,0.7225346290178244,0.6167469675070251,0.4828913321380509,0.37226531923349354,0.27154486498420166,0.20589293051066485,0.15858799970995927,0.12245649847044862,0.10004168748260378,0.07610571336559152,0.042125175324976505,0.007030245488097169,0.0,0.0,0.0,0.0,0.0,0.0,0.0,0.0,0.0,0.0,0.0,0.0,0.0,0.0,0.0,0.0,0.0,0.0,0.0,0.0,0.0
0.8,0.0003,0.029629629629629596,0.5,0.9999982088344433,0.9999977374750862,0.9999972661157293,0.9999966533485651,0.9999956634939154,0.9999946265033299,0.9999937309205517,0.9999928353377733,0.9999910441722166,0.9999894886863384,0.9999872732973605,0.9999851521802539,0.999982135480369,0.9999789773726769,0.9999743580509781,0.9999704929042506,0.9999639881451237,0.9999565406672827,0.9999485746941491,0.9999372620695806,0.9999247710466195,0.9999100646346805,0.9998920587072423,0.9998685378753269,0.9998407748091984,0.9998078739260784,0.999769175322867,0.9997211438043866,0.9996624595644376,0.9995937825061196,0.999509409181213,0.999408632550682,0.9992849478553998,0.9991392978140804,0.9989644706285614,0.9987462783821967,0.9984869835998996,0.9981799872506721,0.9978045495228052,0.9973566638617642,0.9968169573979757,0.9961733633318998,0.9953840720885688,0.9944375824996715,0.9932999566915023,0.9919228803299667,0.9902719913179377,0.988287427017074,0.9858902347350743,0.9830016031874451,0.9795232539482474,0.9753228293100298,0.9702605240875002,0.9641501513346352,0.9567734716691344,0.9478489421470494,0.9370329417971123,0.9238923856420923,0.9078349163780219,0.8881131937443448,0.863576299599024,0.8324525826627618,0.7912775045255211,0.7257904649281299,0.6482252188945719,0.5653527021806404,0.4636640855656755,0.386408664037487,0.3214144306478608,0.2643494514979706,0.21171091379798934,0.15427139250301058,0.10376764133097553,0.08163727238292329,0.054963376320678214,0.034424740785348795,0.024039185800242807,0.01201768389472547,0.00030709062109891214,0.0,0.0,0.0,0.0,0.0,0.0,0.0,0.0,0.0,0.0,0.0,0.0,0.0,0.0,0.0,0.0,0.0,0.0,0.0,0.0,0.0
0.9,0.0003,0.1346260387811634,0.5,0.9999908869431332,0.9999892815341515,0.9999869206385902,0.999985031922141,0.9999821516295562,0.9999788463757704,0.9999745023279375,0.9999689778323239,0.999962745068042,0.9999551429843344,0.9999447550438645,0.9999336116168149,0.9999210988703398,0.9999006062968673,0.9998682620276769,0.9998367676808885,0.9998079175371288,0.9997752427425598,0.9997369490165547,0.9996875118635002,0.9996036528531612,0.9995329676400545,0.999446086683397,0.9993160957737892,0.999192668153842,0.9990179618823024,0.9988120445714418,0.9985668891763515,0.9982839122343685,0.9979285030165634,0.997497072961683,0.9970061483386566,0.9963924099285291,0.9956568965253473,0.9947701913704168,0.993695747800448,0.992412317755389,0.9908513880460492,0.9889837307853793,0.9867227955421003,0.9840102209779358,0.9807361782313719,0.9767823864347852,0.9720067668932938,0.9662467483385434,0.9592727100682374,0.9508221677138655,0.9405501944339149,0.9279672349247847,0.9122897551675754,0.8918559679945666,0.8685399995202661,0.8395753523258882,0.8010972403775091,0.7242999519699407,0.6374152178794965,0.5430003601782268,0.46226457857730924,0.3978980191330754,0.3408781889324616,0.2886623562379866,0.23882337875885265,0.19263264597275603,0.15193703925942673,0.11882665945932469,0.09098764005068559,0.0691090792299552,0.05787886565956528,0.04794516149564434,0.03872907514655023,0.02946695133400987,0.016769771697621786,0.003321591183169421,0.002026309442392354,0.00039738594088581933,0.0,0.0,0.0,0.0,0.0,0.0,0.0,0.0,0.0,0.0,0.0,0.0,0.0,0.0,0.0,0.0,0.0,0.0,0.0,0.0,0.0,0.0,0.0,0.0,0.0
1.0,0.0003,0.1346260387811634,0.5,0.9999932006207833,0.9999915479938903,0.9999893287520627,0.9999872039460576,0.9999837098206267,0.9999812544892429,0.9999767215697651,0.9999734635338905,0.9999685056532116,0.9999616590560837,0.999953395921619,0.9999444245184859,0.9999324311690343,0.9999194934613581,0.999904289293943,0.9998840328100267,0.9998605655081468,0.9998295433404708,0.9997819004680428,0.9997271749089308,0.9996788237678345,0.9996098856174431,0.9995269709653286,0.9994322046174962,0.9993212897440241,0.9991895989896122,0.9990058740970282,0.9988030731683086,0.9985702416480486,0.9982799931477367,0.9979174068074251,0.9974961286034585,0.9969925495802233,0.9963608211459183,0.9956283769069662,0.9947224068442552,0.9936481993638425,0.9923505567275042,0.9907889187494959,0.9889030353750925,0.9866336009077927,0.9838951037103646,0.9805949966768034,0.9766152350290418,0.9718093960243652,0.9660123114093017,0.9589975240816069,0.9504971668308906,0.9401734899381464,0.9275685268823846,0.9120963506031899,0.892882296512995,0.8686224892111795,0.8368866228068933,0.7912831864006372,0.6858976247690808,0.598712112584121,0.5147260388459867,0.4305193630266001,0.3666253604379254,0.31455434507718333,0.26956842451395296,0.2294974635482447,0.19211886788069582,0.15542474305429246,0.12055596824009968,0.0860291455390123,0.05694985325617549,0.02803006307746325,0.012067670443910694,0.0008435007661578276,0.0004285497622955913,2.5025492950271418e-05,0.0,0.0,0.0,0.0,0.0,0.0,0.0,0.0,0.0,0.0,0.0,0.0,0.0,0.0,0.0,0.0,0.0,0.0,0.0,0.0,0.0,0.0,0.0,0.0,0.0,0.0,0.0
1/0.9,0.0003,0.1346260387811632,0.5,0.999990839725222,0.9999896592774413,0.9999880538684596,0.9999858346266319,0.9999823405012012,0.99997960186235,0.9999755411219845,0.9999692139218801,0.9999617062739949,0.9999537736649088,0.9999429607632379,0.9999324783869455,0.9999190212822459,0.9999031088461623,0.9998824274010449,0.9998577324334733,0.9998287406359799,0.9997933272025598,0.9997523420556148,0.9997025743771816,0.9996411438746754,0.999562620488305,0.9994738035972871,0.9993685548731623,0.9992413970382282,0.999084869662511,0.9989017586027729,0.9986798816379175,0.998408425866274,0.9980806391265367,0.9976795229706639,0.9972092325748437,0.9966384152460214,0.9959547471093667,0.9951407103198144,0.994128311085198,0.9929182104562743,0.9914752310891793,0.9897317097171251,0.9876252714793806,0.9851093595154763,0.9820511970590419,0.9783690971236548,0.973929857981744,0.9685715694157123,0.9620859060012266,0.9542543904630396,0.9447409729269496,0.9331723958047075,0.9190152383531828,0.9015291709422485,0.8796276149987506,0.8513854018461448,0.7956434299770653,0.7156712092185984,0.6349141795576286,0.5475530167429047,0.4789789636650618,0.4175148892239472,0.36185639862191693,0.3104004909907281,0.2616119703826596,0.22222916325517258,0.18871266220060776,0.15767278780780647,0.12545477931198215,0.09810592903978978,0.0732926806004834,0.05027649864456264,0.036871947480083954,0.025604809503114587,0.018841646424348123,0.012487012713517034,0.004903249555537802,0.0,0.0,0.0,0.0,0.0,0.0,0.0,0.0,0.0,0.0,0.0,0.0,0.0,0.0,0.0,0.0,0.0,0.0,0.0,0.0,0.0,0.0,0.0,0.0,0.0,0.0
1/0.8,0.0003,0.029629629629629596,0.5,0.9999983973781861,0.9999977374750862,0.9999968890282437,0.9999963233970153,0.9999957577657869,0.9999948150470728,0.9999942494158444,0.9999935895127445,0.9999919868909306,0.9999903842691168,0.9999877446567175,0.999985764947418,0.9999831253350187,0.9999797315476481,0.9999752064978207,0.9999702100886363,0.9999628568826667,0.9999562578516685,0.9999469249363995,0.9999357065837023,0.9999232626966771,0.9999065294395029,0.9998875336574149,0.99986236306775,0.999833563011036,0.9998000022248161,0.9997605965825692,0.9997137905984171,0.9996564261646677,0.9995878905141569,0.9995058739860353,0.999405945802347,0.9992854663506925,0.9991332172783749,0.9989543364023855,0.9987414233808193,0.9984892461248133,0.9981788088522796,0.9978035125322198,0.997359067794485,0.9968181357963682,0.9961686497383295,0.9953915195664097,0.9944513461928964,0.9933162657252552,0.9919507376679666,0.9903015926855586,0.9883180653752803,0.9859198361026953,0.9830376621782572,0.9795863689661525,0.9753832104436642,0.9703369785752088,0.964239096845305,0.9568791033010428,0.9479787073780371,0.9371882547052505,0.9240875284158988,0.9080964736852326,0.8884574746187127,0.8640943706683254,0.8333010295053989,0.7931068501901181,0.7351299320922001,0.6509477905407227,0.5599399412761659,0.463754822241902,0.38337230846736753,0.316614295499706,0.25779025036535064,0.20242829257237582,0.13898077777687695,0.10466600512952107,0.085291862885711,0.06289927672734821,0.03176038201978993,0.01730817418198883,0.002983139098711888,0.0,0.0,0.0,0.0,0.0,0.0,0.0,0.0,0.0,0.0,0.0,0.0,0.0,0.0,0.0,0.0,0.0,0.0,0.0,0.0,0.0,0.0
1/0.7,0.0003,0.011303344867358702,0.5,0.9999993420981215,0.9999990601401735,0.9999988721682083,0.9999985902102603,0.9999981202803471,0.9999978383223991,0.9999971804205205,0.9999964285326594,0.9999958646167635,0.9999951127289023,0.9999943608410411,0.9999929510513014,0.9999915412615616,0.9999896615419086,0.9999870299343945,0.9999850562287589,0.9999814847614182,0.9999783832239908,0.9999749057426328,0.9999689846257259,0.9999618416910446,0.9999538528825196,0.9999442663122894,0.9999319541485624,0.9999172923352693,0.9999011267462536,0.9998810137459669,0.9998581751521832,0.999828851525597,0.9997939827260343,0.9997524409217036,0.9997005606592816,0.9996384359247509,0.9995623072788055,0.999473678497168,0.9993654066451567,0.9992380556386679,0.9990853284168639,0.9988979203674626,0.9986716961072275,0.9984011104631821,0.9980769528090272,0.9976792981164411,0.9972073944975625,0.9966386853165559,0.9959546553348394,0.9951261219048008,0.9941286016779599,0.9929414647311257,0.9914716649414756,0.9897374825826352,0.9876580897095264,0.9851127613274373,0.9820586398282801,0.9783928575540458,0.973960290640373,0.9686184093445751,0.9621791947083637,0.9544010557633403,0.9449928709282511,0.9336098526257498,0.9197752569588514,0.9029201867745839,0.8822547368817772,0.8566626827575055,0.8244222011996465,0.7825984859140154,0.723950903790356,0.6176593364335863,0.4806100103812217,0.3675962835874769,0.26953422285740036,0.20484442288823718,0.15802624549166863,0.12214352514822882,0.10021415176076394,0.07647460834748723,0.042085983170212046,0.004469597390836339,0.0,0.0,0.0,0.0,0.0,0.0,0.0,0.0,0.0,0.0,0.0,0.0,0.0,0.0,0.0,0.0,0.0,0.0,0.0,0.0,0.0
1/0.6,0.0003,0.0052734374999999,0.5,0.9999995329095359,0.9999995329095359,0.9999992526552575,0.999998972400979,0.9999987855647934,0.9999983184743293,0.9999981316381437,0.999997477711494,0.99999701062103,0.9999964501124731,0.999995983022009,0.9999948620048952,0.9999943949144311,0.999992993643039,0.9999911252811826,0.9999886964107695,0.9999864543765419,0.9999832781613862,0.9999806624547875,0.9999771125672604,0.999972254826434,0.9999676773398862,0.9999609512372035,0.9999531041174071,0.9999434820538472,0.999932552136988,0.999918679550205,0.9999025182201481,0.9998816859854505,0.9998576775355971,0.9998286245087318,0.9997928920882302,0.9997490790027002,0.9996997542496942,0.999635622728977,0.9995576186214769,0.999464153819616,0.999347521330737,0.9992193984164419,0.9990593265144042,0.9988707620940581,0.9986343209011446,0.9983548139674435,0.9980298124225419,0.9976185392689259,0.9971366420371421,0.9965415687859137,0.9958434553783108,0.9950130619512826,0.9939828939327705,0.9927336604866083,0.9912521429526628,0.9894747236097274,0.9873058824578992,0.984720256484979,0.9815871537791192,0.9778094662328393,0.973268692995404,0.967780847133015,0.9611745998634508,0.9531882403996912,0.9435349751967957,0.931850380274695,0.9176656369345992,0.9003768906245555,0.8791778030764353,0.8529793995822997,0.8200731099336176,0.7775118735563693,0.718572717274019,0.5854001813899108,0.4145506339842223,0.31288643269887345,0.2391939438545118,0.18386053911861616,0.13999766174513686,0.10985052217677796,0.07970721275022445,0.03796997066064668,0.006655852276848815,0.0,0.0,0.0,0.0,0.0,0.0,0.0,0.0,0.0,0.0,0.0,0.0,0.0,0.0,0.0,0.0,0.0,0.0,0.0,0.0
1/0.5,0.0003,0.0026666666666665994,0.5,0.9999994452611689,0.9999993528046971,0.9999991678917535,0.9999990754352815,0.9999987056093942,0.9999984282399788,0.9999983357835068,0.9999977810446758,0.9999972263058448,0.9999961168281827,0.9999960243717109,0.9999950073505206,0.9999937129599149,0.9999921411998937,0.9999909392657597,0.9999891825927948,0.9999872410068861,0.9999858541598086,0.9999826181832941,0.9999785500985332,0.9999748518396596,0.9999701365595958,0.9999635721500951,0.9999571926535382,0.9999485017451852,0.9999393485544731,0.9999270518437184,0.9999122588082241,0.9998939524267998,0.9998723176123893,0.9998466609414537,0.9998171673269368,0.999779029032303,0.9997320611446083,0.9996761249791453,0.9996050259523005,0.999529673927751,0.9994328257734989,0.9993185958025409,0.9991776921394571,0.9990137668148852,0.998817111899282,0.998564335905272,0.9982755018872446,0.9979225955342322,0.9974922106578181,0.9969806952273645,0.9963656285484505,0.9956152518229989,0.9947362681452182,0.9936573011188481,0.9923437257951846,0.9907874522329416,0.9888999533603328,0.9866313951390363,0.9838823406335885,0.980594727179674,0.9766166487940602,0.9718189900138227,0.9660417549144429,0.9590651744623575,0.9506431295295292,0.9404550272998535,0.928112273222188,0.9130984054448356,0.8947924400746845,0.8723389698342732,0.844493669297346,0.8092858287666386,0.7630471452654358,0.6941127555676017,0.5444766249467624,0.39625346035681447,0.3016148308686826,0.23041844735905254,0.17403691907113975,0.1259343130976473,0.08948972857137508,0.048037331704373576,0.019085142286580762,0.0,0.0,0.0,0.0,0.0,0.0,0.0,0.0,0.0,0.0,0.0,0.0,0.0,0.0,0.0,0.0,0.0,0.0,0.0,0.0
1/0.4,0.0003,0.001360544217687,0.5,0.9999993637948654,0.9999991820219699,0.9999990002490743,0.999998727589731,0.9999986367032832,0.9999985458168353,0.9999984549303875,0.9999977278388053,0.9999968189743274,0.9999961827691928,0.9999958192234016,0.9999950921318194,0.9999940014944458,0.9999930017435201,0.9999912749010121,0.9999900024907431,0.999987912102444,0.9999864579192793,0.9999834586665022,0.9999794596627994,0.9999758242048878,0.9999707345638116,0.9999660993549744,0.9999585557798077,0.9999492853621332,0.9999375610103682,0.999924291588991,0.9999092044386578,0.9998915724677866,0.999869305288078,0.9998434935369056,0.9998100473241189,0.9997717386863755,0.9997245231767485,0.9996682644655666,0.9996051892708003,0.9995224826033114,0.9994262338551019,0.9993083541323182,0.9991642082261233,0.9989906151108444,0.9987789405739416,0.9985304570256838,0.998235621389053,0.9978738933268488,0.9974346391246799,0.9969119511634397,0.9962776546443134,0.9955059378161286,0.9946118878292185,0.9935021643017028,0.9921658608598467,0.9905588066900242,0.9886372854108483,0.986300049519481,0.983501019586893,0.9801214070258223,0.9760455133882326,0.9711446434640534,0.9652200285919676,0.9580748996125101,0.9494399599808793,0.9389941987634808,0.9263057690036405,0.9109107862718384,0.8921259208103653,0.8690341738042445,0.8403390500757516,0.8038916304533402,0.755267153669579,0.6792378226133753,0.5699762254685549,0.42045088675862163,0.3191415811360815,0.24192809055162212,0.17881963134548162,0.12143838164682699,0.07300726578073889,0.040866364157184296,0.016880703493825016,0.0008159785282584825,0.0,0.0,0.0,0.0,0.0,0.0,0.0,0.0,0.0,0.0,0.0,0.0,0.0,0.0,0.0,0.0,0.0,0.0,0.0
1/0.3,0.0003,0.0006520951575896,0.5,0.999999559387824,0.9999992950205184,0.9999989425307776,0.9999988544083425,0.9999984137961665,0.9999981934900785,0.9999981053676432,0.9999975766330321,0.999997268204509,0.9999960344904162,0.9999954616945874,0.9999944482865826,0.9999935670622306,0.9999918046135268,0.9999903946545636,0.9999890728180356,0.9999866935122853,0.9999853276145397,0.9999826398802663,0.9999789827992056,0.9999734310857883,0.9999668219031486,0.9999602127205087,0.9999509598648131,0.999940341111372,0.9999266380726989,0.9999126706667203,0.9998959274040329,0.9998751745705441,0.999848870023638,0.9998175424979256,0.9997810598097543,0.9997341786742296,0.999678749662491,0.9996132746931401,0.9995309242774489,0.9994324915173344,0.9993164342701806,0.9991705475787127,0.9990001187890426,0.9987974371880907,0.9985505621858876,0.998255924823808,0.9978884983302561,0.9974689033550679,0.9969541361498674,0.9963223864119435,0.9955711867131107,0.9946728666087173,0.9935793553103637,0.9922663750871531,0.9906877497830425,0.9887695006136846,0.9864707387691481,0.9837224203214565,0.9803943884338246,0.9763751682257288,0.9715453537974778,0.9657136313422597,0.9586791698302621,0.9501774257110247,0.9398751199346344,0.9274198068215225,0.9123135946128288,0.8938957853506674,0.8712955531304262,0.8432426130487473,0.8075687125876201,0.7589187835438049,0.691032123447547,0.6065837328804545,0.49378785299203865,0.3638399545006243,0.2749078063082974,0.20206434735467024,0.13362018067214154,0.07525096388319617,0.04433038757656958,0.022242411072125746,0.00539296085037445,4.044819775520433e-05,0.0,0.0,0.0,0.0,0.0,0.0,0.0,0.0,0.0,0.0,0.0,0.0,0.0,0.0,0.0,0.0,0.0,0.0,0.0
1/0.2,0.0003,0.0002604166666666,0.5,0.999999091518787,0.999998678572781,0.9999985133943786,0.9999981004483727,0.9999979352699703,0.9999976049131655,0.9999972745563608,0.9999966138427512,0.999995622772337,0.9999943839343192,0.9999932276855025,0.9999922366150882,0.9999909151878692,0.999989098225443,0.9999867031386085,0.9999842254625728,0.9999809218945253,0.9999772053804717,0.999972497796004,0.9999654777139029,0.9999582924533994,0.9999514375497006,0.9999404531859425,0.9999283951625688,0.9999146027659701,0.9998956072496966,0.9998733081653755,0.9998460537289829,0.9998153305461405,0.9997775046919958,0.9997331955855576,0.9996755483231274,0.9996107570947944,0.9995331232456763,0.9994434313731846,0.9993271457779099,0.9991913691311546,0.9990307744294418,0.9988322712843831,0.9985920192981231,0.998300644596327,0.9979557933867605,0.9975403284101773,0.9970273668815899,0.996424796069712,0.9956905780711383,0.9948117876758825,0.9937513836272112,0.992471292303376,0.9909450851599966,0.9890907924148922,0.9868436228397297,0.9841590608550683,0.9809188387248046,0.9770041931776282,0.9722881846113111,0.966588249596624,0.9597312398732735,0.9514300753779251,0.941383057758634,0.9292258034597525,0.9144793364089827,0.8965087934167817,0.8744406285021693,0.8468948587024716,0.8112352780103237,0.7638782583969164,0.7051515964017702,0.6331660640476777,0.5460508094546961,0.41592615468271893,0.3127582848221572,0.23086531059878368,0.15358197005059537,0.08288528347566412,0.04963503625521401,0.02770603414460568,0.011934222161069506,0.0028181913121859002,0.00036776971289639876,0.0,0.0,0.0,0.0,0.0,0.0,0.0,0.0,0.0,0.0,0.0,0.0,0.0,0.0,0.0,0.0,0.0,0.0,0.0,0.0
0.2,0.001,0.0008680555555555,0.5,0.9999988845925044,0.9999985954127834,0.9999984301672284,0.9999981822988961,0.9999974386938991,0.9999969429572344,0.9999961580408487,0.999995373124463,0.9999943816511336,0.9999929357525282,0.9999921095247538,0.9999902505122612,0.9999885980567123,0.9999863672417212,0.9999840951153414,0.9999806249586886,0.9999770308678697,0.9999716603873355,0.9999652158106946,0.9999589364796087,0.9999488565007602,0.9999391483244101,0.9999248958953004,0.9999101890409148,0.9998915162932117,0.9998680927358055,0.9998452062264525,0.9998193866085002,0.9997872463480733,0.9997519664221033,0.9997104897878247,0.9996574459647035,0.9995917608566329,0.9995204160883072,0.9994308116861657,0.9993242283032586,0.9991904620265715,0.9990350485821932,0.9988475361887765,0.9986089629188974,0.9983001189767995,0.9979638442725891,0.9975393697534536,0.9970235557538503,0.9964316461762178,0.9956939900191685,0.99481971709961,0.9937556596602551,0.9924795508625818,0.990935620331813,0.9890923887897416,0.9868691337828013,0.9841771597594025,0.9809427672020623,0.9770340901579747,0.9723274423293014,0.9666432844206491,0.9597969545244233,0.951517573864763,0.9415156735408817,0.9293818576905282,0.9146161758873687,0.8966555952144887,0.87462972602287,0.8472925342058298,0.8123558645647432,0.764606550333796,0.7020327268821469,0.6315884228964241,0.5446291063520391,0.4121352617489589,0.31087204210456737,0.229411023530967,0.15203884096767797,0.08082387302531562,0.0491557191486549,0.027412254610350982,0.011795475576706987,0.0028124380329169144,0.00038031264458986055,0.0,0.0,0.0,0.0,0.0,0.0,0.0,0.0,0.0,0.0,0.0,0.0,0.0,0.0,0.0,0.0,0.0,0.0,0.0,0.0
0.3,0.001,0.0021736505252988,0.5,0.9999992950205184,0.9999992068980832,0.9999991187756481,0.9999990306532128,0.9999987662859072,0.9999983256737313,0.99999779693912,0.9999975325718145,0.9999970919596385,0.9999966513474625,0.9999962107352866,0.999995505755805,0.9999940957968418,0.9999924214705731,0.9999910996340452,0.999988367838554,0.9999866053898502,0.999983873594359,0.9999807011866919,0.999976647554673,0.9999722414329131,0.9999666015970605,0.9999588468227633,0.9999502989465492,0.999939019274844,0.9999254043586061,0.9999082645449604,0.9998872914053837,0.9998657014087605,0.9998382072089792,0.9998068356220492,0.9997699123217019,0.9997225905740014,0.9996690121334019,0.9996057402249308,0.9995240066662859,0.9994279532119218,0.9993130856176431,0.9991768483328293,0.9990099885017847,0.998798494657313,0.9985484472474428,0.9982605512516558,0.9979136572855047,0.9974637041313913,0.9969472625999221,0.9963469725713633,0.9955657671833461,0.9946729106699349,0.9935767116373078,0.9922677850461162,0.990680567804574,0.9888095963216991,0.986514844047964,0.9837316291159346,0.9803945206174774,0.9763795743474886,0.9715413442266763,0.9656997079974987,0.9586637484041027,0.9501642073457452,0.939884813402506,0.9274244332493703,0.9122606770904933,0.8938021112020534,0.8711610782943162,0.8430831555022591,0.8075149138409327,0.7598385614611687,0.6874734751470059,0.604440815562563,0.489905266619715,0.362441054903097,0.27389854005799164,0.20131063616643438,0.13345195494335138,0.07435616867621068,0.04375098256515244,0.021837268176309727,0.005101892446920333,5.1463502154769784e-05,0.0,0.0,0.0,0.0,0.0,0.0,0.0,0.0,0.0,0.0,0.0,0.0,0.0,0.0,0.0,0.0,0.0,0.0,0.0
0.4,0.001,0.0045351473922902,0.5,0.9999998182271044,0.9999998182271044,0.9999993637948654,0.9999992729084177,0.999998727589731,0.9999986367032832,0.9999984549303875,0.9999980913845964,0.9999976369523574,0.9999968189743274,0.9999964554285362,0.9999957283369538,0.9999954556776105,0.9999947285860282,0.9999929108570724,0.9999910022416688,0.9999890936262652,0.999987912102444,0.9999850946225625,0.9999820044833376,0.999978823457665,0.9999741882488277,0.9999679170839302,0.9999609188274503,0.9999523755013581,0.99994201444631,0.9999305627538885,0.9999154756035553,0.9998979345191319,0.9998736678375719,0.9998467200058022,0.9998131829065677,0.9997741926204657,0.999726931667615,0.9996662649637151,0.9995939193512744,0.9995143937094582,0.9994123282285899,0.9992975840882551,0.9991590276985993,0.9989863434477984,0.9987800312113151,0.998526458021981,0.998224351469527,0.9978635322718008,0.997430276575186,0.9969004085845704,0.9962766094501638,0.9954979398087231,0.9945954373821686,0.9934867590488025,0.9921470928083781,0.9905418109242875,0.9886083380772273,0.9862739651089654,0.9834664827367328,0.9800924142489773,0.976005977783444,0.971088112093528,0.9651599980932023,0.9580033265348755,0.9493568897675992,0.9388978136855995,0.926211656086954,0.9107781375012889,0.8918899795919025,0.8687344302994331,0.8399577814272726,0.8034114773496658,0.7547318779353198,0.6756524885777321,0.5645266286158435,0.4217914618635239,0.3188023929129293,0.24159590058494973,0.17855078923291884,0.12100412619928644,0.07191999120582732,0.040192713806164924,0.016351562594791726,0.00015087150333137459,0.0,0.0,0.0,0.0,0.0,0.0,0.0,0.0,0.0,0.0,0.0,0.0,0.0,0.0,0.0,0.0,0.0,0.0,0.0
0.5,0.001,0.0088888888888888,0.5,0.9999994912706671,0.9999993987744248,0.9999993062781825,0.9999992600300612,0.9999988900450919,0.9999987513007285,0.999998103827032,0.9999977800901838,0.9999974563533357,0.9999968088796393,0.9999961151578217,0.9999952826916406,0.9999945889698231,0.9999933402705515,0.9999919528269164,0.9999905653832813,0.9999886692103134,0.9999854318418314,0.9999825182101977,0.9999797433229275,0.9999758122326281,0.9999706786911782,0.9999650826685166,0.9999580529540988,0.9999494508035611,0.999939646201873,0.9999262804948549,0.9999107873742629,0.9998916406520985,0.9998696265464215,0.9998421089143253,0.9998089490114465,0.9997737541912359,0.9997287085212163,0.9996736270089027,0.9996063822407215,0.9995249392993409,0.9994279569892474,0.9993107180020812,0.9991742397965082,0.9990111689212626,0.9988123482483524,0.9985686668979072,0.9982688865764828,0.997911342351717,0.9974840559602266,0.9969767140709909,0.9963503757659845,0.99560790842872,0.994708104983235,0.993628812579489,0.9923184183142559,0.990755971788646,0.9888562377153428,0.986589802289282,0.9838319805757891,0.9805366631980575,0.9765478089952596,0.9717347670250897,0.9659367788183605,0.9589440166493236,0.9504875014452537,0.9402718927043588,0.9278860446294369,0.9128335761359695,0.8944642386403052,0.8718536246964967,0.843794149612672,0.808227864493005,0.7611645276910626,0.681246201873049,0.5449280147993988,0.39997012371372415,0.30299549080818594,0.23099539831194357,0.17423207307203145,0.12630926118626432,0.08899331714649092,0.04779188345473465,0.018587351138859984,0.0,0.0,0.0,0.0,0.0,0.0,0.0,0.0,0.0,0.0,0.0,0.0,0.0,0.0,0.0,0.0,0.0,0.0,0.0,0.0
0.6,0.001,0.017578125,0.5,0.9999997197457215,0.9999997197457215,0.9999997197457215,0.9999997197457215,0.9999994394914431,0.999998972400979,0.9999987855647934,0.9999982250562365,0.9999975711295869,0.9999971040391228,0.9999957027677305,0.9999947685868024,0.9999932738973174,0.9999920594621108,0.9999910318630898,0.9999887898288623,0.9999861741222634,0.9999835584156647,0.9999805690366946,0.9999765520587035,0.9999720679902485,0.9999678641760718,0.9999611380733892,0.9999522633545718,0.9999415669829446,0.9999310107384565,0.9999169046064414,0.9999004630221061,0.9998798176235941,0.999856182846112,0.9998258219659474,0.9997886415650071,0.9997443146799667,0.999690786112784,0.9996291768805727,0.9995537884796715,0.999461071022553,0.9993508843820783,0.9992176701817248,0.9990552161183204,0.9988610466124054,0.9986238580747493,0.9983427630334705,0.9980046829555747,0.9976048068092822,0.9971172577828832,0.9965146176661367,0.9958100117010832,0.9949573847679651,0.9939178749401716,0.9926766754499915,0.9911766144246223,0.9893765411941794,0.9872026087562927,0.9845793352919682,0.9814150309431084,0.9776164177440381,0.9730317847120263,0.967503628942588,0.9608279253210161,0.9527673451825154,0.9430212223953622,0.9312223771457494,0.9168810650820965,0.899378671593786,0.8778923234102611,0.8512065577259121,0.817369777163751,0.7726863619720354,0.6835768050162153,0.5716162483770358,0.4525446130947223,0.32272531965219137,0.2431800938749073,0.18514466422244455,0.13982651979910066,0.1077222711862776,0.07559541539499341,0.04375451238581448,0.00878064679791504,0.0,0.0,0.0,0.0,0.0,0.0,0.0,0.0,0.0,0.0,0.0,0.0,0.0,0.0,0.0,0.0,0.0,0.0,0.0,0.0
0.7,0.001,0.037677816224529,0.5,0.9999985902102603,0.999998402238295,0.9999983082523123,0.9999981202803471,0.9999978383223991,0.9999976503504338,0.9999968044765899,0.9999964285326594,0.9999954886728328,0.999995206714885,0.9999941728690758,0.9999924811213882,0.9999910713316483,0.9999890036400301,0.9999865600044813,0.9999838344109845,0.9999805449015917,0.9999766914763032,0.9999723681211014,0.9999663530182118,0.999959867985409,0.9999532889666236,0.9999412587608446,0.9999306383448053,0.9999162114964688,0.9998993880055747,0.9998785231174266,0.9998512671824586,0.9998198288712626,0.9997867458053703,0.9997450160290744,0.9996915849979386,0.9996293662774253,0.9995515928767835,0.9994611313684844,0.9993520606356207,0.999218647533251,0.999055064930451,0.9988581642968023,0.9986278046533306,0.9983488542568296,0.9980082490557111,0.9976011487718687,0.9971108239003911,0.996527123955152,0.9958181876880337,0.9949630092319142,0.9939356954485737,0.9926914620172803,0.9911966149632545,0.9893962664726295,0.9872255192243863,0.9846109701660766,0.9814557197495893,0.9776598138823781,0.9730831664573051,0.9675574955724379,0.960889425068477,0.9528348263554929,0.9430726903097492,0.931243520547615,0.9168278565429916,0.8991787927773088,0.8773628134779095,0.8499407112924957,0.8142031522992567,0.7531390965757194,0.6555707912054872,0.5740448122345689,0.496651537899683,0.40722443932544566,0.32625457541385905,0.245020046975134,0.16572078390512604,0.12170066319798867,0.08809108783088763,0.06494854337939476,0.041897259317053674,0.029736131064204693,0.012859632075893305,0.0,0.0,0.0,0.0,0.0,0.0,0.0,0.0,0.0,0.0,0.0,0.0,0.0,0.0,0.0,0.0,0.0,0.0,0.0,0.0
0.8,0.001,0.0987654320987654,0.5,0.9999973603876007,0.9999970775719865,0.9999967004845008,0.9999961819892081,0.9999951921345583,0.9999940137361658,0.9999932124252588,0.9999920340268663,0.9999905728128596,0.9999890644629171,0.9999863305786464,0.9999835966943756,0.9999802029070052,0.9999766205758918,0.9999714356229645,0.9999652608153876,0.9999595573671677,0.9999513557143554,0.9999403259054012,0.9999287304652185,0.9999146839563793,0.9998967251648768,0.9998765038484606,0.9998509561713101,0.9998198935896825,0.9997826562004778,0.9997387255084035,0.9996846605901533,0.9996207913972769,0.9995421215205902,0.9994497822225499,0.9993392955892643,0.9992014701132714,0.9990414436115629,0.9988463479736921,0.9986098198483392,0.998328229768455,0.9979846559331228,0.9975729235347653,0.9970777605302151,0.9964717338048938,0.995752345154209,0.9948915015604823,0.9938532854407087,0.9925928233841,0.9910883857242974,0.9892716724904687,0.9870674547292333,0.9844341114093663,0.9812351839970105,0.9773848850891877,0.9727384130914216,0.9671413978142878,0.9603813975955771,0.9522011444982276,0.9422768146439663,0.9302285395269702,0.915493940298378,0.8973524970450482,0.8747387019404357,0.8457519397851619,0.8056833306025915,0.7172697489672045,0.6321736887583999,0.5645260792762333,0.499855716900816,0.43081062119695485,0.36989671008137737,0.3168644930464125,0.26790378386552005,0.22546569833114277,0.18885634833381065,0.15598563221262304,0.12713457441623557,0.10468589649438734,0.08535082994127428,0.06862940388690468,0.05369659804868539,0.04015312391528428,0.026867719029851942,0.01581415356397638,0.008083530157288847,0.0053458750117132805,0.0017195189344110997,0.0,0.0,0.0,0.0,0.0,0.0,0.0,0.0,0.0,0.0,0.0,0.0,0.0,0.0,0.0,0.0
0.9,0.001,0.448753462603878,0.5,0.9999670418979636,0.9999597231217234,0.9999511294618801,0.999940694303499,0.9999283232107575,0.9999147716702353,0.9998974899147264,0.999877658392011,0.9998528689886169,0.9998256242538389,0.9997873777457451,0.9997454954584869,0.9996957277800537,0.9996312281133177,0.9995562460702894,0.9994662015135796,0.9993530201803686,0.9992184963512831,0.9990565389157747,0.9988613400707627,0.9986288862937925,0.9983451066473187,0.9980090567731166,0.9976024161216304,0.9971140412658102,0.996525753309834,0.9958045469337539,0.9949515081495282,0.9939145083831624,0.992676171443325,0.9911750668275098,0.9893659597767612,0.9871896862483122,0.9845544546227374,0.9813634681820217,0.9775145473662699,0.9728434210623237,0.9671547015535259,0.9601776413369015,0.9515108881670215,0.9405960902436274,0.9264207538962804,0.9078991504742284,0.8852418718615435,0.8620297827919422,0.8413533427731381,0.8198868998815964,0.7971405210704263,0.7727562945725277,0.7462939133657097,0.7168590702113341,0.6834818147769776,0.644368149743484,0.5955627723411074,0.5148685897199808,0.39963308849902,0.24040225127445863,0.20024039582963854,0.16792318250232643,0.13617839191281836,0.10810611602271823,0.0812206151133957,0.05782508445867781,0.03987732031176665,0.03026729492930629,0.02227759938850916,0.015369382886453578,0.008948124702881293,0.0022087594513732008,0.0012444752682968935,0.000758225218481997,0.0001659237400514222,0.0,0.0,0.0,0.0,0.0,0.0,0.0,0.0,0.0,0.0,0.0,0.0,0.0,0.0,0.0,0.0,0.0,0.0,0.0,0.0,0.0,0.0,0.0,0.0,0.0,0.0,0.0,0.0
1.0,0.001,0.448753462603878,0.5,0.999945274440888,0.9999338949242823,0.9999204378195826,0.9999048086909665,0.9998860159622982,0.9998626430962408,0.999837475949557,0.9998054149878338,0.9997673573513849,0.9997234446939439,0.9996650361377561,0.9995942092709158,0.999509783645642,0.999409492802196,0.9992897481793246,0.9991448364097691,0.998967958114313,0.9987589244213114,0.9985083389664301,0.9981929705373455,0.9978216016655457,0.9973727009835113,0.996844757518083,0.9961965028148485,0.9954238289155312,0.9944997743928201,0.9933991248821205,0.9920830200424924,0.9905033448223955,0.9886350737288797,0.9864111101100914,0.9837612409320362,0.9806175196204586,0.9769134161384398,0.9725256917376777,0.9673576441359792,0.9612679029071313,0.954143145064189,0.9457905326577016,0.9360261047055293,0.9246125912037564,0.9112324989172933,0.8950787793074493,0.8745384213088012,0.8467388760739478,0.8228728189338536,0.8015578511015278,0.7793807786460207,0.7555568398827409,0.7296065841410901,0.7010196330186165,0.668985727158666,0.631971653765789,0.5864987748840753,0.5182270108739072,0.4010002359006845,0.24525639420232043,0.19407090354872822,0.15976860201552487,0.13316617248400778,0.11075589076495093,0.09047542014969588,0.07061325301000018,0.049861500422789175,0.033186022893887564,0.016262368023577226,0.006569239117357474,0.001066983139994874,0.0006008951382738756,0.0003389301667868835,8.867523728416928e-05,0.0,0.0,0.0,0.0,0.0,0.0,0.0,0.0,0.0,0.0,0.0,0.0,0.0,0.0,0.0,0.0,0.0,0.0,0.0,0.0,0.0,0.0,0.0,0.0,0.0,0.0,0.0,0.0,0.0
1/0.9,0.001,0.4487534626038775,0.5,0.9999615646202613,0.9999537736649088,0.9999453688767105,0.9999321950794782,0.999917604744909,0.9999007007326898,0.9998783666606794,0.999852066284126,0.9998196747970244,0.9997818060322203,0.9997378461568681,0.9996880784784349,0.9996214067877826,0.9995452915148847,0.9994535471133708,0.9993383826278883,0.9992084861541031,0.9990413347483597,0.9988435861361413,0.9986111323591712,0.9983228197932196,0.9979803010651794,0.997568419225547,0.9970714507098836,0.9964691862521841,0.9957516156552685,0.9948790286557948,0.9938336713191419,0.9925670980683908,0.9910448398283459,0.9892013109203129,0.9869832967583393,0.984302405412608,0.9810650982009786,0.9771383150496138,0.9723596263438926,0.9665346359432939,0.9593730009116834,0.9505024080190367,0.9393425963542862,0.925324542869236,0.9102442752532249,0.8930844363909575,0.8725934211095416,0.8439847497479036,0.8101113285023744,0.7866775985574739,0.7633182368227559,0.7388064275287222,0.7125024151961593,0.6838139927824589,0.6519595622030819,0.6154949164252415,0.5713093394573076,0.508087058873747,0.38910406091035,0.24206148867497287,0.18586986063727937,0.15229641478177486,0.12602224416910737,0.10377467537213853,0.0842200384882638,0.0665219154380094,0.05006312090372816,0.03431566420208057,0.020733526473477416,0.013819407732518465,0.00983143016820342,0.005039614883161167,9.311372093950044e-05,1.2276656919001073e-05,0.0,0.0,0.0,0.0,0.0,0.0,0.0,0.0,0.0,0.0,0.0,0.0,0.0,0.0,0.0,0.0,0.0,0.0,0.0,0.0,0.0,0.0,0.0,0.0,0.0,0.0,0.0,0.0,0.0
1/0.8,0.001,0.0987654320987654,0.5,0.9999979260188291,0.9999973603876007,0.9999969833001151,0.9999961348532724,0.9999947207752014,0.9999936366486802,0.9999930710174518,0.9999919868909306,0.9999903842691168,0.9999884045598173,0.9999868962098748,0.9999835024225043,0.9999796844117124,0.9999762434884062,0.9999719541182572,0.9999662035341016,0.9999588503281321,0.9999497059566059,0.9999400902257227,0.9999285890574113,0.9999139769173437,0.9998969137086196,0.9998749483625824,0.9998499663166603,0.9998174896569616,0.999781524938021,0.9997375942459467,0.9996837178714392,0.9996139566866001,0.9995346269068136,0.9994359242574534,0.9993219495649259,0.9991781378250989,0.9990147175360199,0.9988186320434993,0.9985750335277911,0.9982804339296532,0.9979277157227947,0.997507310312268,0.9969937171568584,0.9963869362565658,0.9956445452692584,0.9947476426847196,0.9936776098083472,0.9923874992481818,0.9908110378786265,0.9889446905045035,0.9866832968532615,0.9839575670994185,0.9806710139825925,0.9767087672274775,0.9719190962570484,0.9661488564162095,0.9591649133669783,0.9507198977187904,0.9404558120399886,0.927962432282158,0.9126524446864508,0.8937011117858882,0.8698283629746094,0.8386099028075861,0.7683512924390754,0.6880126150847438,0.6218222130548064,0.5515651110362383,0.4734520511579508,0.41082451309992496,0.3560427044035711,0.30723113332324,0.2632750349795779,0.22277503771346216,0.18324391960570224,0.14399783250113268,0.1079020285232745,0.07363566448188462,0.056519993461303,0.04453205234200553,0.03513705904567831,0.028704747851968273,0.023791580729999894,0.019952971534231343,0.016704928476873885,0.013227521956390209,0.008556586407994707,0.004181664535808133,0.0011471472671810013,0.0,0.0,0.0,0.0,0.0,0.0,0.0,0.0,0.0,0.0,0.0,0.0,0.0,0.0
1/0.7,0.001,0.037677816224529,0.5,0.9999990601401735,0.9999989661541908,0.9999989661541908,0.9999987781822256,0.9999982142663296,0.9999973683924859,0.9999972744065032,0.9999967104906073,0.9999963345466767,0.9999956766447982,0.999994642798989,0.9999931390232667,0.9999919172054922,0.9999890976260127,0.9999867479764466,0.9999835524530365,0.9999802629436438,0.9999763155323725,0.9999713342752922,0.9999669169341077,0.9999600559573744,0.9999520671488492,0.9999419166627231,0.9999276307933606,0.9999133919169894,0.9998951586363555,0.9998764554258084,0.9998514081614326,0.999821050689037,0.9997835502819603,0.9997410686178031,0.9996888594044419,0.999625559845128,0.9995494311991827,0.9994566200413172,0.9993463274906791,0.9992146061359971,0.9990526212949022,0.9988534649976698,0.9986183120690831,0.9983392676865994,0.997994903046175,0.9975861110146449,0.9970908518790782,0.9965063530529866,0.9957912607040048,0.9949286103622648,0.9938940126652691,0.9926491683250885,0.9911335503688974,0.9893217825813805,0.9871414487629071,0.9845092303398594,0.9813353237058166,0.9775115979877413,0.9729016325318193,0.9673278878168273,0.9606244315903993,0.9525088829676676,0.9426860789701241,0.930761419449619,0.9162416659692123,0.8984452321827365,0.8764431136447017,0.8487783396520893,0.8127519147411798,0.7496064454459068,0.6522121551225486,0.5732374726436175,0.48939422227750684,0.3952466777247441,0.31464843438855,0.22411342905085108,0.1635570386125902,0.12471178611008418,0.09720772814780085,0.0687550696626453,0.042007222916752525,0.019713183916611126,0.0,0.0,0.0,0.0,0.0,0.0,0.0,0.0,0.0,0.0,0.0,0.0,0.0,0.0,0.0,0.0,0.0,0.0,0.0,0.0,0.0
1/0.6,0.001,0.0175781249999999,0.5,0.9999994394914431,0.9999994394914431,0.9999994394914431,0.9999992526552575,0.9999990658190718,0.9999983184743293,0.999997944801958,0.9999975711295869,0.99999701062103,0.9999964501124731,0.9999957027677305,0.9999946751687095,0.999993460733503,0.9999926199706677,0.9999901911002544,0.9999885095745839,0.9999854267775209,0.9999827176528293,0.9999791677653024,0.9999758981320539,0.9999726284988053,0.999967303667515,0.999958709202976,0.9999497410660658,0.9999407729291556,0.9999298430122963,0.9999135415551001,0.9998957921174654,0.9998741191199324,0.9998485225625012,0.9998185353547078,0.9997844844598769,0.99974011086579,0.9996850876091222,0.999622544195983,0.9995478097217313,0.9994568672083763,0.9993428504260963,0.9992074409005616,0.9990486768518233,0.9988514245488455,0.9986150767740247,0.9983361303488806,0.9979935662025298,0.9975849087555126,0.997093623005401,0.9964966813923163,0.9957828270360742,0.994917121569962,0.993880881375417,0.9926271638607997,0.9911095402339815,0.9892991443042826,0.9871121800424483,0.9844685881429366,0.9812964366742803,0.9774664349960244,0.9728417723112416,0.9672645253340293,0.9605492591501504,0.9524272099065777,0.9426056053004305,0.9307010107697515,0.9162214399287332,0.8985616836630766,0.8768624356460274,0.849892071741919,0.8156085191508725,0.7698337470898512,0.6708407894594871,0.5712195017368525,0.45020972128291625,0.32289375247353597,0.2432246543051798,0.18517670662827992,0.13999261716812486,0.10899172964953409,0.07627381758501245,0.041356283107080165,0.007351723650224164,0.0,0.0,0.0,0.0,0.0,0.0,0.0,0.0,0.0,0.0,0.0,0.0,0.0,0.0,0.0,0.0,0.0,0.0,0.0,0.0
1/0.5,0.001,0.0088888888888888,0.5,0.9999993062781825,0.9999993062781825,0.9999991212856978,0.9999990750375766,0.9999987513007285,0.9999985200601226,0.9999981963232744,0.999997548849578,0.9999969476240028,0.9999963926465487,0.9999958376690947,0.999995375187883,0.9999944039773384,0.9999932940224303,0.9999925540524917,0.9999908891201295,0.9999883454734652,0.9999860330674066,0.9999835356688634,0.9999809457740779,0.9999762747138398,0.999971187420511,0.9999649901722742,0.9999574979766447,0.9999503295178633,0.9999397386981154,0.9999272054572783,0.9999137935021389,0.9998947855243381,0.999873280147994,0.9998475199445023,0.9998150075153197,0.9997752803792346,0.9997262573707943,0.9996722858133889,0.9996043935715112,0.9995255867730374,0.9994317493351833,0.9993172852352873,0.9991760434732339,0.9990038154699965,0.9988008787143022,0.9985559486645855,0.9982609781477627,0.9979038501560874,0.9974755925540525,0.9969546999653139,0.9963316452769106,0.9955744710371142,0.9946759625390219,0.9935800208116545,0.9922762400277488,0.990699410336455,0.9887932477743092,0.9864949473927622,0.9837368481905423,0.9804102670828998,0.9764023586541797,0.9715574979766447,0.9657163602728639,0.9586729101630246,0.9501594635217945,0.9398454850271708,0.9273491964388947,0.9121863336801942,0.8936748294600532,0.8709036420395422,0.8425358307318765,0.8063215169383744,0.7571191120360735,0.6716834316105909,0.5563395999537519,0.404384506879408,0.30475916290900684,0.2316314024742745,0.17434339229968782,0.12742060353798126,0.08881008209041508,0.048117100242802635,0.019035819169846226,0.0,0.0,0.0,0.0,0.0,0.0,0.0,0.0,0.0,0.0,0.0,0.0,0.0,0.0,0.0,0.0,0.0,0.0,0.0,0.0
1/0.4,0.001,0.0045351473922902,0.5,0.999999545567761,0.9999992729084177,0.9999990911355221,0.9999988184761788,0.9999988184761788,0.999998727589731,0.9999985458168353,0.9999980913845964,0.9999973642930141,0.999997000747223,0.9999963645420884,0.9999954556776105,0.999993910607998,0.999992638197729,0.99999136578746,0.9999897298313998,0.9999878212159962,0.9999854581683536,0.999982277142681,0.9999784599118737,0.9999745517946188,0.9999701892451249,0.999961918578376,0.9999551929812396,0.9999477402925208,0.9999371065781293,0.9999258366586034,0.9999104768489269,0.9998915724677866,0.9998703050390036,0.999843766196249,0.999810865302149,0.9997723748915099,0.999724795836092,0.9996675373739843,0.9995925560545575,0.9995107582515466,0.9994135097524113,0.999295448256732,0.9991521203285673,0.9989794360777663,0.99876748888152,0.9985202777435312,0.9982146266196136,0.9978492630994978,0.9974091909192987,0.9968805953389521,0.9962440266586311,0.9954744002187454,0.9945512665685426,0.9934369078321896,0.9920966962730785,0.990476645341222,0.9885318571314119,0.986182806001832,0.9833567827942502,0.979951903800694,0.9758358383531812,0.9708871621574643,0.9648951549843423,0.9576833153522071,0.9489552171115915,0.938410344222878,0.9256379353852797,0.9101108946448387,0.8911473464270107,0.8677753056159054,0.8385703998017585,0.801097372059261,0.7476123789341392,0.6746401498790233,0.5633189294976102,0.4300821236309263,0.32142437604522256,0.24280078222330154,0.17904712012429994,0.12312768805189943,0.07278895653314736,0.04065550759831153,0.016707655697232884,0.0004158963850869699,0.0,0.0,0.0,0.0,0.0,0.0,0.0,0.0,0.0,0.0,0.0,0.0,0.0,0.0,0.0,0.0,0.0,0.0,0.0
1/0.3,0.001,0.0021736505252988,0.5,0.999999559387824,0.9999992509593009,0.9999992509593009,0.9999989865919953,0.9999987662859072,0.9999983256737313,0.9999978850615553,0.9999975325718145,0.9999970919596385,0.9999966513474625,0.999995946367981,0.9999948888987586,0.9999938314295362,0.9999925536542259,0.9999911436952628,0.9999886322058597,0.9999862529001093,0.9999841379616646,0.9999808774315624,0.9999754138405802,0.9999710077188203,0.9999660288012318,0.9999598161695504,0.999950431130202,0.9999395039482376,0.9999263296441757,0.9999111725853219,0.9998917856495787,0.9998704600202611,0.9998418642900399,0.9998083337034476,0.9997734372191097,0.999726908573326,0.9996711711330641,0.9995990429198558,0.9995173974836462,0.9994227980494628,0.9993059036391746,0.9991633215390266,0.9989913506067406,0.9987822360680192,0.9985354051270338,0.9982338942150089,0.9978756324547174,0.9974429072366848,0.9969186228084832,0.9962900454782263,0.9955357174329441,0.9946231655552665,0.9935201810951292,0.9921924844252408,0.9905928859815535,0.9886727421798388,0.9863535359303367,0.9835576313676391,0.9801869041601544,0.9761285575908313,0.971231329499655,0.9652996321417066,0.9581887684783934,0.949595993883598,0.9392178146905035,0.9266394826578572,0.9113591405172152,0.892729969594235,0.8697820503059258,0.841090795364901,0.8036147029815697,0.752518054524523,0.6913394945015126,0.6059462551842428,0.4910665440707348,0.36785230115877476,0.27655256750002294,0.2028258133172034,0.13466249283564602,0.07506145658630606,0.04419996637247873,0.021932572589974768,0.0052446507919387,0.0,0.0,0.0,0.0,0.0,0.0,0.0,0.0,0.0,0.0,0.0,0.0,0.0,0.0,0.0,0.0,0.0,0.0,0.0,0.0
1/0.2,0.001,0.0008680555555555,0.5,0.9999986367241721,0.9999983062330623,0.9999978931191751,0.9999973973825104,0.9999966950889021,0.9999962819750149,0.9999960341066826,0.9999955796814066,0.9999947534536321,0.9999938859144689,0.9999928531297508,0.9999914485425342,0.9999895069072642,0.999988184942825,0.999985954127834,0.9999824839711812,0.9999794269284156,0.999975047921211,0.9999707515367836,0.9999641417145879,0.9999568295987838,0.9999493109260361,0.9999383220966356,0.9999256395002974,0.9999093215017516,0.999891309736268,0.9998689602749686,0.9998435950822923,0.9998102154802035,0.9997737375239606,0.9997292038469165,0.9996743010113028,0.9996056001718554,0.999526736730782,0.9994314313569965,0.9993149745521845,0.9991757551721858,0.9990103856831252,0.998803209068676,0.9985585217132659,0.9982628147927821,0.9979105525811356,0.9974889285478221,0.9969686942296252,0.996354930927358,0.9956023200475907,0.9947128858483707,0.9936278422235442,0.992321204309604,0.9907534371075418,0.9888611276356666,0.9865777232467446,0.9838270870513584,0.9805055687751999,0.9765140623967216,0.9717060364201203,0.9659045541674929,0.9589162370282239,0.9504781380130874,0.940263979773944,0.9278781231409875,0.9128280124264657,0.8943647547755965,0.8713731079383965,0.8417826277348139,0.8039310265053871,0.7600685769052813,0.7067078541212242,0.6337795789543261,0.5367836192081433,0.430278190891665,0.317478476766475,0.23357372430431622,0.1571846288584837,0.08517842388789741,0.049679382312115807,0.027616498116200674,0.01169075120629255,0.002368299292749025,0.00033445700310661644,0.0,0.0,0.0,0.0,0.0,0.0,0.0,0.0,0.0,0.0,0.0,0.0,0.0,0.0,0.0,0.0,0.0,0.0,0.0,0.0
