s1,s2,alpha,source_radius,LD_coeff,1.0e-08,1.2e-08,1.5e-08,1.7e-08,2.1e-08,2.5e-08,3.1e-08,3.7e-08,4.4e-08,5.3e-08,6.4e-08,7.7e-08,9.3e-08,1.1e-07,1.4e-07,1.6e-07,2.0e-07,2.4e-07,2.8e-07,3.4e-07,4.1e-07,5.0e-07,6.0e-07,7.2e-07,8.7e-07,1.0e-06,1.3e-06,1.5e-06,1.8e-06,2.2e-06,2.7e-06,3.2e-06,3.9e-06,4.6e-06,5.6e-06,6.7e-06,8.1e-06,9.8e-06,1.2e-05,1.4e-05,1.7e-05,2.1e-05,2.5e-05,3.0e-05,3.6e-05,4.3e-05,5.2e-05,6.3e-05,7.6e-05,9.1e-05,1.1e-04,1.3e-04,1.6e-04,1.9e-04,2.3e-04,2.8e-04,3.4e-04,4.0e-04,4.9e-04,5.9e-04,7.1e-04,8.5e-04,1.0e-03,1.2e-03,1.5e-03,1.8e-03,2.2e-03,2.6e-03,3.1e-03,3.8e-03,4.5e-03,5.5e-03,6.6e-03,7.9e-03,9.5e-03,1.1e-02,1.4e-02,1.7e-02,2.0e-02,2.4e-02,2.9e-02,3.5e-02,4.2e-02,5.1e-02,6.1e-02,7.4e-02,8.9e-02,1.1e-01,1.3e-01,1.6e-01,1.9e-01,2.3e-01,2.7e-01,3.3e-01,3.9e-01,4.8e-01,5.7e-01,6.9e-01,8.3e-01,1.0e+00
0.2,0.2,0.0,0.005,0.5,0.99999024,0.99998824,0.99998632,0.99998384,0.99998192,0.99997888,0.99997544,0.99997032,0.99996408,0.99995688,0.99994776,0.99993736,0.99992424,0.99990896,0.99988896,0.99986664,0.99983896,0.99980784,0.99976696,0.99971896,0.99966376,0.99959008,0.99951,0.99940992,0.99928904,0.99914864,0.99897536,0.99876704,0.99851264,0.99820512,0.9978322,0.9973888,0.99686056,0.9962132,0.99544064,0.99449984,0.99336216,0.99199928,0.99040408,0.98846416,0.98610112,0.98325368,0.9798246,0.97568488,0.97069272,0.96466408,0.95737412,0.94852048,0.93777264,0.92468296,0.90860736,0.88865504,0.86348984,0.83082496,0.78557368,0.7102828,0.62512688,0.54388744,0.4645528,0.38358104,0.28969172,0.19969524,0.13776596,0.09515272,0.06580468,0.04556772,0.031596,0.021934,0.0152348,0.01057144,0.0073124,0.00501944,0.00339504,0.00224248,0.00142452,0.000854,0.0004708,0.00022976,9.368e-05,2.832e-05,8.8e-07,0.0,0.0,0.0,0.0,0.0,0.0,0.0,0.0,0.0,0.0,0.0,0.0,0.0,0.0,0.0,0.0,0.0,0.0,0.0
0.2,0.2,45.0,0.005,0.5,0.99998272,0.99997972,0.99997532,0.99997004,0.99996452,0.99995704,0.9999482,0.99993624,0.9999236,0.9999086,0.9998886,0.99986544,0.99983824,0.99980572,0.99976492,0.9997144,0.9996582,0.99958992,0.99950612,0.99940536,0.99928524,0.99913776,0.998957,0.99874408,0.99848584,0.99817548,0.99780344,0.99735176,0.9968076,0.9961546,0.99536964,0.99442096,0.9932794,0.99190192,0.99024584,0.98825372,0.98583848,0.9829394,0.97942524,0.97518644,0.97006748,0.96383944,0.95625228,0.9468592,0.93534032,0.92251384,0.90795496,0.89158056,0.8732424,0.8528828,0.83039168,0.8056706,0.7786358,0.7491326,0.71694932,0.68169888,0.64266948,0.59834208,0.54058344,0.42348916,0.28998252,0.1997976,0.13783092,0.09519968,0.06583748,0.04559124,0.03161296,0.02194664,0.01524384,0.01057928,0.00731836,0.0050232,0.0033982,0.0022438,0.00142496,0.00085276,0.0004694,0.00022872,9.42e-05,3.228e-05,0.0,0.0,0.0,0.0,0.0,0.0,0.0,0.0,0.0,0.0,0.0,0.0,0.0,0.0,0.0,0.0,0.0,0.0,0.0,0.0
0.2,0.2,90.0,0.005,0.5,0.9999924,0.99999104,0.99998888,0.99998676,0.99998416,0.99998064,0.99997596,0.99997116,0.99996384,0.99995772,0.99994932,0.999939,0.99992604,0.99991004,0.99989116,0.9998702,0.9998432,0.99981004,0.99977088,0.99972152,0.99966376,0.9995968,0.99951236,0.99940936,0.99929196,0.9991454,0.99896852,0.99875732,0.99850368,0.99820028,0.99783284,0.99738888,0.99685272,0.99620852,0.99543216,0.99450332,0.99337552,0.9920612,0.99047232,0.98848356,0.98605944,0.98315828,0.97967732,0.97547644,0.97041332,0.96427768,0.95687552,0.94804844,0.93727404,0.92412512,0.9079644,0.887912,0.86264392,0.82980736,0.78441076,0.70917684,0.62429568,0.54330552,0.46421508,0.38350548,0.29003056,0.20010276,0.13803932,0.09534288,0.06593496,0.04565916,0.03166212,0.02197972,0.0152664,0.01059632,0.00732888,0.00503068,0.00340356,0.00224776,0.00142872,0.00085676,0.000472,0.00022952,9.34e-05,2.84e-05,1.32e-06,0.0,0.0,0.0,0.0,0.0,0.0,0.0,0.0,0.0,0.0,0.0,0.0,0.0,0.0,0.0,0.0,0.0,0.0,0.0
0.2,0.2,135.0,0.005,0.5,0.9999822,0.99997864,0.99997536,0.9999698,0.9999634,0.99995548,0.99994628,0.99993488,0.99992192,0.999906,0.9998872,0.99986436,0.99983904,0.99980452,0.99976416,0.99971744,0.99965852,0.99958836,0.99950564,0.99940484,0.99928304,0.99913396,0.9989598,0.99874556,0.99849072,0.99818264,0.99781084,0.99735972,0.99681816,0.99616748,0.99539116,0.99444512,0.99331112,0.9919388,0.99029052,0.98830356,0.98591652,0.9830264,0.97952976,0.97531016,0.970197,0.96399784,0.95643304,0.94710172,0.93557864,0.92274816,0.90819256,0.89180524,0.87347356,0.85309996,0.83059592,0.8058744,0.77881856,0.74932068,0.71714136,0.68190768,0.64289536,0.59863508,0.54112492,0.42473536,0.29086712,0.20040552,0.13824648,0.09548408,0.066031,0.04572548,0.03170536,0.02201156,0.01528792,0.0106104,0.0073394,0.0050388,0.0034096,0.00225172,0.00143048,0.000857,0.00047176,0.00022984,9.536e-05,3.308e-05,0.0,0.0,0.0,0.0,0.0,0.0,0.0,0.0,0.0,0.0,0.0,0.0,0.0,0.0,0.0,0.0,0.0,0.0,0.0,0.0
0.2,0.2,180.0,0.005,0.5,0.99999048,0.99998928,0.99998752,0.99998528,0.99998336,0.99998096,0.99997736,0.99997232,0.99996704,0.99996072,0.99995248,0.99994024,0.99992688,0.9999116,0.99989448,0.99987152,0.99984216,0.99980976,0.99977024,0.99972224,0.99966552,0.99959912,0.9995152,0.99941472,0.9992952,0.9991524,0.99897352,0.9987628,0.99850984,0.9982088,0.99784392,0.99738936,0.99686208,0.9962248,0.99545496,0.99451632,0.99340544,0.9920804,0.99049392,0.98852568,0.98612992,0.9832608,0.97981236,0.97565608,0.97063552,0.96458968,0.95725664,0.94846072,0.93770872,0.92458848,0.9084796,0.888499,0.86333384,0.83064288,0.78543872,0.7104498,0.62535592,0.54421188,0.46500624,0.3842398,0.2906918,0.200547,0.13834404,0.09555452,0.0660808,0.045759,0.03172956,0.02202548,0.01529896,0.01061644,0.00734464,0.00504136,0.00341188,0.00225392,0.00143156,0.00086008,0.00047416,0.00023096,9.344e-05,2.776e-05,1.36e-06,0.0,0.0,0.0,0.0,0.0,0.0,0.0,0.0,0.0,0.0,0.0,0.0,0.0,0.0,0.0,0.0,0.0,0.0,0.0
0.2,0.6,0.0,0.005,0.5,0.99998912,0.99998728,0.99998488,0.99998128,0.99997856,0.99997464,0.99996992,0.99996448,0.9999564,0.99994672,0.99993704,0.99992472,0.9999112,0.9998952,0.99987552,0.9998512,0.99982336,0.9997916,0.99975032,0.99969784,0.99963808,0.99955632,0.9994664,0.99935924,0.99923168,0.99906936,0.998882,0.9986468,0.99837472,0.9980424,0.99764088,0.99715976,0.99656664,0.99587072,0.99502976,0.99401424,0.99278352,0.99131336,0.98953568,0.98738984,0.98480128,0.98167664,0.97791304,0.97334264,0.96781512,0.96109376,0.95288088,0.94274472,0.9300112,0.91329304,0.89330416,0.86826216,0.83503496,0.78847624,0.74387256,0.70018344,0.65642184,0.61075304,0.55928464,0.48228992,0.37898952,0.3226064,0.2858788,0.25905296,0.23757112,0.21900392,0.201904,0.18534272,0.16883616,0.15155096,0.13207536,0.1077656,0.08514512,0.06081888,0.04134876,0.028383,0.01955432,0.01344188,0.00914056,0.00607032,0.00383464,0.00218424,0.00097264,0.0002836,7.912e-05,7.04e-06,0.0,0.0,0.0,0.0,0.0,0.0,0.0,0.0,0.0,0.0,0.0,0.0,0.0,0.0
0.2,0.6,45.0,0.005,0.5,0.99998908,0.99998668,0.9999844,0.99998108,0.9999768,0.999973,0.99996752,0.99996124,0.99995424,0.99994464,0.99993396,0.99992104,0.99990452,0.9998844,0.999861,0.99983164,0.99979696,0.99975612,0.99970616,0.99964776,0.99957424,0.99948648,0.99938008,0.99925292,0.99909724,0.99891256,0.99869108,0.9984222,0.9981052,0.9977152,0.99724732,0.99668624,0.99600716,0.99518956,0.99421036,0.99302684,0.99159876,0.98987876,0.98780748,0.98531076,0.98230216,0.97867708,0.97429564,0.96900912,0.96262212,0.95490208,0.94553252,0.93413336,0.92020208,0.90305852,0.88169064,0.8555368,0.82638136,0.79306192,0.75315676,0.70470052,0.65881264,0.61412232,0.5695034,0.52275648,0.46464868,0.40845976,0.37190224,0.34491012,0.32270908,0.3026432,0.282944,0.26206268,0.23790384,0.198593,0.1642452,0.1322554,0.09120016,0.0609652,0.04144588,0.02844224,0.0195942,0.01347052,0.00916004,0.00608168,0.00384092,0.0021878,0.0009746,0.00028568,8.272e-05,3.6e-06,0.0,0.0,0.0,0.0,0.0,0.0,0.0,0.0,0.0,0.0,0.0,0.0,0.0,0.0
0.2,0.6,90.0,0.005,0.5,0.99999064,0.99998868,0.99998616,0.99998332,0.99998004,0.99997676,0.9999714,0.99996636,0.99995936,0.99995128,0.99994088,0.99992976,0.99991592,0.99989868,0.99987672,0.99985388,0.99982492,0.99978824,0.99974648,0.99969604,0.9996328,0.99955644,0.99946596,0.99935684,0.99922908,0.99906872,0.99888192,0.9986522,0.99837688,0.99804544,0.9976428,0.9971616,0.99658364,0.99588356,0.99504304,0.99402996,0.9928052,0.99132848,0.98955724,0.98740964,0.98482736,0.98170376,0.97794572,0.97338924,0.96787712,0.96115004,0.95294672,0.94281088,0.93007268,0.91349048,0.89361996,0.86876176,0.83593404,0.78929612,0.74435436,0.70043164,0.65656712,0.61095324,0.55988896,0.48675952,0.38116784,0.32370636,0.2864346,0.25930316,0.23764076,0.2189608,0.2018006,0.18518992,0.16862524,0.15131576,0.13199852,0.1077198,0.0852166,0.06112248,0.04154776,0.02850884,0.01963756,0.0134982,0.00918316,0.00609524,0.00385036,0.00219252,0.00097608,0.00028528,8.172e-05,9.48e-06,0.0,0.0,0.0,0.0,0.0,0.0,0.0,0.0,0.0,0.0,0.0,0.0,0.0,0.0
0.2,0.6,135.0,0.005,0.5,0.99998896,0.99998696,0.99998428,0.99998104,0.99997696,0.9999728,0.99996768,0.99996188,0.9999536,0.9999446,0.99993296,0.99991892,0.99990304,0.99988304,0.99985928,0.9998308,0.99979664,0.9997552,0.99970644,0.99964952,0.99957524,0.99948652,0.99938348,0.99925732,0.99910368,0.99891948,0.99869828,0.99843344,0.9981104,0.99772792,0.99726088,0.996702,0.99603004,0.99521664,0.99423452,0.99305452,0.99163272,0.98992384,0.9878586,0.98537688,0.9823804,0.97877036,0.97441704,0.96915544,0.96280668,0.95512068,0.94580456,0.93447024,0.9206184,0.90357064,0.8823148,0.856221,0.82719556,0.79401,0.75438372,0.70588248,0.659865,0.61507096,0.57036912,0.52357404,0.46562688,0.40897492,0.37219432,0.34507364,0.3228134,0.30272332,0.28302224,0.26216596,0.2380224,0.19883316,0.16445296,0.13249624,0.0915122,0.06115624,0.04156816,0.02852292,0.01964728,0.01350744,0.0091892,0.0061006,0.00385476,0.0021966,0.00097936,0.0002872,8.272e-05,3.04e-06,0.0,0.0,0.0,0.0,0.0,0.0,0.0,0.0,0.0,0.0,0.0,0.0,0.0,0.0
0.2,0.6,180.0,0.005,0.5,0.999992,0.99999,0.99998864,0.99998536,0.99998292,0.99997968,0.99997576,0.99996904,0.99996236,0.99995352,0.99994416,0.9999328,0.99992072,0.99990088,0.99987896,0.99985568,0.99982464,0.99978856,0.9997448,0.99969192,0.99963104,0.9995604,0.99946968,0.99935848,0.99923,0.99907872,0.99888376,0.99865816,0.99838464,0.99805192,0.99765152,0.9971704,0.99659616,0.99589496,0.99504976,0.99404856,0.99282728,0.99135608,0.98958504,0.987456,0.98488544,0.98178032,0.97802616,0.9734912,0.96800136,0.9613252,0.95314664,0.94307768,0.930392,0.9137948,0.89390688,0.86899096,0.83609912,0.7895084,0.7447048,0.70086352,0.65701544,0.61136632,0.56013952,0.48592672,0.38066672,0.32339664,0.28624648,0.25919376,0.2375888,0.21895848,0.20183848,0.18527064,0.16877,0.15149864,0.13216328,0.107928,0.0853474,0.06114572,0.04156312,0.02851712,0.01964352,0.01350624,0.00918732,0.00609992,0.00385496,0.00219848,0.00098192,0.00028636,7.936e-05,7.52e-06,0.0,0.0,0.0,0.0,0.0,0.0,0.0,0.0,0.0,0.0,0.0,0.0,0.0,0.0
0.2,1.0,0.0,0.005,0.5,0.99999896,0.99999856,0.99999792,0.99999736,0.99999648,0.99999552,0.99999464,0.99999344,0.99999144,0.99998968,0.99998776,0.9999852,0.9999824,0.99997912,0.99997464,0.9999684,0.99996232,0.99995408,0.99994544,0.99993424,0.99991904,0.99990216,0.999882,0.99985744,0.999828,0.99979288,0.9997512,0.99970208,0.99963712,0.99956792,0.99947576,0.99937136,0.99924352,0.9990874,0.99889912,0.99867408,0.9984058,0.99807836,0.9976852,0.99720592,0.99663912,0.99595392,0.99512736,0.99412896,0.99292748,0.99147664,0.98973528,0.98763436,0.98510656,0.9820564,0.97838908,0.97396528,0.96863164,0.96218092,0.9543858,0.9449634,0.933574,0.91974048,0.9029344,0.88245104,0.85740672,0.82671944,0.78903112,0.74265008,0.68804552,0.63017352,0.576046,0.52636092,0.48065656,0.4385094,0.3995354,0.36318272,0.33098928,0.30226972,0.27625312,0.2524688,0.23056816,0.20780424,0.18592496,0.16350636,0.14363712,0.1261676,0.11105032,0.09680896,0.08264608,0.07017732,0.06009088,0.05281992,0.04610488,0.03954256,0.03269528,0.02501052,0.01756216,0.01138568,0.00440792,0.00026144,0.0,0.0,0.0,0.0
0.2,1.0,45.0,0.005,0.5,0.9999954,0.9999944,0.99999348,0.99999192,0.99999036,0.9999886,0.99998628,0.99998372,0.99998036,0.9999762,0.9999712,0.9999658,0.99995868,0.99995136,0.9999416,0.9999282,0.99991296,0.9998944,0.99987444,0.9998484,0.99981692,0.99978116,0.99973456,0.99967996,0.99961372,0.99953728,0.99944096,0.99932756,0.99919076,0.99902532,0.99882572,0.9985858,0.99829832,0.99795196,0.99753256,0.99702628,0.99641824,0.99568448,0.99480064,0.99373936,0.99245772,0.990912,0.98905144,0.98680296,0.9840926,0.98081688,0.9768552,0.97204908,0.96620324,0.95907156,0.95018244,0.93951756,0.9276946,0.91434056,0.8993872,0.8827738,0.86447404,0.84448404,0.82282968,0.799581,0.77481152,0.74862096,0.72113376,0.69249348,0.66285484,0.63240476,0.60132628,0.56984368,0.5381382,0.50639792,0.47473992,0.44314044,0.4136688,0.3857544,0.35897016,0.33313292,0.3080794,0.28113308,0.25402152,0.22552888,0.19795596,0.17084264,0.14723064,0.1258262,0.10825328,0.09369924,0.08240672,0.07344736,0.06444284,0.05351292,0.04220808,0.0306106,0.02008732,0.0122552,0.0044206,0.00031404,0.0,0.0,0.0,0.0
0.2,1.0,90.0,0.005,0.5,0.99999784,0.99999724,0.9999968,0.99999628,0.99999564,0.99999452,0.99999328,0.99999212,0.9999904,0.99998856,0.99998668,0.99998324,0.99997936,0.99997576,0.99997136,0.99996572,0.99995876,0.99995064,0.99994112,0.99993004,0.99991768,0.9999022,0.99988232,0.99985788,0.99982776,0.99979184,0.99975096,0.99969968,0.99963656,0.99956456,0.99947348,0.99936552,0.99923788,0.99908212,0.99889404,0.99866872,0.99839632,0.9980676,0.99767256,0.9971964,0.996623,0.99593392,0.99510068,0.99409812,0.99289288,0.9914404,0.98968656,0.98757572,0.98503572,0.9819734,0.97825852,0.9738042,0.968441,0.96197316,0.95416032,0.94471376,0.93326748,0.91939172,0.90253524,0.88199108,0.85689576,0.82616732,0.78845984,0.74207828,0.68747248,0.62962812,0.57553704,0.52586652,0.48015376,0.4379818,0.39891756,0.36259052,0.33069108,0.302077,0.27609636,0.25234104,0.23046352,0.20754352,0.18541404,0.16298292,0.14304672,0.12583808,0.11078468,0.09658684,0.08243192,0.0699448,0.05991068,0.052665,0.04596516,0.03939992,0.03255308,0.02486876,0.0174754,0.01134528,0.00442628,0.00034752,0.0,0.0,0.0,0.0
0.2,1.0,135.0,0.005,0.5,0.99999548,0.99999516,0.99999444,0.999993,0.99999168,0.99998976,0.99998768,0.99998508,0.99998216,0.99997748,0.99997232,0.99996668,0.99995948,0.99995156,0.9999422,0.99992924,0.99991476,0.99989608,0.9998738,0.99984708,0.99981592,0.99977756,0.99973368,0.99968092,0.99961436,0.99953676,0.99944308,0.99932852,0.99919248,0.9990294,0.99882976,0.99859052,0.99830176,0.99795452,0.99753496,0.99703164,0.99642224,0.99568996,0.99480916,0.99374948,0.99246636,0.99092172,0.98905992,0.98681652,0.98410728,0.98083936,0.97688268,0.97208864,0.96625688,0.95913432,0.95026556,0.93958428,0.92775908,0.91440044,0.89943696,0.88282012,0.86450868,0.84450968,0.82285,0.79958424,0.774807,0.74859376,0.72109148,0.69243148,0.66277168,0.63229012,0.60119476,0.56967728,0.53793496,0.50613476,0.4743736,0.44280056,0.41350608,0.38566724,0.3589236,0.33311232,0.30808116,0.2809308,0.25381068,0.22531604,0.19770408,0.170672,0.14687224,0.12556016,0.10800444,0.09344564,0.0821422,0.07318632,0.0641902,0.05323,0.04195064,0.0304004,0.02002012,0.01221416,0.00441356,0.000303,0.0,0.0,0.0,0.0
0.2,1.0,180.0,0.005,0.5,0.9999984,0.99999776,0.9999972,0.99999672,0.9999964,0.99999544,0.99999472,0.99999304,0.99999136,0.9999896,0.99998776,0.99998504,0.99998216,0.99997856,0.99997456,0.99996944,0.99996264,0.99995352,0.99994432,0.99993224,0.99991888,0.9999036,0.99988272,0.999858,0.99983024,0.99979436,0.99975188,0.99970196,0.99963896,0.99956664,0.999475,0.99936416,0.99923608,0.99908288,0.99889368,0.99867124,0.99839792,0.99806796,0.99767448,0.99720008,0.99662568,0.99593784,0.99510592,0.994107,0.99290456,0.99145612,0.98970152,0.98759388,0.98505248,0.98199268,0.9782874,0.97383728,0.96848024,0.96201312,0.95421288,0.94478,0.9333418,0.9194764,0.90261724,0.88207156,0.8569826,0.82624364,0.78852904,0.7421356,0.68753232,0.62967544,0.57557344,0.52588704,0.48015736,0.43797112,0.398865,0.36254264,0.33068392,0.30208728,0.27613348,0.2523862,0.23051152,0.2075016,0.1854218,0.16300352,0.14301592,0.12582224,0.11075392,0.09657392,0.08242236,0.06979832,0.05973732,0.05250056,0.0457988,0.03924008,0.03236148,0.02464896,0.01736244,0.01126088,0.00440008,0.00024704,0.0,0.0,0.0,0.0
0.2,1/0.6,0.0,0.005,0.5,0.99999176,0.99998976,0.99998784,0.99998488,0.99998232,0.99997872,0.99997408,0.99996856,0.99996296,0.99995496,0.99994512,0.99993424,0.9999196,0.99990336,0.9998836,0.9998604,0.99983424,0.999802,0.99976192,0.99971408,0.99965496,0.99958584,0.999496,0.99939472,0.99927624,0.99912392,0.99894712,0.99873632,0.99847344,0.99815504,0.9977756,0.9973248,0.99677928,0.99611888,0.99533568,0.99437824,0.99323016,0.9918388,0.99017248,0.98815696,0.98573144,0.98281672,0.97928576,0.97505056,0.96988032,0.96362616,0.95603344,0.94676824,0.93537392,0.921112,0.90266464,0.88048792,0.85275264,0.81660424,0.76372128,0.71090296,0.65900832,0.60504112,0.54029784,0.43135016,0.3615172,0.31583896,0.28325904,0.25817856,0.23746736,0.2192488,0.2023288,0.18586664,0.16921656,0.15218832,0.1334236,0.109524,0.08400772,0.05858944,0.0405336,0.0281284,0.01951928,0.01348312,0.0092056,0.0061264,0.0038796,0.00221432,0.000988,0.00028408,7.92e-05,7.04e-06,0.0,0.0,0.0,0.0,0.0,0.0,0.0,0.0,0.0,0.0,0.0,0.0,0.0,0.0
0.2,1/0.6,45.0,0.005,0.5,0.9999884,0.99998612,0.9999834,0.99998032,0.999976,0.99997096,0.99996452,0.99995708,0.99994824,0.9999388,0.99992636,0.99991064,0.99989256,0.999871,0.99984528,0.999815,0.99977524,0.9997262,0.99967364,0.99960392,0.9995252,0.99942676,0.9993086,0.99916984,0.99900116,0.99879664,0.9985504,0.99825408,0.99789712,0.99746452,0.99694788,0.99632132,0.99556936,0.99466816,0.99357532,0.99226132,0.99067728,0.98876544,0.98646804,0.98369832,0.98036212,0.97633464,0.97147408,0.96559356,0.95848028,0.94985204,0.93935696,0.92652512,0.91045868,0.89232696,0.8717032,0.84824012,0.8214992,0.790879,0.75525112,0.71094996,0.6591714,0.61016888,0.56149648,0.50904884,0.44497904,0.40026352,0.3682798,0.34333784,0.3221842,0.3027654,0.28361132,0.263447,0.24085204,0.20997064,0.16709824,0.12474568,0.08508924,0.05854224,0.04050324,0.0281068,0.01950628,0.01347468,0.00919724,0.00612004,0.00387264,0.00220864,0.00098424,0.00028664,8.312e-05,3.88e-06,0.0,0.0,0.0,0.0,0.0,0.0,0.0,0.0,0.0,0.0,0.0,0.0,0.0,0.0
0.2,1/0.6,90.0,0.005,0.5,0.9999922,0.99999048,0.99998844,0.99998544,0.99998264,0.9999786,0.9999744,0.99996984,0.99996392,0.99995576,0.99994668,0.99993612,0.99992244,0.99990672,0.99988668,0.99986352,0.99983496,0.999802,0.9997582,0.99970928,0.99965044,0.999581,0.99949904,0.99939636,0.99927128,0.99912092,0.99894468,0.99873076,0.99847252,0.99816252,0.99778404,0.99733292,0.99679216,0.9961338,0.99535068,0.99439792,0.99325892,0.99187876,0.9902092,0.98819828,0.98578292,0.98286964,0.97933424,0.9750692,0.96996512,0.96376644,0.95624224,0.94705628,0.9357586,0.92167992,0.90339196,0.8811304,0.85342704,0.81731928,0.76453332,0.71172136,0.65977652,0.60564024,0.54037888,0.43057204,0.36094328,0.31537812,0.28287644,0.25784832,0.2371794,0.2189882,0.20208552,0.1856302,0.16899716,0.15202984,0.13343144,0.10964836,0.08400796,0.05850184,0.040477,0.02808784,0.01949108,0.0134644,0.00919336,0.00611436,0.00386912,0.0022048,0.00097964,0.00028492,8.172e-05,9.52e-06,0.0,0.0,0.0,0.0,0.0,0.0,0.0,0.0,0.0,0.0,0.0,0.0,0.0,0.0
0.2,1/0.6,135.0,0.005,0.5,0.99998844,0.99998584,0.99998316,0.99998004,0.999976,0.99997128,0.99996464,0.99995684,0.999949,0.99993744,0.99992492,0.99990932,0.999892,0.99986896,0.99984256,0.99981068,0.99977364,0.99972736,0.99967108,0.999604,0.99952612,0.99942844,0.99931096,0.9991714,0.99899952,0.99879364,0.99854744,0.99825208,0.99789516,0.99746224,0.99694216,0.99632204,0.99556852,0.99465828,0.99356328,0.99225236,0.99066768,0.98875764,0.98645976,0.983686,0.98034584,0.97631048,0.97143964,0.9655594,0.95844208,0.9498028,0.9392958,0.9264504,0.91039136,0.89228232,0.87169964,0.84825612,0.82154584,0.79094716,0.75532944,0.7111374,0.65925416,0.61027448,0.56163996,0.50931012,0.4453058,0.40052004,0.36849788,0.34352804,0.32235176,0.30291428,0.2837478,0.26357856,0.24087252,0.2098664,0.16706044,0.12467432,0.08504388,0.058514,0.04048516,0.0280938,0.0194976,0.01346924,0.00919392,0.00611736,0.00387204,0.0022084,0.0009836,0.00028624,8.248e-05,2.92e-06,0.0,0.0,0.0,0.0,0.0,0.0,0.0,0.0,0.0,0.0,0.0,0.0,0.0,0.0
0.2,1/0.6,180.0,0.005,0.5,0.99999088,0.99998904,0.9999868,0.99998392,0.99998128,0.99997744,0.99997376,0.99996832,0.9999616,0.99995392,0.99994488,0.99993312,0.99992,0.9999056,0.9998872,0.99986496,0.99983528,0.99980208,0.99976096,0.99971096,0.99965416,0.99958344,0.99949336,0.99939456,0.99927456,0.99912464,0.99894056,0.99872832,0.99847328,0.99815776,0.99778456,0.99733104,0.9967828,0.99612592,0.9953296,0.99437632,0.99322448,0.99183368,0.99016488,0.98815936,0.98572544,0.98278928,0.97925952,0.97498008,0.96984504,0.96360256,0.95602696,0.9467764,0.93537368,0.92113936,0.90268936,0.88043944,0.8526724,0.81645528,0.76354168,0.7107772,0.65890272,0.604872,0.53990016,0.43064296,0.3610576,0.31551632,0.2830232,0.2579992,0.23732232,0.2191288,0.2022196,0.18576616,0.16911256,0.15207368,0.13340488,0.1095192,0.08397928,0.05853768,0.0405012,0.02810672,0.01950524,0.01347464,0.009196,0.00612048,0.00387488,0.0022112,0.00098736,0.00028552,7.872e-05,7.44e-06,0.0,0.0,0.0,0.0,0.0,0.0,0.0,0.0,0.0,0.0,0.0,0.0,0.0,0.0
0.2,1/0.2,0.0,0.005,0.5,0.99999176,0.9999896,0.99998752,0.99998416,0.99998096,0.99997728,0.99997224,0.99996672,0.99995936,0.99995296,0.99994264,0.99993232,0.9999192,0.99990168,0.99988432,0.99985872,0.99983296,0.9997996,0.99975864,0.999708,0.99964824,0.99957656,0.99949,0.9993876,0.99926216,0.99910952,0.99892712,0.99871032,0.998446,0.99812824,0.99774184,0.997282,0.99672616,0.99605872,0.99525456,0.99428504,0.99310912,0.99170072,0.99000352,0.98794856,0.98548712,0.98251824,0.97893064,0.97460096,0.96936736,0.96305992,0.955402,0.94610704,0.93480096,0.92093672,0.90380244,0.88219384,0.85416392,0.81422648,0.76582104,0.71126776,0.6431488,0.55495804,0.471652,0.38800528,0.29420772,0.20306612,0.1394548,0.09602188,0.06626196,0.04581924,0.03173928,0.02201928,0.01528628,0.0106048,0.00733492,0.00503428,0.00340624,0.00224992,0.00142944,0.00085696,0.00047232,0.00023056,9.352e-05,2.824e-05,1.04e-06,0.0,0.0,0.0,0.0,0.0,0.0,0.0,0.0,0.0,0.0,0.0,0.0,0.0,0.0,0.0,0.0,0.0,0.0,0.0
0.2,1/0.2,45.0,0.005,0.5,0.99998688,0.99998468,0.99998144,0.999978,0.99997344,0.9999676,0.99996164,0.99995396,0.99994424,0.9999318,0.99991776,0.99990176,0.99988192,0.99985844,0.999829,0.99979408,0.9997514,0.99970168,0.9996396,0.9995656,0.999477,0.99937076,0.99923956,0.99908496,0.99889732,0.99867552,0.9984054,0.99807896,0.99768644,0.99720876,0.99663624,0.99595368,0.99512616,0.99412912,0.99292276,0.99147452,0.98972904,0.9876238,0.985089,0.98202996,0.97833488,0.9738678,0.96845936,0.96189872,0.95391812,0.9441648,0.93215256,0.91718504,0.89818876,0.87355848,0.84700836,0.81882772,0.78889676,0.75702556,0.72288868,0.68606324,0.64566376,0.60002824,0.53480348,0.42898212,0.2965628,0.20299156,0.13939988,0.0959818,0.06623504,0.0457984,0.03172468,0.022008,0.01527988,0.01060044,0.00733196,0.00503144,0.00340476,0.00224792,0.00142824,0.00085524,0.0004702,0.0002292,9.488e-05,3.252e-05,0.0,0.0,0.0,0.0,0.0,0.0,0.0,0.0,0.0,0.0,0.0,0.0,0.0,0.0,0.0,0.0,0.0,0.0,0.0,0.0
0.2,1/0.2,90.0,0.005,0.5,0.99999236,0.9999904,0.99998844,0.99998648,0.99998328,0.9999798,0.99997448,0.9999694,0.99996252,0.99995416,0.99994524,0.9999346,0.9999212,0.9999056,0.999886,0.99986316,0.99983456,0.99979988,0.99975968,0.99970956,0.9996496,0.99957924,0.99949404,0.99938836,0.99926356,0.99911452,0.99893268,0.9987134,0.99844888,0.99813452,0.99775288,0.99729676,0.99674276,0.99607176,0.99526868,0.99430256,0.99314008,0.991734,0.99004348,0.98800964,0.98555516,0.98259864,0.97903308,0.97473552,0.9695508,0.96328768,0.95570368,0.946526,0.93516976,0.92122904,0.90407264,0.88263864,0.85473072,0.81498576,0.76650244,0.71182784,0.64327696,0.55491332,0.4715004,0.38776468,0.29393092,0.20295692,0.13937716,0.09596616,0.06622532,0.0457912,0.03172172,0.02200472,0.01527632,0.010599,0.00732964,0.00503128,0.00340336,0.00224748,0.00142856,0.00085572,0.00047168,0.00022904,9.356e-05,2.86e-05,1.28e-06,0.0,0.0,0.0,0.0,0.0,0.0,0.0,0.0,0.0,0.0,0.0,0.0,0.0,0.0,0.0,0.0,0.0,0.0,0.0
0.2,1/0.2,135.0,0.005,0.5,0.99998684,0.999984,0.99998108,0.99997748,0.99997364,0.9999682,0.99996104,0.99995208,0.99994248,0.99993064,0.9999172,0.999901,0.99988216,0.9998576,0.99982892,0.99979372,0.99975192,0.99970068,0.99963932,0.99956432,0.99947496,0.99936748,0.999238,0.999081,0.99889192,0.99866608,0.99839616,0.99806776,0.99766924,0.99719748,0.99662444,0.99593232,0.99510176,0.99409932,0.99289104,0.9914366,0.98968388,0.98756848,0.98502236,0.98195152,0.97823652,0.973754,0.96833304,0.96174916,0.9537326,0.94392608,0.93185516,0.91683908,0.89774244,0.87307988,0.84650404,0.81835608,0.78844244,0.7565644,0.72246056,0.68566692,0.64528816,0.59969748,0.53453964,0.42893472,0.29656604,0.20299928,0.13940412,0.09598572,0.06623896,0.04580236,0.03172728,0.02200996,0.01528068,0.0106022,0.00733092,0.00503304,0.00340472,0.0022482,0.00142792,0.0008548,0.00047028,0.00022948,9.472e-05,3.276e-05,0.0,0.0,0.0,0.0,0.0,0.0,0.0,0.0,0.0,0.0,0.0,0.0,0.0,0.0,0.0,0.0,0.0,0.0,0.0,0.0
0.2,1/0.2,180.0,0.005,0.5,0.99999232,0.9999912,0.9999888,0.99998632,0.99998432,0.99998016,0.99997552,0.99996976,0.99996256,0.99995504,0.99994584,0.99993464,0.99992144,0.99990656,0.99988608,0.99986464,0.99983536,0.99980112,0.99976064,0.99970948,0.99965088,0.99958088,0.999494,0.99939136,0.99926344,0.99911424,0.99893304,0.99871128,0.99844888,0.99813252,0.997748,0.99728632,0.99673648,0.99606456,0.99526336,0.99429016,0.99312244,0.99171848,0.99002792,0.98798448,0.98553208,0.98255832,0.97898456,0.97466488,0.96946144,0.96316688,0.95555304,0.94635064,0.93505784,0.92122216,0.90413508,0.8826206,0.8546492,0.81491776,0.7664408,0.711848,0.64351088,0.55518144,0.47175944,0.38800536,0.29411564,0.2030336,0.1394292,0.09600228,0.066252,0.04580856,0.03173212,0.02201304,0.0152836,0.01060264,0.00733208,0.00503244,0.00340504,0.00224856,0.00142836,0.00085656,0.00047304,0.00023024,9.32e-05,2.736e-05,1.2e-06,0.0,0.0,0.0,0.0,0.0,0.0,0.0,0.0,0.0,0.0,0.0,0.0,0.0,0.0,0.0,0.0,0.0,0.0,0.0
0.6,0.2,0.0,0.005,0.5,0.9999912,0.99998928,0.9999876,0.9999852,0.99998216,0.9999788,0.99997456,0.99996984,0.9999632,0.99995528,0.99994712,0.99993512,0.99992256,0.99990888,0.99989048,0.99986656,0.99983952,0.9998048,0.99976584,0.9997188,0.9996612,0.9995912,0.99950904,0.9994084,0.99929272,0.99914736,0.998976,0.9987668,0.99851664,0.99821216,0.9978444,0.99740224,0.99687352,0.99622928,0.99545768,0.99452648,0.9934032,0.99204616,0.99039888,0.98840648,0.98609664,0.98328568,0.97989136,0.97578472,0.97083456,0.96486088,0.95764888,0.94888744,0.93816648,0.92513224,0.90917744,0.88938536,0.86444304,0.83209224,0.78755072,0.71313256,0.62787328,0.54656464,0.46723248,0.38641624,0.28936964,0.19939948,0.13762432,0.0951212,0.06584368,0.04565368,0.03171352,0.02206656,0.015368,0.01069368,0.00740936,0.00509208,0.00344936,0.00227616,0.0014304,0.00084144,0.00045256,0.00021072,7.656e-05,1.744e-05,2.08e-06,0.0,0.0,0.0,0.0,0.0,0.0,0.0,0.0,0.0,0.0,0.0,0.0,0.0,0.0,0.0,0.0,0.0,0.0,0.0
0.6,0.2,45.0,0.005,0.5,0.99998328,0.9999802,0.9999756,0.9999704,0.99996388,0.99995624,0.99994608,0.99993524,0.99992272,0.99990804,0.99989124,0.99987032,0.99984516,0.99981256,0.99977256,0.99972808,0.99967364,0.99960692,0.99952404,0.9994274,0.99931152,0.99916612,0.9989978,0.99879188,0.99854732,0.99825132,0.99789196,0.9974636,0.99694252,0.99631828,0.99556276,0.99465552,0.9935598,0.99224648,0.9906556,0.98874244,0.98643916,0.98364912,0.9802852,0.97621912,0.97128224,0.9652934,0.95798676,0.94900976,0.9377064,0.92510392,0.91079892,0.89467304,0.87658276,0.85641004,0.83403392,0.80932596,0.78212708,0.75222528,0.71946756,0.68374116,0.64401192,0.59506232,0.5347128,0.41984732,0.28811028,0.19888772,0.13757688,0.09534476,0.06619804,0.04603928,0.03205932,0.022341,0.0155598,0.01081612,0.00748384,0.00514072,0.00348728,0.00231396,0.00146312,0.00086288,0.00046356,0.00022768,6.572e-05,6.04e-06,5.2e-07,0.0,0.0,0.0,0.0,0.0,0.0,0.0,0.0,0.0,0.0,0.0,0.0,0.0,0.0,0.0,0.0,0.0,0.0,0.0
0.6,0.2,90.0,0.005,0.5,0.99998956,0.9999868,0.99998352,0.99998092,0.99997728,0.99997288,0.9999662,0.99995896,0.99994944,0.99993964,0.9999266,0.99991228,0.9998948,0.99987252,0.99984688,0.99981476,0.99977672,0.99972976,0.99967564,0.99961048,0.99953116,0.99943876,0.99932308,0.99918668,0.99901644,0.99880928,0.998566,0.99827396,0.99792452,0.99749732,0.99698532,0.9963712,0.9956196,0.9947056,0.99361364,0.99227708,0.99062832,0.98859996,0.98604192,0.98272492,0.978221,0.9711832,0.95838068,0.94965172,0.94348008,0.93711324,0.93014124,0.9222138,0.91300696,0.90223464,0.88904032,0.8723836,0.85075796,0.82158208,0.7795588,0.70734272,0.62395356,0.5439776,0.46542092,0.38494764,0.29165668,0.20167408,0.13929624,0.0963248,0.06668612,0.04621836,0.03206552,0.02226732,0.01546904,0.01073596,0.0074296,0.00510512,0.00346648,0.00230336,0.00147856,0.00089648,0.00048332,0.00020784,5.216e-05,4.92e-06,1.6e-07,0.0,0.0,0.0,0.0,0.0,0.0,0.0,0.0,0.0,0.0,0.0,0.0,0.0,0.0,0.0,0.0,0.0,0.0,0.0
0.6,0.2,135.0,0.005,0.5,0.99998336,0.99997988,0.99997516,0.99996928,0.99996424,0.9999568,0.999948,0.9999368,0.99992424,0.9999076,0.9998874,0.99986444,0.99983836,0.99980236,0.99976412,0.99971376,0.99965696,0.99958784,0.99950284,0.9994024,0.9992804,0.9991328,0.9989506,0.99873888,0.99847992,0.99816528,0.99779044,0.99733888,0.99679576,0.9961386,0.995354,0.99440424,0.99325788,0.99187396,0.99020968,0.9882034,0.98578084,0.98285812,0.97933444,0.97507824,0.96992296,0.96367348,0.95606496,0.94664088,0.93515384,0.92238864,0.90790364,0.89161692,0.87340372,0.85321204,0.83094444,0.80652616,0.77989848,0.75097072,0.7195678,0.6852634,0.64686224,0.60101996,0.5414228,0.42542276,0.29132772,0.2007838,0.13862276,0.09586548,0.06639484,0.0460462,0.03196764,0.02220932,0.01542976,0.01070996,0.007412,0.00509744,0.00346232,0.00228952,0.00145276,0.00087736,0.00048968,0.0002404,6.188e-05,2.32e-06,0.0,0.0,0.0,0.0,0.0,0.0,0.0,0.0,0.0,0.0,0.0,0.0,0.0,0.0,0.0,0.0,0.0,0.0,0.0,0.0
0.6,0.2,180.0,0.005,0.5,0.99999232,0.99999048,0.9999876,0.99998576,0.99998256,0.99997944,0.99997576,0.99996968,0.99996464,0.99995616,0.999948,0.99993776,0.99992296,0.99990904,0.99989112,0.99986936,0.9998412,0.99980576,0.99976864,0.9997212,0.99966424,0.99959808,0.99951432,0.99941736,0.99929944,0.99915656,0.99897936,0.99877208,0.99851504,0.99820776,0.99784424,0.99740056,0.99687232,0.99623032,0.99546872,0.99454952,0.99345512,0.99211584,0.99046656,0.98845872,0.9860584,0.98318392,0.97971472,0.9755364,0.97049872,0.9643756,0.9570904,0.94824072,0.937462,0.92431592,0.90817192,0.88814184,0.86288976,0.83011592,0.784744,0.70952584,0.62486736,0.54417288,0.46557304,0.38568784,0.2920392,0.20167096,0.13915384,0.09614704,0.06653408,0.04611056,0.03201576,0.0222584,0.01548536,0.01075912,0.00744064,0.00510168,0.00345384,0.00230072,0.00146176,0.00087216,0.0004752,0.00022552,8.44e-05,2.048e-05,1.68e-06,0.0,0.0,0.0,0.0,0.0,0.0,0.0,0.0,0.0,0.0,0.0,0.0,0.0,0.0,0.0,0.0,0.0,0.0,0.0
0.6,0.6,0.0,0.005,0.5,0.99999192,0.99998904,0.99998704,0.9999844,0.99998112,0.99997664,0.99997208,0.999966,0.9999588,0.9999496,0.99993808,0.99992512,0.99991032,0.999894,0.99987352,0.9998472,0.99981888,0.9997812,0.9997368,0.99968432,0.99961728,0.99953864,0.99944176,0.99932848,0.9991948,0.99902488,0.99883264,0.99858752,0.99830128,0.9979528,0.99753392,0.99702936,0.99641992,0.99568832,0.994808,0.99374872,0.99246464,0.99092448,0.98906,0.98681408,0.984114,0.98084416,0.97689672,0.97212496,0.96633096,0.95926952,0.95061584,0.93986328,0.92607008,0.90848632,0.88724464,0.86004808,0.82033296,0.77602288,0.73332736,0.69164048,0.65007648,0.60697952,0.55914096,0.49563416,0.38948432,0.33017792,0.2917336,0.26383768,0.24167384,0.22316224,0.20658944,0.19030736,0.17367808,0.15605568,0.13643184,0.11181144,0.08705836,0.05969456,0.04074112,0.02805628,0.01939256,0.01337088,0.00911936,0.0060608,0.00380472,0.00206264,0.00068328,0.00025344,6.712e-05,1.384e-05,0.0,0.0,0.0,0.0,0.0,0.0,0.0,0.0,0.0,0.0,0.0,0.0,0.0,0.0
0.6,0.6,45.0,0.005,0.5,0.99998912,0.99998708,0.99998472,0.99998196,0.99997832,0.99997388,0.9999692,0.99996272,0.99995532,0.99994792,0.99993796,0.99992556,0.99991164,0.99989248,0.99987028,0.99984264,0.99981052,0.99977352,0.9997276,0.99967048,0.9996042,0.99952308,0.9994252,0.99930804,0.99916264,0.9989914,0.99878636,0.99853972,0.99824364,0.99788088,0.9974496,0.99692464,0.9962962,0.9955412,0.99462776,0.99352852,0.99220324,0.9906116,0.98868748,0.9863758,0.983585,0.98021308,0.97615256,0.97125588,0.96532528,0.95815584,0.94946316,0.9388858,0.925947,0.91000512,0.89014888,0.86491504,0.83637308,0.80385488,0.76449816,0.7212592,0.67266916,0.6021432,0.54868792,0.50577224,0.46070264,0.40900124,0.37439196,0.34833836,0.32676964,0.30709296,0.28729156,0.26606984,0.24135384,0.2009784,0.1660474,0.13377948,0.09316884,0.06213304,0.04209524,0.02874656,0.01979444,0.01361232,0.00926692,0.00616132,0.00389928,0.00220136,0.0008636,0.00031752,7.74e-05,1.108e-05,1.4e-06,0.0,0.0,0.0,0.0,0.0,0.0,0.0,0.0,0.0,0.0,0.0,0.0,0.0
0.6,0.6,90.0,0.005,0.5,0.99998896,0.99998676,0.99998432,0.99998132,0.99997808,0.99997368,0.99996876,0.99996148,0.99995352,0.9999438,0.99993368,0.99991884,0.99990296,0.99988204,0.99985696,0.9998266,0.99979256,0.99975036,0.99969868,0.99963596,0.99955992,0.9994718,0.99936492,0.99923572,0.99908116,0.99889408,0.99866692,0.99838908,0.99806116,0.99766452,0.99718688,0.99661132,0.99591676,0.99507664,0.9940704,0.99285252,0.99137344,0.98958672,0.98741652,0.98476456,0.98148616,0.97732116,0.97187324,0.96589292,0.95904696,0.95108224,0.94172388,0.93063808,0.91717796,0.90083456,0.8819284,0.85865208,0.82651692,0.78040204,0.73740292,0.6964924,0.6566872,0.61606628,0.56988244,0.501943,0.39261228,0.33247988,0.29324152,0.26459136,0.24176416,0.2224656,0.20517972,0.1883688,0.17131236,0.153316,0.13333332,0.10841968,0.08563584,0.06153296,0.04177368,0.02866504,0.01974616,0.01357696,0.0092392,0.00613656,0.0038818,0.00221064,0.0009732,0.00028408,4.36e-05,3.2e-06,0.0,0.0,0.0,0.0,0.0,0.0,0.0,0.0,0.0,0.0,0.0,0.0,0.0,0.0
0.6,0.6,135.0,0.005,0.5,0.99998972,0.99998776,0.99998548,0.9999826,0.99997856,0.9999742,0.99996836,0.999961,0.99995264,0.99994264,0.99993096,0.99991708,0.99989984,0.99987984,0.99985664,0.99982692,0.9997908,0.99974944,0.99969812,0.99963652,0.99956128,0.99947256,0.99936316,0.99923464,0.99907636,0.99888992,0.99866104,0.99838608,0.99805616,0.99765696,0.99717544,0.9965982,0.99590604,0.99506524,0.99405744,0.99284292,0.99137632,0.98961312,0.98749072,0.984929,0.98183856,0.97812012,0.9736312,0.96821328,0.96167108,0.95375004,0.94415336,0.93247096,0.91820628,0.9006806,0.87887716,0.85211432,0.82247816,0.78901668,0.75020632,0.70310124,0.65767604,0.61342912,0.56909284,0.52205664,0.46069336,0.40621772,0.37091644,0.34484784,0.32325436,0.30352544,0.2839626,0.26309616,0.23868604,0.199214,0.164796,0.1327152,0.09188196,0.0613904,0.04172652,0.02863236,0.01972628,0.01356456,0.00923084,0.00613424,0.00388164,0.00221972,0.00098368,0.00030112,4.996e-05,0.0,0.0,0.0,0.0,0.0,0.0,0.0,0.0,0.0,0.0,0.0,0.0,0.0,0.0,0.0
0.6,0.6,180.0,0.005,0.5,0.99999048,0.99998832,0.9999864,0.99998392,0.99998056,0.99997704,0.99997224,0.99996664,0.99995976,0.99995256,0.99994256,0.99993096,0.99991664,0.9998996,0.99987984,0.99985416,0.99982504,0.99979408,0.999748,0.99969576,0.99963416,0.9995632,0.99947088,0.99936312,0.99923352,0.99907392,0.99888016,0.99865024,0.99837296,0.99804304,0.99764176,0.99716184,0.99658136,0.99588784,0.99504488,0.9940292,0.9928108,0.99134168,0.98956312,0.98743104,0.98484552,0.9817416,0.97798088,0.97343656,0.96793248,0.96123144,0.9530504,0.94295064,0.93023224,0.91365016,0.89377104,0.86890816,0.83612608,0.78942512,0.74445768,0.70052872,0.6566804,0.61111848,0.5601328,0.48766872,0.3816832,0.32405088,0.28666192,0.25945272,0.2377372,0.21902896,0.2018456,0.18523032,0.16908104,0.15186336,0.13285568,0.108822,0.08580752,0.06095228,0.04142696,0.02842264,0.0195752,0.01345608,0.00915464,0.00607536,0.0038408,0.0022064,0.00103648,0.00032152,7.232e-05,5.44e-06,0.0,0.0,0.0,0.0,0.0,0.0,0.0,0.0,0.0,0.0,0.0,0.0,0.0,0.0
0.6,1.0,0.0,0.005,0.5,0.999998,0.99999768,0.99999712,0.99999656,0.99999568,0.99999496,0.99999376,0.99999248,0.99999112,0.99998872,0.99998664,0.9999836,0.99998032,0.99997536,0.99997056,0.99996352,0.9999576,0.99995008,0.99993992,0.99992976,0.99991824,0.9999008,0.99988072,0.99985432,0.99982432,0.99979088,0.99974896,0.99969896,0.99963608,0.99956272,0.99947872,0.99936936,0.9992408,0.99907864,0.99889216,0.99867056,0.99839696,0.99806744,0.99767512,0.9971972,0.99662416,0.99593312,0.99510224,0.9940976,0.99288768,0.99143528,0.98968584,0.98757536,0.98503152,0.98197192,0.978282,0.97384136,0.96846968,0.96198744,0.95416664,0.94470496,0.93329656,0.91945264,0.90263672,0.88215992,0.85717176,0.82660896,0.78913832,0.7431052,0.689782,0.63292896,0.57855472,0.52873648,0.48296056,0.44085992,0.40203848,0.3661476,0.33284184,0.30323704,0.27658032,0.2522196,0.229764,0.20884616,0.18906608,0.16958856,0.14728248,0.12804336,0.11245384,0.09799664,0.08364528,0.07067432,0.06044048,0.05294336,0.04614112,0.03961768,0.03269368,0.0247914,0.01764248,0.01133056,0.00404088,0.0,0.0,0.0,0.0,0.0
0.6,1.0,45.0,0.005,0.5,0.9999958,0.999995,0.99999392,0.99999248,0.99999108,0.99998892,0.99998684,0.99998468,0.99998116,0.99997716,0.99997208,0.99996684,0.9999602,0.99995188,0.99994364,0.9999324,0.9999186,0.9999022,0.99988264,0.99985968,0.99982984,0.99979496,0.999754,0.99970252,0.99964124,0.999568,0.99947868,0.9993714,0.99924224,0.9990882,0.99890056,0.99867748,0.99840952,0.99808264,0.9976898,0.9972194,0.99665024,0.99596544,0.99513744,0.99414448,0.9929462,0.99150424,0.98975828,0.9876588,0.98512132,0.982059,0.9783492,0.97384936,0.96838412,0.96170376,0.95348336,0.94306436,0.93143244,0.91833436,0.90364828,0.887304,0.86925504,0.84946876,0.82790216,0.8045324,0.77925884,0.75201236,0.72291932,0.69272068,0.66204804,0.63110456,0.59985632,0.56835124,0.53666856,0.50465252,0.47334096,0.44295308,0.41363496,0.3856354,0.35842736,0.33228276,0.30686392,0.280823,0.25406716,0.22581216,0.19803916,0.17076376,0.1473184,0.12586332,0.10834456,0.09385924,0.08270524,0.0737712,0.06472948,0.05392032,0.04251704,0.0308408,0.02011448,0.01229708,0.0044974,0.00054888,0.0,0.0,0.0,0.0
0.6,1.0,90.0,0.005,0.5,0.9999986,0.99999804,0.99999756,0.99999672,0.9999962,0.99999516,0.9999942,0.99999324,0.99999184,0.99999,0.9999878,0.99998552,0.99998272,0.99997916,0.99997468,0.99996908,0.99996304,0.99995504,0.9999454,0.99993484,0.99992128,0.99990396,0.99988424,0.99986048,0.99983108,0.9997954,0.99975396,0.99970184,0.99964128,0.9995678,0.999478,0.9993686,0.99923576,0.99907472,0.9988816,0.99864848,0.99836928,0.99803352,0.99763244,0.99715268,0.99657872,0.99588516,0.995049,0.9940418,0.99282868,0.99136324,0.98959624,0.98746504,0.98488512,0.98176348,0.977995,0.97341984,0.96787772,0.96114964,0.95300116,0.94309104,0.93108828,0.91664016,0.89945024,0.87911484,0.85475316,0.82481892,0.78752,0.74124268,0.68672268,0.628921,0.57489252,0.5252794,0.47961356,0.437404,0.39823368,0.36278916,0.33051056,0.30181792,0.27584872,0.25211096,0.2302532,0.20671084,0.18467416,0.16207996,0.14247808,0.12557336,0.11054636,0.09635108,0.08224068,0.06980756,0.05986696,0.05267428,0.04594384,0.0393864,0.03257332,0.02491632,0.01749336,0.01136816,0.00447116,0.00052144,0.0,0.0,0.0,0.0
0.6,1.0,135.0,0.005,0.5,0.99999552,0.99999496,0.99999324,0.99999176,0.99999024,0.99998884,0.99998684,0.99998412,0.99998128,0.9999768,0.99997152,0.99996536,0.99995936,0.9999508,0.99994012,0.999927,0.99991184,0.999895,0.9998728,0.99984672,0.99981376,0.99977564,0.99973112,0.99967744,0.99961016,0.99953088,0.99943752,0.99932024,0.99918012,0.99901364,0.9988126,0.99856924,0.99827556,0.99792504,0.9975028,0.99699276,0.99637528,0.99563424,0.99473812,0.99366072,0.99236544,0.99080616,0.9889156,0.98664372,0.98389744,0.98058056,0.97656816,0.97170824,0.96579508,0.95858908,0.94964744,0.93879368,0.9268108,0.91329372,0.89817416,0.8813976,0.86297476,0.84289752,0.82121468,0.79803844,0.77345668,0.74760344,0.72055084,0.6923984,0.66321792,0.63309652,0.60218672,0.57068584,0.53881696,0.5067938,0.4747636,0.44299368,0.4134846,0.3855106,0.3587354,0.33294344,0.30755924,0.28041216,0.25371804,0.2251268,0.1972984,0.17021668,0.14626072,0.12502364,0.10753836,0.09307376,0.08186888,0.07294124,0.06401088,0.05312444,0.0419404,0.03047164,0.02002952,0.01223164,0.00444352,0.00051532,0.0,0.0,0.0,0.0
0.6,1.0,180.0,0.005,0.5,0.999998,0.99999776,0.99999736,0.99999672,0.99999632,0.99999528,0.99999448,0.99999352,0.99999184,0.99998912,0.99998672,0.99998384,0.99998,0.99997704,0.999972,0.99996648,0.99995992,0.99995248,0.999944,0.99993224,0.99992,0.9999028,0.99988296,0.99985816,0.99982568,0.99979056,0.99975168,0.99970032,0.99963536,0.99956296,0.9994716,0.99936584,0.99923608,0.99907832,0.99889,0.99866464,0.9983888,0.99806104,0.99766088,0.99718704,0.9966112,0.99592008,0.99508912,0.99408376,0.99287264,0.99141224,0.98965704,0.98754312,0.98499,0.98191544,0.97819016,0.97371864,0.96833904,0.96184336,0.95400952,0.94453696,0.93305016,0.91912912,0.9022052,0.88159464,0.85641976,0.82559128,0.78777464,0.74127936,0.68679744,0.6290564,0.57497152,0.52532024,0.47962416,0.43745032,0.39835104,0.36216224,0.33045336,0.30196184,0.2760904,0.25243056,0.230624,0.20777088,0.18546288,0.16321296,0.1433416,0.12631528,0.11127744,0.09713464,0.08298536,0.06993224,0.05950264,0.0522548,0.0454968,0.03878656,0.03177792,0.02386232,0.01689384,0.01086668,0.0042072,0.0,0.0,0.0,0.0,0.0
0.6,1/0.6,0.0,0.005,0.5,0.99999224,0.99999088,0.99998872,0.99998728,0.99998456,0.999982,0.99997704,0.99997256,0.99996696,0.99996104,0.99995304,0.99994256,0.99993168,0.99991632,0.99989536,0.9998724,0.99984416,0.99981216,0.99977704,0.99973152,0.99967528,0.99960984,0.99952816,0.99942664,0.99931144,0.99917992,0.99901264,0.9988088,0.99856016,0.99826456,0.99790416,0.99747696,0.9969616,0.99633696,0.99558832,0.99467424,0.99358968,0.99226144,0.9906924,0.98880872,0.98651112,0.98371952,0.9803512,0.97630464,0.97142568,0.96551144,0.9583428,0.94961088,0.93892304,0.92574424,0.90905704,0.88779952,0.86199848,0.82921328,0.783138,0.726282,0.67132192,0.61404256,0.54436088,0.43182584,0.3614392,0.31579768,0.28347504,0.25874144,0.23842048,0.22061464,0.20418224,0.18895784,0.17292576,0.1555508,0.13570848,0.10931368,0.08431416,0.05988392,0.04147484,0.02883044,0.02005896,0.01389816,0.00952112,0.00635752,0.00401584,0.00220304,0.000686,0.00025248,6.704e-05,1.384e-05,0.0,0.0,0.0,0.0,0.0,0.0,0.0,0.0,0.0,0.0,0.0,0.0,0.0,0.0
0.6,1/0.6,45.0,0.005,0.5,0.9999882,0.99998592,0.99998372,0.99998012,0.9999756,0.99997008,0.99996412,0.99995592,0.99994604,0.999934,0.99992048,0.99990424,0.99988492,0.99986128,0.99983304,0.999801,0.99976124,0.99971008,0.999651,0.99957772,0.99949552,0.9993906,0.99926548,0.99911656,0.99893536,0.9987202,0.99845588,0.99813948,0.99776392,0.99730468,0.99675164,0.99608496,0.99528728,0.9943212,0.99316176,0.99176204,0.99007476,0.98804504,0.98559432,0.98264388,0.97908364,0.9747904,0.96960488,0.96333752,0.95574896,0.94652048,0.93526848,0.92127312,0.90466428,0.88375812,0.8537024,0.81431524,0.77822832,0.74153332,0.70486936,0.66685092,0.62435968,0.58313656,0.54172804,0.49665348,0.442923,0.40072872,0.37017748,0.34593832,0.32500508,0.30577008,0.28734776,0.26755928,0.244941,0.21487336,0.170373,0.126315,0.08611084,0.05914532,0.04079548,0.02818472,0.01953488,0.0135018,0.00922328,0.0061452,0.0038932,0.00219496,0.00085648,0.00032516,7.968e-05,1.172e-05,1.44e-06,0.0,0.0,0.0,0.0,0.0,0.0,0.0,0.0,0.0,0.0,0.0,0.0,0.0
0.6,1/0.6,90.0,0.005,0.5,0.99999432,0.999993,0.99999104,0.99998904,0.9999868,0.99998408,0.99998044,0.99997644,0.99997096,0.99996544,0.99995788,0.99994816,0.99993764,0.99992396,0.9999078,0.9998872,0.99986492,0.9998374,0.99980492,0.99976576,0.99971704,0.99966192,0.99959052,0.99950712,0.99940732,0.999286,0.99913784,0.9989614,0.9987486,0.99849216,0.9981802,0.99780872,0.99736368,0.99682036,0.9961724,0.99539192,0.99444712,0.99331068,0.99193828,0.99028788,0.98829244,0.98589048,0.98297928,0.97946212,0.97519272,0.96999712,0.96365176,0.95583888,0.9460756,0.93357572,0.91655236,0.89437856,0.86390012,0.82853744,0.78312692,0.72960052,0.67803256,0.62107332,0.54909308,0.4354322,0.36573252,0.31985812,0.28690232,0.26135808,0.24014504,0.22146996,0.20453656,0.18837112,0.17174992,0.15429116,0.13499168,0.11079304,0.08443568,0.058447,0.04042068,0.02805764,0.01947332,0.01345384,0.009187,0.006115,0.00387084,0.00220264,0.0009608,0.00027928,4.352e-05,3.16e-06,0.0,0.0,0.0,0.0,0.0,0.0,0.0,0.0,0.0,0.0,0.0,0.0,0.0,0.0
0.6,1/0.6,135.0,0.005,0.5,0.99998892,0.99998632,0.99998364,0.99998024,0.99997632,0.99997172,0.99996576,0.9999592,0.99995056,0.99993876,0.99992584,0.9999102,0.99989188,0.99986912,0.99984392,0.99981392,0.99977364,0.99972784,0.99967232,0.99960576,0.99952104,0.99942408,0.99930596,0.99916472,0.99899272,0.9987852,0.99853816,0.99824136,0.99788144,0.99744648,0.99692724,0.99629704,0.99553956,0.99462572,0.99352692,0.99220332,0.99060728,0.9886824,0.98636424,0.98357696,0.98021192,0.9761474,0.9712446,0.96531428,0.95814028,0.94942676,0.93881992,0.92584848,0.9096196,0.89131936,0.87046756,0.8467038,0.81961332,0.78849804,0.75221512,0.7067226,0.65475376,0.60560204,0.55764576,0.5082378,0.4496274,0.40372464,0.37121192,0.34596796,0.32456844,0.30489692,0.28548196,0.26505712,0.2420792,0.21087552,0.16740848,0.12442932,0.08486912,0.0584036,0.04041532,0.02805108,0.01947224,0.01345568,0.0091882,0.0061172,0.00387416,0.00221412,0.00097552,0.0002964,4.844e-05,0.0,0.0,0.0,0.0,0.0,0.0,0.0,0.0,0.0,0.0,0.0,0.0,0.0,0.0,0.0
0.6,1/0.6,180.0,0.005,0.5,0.99999264,0.99999112,0.99998912,0.99998592,0.99998304,0.99998,0.99997536,0.99996992,0.99996216,0.99995464,0.99994544,0.99993488,0.99992304,0.9999084,0.99988648,0.99986336,0.99983568,0.99980064,0.99975872,0.99970952,0.99965,0.99957912,0.99949248,0.99939136,0.99926448,0.99911872,0.99893936,0.998724,0.99846176,0.9981424,0.99776216,0.99731072,0.99676176,0.99609728,0.99530672,0.99434856,0.99319992,0.99180472,0.99011232,0.98808472,0.985658,0.98270512,0.97915168,0.97482944,0.96968824,0.96342104,0.95581768,0.94652264,0.93506304,0.92074648,0.90224096,0.87991456,0.85203848,0.81558736,0.76261616,0.71022,0.65852208,0.60440888,0.53861536,0.42847728,0.3596692,0.3145948,0.28239608,0.25754696,0.23697688,0.21883232,0.20192712,0.1854304,0.16905048,0.15208536,0.13335792,0.10911592,0.08406576,0.05901656,0.04081776,0.02831992,0.01964568,0.01356944,0.0092628,0.00616392,0.00390856,0.00225344,0.00106656,0.000326,7.12e-05,5.44e-06,0.0,0.0,0.0,0.0,0.0,0.0,0.0,0.0,0.0,0.0,0.0,0.0,0.0,0.0
0.6,1/0.2,0.0,0.005,0.5,0.99999032,0.99998872,0.99998648,0.99998448,0.99998096,0.9999772,0.9999728,0.99996736,0.99996024,0.99995296,0.99994528,0.99993368,0.99991984,0.99990344,0.99988464,0.9998608,0.99983288,0.99979744,0.99975592,0.99970464,0.99964392,0.99957224,0.999486,0.99938096,0.99925288,0.99910096,0.99891624,0.99870192,0.9984332,0.99811376,0.99772968,0.99726304,0.99670504,0.9960284,0.99522168,0.994234,0.9930552,0.9916412,0.98992928,0.98786896,0.98538392,0.9823864,0.97878368,0.974418,0.96914248,0.96276576,0.95501056,0.94565328,0.93428712,0.92032584,0.90294464,0.88100512,0.85229688,0.81088144,0.76201112,0.70675752,0.63805072,0.55008,0.46710736,0.38497936,0.2958104,0.20409688,0.14017784,0.0965614,0.06669244,0.04617832,0.03205536,0.02229664,0.01553296,0.01081672,0.00750568,0.00516472,0.0035068,0.00231264,0.00145152,0.00085352,0.000458,0.00021408,7.856e-05,1.832e-05,2.16e-06,0.0,0.0,0.0,0.0,0.0,0.0,0.0,0.0,0.0,0.0,0.0,0.0,0.0,0.0,0.0,0.0,0.0,0.0,0.0
0.6,1/0.2,45.0,0.005,0.5,0.999987,0.99998436,0.99998068,0.99997732,0.99997212,0.99996656,0.99995868,0.99994924,0.999939,0.99992636,0.99991224,0.99989444,0.99987196,0.99984656,0.99981576,0.9997778,0.999733,0.99967772,0.99961232,0.9995338,0.99944012,0.99932528,0.99918764,0.99901852,0.99882152,0.99858208,0.99829076,0.99793948,0.997516,0.99700944,0.99639556,0.99565576,0.99476824,0.99369704,0.9924056,0.99085748,0.98898692,0.9867318,0.98401228,0.98073748,0.97678236,0.97200564,0.96622188,0.95921324,0.9506944,0.94028652,0.92750936,0.9116468,0.89162592,0.86607824,0.83885456,0.8103368,0.7804224,0.74910972,0.716219,0.68131148,0.6448604,0.6043826,0.53932272,0.42886704,0.2963388,0.20311828,0.1397784,0.0965068,0.0668192,0.04637252,0.03224064,0.02244028,0.01561524,0.01084484,0.0075008,0.0051488,0.00349344,0.00231836,0.00146724,0.00086696,0.00046736,0.00022956,6.66e-05,6.04e-06,5.2e-07,0.0,0.0,0.0,0.0,0.0,0.0,0.0,0.0,0.0,0.0,0.0,0.0,0.0,0.0,0.0,0.0,0.0,0.0,0.0
0.6,1/0.2,90.0,0.005,0.5,0.99999412,0.99999288,0.99999156,0.99998912,0.99998664,0.999984,0.99998096,0.99997748,0.99997308,0.99996704,0.99996044,0.99995296,0.99994416,0.99993204,0.99991868,0.9999022,0.99988296,0.99986052,0.99983208,0.99979552,0.99975296,0.9997028,0.99964264,0.99956632,0.99947896,0.99937284,0.999243,0.99909136,0.99890308,0.99867944,0.99840956,0.99808296,0.99769096,0.99721864,0.99664636,0.9959598,0.99513544,0.9941396,0.99293952,0.99148856,0.9897392,0.9876166,0.985055,0.98194004,0.978132,0.97346764,0.96771228,0.96054464,0.95142008,0.93928952,0.91882992,0.88016928,0.8499406,0.8113398,0.76458012,0.71123812,0.64366884,0.55591088,0.47254516,0.38881448,0.29506732,0.20423816,0.14041572,0.0967878,0.06686292,0.04627096,0.03206972,0.02225452,0.01545244,0.01072184,0.00741712,0.00509696,0.00345848,0.00229916,0.00147608,0.00089472,0.00048272,0.00020748,5.192e-05,4.84e-06,2e-07,0.0,0.0,0.0,0.0,0.0,0.0,0.0,0.0,0.0,0.0,0.0,0.0,0.0,0.0,0.0,0.0,0.0,0.0,0.0
0.6,1/0.2,135.0,0.005,0.5,0.99998832,0.99998532,0.99998204,0.99997872,0.99997464,0.99996916,0.99996268,0.99995568,0.99994656,0.99993388,0.99992052,0.99990524,0.99988468,0.99986124,0.99983392,0.99979988,0.9997594,0.99971024,0.9996512,0.99957956,0.99949612,0.99939304,0.99926728,0.99911732,0.99893748,0.99872028,0.99845772,0.99814412,0.99776472,0.99730816,0.99675528,0.99609412,0.99529308,0.99433152,0.99317364,0.9917778,0.9900924,0.98806108,0.98561468,0.98265952,0.97909432,0.97478976,0.9695804,0.96325496,0.9555604,0.94612052,0.93448428,0.91998292,0.90155212,0.87746496,0.85120888,0.82323028,0.7933314,0.7611404,0.72601432,0.68698956,0.64356972,0.59579756,0.53065792,0.4275348,0.29621136,0.20269584,0.13929412,0.09604364,0.06639676,0.0459992,0.03191984,0.0221716,0.01540564,0.01069372,0.00740136,0.00508956,0.0034546,0.0022836,0.00144712,0.00087284,0.00048544,0.00023716,6.048e-05,2.16e-06,0.0,0.0,0.0,0.0,0.0,0.0,0.0,0.0,0.0,0.0,0.0,0.0,0.0,0.0,0.0,0.0,0.0,0.0,0.0,0.0
0.6,1/0.2,180.0,0.005,0.5,0.99999176,0.99998976,0.999988,0.99998712,0.99998424,0.99998152,0.99997712,0.99997216,0.99996448,0.99995552,0.99994632,0.99993536,0.99992168,0.99990528,0.99988528,0.99986088,0.99983264,0.9998008,0.99976064,0.99970888,0.9996512,0.99957968,0.99949544,0.99939112,0.99926528,0.99911248,0.99893248,0.99871344,0.99845096,0.99813496,0.9977548,0.99729168,0.9967432,0.99607776,0.99527056,0.99430672,0.99313712,0.9917336,0.99003936,0.9879976,0.9855396,0.98258496,0.979014,0.97470504,0.96950424,0.96320952,0.95559488,0.94637992,0.93513576,0.92125848,0.90410552,0.88268336,0.85478136,0.8152884,0.767472,0.71356008,0.64632304,0.55809528,0.4748016,0.39103912,0.29520776,0.20361296,0.1398292,0.09630084,0.06648648,0.04600928,0.03190648,0.02216272,0.01540512,0.0106948,0.0073916,0.00506288,0.003426,0.00227952,0.00144904,0.000862,0.0004692,0.00022192,8.264e-05,1.976e-05,1.52e-06,0.0,0.0,0.0,0.0,0.0,0.0,0.0,0.0,0.0,0.0,0.0,0.0,0.0,0.0,0.0,0.0,0.0,0.0,0.0
1.0,0.2,0.0,0.005,0.5,0.99999048,0.99998872,0.99998648,0.99998424,0.99998088,0.9999772,0.99997288,0.99996832,0.99996088,0.9999532,0.99994432,0.99993384,0.99992104,0.99990624,0.99988632,0.9998644,0.99983832,0.99980656,0.99976804,0.99972096,0.9996628,0.999594,0.99951016,0.99940656,0.99928448,0.9991332,0.99895832,0.99874272,0.99847992,0.99816816,0.99778552,0.99732952,0.99678872,0.9961372,0.99536232,0.99440592,0.99326024,0.9918712,0.99021128,0.98819688,0.98577704,0.98286264,0.97934248,0.97507616,0.9699236,0.96362704,0.95605584,0.94681104,0.93510976,0.91942872,0.90157552,0.88046216,0.85418696,0.82004208,0.77197608,0.70720528,0.6196428,0.53252932,0.44537244,0.34142868,0.2407174,0.16280548,0.1187264,0.08878988,0.07094316,0.05548868,0.04173056,0.03270908,0.02517492,0.0172426,0.01167424,0.0078596,0.0051628,0.00328668,0.00200728,0.00116108,0.00062184,0.0003112,0.00014832,6.568e-05,2.888e-05,9.68e-06,1.12e-06,0.0,0.0,0.0,0.0,0.0,0.0,0.0,0.0,0.0,0.0,0.0,0.0,0.0,0.0,0.0,0.0,0.0
1.0,0.2,45.0,0.005,0.5,0.99999356,0.99999232,0.99999068,0.99998872,0.99998636,0.9999836,0.99998008,0.99997588,0.99997064,0.99996432,0.99995676,0.9999482,0.99993856,0.99992644,0.99991116,0.99989244,0.99986956,0.9998432,0.9998118,0.99977448,0.99972508,0.99966852,0.99960132,0.99951852,0.9994204,0.99929924,0.99915592,0.99898496,0.99876644,0.99847684,0.99803,0.99739288,0.996624,0.99566148,0.99445204,0.99295916,0.99112184,0.98888808,0.98615916,0.98286036,0.97885952,0.9740392,0.96825276,0.96125988,0.9527834,0.94247912,0.9297834,0.91383616,0.89381152,0.87272252,0.85029864,0.82659652,0.80158252,0.77529184,0.7474408,0.71796484,0.68630236,0.65125596,0.60858184,0.50538036,0.38510696,0.29232832,0.2238128,0.17435796,0.13669904,0.11202652,0.09290988,0.07229056,0.0568648,0.04491508,0.035162,0.02760064,0.02087604,0.01505752,0.01037896,0.00651148,0.00277736,0.0005648,0.0001182,2.192e-05,2.4e-06,0.0,0.0,0.0,0.0,0.0,0.0,0.0,0.0,0.0,0.0,0.0,0.0,0.0,0.0,0.0,0.0,0.0,0.0,0.0
1.0,0.2,90.0,0.005,0.5,0.99999584,0.99999524,0.99999416,0.99999296,0.99999152,0.99998984,0.99998756,0.99998472,0.99998124,0.99997708,0.99997304,0.99996808,0.99996192,0.99995416,0.99994532,0.9999336,0.99992104,0.99990416,0.99988464,0.99986172,0.99983416,0.9997996,0.99975808,0.99970864,0.9996508,0.99957872,0.9994932,0.9993896,0.9992654,0.99911664,0.9989344,0.99871492,0.99845416,0.99813884,0.99776424,0.99730544,0.9967538,0.9960888,0.99528448,0.99431572,0.99314836,0.99173788,0.9900318,0.9879666,0.98544496,0.98235604,0.97848576,0.97355988,0.96800344,0.96142224,0.95344932,0.94360004,0.93106284,0.91438964,0.8847092,0.83550876,0.7533504,0.66509576,0.579904,0.4934136,0.39351996,0.29673596,0.23106268,0.18546656,0.15235864,0.12687168,0.09228708,0.07278532,0.05866852,0.046743,0.03676756,0.02880348,0.02192284,0.01594232,0.01062092,0.00587596,0.00224348,0.00055204,0.00011772,2.06e-05,0.0,0.0,0.0,0.0,0.0,0.0,0.0,0.0,0.0,0.0,0.0,0.0,0.0,0.0,0.0,0.0,0.0,0.0,0.0,0.0
1.0,0.2,135.0,0.005,0.5,0.99998348,0.9999808,0.99997688,0.99997224,0.99996724,0.99996028,0.99995204,0.99994344,0.99993172,0.999916,0.99989916,0.99987824,0.99985412,0.99982168,0.99978256,0.99973748,0.99968288,0.99961988,0.99954224,0.99944664,0.99932988,0.9991926,0.99902736,0.99883016,0.99859076,0.99830576,0.99794576,0.99752764,0.99701456,0.99640872,0.9956764,0.9947924,0.99373184,0.99244672,0.99089856,0.98903928,0.98679388,0.98408384,0.98081456,0.97686348,0.97207984,0.96630472,0.95925272,0.95064824,0.94005052,0.92683612,0.91001484,0.8900844,0.86772828,0.84212804,0.81155856,0.78198936,0.76238792,0.74112892,0.7180466,0.69219616,0.66324,0.629738,0.5871102,0.47659356,0.35012168,0.25764428,0.19253912,0.14477808,0.11100076,0.08740544,0.06302112,0.04646032,0.03491672,0.02629016,0.01929924,0.01375456,0.00956604,0.00650288,0.00319956,0.00118592,0.00052964,0.00020536,5.372e-05,1.476e-05,3.8e-06,0.0,0.0,0.0,0.0,0.0,0.0,0.0,0.0,0.0,0.0,0.0,0.0,0.0,0.0,0.0,0.0,0.0,0.0,0.0
1.0,0.2,180.0,0.005,0.5,0.99999104,0.99998912,0.99998688,0.99998376,0.99998,0.99997632,0.99997152,0.99996576,0.9999588,0.99994944,0.9999396,0.99992656,0.99991248,0.99989352,0.99987248,0.99984616,0.9998152,0.99977528,0.99973128,0.99967784,0.99961016,0.99953416,0.99943616,0.99932152,0.99917936,0.99901216,0.99880656,0.99855768,0.99826176,0.9979076,0.99747752,0.99696488,0.996336,0.99558896,0.99468552,0.99359616,0.99229136,0.9907012,0.98877344,0.98639144,0.98336392,0.97986072,0.9758824,0.9712676,0.96580896,0.95928528,0.95146192,0.9420196,0.930636,0.91701708,0.90045352,0.87996008,0.8539756,0.81992624,0.77177088,0.70336304,0.61391704,0.52789776,0.44169536,0.34725548,0.26138124,0.19157584,0.13965572,0.1041544,0.077773,0.0585462,0.04419896,0.03314948,0.02420824,0.01603636,0.01088284,0.00742744,0.00502864,0.00334532,0.002164,0.00134264,0.0007852,0.000416,0.00019464,8.12e-05,2.952e-05,8.16e-06,8e-07,0.0,0.0,0.0,0.0,0.0,0.0,0.0,0.0,0.0,0.0,0.0,0.0,0.0,0.0,0.0,0.0,0.0
1.0,0.6,0.0,0.005,0.5,0.99999056,0.9999884,0.99998512,0.99998168,0.99997768,0.99997392,0.99996808,0.99996168,0.9999544,0.99994432,0.99993456,0.999922,0.99990472,0.99988664,0.99986224,0.99983208,0.99979944,0.99976136,0.99971032,0.99964864,0.99957916,0.99949376,0.9993916,0.99927032,0.99911528,0.99893352,0.99871448,0.99845576,0.99814048,0.99776456,0.99730944,0.99675568,0.99609248,0.99528876,0.9943304,0.99316632,0.99176272,0.99007704,0.98803592,0.98555168,0.98255408,0.97888296,0.97427472,0.96874936,0.96227968,0.95454712,0.94519536,0.93382632,0.91993112,0.90242032,0.87896616,0.8460544,0.81427552,0.782952,0.7519424,0.72070064,0.68813272,0.65034768,0.6110556,0.56784224,0.49551024,0.40482072,0.34649008,0.30625976,0.27607416,0.25178936,0.21905616,0.1927358,0.16988836,0.14293112,0.11537844,0.0965734,0.08281284,0.07023356,0.0569798,0.04797428,0.04012956,0.03233928,0.02522064,0.0192448,0.01423488,0.00984808,0.00389968,0.00060704,0.00012488,7.616e-05,4.864e-05,1.664e-05,1.12e-06,0.0,0.0,0.0,0.0,0.0,0.0,0.0,0.0,0.0,0.0,0.0
1.0,0.6,45.0,0.005,0.5,0.99999452,0.99999348,0.99999232,0.9999908,0.9999892,0.99998708,0.99998492,0.99998184,0.99997764,0.99997288,0.99996716,0.99996024,0.99995164,0.9999416,0.99992984,0.99991548,0.99989828,0.99987676,0.99985196,0.99982064,0.99978228,0.99974008,0.99968824,0.99962504,0.99954688,0.99945424,0.9993442,0.99920952,0.99905012,0.99885332,0.99862132,0.99833944,0.99800072,0.9975914,0.997094,0.99650192,0.9957912,0.99492612,0.9938808,0.9926336,0.99112768,0.98930576,0.987104,0.98445176,0.98125856,0.97739496,0.97269272,0.966935,0.96002404,0.95152184,0.93236208,0.9076672,0.87694984,0.83756644,0.79880792,0.7620202,0.7281572,0.69457536,0.66008196,0.62428844,0.58463348,0.5317526,0.504784,0.48012672,0.45467896,0.42975332,0.40172276,0.3720982,0.33975092,0.29217188,0.2507368,0.21218144,0.16598096,0.12758756,0.0995934,0.07948976,0.0644508,0.04914932,0.03822312,0.02918132,0.02174136,0.01541088,0.00993352,0.00550196,0.00229816,0.00056496,9.916e-05,4.16e-06,0.0,0.0,0.0,0.0,0.0,0.0,0.0,0.0,0.0,0.0,0.0,0.0
1.0,0.6,90.0,0.005,0.5,0.99999316,0.99999176,0.99999,0.9999882,0.99998568,0.99998236,0.99997872,0.999974,0.99996868,0.99996172,0.99995448,0.99994584,0.99993548,0.9999218,0.99990572,0.99988676,0.9998634,0.99983704,0.9998042,0.99976544,0.99971672,0.999658,0.9995864,0.99949996,0.9994004,0.99927484,0.99912568,0.99894876,0.9987364,0.9984722,0.9981618,0.99778504,0.99733024,0.99678532,0.99612772,0.99533344,0.99437612,0.99321688,0.99182356,0.99013424,0.98808996,0.98561576,0.98259288,0.9788888,0.9742314,0.96847576,0.96158344,0.95299292,0.9418336,0.926908,0.90959156,0.89102276,0.87068192,0.84752836,0.81996772,0.79044232,0.75961856,0.72685004,0.69061152,0.64017804,0.53371184,0.46380012,0.41847268,0.38299004,0.35310088,0.32685484,0.30060548,0.2744698,0.24912092,0.22325224,0.19538408,0.16293648,0.13286344,0.1018042,0.07544852,0.05617364,0.04143268,0.030056,0.02204852,0.01492212,0.00767764,0.00317576,0.00085196,0.00017948,2.04e-05,0.0,0.0,0.0,0.0,0.0,0.0,0.0,0.0,0.0,0.0,0.0,0.0,0.0,0.0,0.0
1.0,0.6,135.0,0.005,0.5,0.999991,0.99998932,0.99998668,0.99998444,0.99998116,0.9999774,0.99997268,0.9999664,0.99995988,0.99995184,0.99994216,0.99993144,0.9999156,0.999898,0.99987832,0.99985308,0.99982436,0.99978784,0.99974616,0.99969268,0.9996282,0.99955116,0.9994582,0.99934608,0.99921304,0.99905332,0.99885924,0.99862536,0.99834928,0.99801152,0.9976032,0.99711488,0.99652224,0.99581684,0.99496352,0.99392908,0.99268748,0.99119324,0.98938748,0.98721792,0.98459968,0.98144536,0.977639,0.97304132,0.96748428,0.96077132,0.95263632,0.94275048,0.93068288,0.9158708,0.89747448,0.87419664,0.84681344,0.81632508,0.78023204,0.7428812,0.70455012,0.66275792,0.61675476,0.57545456,0.5402206,0.49715856,0.4654234,0.43727932,0.40700892,0.37646848,0.34654656,0.31699544,0.28492576,0.23807216,0.19644264,0.15698632,0.10984272,0.07381656,0.04961732,0.03242824,0.0207668,0.0131062,0.00843644,0.00544664,0.0031688,0.0018022,0.0008408,0.00027892,6.692e-05,1.688e-05,2.04e-06,0.0,0.0,0.0,0.0,0.0,0.0,0.0,0.0,0.0,0.0,0.0,0.0,0.0
1.0,0.6,180.0,0.005,0.5,0.99999088,0.99998944,0.99998616,0.99998352,0.99998056,0.99997576,0.99997216,0.9999652,0.99995832,0.99995008,0.99994,0.99992872,0.99991504,0.99989976,0.99987928,0.99985512,0.99982616,0.99979128,0.99974952,0.99969904,0.99964056,0.99956576,0.99947624,0.99936944,0.99924616,0.99908912,0.99889952,0.99867352,0.99840248,0.99807704,0.9976798,0.99720904,0.99663976,0.99595728,0.99511944,0.99412328,0.99292064,0.99146664,0.98972512,0.98761312,0.98506904,0.98198312,0.97825704,0.97374048,0.96822888,0.961492,0.95312184,0.94236896,0.92898696,0.91299376,0.8930304,0.86729152,0.82939176,0.78977152,0.74982224,0.70954896,0.66928784,0.62695552,0.57909112,0.5160152,0.400266,0.33318864,0.29257856,0.26127672,0.2344196,0.21013512,0.18608168,0.16918408,0.158152,0.14746336,0.13617848,0.12270056,0.0979814,0.076025,0.05892608,0.04397144,0.03193724,0.02301624,0.01639512,0.01149244,0.00786776,0.00518808,0.00321896,0.001848,0.00093832,0.00030072,2.048e-05,1.2e-06,0.0,0.0,0.0,0.0,0.0,0.0,0.0,0.0,0.0,0.0,0.0,0.0
1.0,1.0,0.0,0.005,0.5,0.99999868,0.99999868,0.99999844,0.99999808,0.9999976,0.99999648,0.99999608,0.9999952,0.99999416,0.99999316,0.99999204,0.99999052,0.9999888,0.99998656,0.99998384,0.99998024,0.99997696,0.99997252,0.99996628,0.9999596,0.99995048,0.99993908,0.99992556,0.99991016,0.99989008,0.99986788,0.99983968,0.9998076,0.99977128,0.99972576,0.99966768,0.9996008,0.99952132,0.9994182,0.99930156,0.99916028,0.99898768,0.9987802,0.99853076,0.99823064,0.99786896,0.99743348,0.99690996,0.99627684,0.99551804,0.99460624,0.9935012,0.99217288,0.99056768,0.98863388,0.98630616,0.98350268,0.98011732,0.97602412,0.97108384,0.96510816,0.95785012,0.94903492,0.93832248,0.92530748,0.90934276,0.88959572,0.86464848,0.83640916,0.7850032,0.7218358,0.6472006,0.57123948,0.51359736,0.46365648,0.41602788,0.3749304,0.33802272,0.3045158,0.27357512,0.24491908,0.22067076,0.20402868,0.1877792,0.17144996,0.15447764,0.138406,0.1218974,0.10531376,0.09158536,0.07916848,0.06758776,0.05668052,0.0460176,0.03556152,0.026402,0.01879344,0.01212672,0.00648768,0.00195752,0.0,0.0,0.0,0.0,0.0
1.0,1.0,45.0,0.005,0.5,0.99999444,0.99999356,0.99999232,0.99999088,0.99998944,0.9999876,0.99998532,0.99998284,0.99997876,0.99997416,0.99996884,0.99996316,0.99995476,0.99994476,0.9999336,0.99992056,0.99990376,0.99988376,0.99986044,0.99983308,0.99979692,0.999754,0.99970148,0.99963544,0.99956024,0.99946888,0.99936256,0.9992318,0.99907332,0.99888324,0.9986582,0.9983834,0.99805016,0.99765252,0.99717956,0.9966006,0.99590728,0.9950652,0.99405844,0.99284472,0.99137704,0.98961792,0.98749864,0.98495048,0.98187488,0.97819856,0.9737848,0.96852644,0.96234352,0.95580784,0.94867592,0.93986088,0.92882224,0.9147964,0.89946744,0.88264892,0.86430804,0.844438,0.82303716,0.80009904,0.77556744,0.74858736,0.7209278,0.6938042,0.6669828,0.64073548,0.6144736,0.58773168,0.56190724,0.53582,0.5130306,0.48844856,0.46068224,0.43185092,0.40160904,0.37243868,0.343358,0.31190048,0.28044016,0.2481892,0.21685812,0.186595,0.16017704,0.1359272,0.11544016,0.098542,0.08595624,0.07573064,0.0649678,0.05384092,0.04183556,0.02988884,0.02004284,0.01198636,0.00424984,3.84e-05,0.0,0.0,0.0,0.0
1.0,1.0,90.0,0.005,0.5,0.99999916,0.999999,0.99999876,0.9999986,0.99999816,0.99999784,0.99999752,0.99999716,0.9999966,0.99999608,0.99999516,0.99999416,0.99999284,0.99999132,0.99998956,0.99998804,0.99998568,0.99998236,0.99997896,0.9999742,0.99996936,0.99996304,0.99995608,0.99994604,0.99993504,0.99992152,0.99990408,0.99988388,0.99986064,0.99983068,0.99979692,0.99975472,0.99970436,0.99964332,0.99957176,0.99948168,0.9993784,0.99925248,0.9990978,0.99891412,0.99868868,0.99841868,0.99809468,0.99770432,0.99723696,0.99667136,0.99599056,0.9951674,0.99417124,0.99297652,0.99153488,0.98978868,0.98768676,0.98514912,0.98207284,0.97833936,0.97376964,0.96814228,0.96113812,0.95018256,0.92954828,0.90101564,0.86595612,0.8179756,0.75932588,0.69636584,0.63780028,0.5846344,0.5354944,0.4895472,0.44619864,0.4057004,0.36880308,0.33462404,0.30302456,0.27385524,0.2471286,0.22047828,0.19554084,0.17165648,0.14987692,0.13067932,0.11330988,0.09697192,0.08230928,0.06924484,0.05912756,0.05184648,0.04504796,0.03854024,0.0317342,0.02389948,0.0171024,0.01095652,0.00397008,4.528e-05,0.0,0.0,0.0,0.0
1.0,1.0,135.0,0.005,0.5,0.99999548,0.99999444,0.99999332,0.99999204,0.9999906,0.9999888,0.9999866,0.99998364,0.99998044,0.99997692,0.99997212,0.9999662,0.99995904,0.99995096,0.99994136,0.99993028,0.99991556,0.99989924,0.9998766,0.99985296,0.99982348,0.99979036,0.9997474,0.99969696,0.99963288,0.9995596,0.99946948,0.99935944,0.9992278,0.99907044,0.99888156,0.99865296,0.99837928,0.99804808,0.99764944,0.9971694,0.9965836,0.99589088,0.99505168,0.99403776,0.9928146,0.99134716,0.98957484,0.98743372,0.984858,0.98173208,0.977964,0.9733998,0.96785432,0.96108808,0.95279072,0.94230348,0.93024936,0.9168044,0.90178584,0.88514032,0.8668584,0.84697252,0.82553308,0.80263904,0.7783928,0.75291756,0.72624428,0.69848976,0.6695518,0.63958844,0.61537084,0.59213136,0.56714432,0.539743,0.50830104,0.47375068,0.43919304,0.40539228,0.3731606,0.34161412,0.31172872,0.28255128,0.25416556,0.22483924,0.19706132,0.17011052,0.14560704,0.12423212,0.10691468,0.09266764,0.08168864,0.07281352,0.063862,0.05297388,0.04166116,0.0299118,0.01983968,0.01201,0.004245,3.516e-05,0.0,0.0,0.0,0.0
1.0,1.0,180.0,0.005,0.5,0.99999824,0.99999744,0.99999672,0.99999624,0.99999592,0.99999488,0.99999352,0.9999928,0.99999104,0.9999888,0.99998624,0.99998328,0.9999796,0.99997592,0.99997064,0.9999648,0.99995704,0.9999496,0.99993864,0.999926,0.99991324,0.9998968,0.99987536,0.99985208,0.9998224,0.99978656,0.99973928,0.9996862,0.99962072,0.99954776,0.99944868,0.99933832,0.99920128,0.99904352,0.99884952,0.99861064,0.9983298,0.99799044,0.99757748,0.99708156,0.99648792,0.99576836,0.9948988,0.99385588,0.99260256,0.99108688,0.98926032,0.98706976,0.9844204,0.9812316,0.9773818,0.97272644,0.9671528,0.96044048,0.95228856,0.94238104,0.93021296,0.91521696,0.89798072,0.87759408,0.85302784,0.82307944,0.78624436,0.740693,0.68795144,0.63126512,0.57714672,0.52741552,0.482444,0.44161048,0.39779816,0.36158416,0.32956516,0.30050868,0.2737838,0.2490284,0.22340232,0.19766624,0.17395016,0.1558984,0.1398292,0.12722928,0.11599664,0.10555256,0.0954912,0.08525968,0.07348952,0.061462,0.04989504,0.04001956,0.03144132,0.02362448,0.0184814,0.01413632,0.00987192,0.0052864,0.00301096,0.0,0.0,0.0
1.0,1/0.6,0.0,0.005,0.5,0.99999132,0.9999888,0.999987,0.99998432,0.99998108,0.9999782,0.99997288,0.99996704,0.99996096,0.99995296,0.99994236,0.99993032,0.99991616,0.9998996,0.99988,0.99985692,0.99982756,0.99979464,0.99975044,0.999701,0.99964224,0.99956868,0.99948068,0.99937228,0.9992462,0.99908792,0.99890896,0.9986784,0.99840888,0.99808832,0.99769348,0.99722844,0.99666152,0.99597448,0.99514988,0.99415336,0.99295868,0.99152728,0.98980468,0.98772184,0.9852036,0.98216976,0.97854544,0.97411332,0.96865868,0.9620064,0.95373044,0.94275368,0.93033228,0.91630312,0.9000326,0.88068616,0.85724252,0.82811824,0.78991448,0.73581204,0.65523944,0.5156416,0.42692,0.37072728,0.33419536,0.30598736,0.28087332,0.25770696,0.23589316,0.21574456,0.19577268,0.17785724,0.1607452,0.14253612,0.12085796,0.10471816,0.09269844,0.08041044,0.0674238,0.0533304,0.03754868,0.0241294,0.01750528,0.01326688,0.00908088,0.00531072,0.0022764,0.00049408,0.00012296,7.536e-05,4.848e-05,1.608e-05,8.8e-07,0.0,0.0,0.0,0.0,0.0,0.0,0.0,0.0,0.0,0.0,0.0
1.0,1/0.6,45.0,0.005,0.5,0.99998484,0.9999818,0.99997912,0.99997436,0.9999692,0.99996368,0.99995668,0.99994812,0.99993848,0.99992552,0.99991024,0.99989092,0.99986688,0.99984032,0.9998078,0.99976872,0.9997222,0.9996646,0.9995944,0.99951164,0.99941228,0.99928876,0.9991472,0.99897852,0.99877092,0.99852284,0.998223,0.99786916,0.9974286,0.99689788,0.99626312,0.99549852,0.9945828,0.99347812,0.99213964,0.99052952,0.9886048,0.9862822,0.98350768,0.98017276,0.9762206,0.97152452,0.96609376,0.96082956,0.95454524,0.946888,0.9375104,0.92576852,0.9120364,0.896652,0.87921196,0.85969888,0.83786132,0.8134378,0.7863456,0.75601484,0.72160304,0.6794382,0.63050284,0.58858168,0.56047472,0.535133,0.5098494,0.48240508,0.45640248,0.43075644,0.40292392,0.37539768,0.34507688,0.30552116,0.25484924,0.20406148,0.15675824,0.1233974,0.0987798,0.07911648,0.06399428,0.05083804,0.037028,0.02724356,0.01971196,0.01373444,0.00854364,0.00423616,0.00150032,0.00034816,8.016e-05,0.0,0.0,0.0,0.0,0.0,0.0,0.0,0.0,0.0,0.0,0.0,0.0,0.0
1.0,1/0.6,90.0,0.005,0.5,0.99999444,0.9999936,0.99999268,0.9999914,0.99999028,0.99998764,0.9999856,0.99998264,0.9999784,0.99997428,0.99996924,0.99996252,0.99995496,0.9999458,0.999935,0.99992084,0.99990568,0.99988632,0.9998642,0.99983712,0.99980328,0.99976408,0.9997158,0.99965556,0.99958572,0.9994988,0.99939736,0.99927188,0.99912232,0.99894448,0.9987284,0.99846768,0.99815708,0.9977784,0.99732588,0.9967832,0.99612156,0.99533052,0.9943698,0.99321416,0.99183164,0.99015784,0.98814428,0.98571172,0.98277296,0.97921924,0.97491164,0.96968156,0.96327344,0.95546272,0.94587712,0.93392792,0.91856644,0.89747688,0.86807196,0.82631124,0.7819838,0.71589148,0.61626908,0.54305148,0.4880488,0.4434188,0.40455252,0.37407012,0.35069904,0.3262572,0.30060636,0.27508572,0.24979912,0.22414756,0.19701616,0.16488196,0.13193056,0.09893412,0.07343992,0.05497208,0.04174828,0.0294732,0.02149548,0.01443988,0.00718372,0.00297824,0.00082232,0.00017968,2.332e-05,0.0,0.0,0.0,0.0,0.0,0.0,0.0,0.0,0.0,0.0,0.0,0.0,0.0,0.0,0.0
1.0,1/0.6,135.0,0.005,0.5,0.9999876,0.99998516,0.99998212,0.9999784,0.99997492,0.99997048,0.99996344,0.99995544,0.99994596,0.99993408,0.99992016,0.99990436,0.99988496,0.99986088,0.99983224,0.999795,0.99975348,0.99970312,0.99963764,0.99956348,0.99947812,0.99937288,0.9992418,0.99909148,0.99890352,0.9986778,0.99840512,0.99807596,0.99767952,0.99720236,0.99663096,0.99594212,0.99511324,0.99412072,0.99291772,0.99146532,0.98972176,0.98761912,0.98507584,0.9819928,0.97824912,0.97368368,0.96822616,0.96173528,0.95422044,0.9454232,0.9351474,0.92317708,0.90910252,0.89282044,0.87403932,0.85239408,0.82742032,0.79836012,0.76333144,0.7200774,0.67846772,0.63308272,0.58856212,0.54186696,0.51056532,0.4879156,0.46648636,0.44336864,0.41646264,0.385682,0.35468768,0.32406356,0.29154476,0.248344,0.19924748,0.15055464,0.10314892,0.07073344,0.04813748,0.03164728,0.02011568,0.0126978,0.00845328,0.00541328,0.00311808,0.00175084,0.00082004,0.00027412,6.588e-05,1.672e-05,2e-06,0.0,0.0,0.0,0.0,0.0,0.0,0.0,0.0,0.0,0.0,0.0,0.0,0.0
1.0,1/0.6,180.0,0.005,0.5,0.99999336,0.99999136,0.99998976,0.99998824,0.99998696,0.99998424,0.99997992,0.99997624,0.99997152,0.99996688,0.99995968,0.99994896,0.99993936,0.99992768,0.99991304,0.99989544,0.99987256,0.99984608,0.99981344,0.99977664,0.99973168,0.99968008,0.9996144,0.99953456,0.9994376,0.99932472,0.99917872,0.99901528,0.99881336,0.99857272,0.99827912,0.99793152,0.99750768,0.99698912,0.99637848,0.99564212,0.99474864,0.99367608,0.9923788,0.99080024,0.988878,0.9865976,0.98382872,0.98048624,0.97648064,0.97160984,0.96572752,0.95858312,0.94978368,0.93905536,0.9258216,0.9094148,0.88876936,0.86167728,0.82447976,0.77510496,0.69814152,0.60794868,0.49235688,0.41308872,0.35711784,0.31678848,0.28654768,0.26463048,0.24429112,0.22078896,0.19193592,0.1715544,0.15860408,0.14423484,0.12201228,0.10127208,0.08922168,0.0790514,0.06766396,0.05414356,0.03910676,0.02741004,0.01911304,0.01316132,0.00887572,0.00579008,0.0035774,0.00205432,0.00104432,0.00034224,2.096e-05,1.2e-06,0.0,0.0,0.0,0.0,0.0,0.0,0.0,0.0,0.0,0.0,0.0,0.0
1.0,1/0.2,0.0,0.005,0.5,0.9999944,0.99999296,0.99999188,0.99999012,0.99998756,0.99998504,0.99998284,0.99997956,0.99997616,0.99997176,0.9999666,0.99996132,0.9999526,0.99994176,0.99992972,0.99991424,0.999896,0.999875,0.9998478,0.9998136,0.99977176,0.99972756,0.999671,0.99959956,0.99951544,0.9994152,0.99929844,0.99915656,0.99897392,0.99876144,0.99849304,0.99817112,0.99778636,0.99731908,0.9967666,0.99610532,0.99531256,0.99437032,0.9932324,0.9918658,0.9902204,0.9882106,0.98576696,0.98281904,0.97921484,0.9748208,0.96939064,0.9626826,0.95458728,0.94440964,0.93147492,0.91475268,0.89240244,0.86142536,0.81567584,0.7433666,0.6521224,0.55864332,0.46684696,0.37122176,0.27586756,0.20333876,0.16076332,0.1368772,0.12163328,0.1052878,0.08738672,0.06601932,0.04002932,0.0224116,0.0123602,0.00821064,0.00529708,0.00328064,0.00201052,0.001164,0.00062384,0.0003124,0.00014864,6.616e-05,2.912e-05,9.76e-06,1.12e-06,0.0,0.0,0.0,0.0,0.0,0.0,0.0,0.0,0.0,0.0,0.0,0.0,0.0,0.0,0.0,0.0,0.0
1.0,1/0.2,45.0,0.005,0.5,0.99997748,0.99997184,0.99996548,0.99995832,0.99994916,0.99993768,0.9999248,0.99991016,0.99989268,0.99987112,0.99984428,0.99981256,0.99977472,0.99972916,0.99967116,0.999602,0.99952168,0.99942772,0.99931364,0.99917168,0.99900516,0.99879856,0.99855512,0.99825792,0.99790392,0.99747912,0.99696208,0.99633948,0.99559872,0.9946858,0.99360564,0.9923052,0.99071848,0.98881228,0.98652484,0.98377572,0.98044824,0.97642608,0.97157024,0.96567436,0.95852064,0.94980008,0.9390774,0.92622208,0.91136324,0.89418724,0.87721968,0.86211016,0.84522076,0.82644188,0.80580748,0.78324228,0.75849136,0.73116432,0.70032152,0.669222,0.63608228,0.60071204,0.56178404,0.47340576,0.35990348,0.28098652,0.22278488,0.17557928,0.1380298,0.1141254,0.100338,0.08681116,0.07355328,0.06037644,0.04357132,0.03121056,0.02184724,0.01447796,0.00947124,0.00569992,0.001571,0.00057556,0.00018224,5.528e-05,1.152e-05,0.0,0.0,0.0,0.0,0.0,0.0,0.0,0.0,0.0,0.0,0.0,0.0,0.0,0.0,0.0,0.0,0.0,0.0,0.0
1.0,1/0.2,90.0,0.005,0.5,0.99999608,0.9999952,0.99999416,0.9999928,0.99999152,0.99998988,0.9999882,0.9999862,0.99998344,0.9999806,0.99997648,0.9999714,0.99996476,0.999957,0.99994768,0.99993628,0.99992496,0.99990956,0.9998914,0.99986948,0.99984332,0.9998104,0.99977128,0.99972432,0.9996656,0.99959668,0.99951832,0.99941892,0.99930012,0.99915724,0.99898608,0.9987776,0.99852648,0.99822252,0.99785852,0.9974178,0.99689272,0.99625696,0.99549052,0.9945688,0.99344948,0.99210616,0.99048452,0.98852372,0.986152,0.98327432,0.97978132,0.97551756,0.97028944,0.963789,0.95557252,0.94480028,0.93190768,0.914829,0.88975712,0.82994708,0.7438252,0.65794648,0.5711204,0.48254808,0.380274,0.280634,0.20844896,0.166771,0.14020472,0.1222896,0.10792776,0.09078712,0.07196196,0.05405392,0.04023848,0.02990788,0.02164488,0.01505148,0.00974516,0.00474608,0.0020704,0.0007816,0.00025748,7.52e-05,1.644e-05,0.0,0.0,0.0,0.0,0.0,0.0,0.0,0.0,0.0,0.0,0.0,0.0,0.0,0.0,0.0,0.0,0.0,0.0,0.0
1.0,1/0.2,135.0,0.005,0.5,0.9999766,0.99997156,0.99996576,0.99995924,0.99995084,0.9999408,0.99992952,0.9999164,0.99989844,0.99987696,0.99985184,0.99981996,0.99978212,0.999737,0.99968268,0.99962188,0.99954576,0.99945724,0.99934688,0.99921024,0.999047,0.99885628,0.99861856,0.99832904,0.99798808,0.99758152,0.99708452,0.99648784,0.99577764,0.99491244,0.99387468,0.992619,0.99111264,0.98928208,0.98707452,0.98436348,0.98111544,0.97727132,0.97270108,0.96718704,0.96066704,0.95311184,0.9442894,0.933967,0.92195244,0.90803908,0.89184724,0.87292588,0.8501458,0.82689608,0.81053988,0.79263892,0.77317332,0.75211296,0.72945028,0.70479792,0.67665016,0.64330648,0.59607552,0.49278844,0.37280068,0.28973312,0.21732636,0.1588902,0.12009708,0.0932052,0.07282192,0.05514268,0.03855352,0.02711316,0.0193222,0.01411672,0.0101014,0.00699828,0.00361544,0.0016174,0.00071452,0.00026668,6.912e-05,1.468e-05,3.68e-06,0.0,0.0,0.0,0.0,0.0,0.0,0.0,0.0,0.0,0.0,0.0,0.0,0.0,0.0,0.0,0.0,0.0,0.0,0.0
1.0,1/0.2,180.0,0.005,0.5,0.99998752,0.99998496,0.99998144,0.99997664,0.99997344,0.99996816,0.99996228,0.99995444,0.99994396,0.99993356,0.9999198,0.9999032,0.999884,0.99986208,0.99983688,0.99980664,0.99976764,0.9997234,0.99966668,0.99960216,0.9995216,0.99942564,0.99930836,0.99916452,0.99899244,0.99878572,0.99853388,0.998231,0.99786656,0.9974396,0.9969246,0.99629484,0.995541,0.994636,0.99351744,0.99215584,0.99050792,0.98849208,0.985872,0.98283996,0.97943564,0.97544192,0.97077604,0.96536588,0.95928172,0.95210392,0.94368876,0.933813,0.92214224,0.90826348,0.8915182,0.87104408,0.84529828,0.81155676,0.76337372,0.6886892,0.602426,0.51906516,0.43461528,0.34070924,0.26007552,0.19800088,0.16203352,0.14534184,0.13023792,0.09883528,0.06502736,0.04359932,0.03050856,0.02114724,0.01314596,0.00829184,0.00533676,0.00343244,0.00217964,0.00134108,0.00078384,0.00041404,0.00019376,8.04e-05,2.912e-05,8e-06,8e-07,0.0,0.0,0.0,0.0,0.0,0.0,0.0,0.0,0.0,0.0,0.0,0.0,0.0,0.0,0.0,0.0,0.0
1/0.6,0.2,0.0,0.005,0.5,0.9999848,0.99998248,0.9999792,0.9999744,0.99996936,0.99996336,0.99995624,0.9999472,0.99993744,0.99992472,0.9999084,0.99989064,0.99987056,0.99984392,0.99981328,0.9997732,0.99972536,0.99967016,0.99960328,0.99952172,0.99941904,0.99930192,0.99916296,0.99898984,0.99878632,0.9985324,0.99823448,0.997876,0.99743992,0.99691088,0.99627864,0.9955224,0.9946028,0.99349576,0.99215852,0.99055128,0.98860496,0.98625912,0.98340912,0.97993216,0.9756468,0.9706848,0.96495504,0.95832848,0.95053184,0.9414108,0.93079224,0.91846048,0.9041792,0.88772996,0.8688588,0.84727352,0.82264608,0.79457352,0.7624446,0.72541384,0.68182504,0.62820564,0.55013652,0.4309578,0.33025512,0.24190552,0.1591244,0.10505108,0.07046616,0.04781268,0.03271592,0.02252152,0.01556328,0.01076804,0.00743128,0.0050924,0.00344764,0.00228064,0.00143688,0.00084608,0.0004544,0.00021072,7.592e-05,1.672e-05,1.76e-06,0.0,0.0,0.0,0.0,0.0,0.0,0.0,0.0,0.0,0.0,0.0,0.0,0.0,0.0,0.0,0.0,0.0,0.0,0.0
1/0.6,0.2,45.0,0.005,0.5,0.99999336,0.99999212,0.9999904,0.99998904,0.99998636,0.99998376,0.99998004,0.99997592,0.9999712,0.99996644,0.99995896,0.99995088,0.9999412,0.99992808,0.99991184,0.99989288,0.99987308,0.99984756,0.99981688,0.99977972,0.99973344,0.99967876,0.99961188,0.99953348,0.99943744,0.99932344,0.9991852,0.99901792,0.99881764,0.99857656,0.998285,0.99793456,0.99750904,0.99700216,0.9963876,0.99565076,0.99476148,0.99368908,0.99239728,0.99084228,0.98896472,0.98670224,0.983974,0.9806766,0.97669164,0.97186804,0.96602012,0.95890092,0.95019252,0.93946692,0.92615488,0.90939124,0.88805296,0.86017768,0.82204692,0.7640736,0.68144144,0.58505064,0.498586,0.42423236,0.35943788,0.2453802,0.15902068,0.10548228,0.07110296,0.04846912,0.03329988,0.02299392,0.01591792,0.0110186,0.00760448,0.0052132,0.00353156,0.00233752,0.00147156,0.00087012,0.00046648,0.0002306,7.008e-05,6.68e-06,5.6e-07,0.0,0.0,0.0,0.0,0.0,0.0,0.0,0.0,0.0,0.0,0.0,0.0,0.0,0.0,0.0,0.0,0.0,0.0,0.0
1/0.6,0.2,90.0,0.005,0.5,0.99998356,0.99998044,0.99997668,0.99997244,0.99996616,0.99995964,0.99995232,0.99994396,0.99993188,0.9999166,0.99990116,0.99988172,0.99985748,0.99982932,0.99979396,0.9997538,0.99970316,0.99964196,0.99956892,0.99947784,0.999373,0.99924536,0.99909156,0.99890488,0.9986802,0.99841344,0.998088,0.99769708,0.99722768,0.99665896,0.99597352,0.99514848,0.99415316,0.9929556,0.99150808,0.98976804,0.98765928,0.98511192,0.98199448,0.97823352,0.9738408,0.96873344,0.962783,0.95578688,0.94757512,0.93798556,0.92678448,0.91374736,0.89864252,0.881208,0.861254,0.83882244,0.81442272,0.78763792,0.75553256,0.7078952,0.66427452,0.61791956,0.54783796,0.43020556,0.3319286,0.24624484,0.16128964,0.106595,0.0715468,0.04854708,0.03319412,0.02282068,0.01574224,0.01087448,0.00750116,0.00514472,0.00348636,0.00231468,0.001486,0.00090052,0.00048636,0.00020964,5.308e-05,4.92e-06,8e-08,0.0,0.0,0.0,0.0,0.0,0.0,0.0,0.0,0.0,0.0,0.0,0.0,0.0,0.0,0.0,0.0,0.0,0.0,0.0
1/0.6,0.2,135.0,0.005,0.5,0.99999296,0.99999168,0.99999008,0.99998772,0.9999854,0.99998272,0.99997872,0.99997396,0.99996876,0.99996192,0.99995484,0.99994608,0.9999346,0.9999224,0.999907,0.99989032,0.99986712,0.99983848,0.99980532,0.99976548,0.99971688,0.99965948,0.9995894,0.99950612,0.99940704,0.99928464,0.99913852,0.99896236,0.99875024,0.99849536,0.99818688,0.99781652,0.997369,0.99683072,0.99618404,0.99539952,0.9944624,0.99332736,0.99196152,0.99031772,0.98833468,0.9859424,0.98306484,0.9795876,0.97539344,0.97032948,0.96419932,0.95677176,0.94773628,0.93670744,0.92316136,0.9063556,0.88514116,0.85759476,0.81995028,0.76254676,0.68227216,0.5901822,0.51199428,0.44111512,0.37024948,0.24920844,0.16091376,0.10628992,0.07132412,0.04838992,0.03308248,0.022735,0.01567256,0.0108204,0.0074604,0.00511824,0.00347112,0.00229908,0.0014586,0.00088104,0.000494,0.00024296,6.108e-05,2.04e-06,0.0,0.0,0.0,0.0,0.0,0.0,0.0,0.0,0.0,0.0,0.0,0.0,0.0,0.0,0.0,0.0,0.0,0.0,0.0,0.0
1/0.6,0.2,180.0,0.005,0.5,0.99998592,0.9999832,0.99997904,0.99997416,0.999968,0.99996176,0.99995416,0.99994592,0.9999348,0.99992072,0.9999064,0.99988608,0.9998628,0.99983448,0.99980216,0.9997604,0.99971064,0.99965384,0.99958104,0.99949604,0.99939424,0.99926696,0.99911648,0.99893056,0.99871728,0.99845216,0.99813592,0.99775192,0.99729144,0.99673296,0.99606232,0.99525528,0.99429216,0.99311736,0.99169824,0.98998496,0.98792552,0.98543552,0.98241344,0.97869424,0.97427112,0.96916688,0.96325744,0.95634832,0.94826024,0.93879168,0.92777248,0.9149756,0.90017344,0.88315808,0.86362184,0.84132456,0.81588872,0.78688784,0.75374352,0.7155484,0.67080124,0.61629704,0.5421554,0.42528576,0.32855096,0.24497436,0.1609522,0.10626536,0.07128064,0.04836388,0.03309532,0.02278656,0.01575332,0.01090196,0.00752468,0.005153,0.00348792,0.00231932,0.0014716,0.00087864,0.00047904,0.00022792,8.664e-05,2.112e-05,1.68e-06,0.0,0.0,0.0,0.0,0.0,0.0,0.0,0.0,0.0,0.0,0.0,0.0,0.0,0.0,0.0,0.0,0.0,0.0,0.0
1/0.6,0.6,0.0,0.005,0.5,0.99998928,0.99998656,0.99998392,0.9999812,0.99997768,0.99997192,0.99996688,0.99995944,0.99995032,0.99993928,0.9999264,0.99990992,0.99989368,0.99987288,0.99985032,0.99982008,0.99978544,0.99974328,0.99968616,0.9996244,0.9995464,0.999452,0.99934352,0.99920744,0.99904536,0.99884888,0.99861392,0.99833088,0.99799064,0.99758184,0.99708552,0.99648888,0.9957668,0.9948996,0.99386136,0.99260408,0.99108968,0.98926192,0.98705872,0.9844056,0.98118832,0.97731176,0.9726056,0.96689336,0.95992864,0.95139688,0.9408344,0.9276444,0.91090544,0.88892304,0.86138024,0.83550192,0.8081732,0.77869632,0.75067296,0.72207768,0.6919344,0.65944048,0.62349592,0.58218984,0.53121032,0.44360608,0.33119328,0.27955792,0.24804224,0.22537816,0.20629744,0.18873448,0.17154992,0.153928,0.13501432,0.11262684,0.08690656,0.05998136,0.041145,0.02843908,0.0197174,0.01363312,0.00931768,0.00620408,0.0038984,0.002116,0.00068992,0.00025312,6.576e-05,1.344e-05,0.0,0.0,0.0,0.0,0.0,0.0,0.0,0.0,0.0,0.0,0.0,0.0,0.0,0.0
1/0.6,0.6,45.0,0.005,0.5,0.999992,0.9999908,0.99998888,0.99998692,0.99998404,0.99998,0.999976,0.99997076,0.99996568,0.99995884,0.99995036,0.99994048,0.99992736,0.99991084,0.99989172,0.99986912,0.9998434,0.99980976,0.99977124,0.99972568,0.99966652,0.9996012,0.99952148,0.99942264,0.99930324,0.99916188,0.99899056,0.99878236,0.99853468,0.9982344,0.99787052,0.99743624,0.99691248,0.99627988,0.9955198,0.99460348,0.99350424,0.99217812,0.99057092,0.9886308,0.98629252,0.98343196,0.97986976,0.97550768,0.97066872,0.96511624,0.95865884,0.95111764,0.94231804,0.9320018,0.91987148,0.9055144,0.88829532,0.86688868,0.84151596,0.81042244,0.77009368,0.71548988,0.66177632,0.6077414,0.54558848,0.47672176,0.40993616,0.36554,0.33711296,0.3141058,0.29265468,0.27064844,0.2464242,0.20841808,0.16907048,0.13332292,0.0903626,0.0609844,0.04161596,0.02854284,0.01971068,0.01358192,0.0092612,0.00616452,0.00390504,0.00220656,0.00086828,0.00032668,8.14e-05,1.204e-05,1.48e-06,0.0,0.0,0.0,0.0,0.0,0.0,0.0,0.0,0.0,0.0,0.0,0.0,0.0
1/0.6,0.6,90.0,0.005,0.5,0.99998728,0.99998488,0.999982,0.99997816,0.99997384,0.99996776,0.99996196,0.99995432,0.99994496,0.99993512,0.99992364,0.9999082,0.99988932,0.99986504,0.99983824,0.99980672,0.99976944,0.999724,0.9996654,0.99959624,0.99951196,0.99941276,0.99929128,0.99914684,0.99897316,0.998768,0.99850984,0.99821084,0.99784596,0.9974032,0.996872,0.99623676,0.99546984,0.99454104,0.99342376,0.99207772,0.9904494,0.98849652,0.98613752,0.98329048,0.97985456,0.97569824,0.9706628,0.96455,0.95709604,0.94796612,0.93669832,0.9226386,0.90408788,0.88231172,0.8592044,0.835719,0.81043728,0.78286344,0.75527152,0.72283028,0.6732178,0.64337044,0.61285528,0.57819208,0.53352192,0.44875352,0.33483004,0.28295076,0.25115992,0.22790744,0.20850064,0.1906052,0.17299616,0.15476156,0.13494644,0.10999524,0.085624,0.06035876,0.04126036,0.02844176,0.0196536,0.01353904,0.00922736,0.00613756,0.00388672,0.0022172,0.00097764,0.0002844,4.464e-05,3.28e-06,0.0,0.0,0.0,0.0,0.0,0.0,0.0,0.0,0.0,0.0,0.0,0.0,0.0,0.0
1/0.6,0.6,135.0,0.005,0.5,0.99998592,0.9999834,0.99998004,0.9999766,0.99997188,0.99996684,0.99995988,0.99995216,0.99994212,0.99993024,0.99991452,0.99989788,0.99987716,0.99985132,0.99982064,0.9997844,0.99974128,0.99968804,0.9996254,0.99955156,0.99945992,0.99935156,0.9992202,0.9990598,0.99886856,0.99863992,0.99836296,0.9980294,0.99762804,0.99714236,0.99655372,0.99583592,0.99497888,0.99396772,0.99276072,0.99132028,0.98961368,0.9876442,0.98533692,0.98263376,0.97946888,0.97575672,0.97139112,0.96628572,0.96031108,0.95333712,0.94523804,0.93581144,0.9249474,0.91237968,0.89785516,0.88112008,0.86174356,0.83916316,0.81243348,0.77994816,0.73841784,0.68501368,0.63513564,0.5872616,0.53832752,0.482734,0.4063174,0.36027576,0.33115632,0.30829468,0.28741636,0.2661852,0.24261712,0.20616612,0.16745084,0.13198252,0.08915632,0.0602702,0.04125928,0.02844084,0.01965396,0.01354128,0.00922836,0.00614036,0.00388936,0.00222848,0.00099208,0.00030284,5.064e-05,0.0,0.0,0.0,0.0,0.0,0.0,0.0,0.0,0.0,0.0,0.0,0.0,0.0,0.0,0.0
1/0.6,0.6,180.0,0.005,0.5,0.99998744,0.99998488,0.99998256,0.99997832,0.99997416,0.9999696,0.99996288,0.99995456,0.9999452,0.99993288,0.99992088,0.99990656,0.99988704,0.99986432,0.99983552,0.99980112,0.99976216,0.9997156,0.9996568,0.99958824,0.99950328,0.99939768,0.99927776,0.9991292,0.99894776,0.99873312,0.99847512,0.99816448,0.99779248,0.99733992,0.99679608,0.99614376,0.99535304,0.9944048,0.9932578,0.99188208,0.99021624,0.98821008,0.98579256,0.98287576,0.97934904,0.97508744,0.96992264,0.96365832,0.95602024,0.946663,0.93510136,0.92068408,0.90187208,0.87925784,0.85722136,0.83366624,0.8078528,0.78026848,0.75326176,0.72511384,0.6951272,0.66248616,0.62615232,0.584056,0.53150216,0.43743244,0.32701088,0.277016,0.2464044,0.22377496,0.20470952,0.18744568,0.17063824,0.15309208,0.133962,0.1100506,0.08533928,0.05944712,0.04071516,0.02807152,0.01940284,0.01336832,0.00910676,0.00605292,0.00383284,0.00220584,0.00104288,0.0003288,7.336e-05,5.92e-06,0.0,0.0,0.0,0.0,0.0,0.0,0.0,0.0,0.0,0.0,0.0,0.0,0.0,0.0
1/0.6,1.0,0.0,0.005,0.5,0.99999816,0.9999976,0.99999704,0.99999568,0.99999528,0.99999448,0.99999368,0.9999928,0.999992,0.99998984,0.99998752,0.99998512,0.99998168,0.99997856,0.99997448,0.99996888,0.9999624,0.99995416,0.99994396,0.99993252,0.99991828,0.99990088,0.99987892,0.999855,0.99982668,0.99979152,0.9997458,0.99969504,0.99963524,0.9995594,0.99946896,0.9993602,0.99923032,0.99907216,0.99888248,0.998654,0.99838048,0.99804896,0.99764832,0.99716936,0.99658616,0.99589084,0.99504952,0.99403704,0.9928188,0.99134752,0.9895812,0.98744748,0.98488376,0.9817874,0.97805816,0.97356064,0.96813952,0.96159724,0.95369352,0.94414952,0.93260108,0.9185916,0.90156336,0.88079356,0.85535832,0.82410496,0.78540256,0.7418414,0.69409924,0.64116028,0.58357636,0.53105064,0.4833608,0.43978968,0.39977604,0.3626832,0.33020408,0.30120584,0.27490616,0.25082512,0.2286032,0.2078636,0.18817456,0.16728664,0.14469272,0.12641756,0.1110032,0.09680508,0.08288488,0.06931328,0.058809,0.05137056,0.04464668,0.03812312,0.0310664,0.02303792,0.01667788,0.01067828,0.0040412,0.0,0.0,0.0,0.0,0.0
1/0.6,1.0,45.0,0.005,0.5,0.99999768,0.99999724,0.99999676,0.99999608,0.99999536,0.99999384,0.9999922,0.99998996,0.99998832,0.99998656,0.99998412,0.99998104,0.99997612,0.99997136,0.99996568,0.9999594,0.99995184,0.99994248,0.999932,0.99991796,0.99990092,0.99988,0.99985424,0.99982676,0.99978912,0.99974692,0.99969604,0.99963384,0.99955672,0.99946788,0.99935772,0.99922636,0.99906768,0.9988786,0.9986482,0.99837116,0.99803632,0.99763468,0.99715092,0.99656812,0.99586576,0.99502016,0.99400076,0.9927738,0.99129572,0.98951192,0.98735664,0.98475352,0.98160528,0.97778988,0.97314968,0.96748304,0.9605206,0.9518886,0.9410334,0.92709836,0.90858004,0.8834116,0.85678744,0.82925124,0.80073544,0.77117332,0.74046452,0.70865316,0.675903,0.64234888,0.6081406,0.5738752,0.53999656,0.506511,0.47352932,0.44237892,0.4129148,0.3848738,0.35778432,0.3318742,0.30660856,0.28056916,0.253756,0.22551492,0.1976774,0.1703816,0.1466534,0.12529436,0.10779408,0.09332496,0.08218504,0.07324908,0.06417564,0.05313256,0.04187196,0.0303084,0.01991584,0.01217,0.00445696,0.00047876,0.0,0.0,0.0,0.0
1/0.6,1.0,90.0,0.005,0.5,0.99999808,0.9999976,0.99999712,0.99999664,0.99999616,0.99999544,0.99999424,0.99999328,0.99999196,0.99999024,0.99998828,0.99998544,0.99998248,0.99997956,0.99997556,0.99996988,0.99996264,0.99995432,0.99994432,0.99993248,0.99991992,0.99990196,0.99988276,0.99986,0.99982984,0.99979408,0.99975396,0.99970168,0.99963988,0.9995664,0.99947996,0.99937092,0.99924168,0.99908864,0.99890268,0.99867572,0.99840616,0.99808072,0.99768784,0.99721584,0.99664672,0.99596096,0.99513584,0.99413696,0.99293956,0.99149696,0.98975608,0.98766244,0.98513956,0.98209756,0.97843248,0.97400872,0.96866632,0.96219436,0.9543012,0.94448812,0.93132708,0.91393764,0.89467912,0.87340224,0.84903084,0.8200468,0.78431168,0.74172548,0.6944576,0.64132772,0.58383884,0.53160976,0.48409092,0.44044856,0.4003898,0.3642512,0.331487,0.30248188,0.2763094,0.25244424,0.23051412,0.20701212,0.18492648,0.16221996,0.1423692,0.12549416,0.11046312,0.09627132,0.08217148,0.06967408,0.0597588,0.05255224,0.04581844,0.0392536,0.03242252,0.02474684,0.01737364,0.01129484,0.00447748,0.00049956,0.0,0.0,0.0,0.0
1/0.6,1.0,135.0,0.005,0.5,0.99999776,0.9999974,0.99999696,0.99999612,0.99999528,0.99999412,0.999993,0.9999916,0.99998956,0.99998704,0.99998356,0.99997968,0.99997616,0.99997108,0.99996552,0.99995856,0.99994864,0.9999376,0.99992472,0.99990972,0.99989172,0.99986972,0.99984192,0.99980868,0.99976984,0.9997226,0.99966628,0.999597,0.99951532,0.99941684,0.999296,0.99915508,0.99897968,0.99877276,0.99852176,0.99821928,0.99785508,0.9974154,0.99688624,0.99624988,0.995482,0.99455552,0.99344188,0.992099,0.9904762,0.98851792,0.986159,0.98330924,0.97986208,0.97568496,0.97061372,0.96443036,0.95685736,0.94749572,0.93576672,0.92079028,0.90107676,0.87524152,0.8484962,0.82097516,0.79268504,0.76364048,0.73385504,0.7033368,0.67207656,0.64004988,0.60730528,0.57414844,0.5410182,0.5081866,0.47570696,0.4434876,0.41364808,0.38557104,0.35880956,0.33307224,0.30793412,0.28074732,0.2540092,0.22546908,0.19746524,0.1703326,0.14640964,0.12508172,0.10756692,0.09307848,0.08185636,0.07290628,0.06395312,0.05303968,0.04188204,0.03045752,0.02004804,0.0122638,0.00449888,0.00051928,0.0,0.0,0.0,0.0
1/0.6,1.0,180.0,0.005,0.5,0.99999848,0.99999832,0.9999976,0.99999712,0.99999624,0.99999528,0.99999432,0.9999932,0.99999184,0.99999032,0.99998872,0.99998584,0.99998272,0.99997992,0.9999748,0.9999688,0.99996312,0.99995424,0.99994472,0.9999328,0.9999196,0.9999026,0.99988212,0.9998582,0.99983004,0.9997934,0.99974996,0.99969972,0.99964024,0.99956664,0.99947816,0.9993708,0.99924152,0.99908744,0.99890064,0.99867616,0.99840712,0.99808156,0.99768588,0.997215,0.99664452,0.995958,0.99512904,0.99413692,0.9929348,0.99148828,0.9897476,0.98764932,0.98512512,0.9820792,0.97840472,0.97398692,0.96865136,0.96221328,0.95443848,0.945046,0.93367224,0.9198922,0.90309976,0.88262288,0.85753528,0.82666656,0.78854056,0.7440804,0.69569096,0.64212776,0.58448476,0.53216596,0.48464056,0.44119632,0.40122056,0.364112,0.33176832,0.30290712,0.27679296,0.25296004,0.23101972,0.20824964,0.18577508,0.16337864,0.14334504,0.12617084,0.11107296,0.09686816,0.08266928,0.06962848,0.05935,0.0520878,0.04531368,0.03858484,0.03156408,0.02361068,0.01660696,0.01059592,0.00392088,0.0,0.0,0.0,0.0,0.0
1/0.6,1/0.6,0.0,0.005,0.5,0.99999272,0.99999096,0.99998872,0.99998648,0.99998368,0.99998032,0.99997624,0.9999712,0.99996344,0.99995632,0.9999484,0.99993792,0.99992552,0.99991064,0.99989312,0.99987464,0.99985056,0.99982016,0.99978376,0.9997368,0.9996824,0.999616,0.99953904,0.9994436,0.99933128,0.99919272,0.99902592,0.9988272,0.99858832,0.9982988,0.9979496,0.9975292,0.99702608,0.99641632,0.99568328,0.99480152,0.99373688,0.99246048,0.990918,0.98906,0.98681704,0.9841208,0.9808676,0.9769416,0.97221408,0.96650288,0.95960088,0.95124664,0.94111296,0.92877088,0.91366768,0.89501608,0.87161416,0.84148984,0.79912544,0.72493568,0.65389752,0.57995816,0.48912992,0.40633872,0.3502708,0.31024424,0.28012304,0.25616696,0.23600384,0.21820032,0.20232232,0.18635248,0.16977008,0.1519228,0.1314808,0.10547896,0.08257104,0.05988712,0.0413092,0.02865712,0.01991544,0.01379584,0.00944952,0.00630528,0.00397512,0.00216704,0.00067096,0.0002456,6.392e-05,1.312e-05,0.0,0.0,0.0,0.0,0.0,0.0,0.0,0.0,0.0,0.0,0.0,0.0,0.0,0.0
1/0.6,1/0.6,45.0,0.005,0.5,0.999992,0.99999064,0.99998904,0.99998624,0.99998352,0.99998024,0.99997644,0.99997248,0.9999668,0.99996072,0.99995208,0.9999422,0.99992916,0.99991504,0.99989732,0.99987544,0.999849,0.99981668,0.99977948,0.99973636,0.99968236,0.9996176,0.99953768,0.99944204,0.99932612,0.99919176,0.99902496,0.99882548,0.99858336,0.99829484,0.99794664,0.99752376,0.99701772,0.99641064,0.99567684,0.99479284,0.99372596,0.99244408,0.99089512,0.98903296,0.986787,0.98407936,0.98081548,0.97687584,0.97212276,0.96637444,0.9594158,0.95096768,0.94067952,0.92808596,0.91254104,0.89310332,0.86822988,0.83493748,0.79602868,0.75281768,0.70248676,0.63748308,0.55060256,0.48094816,0.43215088,0.39726776,0.36982704,0.34676792,0.32621924,0.3073166,0.28803596,0.2675702,0.24390688,0.20691696,0.16819796,0.13089576,0.08777736,0.05987356,0.0411098,0.02831,0.0195832,0.01351724,0.00922644,0.00614368,0.00389156,0.00219192,0.00085364,0.00033052,8.212e-05,1.212e-05,1.48e-06,0.0,0.0,0.0,0.0,0.0,0.0,0.0,0.0,0.0,0.0,0.0,0.0,0.0
1/0.6,1/0.6,90.0,0.005,0.5,0.99999224,0.9999912,0.99998924,0.99998696,0.9999844,0.99998084,0.99997692,0.99997184,0.99996596,0.99995992,0.99995224,0.99994164,0.99992988,0.99991624,0.99989972,0.99987892,0.99985116,0.99982108,0.99978568,0.99974232,0.9996894,0.9996264,0.99955064,0.99945936,0.99934832,0.99921592,0.99905596,0.9988638,0.99863072,0.99835052,0.9980124,0.9976058,0.99711744,0.99652728,0.99581348,0.99495852,0.9939292,0.99268136,0.99118296,0.98937616,0.98719492,0.98456612,0.98137832,0.97752268,0.9728336,0.96712544,0.96011924,0.95143268,0.94046684,0.92614872,0.90582768,0.8756816,0.85292988,0.82564148,0.78934456,0.72309592,0.653831,0.58214752,0.49366784,0.411477,0.355379,0.3149836,0.2843324,0.25976884,0.23898728,0.22060564,0.20401504,0.18771664,0.17100472,0.15335512,0.1338274,0.10897468,0.08451692,0.05922856,0.04076928,0.02821028,0.01954268,0.01348684,0.0091992,0.00612064,0.00387544,0.0022072,0.00096388,0.00027896,4.396e-05,3.24e-06,0.0,0.0,0.0,0.0,0.0,0.0,0.0,0.0,0.0,0.0,0.0,0.0,0.0,0.0
1/0.6,1/0.6,135.0,0.005,0.5,0.99999128,0.99998936,0.99998688,0.99998448,0.99998112,0.9999778,0.99997352,0.99996868,0.999962,0.99995452,0.9999456,0.9999354,0.99992224,0.9999058,0.9998864,0.99986224,0.99983236,0.99979836,0.9997566,0.99970676,0.9996478,0.99957584,0.99949056,0.99938408,0.99925916,0.99910732,0.99892656,0.99870604,0.99843996,0.99812188,0.99773644,0.9972726,0.9967166,0.99604344,0.9952354,0.99426008,0.99308404,0.9916696,0.98996548,0.98791264,0.98543896,0.98245788,0.97886004,0.97452156,0.96928644,0.9629606,0.95530604,0.9460318,0.93475424,0.92097356,0.9040214,0.88292188,0.85615892,0.82118184,0.78203268,0.7389386,0.69005924,0.62931512,0.56331044,0.4900286,0.43549568,0.3966806,0.36729956,0.34349344,0.32274972,0.30335436,0.2839786,0.26337148,0.23979272,0.20277252,0.16503652,0.12895892,0.08673184,0.05925568,0.04081348,0.02824204,0.01956436,0.01350248,0.00921196,0.00613188,0.00388432,0.00222268,0.00098316,0.0002986,4.908e-05,0.0,0.0,0.0,0.0,0.0,0.0,0.0,0.0,0.0,0.0,0.0,0.0,0.0,0.0,0.0
1/0.6,1/0.6,180.0,0.005,0.5,0.99999344,0.99999208,0.9999896,0.99998704,0.99998496,0.99998128,0.99997688,0.99997264,0.99996672,0.99996048,0.99995168,0.99994328,0.99993128,0.9999176,0.99989976,0.99987744,0.99985208,0.99982264,0.99978744,0.99974312,0.99969056,0.99962808,0.99955368,0.99946032,0.99935024,0.99921752,0.99905824,0.99886288,0.99863024,0.99835192,0.9980156,0.99761,0.99711808,0.99653392,0.99582264,0.99497136,0.99393968,0.99269944,0.99120488,0.98940456,0.98723584,0.98462312,0.98146584,0.97767208,0.97309144,0.9675592,0.96087672,0.95280016,0.94300384,0.93109128,0.9165392,0.89863528,0.8763356,0.84790152,0.80980016,0.74174208,0.6658696,0.58598352,0.48628808,0.40430752,0.34877592,0.30912992,0.27926176,0.25547144,0.23540808,0.217528,0.20077232,0.18436128,0.16822392,0.15098456,0.13180024,0.1070952,0.08378504,0.05962508,0.04105676,0.02840376,0.01967152,0.0135744,0.00925848,0.00616168,0.00390872,0.0022572,0.00107344,0.00033408,7.256e-05,5.92e-06,0.0,0.0,0.0,0.0,0.0,0.0,0.0,0.0,0.0,0.0,0.0,0.0,0.0,0.0
1/0.6,1/0.2,0.0,0.005,0.5,0.99999,0.99998816,0.99998648,0.99998368,0.99998112,0.9999764,0.99997144,0.999966,0.99995808,0.9999492,0.99993936,0.99992744,0.99991216,0.999894,0.99987152,0.99984248,0.99981032,0.9997716,0.9997256,0.99967016,0.99959784,0.99951904,0.99942016,0.99930544,0.99916168,0.99899024,0.99878264,0.99853352,0.99823672,0.99787216,0.99743864,0.99691608,0.99628424,0.9955252,0.994612,0.99350872,0.99218176,0.99058216,0.98865536,0.98632888,0.98353088,0.9801456,0.97605776,0.9711108,0.96510976,0.95780392,0.948856,0.93781416,0.92393976,0.90586592,0.88128808,0.85437792,0.8242484,0.79040416,0.75233296,0.70880576,0.65750368,0.59181728,0.48965912,0.39074832,0.30540896,0.22578512,0.14998068,0.1007448,0.06838056,0.04677304,0.03218688,0.02224424,0.01541512,0.01068792,0.00738648,0.00506496,0.0034304,0.0022684,0.00142688,0.00083968,0.0004512,0.00020952,7.504e-05,1.664e-05,1.84e-06,0.0,0.0,0.0,0.0,0.0,0.0,0.0,0.0,0.0,0.0,0.0,0.0,0.0,0.0,0.0,0.0,0.0,0.0,0.0
1/0.6,1/0.2,45.0,0.005,0.5,0.99999128,0.9999898,0.99998752,0.99998432,0.9999814,0.99997808,0.99997432,0.9999684,0.9999618,0.99995416,0.99994512,0.99993376,0.99992008,0.9999028,0.99988312,0.999859,0.9998298,0.99979444,0.99975116,0.99970092,0.99964076,0.99956808,0.99948044,0.99937216,0.99924492,0.99909268,0.9989036,0.99868148,0.99841052,0.99808624,0.9976946,0.99722572,0.99666124,0.99597656,0.99515276,0.99415844,0.992965,0.99152744,0.98979044,0.98770164,0.98517928,0.98213764,0.97846196,0.97401596,0.96863848,0.96211016,0.95416036,0.9444114,0.93237724,0.91733772,0.89819216,0.87302456,0.83812928,0.79249364,0.74623848,0.6977002,0.64078072,0.55518752,0.47477592,0.4059962,0.34164888,0.22762684,0.15117192,0.1019128,0.069445,0.04768316,0.03291768,0.02280152,0.01581708,0.01096348,0.00757364,0.00519456,0.00352108,0.0023322,0.00146928,0.00086812,0.00046628,0.00022956,6.9e-05,6.56e-06,5.2e-07,0.0,0.0,0.0,0.0,0.0,0.0,0.0,0.0,0.0,0.0,0.0,0.0,0.0,0.0,0.0,0.0,0.0,0.0,0.0
1/0.6,1/0.2,90.0,0.005,0.5,0.9999882,0.99998544,0.99998268,0.99997972,0.99997624,0.999972,0.99996652,0.99996008,0.99995188,0.99994196,0.99993136,0.999917,0.99989964,0.9998778,0.99985224,0.99982248,0.99978488,0.99974116,0.99969088,0.9996292,0.99955048,0.99946036,0.99934908,0.99921476,0.99905476,0.9988606,0.99862624,0.99834812,0.99800928,0.99760248,0.9971096,0.9965212,0.9958098,0.99495296,0.99392488,0.9926902,0.99119484,0.989405,0.9872542,0.98466944,0.9815692,0.97785692,0.97341628,0.968141,0.96189016,0.95444648,0.94548644,0.93450392,0.92069664,0.90229172,0.87786888,0.8501252,0.81364948,0.77510256,0.73789244,0.69828168,0.65105296,0.58642948,0.48961224,0.39146084,0.30757036,0.22964572,0.152472,0.10249676,0.06959224,0.04759308,0.03271784,0.0225748,0.01561412,0.01080468,0.00746192,0.00512092,0.0034724,0.00230592,0.00148032,0.00089668,0.00048396,0.00020824,5.236e-05,5.04e-06,8e-08,0.0,0.0,0.0,0.0,0.0,0.0,0.0,0.0,0.0,0.0,0.0,0.0,0.0,0.0,0.0,0.0,0.0,0.0,0.0
1/0.6,1/0.2,135.0,0.005,0.5,0.99999112,0.99998916,0.999987,0.99998448,0.99998108,0.99997648,0.99997196,0.99996528,0.99995768,0.99994888,0.99993872,0.9999256,0.99991016,0.9998918,0.99986844,0.99984152,0.9998082,0.99976976,0.99972232,0.9996642,0.9995972,0.99951376,0.99941544,0.999297,0.99915028,0.99897664,0.99877052,0.99851596,0.99821272,0.99784948,0.99740792,0.99687912,0.9962386,0.99547244,0.9945446,0.99342852,0.99208312,0.9904644,0.98851496,0.98616228,0.98332584,0.97990888,0.9757868,0.97081208,0.96479928,0.95752852,0.94870848,0.93797044,0.92482404,0.9085918,0.88821404,0.86194596,0.826418,0.78225148,0.74016756,0.69801944,0.64865644,0.5691964,0.4920512,0.42094688,0.3471066,0.22938464,0.15192248,0.10209388,0.06932196,0.04741612,0.03259868,0.02249216,0.01555004,0.01075396,0.00742436,0.00509668,0.00345868,0.00228916,0.001453,0.0008776,0.00049116,0.00024116,6.016e-05,2e-06,0.0,0.0,0.0,0.0,0.0,0.0,0.0,0.0,0.0,0.0,0.0,0.0,0.0,0.0,0.0,0.0,0.0,0.0,0.0,0.0
1/0.6,1/0.2,180.0,0.005,0.5,0.99998984,0.999988,0.9999856,0.99998288,0.99997904,0.99997488,0.99996984,0.99996384,0.99995656,0.99994792,0.99993592,0.99992224,0.99990704,0.99988736,0.99986392,0.99983488,0.99980504,0.99976352,0.99971712,0.99966168,0.9995912,0.99950736,0.99940504,0.99928272,0.99913544,0.99896176,0.99875224,0.99849928,0.99818584,0.997816,0.99737056,0.9968344,0.99618632,0.99540368,0.99446624,0.99333632,0.99196824,0.99032344,0.98833472,0.98594008,0.98305448,0.97956952,0.97535608,0.97025144,0.96405312,0.95650784,0.94723976,0.93575632,0.92121528,0.90191144,0.87631752,0.84855696,0.81747184,0.78261008,0.74330976,0.69845104,0.64570696,0.57866784,0.48256592,0.38681752,0.3043396,0.22873664,0.15251916,0.10242064,0.06950104,0.04752744,0.0326984,0.02259536,0.01565728,0.01085416,0.00749712,0.00513872,0.00347912,0.00231512,0.001468,0.00087512,0.00047704,0.0002264,8.536e-05,2.088e-05,1.68e-06,0.0,0.0,0.0,0.0,0.0,0.0,0.0,0.0,0.0,0.0,0.0,0.0,0.0,0.0,0.0,0.0,0.0,0.0,0.0
1/0.2,0.2,0.0,0.005,0.5,0.99998552,0.99998296,0.99997944,0.99997544,0.99997008,0.9999632,0.9999568,0.99994696,0.9999368,0.99992152,0.99990472,0.99988824,0.99986488,0.99983448,0.99980088,0.99975896,0.99970992,0.99964912,0.99957864,0.99949224,0.99939056,0.99926336,0.99911312,0.99893416,0.99871664,0.99846096,0.99813968,0.99775472,0.997302,0.99674808,0.9960884,0.99528608,0.99432528,0.99316544,0.99175648,0.99006944,0.9880196,0.98554744,0.982522,0.97880384,0.97447208,0.96945056,0.96362592,0.9568044,0.94878488,0.93941456,0.92849136,0.91583552,0.90121408,0.8843856,0.865078,0.84300776,0.81785528,0.78917392,0.7563716,0.71855952,0.67421376,0.62005752,0.54469836,0.42699996,0.32903608,0.24405856,0.1597632,0.10539632,0.07063316,0.04787048,0.0327064,0.022476,0.01550152,0.0107076,0.0073832,0.00505736,0.00341896,0.00225568,0.00143288,0.00085968,0.00047336,0.00023128,9.368e-05,2.824e-05,1.36e-06,0.0,0.0,0.0,0.0,0.0,0.0,0.0,0.0,0.0,0.0,0.0,0.0,0.0,0.0,0.0,0.0,0.0,0.0,0.0
1/0.2,0.2,45.0,0.005,0.5,0.9999926,0.99999116,0.99998948,0.99998764,0.99998524,0.99998216,0.99997884,0.99997516,0.9999706,0.99996412,0.99995676,0.9999478,0.99993664,0.99992388,0.99990824,0.99988944,0.99986712,0.99984152,0.9998072,0.99976604,0.99971704,0.99966048,0.99959344,0.9995116,0.99940832,0.99928768,0.9991426,0.99896896,0.99875648,0.998502,0.99819808,0.99782736,0.99738332,0.99684852,0.996203,0.99542684,0.99449288,0.99336704,0.99200724,0.99037572,0.988404,0.98602704,0.98315936,0.9797044,0.97553224,0.97049268,0.96439196,0.95698896,0.94798428,0.9369678,0.92344664,0.90656128,0.88515372,0.85727,0.81904028,0.76076972,0.67903628,0.58604432,0.50681752,0.4357486,0.36723568,0.24787824,0.1598626,0.10546304,0.07068356,0.04790696,0.03273408,0.02249756,0.01551944,0.01072044,0.00739224,0.00506432,0.00342184,0.0022584,0.00143312,0.0008592,0.00047292,0.00023068,9.572e-05,3.248e-05,0.0,0.0,0.0,0.0,0.0,0.0,0.0,0.0,0.0,0.0,0.0,0.0,0.0,0.0,0.0,0.0,0.0,0.0,0.0,0.0
1/0.2,0.2,90.0,0.005,0.5,0.99998416,0.99998108,0.99997704,0.99997308,0.99996768,0.999962,0.99995452,0.9999446,0.99993288,0.99991972,0.99990412,0.9998838,0.99985984,0.99983144,0.99979736,0.99975692,0.99970796,0.999647,0.99957664,0.99948936,0.99938372,0.9992582,0.99910656,0.99892588,0.998704,0.99843752,0.99812204,0.99773676,0.99727176,0.99671664,0.99604524,0.99524008,0.99426336,0.99308756,0.9916724,0.989965,0.9879018,0.98540156,0.9823452,0.97860756,0.97425776,0.96921756,0.96336716,0.95650736,0.94845572,0.93903432,0.9280616,0.91532808,0.90061904,0.88369408,0.86428596,0.8421036,0.81684232,0.78805776,0.75520436,0.71731972,0.6730026,0.6191472,0.544666,0.42748236,0.3296268,0.24458884,0.16009492,0.1056164,0.07078452,0.04797476,0.03278172,0.02252648,0.01553984,0.01073548,0.00740276,0.00507108,0.00342608,0.0022616,0.00143616,0.00086148,0.00047456,0.00023224,9.504e-05,2.884e-05,1.8e-06,0.0,0.0,0.0,0.0,0.0,0.0,0.0,0.0,0.0,0.0,0.0,0.0,0.0,0.0,0.0,0.0,0.0,0.0,0.0
1/0.2,0.2,135.0,0.005,0.5,0.99999308,0.99999132,0.99998984,0.99998844,0.99998584,0.99998304,0.99997948,0.9999758,0.99997112,0.99996492,0.99995712,0.99994788,0.99993768,0.999925,0.99990928,0.99989012,0.99986672,0.9998386,0.99980628,0.9997666,0.99972088,0.99966356,0.9995966,0.99951172,0.999413,0.99929404,0.999147,0.99897596,0.9987634,0.99851068,0.99820584,0.99783696,0.9974008,0.99686648,0.99622552,0.99545328,0.99452328,0.99340288,0.99205284,0.99042564,0.98846272,0.98609912,0.98325076,0.97981068,0.9756588,0.9706424,0.96457352,0.95720832,0.94824748,0.93728208,0.92381188,0.90701164,0.88571556,0.85797904,0.81995944,0.76200308,0.68049816,0.58736364,0.50788608,0.4365674,0.36788508,0.24856616,0.16029956,0.10574864,0.07086924,0.04803232,0.03281736,0.02255248,0.015556,0.01074616,0.00741024,0.0050764,0.00343056,0.00226468,0.00143828,0.00086208,0.0004746,0.00023136,9.608e-05,3.308e-05,0.0,0.0,0.0,0.0,0.0,0.0,0.0,0.0,0.0,0.0,0.0,0.0,0.0,0.0,0.0,0.0,0.0,0.0,0.0,0.0
1/0.2,0.2,180.0,0.005,0.5,0.99998636,0.99998332,0.99997956,0.999976,0.99997,0.99996368,0.99995528,0.9999444,0.99993464,0.99992168,0.99990696,0.9998864,0.99986184,0.99983328,0.99979944,0.99976064,0.99971104,0.99965084,0.99957848,0.99949032,0.99938768,0.99926088,0.99911272,0.99893112,0.9987152,0.99844764,0.99813172,0.99774916,0.99728928,0.99673644,0.9960684,0.99527,0.99430096,0.99312936,0.99172344,0.99002504,0.98797928,0.98549448,0.98246692,0.9787264,0.97439352,0.96937096,0.96354268,0.95670184,0.94867704,0.93929416,0.9283652,0.91567772,0.9010088,0.8841156,0.86476992,0.84264736,0.81742752,0.78870444,0.75586712,0.71807336,0.6737792,0.6198064,0.54515712,0.4278184,0.32986716,0.2448676,0.16039864,0.10581796,0.07091768,0.04806476,0.03283972,0.02256908,0.015569,0.01075448,0.00741556,0.00508176,0.00343412,0.00226648,0.0014412,0.0008652,0.00047756,0.00023328,9.536e-05,2.92e-05,1.6e-06,0.0,0.0,0.0,0.0,0.0,0.0,0.0,0.0,0.0,0.0,0.0,0.0,0.0,0.0,0.0,0.0,0.0,0.0,0.0
1/0.2,0.6,0.0,0.005,0.5,0.99998832,0.99998584,0.9999828,0.9999788,0.99997416,0.99996896,0.999962,0.99995512,0.999946,0.9999344,0.99992128,0.99990568,0.99988712,0.99986384,0.99983792,0.99980824,0.9997688,0.99972056,0.99966264,0.99959032,0.99950828,0.999405,0.99928288,0.9991376,0.99896288,0.99875304,0.99849296,0.99818408,0.99781192,0.99736152,0.9968204,0.99617608,0.99539328,0.9944532,0.99331,0.99194128,0.99029736,0.98830752,0.98590168,0.983012,0.97951232,0.97527928,0.97016472,0.96394248,0.95637168,0.9470776,0.93562256,0.921318,0.90278952,0.88001936,0.85801752,0.83447944,0.80865688,0.78121104,0.75430328,0.72621176,0.69623312,0.66358776,0.62717872,0.58487704,0.531884,0.43476984,0.3259584,0.2765124,0.246196,0.22374376,0.20480808,0.18733096,0.170538,0.1530408,0.1337028,0.10954888,0.08534916,0.06002156,0.04109056,0.02832336,0.01956964,0.01347812,0.00918304,0.006105,0.00386256,0.00220552,0.00098824,0.00028664,7.968e-05,7.44e-06,0.0,0.0,0.0,0.0,0.0,0.0,0.0,0.0,0.0,0.0,0.0,0.0,0.0,0.0
1/0.2,0.6,45.0,0.005,0.5,0.999987,0.99998472,0.99998124,0.99997736,0.99997284,0.99996756,0.99996068,0.9999528,0.99994264,0.99993164,0.99991712,0.9998988,0.99987688,0.99985468,0.99982528,0.99979084,0.99974756,0.99969648,0.99963816,0.99956352,0.99947548,0.99936984,0.99924036,0.99908448,0.99889804,0.9986718,0.99840276,0.99807428,0.99768084,0.99721372,0.99664244,0.995946,0.99511404,0.99410608,0.99287808,0.99144288,0.9897364,0.98769076,0.98522692,0.98236292,0.9790712,0.97523768,0.97076392,0.96553716,0.9594578,0.95239848,0.94420612,0.93473472,0.92380936,0.91122204,0.89677256,0.88013684,0.86092716,0.83855676,0.81211108,0.77990716,0.73860476,0.6853936,0.63555096,0.58754252,0.53865272,0.48481628,0.4111526,0.36198252,0.33133008,0.30773304,0.28655064,0.26539532,0.24198284,0.20571168,0.1670152,0.1316674,0.08884176,0.06006752,0.04111956,0.02834332,0.01958252,0.01348776,0.0091878,0.00610648,0.0038628,0.00220512,0.00098704,0.00028912,8.388e-05,4.32e-06,0.0,0.0,0.0,0.0,0.0,0.0,0.0,0.0,0.0,0.0,0.0,0.0,0.0,0.0
1/0.2,0.6,90.0,0.005,0.5,0.99998844,0.99998604,0.99998316,0.99997944,0.99997528,0.99997072,0.9999638,0.99995632,0.99994708,0.99993476,0.99992168,0.99990672,0.99988748,0.9998654,0.99983872,0.99980324,0.99976216,0.99971468,0.99965572,0.99958816,0.99950596,0.99940076,0.99928328,0.99913452,0.9989568,0.99874208,0.99848944,0.99818088,0.9978108,0.99736032,0.9968182,0.99616976,0.99538544,0.99444244,0.99330328,0.99193056,0.99027652,0.98828568,0.98588424,0.98298604,0.97948408,0.97525104,0.97012552,0.9638978,0.95631228,0.94701888,0.93554212,0.92122108,0.90265472,0.87982028,0.85771248,0.83410916,0.80831464,0.78051392,0.75337836,0.72512232,0.69501792,0.66248924,0.6259758,0.5837734,0.53105224,0.43566476,0.32634824,0.27675932,0.24635972,0.22384672,0.2048586,0.18736116,0.170484,0.15290112,0.13362832,0.10941056,0.08530792,0.06010748,0.04114592,0.02835972,0.01959384,0.01349776,0.00919212,0.0061106,0.00386472,0.00220532,0.00098548,0.00028828,8.304e-05,9.88e-06,0.0,0.0,0.0,0.0,0.0,0.0,0.0,0.0,0.0,0.0,0.0,0.0,0.0,0.0
1/0.2,0.6,135.0,0.005,0.5,0.99998704,0.9999842,0.99998132,0.99997764,0.99997348,0.9999686,0.99996184,0.99995336,0.99994408,0.9999328,0.99992156,0.99990616,0.9998862,0.99986416,0.99983508,0.99980072,0.99975772,0.99970948,0.99964836,0.99957512,0.9994872,0.99938396,0.9992624,0.99911064,0.99892168,0.99870172,0.99843632,0.99811368,0.997727,0.99726084,0.99669948,0.99602268,0.995202,0.99420292,0.99300096,0.99152492,0.98972008,0.98760156,0.98515676,0.98234052,0.97905884,0.9752414,0.97078364,0.9655562,0.95948056,0.95242952,0.94425944,0.93480216,0.9238928,0.91135188,0.89694308,0.88035068,0.86118444,0.83885964,0.81244676,0.7802848,0.73903016,0.68575204,0.6357866,0.58766396,0.53866084,0.48465668,0.41077696,0.36180892,0.33125108,0.30770508,0.28655628,0.26533476,0.24204188,0.20582532,0.16703848,0.13171668,0.08887356,0.0600884,0.04113484,0.02835308,0.01958932,0.01349336,0.0091924,0.00611032,0.00386636,0.00220704,0.00098732,0.00029012,8.428e-05,3.4e-06,0.0,0.0,0.0,0.0,0.0,0.0,0.0,0.0,0.0,0.0,0.0,0.0,0.0,0.0
1/0.2,0.6,180.0,0.005,0.5,0.9999884,0.99998664,0.99998328,0.99997928,0.9999748,0.99997056,0.99996448,0.99995904,0.9999488,0.99993808,0.9999252,0.99991,0.99988832,0.9998664,0.99983992,0.99980568,0.999764,0.99971568,0.99965888,0.99958984,0.99950576,0.99940856,0.99928648,0.99913808,0.99896304,0.99875216,0.998496,0.99818776,0.9978168,0.99736248,0.99682496,0.99618312,0.99540504,0.99445832,0.993324,0.99195148,0.99030488,0.9883172,0.9859204,0.98302992,0.97953432,0.97531888,0.97020272,0.96399608,0.95642016,0.94715328,0.93571184,0.92142404,0.90292088,0.88011256,0.85806544,0.8344828,0.80871132,0.78108872,0.7540692,0.72594032,0.69592516,0.66321596,0.62679504,0.58450496,0.53155672,0.43470504,0.32598896,0.2765712,0.24625768,0.22379712,0.20484912,0.18735264,0.17056304,0.15303424,0.13370432,0.10955592,0.08536548,0.06005772,0.04111188,0.02834092,0.01958196,0.01348608,0.00919044,0.00610756,0.00386656,0.00220856,0.0009892,0.0002892,7.96e-05,7.52e-06,0.0,0.0,0.0,0.0,0.0,0.0,0.0,0.0,0.0,0.0,0.0,0.0,0.0,0.0
1/0.2,1.0,0.0,0.005,0.5,0.99999752,0.99999704,0.99999648,0.99999552,0.99999504,0.99999416,0.99999296,0.99999192,0.99999,0.99998856,0.99998624,0.99998384,0.99998048,0.9999768,0.99997244,0.99996612,0.99995984,0.9999524,0.99994512,0.99993424,0.9999204,0.99990288,0.9998832,0.99985856,0.9998292,0.99979416,0.99975448,0.99970464,0.9996438,0.99956844,0.9994828,0.99937732,0.99924748,0.99909396,0.9989066,0.99868556,0.99841612,0.99809296,0.99770152,0.99723328,0.99666812,0.9959866,0.99516276,0.99417544,0.99298124,0.99154816,0.98981576,0.98773456,0.98522228,0.98219924,0.97855488,0.97415552,0.96885224,0.96245688,0.95473512,0.94539744,0.9340976,0.92036832,0.90368864,0.88331164,0.85831476,0.82753752,0.78948032,0.74484432,0.69622528,0.64233512,0.58450752,0.53210156,0.48449948,0.44098248,0.40092584,0.36377948,0.33143,0.30256868,0.27645784,0.25263232,0.23070608,0.20763732,0.18549996,0.16302664,0.14283864,0.12562596,0.1105506,0.09638136,0.08225912,0.06950896,0.05951744,0.05228368,0.04557884,0.03902588,0.03211792,0.02437088,0.01718176,0.01113716,0.00438624,0.00022232,0.0,0.0,0.0,0.0
1/0.2,1.0,45.0,0.005,0.5,0.99999724,0.9999966,0.99999624,0.99999552,0.99999492,0.99999384,0.99999236,0.99999112,0.99998932,0.99998664,0.99998408,0.9999812,0.9999776,0.99997232,0.99996632,0.9999584,0.99994864,0.9999382,0.99992624,0.99990964,0.99989188,0.99986924,0.99984032,0.99981008,0.99976908,0.99972328,0.99966668,0.99959964,0.99951664,0.9994184,0.99929848,0.99915488,0.99898168,0.99877276,0.9985232,0.99822008,0.997856,0.99741776,0.99688744,0.99625208,0.99548292,0.99455864,0.99344528,0.99209948,0.99047912,0.98852552,0.98616656,0.983317,0.97986936,0.97569868,0.97062872,0.96444936,0.95687384,0.94750944,0.93577784,0.92078472,0.90102588,0.87518196,0.84839804,0.82075052,0.79222976,0.76286332,0.73268212,0.701763,0.67020932,0.63815188,0.60574628,0.5731502,0.54053508,0.50802936,0.47567452,0.44352692,0.41394212,0.38593268,0.35910248,0.33323992,0.30818748,0.281036,0.25372904,0.22520912,0.19745872,0.17047992,0.14656472,0.1253024,0.10773088,0.09317912,0.08188476,0.07291788,0.06389396,0.05284792,0.04160284,0.03012024,0.01991956,0.01215132,0.00440408,0.0002746,0.0,0.0,0.0,0.0
1/0.2,1.0,90.0,0.005,0.5,0.99999864,0.9999984,0.99999788,0.99999728,0.99999652,0.99999576,0.99999464,0.99999332,0.99999212,0.9999902,0.99998824,0.99998536,0.99998208,0.99997812,0.99997444,0.99996832,0.99996156,0.99995372,0.9999444,0.9999326,0.99991884,0.99990256,0.99988292,0.99985748,0.99982888,0.99979556,0.9997526,0.99970024,0.99964076,0.99956808,0.99947872,0.99937244,0.99924412,0.99908972,0.99890408,0.99867984,0.9984092,0.9980824,0.99768852,0.9972166,0.99664852,0.99596112,0.99513536,0.99414228,0.99294456,0.99150136,0.98976144,0.98766716,0.98514432,0.98210136,0.97843636,0.97401844,0.96869188,0.9622646,0.95449968,0.94511856,0.93376196,0.91997112,0.90322824,0.88278248,0.8577196,0.82688004,0.78878292,0.74414104,0.69555108,0.64173892,0.58401288,0.5316996,0.48415516,0.44069084,0.40065208,0.36356968,0.33129668,0.30247296,0.27637312,0.25255204,0.230629,0.20762828,0.18530612,0.16283588,0.14269872,0.12555832,0.11050148,0.09635108,0.08222084,0.06954508,0.05959024,0.05235576,0.04565708,0.03909764,0.03221192,0.02449108,0.01723284,0.01118808,0.00442016,0.00031484,0.0,0.0,0.0,0.0
1/0.2,1.0,135.0,0.005,0.5,0.9999972,0.9999968,0.99999588,0.99999524,0.99999452,0.99999328,0.99999188,0.9999906,0.99998844,0.99998584,0.99998284,0.99997964,0.99997504,0.99997032,0.99996432,0.99995776,0.99994912,0.99993884,0.99992548,0.99990928,0.9998904,0.99986784,0.99984104,0.99980876,0.99977,0.99972376,0.99966676,0.99959716,0.99951636,0.999415,0.99929788,0.9991536,0.99898152,0.99877144,0.99852204,0.99821876,0.99785504,0.99741736,0.99689032,0.99625236,0.99548516,0.99456216,0.99344868,0.99211028,0.99049588,0.98854624,0.9861956,0.98335008,0.97991856,0.97575592,0.97069996,0.96453612,0.9569738,0.94761316,0.93589032,0.92091052,0.90117724,0.87532116,0.84851964,0.82084488,0.79230484,0.76291352,0.73271992,0.70179412,0.6702238,0.6381584,0.60574212,0.57314292,0.54052408,0.50801332,0.47566216,0.44351824,0.4139268,0.38591988,0.35909652,0.33323564,0.30819236,0.28102296,0.25377208,0.22524384,0.1974704,0.17047628,0.14655428,0.12529056,0.10772588,0.0931732,0.08187484,0.07290436,0.06388836,0.0528528,0.04160324,0.03012408,0.0199254,0.01215632,0.00440576,0.00027612,0.0,0.0,0.0,0.0
1/0.2,1.0,180.0,0.005,0.5,0.99999816,0.99999792,0.9999972,0.99999672,0.99999592,0.99999472,0.9999936,0.99999256,0.9999916,0.99998952,0.99998736,0.99998408,0.99998104,0.99997696,0.9999724,0.99996632,0.99996,0.9999512,0.99994152,0.99993052,0.999919,0.99990204,0.99988204,0.99985868,0.99982956,0.9997944,0.99975232,0.99970084,0.9996426,0.999569,0.99948052,0.99937404,0.9992458,0.9990938,0.99890616,0.99868328,0.99841456,0.99808808,0.99769744,0.99722476,0.99665892,0.9959772,0.99515448,0.99416392,0.99297012,0.99153276,0.9897992,0.98771016,0.98519844,0.98216732,0.97851788,0.97410676,0.96880456,0.96239408,0.9546544,0.945299,0.93397668,0.92024444,0.9035264,0.88312136,0.85810612,0.82730096,0.78921868,0.74458608,0.69597804,0.64210408,0.5843148,0.53194488,0.48436376,0.44087156,0.40082652,0.3637004,0.33137196,0.30252224,0.27641936,0.25259736,0.23067564,0.2076504,0.18543824,0.16297232,0.14282088,0.12563232,0.11055188,0.09638916,0.08225336,0.06951368,0.05953288,0.05229304,0.04558832,0.03902152,0.03211572,0.02436928,0.01718332,0.01113808,0.0043818,0.0002208,0.0,0.0,0.0,0.0
1/0.2,1/0.6,0.0,0.005,0.5,0.99999168,0.99999016,0.99998872,0.99998592,0.99998376,0.99998008,0.99997608,0.9999708,0.9999656,0.99995912,0.99995112,0.99994096,0.99993096,0.99991768,0.99990016,0.99987856,0.99985376,0.99982504,0.99978736,0.99974344,0.99968944,0.99962896,0.99955368,0.99946344,0.99935416,0.99921784,0.99906072,0.9988692,0.99863784,0.99835784,0.9980212,0.99762392,0.99713328,0.99654472,0.99583392,0.9949828,0.99395936,0.99272144,0.99123608,0.98944008,0.9872812,0.98468096,0.98153744,0.97775,0.97318416,0.96767372,0.96101488,0.95296112,0.943192,0.93133008,0.91683672,0.89900352,0.87680296,0.84854128,0.8107144,0.74363192,0.66752056,0.58738672,0.4873068,0.4050304,0.34936856,0.30965096,0.27974744,0.25593856,0.23586868,0.218,0.20126264,0.18490176,0.16844752,0.15132744,0.13212136,0.1076524,0.08393176,0.05928332,0.04082648,0.0282466,0.01956368,0.01349932,0.00920632,0.00612356,0.00387688,0.00221352,0.00099056,0.0002836,7.872e-05,7.2e-06,0.0,0.0,0.0,0.0,0.0,0.0,0.0,0.0,0.0,0.0,0.0,0.0,0.0,0.0
1/0.2,1/0.6,45.0,0.005,0.5,0.99999172,0.9999902,0.999988,0.99998612,0.999983,0.9999788,0.99997448,0.99996972,0.9999634,0.99995616,0.99994624,0.99993496,0.99992236,0.9999062,0.99988812,0.99986456,0.99983732,0.99980468,0.99976372,0.99971516,0.99965492,0.99958668,0.99950332,0.99939972,0.99927692,0.99912944,0.99895076,0.99873608,0.99847664,0.9981672,0.99778936,0.99733764,0.99679236,0.9961374,0.99535004,0.99439932,0.9932498,0.99186812,0.99020948,0.98820272,0.98579004,0.98288064,0.9793722,0.975135,0.97002788,0.96384744,0.956375,0.94730828,0.93627424,0.92277932,0.9061436,0.88539276,0.8589516,0.8242804,0.7854028,0.74226556,0.69258092,0.62917896,0.56341976,0.48900688,0.43424264,0.39518216,0.36560184,0.341691,0.32094676,0.30163592,0.28240668,0.26197208,0.23874716,0.20189576,0.16447312,0.12884864,0.08675156,0.05926312,0.04081188,0.02823712,0.01955624,0.01349068,0.00919932,0.00611956,0.00387196,0.00220988,0.00098696,0.00028724,8.336e-05,4.36e-06,0.0,0.0,0.0,0.0,0.0,0.0,0.0,0.0,0.0,0.0,0.0,0.0,0.0,0.0
1/0.2,1/0.6,90.0,0.005,0.5,0.99999268,0.99999144,0.99998936,0.99998712,0.99998392,0.99998052,0.99997668,0.99997156,0.99996744,0.99996092,0.99995244,0.99994284,0.99993036,0.99991568,0.9998986,0.99987952,0.99985412,0.9998224,0.99978644,0.99974312,0.9996894,0.9996266,0.9995504,0.99945828,0.99934836,0.9992144,0.99905532,0.9988616,0.99862836,0.99835028,0.99801124,0.99760356,0.99711436,0.99652276,0.99581324,0.99495664,0.99392432,0.99268168,0.99118408,0.9893836,0.9872092,0.98459168,0.98143036,0.97762512,0.9730378,0.967495,0.96080428,0.952704,0.94288528,0.93094368,0.91633916,0.89837724,0.87606924,0.8476686,0.80948232,0.74100144,0.66541964,0.58562336,0.48585088,0.40405304,0.3486962,0.30918216,0.27941552,0.2556994,0.23569004,0.21785584,0.20114924,0.18480188,0.16836868,0.15123924,0.13225248,0.10785972,0.0840346,0.05925544,0.04080836,0.0282334,0.0195548,0.01349268,0.00919864,0.00611796,0.00387052,0.00220748,0.00098344,0.00028552,8.228e-05,9.44e-06,0.0,0.0,0.0,0.0,0.0,0.0,0.0,0.0,0.0,0.0,0.0,0.0,0.0,0.0
1/0.2,1/0.6,135.0,0.005,0.5,0.99999044,0.99998868,0.99998608,0.99998336,0.9999802,0.99997644,0.99997268,0.9999676,0.99996024,0.99995268,0.99994344,0.99993356,0.99992084,0.99990648,0.99988876,0.99986612,0.99983996,0.99980488,0.99976536,0.99971596,0.99965864,0.99958964,0.99950304,0.99940112,0.999279,0.99913184,0.99895344,0.99873784,0.99848132,0.99817012,0.9977944,0.99734452,0.99680268,0.99614664,0.99535984,0.99440788,0.99326348,0.99188544,0.9902266,0.98822432,0.9858118,0.98290516,0.97939964,0.97517144,0.97006668,0.96389236,0.95643132,0.94738044,0.93636248,0.92288632,0.90626812,0.88553604,0.85913928,0.82446556,0.78554064,0.74232064,0.69258788,0.62914072,0.56324264,0.48874724,0.43409852,0.39510912,0.36558168,0.34170176,0.32098408,0.30168648,0.28246876,0.26204868,0.23875196,0.2019186,0.16449348,0.12888192,0.08678584,0.05928584,0.04082944,0.02824864,0.01956368,0.0134984,0.0092058,0.0061236,0.00387612,0.00221176,0.0009878,0.00028772,8.368e-05,3.2e-06,0.0,0.0,0.0,0.0,0.0,0.0,0.0,0.0,0.0,0.0,0.0,0.0,0.0,0.0
1/0.2,1/0.6,180.0,0.005,0.5,0.99999264,0.99999072,0.9999892,0.9999864,0.99998376,0.99998064,0.99997712,0.99997308,0.99996716,0.99996124,0.99995412,0.9999438,0.99993212,0.999917,0.9998996,0.99987592,0.99985128,0.99982248,0.9997852,0.99974256,0.99969144,0.9996276,0.99955384,0.99946,0.99935208,0.99921664,0.99905928,0.99886248,0.99863432,0.99835432,0.9980156,0.99761024,0.99712208,0.99653552,0.99582632,0.99497384,0.9939424,0.9926996,0.99121232,0.98941184,0.98724504,0.98463344,0.98149492,0.97769648,0.97311888,0.96759372,0.96092752,0.9528572,0.94307612,0.93118224,0.91664568,0.8987656,0.87648152,0.84811776,0.81008048,0.74231344,0.6664592,0.58648424,0.48649512,0.40449744,0.34902036,0.30942024,0.27959784,0.25584448,0.23580792,0.2179508,0.20123568,0.18487992,0.16845048,0.1512984,0.1321916,0.10773936,0.08400248,0.05931036,0.04084732,0.02826216,0.019573,0.01350224,0.00921024,0.00612792,0.00387964,0.00221664,0.00099272,0.00028728,7.872e-05,7.28e-06,0.0,0.0,0.0,0.0,0.0,0.0,0.0,0.0,0.0,0.0,0.0,0.0,0.0,0.0
1/0.2,1/0.2,0.0,0.005,0.5,0.99998992,0.99998776,0.99998512,0.99998256,0.9999796,0.99997528,0.99997104,0.999966,0.99995824,0.99994824,0.9999372,0.99992456,0.99990848,0.99988936,0.999866,0.99984056,0.99980648,0.9997666,0.99971896,0.9996632,0.9995964,0.99951128,0.99940992,0.99928952,0.99914296,0.9989704,0.99875952,0.99850616,0.99820092,0.99782704,0.997388,0.99685172,0.99620896,0.99543044,0.99449792,0.9933696,0.99201476,0.990376,0.98841308,0.9860332,0.98316584,0.97970848,0.97552912,0.9704676,0.9643372,0.95684544,0.94765872,0.936264,0.92186584,0.9028492,0.87758352,0.85017264,0.81944848,0.78497992,0.7461172,0.70173264,0.64950336,0.58306568,0.48580084,0.38795908,0.30471572,0.22764788,0.15104884,0.10136736,0.06872944,0.04695488,0.0322538,0.02224904,0.01538544,0.01064484,0.00734736,0.0050368,0.00340576,0.00224756,0.00142808,0.00085592,0.00047128,0.00022904,9.272e-05,2.776e-05,1.12e-06,0.0,0.0,0.0,0.0,0.0,0.0,0.0,0.0,0.0,0.0,0.0,0.0,0.0,0.0,0.0,0.0,0.0,0.0,0.0
1/0.2,1/0.2,45.0,0.005,0.5,0.99999088,0.99998936,0.99998708,0.9999844,0.99998144,0.9999774,0.99997312,0.9999672,0.99996004,0.999952,0.99994176,0.99992856,0.99991264,0.99989556,0.999874,0.99984784,0.9998178,0.9997802,0.999736,0.99968,0.99961504,0.99953528,0.9994424,0.99932704,0.99919096,0.9990256,0.99882644,0.99858456,0.99829552,0.99794924,0.9975298,0.99702472,0.99641424,0.99568424,0.99479928,0.99373648,0.99245496,0.99091044,0.9890522,0.98680932,0.98410652,0.980847,0.97690668,0.97214824,0.96639312,0.95941244,0.95091644,0.94053276,0.9277508,0.91185804,0.89175648,0.86559636,0.82986296,0.78481904,0.74094908,0.69630348,0.6443404,0.5642236,0.48690992,0.41676064,0.34525952,0.22853228,0.15116932,0.10144832,0.06878636,0.04699452,0.03228448,0.02227048,0.01540084,0.0106576,0.00735732,0.00504332,0.00340928,0.00224984,0.00142888,0.00085476,0.0004702,0.0002286,9.512e-05,3.208e-05,0.0,0.0,0.0,0.0,0.0,0.0,0.0,0.0,0.0,0.0,0.0,0.0,0.0,0.0,0.0,0.0,0.0,0.0,0.0,0.0
1/0.2,1/0.2,90.0,0.005,0.5,0.99998956,0.99998772,0.99998552,0.99998224,0.99997872,0.9999744,0.9999692,0.99996284,0.99995516,0.99994592,0.99993464,0.99992192,0.9999082,0.99988892,0.9998662,0.9998384,0.999805,0.99976664,0.99971728,0.99965888,0.99958888,0.99950532,0.9994048,0.99928368,0.99913824,0.99896152,0.9987482,0.99849304,0.99818572,0.99781344,0.99736584,0.9968284,0.99617844,0.99539788,0.9944556,0.99331916,0.99195512,0.99030912,0.9883224,0.98592768,0.98304052,0.97955288,0.97534604,0.97024528,0.96404964,0.9565058,0.94725656,0.93576884,0.92127868,0.90208388,0.8767608,0.84932268,0.81847412,0.7838016,0.74504256,0.7007856,0.64880504,0.5828418,0.48626832,0.38860916,0.305349,0.22817276,0.15137672,0.10158764,0.06888188,0.04705752,0.03232852,0.02229932,0.01542172,0.0106704,0.00736592,0.00504948,0.00341432,0.00225416,0.00143084,0.00085808,0.00047228,0.00023104,9.444e-05,2.832e-05,1.6e-06,0.0,0.0,0.0,0.0,0.0,0.0,0.0,0.0,0.0,0.0,0.0,0.0,0.0,0.0,0.0,0.0,0.0,0.0,0.0
1/0.2,1/0.2,135.0,0.005,0.5,0.99999128,0.99998896,0.99998644,0.99998396,0.99998084,0.99997644,0.99997196,0.99996556,0.9999588,0.99995088,0.99994136,0.99992904,0.99991296,0.99989464,0.9998734,0.999847,0.99981908,0.99978084,0.99973576,0.99968272,0.9996194,0.9995432,0.9994458,0.99933416,0.9991974,0.99903184,0.99883624,0.99859488,0.99830968,0.99796444,0.99754736,0.99704388,0.99644036,0.99571136,0.99483664,0.99377708,0.99250192,0.9909694,0.98911768,0.986889,0.98419756,0.98095376,0.97703748,0.97230604,0.966576,0.9596274,0.9511748,0.94084856,0.92814316,0.91234276,0.89234756,0.86633188,0.83080692,0.78584572,0.74203076,0.69741468,0.64556056,0.56544772,0.48788292,0.41751688,0.34594616,0.22912492,0.15156056,0.10171212,0.06896224,0.0471116,0.03236572,0.02232288,0.01543852,0.01068304,0.00737424,0.0050558,0.00341784,0.00225656,0.00143228,0.0008588,0.00047264,0.00023024,9.52e-05,3.276e-05,0.0,0.0,0.0,0.0,0.0,0.0,0.0,0.0,0.0,0.0,0.0,0.0,0.0,0.0,0.0,0.0,0.0,0.0,0.0,0.0
1/0.2,1/0.2,180.0,0.005,0.5,0.99999184,0.99998992,0.9999868,0.99998368,0.99998024,0.999976,0.99997168,0.99996528,0.99995824,0.99994952,0.99993768,0.99992504,0.99990844,0.99988928,0.9998644,0.9998388,0.9998068,0.99976608,0.99971828,0.99965952,0.99959156,0.99950296,0.99940568,0.99928536,0.99913976,0.99896808,0.998754,0.99849536,0.9981912,0.99782376,0.99737888,0.99684072,0.99619896,0.99541872,0.99448128,0.99335104,0.9919944,0.99035792,0.98838232,0.9860024,0.98312744,0.97965448,0.9754656,0.97038848,0.96422176,0.95671128,0.94749424,0.93606512,0.92166688,0.90262556,0.87731592,0.849845,0.81908344,0.78460136,0.7457308,0.70141776,0.6493388,0.5832236,0.48658224,0.38882464,0.30554176,0.22847648,0.15167076,0.1017864,0.06901524,0.04714688,0.03238988,0.02234168,0.01545048,0.01069156,0.00738096,0.00506012,0.00342128,0.00225924,0.00143616,0.00086136,0.00047488,0.00023224,9.432e-05,2.848e-05,1.52e-06,0.0,0.0,0.0,0.0,0.0,0.0,0.0,0.0,0.0,0.0,0.0,0.0,0.0,0.0,0.0,0.0,0.0,0.0,0.0
