s1,s2,alpha,source_radius,LD_coeff,1.0e-08,1.2e-08,1.5e-08,1.7e-08,2.1e-08,2.5e-08,3.1e-08,3.7e-08,4.4e-08,5.3e-08,6.4e-08,7.7e-08,9.3e-08,1.1e-07,1.4e-07,1.6e-07,2.0e-07,2.4e-07,2.8e-07,3.4e-07,4.1e-07,5.0e-07,6.0e-07,7.2e-07,8.7e-07,1.0e-06,1.3e-06,1.5e-06,1.8e-06,2.2e-06,2.7e-06,3.2e-06,3.9e-06,4.6e-06,5.6e-06,6.7e-06,8.1e-06,9.8e-06,1.2e-05,1.4e-05,1.7e-05,2.1e-05,2.5e-05,3.0e-05,3.6e-05,4.3e-05,5.2e-05,6.3e-05,7.6e-05,9.1e-05,1.1e-04,1.3e-04,1.6e-04,1.9e-04,2.3e-04,2.8e-04,3.4e-04,4.0e-04,4.9e-04,5.9e-04,7.1e-04,8.5e-04,1.0e-03,1.2e-03,1.5e-03,1.8e-03,2.2e-03,2.6e-03,3.1e-03,3.8e-03,4.5e-03,5.5e-03,6.6e-03,7.9e-03,9.5e-03,1.1e-02,1.4e-02,1.7e-02,2.0e-02,2.4e-02,2.9e-02,3.5e-02,4.2e-02,5.1e-02,6.1e-02,7.4e-02,8.9e-02,1.1e-01,1.3e-01,1.6e-01,1.9e-01,2.3e-01,2.7e-01,3.3e-01,3.9e-01,4.8e-01,5.7e-01,6.9e-01,8.3e-01,1.0e+00
0.2,0.2,0.0,0.015,0.5,0.99999208,0.9999912,0.99998912,0.99998688,0.99998384,0.99998016,0.99997608,0.9999716,0.9999656,0.999958,0.99994936,0.99994008,0.999928,0.9999128,0.99989648,0.99987384,0.99984776,0.99981552,0.99977864,0.99973392,0.99968048,0.99961384,0.99953528,0.99943904,0.9993236,0.9991852,0.9990196,0.99882192,0.99858104,0.9982884,0.9979368,0.99750628,0.99698832,0.9963706,0.99561684,0.99472648,0.9936542,0.99236416,0.99080324,0.98890868,0.98664212,0.98391396,0.9806112,0.9766416,0.97184352,0.96604656,0.95903916,0.95054636,0.9402334,0.92765188,0.9122144,0.893079,0.86899096,0.83780036,0.79508224,0.725069,0.63118208,0.55050392,0.47181036,0.391864,0.29875564,0.20520188,0.1423502,0.09871968,0.06826384,0.04686668,0.03174016,0.02099144,0.01337076,0.00804192,0.00445024,0.002182,0.00089728,0.00028432,5.992e-05,0.0,0.0,0.0,0.0,0.0,0.0,0.0,0.0,0.0,0.0,0.0,0.0,0.0,0.0,0.0,0.0,0.0,0.0,0.0,0.0,0.0,0.0,0.0,0.0,0.0
0.2,0.2,45.0,0.015,0.5,0.999984,0.9999808,0.99997628,0.99997064,0.99996484,0.99995652,0.99994876,0.999938,0.999925,0.99990976,0.99989116,0.999869,0.99984276,0.99980872,0.99977036,0.99972372,0.9996674,0.99959892,0.99951636,0.9994178,0.99929972,0.99915612,0.99898276,0.99877616,0.99852568,0.99822344,0.9978592,0.99742232,0.99689184,0.99625696,0.99549432,0.99457456,0.99346896,0.99212864,0.99051708,0.98857556,0.98622468,0.98340556,0.97999052,0.97586284,0.97085616,0.9647068,0.95703372,0.94715284,0.93487872,0.92186808,0.90768388,0.89175356,0.87391916,0.85408752,0.83216504,0.80806508,0.78168612,0.75288772,0.72144912,0.68700912,0.6488832,0.60568872,0.55232024,0.43770712,0.29632636,0.20533188,0.14244412,0.09878508,0.06831376,0.04690608,0.0317652,0.02100944,0.01338228,0.0080484,0.00445276,0.00218084,0.00089532,0.0002912,6.692e-05,0.0,0.0,0.0,0.0,0.0,0.0,0.0,0.0,0.0,0.0,0.0,0.0,0.0,0.0,0.0,0.0,0.0,0.0,0.0,0.0,0.0,0.0,0.0,0.0,0.0
0.2,0.2,90.0,0.015,0.5,0.99999236,0.99999096,0.99998864,0.99998628,0.99998364,0.99998016,0.99997544,0.99997128,0.99996564,0.99995856,0.99995004,0.99993956,0.99992716,0.99991068,0.99989216,0.9998704,0.99984388,0.999813,0.99977408,0.99972828,0.999672,0.99960496,0.99952352,0.99942648,0.999309,0.99916348,0.99899612,0.99879256,0.99855008,0.99825552,0.99790188,0.99747564,0.99696188,0.99634396,0.99560012,0.99470308,0.9936124,0.99230096,0.9907254,0.98883672,0.98654296,0.98378988,0.98047024,0.9764584,0.97161876,0.96579324,0.95874104,0.95019744,0.93981652,0.92716152,0.91163796,0.89241512,0.86820852,0.83688832,0.79401464,0.72380828,0.63041396,0.54998592,0.47152772,0.39183716,0.29909292,0.20565052,0.14266812,0.09894228,0.068426,0.0469844,0.03182068,0.02104976,0.01341,0.00806884,0.00446592,0.0021902,0.0009016,0.00028692,6.152e-05,0.0,0.0,0.0,0.0,0.0,0.0,0.0,0.0,0.0,0.0,0.0,0.0,0.0,0.0,0.0,0.0,0.0,0.0,0.0,0.0,0.0,0.0,0.0,0.0,0.0
0.2,0.2,135.0,0.015,0.5,0.9999846,0.9999812,0.9999766,0.99997088,0.99996472,0.99995692,0.99994884,0.99993832,0.99992576,0.9999114,0.99989184,0.999869,0.9998428,0.99981112,0.99977216,0.99972612,0.99966924,0.9996028,0.99951988,0.9994208,0.9993016,0.99915928,0.99898596,0.99877912,0.99852952,0.99823068,0.99786884,0.99743348,0.99690956,0.99627784,0.99551784,0.99460172,0.99349916,0.99216828,0.99056056,0.98862116,0.98629348,0.98347828,0.98008276,0.9759722,0.97099088,0.96488164,0.9572596,0.94747776,0.93518068,0.9221154,0.90791668,0.89197856,0.8741406,0.85429596,0.83236844,0.80825984,0.78187476,0.7530736,0.72164396,0.68721196,0.64911476,0.60595984,0.55283552,0.43886488,0.29721664,0.20594404,0.14286836,0.0990808,0.0685204,0.04705164,0.03186828,0.02108208,0.0134328,0.00808416,0.00447564,0.00219376,0.0009028,0.000294,6.908e-05,0.0,0.0,0.0,0.0,0.0,0.0,0.0,0.0,0.0,0.0,0.0,0.0,0.0,0.0,0.0,0.0,0.0,0.0,0.0,0.0,0.0,0.0,0.0,0.0,0.0
0.2,0.2,180.0,0.015,0.5,0.9999932,0.99999148,0.999989,0.99998688,0.99998432,0.99998,0.99997648,0.9999716,0.99996568,0.9999584,0.9999504,0.99993968,0.9999272,0.999912,0.99989368,0.99987256,0.99984656,0.99981576,0.99977616,0.99973024,0.99967612,0.99961036,0.99953036,0.9994332,0.99931964,0.99917984,0.99901084,0.99880888,0.9985652,0.99826832,0.99791116,0.99748812,0.99697796,0.99636628,0.99562412,0.9947268,0.9936522,0.99235668,0.99077408,0.98889696,0.98662504,0.98388076,0.98057964,0.97659624,0.97178552,0.9659864,0.95896808,0.95046808,0.94014272,0.92754352,0.91210144,0.89294604,0.86884492,0.83764788,0.7949604,0.7252152,0.63143224,0.55086088,0.47228836,0.39253016,0.29980772,0.2060816,0.14296328,0.09914648,0.06856464,0.04708188,0.03189016,0.02109796,0.01344356,0.00809492,0.00448324,0.00220152,0.00090744,0.0002896,6.136e-05,0.0,0.0,0.0,0.0,0.0,0.0,0.0,0.0,0.0,0.0,0.0,0.0,0.0,0.0,0.0,0.0,0.0,0.0,0.0,0.0,0.0,0.0,0.0,0.0,0.0
0.2,0.6,0.0,0.015,0.5,0.99999068,0.999989,0.99998728,0.99998452,0.99998068,0.99997636,0.99997192,0.99996688,0.99996072,0.99995212,0.9999418,0.9999308,0.9999164,0.99989972,0.99987816,0.99985392,0.99982364,0.99978896,0.99974516,0.99969396,0.99963216,0.9995564,0.9994646,0.99935784,0.99922664,0.99907096,0.99888424,0.99865456,0.99838008,0.99804512,0.99764332,0.99716248,0.99658232,0.99588112,0.99504196,0.99402968,0.99280168,0.99132936,0.9895564,0.98742272,0.98483768,0.98172952,0.97796872,0.97342472,0.96792104,0.96121544,0.95304968,0.94299836,0.93035792,0.9135184,0.8916824,0.86641084,0.8344764,0.78608928,0.74061648,0.69748376,0.65427464,0.6091188,0.55808776,0.4851232,0.37385544,0.32045336,0.2885352,0.26649,0.2504038,0.23719872,0.22286288,0.20720948,0.18997336,0.17061916,0.14793084,0.11822272,0.0908614,0.06004984,0.03734624,0.02121544,0.00961848,0.00284568,0.00082192,0.000176,0.0,0.0,0.0,0.0,0.0,0.0,0.0,0.0,0.0,0.0,0.0,0.0,0.0,0.0,0.0,0.0,0.0,0.0,0.0,0.0
0.2,0.6,45.0,0.015,0.5,0.99998976,0.99998764,0.99998488,0.999982,0.99997872,0.99997388,0.99996804,0.99996172,0.99995408,0.99994428,0.99993356,0.9999204,0.99990396,0.99988392,0.99986092,0.99983208,0.99979768,0.99975652,0.99970736,0.99964928,0.99957476,0.99949024,0.9993852,0.99925872,0.99910708,0.99892464,0.99870316,0.9984404,0.99812008,0.9977376,0.99727624,0.99671904,0.99604744,0.99524164,0.99426888,0.9930958,0.9916854,0.98998472,0.98793364,0.98546608,0.98248668,0.97889144,0.97456196,0.9693384,0.96302044,0.95538392,0.9461146,0.93485328,0.92107388,0.90409948,0.88208072,0.85444524,0.82537812,0.79225068,0.75270624,0.70225272,0.65694756,0.61290568,0.56876664,0.5221134,0.46209548,0.4080454,0.37634864,0.35440388,0.33803204,0.32361804,0.30694056,0.287228,0.26269004,0.21770232,0.17993704,0.14352112,0.0935578,0.06019672,0.03743928,0.0212742,0.00965036,0.00284496,0.0008224,0.00019336,0.0,0.0,0.0,0.0,0.0,0.0,0.0,0.0,0.0,0.0,0.0,0.0,0.0,0.0,0.0,0.0,0.0,0.0,0.0,0.0
0.2,0.6,90.0,0.015,0.5,0.9999906,0.99998872,0.99998692,0.9999846,0.99998136,0.99997756,0.99997384,0.9999688,0.99996188,0.9999546,0.99994528,0.99993236,0.9999184,0.99990168,0.99988144,0.99985748,0.99982804,0.99979348,0.99974952,0.99969888,0.99963608,0.99956052,0.99947248,0.99936304,0.99923148,0.99907348,0.99888504,0.9986574,0.99838252,0.99805448,0.99765384,0.99717288,0.99659656,0.9959012,0.99505788,0.99405488,0.99283448,0.9913606,0.98959132,0.9874546,0.98487588,0.98177372,0.97801832,0.97348112,0.96797868,0.96130444,0.95315828,0.94311672,0.93052168,0.91371584,0.89202592,0.8669044,0.83524124,0.78722256,0.7411322,0.69776076,0.6544418,0.6093478,0.5586896,0.48820372,0.37584612,0.3214296,0.28869196,0.26640008,0.2502352,0.23705468,0.22273904,0.2071148,0.18989728,0.1705746,0.14790264,0.11822924,0.0910296,0.06035652,0.03754228,0.02133964,0.00969028,0.00285272,0.00082116,0.00019088,0.0,0.0,0.0,0.0,0.0,0.0,0.0,0.0,0.0,0.0,0.0,0.0,0.0,0.0,0.0,0.0,0.0,0.0,0.0,0.0
0.2,0.6,135.0,0.015,0.5,0.99999,0.99998796,0.99998452,0.99998148,0.99997792,0.99997424,0.9999686,0.99996208,0.999954,0.99994412,0.99993444,0.99992132,0.99990644,0.99988612,0.99986188,0.99983476,0.999802,0.99976096,0.99971044,0.99965148,0.99957924,0.99949464,0.99939232,0.9992666,0.9991158,0.99893508,0.99871496,0.99845116,0.9981374,0.9977542,0.99729492,0.99674132,0.99607384,0.99527036,0.99430096,0.99313532,0.991731,0.9900368,0.98799588,0.98553576,0.98257496,0.9790034,0.97469456,0.96949284,0.9632118,0.95560692,0.94638656,0.93518296,0.92148568,0.90460836,0.88277352,0.85517368,0.82617332,0.79317588,0.753919,0.7034678,0.65800276,0.61385484,0.56965428,0.52297796,0.46318216,0.408543,0.37654564,0.35451192,0.33794528,0.32355976,0.30691444,0.28724988,0.2627862,0.21796244,0.18017012,0.14379788,0.09387504,0.06039468,0.03756852,0.02135772,0.00969952,0.00285916,0.00082568,0.00019376,0.0,0.0,0.0,0.0,0.0,0.0,0.0,0.0,0.0,0.0,0.0,0.0,0.0,0.0,0.0,0.0,0.0,0.0,0.0,0.0
0.2,0.6,180.0,0.015,0.5,0.9999916,0.99998992,0.99998768,0.99998536,0.99998248,0.99997896,0.99997364,0.99996672,0.99995976,0.99995176,0.99994152,0.99992992,0.99991496,0.99989944,0.99987928,0.99985416,0.99982688,0.99979216,0.9997496,0.9996968,0.9996356,0.99955984,0.99946944,0.99936216,0.99923432,0.99907872,0.99889016,0.9986626,0.99838728,0.99805808,0.99766424,0.99718248,0.99660392,0.99591064,0.99506888,0.99406448,0.99284496,0.99137664,0.98961472,0.98749112,0.98492256,0.98182256,0.97807404,0.97355272,0.9680704,0.96142112,0.95329976,0.94330192,0.93077224,0.9141768,0.89235192,0.86714264,0.83544584,0.78738824,0.74146748,0.69817224,0.65487856,0.60974856,0.5589652,0.48782904,0.37538432,0.321146,0.28865192,0.26643904,0.25022896,0.23706216,0.22276816,0.2071646,0.18997232,0.17068892,0.14808864,0.11844656,0.09116036,0.06039052,0.03756488,0.02135656,0.00969856,0.00286344,0.00082736,0.00017784,0.0,0.0,0.0,0.0,0.0,0.0,0.0,0.0,0.0,0.0,0.0,0.0,0.0,0.0,0.0,0.0,0.0,0.0,0.0,0.0
0.2,1.0,0.0,0.015,0.5,0.99999808,0.9999976,0.99999704,0.99999608,0.99999544,0.99999448,0.99999344,0.99999212,0.9999902,0.9999888,0.99998704,0.999985,0.9999826,0.99997948,0.9999752,0.99997032,0.99996416,0.99995684,0.99994744,0.99993608,0.9999258,0.99991128,0.99989028,0.99986712,0.99984008,0.99980488,0.9997684,0.99971844,0.99965852,0.99959048,0.99950736,0.999408,0.99928676,0.9991414,0.99896608,0.99874832,0.99849368,0.99818884,0.99781036,0.99737248,0.99683048,0.99618472,0.99540208,0.99446324,0.99333328,0.9919644,0.99032372,0.98834088,0.98595296,0.98308116,0.97961872,0.9754356,0.97039628,0.96431292,0.95696416,0.94807644,0.93732776,0.92428112,0.9084018,0.88904096,0.86535004,0.83629728,0.80057,0.75657152,0.70125776,0.6430266,0.58665328,0.53723752,0.49167624,0.44956128,0.41060488,0.37453768,0.34135516,0.31055152,0.2815624,0.25395208,0.22736008,0.2018754,0.17833892,0.15633252,0.13587396,0.11558216,0.09470144,0.07369672,0.05077236,0.0339532,0.01681688,0.00611656,0.0,0.0,0.0,0.0,0.0,0.0,0.0,0.0,0.0,0.0,0.0,0.0
0.2,1.0,45.0,0.015,0.5,0.99999612,0.99999552,0.99999436,0.99999312,0.99999168,0.99999016,0.99998776,0.999985,0.999982,0.99997864,0.99997348,0.99996784,0.99996132,0.99995316,0.99994364,0.99993236,0.99991832,0.99990128,0.9998794,0.99985428,0.99982444,0.99978872,0.9997468,0.9996974,0.9996318,0.9995556,0.99946864,0.99935548,0.99922688,0.9990678,0.99887584,0.99864236,0.99836788,0.99803908,0.99763864,0.9971532,0.996571,0.99587,0.99502392,0.99400628,0.9927786,0.99129792,0.98951268,0.98736236,0.98476536,0.98162848,0.97783288,0.97323152,0.96762016,0.96063304,0.95163176,0.94011188,0.92789536,0.91486308,0.90042396,0.88438056,0.86668676,0.84735432,0.82640584,0.80389536,0.77988928,0.75449128,0.72778864,0.69992148,0.67102168,0.64125208,0.61077652,0.57977876,0.54845128,0.5170022,0.48564416,0.45462984,0.424319,0.39453988,0.36502928,0.33557168,0.3059896,0.27648956,0.24789808,0.21948032,0.18876264,0.16092568,0.13503452,0.1119356,0.08601656,0.065019,0.0403632,0.01660564,0.0011164,1.44e-06,0.0,0.0,0.0,0.0,0.0,0.0,0.0,0.0,0.0,0.0
0.2,1.0,90.0,0.015,0.5,0.99999812,0.99999796,0.99999764,0.999997,0.99999628,0.99999548,0.99999448,0.99999396,0.99999272,0.9999912,0.99998964,0.99998736,0.99998428,0.99998104,0.99997804,0.99997312,0.99996704,0.99995896,0.99994816,0.99993588,0.99992092,0.99990344,0.99988388,0.99986472,0.99984008,0.99980592,0.99976256,0.9997186,0.99965908,0.99958948,0.99950396,0.99940676,0.99928308,0.9991364,0.9989592,0.99874328,0.99848632,0.99817656,0.99780544,0.99735252,0.99681344,0.99616156,0.99537768,0.9944332,0.99329568,0.99192652,0.99027024,0.98828376,0.98587848,0.98298652,0.97949928,0.97529972,0.97023852,0.96412748,0.95675064,0.94782316,0.93702504,0.92392424,0.9079896,0.88856612,0.86482184,0.83571556,0.79996396,0.75596116,0.70064184,0.6424108,0.58608224,0.53670256,0.49115828,0.44906708,0.41013588,0.37413636,0.34104712,0.31027996,0.28130148,0.25367196,0.22702756,0.20147536,0.17790412,0.15595208,0.13560868,0.11538308,0.09430788,0.0734612,0.05058148,0.03387192,0.01668924,0.00596592,0.0,0.0,0.0,0.0,0.0,0.0,0.0,0.0,0.0,0.0,0.0,0.0
0.2,1.0,135.0,0.015,0.5,0.99999608,0.99999512,0.99999376,0.99999256,0.99999116,0.99998984,0.99998748,0.99998472,0.99998208,0.9999776,0.99997336,0.99996792,0.99996176,0.99995396,0.999945,0.99993364,0.9999194,0.99990232,0.99988008,0.99985316,0.99982448,0.99978944,0.99974808,0.99969736,0.99963072,0.9995564,0.99946936,0.99935656,0.99922856,0.9990688,0.99887588,0.9986474,0.99837124,0.998038,0.9976378,0.99715132,0.99657172,0.99587004,0.99502604,0.99401008,0.99278364,0.99130612,0.9895244,0.98737496,0.98478456,0.98164976,0.97786252,0.97326844,0.967662,0.96069124,0.95172004,0.94019232,0.92795504,0.91490572,0.90046156,0.8844062,0.86671104,0.84736428,0.82640224,0.80386912,0.77985216,0.7544234,0.72770028,0.69980828,0.67088352,0.64108944,0.61058528,0.57956184,0.54821728,0.51675408,0.48539964,0.45441884,0.42418056,0.3944352,0.36493916,0.3354782,0.30585672,0.27625152,0.2475816,0.21918384,0.18860076,0.16048936,0.13466784,0.11152828,0.08563204,0.06496352,0.04036172,0.01619796,0.00110524,3.52e-06,0.0,0.0,0.0,0.0,0.0,0.0,0.0,0.0,0.0,0.0
0.2,1.0,180.0,0.015,0.5,0.9999982,0.99999804,0.9999974,0.99999676,0.9999962,0.99999556,0.9999946,0.9999938,0.99999284,0.99999156,0.99998908,0.9999866,0.99998392,0.99997976,0.99997632,0.99997184,0.99996576,0.99995784,0.99994816,0.99993616,0.99992332,0.99990752,0.99988752,0.9998666,0.99984216,0.99980776,0.99976608,0.99972036,0.99966032,0.9995928,0.9995036,0.99940944,0.9992852,0.99913832,0.9989524,0.99874532,0.9984884,0.99817848,0.99780652,0.99736016,0.99682032,0.99616796,0.99538124,0.99443848,0.99330328,0.99193208,0.99028272,0.98828856,0.98589672,0.98300128,0.97952056,0.97532716,0.97026372,0.96415996,0.95678772,0.94787368,0.93708132,0.92398728,0.9080684,0.8886526,0.86489356,0.83577284,0.80001208,0.75599652,0.70067136,0.64244452,0.58609308,0.5367088,0.49114424,0.4490552,0.41012124,0.3741198,0.34106812,0.31031044,0.28136096,0.2537296,0.22707628,0.20146964,0.17782956,0.15585484,0.13548664,0.11531636,0.09405128,0.07316748,0.05025496,0.03383856,0.01656664,0.00579768,0.0,0.0,0.0,0.0,0.0,0.0,0.0,0.0,0.0,0.0,0.0,0.0
0.2,1/0.6,0.0,0.015,0.5,0.99999344,0.99999192,0.99998968,0.99998648,0.99998328,0.99998,0.99997576,0.99996984,0.99996432,0.99995704,0.99994736,0.99993656,0.99992128,0.99990528,0.99988656,0.99986336,0.99983464,0.99980328,0.99976264,0.99971432,0.99965568,0.99958456,0.99950096,0.99939872,0.9992748,0.9991252,0.99895048,0.9987332,0.998474,0.9981628,0.9977876,0.99732952,0.99678208,0.996126,0.99533224,0.99437416,0.99322608,0.99184496,0.99018408,0.988182,0.98576184,0.9828472,0.97931392,0.97505512,0.9699104,0.96369024,0.9561164,0.94689392,0.93556168,0.92136288,0.9026656,0.87870064,0.85075896,0.8155432,0.76239336,0.707756,0.65644144,0.60300296,0.53916336,0.42456208,0.35758672,0.31436912,0.28398184,0.26339152,0.25112544,0.23791792,0.22358664,0.20797096,0.1908096,0.1716484,0.14956016,0.12049416,0.08907696,0.05822536,0.03677208,0.02108944,0.0096044,0.002838,0.00082152,0.00017656,0.0,0.0,0.0,0.0,0.0,0.0,0.0,0.0,0.0,0.0,0.0,0.0,0.0,0.0,0.0,0.0,0.0,0.0,0.0,0.0
0.2,1/0.6,45.0,0.015,0.5,0.99998832,0.99998512,0.99998296,0.9999798,0.99997592,0.99997052,0.99996496,0.99995908,0.99994968,0.99993952,0.99992756,0.99991244,0.9998918,0.99987084,0.99984568,0.9998144,0.99977664,0.99973168,0.99967628,0.9996098,0.999532,0.99943456,0.99932024,0.9991818,0.99901236,0.99880852,0.99856708,0.99827376,0.99792092,0.9974964,0.99698528,0.99636776,0.99562748,0.99473028,0.99365228,0.99235232,0.99079192,0.98891004,0.98664352,0.98390432,0.98060828,0.9766334,0.97182108,0.9660146,0.95899684,0.9504766,0.93999808,0.92675716,0.9096338,0.89094404,0.87046536,0.84719776,0.82063772,0.79014304,0.75459704,0.710901,0.65665868,0.60826348,0.5600218,0.50743268,0.44271148,0.40064972,0.37120188,0.3515178,0.33853392,0.3243258,0.30796844,0.28884372,0.26577032,0.23525968,0.182636,0.13420144,0.08813196,0.05818004,0.03673692,0.0210612,0.0095878,0.00283444,0.00082232,0.0001932,0.0,0.0,0.0,0.0,0.0,0.0,0.0,0.0,0.0,0.0,0.0,0.0,0.0,0.0,0.0,0.0,0.0,0.0,0.0,0.0
0.2,1/0.6,90.0,0.015,0.5,0.9999918,0.99998996,0.9999884,0.9999864,0.99998384,0.9999804,0.9999762,0.99997076,0.99996508,0.99995768,0.99994868,0.99993636,0.99992452,0.99990868,0.99988804,0.99986544,0.9998378,0.9998042,0.99976516,0.99971656,0.99965872,0.99959036,0.99950536,0.9994032,0.99928236,0.9991344,0.99895776,0.99874536,0.99848592,0.99817704,0.99780204,0.9973518,0.99681064,0.99615744,0.99537256,0.99442536,0.9932794,0.99189728,0.99023044,0.98823384,0.98582036,0.98291732,0.97941344,0.9751866,0.97006912,0.96386012,0.9563478,0.94716832,0.9359032,0.92183744,0.90349276,0.87938156,0.85128544,0.8160904,0.76300392,0.70832564,0.65695656,0.60339484,0.5390474,0.42369148,0.35693052,0.31383404,0.28353092,0.26341516,0.2510094,0.23782276,0.22350912,0.20790868,0.19076216,0.17162924,0.14957512,0.12065144,0.08900924,0.05813644,0.03670596,0.02103984,0.00957192,0.0028304,0.00081864,0.00019,0.0,0.0,0.0,0.0,0.0,0.0,0.0,0.0,0.0,0.0,0.0,0.0,0.0,0.0,0.0,0.0,0.0,0.0,0.0,0.0
0.2,1/0.6,135.0,0.015,0.5,0.99998832,0.99998544,0.99998232,0.99997864,0.99997456,0.99997028,0.9999646,0.99995728,0.99994968,0.99993984,0.99992768,0.99991312,0.99989344,0.999873,0.99984544,0.99981352,0.99977532,0.99973044,0.99967492,0.99960868,0.9995308,0.9994328,0.99931732,0.99917784,0.99900976,0.99880756,0.99856336,0.9982686,0.99791044,0.99748648,0.99697392,0.99635836,0.99561408,0.9947208,0.99364332,0.9923446,0.99078292,0.98890048,0.98663116,0.9838964,0.98059532,0.97659848,0.97179312,0.96599,0.958962,0.95042724,0.939934,0.92664644,0.90952372,0.89090416,0.87046508,0.84723288,0.82070504,0.79024364,0.75472972,0.7110934,0.6567728,0.60839456,0.56019876,0.50771004,0.44302644,0.40090776,0.3712802,0.3513782,0.33859904,0.32438536,0.30802024,0.28888352,0.2657938,0.235244,0.1825884,0.13405452,0.08808404,0.05814816,0.0367174,0.02105024,0.0095808,0.00283076,0.000821,0.00019252,0.0,0.0,0.0,0.0,0.0,0.0,0.0,0.0,0.0,0.0,0.0,0.0,0.0,0.0,0.0,0.0,0.0,0.0,0.0,0.0
0.2,1/0.6,180.0,0.015,0.5,0.99999216,0.99999072,0.99998888,0.99998584,0.9999824,0.99997888,0.99997448,0.99996848,0.9999632,0.99995528,0.99994664,0.99993568,0.99992016,0.9999048,0.9998844,0.99986456,0.99983744,0.99980392,0.9997648,0.99971608,0.99965576,0.99958512,0.99950192,0.99939896,0.99927656,0.99912824,0.99895016,0.99873568,0.9984792,0.9981644,0.997792,0.99733904,0.99679744,0.99614224,0.9953496,0.9943992,0.99324216,0.99185048,0.99018376,0.9881812,0.98575544,0.9828348,0.9793144,0.97506344,0.96991048,0.96367984,0.956124,0.94689704,0.93555024,0.92137104,0.90274104,0.8787,0.85067032,0.81538232,0.7620708,0.70757152,0.65622952,0.60277104,0.53868872,0.4238336,0.35711152,0.31403216,0.2837312,0.26333728,0.25111136,0.23790568,0.22357816,0.207956,0.19078808,0.1716308,0.14954504,0.1204824,0.08902576,0.0581768,0.03673856,0.0210664,0.00959536,0.0028372,0.00082176,0.00017712,0.0,0.0,0.0,0.0,0.0,0.0,0.0,0.0,0.0,0.0,0.0,0.0,0.0,0.0,0.0,0.0,0.0,0.0,0.0,0.0
0.2,1/0.2,0.0,0.015,0.5,0.99999232,0.99999084,0.99998908,0.99998668,0.9999842,0.99998152,0.99997672,0.9999716,0.99996572,0.99995868,0.99994936,0.99993924,0.99992448,0.99990984,0.9998916,0.99986856,0.99984064,0.99980936,0.99976952,0.99972064,0.99966204,0.99959372,0.99951136,0.99941236,0.9992916,0.99914808,0.99897412,0.99876608,0.99851248,0.99820124,0.99782908,0.99738468,0.99685028,0.99621192,0.99543184,0.99450376,0.99338632,0.99203376,0.9903904,0.98842696,0.98606272,0.98320828,0.97976772,0.9756126,0.970604,0.96454524,0.95721056,0.94830512,0.93745816,0.92418104,0.9077748,0.88718952,0.8606284,0.82395568,0.77141192,0.71804664,0.6528492,0.56152656,0.47887732,0.39634404,0.30220864,0.20864612,0.14409484,0.09963412,0.06875848,0.04715,0.03190648,0.0210912,0.01343208,0.00808148,0.00447348,0.00219432,0.00090184,0.00028744,6.128e-05,0.0,0.0,0.0,0.0,0.0,0.0,0.0,0.0,0.0,0.0,0.0,0.0,0.0,0.0,0.0,0.0,0.0,0.0,0.0,0.0,0.0,0.0,0.0,0.0,0.0
0.2,1/0.2,45.0,0.015,0.5,0.99998684,0.99998456,0.99998108,0.9999776,0.99997268,0.999967,0.99996068,0.99995308,0.9999442,0.99993352,0.99992072,0.99990616,0.99988548,0.99986136,0.99983244,0.9997974,0.9997574,0.99970764,0.99964636,0.99957704,0.99948872,0.99938448,0.99925768,0.99910744,0.99892472,0.99870612,0.99844196,0.99812336,0.99774272,0.99728016,0.99672436,0.99605292,0.99524784,0.99427668,0.99310472,0.99168952,0.98998956,0.98794128,0.98546712,0.9824848,0.97888516,0.97453444,0.96926624,0.96287948,0.9551086,0.94561116,0.93391308,0.91934328,0.900664,0.87446368,0.84828296,0.82084676,0.79167156,0.76056272,0.72723544,0.69124452,0.65181092,0.60737804,0.54770804,0.43994144,0.30293844,0.20854668,0.14403144,0.09958596,0.0687286,0.04712536,0.03188884,0.02108068,0.01342412,0.00807552,0.00446732,0.00219096,0.00089968,0.0002924,6.812e-05,0.0,0.0,0.0,0.0,0.0,0.0,0.0,0.0,0.0,0.0,0.0,0.0,0.0,0.0,0.0,0.0,0.0,0.0,0.0,0.0,0.0,0.0,0.0,0.0,0.0
0.2,1/0.2,90.0,0.015,0.5,0.99999128,0.99998992,0.99998808,0.99998584,0.99998324,0.99997912,0.99997544,0.99996996,0.99996416,0.99995672,0.9999464,0.99993612,0.99992264,0.99990724,0.99988888,0.99986636,0.9998394,0.99980672,0.9997672,0.99971952,0.999661,0.99959268,0.99950976,0.99941028,0.9992894,0.9991426,0.99896872,0.99876428,0.99851068,0.99820508,0.9978388,0.99739984,0.99687044,0.99623468,0.99546344,0.99453972,0.99341932,0.99206704,0.99044804,0.98849656,0.98614188,0.98329196,0.97985988,0.97572612,0.9707266,0.96468664,0.95737956,0.94851616,0.93771228,0.92448544,0.90812248,0.887605,0.86112024,0.82460396,0.77206232,0.71855248,0.65300424,0.56144056,0.47870376,0.39608844,0.3018754,0.20852528,0.14401112,0.0995732,0.0687198,0.04712156,0.03188608,0.02107944,0.01342364,0.00807576,0.0044692,0.00219168,0.00090192,0.00028744,6.172e-05,0.0,0.0,0.0,0.0,0.0,0.0,0.0,0.0,0.0,0.0,0.0,0.0,0.0,0.0,0.0,0.0,0.0,0.0,0.0,0.0,0.0,0.0,0.0,0.0,0.0
0.2,1/0.2,135.0,0.015,0.5,0.99998764,0.999985,0.99998184,0.99997788,0.99997452,0.99996964,0.99996276,0.99995436,0.9999456,0.99993388,0.99991948,0.99990444,0.9998838,0.99986112,0.99983304,0.99979788,0.9997558,0.99970808,0.99964764,0.9995754,0.99948796,0.99938428,0.9992586,0.9991064,0.99892436,0.99870408,0.9984392,0.99811932,0.9977326,0.99726832,0.9967102,0.9960362,0.99522624,0.9942474,0.99307256,0.99165776,0.98994736,0.98788832,0.98540444,0.98241004,0.97879416,0.9744258,0.96913896,0.96272496,0.95492308,0.94538216,0.93363304,0.91899808,0.90021632,0.87396344,0.8478146,0.82039816,0.79123592,0.7601392,0.72684512,0.6908804,0.65147256,0.60706996,0.54750992,0.43989832,0.30296296,0.20856532,0.14405,0.0995996,0.06873692,0.04713424,0.03189448,0.02108396,0.01342536,0.00807556,0.00446712,0.00219072,0.00089848,0.0002922,6.812e-05,0.0,0.0,0.0,0.0,0.0,0.0,0.0,0.0,0.0,0.0,0.0,0.0,0.0,0.0,0.0,0.0,0.0,0.0,0.0,0.0,0.0,0.0,0.0,0.0,0.0
0.2,1/0.2,180.0,0.015,0.5,0.99999272,0.99999124,0.99998848,0.9999856,0.99998284,0.99997836,0.99997468,0.99997048,0.99996404,0.9999572,0.999948,0.999938,0.99992504,0.99990996,0.99989256,0.99986944,0.99984328,0.99980812,0.99976808,0.99971944,0.99966216,0.99959312,0.99951136,0.9994128,0.99929536,0.99915064,0.9989764,0.99876728,0.99851464,0.99820656,0.9978408,0.99739984,0.99686808,0.99622852,0.99545632,0.99452872,0.99340392,0.99205528,0.99043504,0.98848248,0.98611828,0.98327232,0.97984352,0.97570448,0.97070004,0.96466424,0.95734504,0.94847868,0.93767584,0.92443576,0.90807728,0.8875514,0.86106872,0.8245364,0.7720144,0.71858728,0.65321836,0.5617136,0.47895724,0.39632344,0.30208636,0.20859956,0.14406436,0.09960852,0.068743,0.04713552,0.03189416,0.02108656,0.01342696,0.0080798,0.00447248,0.00219328,0.00090248,0.00028696,6.08e-05,0.0,0.0,0.0,0.0,0.0,0.0,0.0,0.0,0.0,0.0,0.0,0.0,0.0,0.0,0.0,0.0,0.0,0.0,0.0,0.0,0.0,0.0,0.0,0.0,0.0
0.6,0.2,0.0,0.015,0.5,0.99999232,0.99999112,0.99998896,0.99998656,0.99998384,0.99997976,0.99997504,0.99997112,0.99996568,0.99995872,0.99995056,0.99994032,0.99992808,0.99991376,0.9998956,0.99987384,0.99984952,0.99981832,0.99977952,0.99973424,0.99968048,0.99961568,0.99953744,0.9994424,0.9993292,0.99919008,0.99902592,0.9988276,0.99858296,0.99829568,0.99794176,0.99751512,0.99700632,0.9963956,0.99565784,0.99475784,0.99369304,0.99241144,0.99085568,0.98897952,0.9867252,0.9840116,0.9807312,0.97678416,0.97200704,0.9662456,0.95927968,0.9508432,0.94059912,0.92810704,0.912786,0.8938028,0.86993448,0.8390744,0.79697208,0.728872,0.63400384,0.553286,0.47457808,0.3947228,0.3020484,0.20493752,0.14221232,0.09862536,0.06816488,0.046742,0.03162176,0.02091576,0.0133228,0.00800864,0.00442472,0.00215864,0.00086904,0.00025056,3.272e-05,0.0,0.0,0.0,0.0,0.0,0.0,0.0,0.0,0.0,0.0,0.0,0.0,0.0,0.0,0.0,0.0,0.0,0.0,0.0,0.0,0.0,0.0,0.0,0.0,0.0
0.6,0.2,45.0,0.015,0.5,0.99998348,0.99997976,0.99997584,0.99997132,0.99996544,0.99995824,0.99994964,0.99993928,0.99992772,0.99991384,0.99989548,0.99987472,0.9998492,0.9998178,0.99977952,0.99973504,0.99968012,0.9996146,0.99953524,0.99944084,0.99932616,0.99918768,0.99902304,0.99882136,0.99858156,0.99829352,0.99794388,0.997526,0.99701956,0.9964102,0.99567804,0.99479348,0.99372852,0.99244516,0.99089724,0.98902628,0.98677844,0.98406744,0.98078756,0.97681924,0.97201576,0.96612908,0.958803,0.9494218,0.93732744,0.92436192,0.91035472,0.89463152,0.87697888,0.85727332,0.8354,0.81121984,0.78457876,0.7553388,0.72342076,0.68880872,0.65074844,0.60519456,0.54933524,0.43586244,0.2958686,0.20511868,0.14232384,0.09870704,0.06826604,0.04688896,0.03177324,0.02103188,0.01340192,0.00804908,0.00444052,0.00221804,0.00093996,0.00017996,1.44e-06,0.0,0.0,0.0,0.0,0.0,0.0,0.0,0.0,0.0,0.0,0.0,0.0,0.0,0.0,0.0,0.0,0.0,0.0,0.0,0.0,0.0,0.0,0.0,0.0,0.0
0.6,0.2,90.0,0.015,0.5,0.99998908,0.99998708,0.99998444,0.9999814,0.99997704,0.999973,0.99996784,0.9999616,0.99995376,0.9999438,0.99993256,0.99991824,0.99990184,0.999882,0.99985804,0.99982828,0.99979224,0.99975048,0.99969944,0.99963516,0.99956036,0.99946976,0.999361,0.9992324,0.99907456,0.99888644,0.99865352,0.99837072,0.99803172,0.99763236,0.99715136,0.99656824,0.99586092,0.99499292,0.99395504,0.9926936,0.9911588,0.98929564,0.98698056,0.98411924,0.98050212,0.97583384,0.9698566,0.96309388,0.9563082,0.9492268,0.94151352,0.93286392,0.92295544,0.91132308,0.89735996,0.88016704,0.85835628,0.82960896,0.78929308,0.72183484,0.62952432,0.54979768,0.47170028,0.39218288,0.29950128,0.206248,0.14306988,0.09921832,0.0686116,0.04711528,0.03191716,0.021131,0.01348824,0.008153,0.0045592,0.00226488,0.0008614,0.0001746,8.64e-06,0.0,0.0,0.0,0.0,0.0,0.0,0.0,0.0,0.0,0.0,0.0,0.0,0.0,0.0,0.0,0.0,0.0,0.0,0.0,0.0,0.0,0.0,0.0,0.0,0.0
0.6,0.2,135.0,0.015,0.5,0.99998284,0.9999794,0.99997568,0.99997008,0.99996436,0.99995744,0.99994856,0.9999384,0.99992472,0.9999102,0.99989172,0.99986792,0.99984116,0.9998096,0.99977016,0.99972428,0.99966716,0.99959828,0.99951624,0.99941752,0.99929908,0.99915488,0.99898084,0.9987716,0.9985196,0.99821824,0.9978542,0.99741588,0.99688896,0.9962486,0.99548268,0.99455832,0.99344396,0.99210076,0.99048644,0.98853508,0.9861886,0.98335136,0.9799284,0.97579212,0.97076484,0.96459412,0.95689492,0.94697132,0.93478056,0.92186112,0.90775892,0.89193348,0.8742412,0.85459344,0.83291752,0.80915028,0.783218,0.75501968,0.7243646,0.690815,0.6532882,0.60907612,0.55383912,0.43988688,0.29811672,0.20654056,0.14325792,0.09934132,0.06869976,0.0471836,0.03197392,0.0211688,0.0135014,0.00813468,0.00451684,0.002267,0.00098536,0.00018752,0.0,0.0,0.0,0.0,0.0,0.0,0.0,0.0,0.0,0.0,0.0,0.0,0.0,0.0,0.0,0.0,0.0,0.0,0.0,0.0,0.0,0.0,0.0,0.0,0.0,0.0
0.6,0.2,180.0,0.015,0.5,0.99999152,0.99998992,0.99998816,0.99998592,0.99998312,0.99997976,0.99997648,0.9999712,0.99996544,0.99995808,0.9999492,0.99993744,0.99992528,0.99991112,0.99989528,0.99987304,0.99984528,0.99981344,0.9997728,0.9997292,0.99967216,0.99960504,0.9995252,0.99942872,0.99931088,0.9991716,0.9990024,0.99879968,0.99855624,0.99826216,0.99791008,0.99748256,0.9969728,0.9963556,0.99561344,0.99471144,0.99362312,0.99231888,0.9907544,0.98886536,0.98657168,0.98382984,0.9805192,0.97653216,0.97169144,0.96586096,0.9588304,0.95030704,0.93995216,0.92732128,0.91182624,0.8926312,0.86845656,0.83717584,0.79435728,0.72435504,0.63101552,0.55090656,0.47291944,0.39395384,0.30132188,0.2072996,0.14384672,0.099786,0.06901128,0.04738376,0.03210472,0.02127952,0.01358448,0.00818592,0.00453688,0.0022228,0.00090208,0.00026336,3.464e-05,0.0,0.0,0.0,0.0,0.0,0.0,0.0,0.0,0.0,0.0,0.0,0.0,0.0,0.0,0.0,0.0,0.0,0.0,0.0,0.0,0.0,0.0,0.0,0.0,0.0
0.6,0.6,0.0,0.015,0.5,0.99999088,0.99998888,0.99998656,0.99998344,0.99997856,0.9999748,0.99996936,0.99996384,0.9999572,0.99994984,0.99993984,0.99992864,0.99991424,0.99989848,0.99987696,0.99985008,0.99982008,0.999782,0.99973736,0.99968392,0.9996188,0.99954232,0.99944864,0.99933448,0.9991992,0.99903128,0.99883496,0.998594,0.99830664,0.9979616,0.99754024,0.99704008,0.99643704,0.9957064,0.9948292,0.9937684,0.99248616,0.99094432,0.98909696,0.98686336,0.984162,0.98089408,0.97696128,0.97220528,0.96642232,0.95938384,0.95077592,0.94011368,0.92651664,0.90784464,0.88515704,0.85837088,0.8220244,0.77229928,0.73015256,0.68908472,0.64815808,0.60571384,0.55847888,0.49574496,0.38577696,0.3342624,0.30140696,0.27749048,0.2581188,0.24114528,0.22557344,0.20959552,0.19219576,0.17277056,0.15018112,0.1203648,0.09068844,0.05823656,0.0362348,0.02052032,0.0091696,0.0029016,0.00081416,0.00013152,2.88e-06,0.0,0.0,0.0,0.0,0.0,0.0,0.0,0.0,0.0,0.0,0.0,0.0,0.0,0.0,0.0,0.0,0.0,0.0,0.0
0.6,0.6,45.0,0.015,0.5,0.99999112,0.99998892,0.99998724,0.99998432,0.99998124,0.99997648,0.99997112,0.99996488,0.99995772,0.99994976,0.99993948,0.99992784,0.99991188,0.99989456,0.99987308,0.999847,0.99981456,0.99977512,0.99972936,0.99967452,0.99960696,0.99952532,0.99942904,0.99931356,0.9991732,0.99900452,0.99880052,0.99855632,0.99825944,0.99790536,0.99747764,0.99695864,0.99633736,0.995589,0.99468376,0.9935968,0.99228852,0.99071388,0.98880928,0.98651412,0.98375632,0.98042744,0.97640796,0.97155956,0.96569756,0.95860532,0.95000216,0.93952984,0.92672696,0.91095348,0.89103012,0.86414796,0.83499648,0.80241928,0.76265244,0.71810316,0.66885884,0.60175408,0.55046028,0.50671748,0.4578866,0.40571336,0.38056008,0.36013036,0.34154164,0.32362472,0.30653772,0.28678732,0.26210836,0.2166398,0.17923572,0.14344136,0.0944044,0.06071208,0.03777328,0.0214882,0.00968924,0.00285768,0.00085268,8.12e-05,0.0,0.0,0.0,0.0,0.0,0.0,0.0,0.0,0.0,0.0,0.0,0.0,0.0,0.0,0.0,0.0,0.0,0.0,0.0,0.0
0.6,0.6,90.0,0.015,0.5,0.99998972,0.99998776,0.99998536,0.99998236,0.9999784,0.99997376,0.99996816,0.99996176,0.9999544,0.99994508,0.99993364,0.99991988,0.99990316,0.99988364,0.99985976,0.99983136,0.9997972,0.99975544,0.9997044,0.99964504,0.99957344,0.99948956,0.99938532,0.99925868,0.99910796,0.99892508,0.99870352,0.99843852,0.99811944,0.99773664,0.9972678,0.99671408,0.99604208,0.99523144,0.99425584,0.99308424,0.99166832,0.9899702,0.98791952,0.98545268,0.98247968,0.97889212,0.9745762,0.96937412,0.96311572,0.9555742,0.94648316,0.93547028,0.92185752,0.903962,0.88271512,0.85844652,0.82730444,0.77889548,0.7333048,0.69175212,0.65124212,0.60993104,0.5631034,0.49700844,0.38519584,0.33081312,0.29617464,0.27112796,0.25349324,0.23774856,0.22271736,0.20707516,0.18983988,0.1704914,0.1477486,0.118084,0.09111276,0.06069068,0.03776932,0.02150696,0.00984656,0.0029908,0.00076936,8.236e-05,0.0,0.0,0.0,0.0,0.0,0.0,0.0,0.0,0.0,0.0,0.0,0.0,0.0,0.0,0.0,0.0,0.0,0.0,0.0,0.0
0.6,0.6,135.0,0.015,0.5,0.9999888,0.99998696,0.9999836,0.99998012,0.99997628,0.9999722,0.99996716,0.99996104,0.99995332,0.99994384,0.99993264,0.99991936,0.9999028,0.9998842,0.99985764,0.99982976,0.99979528,0.99975288,0.99970156,0.9996418,0.99956584,0.99947676,0.9993708,0.99924244,0.9990874,0.9988996,0.99867488,0.99840456,0.9980778,0.99768528,0.997212,0.9966408,0.99595472,0.99512504,0.99412996,0.99293252,0.9914856,0.98974736,0.98765004,0.98512096,0.98207116,0.97839504,0.973964,0.96862,0.96215516,0.95433852,0.94487284,0.9333584,0.91930928,0.90204812,0.87984532,0.8516812,0.82228028,0.78924356,0.75080252,0.70205056,0.65715696,0.61364376,0.5698188,0.52286888,0.45977316,0.40771696,0.3763534,0.35454592,0.33772324,0.32339036,0.30679296,0.28715656,0.26268848,0.21780272,0.18014964,0.14395228,0.09422636,0.06062116,0.0377252,0.0214638,0.00976808,0.0029666,0.00087452,4.572e-05,0.0,0.0,0.0,0.0,0.0,0.0,0.0,0.0,0.0,0.0,0.0,0.0,0.0,0.0,0.0,0.0,0.0,0.0,0.0,0.0
0.6,0.6,180.0,0.015,0.5,0.99999008,0.99998824,0.99998592,0.99998304,0.99997984,0.99997544,0.99997,0.99996416,0.99995856,0.99995224,0.9999408,0.99993024,0.99991536,0.99989872,0.99987968,0.99985512,0.99982464,0.9997912,0.99974576,0.99969256,0.99963088,0.99955696,0.99946736,0.99935888,0.99922256,0.99906616,0.99887784,0.99865312,0.99837752,0.99804832,0.99765168,0.99717024,0.99658904,0.99589016,0.995054,0.99404872,0.99282696,0.99136144,0.98959776,0.9874592,0.98489352,0.98178448,0.97804152,0.9735064,0.9680244,0.96135016,0.95320184,0.9431988,0.93061768,0.91394792,0.89218912,0.86701304,0.83535032,0.78732408,0.74117928,0.69780168,0.65449696,0.6094476,0.55889632,0.48876264,0.37623896,0.32162584,0.28930408,0.26689368,0.25046824,0.2373076,0.2230244,0.20745064,0.19032072,0.1711448,0.1488272,0.11937792,0.0915084,0.06020856,0.03744312,0.02127408,0.00965728,0.00288248,0.00080776,0.0001344,0.0,0.0,0.0,0.0,0.0,0.0,0.0,0.0,0.0,0.0,0.0,0.0,0.0,0.0,0.0,0.0,0.0,0.0,0.0,0.0
0.6,1.0,0.0,0.015,0.5,0.99999864,0.99999848,0.99999832,0.999998,0.99999736,0.99999688,0.999996,0.9999948,0.99999352,0.99999248,0.99999088,0.99998896,0.99998608,0.9999824,0.99997928,0.99997512,0.99996776,0.99996024,0.99995096,0.99993752,0.99992232,0.99990272,0.99988208,0.99986256,0.99983992,0.9998096,0.99975904,0.99971328,0.99966272,0.999584,0.99950928,0.9994096,0.99928432,0.99913752,0.99895824,0.99874776,0.99848976,0.99818192,0.99780768,0.9973612,0.99682392,0.99617024,0.9953908,0.99444664,0.99330952,0.99194344,0.99029584,0.98831816,0.98592464,0.98303744,0.97956768,0.97537816,0.97033384,0.96424584,0.95689512,0.94801184,0.9372656,0.9242376,0.9084052,0.88912128,0.86555568,0.83671224,0.80131584,0.75777304,0.70349456,0.647902,0.59053528,0.54109592,0.4956032,0.4535376,0.41455776,0.37839592,0.34480816,0.3136834,0.28453368,0.25684144,0.22987704,0.20368928,0.17965164,0.15731392,0.13643584,0.11579168,0.09444368,0.07286608,0.04950752,0.03436168,0.0180108,0.00733856,0.0,0.0,0.0,0.0,0.0,0.0,0.0,0.0,0.0,0.0,0.0,0.0
0.6,1.0,45.0,0.015,0.5,0.9999956,0.99999464,0.9999934,0.99999252,0.9999912,0.99998972,0.99998796,0.99998512,0.9999822,0.99997908,0.99997504,0.99996896,0.99996272,0.999954,0.99994536,0.99993392,0.99991984,0.99990368,0.99988572,0.99986408,0.99983664,0.99980252,0.99976196,0.99971452,0.99965476,0.99958612,0.99950084,0.999398,0.99927644,0.99912816,0.99894928,0.99873596,0.9984772,0.9981654,0.9977912,0.99733836,0.99679372,0.99614056,0.99534952,0.99439672,0.99325088,0.9918684,0.9902012,0.98819424,0.98576672,0.9828332,0.97928504,0.97498368,0.9697502,0.96332044,0.95518876,0.94434456,0.93180952,0.9187314,0.90452208,0.88870408,0.87121124,0.85200644,0.83104756,0.80828356,0.78364528,0.75709176,0.72886232,0.69958932,0.66976248,0.63951984,0.60886076,0.57787024,0.54670032,0.51553408,0.48454304,0.45397028,0.42386472,0.3941432,0.36459256,0.335058,0.30546352,0.27616664,0.24792968,0.22017756,0.1889864,0.16147412,0.13515752,0.11265148,0.08697104,0.0649174,0.04020112,0.01670348,0.00113032,4e-08,0.0,0.0,0.0,0.0,0.0,0.0,0.0,0.0,0.0,0.0
0.6,1.0,90.0,0.015,0.5,0.99999848,0.99999824,0.99999788,0.99999728,0.99999668,0.99999584,0.9999946,0.99999368,0.9999922,0.99999068,0.99998868,0.99998652,0.99998364,0.99997884,0.9999744,0.99996868,0.9999624,0.99995428,0.9999452,0.99993336,0.99992068,0.999905,0.99988552,0.99986248,0.99983352,0.99979912,0.99975856,0.9997094,0.99964928,0.9995796,0.99949208,0.99938868,0.99926344,0.99911196,0.99893036,0.99871164,0.99845148,0.99813156,0.99774876,0.99728812,0.9967322,0.99606652,0.99526272,0.99429092,0.99312024,0.99171524,0.99001508,0.98797384,0.98550264,0.9825324,0.978936,0.97460192,0.96937212,0.96305736,0.95542568,0.9462144,0.93509256,0.92166964,0.90555308,0.8862664,0.86307408,0.83467976,0.79931364,0.7553218,0.6999516,0.64172448,0.58541564,0.53606744,0.49056688,0.4485218,0.40964176,0.37372724,0.34062904,0.30987248,0.28089668,0.25325524,0.2265474,0.20095608,0.177464,0.15551452,0.1352606,0.1152058,0.09426468,0.07351224,0.05066096,0.03384844,0.01668836,0.00597664,0.0,0.0,0.0,0.0,0.0,0.0,0.0,0.0,0.0,0.0,0.0,0.0
0.6,1.0,135.0,0.015,0.5,0.99999672,0.99999588,0.99999488,0.99999364,0.99999144,0.99998952,0.99998756,0.99998512,0.9999826,0.9999792,0.99997444,0.99996808,0.9999612,0.99995336,0.99994352,0.99993168,0.99991752,0.999899,0.99987812,0.99985208,0.99982324,0.99978732,0.99974568,0.99969292,0.99962916,0.99955304,0.99946188,0.99935152,0.99921704,0.99905764,0.9988644,0.99863136,0.99835216,0.99801684,0.99761168,0.99712356,0.99653492,0.9958254,0.99497224,0.99394024,0.9926994,0.99120716,0.9894046,0.98722824,0.98460792,0.9814394,0.97760844,0.97296232,0.96730336,0.96028292,0.95126408,0.93960292,0.92719112,0.91399712,0.89942796,0.88326032,0.86547964,0.84610628,0.82518324,0.80278672,0.77898604,0.7538708,0.72753232,0.70001956,0.67141476,0.64181836,0.6113776,0.58029356,0.548791,0.517138,0.4855994,0.45449272,0.4242094,0.39444636,0.36493056,0.3354408,0.30575968,0.27598052,0.24709916,0.21855612,0.187975,0.15986224,0.134457,0.1109558,0.08517524,0.0648798,0.04025612,0.0163342,0.00108656,3.12e-06,0.0,0.0,0.0,0.0,0.0,0.0,0.0,0.0,0.0,0.0
0.6,1.0,180.0,0.015,0.5,0.99999904,0.99999856,0.99999792,0.99999744,0.99999704,0.9999964,0.99999544,0.9999944,0.9999932,0.999992,0.99999072,0.99998904,0.99998648,0.99998312,0.99997952,0.99997544,0.99996888,0.9999592,0.99994792,0.99993488,0.99991968,0.99990008,0.9998812,0.99986376,0.99984056,0.99980408,0.99975752,0.99971608,0.99965584,0.99958768,0.99950216,0.99940184,0.99928064,0.99913536,0.99895896,0.998738,0.9984776,0.9981676,0.99779904,0.99734744,0.99680432,0.99615184,0.995358,0.9944112,0.9932676,0.99189432,0.99023424,0.98823624,0.98582456,0.98292024,0.9794252,0.97520856,0.97012368,0.96399328,0.95659008,0.94763856,0.9367976,0.92364848,0.9076592,0.8881756,0.8643396,0.83513712,0.79928624,0.75517032,0.69984504,0.6419572,0.58552736,0.53616848,0.49066424,0.44862568,0.4097624,0.3738728,0.34089496,0.31022504,0.28133368,0.25376312,0.22718504,0.20165992,0.17800936,0.15604272,0.13575652,0.11568024,0.09360136,0.07298152,0.05009344,0.03394632,0.01573272,0.0045936,0.0,0.0,0.0,0.0,0.0,0.0,0.0,0.0,0.0,0.0,0.0,0.0
0.6,1/0.6,0.0,0.015,0.5,0.99999224,0.99999104,0.9999896,0.99998736,0.99998504,0.9999824,0.99997848,0.99997288,0.99996736,0.99995952,0.99995128,0.99994,0.999928,0.99991232,0.99989264,0.99987232,0.99984608,0.99981424,0.9997756,0.9997292,0.99967504,0.999608,0.99953,0.9994328,0.999314,0.99917504,0.99900608,0.99880176,0.99855824,0.99826288,0.99790528,0.99748152,0.99696352,0.99634224,0.99559272,0.99469232,0.9936056,0.99230056,0.99071616,0.98880784,0.9865132,0.98375304,0.98042456,0.97640488,0.97154984,0.96566192,0.95853944,0.94987456,0.93928536,0.92618168,0.90957152,0.8871952,0.86032512,0.8281296,0.78508232,0.72369704,0.66933016,0.61270312,0.54416056,0.42580744,0.35858352,0.31571808,0.28593024,0.26915568,0.25443408,0.24016736,0.2255968,0.20988672,0.19259264,0.17313568,0.15031064,0.11904616,0.08935336,0.0590636,0.03736368,0.02142648,0.00950512,0.00283744,0.00081016,0.0001316,2.56e-06,0.0,0.0,0.0,0.0,0.0,0.0,0.0,0.0,0.0,0.0,0.0,0.0,0.0,0.0,0.0,0.0,0.0,0.0,0.0
0.6,1/0.6,45.0,0.015,0.5,0.999988,0.99998548,0.99998252,0.99997924,0.99997516,0.99997048,0.99996448,0.99995632,0.99994648,0.9999352,0.99992304,0.99990644,0.99988656,0.99986456,0.99983552,0.99980256,0.99976264,0.99971376,0.99965516,0.99958492,0.9994994,0.9993974,0.9992736,0.99912412,0.99894408,0.9987278,0.99846788,0.9981546,0.9977734,0.99731936,0.99677284,0.99611324,0.9953182,0.99436244,0.99321036,0.99182348,0.9901512,0.98813404,0.98570548,0.98278136,0.97924436,0.97497772,0.96983676,0.9636156,0.9560552,0.94676376,0.93513468,0.920256,0.90288672,0.88361968,0.85746084,0.81873076,0.77887536,0.73371508,0.70073156,0.66525848,0.62304712,0.58344956,0.5453428,0.5016978,0.44874548,0.40796544,0.38054816,0.36101444,0.34278056,0.32506812,0.30712304,0.288195,0.2653854,0.23547732,0.18322928,0.13272824,0.08798932,0.0580898,0.03667684,0.0210078,0.0094614,0.00295156,0.00086052,8.26e-05,0.0,0.0,0.0,0.0,0.0,0.0,0.0,0.0,0.0,0.0,0.0,0.0,0.0,0.0,0.0,0.0,0.0,0.0,0.0,0.0
0.6,1/0.6,90.0,0.015,0.5,0.99999268,0.99999112,0.99998916,0.99998744,0.99998512,0.99998236,0.99997852,0.99997468,0.99996932,0.99996212,0.9999538,0.99994528,0.99993188,0.99991744,0.99990132,0.99988156,0.9998566,0.99982544,0.99978976,0.99974664,0.99969624,0.99963368,0.9995578,0.9994684,0.9993586,0.99922692,0.99907088,0.99888236,0.99865128,0.99837648,0.99804008,0.99763772,0.9971532,0.9965758,0.99587252,0.99502808,0.9940092,0.9927872,0.99131,0.98953268,0.98738888,0.98479596,0.981667,0.97788532,0.97328836,0.96772528,0.9609308,0.95258456,0.94223112,0.9291194,0.911744,0.88796804,0.85993684,0.82625372,0.7800978,0.72387312,0.67117952,0.61495968,0.54343456,0.42379708,0.3568036,0.31343512,0.28754552,0.26959164,0.25300296,0.23785104,0.22354788,0.20795444,0.19082404,0.17170888,0.14970448,0.12105456,0.08892272,0.05802416,0.0366344,0.02100128,0.00957408,0.00292196,0.00076536,8.148e-05,0.0,0.0,0.0,0.0,0.0,0.0,0.0,0.0,0.0,0.0,0.0,0.0,0.0,0.0,0.0,0.0,0.0,0.0,0.0,0.0
0.6,1/0.6,135.0,0.015,0.5,0.999988,0.9999854,0.9999832,0.99997968,0.9999758,0.99997112,0.9999652,0.99995728,0.99994932,0.99994,0.9999266,0.99991068,0.9998934,0.99987104,0.9998462,0.99981492,0.99977676,0.9997296,0.99967508,0.99960956,0.99953112,0.99943336,0.99931756,0.99917848,0.99900924,0.99880616,0.99856324,0.99826996,0.9979158,0.99749076,0.996977,0.99635776,0.99561404,0.99471628,0.99363568,0.99233344,0.99075388,0.9888568,0.98657368,0.9838226,0.9805124,0.97651824,0.97169612,0.96584904,0.95879,0.95022316,0.93964564,0.92624784,0.9089974,0.8902766,0.86968068,0.84623528,0.81944272,0.78864876,0.7527046,0.70832092,0.65407332,0.60599712,0.55886612,0.50941256,0.44852032,0.40452016,0.3735578,0.35218348,0.33880544,0.32455724,0.30816032,0.28899324,0.26588384,0.23536328,0.18261388,0.13304028,0.08787088,0.05801388,0.0366308,0.02099384,0.00953904,0.00289484,0.00086268,4.092e-05,0.0,0.0,0.0,0.0,0.0,0.0,0.0,0.0,0.0,0.0,0.0,0.0,0.0,0.0,0.0,0.0,0.0,0.0,0.0,0.0
0.6,1/0.6,180.0,0.015,0.5,0.99999168,0.9999896,0.9999872,0.99998448,0.99998176,0.99997808,0.99997352,0.99996768,0.99996184,0.9999552,0.9999468,0.99993416,0.99992032,0.99990576,0.99988472,0.99986312,0.99983456,0.99979976,0.99976064,0.9997108,0.99965144,0.99958208,0.99949664,0.99939192,0.99926776,0.99911696,0.99893872,0.99871928,0.99845336,0.99814096,0.99776296,0.99731144,0.99675976,0.99609856,0.9953056,0.99434608,0.99319664,0.99180648,0.99013704,0.98812544,0.98569456,0.98276728,0.97922632,0.97493392,0.96976896,0.96352008,0.95591896,0.94662912,0.93522064,0.92091464,0.90197912,0.87801432,0.84999368,0.81451856,0.76075976,0.70690648,0.65572056,0.602158,0.53728688,0.42162112,0.35565792,0.31303456,0.2830176,0.26358816,0.25136488,0.23812328,0.2237592,0.20810312,0.19090056,0.1716864,0.14948328,0.11992304,0.08940984,0.05867352,0.03707688,0.0213104,0.00980152,0.00289928,0.00080136,0.00013208,0.0,0.0,0.0,0.0,0.0,0.0,0.0,0.0,0.0,0.0,0.0,0.0,0.0,0.0,0.0,0.0,0.0,0.0,0.0,0.0
0.6,1/0.2,0.0,0.015,0.5,0.99999136,0.99998976,0.99998784,0.99998496,0.99998272,0.9999788,0.99997488,0.99996944,0.99996408,0.99995664,0.99994736,0.99993616,0.99992304,0.9999088,0.99988936,0.99986592,0.99983792,0.99980256,0.99976224,0.99971552,0.99965848,0.9995912,0.99950808,0.9994088,0.99928824,0.99913888,0.9989584,0.99874584,0.99849448,0.99819128,0.99781496,0.99737032,0.99683152,0.9961844,0.99540136,0.99445808,0.99332344,0.99196056,0.99032072,0.98834248,0.98596168,0.98308816,0.97962056,0.97543296,0.97039064,0.9642904,0.95689248,0.94790296,0.93696616,0.92354752,0.9069448,0.88605008,0.85893312,0.8208128,0.76751392,0.7135624,0.64775144,0.55674016,0.4745096,0.3933768,0.30451244,0.20986168,0.14501992,0.10034904,0.06931232,0.04756428,0.0322112,0.02130896,0.01355144,0.0081312,0.00449288,0.00219448,0.00088696,0.00025728,3.552e-05,0.0,0.0,0.0,0.0,0.0,0.0,0.0,0.0,0.0,0.0,0.0,0.0,0.0,0.0,0.0,0.0,0.0,0.0,0.0,0.0,0.0,0.0,0.0,0.0,0.0
0.6,1/0.2,45.0,0.015,0.5,0.99998716,0.99998468,0.99998076,0.99997732,0.99997252,0.9999672,0.99996044,0.9999516,0.9999414,0.9999298,0.99991484,0.99989756,0.99987568,0.999852,0.99982292,0.99978684,0.99974056,0.99968804,0.99962604,0.99954804,0.99945564,0.99934416,0.99920964,0.99904876,0.99885444,0.99861676,0.998336,0.99799288,0.99758264,0.99709012,0.99649336,0.99577728,0.99491404,0.99387212,0.992619,0.9911102,0.98928732,0.98709428,0.9844506,0.98126028,0.97740948,0.97276024,0.9671384,0.9603238,0.95204476,0.94194496,0.92953884,0.91416412,0.8944636,0.86755796,0.84105916,0.81360492,0.78493288,0.75502508,0.72373636,0.69070352,0.65502476,0.61470748,0.5555482,0.44182528,0.3037398,0.20900296,0.14422184,0.09960576,0.06867688,0.04707492,0.031866,0.02108828,0.01344944,0.00809556,0.00447592,0.00223816,0.00095468,0.00018732,1.28e-06,0.0,0.0,0.0,0.0,0.0,0.0,0.0,0.0,0.0,0.0,0.0,0.0,0.0,0.0,0.0,0.0,0.0,0.0,0.0,0.0,0.0,0.0,0.0,0.0,0.0
0.6,1/0.2,90.0,0.015,0.5,0.99999324,0.99999184,0.99999012,0.999988,0.99998548,0.99998256,0.99997888,0.99997508,0.99997072,0.99996576,0.9999582,0.99994952,0.9999394,0.99992664,0.99991172,0.99989184,0.99987076,0.99984556,0.99981364,0.99977512,0.99972952,0.99967464,0.99960796,0.99952824,0.99943012,0.99931448,0.99917356,0.99900396,0.99880128,0.99855552,0.9982582,0.99789888,0.9974678,0.99694828,0.99632612,0.99557212,0.99466608,0.9935798,0.99226304,0.99066964,0.98875312,0.98643516,0.98362824,0.98022024,0.97608,0.97101116,0.96475896,0.95697156,0.94701596,0.93380208,0.91382848,0.88653136,0.8580424,0.82178564,0.77014548,0.71740884,0.65235084,0.56139276,0.4787666,0.39607908,0.3018172,0.20882784,0.14417888,0.09967712,0.06878496,0.04716924,0.03192816,0.02112552,0.0134798,0.00814788,0.00455584,0.0022632,0.00086196,0.00017568,8.64e-06,0.0,0.0,0.0,0.0,0.0,0.0,0.0,0.0,0.0,0.0,0.0,0.0,0.0,0.0,0.0,0.0,0.0,0.0,0.0,0.0,0.0,0.0,0.0,0.0,0.0
0.6,1/0.2,135.0,0.015,0.5,0.99998784,0.99998568,0.99998292,0.99997896,0.99997512,0.99996968,0.99996344,0.99995612,0.99994652,0.99993628,0.9999228,0.99990824,0.99988924,0.99986636,0.99983864,0.99980536,0.99976596,0.99971704,0.99966012,0.99959136,0.9995068,0.99940684,0.99928524,0.99913932,0.99896384,0.99875016,0.9984966,0.9981882,0.99781572,0.99736776,0.99683152,0.99618476,0.99540556,0.99446468,0.99333048,0.99196536,0.99031876,0.98833812,0.98594656,0.98305904,0.97957708,0.97536868,0.97027236,0.96408684,0.95655884,0.94734676,0.93599484,0.9218286,0.90364572,0.87795964,0.85192608,0.82457808,0.79528584,0.76371616,0.72935232,0.69142188,0.64944184,0.60318396,0.54367376,0.43886904,0.30330868,0.20884256,0.1442902,0.09980244,0.06889452,0.0472522,0.03198408,0.02115456,0.01347716,0.00810504,0.00449204,0.00225148,0.00097164,0.00018436,0.0,0.0,0.0,0.0,0.0,0.0,0.0,0.0,0.0,0.0,0.0,0.0,0.0,0.0,0.0,0.0,0.0,0.0,0.0,0.0,0.0,0.0,0.0,0.0,0.0,0.0
0.6,1/0.2,180.0,0.015,0.5,0.99999232,0.99999032,0.99998784,0.9999856,0.99998192,0.99997872,0.99997432,0.99996912,0.99996304,0.9999556,0.99994664,0.99993728,0.9999224,0.99990688,0.99988816,0.99986488,0.99983776,0.999806,0.99976632,0.99971816,0.99966208,0.99959296,0.99951008,0.99941272,0.99929384,0.99914704,0.998972,0.9987628,0.9985092,0.99820568,0.99784056,0.99739976,0.99687088,0.99623312,0.99546352,0.99453752,0.99341168,0.99206088,0.9904428,0.98849288,0.98613152,0.983292,0.9798616,0.97572456,0.9707272,0.96469032,0.95738344,0.94852128,0.93770928,0.92449648,0.90814856,0.88766512,0.86122544,0.82486936,0.7730556,0.72031512,0.65593328,0.56467216,0.48200048,0.39935152,0.30308912,0.20918516,0.14444472,0.09984488,0.0688648,0.04717916,0.03190688,0.02112128,0.01347656,0.00811376,0.00448976,0.002194,0.00088504,0.00025672,3.28e-05,0.0,0.0,0.0,0.0,0.0,0.0,0.0,0.0,0.0,0.0,0.0,0.0,0.0,0.0,0.0,0.0,0.0,0.0,0.0,0.0,0.0,0.0,0.0,0.0,0.0
1.0,0.2,0.0,0.015,0.5,0.9999924,0.99999128,0.99998984,0.9999872,0.99998464,0.99998072,0.99997672,0.9999724,0.99996672,0.99995912,0.99995108,0.99993988,0.99992656,0.99990952,0.99988984,0.99986724,0.99983868,0.99980672,0.99976752,0.99972424,0.9996618,0.99959432,0.99951272,0.99941508,0.99929708,0.99914884,0.99897856,0.99876708,0.998515,0.99821228,0.99784564,0.99740292,0.99686876,0.99621028,0.99543388,0.99449912,0.99337308,0.99201488,0.99036864,0.98838388,0.9859848,0.98307912,0.9795494,0.97523712,0.96993808,0.96314644,0.95487684,0.94496104,0.93285092,0.91807636,0.90012196,0.8784294,0.85183276,0.81971544,0.77643384,0.71259332,0.6275042,0.54542612,0.46574544,0.3758706,0.271003,0.19356548,0.14028288,0.1036322,0.07428996,0.0521422,0.03574208,0.023707,0.01506548,0.00914228,0.00518212,0.00264608,0.00116744,0.000392,8.136e-05,5.6e-06,0.0,0.0,0.0,0.0,0.0,0.0,0.0,0.0,0.0,0.0,0.0,0.0,0.0,0.0,0.0,0.0,0.0,0.0,0.0,0.0,0.0,0.0,0.0,0.0
1.0,0.2,45.0,0.015,0.5,0.99998968,0.99998708,0.99998416,0.99998104,0.99997708,0.99997296,0.99996808,0.99996144,0.99995352,0.99994456,0.99993448,0.99992156,0.9999062,0.99988676,0.99986484,0.99983804,0.99980528,0.99976388,0.99971356,0.99965756,0.99958564,0.99949972,0.9993996,0.9992786,0.9991376,0.99896472,0.99876124,0.99852168,0.99822996,0.9978846,0.9974732,0.9969798,0.99639156,0.995686,0.9948462,0.9938472,0.99264344,0.99121248,0.989145,0.98591664,0.981657,0.97658924,0.97049604,0.96312776,0.95420408,0.943355,0.9300258,0.91302048,0.8901874,0.86775652,0.84424892,0.81928664,0.79313276,0.76588508,0.73735304,0.70742388,0.67593136,0.6415796,0.60126408,0.50596372,0.37994656,0.29184848,0.22685532,0.162744,0.1201582,0.08705224,0.05837808,0.03551252,0.01934292,0.00841428,0.00346732,0.0015474,0.00058984,0.00012304,0.0,0.0,0.0,0.0,0.0,0.0,0.0,0.0,0.0,0.0,0.0,0.0,0.0,0.0,0.0,0.0,0.0,0.0,0.0,0.0,0.0,0.0,0.0,0.0,0.0,0.0
1.0,0.2,90.0,0.015,0.5,0.99999656,0.99999588,0.9999952,0.99999432,0.9999932,0.99999184,0.99999012,0.9999884,0.99998596,0.99998356,0.99997952,0.99997492,0.99996976,0.99996356,0.99995744,0.99994908,0.99993948,0.99992648,0.999911,0.99989196,0.99987,0.99984452,0.99981348,0.99977508,0.99972876,0.99967336,0.9996058,0.99952576,0.9994284,0.99931364,0.9991768,0.999006,0.99880676,0.99856376,0.99826908,0.99791072,0.99748356,0.99696824,0.99634964,0.99559856,0.99470068,0.99362228,0.992302,0.99072108,0.98881456,0.98650616,0.98370372,0.9802616,0.97616028,0.9711178,0.96482296,0.95680368,0.946276,0.93207088,0.91087592,0.86110644,0.78425768,0.69967912,0.61318032,0.5165996,0.40536848,0.29502348,0.22093984,0.16789068,0.1260418,0.08764052,0.05643668,0.03173448,0.01572948,0.00727632,0.0032764,0.00072588,8.156e-05,0.0,0.0,0.0,0.0,0.0,0.0,0.0,0.0,0.0,0.0,0.0,0.0,0.0,0.0,0.0,0.0,0.0,0.0,0.0,0.0,0.0,0.0,0.0,0.0,0.0,0.0,0.0
1.0,0.2,135.0,0.015,0.5,0.99998124,0.99997796,0.99997412,0.9999694,0.99996304,0.9999558,0.99994684,0.99993568,0.9999208,0.99990648,0.99988692,0.99986232,0.99983528,0.99980188,0.99976196,0.99971324,0.99965456,0.99958176,0.99949908,0.99939772,0.99927328,0.99912552,0.99894696,0.99873396,0.99847484,0.99816336,0.99778336,0.99733276,0.99678936,0.99613288,0.99534352,0.99438744,0.99323988,0.99185784,0.99018696,0.98817688,0.98575168,0.9828258,0.97929624,0.97501552,0.96984232,0.96355172,0.95586668,0.94633004,0.93457488,0.91995952,0.90081696,0.8789496,0.85547388,0.82879712,0.79716656,0.77457172,0.75268948,0.72892544,0.70273064,0.67374644,0.64242456,0.6102448,0.57120276,0.47378372,0.34009284,0.25271184,0.17584228,0.1275164,0.09330944,0.06397532,0.04033528,0.02363956,0.01250532,0.00728572,0.003995,0.00189832,0.0007112,0.00015164,3.92e-06,0.0,0.0,0.0,0.0,0.0,0.0,0.0,0.0,0.0,0.0,0.0,0.0,0.0,0.0,0.0,0.0,0.0,0.0,0.0,0.0,0.0,0.0,0.0,0.0,0.0
1.0,0.2,180.0,0.015,0.5,0.99999112,0.99998944,0.9999868,0.99998408,0.99998096,0.99997688,0.99997136,0.99996608,0.99995872,0.99995192,0.99994176,0.99992928,0.99991528,0.999896,0.99987576,0.99985044,0.99981596,0.99977992,0.99973576,0.99968072,0.99961444,0.99953928,0.99944288,0.99932804,0.99919192,0.99902628,0.99882448,0.99858632,0.9982936,0.99794616,0.99752556,0.99701784,0.99640528,0.99566184,0.99477396,0.993706,0.99242704,0.99087824,0.98901556,0.98676644,0.98406196,0.98083504,0.97691376,0.97221392,0.96654484,0.95973868,0.95157904,0.9417928,0.93005832,0.915966,0.89881004,0.87825756,0.85373416,0.82248992,0.77925068,0.712406,0.62345552,0.54190944,0.4579498,0.36475168,0.27466488,0.19824988,0.14811468,0.10693736,0.07699244,0.05490128,0.03764908,0.0254472,0.016283,0.00983944,0.00554248,0.00280256,0.00122312,0.00041304,8.656e-05,5.2e-06,0.0,0.0,0.0,0.0,0.0,0.0,0.0,0.0,0.0,0.0,0.0,0.0,0.0,0.0,0.0,0.0,0.0,0.0,0.0,0.0,0.0,0.0,0.0,0.0
1.0,0.6,0.0,0.015,0.5,0.99999,0.99998856,0.99998672,0.99998376,0.99998096,0.99997648,0.99997168,0.99996528,0.99995744,0.99994848,0.99993728,0.99992376,0.99990752,0.99988824,0.9998632,0.99983648,0.99979976,0.99976432,0.99971048,0.99965536,0.99958368,0.99949752,0.99939516,0.9992656,0.99911448,0.99893336,0.99871456,0.99845624,0.9981356,0.99775792,0.99730032,0.99674456,0.99607728,0.99527196,0.99430084,0.9931314,0.9917232,0.99001944,0.98796256,0.98545996,0.98242544,0.97869444,0.97409296,0.96829408,0.96119496,0.95288936,0.94309852,0.93155432,0.9177452,0.90048096,0.87794964,0.84330456,0.81000888,0.77918472,0.74879376,0.71846968,0.68745024,0.65462856,0.62222296,0.58202184,0.50784736,0.41265152,0.35762816,0.3214204,0.2973474,0.28111848,0.26127232,0.23323256,0.2089992,0.18670772,0.15859104,0.13208596,0.10725732,0.07913252,0.0455194,0.02235888,0.01074236,0.0083984,0.00420696,0.00046496,7.04e-05,0.0,0.0,0.0,0.0,0.0,0.0,0.0,0.0,0.0,0.0,0.0,0.0,0.0,0.0,0.0,0.0,0.0,0.0,0.0
1.0,0.6,45.0,0.015,0.5,0.99999552,0.99999456,0.99999352,0.99999188,0.99998984,0.9999878,0.99998468,0.99998144,0.99997736,0.99997292,0.99996732,0.99996072,0.99995284,0.99994288,0.99993108,0.99991652,0.99989732,0.9998766,0.99985116,0.99982012,0.99978368,0.99973988,0.99968552,0.99962376,0.99954804,0.9994558,0.99934204,0.99920652,0.99904532,0.99884944,0.9986158,0.99833308,0.99799204,0.99757888,0.99707848,0.99647848,0.99575636,0.99488688,0.99383748,0.99257684,0.99105464,0.98920936,0.98698748,0.984317,0.98110728,0.9772018,0.9723832,0.9660488,0.95863372,0.94985108,0.93547412,0.91130684,0.8808146,0.83863384,0.80011412,0.76586744,0.73518804,0.70561204,0.67503432,0.6418104,0.60006828,0.55164412,0.53078632,0.50928192,0.48731868,0.46344888,0.43507992,0.40118112,0.35885784,0.2988396,0.24687676,0.2011768,0.14326824,0.09894544,0.06376524,0.03218848,0.01138588,0.00267524,0.000563,5.524e-05,0.0,0.0,0.0,0.0,0.0,0.0,0.0,0.0,0.0,0.0,0.0,0.0,0.0,0.0,0.0,0.0,0.0,0.0,0.0,0.0
1.0,0.6,90.0,0.015,0.5,0.99999228,0.9999908,0.99998936,0.99998672,0.99998456,0.99998104,0.99997796,0.9999738,0.99996808,0.99996084,0.9999522,0.99994168,0.99992864,0.99991376,0.99989636,0.9998752,0.99984892,0.99981808,0.99978236,0.99973948,0.99968464,0.99961976,0.99954288,0.99944756,0.999334,0.99919992,0.99903612,0.99884216,0.99860488,0.99832552,0.99798856,0.99758316,0.99709536,0.99650216,0.99578668,0.99492308,0.99386364,0.99259872,0.99108908,0.98927044,0.987021,0.98433548,0.98103308,0.97702544,0.97199756,0.96553528,0.95750236,0.94780552,0.93573008,0.91927596,0.89875824,0.87932792,0.85827824,0.83466476,0.80737556,0.7798496,0.74982648,0.71634484,0.67698396,0.62394532,0.5174724,0.45741588,0.41639452,0.38591588,0.3606954,0.3354192,0.3085358,0.28137744,0.25388012,0.22371928,0.18829772,0.14151724,0.09943616,0.06155156,0.03709556,0.01984588,0.0078476,0.00172992,0.00018308,0.0,0.0,0.0,0.0,0.0,0.0,0.0,0.0,0.0,0.0,0.0,0.0,0.0,0.0,0.0,0.0,0.0,0.0,0.0,0.0,0.0
1.0,0.6,135.0,0.015,0.5,0.9999902,0.9999888,0.999986,0.99998348,0.99998052,0.99997624,0.99997132,0.99996524,0.99995864,0.99995028,0.99993992,0.99992836,0.9999122,0.99989512,0.99987496,0.99985028,0.99981756,0.99978276,0.99973876,0.99968556,0.99961804,0.99953984,0.99944556,0.9993322,0.99919484,0.99903016,0.9988332,0.99859416,0.99830696,0.99795872,0.99754072,0.9970332,0.99642512,0.99569504,0.9948154,0.9937576,0.99247748,0.990934,0.98908444,0.98684868,0.98415584,0.98091232,0.9769964,0.97226952,0.96656388,0.95965968,0.95129436,0.94113404,0.92873188,0.9135122,0.89444596,0.8689316,0.83943808,0.80776036,0.76934448,0.72865092,0.68747884,0.64277624,0.59863492,0.5659948,0.52608208,0.47667964,0.44856656,0.41044872,0.3802888,0.35054112,0.32043288,0.2928632,0.26490548,0.21812788,0.17903608,0.14271456,0.09298516,0.05934444,0.03613092,0.01921656,0.00775992,0.0024982,0.0007044,7.996e-05,0.0,0.0,0.0,0.0,0.0,0.0,0.0,0.0,0.0,0.0,0.0,0.0,0.0,0.0,0.0,0.0,0.0,0.0,0.0,0.0
1.0,0.6,180.0,0.015,0.5,0.99999056,0.9999888,0.99998672,0.9999842,0.99998052,0.99997692,0.99997172,0.99996692,0.99996008,0.99995296,0.99994288,0.99993184,0.99991856,0.99990272,0.99988152,0.99985296,0.99982408,0.99978864,0.99974944,0.99969696,0.99963184,0.99955924,0.99946732,0.9993592,0.99922576,0.99907192,0.99888288,0.99865056,0.99836844,0.99803368,0.9976368,0.99714976,0.99656696,0.99586096,0.9950188,0.99400288,0.99276888,0.99128148,0.98948608,0.98733232,0.9847284,0.98158444,0.97779264,0.97319568,0.96760856,0.960776,0.95230528,0.94160768,0.92712148,0.90943144,0.88888664,0.8636022,0.8277294,0.78327776,0.74432196,0.70529232,0.66538616,0.62314248,0.57608024,0.5154496,0.39959392,0.33207328,0.2916136,0.26517152,0.24404264,0.23004296,0.21671312,0.20221164,0.18648368,0.16940752,0.15052308,0.1280988,0.09519992,0.06788804,0.04650316,0.0302692,0.01749652,0.00812168,0.00129784,0.00026696,1.528e-05,0.0,0.0,0.0,0.0,0.0,0.0,0.0,0.0,0.0,0.0,0.0,0.0,0.0,0.0,0.0,0.0,0.0,0.0,0.0
1.0,1.0,0.0,0.015,0.5,0.99999884,0.9999986,0.9999982,0.99999776,0.99999748,0.99999716,0.9999966,0.99999604,0.99999508,0.999994,0.99999212,0.9999908,0.99998904,0.99998684,0.99998428,0.99998112,0.99997872,0.99997452,0.99996868,0.99996336,0.999956,0.99994652,0.99993408,0.99992128,0.99990392,0.9998852,0.99986136,0.9998342,0.99979788,0.99975588,0.99970724,0.9996456,0.99957516,0.99948976,0.99938256,0.99925704,0.99910628,0.9989246,0.99870472,0.99844132,0.99811976,0.99773376,0.99726892,0.99671256,0.99603648,0.99522124,0.99424612,0.99306864,0.99165492,0.98994564,0.987886,0.98539912,0.98240356,0.97878188,0.97441704,0.96913208,0.96273196,0.95496072,0.94549452,0.93391984,0.91965348,0.90196792,0.87939264,0.85109972,0.81519836,0.74888268,0.6788654,0.605406,0.54951264,0.50239632,0.46079452,0.42278916,0.38555252,0.34925856,0.3151024,0.282505,0.24103824,0.19285272,0.16263376,0.13251444,0.10545076,0.08732544,0.07301936,0.0587778,0.04407288,0.03105528,0.01927152,0.00852208,0.00208752,0.0,0.0,0.0,0.0,0.0,0.0,0.0,0.0,0.0,0.0,0.0
1.0,1.0,45.0,0.015,0.5,0.99999508,0.999994,0.99999236,0.99999072,0.9999888,0.99998656,0.99998388,0.99998076,0.99997732,0.99997308,0.9999674,0.9999612,0.99995244,0.99994384,0.9999334,0.9999208,0.99990404,0.9998854,0.99986348,0.99983372,0.99980132,0.99976272,0.999713,0.99965616,0.9995844,0.9995002,0.99939476,0.99927164,0.9991266,0.99894824,0.99872984,0.99847272,0.998156,0.99777892,0.9973254,0.99677516,0.99611612,0.9953154,0.99435752,0.99319692,0.99180112,0.99011956,0.98811044,0.9857084,0.98287292,0.97959192,0.97604828,0.97235972,0.96786504,0.96236912,0.95561768,0.94726604,0.93672316,0.92220056,0.90588648,0.8894774,0.87186252,0.8527612,0.83236984,0.81150468,0.79028836,0.76829188,0.74548116,0.72188496,0.69746208,0.6722916,0.64574924,0.61797276,0.58865576,0.55812464,0.52599364,0.49415248,0.4627456,0.42906696,0.39604492,0.36059996,0.32463032,0.28872924,0.25487036,0.22234804,0.1885184,0.15904568,0.1320036,0.10963112,0.08681624,0.06635504,0.0403228,0.01627484,0.00107608,0.0,0.0,0.0,0.0,0.0,0.0,0.0,0.0,0.0,0.0,0.0
1.0,1.0,90.0,0.015,0.5,0.99999916,0.99999888,0.99999848,0.99999824,0.99999816,0.9999978,0.9999972,0.99999672,0.99999592,0.9999952,0.99999388,0.9999928,0.99999152,0.99998968,0.9999878,0.999985,0.99998236,0.999979,0.99997512,0.99997084,0.99996568,0.9999588,0.99995136,0.9999416,0.999929,0.99991392,0.99989692,0.9998756,0.9998504,0.999819,0.99978188,0.99973844,0.99968488,0.99962036,0.99954228,0.99944972,0.99933812,0.99920492,0.99904452,0.99884772,0.99861396,0.99832924,0.99798548,0.9975786,0.99708272,0.9964834,0.9957608,0.9948906,0.9938474,0.99258652,0.9910636,0.9892256,0.9870072,0.98432288,0.98105988,0.97708896,0.97222876,0.96623768,0.95879712,0.9494494,0.93042144,0.90571944,0.87558884,0.82882336,0.76802332,0.70601436,0.6440154,0.58910316,0.53798056,0.48976344,0.4441688,0.39871168,0.35410368,0.31527004,0.28226744,0.2528632,0.22583792,0.20046888,0.17675584,0.15482356,0.13418788,0.11374312,0.09262832,0.07172664,0.0485858,0.03287852,0.01610644,0.00568152,0.0,0.0,0.0,0.0,0.0,0.0,0.0,0.0,0.0,0.0,0.0,0.0
1.0,1.0,135.0,0.015,0.5,0.99999584,0.99999512,0.99999424,0.99999312,0.99999204,0.99999044,0.999988,0.99998468,0.99998144,0.9999778,0.999973,0.99996764,0.99996092,0.99995268,0.99994272,0.9999314,0.99991756,0.99990072,0.99988028,0.9998542,0.999822,0.99978632,0.99974148,0.99969132,0.9996294,0.99955056,0.9994598,0.99934776,0.999211,0.99905148,0.99885748,0.9986242,0.9983388,0.99800116,0.99759152,0.9970958,0.99650088,0.99578656,0.99492688,0.99389256,0.9926428,0.99113524,0.98931688,0.98712996,0.98448024,0.98128484,0.97742516,0.97274924,0.96706624,0.96010016,0.95137168,0.93991328,0.92622552,0.91184756,0.89616984,0.87861576,0.8590386,0.83720324,0.81215968,0.78316928,0.75823624,0.733105,0.70734748,0.6810184,0.65781828,0.63914164,0.61602548,0.58311884,0.54540256,0.51855212,0.49407756,0.4633906,0.43089828,0.3992704,0.36762752,0.3362716,0.30534364,0.27406644,0.24416824,0.2158554,0.18555996,0.15816868,0.1333532,0.10974012,0.08351256,0.06407924,0.04013568,0.01691364,0.0010862,2.12e-06,0.0,0.0,0.0,0.0,0.0,0.0,0.0,0.0,0.0,0.0
1.0,1.0,180.0,0.015,0.5,0.99999896,0.99999872,0.99999848,0.99999776,0.9999968,0.99999608,0.9999954,0.99999456,0.99999304,0.99999144,0.9999892,0.99998688,0.99998424,0.99998112,0.99997608,0.99997072,0.99996444,0.99995628,0.99994776,0.99993508,0.99992224,0.99990604,0.99988264,0.99985608,0.99982824,0.9997938,0.99975424,0.99970568,0.99964172,0.99956872,0.9994824,0.99936956,0.99924944,0.9990918,0.99890388,0.99867848,0.99841252,0.99808524,0.99769376,0.99722556,0.99665144,0.99596236,0.99511464,0.9941078,0.99291132,0.9914678,0.98974328,0.98766848,0.98518924,0.982216,0.97864532,0.97435632,0.96920524,0.963016,0.9555806,0.9466164,0.93568948,0.9225912,0.90681788,0.88767964,0.86429916,0.83556124,0.80011384,0.75624376,0.70139932,0.64487112,0.58738124,0.53758948,0.49166832,0.44894644,0.40931968,0.37271092,0.33908896,0.30750564,0.27734312,0.24830396,0.22143156,0.19712836,0.17513412,0.15507884,0.13614204,0.11802092,0.09945744,0.0783432,0.05582676,0.04224176,0.02397608,0.0097646,0.00365752,0.0,0.0,0.0,0.0,0.0,0.0,0.0,0.0,0.0,0.0,0.0
1.0,1/0.6,0.0,0.015,0.5,0.9999918,0.99999068,0.99998804,0.99998556,0.99998128,0.99997656,0.99997128,0.99996588,0.99995948,0.99995176,0.99994176,0.99993044,0.99991836,0.99990412,0.99988532,0.99986128,0.9998336,0.999797,0.99975672,0.99970584,0.99964536,0.99957616,0.9994858,0.99938312,0.99926108,0.9991112,0.99892552,0.99870684,0.9984432,0.99812192,0.99774084,0.99727232,0.99671992,0.99604428,0.99523792,0.99425992,0.99309104,0.99166852,0.98995688,0.98788952,0.985407,0.98240792,0.97877528,0.97438084,0.96902484,0.96245908,0.95433652,0.94377596,0.93078896,0.9168064,0.9006612,0.88160516,0.85863676,0.83023628,0.79322536,0.73777392,0.6584704,0.50897784,0.42712896,0.38872124,0.3545222,0.32717692,0.30511628,0.2882904,0.27295196,0.25897908,0.2456898,0.23190032,0.21686688,0.20143004,0.18238452,0.14743084,0.0801546,0.04573036,0.02434228,0.0145782,0.00998568,0.00658384,0.00244112,0.00040864,5.96e-05,0.0,0.0,0.0,0.0,0.0,0.0,0.0,0.0,0.0,0.0,0.0,0.0,0.0,0.0,0.0,0.0,0.0,0.0,0.0
1.0,1/0.6,45.0,0.015,0.5,0.999987,0.99998412,0.99998052,0.99997644,0.99997076,0.99996552,0.99995756,0.99994944,0.99993964,0.999928,0.99991392,0.99989536,0.9998722,0.99984548,0.99981464,0.9997786,0.99973,0.99967584,0.9996102,0.99953052,0.99943504,0.99931824,0.99918196,0.9990148,0.99881636,0.99857412,0.99828192,0.99793072,0.9975088,0.997,0.99638948,0.99565692,0.9947796,0.9937292,0.99247292,0.9909778,0.98921108,0.98713804,0.98476752,0.9822522,0.97947232,0.97610772,0.97202368,0.9670768,0.96104584,0.95367048,0.94453988,0.93270396,0.91787648,0.90227572,0.88529412,0.86631092,0.8450284,0.82119764,0.79450448,0.76499328,0.73172516,0.69075592,0.63982804,0.60140412,0.5745194,0.55141004,0.5288462,0.5057572,0.48341336,0.46046288,0.43552632,0.40378916,0.3645706,0.31872316,0.25165096,0.18945564,0.13225412,0.089758,0.05568396,0.03015264,0.0091236,0.00220756,0.00047316,5.184e-05,0.0,0.0,0.0,0.0,0.0,0.0,0.0,0.0,0.0,0.0,0.0,0.0,0.0,0.0,0.0,0.0,0.0,0.0,0.0,0.0
1.0,1/0.6,90.0,0.015,0.5,0.99999428,0.99999316,0.99999196,0.99999008,0.99998808,0.99998568,0.99998272,0.99997924,0.9999748,0.99997076,0.99996528,0.99995864,0.99995052,0.99993964,0.99992744,0.99991288,0.99989432,0.99987276,0.999849,0.99981912,0.99978268,0.99974024,0.99968608,0.999622,0.99954292,0.99945196,0.99933996,0.99920076,0.99903952,0.99884336,0.99860752,0.99832356,0.99798172,0.99756356,0.9970676,0.99646268,0.99573448,0.99486128,0.99380756,0.99253868,0.9910076,0.98917072,0.98695164,0.9842752,0.98104068,0.97712888,0.97241168,0.96668724,0.95969684,0.9511882,0.9406842,0.9275644,0.91074716,0.88726204,0.8544078,0.80801316,0.76225256,0.6972192,0.60022504,0.53074988,0.47833212,0.43775228,0.40907252,0.38547796,0.36139648,0.33617632,0.30920028,0.28107404,0.253103,0.22256816,0.18644544,0.14095836,0.0966006,0.05893156,0.0360868,0.01922936,0.00752804,0.00160408,0.0001664,0.0,0.0,0.0,0.0,0.0,0.0,0.0,0.0,0.0,0.0,0.0,0.0,0.0,0.0,0.0,0.0,0.0,0.0,0.0,0.0,0.0
1.0,1/0.6,135.0,0.015,0.5,0.99998664,0.99998408,0.9999808,0.9999776,0.9999726,0.99996668,0.99996008,0.99995216,0.999942,0.99992916,0.9999156,0.99989756,0.9998752,0.99985064,0.99982148,0.999783,0.99974,0.99968784,0.999622,0.99954432,0.99945196,0.99934088,0.99920508,0.9990444,0.99884928,0.99861404,0.9983286,0.99798608,0.99757596,0.99707932,0.9964808,0.99575928,0.99489176,0.99384488,0.99258104,0.99105232,0.989203,0.98696884,0.98425272,0.9809488,0.97689308,0.97200072,0.96612512,0.95919544,0.9512698,0.9422048,0.93176816,0.91963672,0.9055242,0.8890692,0.87012164,0.8485884,0.8239716,0.79554576,0.76014672,0.71790448,0.68135716,0.6343684,0.5844898,0.54018164,0.50609316,0.47280824,0.43604988,0.40513156,0.37628884,0.34773084,0.32218072,0.29619008,0.26812376,0.23263324,0.17992348,0.13527208,0.08650604,0.05633528,0.0345696,0.01814976,0.00716748,0.00242908,0.00069044,7.628e-05,0.0,0.0,0.0,0.0,0.0,0.0,0.0,0.0,0.0,0.0,0.0,0.0,0.0,0.0,0.0,0.0,0.0,0.0,0.0,0.0
1.0,1/0.6,180.0,0.015,0.5,0.99999444,0.99999348,0.99999184,0.99998936,0.99998624,0.99998352,0.99997976,0.99997536,0.99997064,0.99996536,0.99995704,0.9999492,0.99993856,0.9999256,0.99990984,0.99989216,0.99986956,0.99984368,0.99981088,0.99977288,0.9997224,0.9996612,0.99959416,0.99951232,0.99940804,0.9992938,0.99914648,0.99896848,0.99875808,0.99850616,0.99820164,0.99783368,0.9973872,0.99684864,0.99620896,0.9954336,0.99449696,0.99337784,0.99202008,0.99039296,0.988426,0.98605784,0.98320232,0.97973568,0.97558584,0.97055984,0.96448052,0.95711704,0.94819088,0.9372848,0.92387712,0.9072756,0.88630664,0.85889216,0.81933984,0.76971688,0.692528,0.60486536,0.48445268,0.41041856,0.35870432,0.32473584,0.29856256,0.25947144,0.24419264,0.231374,0.217745,0.20286436,0.18648304,0.1670486,0.14012972,0.11290016,0.09123188,0.07207188,0.05438688,0.03643196,0.02156976,0.01097564,0.00136784,0.00027136,1.688e-05,0.0,0.0,0.0,0.0,0.0,0.0,0.0,0.0,0.0,0.0,0.0,0.0,0.0,0.0,0.0,0.0,0.0,0.0,0.0
1.0,1/0.2,0.0,0.015,0.5,0.99999484,0.99999416,0.99999244,0.99999108,0.99998948,0.9999868,0.99998336,0.99998008,0.99997648,0.99997136,0.99996568,0.9999596,0.9999514,0.9999396,0.99992728,0.999914,0.99989596,0.99987468,0.99984668,0.99981572,0.99978,0.99973436,0.9996818,0.9996164,0.99953516,0.99943684,0.99931956,0.99918,0.99901536,0.99881436,0.99857448,0.99828232,0.9979234,0.9974982,0.99698576,0.99636452,0.99562988,0.99473228,0.99365564,0.99234856,0.99078684,0.98889788,0.98660556,0.98384524,0.9805012,0.97644428,0.97150512,0.96540136,0.95786584,0.94845884,0.93650388,0.9211276,0.9007278,0.87267856,0.83143468,0.76049244,0.66949948,0.58175228,0.49222604,0.39429452,0.31164068,0.26028908,0.22391116,0.16377764,0.08613664,0.04344972,0.02915728,0.0198106,0.01334324,0.00845528,0.004901,0.00253152,0.00112096,0.00037684,7.728e-05,5.36e-06,0.0,0.0,0.0,0.0,0.0,0.0,0.0,0.0,0.0,0.0,0.0,0.0,0.0,0.0,0.0,0.0,0.0,0.0,0.0,0.0,0.0,0.0,0.0,0.0
1.0,1/0.2,45.0,0.015,0.5,0.99997568,0.99997064,0.99996508,0.99995856,0.9999498,0.99993868,0.99992656,0.99991188,0.99989512,0.999876,0.99985076,0.99982088,0.99978336,0.99973984,0.99968684,0.99962164,0.999545,0.99945288,0.9993402,0.99920252,0.99904104,0.99884524,0.99861004,0.99832072,0.9979818,0.99756724,0.99707068,0.99647688,0.99575844,0.99488828,0.9938432,0.99258772,0.99107176,0.98923968,0.98703268,0.98437336,0.98116932,0.97730872,0.97263112,0.96696536,0.96002964,0.95145388,0.94056844,0.92737288,0.91253624,0.89817916,0.8849082,0.86994368,0.85314996,0.8349308,0.81493596,0.79281556,0.76782904,0.7413114,0.71275264,0.68170164,0.64684244,0.6109736,0.56745712,0.48844348,0.36962456,0.29033812,0.23107348,0.184085,0.1472938,0.11081164,0.07236172,0.03250828,0.01437784,0.00664796,0.00331588,0.00148892,0.00056324,0.00011404,0.0,0.0,0.0,0.0,0.0,0.0,0.0,0.0,0.0,0.0,0.0,0.0,0.0,0.0,0.0,0.0,0.0,0.0,0.0,0.0,0.0,0.0,0.0,0.0,0.0,0.0
1.0,1/0.2,90.0,0.015,0.5,0.99999688,0.99999644,0.99999564,0.99999476,0.99999368,0.99999228,0.99999112,0.99998928,0.99998748,0.99998492,0.99998128,0.99997748,0.99997264,0.99996644,0.99996004,0.99995204,0.99994112,0.99992928,0.99991468,0.99989696,0.99987652,0.99985192,0.99982072,0.99978344,0.99973916,0.99968508,0.99962116,0.99954228,0.99944824,0.99933428,0.99919712,0.99903272,0.99883188,0.99858968,0.99829748,0.99795232,0.99754168,0.99703468,0.99642964,0.99570148,0.994817,0.99375372,0.99247532,0.99092188,0.98905312,0.9867886,0.98404384,0.98070776,0.97661828,0.97158844,0.96529096,0.95725016,0.94701104,0.93274388,0.91124604,0.86250828,0.7732782,0.68577028,0.5983666,0.50896068,0.40566552,0.2974176,0.21335196,0.16117664,0.12507692,0.08968316,0.05572856,0.03100952,0.01726148,0.00833944,0.00348912,0.00076624,8.18e-05,0.0,0.0,0.0,0.0,0.0,0.0,0.0,0.0,0.0,0.0,0.0,0.0,0.0,0.0,0.0,0.0,0.0,0.0,0.0,0.0,0.0,0.0,0.0,0.0,0.0,0.0,0.0
1.0,1/0.2,135.0,0.015,0.5,0.99997512,0.99996984,0.99996392,0.99995632,0.99994772,0.99993616,0.99992304,0.99990556,0.99988696,0.99986196,0.9998348,0.9998024,0.99976324,0.99971544,0.9996586,0.99958752,0.9995052,0.99940492,0.99928452,0.99913888,0.9989648,0.99875248,0.99849304,0.99818284,0.99781264,0.99736976,0.99682996,0.99617872,0.99539456,0.994448,0.99331148,0.99193172,0.99026732,0.98825476,0.98581604,0.98284584,0.9793082,0.97511976,0.97013792,0.96416804,0.95719728,0.94920172,0.93996252,0.9292966,0.91692156,0.90254164,0.88581276,0.8662614,0.84312392,0.82643252,0.80803332,0.78751012,0.76469548,0.73927468,0.71041192,0.67937904,0.64928504,0.61723092,0.57591228,0.47379832,0.33744452,0.24533116,0.17555576,0.11767928,0.08335732,0.06217452,0.04348996,0.02639892,0.01476788,0.00775964,0.00410984,0.00193384,0.00072128,0.00015356,4e-06,0.0,0.0,0.0,0.0,0.0,0.0,0.0,0.0,0.0,0.0,0.0,0.0,0.0,0.0,0.0,0.0,0.0,0.0,0.0,0.0,0.0,0.0,0.0,0.0,0.0
1.0,1/0.2,180.0,0.015,0.5,0.999986,0.99998352,0.99998064,0.99997692,0.99997176,0.99996736,0.9999604,0.99995144,0.99994096,0.99992876,0.99991528,0.99989904,0.99987844,0.99985212,0.99982344,0.99978848,0.9997464,0.99969192,0.9996266,0.99955092,0.99945896,0.99934832,0.99921504,0.99905616,0.99886532,0.99862864,0.99835,0.9980128,0.99760208,0.99711436,0.99652192,0.99580844,0.9949544,0.9939204,0.9926602,0.99114012,0.98928644,0.98701024,0.98416356,0.98035168,0.97625364,0.97168056,0.96645904,0.96040604,0.95338684,0.94515664,0.9353742,0.92350116,0.9104016,0.89563112,0.878458,0.85803492,0.833036,0.80112224,0.75678796,0.68146144,0.58899312,0.50302924,0.41095296,0.31095168,0.22228724,0.171399,0.14306096,0.1166882,0.09178636,0.06847152,0.04633084,0.03117832,0.01810868,0.01029044,0.00568144,0.00284648,0.00123512,0.00041624,8.712e-05,5.28e-06,0.0,0.0,0.0,0.0,0.0,0.0,0.0,0.0,0.0,0.0,0.0,0.0,0.0,0.0,0.0,0.0,0.0,0.0,0.0,0.0,0.0,0.0,0.0,0.0
1/0.6,0.2,0.0,0.015,0.5,0.99998824,0.99998592,0.999982,0.99997888,0.99997456,0.99996944,0.9999624,0.99995424,0.99994508,0.99993384,0.99991924,0.99990112,0.99987984,0.99985584,0.9998248,0.99979076,0.99974772,0.999695,0.99963216,0.99955768,0.99946648,0.99935756,0.99922328,0.99906868,0.99887672,0.99864996,0.9983696,0.99803824,0.99763576,0.99715528,0.99656756,0.99586848,0.99502308,0.994002,0.99277176,0.9912888,0.98950164,0.987347,0.98473632,0.98157824,0.97774444,0.97305908,0.96722496,0.95969888,0.950954,0.94105164,0.92991704,0.91744684,0.90344504,0.887365,0.86891008,0.84778984,0.82369944,0.7962172,0.76479852,0.72859344,0.686084,0.63407056,0.56151108,0.43649568,0.33607956,0.2485126,0.16349224,0.10832708,0.07256188,0.04871212,0.032514,0.02138056,0.01361548,0.0081856,0.00451732,0.00219792,0.00088376,0.00025192,2.992e-05,0.0,0.0,0.0,0.0,0.0,0.0,0.0,0.0,0.0,0.0,0.0,0.0,0.0,0.0,0.0,0.0,0.0,0.0,0.0,0.0,0.0,0.0,0.0,0.0,0.0
1/0.6,0.2,45.0,0.015,0.5,0.99999296,0.99999124,0.99998952,0.99998764,0.9999858,0.99998332,0.99998,0.9999766,0.99997124,0.99996428,0.99995728,0.99994956,0.99993892,0.99992696,0.99991188,0.9998942,0.99987344,0.9998482,0.99981752,0.9997808,0.99973492,0.9996794,0.99961432,0.99953636,0.99944224,0.99932388,0.99918884,0.99901964,0.9988228,0.9985816,0.99828964,0.99793984,0.99751288,0.99700856,0.996396,0.99565896,0.99477236,0.9937,0.99241512,0.99086168,0.98898848,0.98672944,0.98400792,0.98071952,0.97675136,0.97194692,0.9661202,0.95903956,0.95039616,0.9397798,0.92662388,0.91014668,0.8891606,0.86178564,0.8244226,0.76700668,0.6878914,0.58768692,0.50204184,0.43147496,0.36999872,0.25351676,0.16489048,0.10960524,0.07365312,0.04960252,0.03315612,0.02173896,0.013759,0.00823064,0.0045458,0.00228328,0.00095352,0.00021156,3.8e-06,0.0,0.0,0.0,0.0,0.0,0.0,0.0,0.0,0.0,0.0,0.0,0.0,0.0,0.0,0.0,0.0,0.0,0.0,0.0,0.0,0.0,0.0,0.0,0.0,0.0
1/0.6,0.2,90.0,0.015,0.5,0.999986,0.99998352,0.99998,0.9999758,0.99997076,0.99996464,0.99995784,0.99994992,0.99993888,0.99992676,0.9999116,0.99989344,0.99987148,0.99984444,0.99981172,0.99977308,0.9997252,0.99966948,0.99960168,0.99952196,0.99942464,0.99930412,0.99916204,0.99899236,0.99878416,0.9985368,0.9982358,0.99787368,0.99744128,0.99691864,0.99628712,0.99552632,0.99461244,0.9935092,0.99217828,0.99057408,0.98863932,0.98630084,0.983474,0.98004764,0.97586488,0.97068812,0.96409936,0.9562368,0.94725724,0.937047,0.9255022,0.9124898,0.89766184,0.88055676,0.8610104,0.839116,0.81500528,0.78794616,0.75614536,0.71629416,0.6722338,0.62437448,0.55734344,0.43499968,0.33686996,0.25197,0.16502248,0.10946068,0.07346764,0.049456,0.03307456,0.02171412,0.0137898,0.0083134,0.00464452,0.00230908,0.00088584,0.00018596,1.204e-05,0.0,0.0,0.0,0.0,0.0,0.0,0.0,0.0,0.0,0.0,0.0,0.0,0.0,0.0,0.0,0.0,0.0,0.0,0.0,0.0,0.0,0.0,0.0,0.0,0.0
1/0.6,0.2,135.0,0.015,0.5,0.99999392,0.99999288,0.99999116,0.99998896,0.99998684,0.99998436,0.99998108,0.99997648,0.9999714,0.99996496,0.99995764,0.9999498,0.99994012,0.9999268,0.99991368,0.99989504,0.99987348,0.99984724,0.99981608,0.99977608,0.999732,0.9996774,0.99961128,0.99952988,0.9994334,0.9993184,0.9991802,0.99901196,0.99880868,0.99856692,0.99827348,0.99792108,0.99749388,0.99698432,0.99636632,0.99562292,0.99472716,0.99364664,0.99234836,0.99078,0.98889,0.98661564,0.98387108,0.98056244,0.97655992,0.97171784,0.96586296,0.95874936,0.95008252,0.93947032,0.92639216,0.91010052,0.88947172,0.86264696,0.82597948,0.76925152,0.69337724,0.59721124,0.51828332,0.44748296,0.37766552,0.25478276,0.16517108,0.10943888,0.07339604,0.04939604,0.03304032,0.0217026,0.01378856,0.00830124,0.00460988,0.00230932,0.00101184,0.00020096,0.0,0.0,0.0,0.0,0.0,0.0,0.0,0.0,0.0,0.0,0.0,0.0,0.0,0.0,0.0,0.0,0.0,0.0,0.0,0.0,0.0,0.0,0.0,0.0,0.0,0.0
1/0.6,0.2,180.0,0.015,0.5,0.9999864,0.99998344,0.99998064,0.9999772,0.99997172,0.9999648,0.99995784,0.9999496,0.99994124,0.99992936,0.99991392,0.99989648,0.99987408,0.99985012,0.99981832,0.99977752,0.99973124,0.99967744,0.9996112,0.99953364,0.99944112,0.9993234,0.99918212,0.99901872,0.99881396,0.99857228,0.99827776,0.99792688,0.99750352,0.99699264,0.99637896,0.99563752,0.99474464,0.99367084,0.99237168,0.99080828,0.98891968,0.9866392,0.9838788,0.98054116,0.97647372,0.97147464,0.96512824,0.95723292,0.94825772,0.93810848,0.92669052,0.91390764,0.89945096,0.88281096,0.86371952,0.84188848,0.81699408,0.78861816,0.75621696,0.71892824,0.67531516,0.62246136,0.55188308,0.43120856,0.33473436,0.25180772,0.16580892,0.11009912,0.07398572,0.04987324,0.03340396,0.02195028,0.01393036,0.00837036,0.00464008,0.00228032,0.00093184,0.0002788,4.088e-05,7.2e-07,0.0,0.0,0.0,0.0,0.0,0.0,0.0,0.0,0.0,0.0,0.0,0.0,0.0,0.0,0.0,0.0,0.0,0.0,0.0,0.0,0.0,0.0,0.0,0.0
1/0.6,0.6,0.0,0.015,0.5,0.99999008,0.99998704,0.99998456,0.99998184,0.9999772,0.99997248,0.99996712,0.99996024,0.99995232,0.999942,0.99993096,0.99991832,0.999902,0.999882,0.9998572,0.99982708,0.99979112,0.99974768,0.99969304,0.99963304,0.99955812,0.99946904,0.99935568,0.99922896,0.99906928,0.99887692,0.9986516,0.99837404,0.99803728,0.99763712,0.99715432,0.99657296,0.99587072,0.99502796,0.9940076,0.99278384,0.99130712,0.9895232,0.98736792,0.98477336,0.98163424,0.97785216,0.97326096,0.9676812,0.96087968,0.95253608,0.9422308,0.92917992,0.91128448,0.88542952,0.86103184,0.83616928,0.80747504,0.77758816,0.75009416,0.72191632,0.69222212,0.66020652,0.62664296,0.58889784,0.54076168,0.4604998,0.34081744,0.29287152,0.2636512,0.24205684,0.22404692,0.20759388,0.19032632,0.17140692,0.14992592,0.12279656,0.09113172,0.05886044,0.0367922,0.02088268,0.00931868,0.00285464,0.00080704,0.00012772,3.2e-07,0.0,0.0,0.0,0.0,0.0,0.0,0.0,0.0,0.0,0.0,0.0,0.0,0.0,0.0,0.0,0.0,0.0,0.0,0.0
1/0.6,0.6,45.0,0.015,0.5,0.99999104,0.99998892,0.99998704,0.9999846,0.999981,0.9999776,0.99997348,0.99996876,0.999962,0.99995368,0.99994464,0.99993284,0.99992052,0.99990288,0.99988504,0.99986092,0.99983128,0.9997946,0.99975292,0.99970192,0.99964108,0.99957204,0.99948536,0.99937932,0.99924984,0.99909992,0.99891744,0.99869488,0.9984274,0.99810672,0.99771916,0.99725364,0.996687,0.99600624,0.9951878,0.99419404,0.99300276,0.991558,0.98980468,0.9876714,0.98505948,0.98183728,0.97808448,0.97389152,0.969037,0.96340568,0.95684368,0.94917012,0.9402054,0.92968388,0.91730616,0.9026322,0.88495028,0.86271536,0.8369606,0.80603896,0.76611468,0.70946024,0.6577078,0.60483904,0.5442676,0.48291556,0.4109982,0.3720462,0.3485396,0.32922024,0.3103918,0.2905386,0.26654812,0.22659376,0.1819838,0.1424276,0.09168212,0.0596216,0.03734288,0.02132892,0.00962128,0.00295328,0.00086824,8.396e-05,0.0,0.0,0.0,0.0,0.0,0.0,0.0,0.0,0.0,0.0,0.0,0.0,0.0,0.0,0.0,0.0,0.0,0.0,0.0,0.0
1/0.6,0.6,90.0,0.015,0.5,0.99998848,0.99998608,0.99998276,0.99997948,0.99997548,0.99996992,0.99996344,0.99995732,0.9999484,0.99993784,0.99992608,0.99991056,0.99989196,0.99987084,0.99984384,0.99981372,0.99977728,0.99972912,0.999673,0.99960408,0.99952276,0.9994274,0.99930828,0.99917052,0.999001,0.99879704,0.9985488,0.99825284,0.99789396,0.99746364,0.9969444,0.99631756,0.99556352,0.9946592,0.99356296,0.99224364,0.99065168,0.98873588,0.98642492,0.98363608,0.98026868,0.97619448,0.971263,0.9652688,0.95786928,0.94861376,0.93679456,0.92102872,0.90218712,0.88044056,0.85887744,0.83581804,0.80826828,0.77988312,0.75134804,0.71560528,0.67114332,0.64308412,0.6136908,0.57980544,0.53597632,0.45634668,0.33587768,0.28808424,0.25985328,0.24162032,0.22458824,0.20867356,0.19128104,0.17191588,0.1495414,0.1197632,0.09074776,0.0595988,0.03732884,0.02134444,0.00978508,0.00296804,0.000782,8.48e-05,0.0,0.0,0.0,0.0,0.0,0.0,0.0,0.0,0.0,0.0,0.0,0.0,0.0,0.0,0.0,0.0,0.0,0.0,0.0,0.0
1/0.6,0.6,135.0,0.015,0.5,0.99998616,0.99998372,0.99998048,0.99997556,0.99997072,0.99996484,0.99995652,0.999948,0.999937,0.99992396,0.99991012,0.99989288,0.99987072,0.9998452,0.99981384,0.99977372,0.99972364,0.999669,0.99960196,0.99951848,0.9994182,0.99929984,0.99915592,0.99898616,0.99877588,0.998523,0.99822228,0.99786204,0.9974308,0.99691272,0.99628136,0.99551512,0.99461404,0.9935408,0.99226528,0.99076276,0.98898984,0.98690336,0.98445284,0.9815902,0.97824328,0.97435916,0.96985096,0.96464264,0.95863408,0.951722,0.94376064,0.93454752,0.92389112,0.91158872,0.89740668,0.88104832,0.86211524,0.84004516,0.81391552,0.78215456,0.7415886,0.68648484,0.63745376,0.59024696,0.54224264,0.48949944,0.41429848,0.37164752,0.34453676,0.3256864,0.3090758,0.28966772,0.26611576,0.22799696,0.18258716,0.14273052,0.09163348,0.05959048,0.03732588,0.02133092,0.00973788,0.00296088,0.00087896,4.152e-05,0.0,0.0,0.0,0.0,0.0,0.0,0.0,0.0,0.0,0.0,0.0,0.0,0.0,0.0,0.0,0.0,0.0,0.0,0.0,0.0
1/0.6,0.6,180.0,0.015,0.5,0.99998688,0.99998424,0.99998096,0.99997752,0.99997352,0.99996872,0.99996264,0.99995632,0.99994688,0.99993544,0.99992176,0.9999048,0.99988696,0.99986416,0.99983848,0.99980728,0.99976896,0.99972216,0.99966488,0.99959496,0.99951272,0.99941496,0.99929224,0.99915032,0.9989736,0.99876536,0.99851192,0.99820784,0.99784004,0.99739744,0.99685936,0.99621928,0.99544512,0.9945184,0.99339992,0.99204568,0.99041796,0.98845448,0.98608728,0.98323128,0.9797796,0.97561136,0.97055296,0.9644106,0.95690968,0.94749264,0.93530336,0.91881232,0.8980012,0.87813864,0.85712144,0.83389088,0.80590456,0.77901488,0.75243544,0.72467592,0.69504896,0.66280912,0.62685568,0.58512696,0.53390296,0.4425356,0.33043808,0.28472768,0.257138,0.23918232,0.22454,0.20871084,0.19141544,0.17218316,0.15005732,0.12088612,0.0905682,0.05886236,0.03686104,0.0210428,0.009609,0.00293104,0.00081928,0.0001384,0.0,0.0,0.0,0.0,0.0,0.0,0.0,0.0,0.0,0.0,0.0,0.0,0.0,0.0,0.0,0.0,0.0,0.0,0.0,0.0
1/0.6,1.0,0.0,0.015,0.5,0.99999784,0.9999974,0.99999708,0.9999962,0.99999544,0.99999432,0.9999932,0.99999184,0.9999908,0.9999894,0.99998692,0.99998468,0.99998132,0.99997796,0.99997376,0.99996896,0.99996304,0.99995528,0.99994616,0.99993492,0.99992232,0.99990624,0.99988744,0.99986544,0.99983592,0.99980236,0.9997618,0.99971308,0.99965588,0.99958484,0.9994998,0.99939804,0.99927488,0.99912756,0.99894952,0.99873328,0.99847448,0.99816156,0.99778784,0.99733504,0.9967904,0.99613332,0.99534308,0.99438988,0.99324224,0.99186152,0.99019248,0.98818412,0.98576864,0.98285968,0.9793518,0.97512272,0.97001948,0.96386436,0.95643404,0.94745396,0.93658336,0.92340016,0.90737524,0.88781032,0.8638416,0.83437584,0.7978268,0.75271236,0.70617216,0.65511028,0.5966988,0.54329488,0.49602812,0.45280332,0.41312896,0.37668064,0.34327932,0.31242356,0.28350096,0.25598296,0.22918356,0.20185576,0.1770884,0.155038,0.13457624,0.11430904,0.09237696,0.07016248,0.04745504,0.03341184,0.01652024,0.00542096,0.0,0.0,0.0,0.0,0.0,0.0,0.0,0.0,0.0,0.0,0.0,0.0
1/0.6,1.0,45.0,0.015,0.5,0.999998,0.99999764,0.99999692,0.99999644,0.99999564,0.9999944,0.9999932,0.9999916,0.99999004,0.99998804,0.9999858,0.99998308,0.9999794,0.99997504,0.99997,0.99996328,0.99995468,0.99994468,0.99993252,0.99991932,0.9999054,0.99988512,0.99986164,0.9998328,0.99979848,0.99975772,0.99970756,0.99964684,0.99957508,0.9994876,0.9993828,0.99925712,0.99910472,0.99892184,0.99870292,0.9984376,0.99811824,0.99773244,0.99726852,0.99670988,0.99603652,0.99522644,0.99424796,0.99306784,0.99164704,0.98993084,0.98786244,0.98536208,0.98233904,0.97867424,0.97422076,0.96878472,0.96210048,0.95381904,0.94340928,0.93003992,0.91227376,0.88568232,0.85933048,0.83254756,0.80473692,0.77581152,0.745699,0.71444232,0.68225084,0.6493472,0.61596712,0.5825366,0.54945624,0.51692136,0.48503232,0.4539722,0.42370536,0.39397316,0.36448124,0.33499872,0.30535912,0.27587,0.2473996,0.21964068,0.18860644,0.16088004,0.13462964,0.11212488,0.08638668,0.06486896,0.04028268,0.01547328,0.00106328,1.84e-06,0.0,0.0,0.0,0.0,0.0,0.0,0.0,0.0,0.0,0.0
1/0.6,1.0,90.0,0.015,0.5,0.9999984,0.99999796,0.99999716,0.99999648,0.99999584,0.9999952,0.99999432,0.99999308,0.9999912,0.99998912,0.99998704,0.99998468,0.9999814,0.99997808,0.9999736,0.999968,0.99996232,0.99995512,0.99994616,0.99993544,0.99992152,0.99990592,0.99988748,0.9998648,0.99983744,0.999804,0.9997652,0.99971764,0.99966076,0.99959036,0.99949988,0.99940004,0.99928036,0.99913336,0.9989564,0.99874836,0.9984854,0.99817796,0.99780684,0.9973568,0.99681748,0.9961662,0.99537908,0.99443412,0.99329668,0.99192772,0.99027452,0.98828376,0.98588304,0.98298248,0.9794834,0.97525516,0.97012668,0.96388876,0.95623948,0.94671896,0.93457436,0.91931212,0.90158452,0.88140644,0.8580388,0.8302404,0.79615892,0.75236416,0.705652,0.65419896,0.5952222,0.54230632,0.49501472,0.45169436,0.41191016,0.37534504,0.341801,0.31076284,0.28161984,0.25386372,0.22706356,0.20125332,0.17751912,0.15549852,0.13525708,0.11522964,0.09431368,0.07355028,0.05069204,0.03384744,0.0164694,0.00568108,0.0,0.0,0.0,0.0,0.0,0.0,0.0,0.0,0.0,0.0,0.0,0.0
1/0.6,1.0,135.0,0.015,0.5,0.99999812,0.99999768,0.9999968,0.999996,0.99999504,0.99999428,0.99999312,0.99999168,0.99998968,0.99998744,0.99998504,0.99998156,0.9999772,0.99997216,0.99996528,0.99995908,0.99995076,0.9999398,0.999928,0.99991256,0.99989612,0.99987404,0.99984932,0.99981696,0.99977988,0.99973476,0.99968004,0.99961448,0.99953632,0.9994412,0.9993268,0.99918952,0.99902292,0.99882488,0.9985838,0.99829496,0.99794412,0.99752424,0.99701732,0.99640512,0.99566984,0.9947834,0.99371572,0.99242828,0.9908788,0.98900804,0.9867518,0.984024,0.98072284,0.97672744,0.97187532,0.9659614,0.95871012,0.94973936,0.93851,0.92418048,0.90524412,0.87784488,0.851726,0.82507404,0.79764264,0.76942504,0.74041544,0.71063084,0.68002868,0.6486058,0.61643028,0.58381472,0.5511336,0.51866148,0.4865856,0.45512064,0.42464956,0.39484396,0.36534612,0.33589412,0.30622724,0.27636424,0.2473086,0.21869888,0.1881074,0.16023808,0.13466764,0.1111944,0.085396,0.06503088,0.04053028,0.0160378,0.00110048,6.44e-06,0.0,0.0,0.0,0.0,0.0,0.0,0.0,0.0,0.0,0.0
1/0.6,1.0,180.0,0.015,0.5,0.99999864,0.9999984,0.99999816,0.99999736,0.99999672,0.99999588,0.99999484,0.99999344,0.9999924,0.9999912,0.9999888,0.99998656,0.9999832,0.99997972,0.99997524,0.99996948,0.999963,0.99995672,0.99994808,0.99993696,0.99992296,0.99990756,0.9998878,0.99986552,0.9998378,0.99980448,0.99976588,0.99971776,0.99966048,0.99959036,0.99950748,0.99940548,0.99928508,0.99913908,0.99896392,0.99874984,0.9984946,0.99818704,0.99781696,0.99737288,0.99683508,0.9961878,0.99540812,0.99446852,0.99334032,0.99197508,0.99033192,0.98835588,0.98597208,0.983097,0.97963876,0.97546256,0.97043008,0.96435596,0.95702944,0.94816732,0.93744752,0.92443524,0.9086068,0.88927084,0.86557252,0.83639864,0.80031512,0.75470784,0.7070004,0.655139,0.59610228,0.54302064,0.49567064,0.45231604,0.41250788,0.37586264,0.34236484,0.31136472,0.28223116,0.25451504,0.2277846,0.20204708,0.17815776,0.15604868,0.1356886,0.11556288,0.09357216,0.0729408,0.05000324,0.03353776,0.01525352,0.0038712,0.0,0.0,0.0,0.0,0.0,0.0,0.0,0.0,0.0,0.0,0.0,0.0
1/0.6,1/0.6,0.0,0.015,0.5,0.9999924,0.99999064,0.99998856,0.99998656,0.9999836,0.99998072,0.99997712,0.9999716,0.99996568,0.99995832,0.9999496,0.99993984,0.99992832,0.99991328,0.99989488,0.99987448,0.99984824,0.99981888,0.99978168,0.99973792,0.99968392,0.99961712,0.99953896,0.999444,0.99933088,0.9991952,0.99903016,0.99882968,0.9985908,0.99830048,0.9979512,0.99753072,0.99702608,0.99642376,0.9956892,0.99480984,0.99374592,0.99246576,0.99091968,0.98906344,0.9868264,0.98412312,0.9808764,0.97695528,0.97222288,0.96651008,0.9596164,0.9512572,0.9411256,0.92879016,0.91368312,0.8950372,0.87166752,0.84155856,0.7998816,0.71795168,0.64863336,0.5739584,0.48762072,0.40280208,0.34912168,0.3147324,0.29086088,0.27119144,0.25390976,0.237974,0.22274072,0.2068008,0.18934376,0.1697072,0.14644752,0.11570552,0.08854064,0.05931368,0.03735216,0.02132312,0.0094224,0.00273928,0.00078552,0.00012304,0.0,0.0,0.0,0.0,0.0,0.0,0.0,0.0,0.0,0.0,0.0,0.0,0.0,0.0,0.0,0.0,0.0,0.0,0.0,0.0
1/0.6,1/0.6,45.0,0.015,0.5,0.99999248,0.99999108,0.9999896,0.99998724,0.99998456,0.99998136,0.99997748,0.99997312,0.99996708,0.9999598,0.99995096,0.99994124,0.99992968,0.9999154,0.99989852,0.99987688,0.99984936,0.99981972,0.9997806,0.999737,0.99968432,0.99962056,0.9995414,0.99944648,0.99933352,0.999197,0.99903296,0.9988358,0.9985992,0.99831048,0.99796432,0.99755036,0.99704996,0.9964456,0.99571892,0.99484692,0.9937946,0.9925238,0.99099536,0.98914848,0.98692472,0.98424444,0.98101564,0.9771204,0.97241484,0.96672736,0.95983576,0.95147904,0.9412916,0.9288136,0.9134078,0.89412304,0.86944,0.83462264,0.794794,0.75123344,0.69971136,0.63281556,0.54903704,0.47930616,0.43132024,0.4036958,0.38127188,0.36147732,0.34287352,0.32439196,0.30722816,0.287794,0.26409504,0.22465364,0.18108208,0.13991652,0.089574,0.05878008,0.0369866,0.02114772,0.00951636,0.00304656,0.00086972,8.332e-05,0.0,0.0,0.0,0.0,0.0,0.0,0.0,0.0,0.0,0.0,0.0,0.0,0.0,0.0,0.0,0.0,0.0,0.0,0.0,0.0
1/0.6,1/0.6,90.0,0.015,0.5,0.99999236,0.99999088,0.99998932,0.99998688,0.99998356,0.99997984,0.99997644,0.9999716,0.99996564,0.99995952,0.9999506,0.99994044,0.99992724,0.99991148,0.99989232,0.99987096,0.99984556,0.99981524,0.9997752,0.99972852,0.99967448,0.99960748,0.99952888,0.9994326,0.99931692,0.9991758,0.99900704,0.99880532,0.99855608,0.99826184,0.99790784,0.99748176,0.99696388,0.996343,0.99559176,0.99468724,0.99359424,0.99228572,0.9907018,0.98879208,0.98648348,0.98369004,0.98031472,0.97620688,0.9711896,0.96503588,0.95741852,0.94787664,0.93571772,0.91976368,0.89777372,0.87388104,0.85134444,0.82355296,0.7866568,0.71305228,0.6432862,0.56954424,0.48399372,0.40014664,0.34705476,0.31296392,0.28735748,0.26818224,0.25189452,0.23683152,0.22263252,0.20710464,0.18998712,0.17081188,0.14852156,0.11878924,0.08969876,0.058813,0.03701096,0.02119572,0.00967944,0.00292712,0.00077512,8.452e-05,0.0,0.0,0.0,0.0,0.0,0.0,0.0,0.0,0.0,0.0,0.0,0.0,0.0,0.0,0.0,0.0,0.0,0.0,0.0,0.0
1/0.6,1/0.6,135.0,0.015,0.5,0.99999128,0.99998968,0.99998768,0.99998496,0.99998312,0.99997952,0.99997512,0.99996924,0.99996356,0.99995648,0.99994668,0.99993632,0.99992212,0.99990652,0.9998872,0.99986316,0.99983388,0.99980036,0.99976084,0.99971288,0.99965412,0.99958224,0.99949852,0.999393,0.9992712,0.99912172,0.9989408,0.99872436,0.99846212,0.99814916,0.99777004,0.99731696,0.9967662,0.9961038,0.9953048,0.99434624,0.99318832,0.99179304,0.9901158,0.98809228,0.985655,0.98271744,0.97917584,0.97490096,0.9697466,0.96351796,0.95598124,0.94684672,0.93574144,0.9221752,0.90548472,0.8847236,0.85834056,0.82159228,0.7826696,0.74004312,0.69130592,0.62907652,0.56389124,0.4894776,0.43672572,0.39930608,0.37152656,0.35256056,0.3377122,0.323397,0.30687136,0.287445,0.263678,0.22320556,0.1803506,0.13987456,0.08973056,0.05888376,0.03706296,0.0212244,0.00968264,0.00291884,0.000868,3.636e-05,0.0,0.0,0.0,0.0,0.0,0.0,0.0,0.0,0.0,0.0,0.0,0.0,0.0,0.0,0.0,0.0,0.0,0.0,0.0,0.0
1/0.6,1/0.6,180.0,0.015,0.5,0.99999104,0.9999884,0.99998688,0.99998456,0.99998216,0.9999788,0.99997456,0.99997008,0.99996504,0.99995864,0.9999512,0.99994248,0.99992992,0.9999152,0.99989768,0.99987696,0.99985336,0.99982296,0.9997856,0.99974,0.99968816,0.9996264,0.99954968,0.99945864,0.99934872,0.99921536,0.99905216,0.99886096,0.99863008,0.99835128,0.99801232,0.99760608,0.99711288,0.99652392,0.99581624,0.99495952,0.99392936,0.99268784,0.9911896,0.9893908,0.98722328,0.98460704,0.98144832,0.97765056,0.97306184,0.96753024,0.960838,0.95275352,0.9429444,0.93102984,0.91645696,0.89853216,0.876204,0.84779168,0.80984992,0.73681264,0.65996312,0.57913376,0.480296,0.39939232,0.34602224,0.30842032,0.2819308,0.26340088,0.24971312,0.23666904,0.22245072,0.20690184,0.18973544,0.170448,0.1478492,0.1177164,0.08966512,0.05936056,0.03740384,0.02149224,0.00995472,0.00299152,0.00081448,0.00013632,0.0,0.0,0.0,0.0,0.0,0.0,0.0,0.0,0.0,0.0,0.0,0.0,0.0,0.0,0.0,0.0,0.0,0.0,0.0,0.0
1/0.6,1/0.2,0.0,0.015,0.5,0.99999016,0.99998832,0.99998632,0.99998352,0.99997928,0.99997592,0.99997096,0.99996464,0.99995936,0.99995216,0.99994144,0.99993,0.99991304,0.9998968,0.99987744,0.99984888,0.99981944,0.99978152,0.99973752,0.99968432,0.9996208,0.99954392,0.99945056,0.99933864,0.99920216,0.99903872,0.99884264,0.99860312,0.99831992,0.99797216,0.9975576,0.99705792,0.99645832,0.9957324,0.99485768,0.9938036,0.9925384,0.99101216,0.98916872,0.986948,0.98427536,0.98104176,0.97714008,0.97241808,0.96669888,0.95974656,0.9512524,0.94079936,0.92776896,0.91111672,0.88834872,0.85744368,0.82714176,0.79400144,0.75669256,0.71416248,0.66418472,0.60086624,0.50080608,0.39697864,0.31169272,0.23279928,0.15441096,0.1040748,0.07052648,0.047712,0.03200168,0.02109552,0.01343496,0.0080736,0.00445192,0.002168,0.000868,0.00024872,3.064e-05,0.0,0.0,0.0,0.0,0.0,0.0,0.0,0.0,0.0,0.0,0.0,0.0,0.0,0.0,0.0,0.0,0.0,0.0,0.0,0.0,0.0,0.0,0.0,0.0,0.0
1/0.6,1/0.2,45.0,0.015,0.5,0.9999916,0.99998984,0.99998736,0.99998496,0.99998216,0.99997872,0.99997392,0.99996884,0.99996236,0.99995408,0.99994488,0.9999338,0.99992036,0.99990492,0.99988532,0.9998618,0.9998332,0.99979716,0.99975648,0.9997044,0.99964504,0.99957372,0.99948644,0.99938332,0.99925432,0.99910288,0.99892032,0.99869836,0.99843292,0.99811248,0.9977274,0.99726308,0.99670452,0.99602976,0.99521628,0.99423704,0.99305892,0.99163792,0.989923,0.98785784,0.98536972,0.98236932,0.97873816,0.97435528,0.96904896,0.96260444,0.95475604,0.945149,0.93329256,0.91848776,0.89965628,0.87497152,0.84044336,0.79358496,0.7484308,0.70082348,0.64773632,0.56627084,0.48292112,0.416746,0.3541506,0.23473404,0.15653428,0.10568904,0.0717652,0.04866872,0.03268284,0.02149556,0.01363252,0.00816344,0.0045056,0.00226152,0.00094404,0.00019816,3.2e-06,0.0,0.0,0.0,0.0,0.0,0.0,0.0,0.0,0.0,0.0,0.0,0.0,0.0,0.0,0.0,0.0,0.0,0.0,0.0,0.0,0.0,0.0,0.0,0.0,0.0
1/0.6,1/0.2,90.0,0.015,0.5,0.99998964,0.99998736,0.999985,0.99998188,0.99997804,0.99997348,0.99996816,0.999962,0.99995436,0.999945,0.99993392,0.9999204,0.99990272,0.9998838,0.99986136,0.99983184,0.99979716,0.99975796,0.9997076,0.99964624,0.99957476,0.9994892,0.99938164,0.99925644,0.99910356,0.99892268,0.99870152,0.99843444,0.9981148,0.9977282,0.99726408,0.99670388,0.99602844,0.99521608,0.99423944,0.99306384,0.99165084,0.98995616,0.98791552,0.98546548,0.98253644,0.97902464,0.97482368,0.96980092,0.96378356,0.95654996,0.9477742,0.93704032,0.92365536,0.90635096,0.88149356,0.850814,0.81899852,0.783303,0.74539164,0.70465972,0.657419,0.59477596,0.49667528,0.3967806,0.31279008,0.23567988,0.15615352,0.10532036,0.07147692,0.0484718,0.03256668,0.02144364,0.01364252,0.00822972,0.00459832,0.00228444,0.0008734,0.0001818,1.076e-05,0.0,0.0,0.0,0.0,0.0,0.0,0.0,0.0,0.0,0.0,0.0,0.0,0.0,0.0,0.0,0.0,0.0,0.0,0.0,0.0,0.0,0.0,0.0,0.0,0.0
1/0.6,1/0.2,135.0,0.015,0.5,0.99999104,0.99998896,0.9999862,0.999984,0.99998044,0.99997652,0.9999714,0.99996492,0.9999572,0.99994908,0.9999392,0.99992716,0.99991292,0.99989692,0.99987512,0.9998482,0.99981516,0.99977768,0.99973264,0.99967728,0.99961048,0.99953296,0.999436,0.99932304,0.99918268,0.9990174,0.99881432,0.99857112,0.99827964,0.9979284,0.99750524,0.9969944,0.9963816,0.99564044,0.99474852,0.99367476,0.99238048,0.99082264,0.98894016,0.98667556,0.98394852,0.980659,0.97669156,0.9719004,0.9661104,0.95910504,0.95061016,0.94026444,0.92759316,0.9119274,0.89224932,0.8668702,0.83192916,0.7868886,0.74594996,0.70486892,0.65962908,0.58290384,0.49958536,0.42849304,0.35779852,0.23490252,0.15627384,0.10531488,0.07143216,0.0484302,0.0325422,0.02143384,0.01363596,0.00820864,0.00455776,0.0022826,0.00099832,0.00019284,0.0,0.0,0.0,0.0,0.0,0.0,0.0,0.0,0.0,0.0,0.0,0.0,0.0,0.0,0.0,0.0,0.0,0.0,0.0,0.0,0.0,0.0,0.0,0.0,0.0,0.0
1/0.6,1/0.2,180.0,0.015,0.5,0.99999248,0.99999,0.999988,0.99998416,0.99998064,0.99997568,0.99997048,0.99996504,0.99995824,0.99994992,0.99994096,0.999928,0.99991272,0.99989416,0.99987184,0.99984408,0.9998116,0.9997752,0.99972912,0.99967504,0.99960848,0.99952808,0.99943152,0.99931576,0.99917568,0.99900744,0.99880536,0.9985624,0.998268,0.99791464,0.9974872,0.99697328,0.99635536,0.9956096,0.99471216,0.9936272,0.99232368,0.99075104,0.98885448,0.98657344,0.98381648,0.98048936,0.97647224,0.97160848,0.96570592,0.95852664,0.94974792,0.93890264,0.92530992,0.90772416,0.88234288,0.85126968,0.82043712,0.78626176,0.747804,0.70396176,0.65259904,0.5880352,0.49066832,0.39376288,0.31091912,0.2358264,0.15732,0.10618744,0.07213472,0.04896672,0.03294144,0.0217164,0.01380248,0.00829528,0.0045932,0.00225128,0.00091632,0.00027016,3.872e-05,0.0,0.0,0.0,0.0,0.0,0.0,0.0,0.0,0.0,0.0,0.0,0.0,0.0,0.0,0.0,0.0,0.0,0.0,0.0,0.0,0.0,0.0,0.0,0.0,0.0
1/0.2,0.2,0.0,0.015,0.5,0.9999868,0.9999836,0.9999804,0.99997632,0.99997064,0.99996544,0.99995824,0.9999504,0.99994008,0.99992816,0.9999128,0.99989592,0.9998728,0.99984752,0.99981568,0.99977872,0.99973536,0.99968032,0.99961288,0.99953544,0.99944152,0.99932624,0.99918744,0.99902336,0.99882216,0.998582,0.99828984,0.99793984,0.99751912,0.99701072,0.9963988,0.99566256,0.99477928,0.99370664,0.99241792,0.99086248,0.98898648,0.9867224,0.98398224,0.98066448,0.97661984,0.97164192,0.96528016,0.95750736,0.94865776,0.93864384,0.92737472,0.91474336,0.90044432,0.88397848,0.86509248,0.84350096,0.81886848,0.79079616,0.75871224,0.7217752,0.67853744,0.62599288,0.5550668,0.43268488,0.33503512,0.2507676,0.1644042,0.1090248,0.0731612,0.04924224,0.03291616,0.0215972,0.01369112,0.00821992,0.00454632,0.00223232,0.00092056,0.0002932,6.168e-05,0.0,0.0,0.0,0.0,0.0,0.0,0.0,0.0,0.0,0.0,0.0,0.0,0.0,0.0,0.0,0.0,0.0,0.0,0.0,0.0,0.0,0.0,0.0,0.0,0.0
1/0.2,0.2,45.0,0.015,0.5,0.99999364,0.99999268,0.999991,0.9999888,0.99998644,0.99998388,0.99998008,0.99997496,0.99996976,0.9999634,0.99995644,0.99994696,0.99993648,0.99992412,0.999909,0.99989092,0.99986892,0.99984288,0.99981084,0.99977292,0.99972624,0.99966788,0.9996008,0.99951888,0.99942164,0.99930048,0.99916044,0.99898572,0.99878288,0.9985336,0.99823416,0.9978732,0.99743628,0.9969172,0.9962844,0.99551896,0.99460384,0.9935022,0.99217288,0.99056628,0.98863932,0.98630984,0.98350456,0.98011628,0.97602964,0.97110232,0.9651256,0.95787816,0.94906292,0.93828132,0.92501388,0.9084986,0.88758932,0.86036492,0.82310664,0.76545452,0.68800428,0.59117672,0.5118464,0.44147328,0.3743734,0.253707,0.16457228,0.10914816,0.07325024,0.0493036,0.0329578,0.0216198,0.01370344,0.00822324,0.00454688,0.00223152,0.00092064,0.00030048,6.716e-05,0.0,0.0,0.0,0.0,0.0,0.0,0.0,0.0,0.0,0.0,0.0,0.0,0.0,0.0,0.0,0.0,0.0,0.0,0.0,0.0,0.0,0.0,0.0,0.0,0.0
1/0.2,0.2,90.0,0.015,0.5,0.99998632,0.99998272,0.9999796,0.9999756,0.99997136,0.99996604,0.9999582,0.99994892,0.99993876,0.99992624,0.99991204,0.99989476,0.9998726,0.99984652,0.99981544,0.99977916,0.99973212,0.99967784,0.9996138,0.99953256,0.99943448,0.99932112,0.99918232,0.99901356,0.99881184,0.99856928,0.99827704,0.99792428,0.99750036,0.99698836,0.99637356,0.99563088,0.99473688,0.99365892,0.99235984,0.99079432,0.98890288,0.98661984,0.98385948,0.98051228,0.97643292,0.97140784,0.96497096,0.95718068,0.9483068,0.93826076,0.92694964,0.91426908,0.89989948,0.883357,0.86438252,0.84269148,0.817972,0.7898044,0.75766076,0.72070708,0.67752796,0.62524176,0.55497564,0.43328496,0.33572116,0.25138384,0.1648034,0.109296,0.0733512,0.04937016,0.0330032,0.02165248,0.0137276,0.00824088,0.0045588,0.0022392,0.00092488,0.000297,6.384e-05,0.0,0.0,0.0,0.0,0.0,0.0,0.0,0.0,0.0,0.0,0.0,0.0,0.0,0.0,0.0,0.0,0.0,0.0,0.0,0.0,0.0,0.0,0.0,0.0,0.0
1/0.2,0.2,135.0,0.015,0.5,0.99999352,0.99999232,0.99999084,0.99998924,0.99998744,0.99998496,0.99998112,0.99997636,0.99997136,0.99996564,0.99995836,0.99995028,0.99993984,0.99992716,0.99991148,0.99989332,0.99987076,0.9998438,0.99981,0.99977256,0.99972664,0.99967068,0.999605,0.9995224,0.99942408,0.99930656,0.99916356,0.99899504,0.99878764,0.99853924,0.99823928,0.99788052,0.99745048,0.99692344,0.99629712,0.99554492,0.9946316,0.99353188,0.99220696,0.99061656,0.98869084,0.98637428,0.9835838,0.9802154,0.97614508,0.97123176,0.96528296,0.95806988,0.949296,0.9385648,0.92536288,0.90892452,0.88811424,0.86101664,0.82395644,0.76666036,0.6893306,0.59247728,0.5128414,0.44223496,0.37492736,0.25437156,0.1649806,0.10941076,0.07342568,0.04942276,0.03304388,0.02168156,0.01374948,0.00825564,0.00456812,0.00224396,0.00092684,0.00030224,6.936e-05,0.0,0.0,0.0,0.0,0.0,0.0,0.0,0.0,0.0,0.0,0.0,0.0,0.0,0.0,0.0,0.0,0.0,0.0,0.0,0.0,0.0,0.0,0.0,0.0,0.0
1/0.2,0.2,180.0,0.015,0.5,0.99998672,0.99998388,0.9999806,0.99997644,0.99997164,0.99996612,0.99995852,0.99995172,0.99994096,0.99992816,0.99991484,0.99989684,0.99987424,0.99984596,0.99981556,0.99977816,0.99973248,0.999679,0.9996132,0.99953492,0.99944124,0.99932596,0.99918808,0.99902136,0.99882204,0.99858324,0.99829088,0.99794132,0.99752272,0.99701636,0.99640332,0.99566636,0.99477788,0.99371084,0.99241832,0.99086468,0.98899144,0.98672612,0.98398744,0.9806614,0.97662576,0.97165072,0.96529344,0.95750072,0.9486248,0.93857688,0.92727024,0.91460216,0.90026744,0.88376152,0.86483284,0.84319008,0.81851992,0.79039968,0.75829284,0.72138024,0.67820436,0.62583044,0.55540968,0.43356748,0.33592748,0.25163172,0.16509692,0.10949472,0.07348336,0.04946272,0.03307148,0.02170108,0.01376556,0.00826872,0.0045768,0.00225268,0.00093032,0.00029824,6.312e-05,0.0,0.0,0.0,0.0,0.0,0.0,0.0,0.0,0.0,0.0,0.0,0.0,0.0,0.0,0.0,0.0,0.0,0.0,0.0,0.0,0.0,0.0,0.0,0.0,0.0
1/0.2,0.6,0.0,0.015,0.5,0.99998816,0.99998616,0.99998368,0.99997948,0.99997532,0.99996948,0.99996276,0.99995532,0.99994728,0.99993584,0.9999236,0.99990944,0.99989156,0.9998686,0.99984144,0.9998088,0.99976976,0.99972264,0.99966312,0.99959792,0.99951504,0.99941396,0.999298,0.9991534,0.99898044,0.99877336,0.9985218,0.99821732,0.99785632,0.99741624,0.99688944,0.99624832,0.9954842,0.9945576,0.99344772,0.99210748,0.9904944,0.98854448,0.98619464,0.98336024,0.97994296,0.97580072,0.97078616,0.96468528,0.95725248,0.94793384,0.93588936,0.91962496,0.89877448,0.87888008,0.857878,0.83464096,0.80664596,0.77993192,0.7534478,0.72574088,0.69613376,0.66389348,0.6278584,0.58594504,0.53396184,0.43711436,0.3292592,0.2841074,0.2568318,0.23904088,0.22439876,0.20855932,0.1912396,0.17196228,0.14972676,0.12021492,0.090738,0.0593412,0.03714868,0.0212042,0.00965212,0.00286744,0.00083176,0.00018088,0.0,0.0,0.0,0.0,0.0,0.0,0.0,0.0,0.0,0.0,0.0,0.0,0.0,0.0,0.0,0.0,0.0,0.0,0.0,0.0
1/0.2,0.6,45.0,0.015,0.5,0.99998516,0.99998224,0.99997896,0.99997464,0.99997004,0.99996376,0.9999558,0.99994708,0.99993696,0.9999244,0.9999094,0.99988936,0.99986528,0.99984,0.99980632,0.99976584,0.99971988,0.99965904,0.99959148,0.99950732,0.99940436,0.99928328,0.999136,0.99895912,0.99874808,0.99849364,0.99818648,0.99781188,0.99736092,0.99681796,0.99614796,0.99535028,0.99439136,0.99324392,0.99191012,0.99034104,0.98851128,0.98635996,0.98384852,0.98091644,0.97749936,0.9735336,0.96894644,0.96364948,0.95754996,0.9505384,0.9424526,0.93311068,0.92232972,0.9099298,0.89567724,0.87929556,0.86040164,0.83842252,0.81245488,0.78089396,0.7404804,0.68556764,0.63656352,0.58919324,0.5414678,0.48975264,0.41621596,0.37160852,0.34425528,0.32578224,0.30914012,0.28970704,0.2661414,0.22826404,0.18257048,0.14250932,0.09133636,0.05938708,0.03718004,0.02122356,0.00966272,0.00286712,0.00083208,0.00019616,0.0,0.0,0.0,0.0,0.0,0.0,0.0,0.0,0.0,0.0,0.0,0.0,0.0,0.0,0.0,0.0,0.0,0.0,0.0,0.0
1/0.2,0.6,90.0,0.015,0.5,0.99998788,0.99998488,0.99998196,0.9999788,0.9999752,0.99997088,0.99996496,0.99995704,0.99994796,0.99993704,0.99992416,0.99990892,0.99989172,0.99986948,0.99984188,0.99980888,0.99976984,0.99972448,0.9996682,0.99959944,0.99951456,0.9994144,0.99929896,0.99915416,0.9989806,0.99877548,0.99851928,0.99821828,0.99785444,0.99741888,0.99688936,0.99624996,0.99548556,0.99456052,0.99344676,0.99210568,0.99049096,0.98853876,0.98618132,0.98334052,0.97991028,0.97576656,0.97075064,0.9646556,0.95721008,0.94788104,0.93584628,0.91959068,0.89865584,0.8786706,0.85762156,0.8344694,0.80659032,0.77932852,0.75263856,0.7247926,0.69509716,0.66281072,0.62678804,0.58495852,0.53310196,0.43908844,0.32951092,0.28421792,0.25683804,0.23920392,0.224529,0.20865376,0.19130108,0.17198512,0.14968896,0.12006452,0.09074892,0.059431,0.03721024,0.02124544,0.00967728,0.0028662,0.00083012,0.0001944,0.0,0.0,0.0,0.0,0.0,0.0,0.0,0.0,0.0,0.0,0.0,0.0,0.0,0.0,0.0,0.0,0.0,0.0,0.0,0.0
1/0.2,0.6,135.0,0.015,0.5,0.99998552,0.99998228,0.9999784,0.99997396,0.99996884,0.99996244,0.99995352,0.9999426,0.99993068,0.99991736,0.99990084,0.99987856,0.9998532,0.99982432,0.99978868,0.9997444,0.99969184,0.9996278,0.99955156,0.999461,0.99934832,0.99921448,0.9990528,0.99885988,0.99862932,0.99835472,0.9980236,0.99762828,0.99715072,0.99658636,0.99590684,0.99510236,0.99415552,0.99304476,0.99173388,0.99019132,0.98837572,0.98624648,0.98375388,0.9808314,0.97743612,0.97349056,0.9689232,0.96364868,0.95757568,0.9505882,0.94253324,0.93321008,0.922455,0.91008232,0.89586172,0.87951488,0.86065828,0.83872004,0.81280188,0.7812776,0.74090628,0.68593396,0.63681148,0.58934008,0.5414076,0.4896852,0.41594272,0.37152084,0.34425364,0.3258006,0.30915888,0.28973044,0.26617472,0.22838156,0.18263376,0.14256396,0.09137752,0.05941696,0.03720236,0.02124312,0.00967748,0.00287528,0.00083472,0.00019628,0.0,0.0,0.0,0.0,0.0,0.0,0.0,0.0,0.0,0.0,0.0,0.0,0.0,0.0,0.0,0.0,0.0,0.0,0.0,0.0
1/0.2,0.6,180.0,0.015,0.5,0.99998752,0.99998528,0.99998192,0.99997832,0.99997456,0.99996984,0.99996416,0.99995568,0.99994668,0.99993728,0.99992544,0.99990952,0.9998916,0.99986896,0.99984232,0.99981004,0.99977188,0.99972424,0.99966804,0.99960124,0.99951704,0.99941764,0.99930044,0.99915544,0.9989848,0.99877812,0.99852232,0.99822376,0.99786296,0.99742472,0.99689632,0.99625692,0.99549356,0.99457112,0.99346308,0.9921268,0.9905138,0.98856468,0.98621956,0.98338316,0.9799616,0.97582636,0.97082288,0.96474576,0.9573148,0.9480112,0.93601136,0.91979608,0.8988946,0.87893912,0.8579264,0.8347492,0.80680088,0.77982524,0.75325128,0.72548552,0.69584352,0.6635638,0.62750728,0.58559512,0.53365104,0.43705072,0.32925512,0.28414048,0.25685776,0.23916776,0.22450912,0.20865388,0.19131748,0.1720266,0.149775,0.12023412,0.09077476,0.05939012,0.03718548,0.02123276,0.00967448,0.00288128,0.00083444,0.0001824,0.0,0.0,0.0,0.0,0.0,0.0,0.0,0.0,0.0,0.0,0.0,0.0,0.0,0.0,0.0,0.0,0.0,0.0,0.0,0.0
1/0.2,1.0,0.0,0.015,0.5,0.99999864,0.9999984,0.99999808,0.9999976,0.9999968,0.99999588,0.99999484,0.9999938,0.99999204,0.99998988,0.9999876,0.9999854,0.99998204,0.99997916,0.99997448,0.9999694,0.99996404,0.99995664,0.99994872,0.99993604,0.99992404,0.99990812,0.99988928,0.9998668,0.99983944,0.99980692,0.99976764,0.99972012,0.99966112,0.99959144,0.99950896,0.99940968,0.99928956,0.99914524,0.99896892,0.99875932,0.99850632,0.9982006,0.99783296,0.99739004,0.9968566,0.99621212,0.99543684,0.99450564,0.99337768,0.99202352,0.99039236,0.9884274,0.98606172,0.98320448,0.97976424,0.97562036,0.97061144,0.96457428,0.95729336,0.94849088,0.93782828,0.9248888,0.909141,0.88990004,0.86629336,0.83719984,0.80117344,0.75549636,0.7074924,0.65531652,0.59597012,0.54290088,0.49547748,0.45206304,0.41220456,0.37554848,0.34206048,0.31107052,0.28195576,0.25424208,0.22747832,0.2016398,0.17769348,0.15562544,0.13529968,0.1151894,0.09386756,0.07295028,0.05003392,0.03376672,0.01629564,0.00542184,0.0,0.0,0.0,0.0,0.0,0.0,0.0,0.0,0.0,0.0,0.0,0.0
1/0.2,1.0,45.0,0.015,0.5,0.999998,0.99999756,0.99999668,0.99999584,0.99999508,0.99999396,0.99999288,0.99999144,0.99998948,0.99998704,0.99998448,0.99998052,0.9999766,0.99997224,0.99996644,0.9999582,0.99994936,0.99993872,0.9999268,0.99991224,0.99989568,0.999874,0.99984716,0.99981736,0.99977884,0.9997348,0.99967864,0.99961284,0.99953448,0.99943924,0.9993242,0.99918548,0.99902096,0.9988206,0.99857824,0.99828852,0.99793852,0.99751668,0.99700932,0.99639532,0.9956562,0.99476784,0.9936982,0.99240724,0.9908544,0.98897692,0.986714,0.98397688,0.98066904,0.97666248,0.9717998,0.96586692,0.95859604,0.94960396,0.93834116,0.92396336,0.90491944,0.87747712,0.8513574,0.82457656,0.79693144,0.76842656,0.73909808,0.7090042,0.67823468,0.64689512,0.61510468,0.58302436,0.5508124,0.5186536,0.4867544,0.45535168,0.42484224,0.39494028,0.36535296,0.33582812,0.30612692,0.276326,0.24739004,0.21895024,0.18845548,0.16035784,0.13445792,0.11138732,0.08546692,0.06491712,0.040405,0.01538572,0.00108884,8.4e-06,0.0,0.0,0.0,0.0,0.0,0.0,0.0,0.0,0.0,0.0
1/0.2,1.0,90.0,0.015,0.5,0.99999824,0.99999772,0.9999974,0.99999708,0.99999616,0.99999556,0.99999428,0.99999316,0.99999204,0.99999028,0.99998796,0.999985,0.99998148,0.99997852,0.99997448,0.99997044,0.99996428,0.99995568,0.99994696,0.99993672,0.99992368,0.99990824,0.999889,0.99986636,0.99983896,0.99980632,0.99976604,0.99971788,0.99965948,0.99959144,0.99950784,0.99940744,0.9992852,0.99913904,0.9989638,0.99875196,0.9984974,0.99818992,0.99782012,0.9973748,0.99683924,0.99619172,0.99541132,0.99447556,0.99334736,0.99198724,0.99034504,0.98837096,0.98598836,0.98312088,0.97966596,0.97549624,0.97046496,0.96439716,0.95707784,0.94823376,0.93752688,0.92453208,0.9087204,0.88941096,0.86573944,0.836587,0.80051928,0.75482328,0.70685288,0.65473896,0.59548424,0.54250908,0.4951556,0.4517932,0.41197304,0.375359,0.34190324,0.31092652,0.28181496,0.25409608,0.2273282,0.20153064,0.177636,0.15561988,0.1353496,0.11520116,0.09396488,0.07315448,0.05025148,0.03378932,0.01634184,0.00549148,0.0,0.0,0.0,0.0,0.0,0.0,0.0,0.0,0.0,0.0,0.0,0.0
1/0.2,1.0,135.0,0.015,0.5,0.99999728,0.99999692,0.99999624,0.99999532,0.99999472,0.99999372,0.99999244,0.99999136,0.99998928,0.99998688,0.99998416,0.99998012,0.99997564,0.99997088,0.99996496,0.99995816,0.99995024,0.99994056,0.99992792,0.9999132,0.99989536,0.99987396,0.9998484,0.99981664,0.99978004,0.99973448,0.99968,0.99961412,0.9995358,0.99944104,0.99932604,0.99918824,0.99902216,0.99882268,0.99858192,0.99829188,0.99794064,0.99751804,0.99701096,0.99640024,0.99566456,0.99477788,0.99370992,0.99242136,0.9908686,0.98899824,0.98673924,0.98401036,0.9807076,0.97671152,0.97185572,0.96593064,0.958673,0.94969576,0.93845188,0.92409616,0.90508868,0.87763052,0.85147492,0.82467324,0.79700676,0.76848584,0.73914344,0.70903948,0.67825416,0.64690952,0.61510988,0.58302308,0.55080592,0.51865108,0.48675112,0.455352,0.42484596,0.39495168,0.36536624,0.3358508,0.30614616,0.27633972,0.24738464,0.21893612,0.18844008,0.16033636,0.13446968,0.11135552,0.08544116,0.0649254,0.0404108,0.0154058,0.0010896,8.4e-06,0.0,0.0,0.0,0.0,0.0,0.0,0.0,0.0,0.0,0.0
1/0.2,1.0,180.0,0.015,0.5,0.99999824,0.99999784,0.99999744,0.9999972,0.99999656,0.99999592,0.99999504,0.99999376,0.99999256,0.99999108,0.99998864,0.99998644,0.99998316,0.99997964,0.99997444,0.99997036,0.99996436,0.99995696,0.9999466,0.99993628,0.99992388,0.99990728,0.9998888,0.99986708,0.99984016,0.99980684,0.99976836,0.99972012,0.9996626,0.99959516,0.99951028,0.99941064,0.99928904,0.999143,0.99896792,0.99875812,0.99850436,0.99819848,0.99782888,0.99738488,0.99684868,0.99620564,0.99543068,0.99449328,0.99336852,0.99201116,0.99037488,0.9884072,0.9860378,0.98317424,0.97972864,0.97557752,0.9705684,0.96451888,0.95722556,0.94840296,0.93772528,0.92476652,0.90899984,0.88972796,0.86608684,0.83697388,0.8009308,0.75524148,0.70725616,0.65509996,0.59578136,0.54274808,0.49535216,0.4519586,0.41211252,0.37547104,0.3419974,0.31101116,0.2819014,0.25419516,0.22743144,0.20162508,0.17770052,0.15564808,0.13532564,0.11520616,0.09386904,0.07299336,0.05007336,0.03376636,0.01627024,0.00539484,0.0,0.0,0.0,0.0,0.0,0.0,0.0,0.0,0.0,0.0,0.0,0.0
1/0.2,1/0.6,0.0,0.015,0.5,0.99999288,0.99999184,0.99999032,0.99998816,0.9999856,0.99998112,0.99997776,0.99997224,0.99996564,0.99995952,0.99995196,0.99994176,0.99993032,0.99991296,0.999896,0.99987648,0.99985264,0.99982296,0.99978548,0.999744,0.99969184,0.99962784,0.99955276,0.99946044,0.9993496,0.9992194,0.99905816,0.99886828,0.99863552,0.9983568,0.9980186,0.9976116,0.99711896,0.99653168,0.99582608,0.99497272,0.9939498,0.9927132,0.99122776,0.98943224,0.9872688,0.98466268,0.98151804,0.97772444,0.97315992,0.96764436,0.96098304,0.95292412,0.94315616,0.9312804,0.9167728,0.89892668,0.87669916,0.84844456,0.8107956,0.73938532,0.66160552,0.580572,0.48134888,0.40027784,0.34671632,0.30902952,0.28201524,0.26354696,0.24976128,0.23671176,0.22249144,0.20694156,0.1897894,0.17055352,0.14813316,0.11820232,0.08956356,0.05891988,0.03708176,0.0212366,0.00969704,0.00285968,0.00082328,0.00017808,0.0,0.0,0.0,0.0,0.0,0.0,0.0,0.0,0.0,0.0,0.0,0.0,0.0,0.0,0.0,0.0,0.0,0.0,0.0,0.0
1/0.2,1/0.6,45.0,0.015,0.5,0.99999148,0.99999,0.99998776,0.99998536,0.99998284,0.99997996,0.99997576,0.99997084,0.99996416,0.9999566,0.99994716,0.99993656,0.99992184,0.99990712,0.99988788,0.99986408,0.99983664,0.99980392,0.99976372,0.99971624,0.999658,0.99958656,0.99950188,0.99940096,0.99927848,0.99913304,0.99895452,0.99874144,0.99848584,0.99817524,0.99779904,0.9973502,0.99681156,0.99615588,0.99536836,0.99442132,0.99328252,0.99190756,0.99025172,0.9882572,0.98585092,0.9829544,0.97945808,0.97524472,0.97015564,0.96400556,0.95656284,0.94753964,0.936554,0.92312116,0.90657316,0.885934,0.85957572,0.82276688,0.78383952,0.740725,0.69067712,0.62526984,0.5606704,0.4856018,0.433205,0.3963838,0.36989228,0.3514904,0.33751772,0.3232358,0.3067296,0.28730676,0.26351524,0.22271932,0.18015896,0.13987704,0.089766,0.05889832,0.037061,0.02122044,0.00968288,0.00286204,0.0008262,0.00019384,0.0,0.0,0.0,0.0,0.0,0.0,0.0,0.0,0.0,0.0,0.0,0.0,0.0,0.0,0.0,0.0,0.0,0.0,0.0,0.0
1/0.2,1/0.6,90.0,0.015,0.5,0.9999924,0.99999072,0.99998924,0.99998716,0.99998468,0.99998192,0.99997796,0.99997288,0.99996624,0.99995948,0.99995248,0.99994252,0.99993056,0.99991588,0.99989828,0.99987832,0.99985356,0.99982392,0.99978648,0.99974296,0.9996906,0.99962796,0.99955,0.99946004,0.99934944,0.99921648,0.9990562,0.99886248,0.99863044,0.9983504,0.99801092,0.99760476,0.99711408,0.99652392,0.99580972,0.99495804,0.9939244,0.9926788,0.99117792,0.98937344,0.98719732,0.98457868,0.9814148,0.97761456,0.97301564,0.96747412,0.96076512,0.95267132,0.94285572,0.93090852,0.91632568,0.89837552,0.8760166,0.84752996,0.80952068,0.73582868,0.65957936,0.57881368,0.47975304,0.39918856,0.34601692,0.30856472,0.2817026,0.26327,0.24982572,0.2367728,0.2225612,0.20701792,0.18987628,0.17066392,0.14828828,0.1184288,0.089632,0.05889264,0.03706008,0.02121824,0.00967724,0.00285848,0.00082496,0.00019192,0.0,0.0,0.0,0.0,0.0,0.0,0.0,0.0,0.0,0.0,0.0,0.0,0.0,0.0,0.0,0.0,0.0,0.0,0.0,0.0
1/0.2,1/0.6,135.0,0.015,0.5,0.99999124,0.999989,0.99998688,0.99998456,0.99998152,0.99997836,0.99997368,0.99996932,0.99996312,0.9999552,0.99994664,0.99993552,0.99992156,0.99990664,0.99988756,0.99986332,0.99983564,0.9998016,0.99976244,0.9997158,0.999657,0.99958772,0.99950484,0.99940328,0.99927844,0.99913136,0.99895496,0.99874316,0.998485,0.99817336,0.9978,0.99735324,0.99681104,0.99615992,0.99537444,0.9944298,0.99329212,0.99191868,0.9902668,0.98827408,0.98587284,0.98297568,0.97948652,0.97528172,0.97019772,0.96405508,0.95662488,0.94761268,0.93664232,0.9232272,0.90670224,0.88608504,0.85977112,0.82300128,0.7839682,0.7408056,0.69070288,0.625228,0.56055908,0.48539564,0.4330958,0.39634796,0.36990976,0.3515754,0.33756484,0.32327984,0.3067722,0.28734756,0.26355524,0.22275316,0.18018956,0.13992448,0.08981,0.05892916,0.03708708,0.02124084,0.00969852,0.00286676,0.0008276,0.00019404,0.0,0.0,0.0,0.0,0.0,0.0,0.0,0.0,0.0,0.0,0.0,0.0,0.0,0.0,0.0,0.0,0.0,0.0,0.0,0.0
1/0.2,1/0.6,180.0,0.015,0.5,0.99999356,0.9999914,0.9999898,0.99998788,0.99998548,0.99998244,0.99997796,0.99997428,0.99996856,0.9999612,0.9999536,0.99994496,0.99993376,0.99991884,0.99990032,0.9998794,0.99985496,0.99982324,0.99978916,0.99974664,0.99969312,0.99963092,0.99955464,0.99946232,0.99935232,0.99921856,0.99905904,0.99886616,0.99863156,0.99835228,0.99801816,0.99761324,0.997124,0.99653288,0.995824,0.99497108,0.99394076,0.99269872,0.99120216,0.98940384,0.98723304,0.98462224,0.98147408,0.97767952,0.97309712,0.96756728,0.9608916,0.95281176,0.94301928,0.9311068,0.91657276,0.8986754,0.8763774,0.84799768,0.8101728,0.7375264,0.66056904,0.57966728,0.48046908,0.3996772,0.3463472,0.30879636,0.28191548,0.26347328,0.24984032,0.23678716,0.22256272,0.20701332,0.18986304,0.17063048,0.1482232,0.11830612,0.08964488,0.0589612,0.03711136,0.02126252,0.00971972,0.0028748,0.00082744,0.00018016,0.0,0.0,0.0,0.0,0.0,0.0,0.0,0.0,0.0,0.0,0.0,0.0,0.0,0.0,0.0,0.0,0.0,0.0,0.0,0.0
1/0.2,1/0.2,0.0,0.015,0.5,0.9999898,0.99998788,0.99998604,0.99998284,0.99997924,0.99997592,0.99997072,0.99996568,0.99995908,0.99995092,0.99994144,0.99992732,0.99991328,0.99989592,0.99987408,0.99984576,0.99981556,0.9997766,0.99973352,0.99968028,0.99961172,0.99953428,0.99943624,0.99932368,0.99918488,0.9990158,0.99881572,0.998574,0.9982814,0.99793136,0.9975052,0.99699396,0.99638108,0.99564156,0.99474892,0.99367212,0.9923776,0.99081988,0.98893536,0.98666792,0.98393564,0.98063328,0.97664232,0.9718136,0.96595996,0.9588344,0.95012156,0.9393734,0.92591036,0.90851996,0.88359464,0.85283504,0.82233028,0.78853684,0.75048116,0.7071056,0.65623692,0.59218384,0.49410708,0.39441876,0.31111052,0.23471036,0.15566572,0.10496588,0.07122396,0.04828792,0.03243016,0.02133604,0.013548,0.00813364,0.00449896,0.00220472,0.0009068,0.00028928,6.048e-05,0.0,0.0,0.0,0.0,0.0,0.0,0.0,0.0,0.0,0.0,0.0,0.0,0.0,0.0,0.0,0.0,0.0,0.0,0.0,0.0,0.0,0.0,0.0,0.0,0.0
1/0.2,1/0.2,45.0,0.015,0.5,0.99999056,0.99998868,0.99998644,0.99998376,0.99998064,0.99997684,0.999973,0.99996772,0.99996064,0.99995236,0.9999426,0.99993008,0.9999162,0.9998982,0.99987716,0.99985188,0.99982196,0.99978548,0.99974196,0.99968864,0.999624,0.99954808,0.99945628,0.99934476,0.99921024,0.99904936,0.99885484,0.99862216,0.99833848,0.99799912,0.99759056,0.9970952,0.99650176,0.99578488,0.9949242,0.99388604,0.99263428,0.99112812,0.98931296,0.98712468,0.9844806,0.98129976,0.97745392,0.97281108,0.96718956,0.9603766,0.95208556,0.94195568,0.92949356,0.91399036,0.8943902,0.86892028,0.83364092,0.78756324,0.74490916,0.70149188,0.65369832,0.57592248,0.49327492,0.42356872,0.35549944,0.23412392,0.15583472,0.1050848,0.0713076,0.04834676,0.03246756,0.0213602,0.01355948,0.00814024,0.00449916,0.00220356,0.00090848,0.000296,6.612e-05,0.0,0.0,0.0,0.0,0.0,0.0,0.0,0.0,0.0,0.0,0.0,0.0,0.0,0.0,0.0,0.0,0.0,0.0,0.0,0.0,0.0,0.0,0.0,0.0,0.0
1/0.2,1/0.2,90.0,0.015,0.5,0.999991,0.9999884,0.99998596,0.9999838,0.99998036,0.99997588,0.99997112,0.99996564,0.99995932,0.99995028,0.99993936,0.9999276,0.99991172,0.9998946,0.99987236,0.99984612,0.99981492,0.99977764,0.99973108,0.99967528,0.99960952,0.99952796,0.99943232,0.9993158,0.99917476,0.99900756,0.99880632,0.99856176,0.99826612,0.99791244,0.99748764,0.99697316,0.99635464,0.99560856,0.9947112,0.9936296,0.992323,0.99075108,0.9888568,0.98657404,0.98381684,0.98049268,0.97647516,0.97161052,0.96571412,0.95853784,0.94976168,0.93893548,0.92537428,0.90786208,0.8827644,0.85197604,0.82141524,0.78758056,0.74953676,0.70626784,0.65563168,0.59202956,0.49459892,0.39515968,0.31180952,0.23529888,0.15604108,0.10522152,0.07140112,0.04840892,0.03251132,0.02139068,0.0135826,0.00815776,0.00451128,0.00221336,0.00091264,0.00029192,6.208e-05,0.0,0.0,0.0,0.0,0.0,0.0,0.0,0.0,0.0,0.0,0.0,0.0,0.0,0.0,0.0,0.0,0.0,0.0,0.0,0.0,0.0,0.0,0.0,0.0,0.0
1/0.2,1/0.2,135.0,0.015,0.5,0.9999912,0.99998948,0.9999868,0.99998428,0.99998068,0.99997736,0.99997368,0.99996744,0.9999604,0.99995148,0.99994264,0.99993004,0.999916,0.99989732,0.99987672,0.99985216,0.9998224,0.99978668,0.99974432,0.99969112,0.99962784,0.99955132,0.99945932,0.99934876,0.99921592,0.9990552,0.9988618,0.99862752,0.99834692,0.99800992,0.99760016,0.99711064,0.99651928,0.99580828,0.99495172,0.99391836,0.99267408,0.99117296,0.98936624,0.98718752,0.98456164,0.98139424,0.97757228,0.97295172,0.9673622,0.96058152,0.95233544,0.94225736,0.92986024,0.91444196,0.89495076,0.86961604,0.83456992,0.78853788,0.7459144,0.7025132,0.65480492,0.57730936,0.49420856,0.42428376,0.35609424,0.2346956,0.15620864,0.10533516,0.07147844,0.04846416,0.03255288,0.02141888,0.0136028,0.00817092,0.00451884,0.0022164,0.00091372,0.00029752,6.884e-05,0.0,0.0,0.0,0.0,0.0,0.0,0.0,0.0,0.0,0.0,0.0,0.0,0.0,0.0,0.0,0.0,0.0,0.0,0.0,0.0,0.0,0.0,0.0,0.0,0.0
1/0.2,1/0.2,180.0,0.015,0.5,0.9999902,0.9999888,0.9999868,0.99998336,0.99998108,0.99997724,0.99997248,0.9999656,0.99995916,0.99995164,0.99994248,0.9999274,0.99991144,0.99989504,0.99987424,0.99984712,0.99981728,0.9997772,0.9997324,0.9996788,0.99961212,0.99953124,0.99943496,0.9993224,0.99918224,0.99901372,0.998812,0.99857004,0.99827676,0.99792356,0.99749844,0.99698644,0.99636924,0.9956274,0.9947312,0.99365236,0.9923584,0.99079456,0.98890724,0.98663288,0.98388872,0.9805798,0.97657764,0.97173712,0.96586716,0.95872816,0.94999108,0.9392098,0.92571496,0.90830448,0.88345076,0.85258364,0.82203024,0.7882086,0.75017,0.70685972,0.65613332,0.59239284,0.49487364,0.3953618,0.31199372,0.235569,0.15633208,0.10542152,0.07153712,0.04850484,0.03257904,0.02144076,0.0136184,0.00818468,0.00452916,0.00222384,0.00091744,0.0002936,6.136e-05,0.0,0.0,0.0,0.0,0.0,0.0,0.0,0.0,0.0,0.0,0.0,0.0,0.0,0.0,0.0,0.0,0.0,0.0,0.0,0.0,0.0,0.0,0.0,0.0,0.0
