s1,s2,alpha,source_radius,LD_coeff,1.0e-08,1.2e-08,1.5e-08,1.7e-08,2.1e-08,2.5e-08,3.1e-08,3.7e-08,4.4e-08,5.3e-08,6.4e-08,7.7e-08,9.3e-08,1.1e-07,1.4e-07,1.6e-07,2.0e-07,2.4e-07,2.8e-07,3.4e-07,4.1e-07,5.0e-07,6.0e-07,7.2e-07,8.7e-07,1.0e-06,1.3e-06,1.5e-06,1.8e-06,2.2e-06,2.7e-06,3.2e-06,3.9e-06,4.6e-06,5.6e-06,6.7e-06,8.1e-06,9.8e-06,1.2e-05,1.4e-05,1.7e-05,2.1e-05,2.5e-05,3.0e-05,3.6e-05,4.3e-05,5.2e-05,6.3e-05,7.6e-05,9.1e-05,1.1e-04,1.3e-04,1.6e-04,1.9e-04,2.3e-04,2.8e-04,3.4e-04,4.0e-04,4.9e-04,5.9e-04,7.1e-04,8.5e-04,1.0e-03,1.2e-03,1.5e-03,1.8e-03,2.2e-03,2.6e-03,3.1e-03,3.8e-03,4.5e-03,5.5e-03,6.6e-03,7.9e-03,9.5e-03,1.1e-02,1.4e-02,1.7e-02,2.0e-02,2.4e-02,2.9e-02,3.5e-02,4.2e-02,5.1e-02,6.1e-02,7.4e-02,8.9e-02,1.1e-01,1.3e-01,1.6e-01,1.9e-01,2.3e-01,2.7e-01,3.3e-01,3.9e-01,4.8e-01,5.7e-01,6.9e-01,8.3e-01,1.0e+00
0.2,0.2,0.0,0.0015,0.5,0.99999256,0.99999032,0.99998824,0.99998544,0.99998184,0.9999788,0.9999756,0.99997144,0.99996496,0.99995648,0.99994616,0.99993456,0.9999224,0.99990672,0.99988696,0.99986504,0.99983632,0.99980496,0.99976624,0.99971552,0.99965432,0.99958904,0.99950328,0.99940392,0.9992796,0.9991332,0.99896272,0.99874856,0.99849264,0.99819496,0.99782104,0.99738144,0.9968388,0.99619792,0.99541928,0.99447336,0.99332544,0.99196136,0.99028368,0.98824328,0.98575696,0.98282088,0.97954904,0.97564792,0.97050752,0.96479192,0.95722732,0.94820632,0.93741104,0.92425864,0.9080908,0.88803744,0.8627068,0.8298364,0.78422176,0.7095192,0.62427416,0.54290496,0.46345528,0.3822852,0.28833412,0.19868464,0.13679616,0.094237,0.0649488,0.04477672,0.03088904,0.02131844,0.0147198,0.0101726,0.00703548,0.00487164,0.00337696,0.00234352,0.0016272,0.00112944,0.00078316,0.00054024,0.00036872,0.00024648,0.00016072,0.00010024,5.808e-05,3.048e-05,1.368e-05,3.84e-06,0.0,0.0,0.0,0.0,0.0,0.0,0.0,0.0,0.0,0.0,0.0,0.0,0.0,0.0
0.2,0.2,45.0,0.0015,0.5,0.9999834,0.99998004,0.99997492,0.99996964,0.9999636,0.99995568,0.99994692,0.9999354,0.999921,0.99990456,0.99988624,0.99986324,0.9998354,0.99980244,0.99976216,0.99971124,0.99965504,0.99958596,0.99950164,0.9993986,0.999278,0.99913192,0.998954,0.99873848,0.99847416,0.99816052,0.99778216,0.99733012,0.99677152,0.99611836,0.99534108,0.99437756,0.99324456,0.99187792,0.99023272,0.98822968,0.98583908,0.98285496,0.97934404,0.975122,0.97000384,0.96368192,0.95605632,0.94677164,0.9354622,0.92259564,0.90796484,0.89154812,0.87313624,0.85271268,0.83011688,0.80534348,0.77821764,0.74859924,0.71631232,0.68092868,0.64174284,0.5973212,0.5388602,0.42050984,0.28893096,0.19878704,0.13685708,0.0942684,0.06496664,0.044789,0.03089432,0.021319,0.01471904,0.01017148,0.00703448,0.00487104,0.0033762,0.00234312,0.0016284,0.0011312,0.0007844,0.0005416,0.00036896,0.00024704,0.0001604,9.944e-05,5.76e-05,3.064e-05,1.484e-05,2.96e-06,0.0,0.0,0.0,0.0,0.0,0.0,0.0,0.0,0.0,0.0,0.0,0.0,0.0,0.0
0.2,0.2,90.0,0.0015,0.5,0.99999292,0.99999152,0.99998928,0.99998692,0.9999838,0.99998,0.99997548,0.99996936,0.99996288,0.99995536,0.99994564,0.99993428,0.99992268,0.99990676,0.99988708,0.99986472,0.99983672,0.99980324,0.99976524,0.99972004,0.99966088,0.99959132,0.99950808,0.99940256,0.99927968,0.99913444,0.99895332,0.99873728,0.99848324,0.99817304,0.99780316,0.99736116,0.996819,0.99617412,0.99538716,0.9944532,0.99331532,0.99194812,0.99029624,0.98829208,0.9858968,0.98314444,0.97998476,0.97547268,0.96963128,0.964163,0.9567712,0.94778696,0.93692812,0.92371276,0.90745612,0.88729876,0.86186676,0.82882808,0.78308692,0.7083964,0.62342644,0.54234016,0.46311304,0.3822028,0.2886648,0.19908228,0.13705892,0.09441544,0.06506988,0.04486336,0.03094312,0.02135496,0.01474452,0.01018936,0.00704676,0.00487968,0.00338264,0.00234736,0.00163072,0.00113288,0.00078552,0.00054124,0.00036972,0.00024816,0.0001612,9.992e-05,5.824e-05,3.052e-05,1.372e-05,4.4e-06,0.0,0.0,0.0,0.0,0.0,0.0,0.0,0.0,0.0,0.0,0.0,0.0,0.0,0.0
0.2,0.2,135.0,0.0015,0.5,0.99998176,0.99997808,0.99997404,0.99996884,0.99996228,0.99995496,0.99994676,0.99993576,0.99992264,0.99990608,0.99988688,0.99986352,0.99983676,0.99980336,0.99976276,0.99971528,0.99965792,0.99958884,0.99950516,0.99940156,0.99928256,0.99913492,0.99895788,0.99874116,0.99848412,0.99816644,0.99779024,0.9973426,0.99679888,0.99614412,0.9953622,0.99442236,0.99329004,0.9919248,0.9902388,0.98824128,0.98586076,0.98294176,0.97947036,0.9752224,0.97008708,0.96389212,0.95624072,0.94691404,0.93570136,0.92282868,0.90817092,0.89175964,0.87339088,0.85292448,0.83035232,0.80554324,0.77837296,0.74879812,0.7164908,0.68113416,0.64198612,0.59759952,0.53946376,0.42186648,0.2898184,0.19938492,0.13727372,0.09456152,0.06516648,0.04492624,0.0309862,0.02138296,0.01476448,0.0102016,0.00705576,0.00488556,0.00338604,0.00235012,0.0016324,0.001134,0.00078652,0.00054284,0.0003698,0.000248,0.00016108,9.968e-05,5.764e-05,3.084e-05,1.492e-05,2.8e-06,0.0,0.0,0.0,0.0,0.0,0.0,0.0,0.0,0.0,0.0,0.0,0.0,0.0,0.0
0.2,0.2,180.0,0.0015,0.5,0.999992,0.9999904,0.99998928,0.9999868,0.99998384,0.99998032,0.9999764,0.9999716,0.99996528,0.99995648,0.99994784,0.9999356,0.99992416,0.99990944,0.99988792,0.99986408,0.99983608,0.9998036,0.99976496,0.99971616,0.9996548,0.99958032,0.99949704,0.99939232,0.99926776,0.99911896,0.99893576,0.99872088,0.99845056,0.99813496,0.99775424,0.99730224,0.99674312,0.99608928,0.99529488,0.99432616,0.99315784,0.99177368,0.99005728,0.988004,0.98550424,0.98262376,0.97945808,0.97556536,0.97056888,0.9649784,0.95738008,0.9482892,0.93738304,0.92419584,0.90798024,0.88787888,0.86255736,0.82964936,0.78404728,0.70958904,0.62446176,0.54324632,0.46393208,0.382924,0.28931892,0.19953976,0.1373736,0.09462708,0.06521492,0.044963,0.03101368,0.02140124,0.01477984,0.0102132,0.00706384,0.0048916,0.00338972,0.00235204,0.00163432,0.0011356,0.00078648,0.00054256,0.00036996,0.00024864,0.00016152,0.00010104,5.896e-05,3.008e-05,1.384e-05,4.16e-06,0.0,0.0,0.0,0.0,0.0,0.0,0.0,0.0,0.0,0.0,0.0,0.0,0.0,0.0
0.2,0.6,0.0,0.0015,0.5,0.99999168,0.99998992,0.99998824,0.99998512,0.9999816,0.99997776,0.99997208,0.99996752,0.99996032,0.99995176,0.99994192,0.9999308,0.999914,0.99989712,0.99987744,0.9998496,0.99981952,0.9997832,0.99973928,0.99968664,0.999622,0.99954768,0.9994564,0.99934912,0.9992184,0.99906432,0.99887232,0.99864384,0.99836608,0.99802616,0.9976336,0.99714784,0.9965668,0.9958632,0.9950196,0.99399952,0.99276056,0.99129176,0.98952064,0.9873692,0.984786,0.9816596,0.97790144,0.9733288,0.96779904,0.96107208,0.95283448,0.9426504,0.92983496,0.91337288,0.89362384,0.868408,0.83487984,0.7889132,0.74421104,0.700452,0.65663168,0.61089048,0.55932744,0.48256792,0.3795156,0.322768,0.28574064,0.2586504,0.2369408,0.21816888,0.2008956,0.18418416,0.16731688,0.14959672,0.12984648,0.10546944,0.08286752,0.05896872,0.03968332,0.02698552,0.01847336,0.01271172,0.00878164,0.00608844,0.00423104,0.002949,0.00205448,0.00142688,0.00098428,0.00066776,0.000436,0.00026664,0.00013864,4.528e-05,1.064e-05,0.0,0.0,0.0,0.0,0.0,0.0,0.0,0.0,0.0
0.2,0.6,45.0,0.0015,0.5,0.99998924,0.99998736,0.99998496,0.99998176,0.99997808,0.9999734,0.99996912,0.99996216,0.99995496,0.99994512,0.99993444,0.99992004,0.99990444,0.99988512,0.99986124,0.99983348,0.99979812,0.99975752,0.99970764,0.99964728,0.9995758,0.99948668,0.999382,0.99925556,0.99910072,0.9989148,0.99869556,0.99842596,0.99810112,0.99771296,0.99724296,0.99667936,0.99600196,0.99518048,0.99420032,0.99300764,0.99157932,0.98985792,0.98778928,0.98529528,0.98227292,0.97863912,0.97424396,0.96895984,0.96258856,0.9548436,0.94543872,0.93403944,0.92005592,0.90290484,0.881534,0.85566124,0.826441,0.79303816,0.75288276,0.7049424,0.65900444,0.61420224,0.56949608,0.52269516,0.46486464,0.40837444,0.37150096,0.34421612,0.32176268,0.30147236,0.28157472,0.26052628,0.23590892,0.1967152,0.1619808,0.12976832,0.0892878,0.05911104,0.03976284,0.02701436,0.01848908,0.01272048,0.00878668,0.00608936,0.0042326,0.00294992,0.00205492,0.00142864,0.00098452,0.00066652,0.0004354,0.00026516,0.00013752,4.788e-05,1.256e-05,0.0,0.0,0.0,0.0,0.0,0.0,0.0,0.0,0.0
0.2,0.6,90.0,0.0015,0.5,0.99999064,0.99998864,0.99998652,0.99998352,0.99998076,0.99997704,0.99997304,0.99996772,0.9999606,0.99995324,0.9999432,0.99993192,0.9999182,0.99990228,0.9998806,0.99985492,0.99982676,0.99978908,0.9997456,0.99969568,0.99963184,0.99955796,0.99946884,0.999359,0.99922956,0.99906732,0.998881,0.99865248,0.99837552,0.99804144,0.99764136,0.99715504,0.996571,0.99587096,0.99502988,0.99400936,0.99279008,0.99131724,0.98953856,0.98739544,0.98481436,0.98169868,0.97793176,0.97336992,0.96783532,0.9611022,0.95286796,0.9426308,0.92969864,0.91298516,0.89373272,0.86959024,0.83588768,0.78973908,0.74469936,0.70069728,0.65675664,0.61107636,0.55993636,0.48660616,0.38170084,0.32388336,0.28630512,0.25891308,0.23702672,0.21814848,0.20081464,0.18406936,0.16719196,0.14946808,0.12971656,0.1053514,0.08285808,0.05922696,0.03984664,0.027079,0.01852404,0.012735,0.0087942,0.00609964,0.0042416,0.00295468,0.00205828,0.00143004,0.00098724,0.00066736,0.00043628,0.00026472,0.00013588,4.636e-05,1.296e-05,1.2e-06,0.0,0.0,0.0,0.0,0.0,0.0,0.0,0.0
0.2,0.6,135.0,0.0015,0.5,0.99999016,0.9999882,0.999985,0.99998196,0.99997836,0.99997448,0.99996924,0.999963,0.99995512,0.99994568,0.9999344,0.99992016,0.99990328,0.99988124,0.99985872,0.99983036,0.99979516,0.9997522,0.9997016,0.9996374,0.99956648,0.99947712,0.99937112,0.99923996,0.9990914,0.99890728,0.99868404,0.9984166,0.99809676,0.99771004,0.99724624,0.99667896,0.99599944,0.99518668,0.99421576,0.99304296,0.99162196,0.98989512,0.98783248,0.98536472,0.9823658,0.97874884,0.97436696,0.96911368,0.96276328,0.9550654,0.94571172,0.9343376,0.92049316,0.90342852,0.88214592,0.8563248,0.82724968,0.793997,0.75420576,0.70617164,0.66004492,0.61515044,0.57037516,0.52352624,0.46584288,0.4088908,0.37178284,0.3443828,0.32186564,0.30154788,0.28164604,0.26061544,0.23607016,0.19698524,0.16223776,0.13004996,0.08960336,0.05928912,0.03987636,0.02710388,0.01854944,0.01275884,0.0088126,0.00610768,0.00424648,0.00295872,0.00206092,0.00143224,0.00098772,0.00066904,0.00043764,0.00026632,0.00013816,4.692e-05,1.224e-05,0.0,0.0,0.0,0.0,0.0,0.0,0.0,0.0,0.0
0.2,0.6,180.0,0.0015,0.5,0.99999224,0.99999088,0.99998872,0.99998576,0.99998184,0.99997696,0.99997224,0.99996608,0.99996024,0.99995112,0.99994096,0.99992976,0.99991624,0.99989992,0.99987936,0.99985544,0.99982336,0.99979104,0.99974768,0.99969568,0.99962952,0.9995572,0.99946816,0.99935984,0.99922752,0.999068,0.99888224,0.99865448,0.99837624,0.99804272,0.99764568,0.99716496,0.9965792,0.9958884,0.99504968,0.99404312,0.9928184,0.99135568,0.9895888,0.98746064,0.98487928,0.98178312,0.97799264,0.97345356,0.96796512,0.9612858,0.95311672,0.94298576,0.93026928,0.91392304,0.89433128,0.86930176,0.83588848,0.78991328,0.74503864,0.70113448,0.65720944,0.61147808,0.56018648,0.48592376,0.3811856,0.3235668,0.2861124,0.25880104,0.23696928,0.21813312,0.20083552,0.18412568,0.16728216,0.14959936,0.12991456,0.1056006,0.08303168,0.05925044,0.03987256,0.02710476,0.01854908,0.01275436,0.00880988,0.00610624,0.0042454,0.00295936,0.00206112,0.00143116,0.00098736,0.00066752,0.00043784,0.00026752,0.00013976,4.824e-05,1.128e-05,2.4e-07,0.0,0.0,0.0,0.0,0.0,0.0,0.0,0.0
0.2,1.0,0.0,0.0015,0.5,0.99999736,0.9999972,0.99999656,0.99999592,0.99999528,0.9999944,0.9999936,0.99999168,0.99999056,0.99998936,0.9999864,0.99998384,0.99998056,0.99997672,0.99997192,0.99996728,0.99996016,0.99995256,0.99994432,0.99993336,0.99991968,0.99990192,0.99988192,0.99985728,0.9998276,0.9997916,0.99974992,0.99969912,0.99963848,0.99956264,0.99946984,0.99936056,0.99922888,0.9990736,0.99889024,0.99866064,0.9983848,0.99805888,0.99766032,0.9971872,0.9966104,0.99592032,0.99508648,0.99408272,0.99287344,0.99141656,0.98965528,0.98753832,0.98499224,0.981924,0.97819904,0.97375352,0.96834368,0.96192168,0.95400216,0.94453424,0.93306752,0.91914248,0.90220768,0.88155528,0.85634008,0.82543912,0.78748664,0.74077736,0.68635672,0.62874264,0.57452424,0.52473256,0.47892312,0.43667376,0.39752304,0.36037416,0.32790512,0.29917912,0.27342352,0.25020984,0.22864544,0.20641964,0.1855202,0.16606772,0.14834448,0.1321992,0.11686068,0.10275212,0.0894008,0.07721512,0.06652512,0.05758368,0.05131712,0.0467244,0.0424348,0.03814452,0.0328544,0.02641264,0.01954456,0.0097778,0.00428112,0.00275752,0.0014668,0.00089504
0.2,1.0,45.0,0.0015,0.5,0.99999624,0.9999954,0.99999432,0.99999276,0.999991,0.9999892,0.99998628,0.99998316,0.99997956,0.99997588,0.99997068,0.99996504,0.99995712,0.99994884,0.9999386,0.99992648,0.99991252,0.99989508,0.99987348,0.99984956,0.99981892,0.99978,0.99973496,0.99968052,0.99961264,0.99953752,0.9994462,0.99933176,0.99919284,0.99903116,0.99883044,0.9985908,0.99829904,0.99795296,0.99753192,0.99702548,0.99641636,0.99567912,0.99478848,0.99371912,0.99242364,0.99086844,0.98899292,0.9867286,0.98399864,0.98070256,0.97671564,0.9719082,0.96602128,0.95884492,0.95001012,0.93955404,0.92768628,0.91426392,0.8992456,0.88255104,0.86419764,0.8441034,0.82234764,0.79898584,0.7741122,0.74781876,0.72020568,0.69143908,0.66167264,0.6310968,0.59988472,0.56827364,0.53642248,0.50453804,0.4726292,0.44015264,0.41039164,0.38243696,0.35588168,0.33057304,0.30616864,0.27925708,0.25316848,0.2276624,0.20237584,0.17668048,0.152731,0.1309788,0.11316996,0.09830768,0.08588544,0.07549844,0.06735368,0.05953996,0.05104568,0.04333628,0.03611524,0.02889628,0.02143208,0.0113734,0.00527996,0.00341888,0.00184416,0.00103572
0.2,1.0,90.0,0.0015,0.5,0.99999828,0.99999804,0.99999756,0.99999692,0.99999588,0.99999516,0.999994,0.99999308,0.9999916,0.99999004,0.99998724,0.99998404,0.9999812,0.99997752,0.99997312,0.9999684,0.99996148,0.99995232,0.99994284,0.99993108,0.99991772,0.99990092,0.99987948,0.99985596,0.9998262,0.99979124,0.999749,0.9996976,0.99963672,0.99956144,0.99946864,0.99936076,0.99922816,0.99906656,0.99887928,0.9986542,0.99838376,0.99805452,0.9976552,0.99717448,0.99659856,0.99589936,0.99506632,0.99405604,0.99283928,0.991376,0.98961236,0.98748156,0.984919,0.981831,0.9781042,0.97362268,0.96810792,0.9616556,0.95386276,0.94429996,0.93275456,0.9187892,0.90179628,0.88110188,0.85582812,0.82487956,0.786909,0.7402066,0.68580284,0.62821624,0.57401772,0.52425208,0.47844076,0.4361524,0.39684712,0.35965544,0.32754092,0.29895544,0.27327544,0.25011152,0.22882664,0.20608576,0.18499932,0.16558928,0.14794388,0.13185704,0.11654636,0.10250056,0.08920796,0.07701556,0.06630372,0.05738104,0.0511428,0.04655084,0.042278,0.03799736,0.032715,0.0262964,0.0194924,0.01007168,0.0042632,0.0027474,0.00145916,0.000892
0.2,1.0,135.0,0.0015,0.5,0.99999604,0.99999516,0.99999412,0.99999272,0.999991,0.9999892,0.99998652,0.99998388,0.99998076,0.9999758,0.99996932,0.99996408,0.99995748,0.99994948,0.99993956,0.99992716,0.99991308,0.99989344,0.9998696,0.9998432,0.99981124,0.99977224,0.99972604,0.99967136,0.99960416,0.99952384,0.99943064,0.99931364,0.99917504,0.99900836,0.99880368,0.99856416,0.99827628,0.9979286,0.99751072,0.997003,0.99638808,0.99565244,0.9947706,0.993709,0.99241956,0.99086212,0.988995,0.9867422,0.98401348,0.98072984,0.97677028,0.97193252,0.96607596,0.95890908,0.95009284,0.93962024,0.92774288,0.91433384,0.89929344,0.88260556,0.86421976,0.84412384,0.82238048,0.79900416,0.77413568,0.74779848,0.72017444,0.6913858,0.66160332,0.63096188,0.59977296,0.56812444,0.53623416,0.50427368,0.47221392,0.4397316,0.41018464,0.38231508,0.35582332,0.33055152,0.30585656,0.27906912,0.25295776,0.22746256,0.20226856,0.17656392,0.15244288,0.13073472,0.11293184,0.09807948,0.08565864,0.07526508,0.06710744,0.05924784,0.05077932,0.04309756,0.03591456,0.02873644,0.02130204,0.01131028,0.00526112,0.00341068,0.00183352,0.00103904
0.2,1.0,180.0,0.0015,0.5,0.99999776,0.99999736,0.99999672,0.99999648,0.999996,0.9999952,0.9999948,0.9999928,0.99999152,0.99998992,0.9999884,0.99998616,0.99998272,0.99997816,0.99997376,0.99996736,0.99996168,0.99995416,0.99994376,0.99993304,0.9999184,0.999903,0.99988244,0.99985692,0.99982544,0.99979088,0.9997472,0.99969704,0.99963392,0.99956232,0.9994724,0.99936624,0.9992324,0.999074,0.9988812,0.99865208,0.99837848,0.99804688,0.99765104,0.99717384,0.99659528,0.99589808,0.9950608,0.99405696,0.99285576,0.991394,0.98962152,0.98749464,0.98493456,0.98187072,0.97816456,0.97361748,0.968166,0.96174488,0.95392464,0.94434496,0.93284416,0.9188804,0.90188168,0.88119056,0.85592744,0.82496664,0.78699104,0.74027984,0.68588328,0.62827712,0.57406264,0.52427768,0.47845112,0.43613,0.39676904,0.35958576,0.32752064,0.29896184,0.27330128,0.25014896,0.22862984,0.20606112,0.18502948,0.16561176,0.14796428,0.13187708,0.11656712,0.1025344,0.08928068,0.0770404,0.06626696,0.05732568,0.05105404,0.04647212,0.04218452,0.03788512,0.03253904,0.02613264,0.01930608,0.00965992,0.00423104,0.00271432,0.0014254,0.0008868
0.2,1/0.6,0.0,0.0015,0.5,0.9999916,0.99999,0.99998752,0.99998592,0.99998336,0.99997936,0.9999756,0.99997056,0.9999648,0.99995744,0.99994728,0.99993568,0.99992224,0.99990616,0.99988712,0.99986568,0.99983752,0.99980344,0.9997608,0.99971128,0.99964992,0.9995804,0.9994904,0.9993848,0.9992616,0.99911944,0.99893992,0.99872712,0.998462,0.9981484,0.99777416,0.99732384,0.99677176,0.99611096,0.9953196,0.9943536,0.99319552,0.99180472,0.99010952,0.9880984,0.98566376,0.98272928,0.97918192,0.9749028,0.96969416,0.96340896,0.9560164,0.94681088,0.93528656,0.92126132,0.90297992,0.88072416,0.85289432,0.81656928,0.76407568,0.71120512,0.65925368,0.60515424,0.54014736,0.43204712,0.36187344,0.315898,0.2830524,0.25773624,0.23680344,0.21838808,0.2012928,0.18468592,0.16791984,0.15037632,0.13115464,0.1072112,0.08174416,0.05666308,0.03879828,0.02668644,0.01840756,0.01273016,0.00882392,0.00613048,0.00426828,0.00297776,0.00207688,0.00144328,0.0009952,0.00067592,0.0004424,0.00027032,0.00014096,4.608e-05,1.064e-05,0.0,0.0,0.0,0.0,0.0,0.0,0.0,0.0,0.0
0.2,1/0.6,45.0,0.0015,0.5,0.99998992,0.99998732,0.9999848,0.99998108,0.99997736,0.99997216,0.99996672,0.9999588,0.99995092,0.99994028,0.99992724,0.99991176,0.99989344,0.99987196,0.99984456,0.9998118,0.99977444,0.99973172,0.99967672,0.99961076,0.99952688,0.99942664,0.99931044,0.99916776,0.99899668,0.998791,0.99854384,0.99824404,0.9978896,0.99745892,0.99693152,0.9962942,0.99554072,0.99463708,0.99355048,0.99224708,0.99066408,0.98874072,0.98645224,0.98366432,0.98033028,0.97631608,0.97142872,0.96553616,0.95838948,0.9497492,0.93924524,0.9263746,0.91064856,0.89247232,0.87182448,0.84834016,0.82157164,0.79087104,0.7551916,0.71061704,0.65940188,0.6103082,0.561545,0.5090406,0.44510348,0.40006764,0.36780668,0.34260124,0.32120568,0.30156392,0.28222076,0.26190952,0.23907604,0.20730172,0.16479192,0.122791,0.083046,0.05660492,0.03876248,0.02663376,0.01836868,0.01270136,0.00880416,0.00611632,0.00425824,0.0029706,0.00207116,0.00143984,0.00099364,0.00067264,0.00044036,0.00026812,0.00013912,4.82e-05,1.256e-05,0.0,0.0,0.0,0.0,0.0,0.0,0.0,0.0,0.0
0.2,1/0.6,90.0,0.0015,0.5,0.99999264,0.99999068,0.99998904,0.99998676,0.99998436,0.9999812,0.99997708,0.9999714,0.99996488,0.99995656,0.99994788,0.99993736,0.99992376,0.9999096,0.99989084,0.99986812,0.99983996,0.99980612,0.99976684,0.99971584,0.99966176,0.99959072,0.99950368,0.99939972,0.99927472,0.99912612,0.99894572,0.99872804,0.9984706,0.99815844,0.99777892,0.99732448,0.99677564,0.99611324,0.9953176,0.9943618,0.99321324,0.9918342,0.99015896,0.98813844,0.9857,0.9827414,0.97915744,0.97482112,0.96956908,0.96317372,0.9554986,0.94683232,0.93589256,0.92234064,0.90382784,0.88139608,0.85360312,0.81727696,0.76494956,0.71203572,0.66002708,0.60578296,0.54027292,0.43127012,0.36131776,0.31545208,0.28268868,0.25742444,0.23653332,0.21815336,0.20108636,0.18450472,0.1677698,0.15025544,0.13106868,0.10723024,0.08165608,0.0565204,0.0387108,0.02661528,0.01834348,0.01267908,0.00878608,0.00610824,0.00425452,0.00296652,0.00206912,0.00143992,0.00099272,0.0006722,0.00043916,0.0002666,0.00013688,4.632e-05,1.296e-05,1.2e-06,0.0,0.0,0.0,0.0,0.0,0.0,0.0,0.0
0.2,1/0.6,135.0,0.0015,0.5,0.99998924,0.99998688,0.99998392,0.9999802,0.99997536,0.99997048,0.99996388,0.99995624,0.99994784,0.9999362,0.99992424,0.99990936,0.99989064,0.99986868,0.99984388,0.9998118,0.99977484,0.99972688,0.99967232,0.99960492,0.99952328,0.99942616,0.99930976,0.9991666,0.99899436,0.99878572,0.99854112,0.998247,0.997885,0.99745448,0.9969404,0.99632016,0.9955796,0.99467544,0.99357116,0.99225036,0.99066232,0.9887576,0.98644928,0.98364792,0.98028056,0.97625892,0.97137484,0.96550296,0.95837156,0.94970916,0.93917168,0.92631692,0.91057328,0.89243832,0.87180088,0.84834956,0.82160184,0.79095852,0.7552664,0.71071324,0.65946556,0.61041016,0.56169396,0.50930076,0.44543364,0.40032852,0.36802072,0.34278588,0.32136976,0.3017102,0.28234796,0.26201688,0.23916096,0.20731792,0.1647948,0.12276124,0.08302172,0.05656472,0.0387362,0.02663312,0.01836772,0.01269792,0.00880188,0.00611568,0.00425956,0.00297068,0.002071,0.00144076,0.0009938,0.0006734,0.00044056,0.0002682,0.000139,4.716e-05,1.22e-05,0.0,0.0,0.0,0.0,0.0,0.0,0.0,0.0,0.0
0.2,1/0.6,180.0,0.0015,0.5,0.99999208,0.99999064,0.9999888,0.999986,0.99998328,0.99998016,0.999976,0.99997048,0.99996472,0.99995744,0.99994944,0.99993904,0.99992624,0.99991024,0.99988976,0.99986432,0.99983568,0.99980424,0.99976352,0.99971528,0.99965552,0.9995848,0.99950416,0.99940168,0.99927472,0.99912232,0.99894432,0.99872752,0.99846384,0.99815224,0.99777776,0.99731936,0.996786,0.99612856,0.99532848,0.99438928,0.99324864,0.99185872,0.9901812,0.98817536,0.9857564,0.98282552,0.97928024,0.97498856,0.96976936,0.96341,0.955812,0.94675632,0.93513696,0.921174,0.90291304,0.88066144,0.85283904,0.81640152,0.76389504,0.71109248,0.65912856,0.6049948,0.53975192,0.43134448,0.36142616,0.31558008,0.28282784,0.2575612,0.2366684,0.21827384,0.20119704,0.18460112,0.16784832,0.15030872,0.13108664,0.1071566,0.08166728,0.05656728,0.03874404,0.02664624,0.01837596,0.01270384,0.00880504,0.00611856,0.0042596,0.0029728,0.00207312,0.0014404,0.00099312,0.00067312,0.00044104,0.00026936,0.0001412,4.84e-05,1.128e-05,1.6e-07,0.0,0.0,0.0,0.0,0.0,0.0,0.0,0.0
0.2,1/0.2,0.0,0.0015,0.5,0.99999016,0.99998808,0.99998544,0.99998336,0.99998064,0.99997712,0.99997376,0.99996856,0.99996224,0.9999548,0.99994488,0.99993544,0.99992232,0.99990576,0.99988552,0.99986272,0.999834,0.9998016,0.9997612,0.99971376,0.99965224,0.99957768,0.99948696,0.9993848,0.99925712,0.99910032,0.9989168,0.9987028,0.9984272,0.99811176,0.99772752,0.99725968,0.99669736,0.99603584,0.99522384,0.99425272,0.993078,0.99165864,0.98994392,0.98788936,0.98539504,0.982402,0.97881536,0.97445056,0.96919288,0.96285808,0.95519856,0.9456768,0.93431672,0.92067392,0.90324496,0.8814764,0.8532568,0.81336872,0.76501656,0.71032072,0.64160328,0.55399368,0.47055704,0.3866896,0.29292188,0.20204944,0.13847876,0.0950998,0.0654014,0.04502416,0.03102708,0.0213954,0.01476736,0.01020164,0.00705512,0.0048846,0.00338564,0.00234896,0.00163064,0.00113264,0.00078536,0.00054204,0.00036952,0.00024752,0.00016136,0.00010088,5.832e-05,3.048e-05,1.368e-05,4e-06,0.0,0.0,0.0,0.0,0.0,0.0,0.0,0.0,0.0,0.0,0.0,0.0,0.0,0.0
0.2,1/0.2,45.0,0.0015,0.5,0.99998708,0.999985,0.9999822,0.99997832,0.99997348,0.99996676,0.9999606,0.99995368,0.99994396,0.99993212,0.99991972,0.99990336,0.99988388,0.99985916,0.999829,0.99979256,0.99975072,0.99969952,0.99963684,0.99956028,0.99946924,0.99936,0.99923032,0.99907588,0.9988892,0.99866888,0.99840524,0.99808732,0.99769204,0.99721328,0.99663712,0.99594612,0.99512028,0.99412668,0.99289488,0.99143028,0.98967876,0.98757652,0.98504008,0.98196832,0.97828088,0.97376304,0.96831248,0.96176324,0.95379588,0.94394896,0.93193564,0.91686692,0.89782004,0.87351856,0.84680864,0.81853564,0.78849432,0.75653788,0.7222604,0.6852562,0.64476768,0.59894352,0.53227996,0.42728692,0.2955054,0.20197016,0.13841768,0.09505316,0.0653626,0.04499712,0.0310032,0.02138012,0.01475548,0.0101924,0.00704796,0.00487848,0.00338192,0.0023468,0.00163092,0.0011332,0.00078552,0.0005422,0.00036956,0.00024768,0.00016052,9.956e-05,5.768e-05,3.076e-05,1.488e-05,2.96e-06,0.0,0.0,0.0,0.0,0.0,0.0,0.0,0.0,0.0,0.0,0.0,0.0,0.0,0.0
0.2,1/0.2,90.0,0.0015,0.5,0.99999072,0.99998812,0.99998616,0.9999838,0.99998092,0.99997764,0.99997344,0.99996828,0.99996216,0.999955,0.9999462,0.99993504,0.9999216,0.99990656,0.9998878,0.99986392,0.99983552,0.99980164,0.99975964,0.99971052,0.99964932,0.9995816,0.9994966,0.99938988,0.99926392,0.99911164,0.99892808,0.99870972,0.9984454,0.99813188,0.99774016,0.99727136,0.99671068,0.99604696,0.99523328,0.99426112,0.9930936,0.99168712,0.98998488,0.98793524,0.98547488,0.9825066,0.97892328,0.97457876,0.96935884,0.96305948,0.9554164,0.9460932,0.93503052,0.92038992,0.90356184,0.88195112,0.85383296,0.81410556,0.76571468,0.71087796,0.64176792,0.55395004,0.4704262,0.38643756,0.29264996,0.20193832,0.13840212,0.09504444,0.06535932,0.04499588,0.03100328,0.02137956,0.01475596,0.01019288,0.00704836,0.0048794,0.003382,0.00234732,0.00163024,0.00113204,0.00078392,0.00054124,0.0003694,0.00024772,0.00016124,9.984e-05,5.828e-05,3.048e-05,1.36e-05,4.4e-06,0.0,0.0,0.0,0.0,0.0,0.0,0.0,0.0,0.0,0.0,0.0,0.0,0.0,0.0
0.2,1/0.2,135.0,0.0015,0.5,0.9999882,0.99998536,0.99998152,0.99997764,0.9999734,0.99996812,0.99996152,0.99995356,0.9999432,0.99993228,0.9999176,0.99990176,0.99988324,0.99985772,0.99982748,0.99979216,0.999747,0.99969852,0.9996384,0.999563,0.999474,0.99936424,0.99923208,0.99907476,0.99888548,0.99865652,0.9983862,0.99806036,0.99766296,0.99718372,0.9965986,0.99591256,0.995073,0.99407268,0.99286984,0.99139848,0.98962628,0.98750508,0.9849566,0.98187128,0.97819272,0.97369456,0.96823808,0.96163164,0.95356568,0.94369932,0.93163484,0.91657244,0.89738916,0.87303016,0.84632324,0.81806664,0.78804548,0.75607968,0.72182008,0.6848314,0.6443962,0.59858596,0.53206568,0.42729232,0.29552044,0.20196948,0.13842956,0.09505664,0.0653682,0.04500208,0.03100668,0.02138168,0.0147562,0.01019408,0.00704752,0.00487964,0.0033826,0.00234732,0.00163068,0.0011328,0.00078508,0.00054128,0.0003694,0.0002474,0.00016076,9.952e-05,5.732e-05,3.076e-05,1.496e-05,2.72e-06,0.0,0.0,0.0,0.0,0.0,0.0,0.0,0.0,0.0,0.0,0.0,0.0,0.0,0.0
0.2,1/0.2,180.0,0.0015,0.5,0.99999136,0.99998952,0.99998696,0.99998336,0.99998032,0.99997624,0.99997208,0.9999672,0.99996216,0.99995456,0.99994592,0.99993464,0.99992076,0.99990576,0.99988536,0.99986124,0.99983064,0.99979504,0.9997532,0.9997062,0.99964512,0.99957344,0.99948352,0.99937928,0.99925204,0.99910808,0.99892776,0.9987072,0.99845128,0.99814,0.99775048,0.997282,0.99673384,0.9960736,0.9952628,0.99429376,0.99311072,0.99167448,0.98994672,0.98788048,0.98542168,0.98247192,0.97887048,0.97451368,0.96929088,0.96293,0.9552352,0.94576184,0.93435464,0.92101072,0.90372584,0.88195088,0.85376584,0.81400296,0.76569664,0.71087496,0.64197136,0.55424328,0.47069472,0.38667736,0.2928418,0.20202748,0.13845624,0.0950802,0.06538572,0.04501516,0.03101632,0.02139024,0.01476232,0.0101984,0.00705296,0.0048822,0.00338492,0.00234844,0.00163004,0.00113312,0.00078536,0.00054124,0.00036908,0.000248,0.00016104,0.0001008,5.88e-05,3e-05,1.376e-05,4.16e-06,0.0,0.0,0.0,0.0,0.0,0.0,0.0,0.0,0.0,0.0,0.0,0.0,0.0,0.0
0.6,0.2,0.0,0.0015,0.5,0.99999192,0.99999048,0.99998784,0.99998616,0.99998448,0.99998112,0.99997656,0.9999728,0.99996608,0.99995824,0.99994864,0.99993784,0.99992424,0.99990856,0.99989032,0.99986736,0.99983848,0.9998044,0.99976472,0.99971776,0.99966184,0.999592,0.99950784,0.9994084,0.99928688,0.99913704,0.99896768,0.99875536,0.99850624,0.99819856,0.99783304,0.99738904,0.99685088,0.99619928,0.995428,0.99449232,0.99336576,0.99200488,0.9903492,0.98833832,0.98592312,0.98292592,0.97912072,0.97482592,0.97058904,0.96486136,0.9578684,0.94875896,0.93787136,0.92474024,0.90870352,0.88877264,0.86366344,0.83112056,0.78617592,0.71241376,0.62697992,0.54559264,0.46610104,0.38512808,0.2882298,0.19836236,0.13662304,0.09415728,0.0649396,0.04481588,0.03095328,0.02139872,0.01481296,0.01026832,0.00713224,0.00496672,0.0034696,0.0024392,0.00173672,0.00125416,0.0009032,0.00063168,0.00042648,0.000274,0.00016896,9.72e-05,5.136e-05,2.248e-05,7.92e-06,3.12e-06,2.4e-07,0.0,0.0,0.0,0.0,0.0,0.0,0.0,0.0,0.0,0.0,0.0,0.0,0.0
0.6,0.2,45.0,0.0015,0.5,0.9999818,0.9999786,0.99997432,0.99996896,0.99996252,0.999956,0.99994604,0.999935,0.99992208,0.999907,0.99988856,0.9998658,0.99983864,0.99980856,0.99977024,0.99972316,0.9996678,0.99959928,0.99951744,0.99941868,0.99930064,0.99916052,0.99899312,0.99879068,0.99854548,0.99824748,0.9978936,0.99746116,0.99694472,0.99631488,0.99556408,0.99464964,0.99355396,0.99222808,0.99064244,0.98871944,0.98640048,0.98359964,0.98021764,0.97611108,0.97118692,0.96523628,0.95785948,0.94882372,0.93786908,0.92518356,0.91082044,0.89466776,0.87650404,0.85627492,0.83384948,0.80907164,0.7818072,0.75182272,0.71898816,0.68318764,0.64332096,0.59446144,0.53243048,0.41676424,0.286446,0.19736556,0.13622192,0.09416584,0.06519948,0.04521928,0.03141604,0.02187528,0.0152714,0.01069336,0.0075122,0.00529936,0.00375032,0.00266208,0.00188928,0.0013394,0.00094704,0.00066084,0.00045088,0.0002952,0.0001834,0.00011472,6.92e-05,3.168e-05,5.96e-06,5.2e-07,0.0,0.0,0.0,0.0,0.0,0.0,0.0,0.0,0.0,0.0,0.0,0.0,0.0,0.0
0.6,0.2,90.0,0.0015,0.5,0.99998968,0.99998756,0.99998484,0.99998192,0.99997756,0.9999726,0.99996704,0.9999596,0.99995092,0.999942,0.99992848,0.99991516,0.9998966,0.99987612,0.99984936,0.99981788,0.99978076,0.99973536,0.99968172,0.99961676,0.99953628,0.99944004,0.999324,0.99918536,0.999022,0.99882008,0.99857976,0.99829268,0.99795148,0.99753164,0.99702112,0.99641384,0.99567652,0.99478984,0.99371516,0.99241304,0.99082548,0.98884712,0.9863208,0.98307616,0.97872688,0.97239872,0.95981228,0.95129708,0.94490308,0.93832964,0.93131216,0.92341524,0.91429968,0.90345432,0.89017548,0.87345848,0.85173468,0.82240172,0.78003604,0.70842508,0.62497208,0.54476128,0.4659428,0.38513596,0.29171364,0.20193712,0.13949116,0.09647196,0.0667886,0.04628648,0.0321098,0.02229376,0.01549072,0.0107698,0.00750552,0.00523636,0.00366048,0.00256596,0.0018004,0.00126488,0.00088856,0.00062464,0.00043692,0.00030308,0.00020736,0.00013396,4.96e-05,1.036e-05,1.24e-06,0.0,0.0,0.0,0.0,0.0,0.0,0.0,0.0,0.0,0.0,0.0,0.0,0.0,0.0,0.0
0.6,0.2,135.0,0.0015,0.5,0.99998368,0.99998072,0.99997672,0.99997112,0.99996492,0.9999576,0.99994872,0.9999386,0.99992612,0.9999092,0.99989068,0.999867,0.99984028,0.99980524,0.99976304,0.99971472,0.99965652,0.9995876,0.99950376,0.999401,0.99927328,0.99912544,0.9989436,0.99873396,0.99847452,0.99816724,0.99779772,0.99733912,0.99678672,0.99612208,0.99532176,0.9943616,0.99319816,0.99180864,0.99014384,0.9881366,0.98570148,0.98278276,0.979256,0.97496136,0.96984236,0.96353344,0.95595588,0.94651068,0.93527828,0.9224424,0.90792196,0.89160632,0.87332868,0.85303516,0.83069632,0.80620204,0.77947104,0.75044052,0.718949,0.68454768,0.64598944,0.59999892,0.53971588,0.42254508,0.2895706,0.19901936,0.13701188,0.09446196,0.06521284,0.04507788,0.03120748,0.02163844,0.01503008,0.01045732,0.00728812,0.0050862,0.00355384,0.00248064,0.00173148,0.00120776,0.00084248,0.00058272,0.00039352,0.00026088,0.00017172,0.00010904,6.388e-05,2.392e-05,6.68e-06,3.2e-07,0.0,0.0,0.0,0.0,0.0,0.0,0.0,0.0,0.0,0.0,0.0,0.0,0.0,0.0
0.6,0.2,180.0,0.0015,0.5,0.99999216,0.99999088,0.99998928,0.99998696,0.999984,0.9999796,0.9999752,0.99997056,0.999964,0.99995632,0.9999476,0.99993792,0.99992424,0.99990736,0.99988712,0.9998628,0.99983672,0.9998036,0.99976536,0.9997172,0.99966144,0.99958848,0.999498,0.99939312,0.9992636,0.9991164,0.99894024,0.99871632,0.9984548,0.99814096,0.99776672,0.99730872,0.99675952,0.99611504,0.99531944,0.99436704,0.99321424,0.99180616,0.99012608,0.98809056,0.98574032,0.98306912,0.97968328,0.97509264,0.97036568,0.9645368,0.95696328,0.94795728,0.93712376,0.92388224,0.90766512,0.88753408,0.86210304,0.82910192,0.78332632,0.70868384,0.62396352,0.54317608,0.46447208,0.38438296,0.29068768,0.20062668,0.13814908,0.095185,0.06562636,0.04527836,0.03125992,0.0216078,0.01495372,0.01036896,0.0072072,0.00502248,0.0035096,0.00245824,0.00172176,0.001202,0.00083568,0.00057552,0.0003988,0.0002668,0.00017032,0.00010344,5.784e-05,2.888e-05,1.328e-05,4.96e-06,8.8e-07,0.0,0.0,0.0,0.0,0.0,0.0,0.0,0.0,0.0,0.0,0.0,0.0,0.0
0.6,0.6,0.0,0.0015,0.5,0.9999916,0.9999892,0.99998696,0.99998248,0.99997872,0.99997456,0.99997,0.9999644,0.99995704,0.9999496,0.99993984,0.9999268,0.99991232,0.99989552,0.99987624,0.99984848,0.99981848,0.99978048,0.9997376,0.9996848,0.999616,0.9995392,0.99944352,0.99933544,0.99920072,0.99903528,0.99883696,0.9985972,0.99831168,0.99796328,0.9975476,0.99704296,0.99642912,0.99570216,0.99483424,0.99377608,0.99248528,0.9909348,0.98906856,0.9868232,0.98412872,0.98083824,0.976882,0.97208176,0.96630112,0.95922368,0.95057112,0.93975968,0.92593896,0.9087356,0.88731528,0.86025424,0.82071568,0.7764248,0.73366096,0.6918784,0.65024096,0.60702016,0.55911728,0.495366,0.38988296,0.33020976,0.2914376,0.26325152,0.24083912,0.22164832,0.20418296,0.1874836,0.17073272,0.15313416,0.133642,0.10944512,0.08501136,0.05809516,0.03935456,0.02692104,0.01855056,0.01286232,0.0089724,0.00629536,0.00444416,0.00315336,0.00224472,0.00159868,0.00113448,0.00078416,0.00047288,0.00018464,5.776e-05,2.744e-05,9.92e-06,9.6e-07,0.0,0.0,0.0,0.0,0.0,0.0,0.0,0.0
0.6,0.6,45.0,0.0015,0.5,0.99998968,0.99998776,0.99998508,0.9999828,0.9999788,0.99997456,0.99997004,0.99996412,0.99995612,0.9999486,0.99993956,0.9999262,0.99991228,0.99989464,0.999873,0.99984576,0.99981548,0.99977504,0.99973068,0.99967584,0.999608,0.99952688,0.99942648,0.99931048,0.99916536,0.99899532,0.99878764,0.99853552,0.99823136,0.9978708,0.99743692,0.99691028,0.99628312,0.9955252,0.99461176,0.99351436,0.99219092,0.9905998,0.9886736,0.98636504,0.98356888,0.98018884,0.97612736,0.97122192,0.96527312,0.95810688,0.94940156,0.93881352,0.92585616,0.90988704,0.89000888,0.86509204,0.83649436,0.80397328,0.76482836,0.72161692,0.67310796,0.60264116,0.55005604,0.50728704,0.46233956,0.41062332,0.3755574,0.34916744,0.3269612,0.30650968,0.28649444,0.26514864,0.23989432,0.19990836,0.16493184,0.13277536,0.0928762,0.06189544,0.041956,0.0287436,0.01982976,0.01374852,0.0095852,0.00670404,0.00469812,0.00329056,0.00229792,0.00159148,0.001086,0.00072112,0.00045808,0.00026548,0.00011176,5.672e-05,3.056e-05,1.32e-05,1.56e-06,0.0,0.0,0.0,0.0,0.0,0.0,0.0
0.6,0.6,90.0,0.0015,0.5,0.99999,0.99998784,0.99998536,0.99998244,0.99997936,0.99997516,0.99997044,0.99996428,0.99995668,0.99994788,0.99993728,0.99992412,0.99990784,0.99988844,0.99986364,0.99983456,0.99979968,0.99975772,0.9997078,0.9996496,0.99957688,0.99949288,0.99939132,0.99926272,0.99910888,0.99892556,0.99870956,0.99844892,0.99812952,0.99774436,0.99727564,0.996718,0.99604156,0.99522728,0.99425156,0.99307244,0.9916456,0.98991908,0.98783504,0.98528952,0.98219464,0.97836608,0.9735258,0.96698604,0.95993552,0.95191524,0.94262336,0.9315862,0.91830648,0.90249428,0.88338216,0.86011688,0.82750532,0.78242664,0.7395012,0.69868788,0.65897936,0.61845756,0.57227508,0.50322008,0.39558932,0.33513052,0.29562396,0.26673428,0.24363948,0.22376008,0.2056074,0.18817088,0.17070988,0.15246344,0.13226268,0.10752724,0.0848846,0.06124236,0.04142952,0.02831516,0.01947972,0.01346476,0.009336,0.0064858,0.00450952,0.00313056,0.00216704,0.00148984,0.00100788,0.00066928,0.00042672,0.0002502,0.00012116,3.244e-05,7.4e-06,8e-08,0.0,0.0,0.0,0.0,0.0,0.0,0.0,0.0
0.6,0.6,135.0,0.0015,0.5,0.99999032,0.99998832,0.99998528,0.99998232,0.99997836,0.99997376,0.99996792,0.99996156,0.99995396,0.99994456,0.99993324,0.999919,0.99990172,0.99988064,0.99985484,0.99982604,0.99979124,0.99974952,0.9996984,0.99963428,0.99955864,0.99946988,0.99936232,0.99923564,0.999077,0.99889064,0.99866196,0.99839124,0.99805692,0.99765,0.99716528,0.99659036,0.99589544,0.99505236,0.99405152,0.99281812,0.99134708,0.98955348,0.98743908,0.98488724,0.98179304,0.97806404,0.97358032,0.968159,0.96159864,0.95363892,0.94401856,0.93231568,0.91800656,0.90045364,0.87858484,0.85209348,0.8223772,0.78879344,0.74977768,0.70304556,0.65743348,0.61300992,0.56853324,0.52139972,0.46022128,0.40532144,0.36968652,0.34344608,0.321794,0.30204244,0.28245648,0.26156572,0.23700592,0.19782968,0.16308836,0.13093584,0.09059972,0.06002584,0.04045452,0.02755268,0.01889148,0.0130164,0.00900072,0.00624068,0.00433436,0.00301884,0.00209984,0.00145724,0.00100352,0.00067956,0.00044284,0.00026724,0.00013516,4.352e-05,9.84e-06,0.0,0.0,0.0,0.0,0.0,0.0,0.0,0.0,0.0
0.6,0.6,180.0,0.0015,0.5,0.99999208,0.99999048,0.99998824,0.99998584,0.99998304,0.9999796,0.9999736,0.99996824,0.9999604,0.99995328,0.99994592,0.9999348,0.99992064,0.99990312,0.9998836,0.99985968,0.99982936,0.9997936,0.99975056,0.99969784,0.9996336,0.99956296,0.99946808,0.99935832,0.99922792,0.9990716,0.99888728,0.99866384,0.99839648,0.99805944,0.99765688,0.9971728,0.99659744,0.99590072,0.99505384,0.99403872,0.9928172,0.99134056,0.98955632,0.98740928,0.98483976,0.98171592,0.97795152,0.97340824,0.96789728,0.96120216,0.9530076,0.94287608,0.93009888,0.91357664,0.89397152,0.86942624,0.83596864,0.7898804,0.74480312,0.70081624,0.65688824,0.61125232,0.56017184,0.48729112,0.38221944,0.32423584,0.28655744,0.25908264,0.23715032,0.2182452,0.20090432,0.18416792,0.16732176,0.1496652,0.13014936,0.1062188,0.08337036,0.05902952,0.03969908,0.02696104,0.0184364,0.01269052,0.00876928,0.00607768,0.0042234,0.00293552,0.00204112,0.00141144,0.00096808,0.00065296,0.00043704,0.00028704,0.00017832,9.712e-05,3.32e-05,3.68e-06,0.0,0.0,0.0,0.0,0.0,0.0,0.0,0.0
0.6,1.0,0.0,0.0015,0.5,0.9999984,0.99999808,0.99999776,0.9999976,0.99999688,0.99999632,0.99999496,0.99999384,0.99999256,0.99999064,0.99998792,0.99998592,0.99998296,0.99997904,0.99997456,0.9999688,0.99996304,0.99995448,0.99994408,0.99993352,0.9999196,0.99990224,0.99988224,0.99985696,0.99982752,0.99978952,0.99974864,0.99969864,0.99963664,0.99956648,0.99947456,0.99936992,0.9992368,0.99908,0.99889104,0.99866128,0.99839104,0.99805704,0.99765592,0.99717336,0.9965984,0.9959048,0.99506872,0.9940652,0.99285168,0.99137136,0.98961592,0.98748816,0.98492504,0.98184128,0.97812376,0.97362888,0.96823688,0.96171736,0.95383672,0.94437176,0.93283008,0.9188568,0.90196248,0.88135128,0.856178,0.82541736,0.7876948,0.74137088,0.68828256,0.6316204,0.57727024,0.52741576,0.4816024,0.43942544,0.40053984,0.36454188,0.33071024,0.30094512,0.27451848,0.250732,0.22918256,0.2095496,0.19151896,0.17180288,0.15221016,0.1353692,0.11969436,0.10525984,0.0917088,0.07915096,0.06804376,0.0588632,0.05223136,0.0475904,0.04324784,0.03883296,0.03304964,0.02634424,0.01873912,0.00581368,0.00409988,0.00263908,0.00135976,0.00090096
0.6,1.0,45.0,0.0015,0.5,0.99999572,0.99999484,0.99999412,0.99999304,0.99999112,0.99998992,0.999988,0.99998508,0.999982,0.99997848,0.99997376,0.99996804,0.99996184,0.99995388,0.99994296,0.9999324,0.99991868,0.99990276,0.9998828,0.99985832,0.99982948,0.99979132,0.99974812,0.99969592,0.9996356,0.99956076,0.99947152,0.99936512,0.99923552,0.99908008,0.99889336,0.99866984,0.99840052,0.99807692,0.99769028,0.99721804,0.9966476,0.9959574,0.99512528,0.99412136,0.99290564,0.9914476,0.98969744,0.98759236,0.985052,0.98196012,0.9782154,0.97370092,0.96820652,0.96150388,0.95323168,0.94306988,0.93143108,0.9182724,0.90351956,0.88709808,0.86897524,0.84912884,0.82744392,0.8039884,0.77859888,0.75125168,0.72203268,0.69167756,0.6608548,0.62977412,0.59836032,0.56670388,0.53482032,0.50207692,0.47069644,0.43993248,0.41024372,0.38224464,0.355436,0.329727,0.30535288,0.27994752,0.25460184,0.22822168,0.20234752,0.17646284,0.15270752,0.13108856,0.11327904,0.09841216,0.08598168,0.07559124,0.06750332,0.05982172,0.05128092,0.04354144,0.0363112,0.02908096,0.02168296,0.01218,0.00532944,0.00345016,0.0018708,0.00102784
0.6,1.0,90.0,0.0015,0.5,0.9999984,0.999998,0.99999764,0.9999972,0.99999644,0.99999564,0.9999946,0.99999352,0.9999922,0.9999908,0.99998892,0.99998628,0.99998316,0.99997888,0.99997476,0.99996928,0.99996244,0.99995416,0.99994408,0.99993344,0.99991804,0.99990152,0.99988164,0.9998568,0.99982672,0.99979084,0.99974664,0.99969516,0.99963488,0.99956112,0.9994678,0.99935588,0.99922652,0.9990728,0.99888024,0.99865408,0.99837848,0.99804476,0.99765216,0.99716992,0.99658856,0.9958874,0.99505036,0.99402916,0.99280412,0.99132412,0.98953304,0.98736716,0.98473868,0.98159112,0.97781064,0.97325664,0.96774076,0.96096784,0.95267148,0.94267,0.93054224,0.91594132,0.8985928,0.87811376,0.85360156,0.82346424,0.78591376,0.739345,0.68502956,0.62751584,0.57338348,0.52365244,0.47774252,0.43479976,0.39569864,0.36009848,0.32733456,0.29856636,0.272834,0.24956504,0.22742088,0.20444564,0.18390452,0.16481956,0.14758524,0.13168004,0.1163306,0.10234032,0.08901328,0.07684636,0.06614512,0.05723036,0.0510288,0.046458,0.04220768,0.0379688,0.03271972,0.02632132,0.01959064,0.01063144,0.00429976,0.0027572,0.0014696,0.00088552
0.6,1.0,135.0,0.0015,0.5,0.9999954,0.99999448,0.99999332,0.9999918,0.99999032,0.99998808,0.9999858,0.99998292,0.9999792,0.99997524,0.99997044,0.99996476,0.99995772,0.99994916,0.99993868,0.99992668,0.99990992,0.99989376,0.999872,0.9998454,0.99981416,0.9997752,0.99973048,0.99967536,0.99960612,0.999526,0.99943288,0.99931472,0.99917532,0.99900872,0.99880852,0.9985606,0.99826508,0.99790692,0.9974802,0.99696852,0.99635068,0.99560528,0.994707,0.9936246,0.99232096,0.99075992,0.98886092,0.98656572,0.9837976,0.98046468,0.97643504,0.97154776,0.96561104,0.95835416,0.94941652,0.93881756,0.92678072,0.91318296,0.8980018,0.881154,0.86264244,0.84246808,0.82066464,0.79741252,0.77268712,0.74671484,0.71955724,0.69128836,0.66199784,0.63177916,0.60076296,0.56915268,0.53713676,0.50497396,0.4726144,0.43998624,0.41022576,0.38217412,0.35555336,0.33028772,0.30475844,0.27858696,0.2528944,0.22721596,0.20203392,0.17633384,0.15204396,0.13019928,0.11236808,0.09758636,0.0852536,0.0749484,0.06691284,0.05906612,0.05061356,0.04295984,0.03584764,0.02875112,0.02142608,0.01198256,0.005279,0.00341808,0.00184436,0.001026
0.6,1.0,180.0,0.0015,0.5,0.99999816,0.999998,0.99999776,0.9999972,0.9999968,0.999996,0.99999456,0.9999932,0.999992,0.99998976,0.99998688,0.99998464,0.99998104,0.99997736,0.99997232,0.99996664,0.99996016,0.99995216,0.99994096,0.99992968,0.99991352,0.99989624,0.99987632,0.99985192,0.99982264,0.99978392,0.99974648,0.9996956,0.9996332,0.9995564,0.99947072,0.99936056,0.99922432,0.99907328,0.99888208,0.99865264,0.99837528,0.9980504,0.99765008,0.99716848,0.99659464,0.99589584,0.99505296,0.99403544,0.9928224,0.9913532,0.98958224,0.98743904,0.984864,0.98178104,0.97805816,0.9734856,0.96800712,0.9615516,0.95371768,0.94410696,0.9325416,0.91852528,0.90148408,0.8807168,0.85535912,0.82430472,0.78624048,0.73942112,0.68512432,0.62764848,0.57346736,0.52370984,0.47790224,0.43559264,0.3961636,0.35912792,0.32724592,0.29881,0.27324424,0.25017936,0.22886424,0.2061472,0.18510152,0.16583216,0.14831664,0.13231992,0.11708016,0.10315712,0.0901384,0.07770296,0.06670024,0.05759412,0.05098072,0.04636832,0.04204504,0.037672,0.032082,0.02554708,0.01818416,0.00592584,0.00415048,0.00265604,0.00134256,0.00091808
0.6,1/0.6,0.0,0.0015,0.5,0.99999368,0.99999248,0.99999048,0.99998848,0.99998592,0.99998304,0.99997824,0.99997264,0.999968,0.99995984,0.99995152,0.9999408,0.99992912,0.99991464,0.99989672,0.99987352,0.99984648,0.99981336,0.99977432,0.9997284,0.99967256,0.99960696,0.99952472,0.99942712,0.99930656,0.99916128,0.99899344,0.99879024,0.9985376,0.99824536,0.99789064,0.99745464,0.99693664,0.99630392,0.99555016,0.99464624,0.99355056,0.9922216,0.99064216,0.98873072,0.98642368,0.98363,0.98026816,0.97620528,0.9713444,0.96538072,0.95810472,0.94977072,0.9389456,0.9256924,0.90889336,0.88805152,0.86213328,0.82924352,0.782534,0.72652776,0.67149504,0.6141136,0.54409912,0.43244304,0.3616908,0.31571344,0.28309168,0.25806832,0.237464,0.21939184,0.20264264,0.18638912,0.16995296,0.15251016,0.13276936,0.10675404,0.08203632,0.05813688,0.03996812,0.02760188,0.01913584,0.01332332,0.00931664,0.006546,0.00462208,0.00328136,0.00233696,0.00166488,0.00118,0.0008168,0.00049912,0.00020896,5.832e-05,2.768e-05,1e-05,9.6e-07,0.0,0.0,0.0,0.0,0.0,0.0,0.0,0.0
0.6,1/0.6,45.0,0.0015,0.5,0.99998824,0.9999852,0.99998176,0.99997844,0.99997428,0.99996888,0.99996252,0.99995504,0.9999452,0.99993496,0.99992068,0.999905,0.99988512,0.9998608,0.99983248,0.99979992,0.99975868,0.99970784,0.99964632,0.99957752,0.99948908,0.99938668,0.9992638,0.9991154,0.99893976,0.99872024,0.99845992,0.99814404,0.9977624,0.99729568,0.9967418,0.99607368,0.99526044,0.99428952,0.99313164,0.99173544,0.99005588,0.98803532,0.98557992,0.98260496,0.97905732,0.97477788,0.96959864,0.96328564,0.955676,0.94644636,0.93519084,0.92136228,0.90485556,0.88340128,0.85194228,0.81450748,0.77896356,0.74289844,0.70635948,0.66842184,0.62613388,0.58479164,0.54325548,0.49784608,0.44403,0.40150736,0.37068452,0.3462422,0.32515488,0.3055386,0.28606584,0.26588776,0.24310272,0.21221756,0.16902836,0.12571676,0.08561112,0.0587686,0.04056508,0.0281134,0.01954364,0.01362316,0.00953284,0.00668488,0.00469268,0.00329112,0.00230032,0.00159484,0.00108808,0.00072288,0.00045936,0.000266,0.00011072,5.716e-05,3.088e-05,1.36e-05,1.72e-06,0.0,0.0,0.0,0.0,0.0,0.0,0.0
0.6,1/0.6,90.0,0.0015,0.5,0.99999316,0.99999192,0.9999906,0.99998848,0.99998564,0.9999834,0.99997956,0.99997556,0.99996916,0.9999632,0.99995556,0.99994652,0.99993656,0.99992292,0.99990784,0.99988848,0.99986708,0.99984056,0.99980576,0.99976796,0.99972068,0.99966372,0.99959548,0.99951288,0.99940896,0.99928792,0.9991426,0.99896816,0.99875984,0.99850128,0.99819616,0.99782784,0.99738528,0.99684592,0.99620004,0.9954194,0.99448524,0.99336208,0.9919968,0.99036404,0.9883864,0.98600384,0.9831126,0.97961996,0.9753892,0.97022984,0.9639204,0.95614692,0.94638988,0.93371432,0.91703724,0.89491112,0.86413172,0.829668,0.78446468,0.73160888,0.68018384,0.62323108,0.5510208,0.43833872,0.36836956,0.32226492,0.28908192,0.26331316,0.24188128,0.22294944,0.20535732,0.18830696,0.17115556,0.15326488,0.13377336,0.10980064,0.08370244,0.0580992,0.04001624,0.02766692,0.01917824,0.01332488,0.00926876,0.00645324,0.004495,0.0031242,0.00216464,0.00148908,0.00100716,0.00066944,0.00042688,0.0002502,0.00012036,3.204e-05,7.28e-06,8e-08,0.0,0.0,0.0,0.0,0.0,0.0,0.0,0.0
0.6,1/0.6,135.0,0.0015,0.5,0.99998944,0.99998692,0.99998404,0.99998108,0.99997716,0.99997268,0.9999662,0.99995844,0.99994964,0.99993908,0.99992628,0.99991108,0.99989204,0.9998698,0.99984268,0.99981188,0.99977488,0.9997288,0.99967348,0.99960628,0.9995242,0.99942744,0.9993092,0.99917132,0.9989996,0.99879,0.99854408,0.99824476,0.99788316,0.99744948,0.99692756,0.996286,0.99552004,0.9946074,0.9935054,0.9921706,0.99057472,0.98865972,0.98634092,0.98352812,0.98014996,0.97607728,0.9711564,0.96522988,0.9580248,0.94927624,0.93864892,0.92564796,0.90971052,0.89135888,0.8704506,0.84662728,0.81944256,0.7882308,0.7518734,0.70610028,0.65449272,0.6051298,0.5569452,0.50738632,0.44900428,0.40282776,0.37015024,0.34479956,0.32331716,0.30357812,0.28409996,0.2636198,0.24059764,0.2086872,0.16585592,0.12327564,0.08352036,0.05699116,0.03911168,0.02694912,0.01861612,0.0128916,0.0089454,0.00621604,0.00432512,0.0030144,0.0020994,0.00145808,0.00100464,0.00068084,0.00044344,0.0002672,0.00013496,4.308e-05,9.6e-06,0.0,0.0,0.0,0.0,0.0,0.0,0.0,0.0,0.0
0.6,1/0.6,180.0,0.0015,0.5,0.99999184,0.99999048,0.99998784,0.99998504,0.99998168,0.99997752,0.99997432,0.99996888,0.99996384,0.99995688,0.99994736,0.99993552,0.99992128,0.99990544,0.99988496,0.99986112,0.9998336,0.99980144,0.99976152,0.99971128,0.99965456,0.99958168,0.9994964,0.99939688,0.9992756,0.99912368,0.99894792,0.9987344,0.99846888,0.99815312,0.9977712,0.99731584,0.99676472,0.99610216,0.99530152,0.99433928,0.99317712,0.99178472,0.99009376,0.9880648,0.98562304,0.98268096,0.9791112,0.97478496,0.96952056,0.96311048,0.95538312,0.94644504,0.9350816,0.92110664,0.90249496,0.88018136,0.85221296,0.81553632,0.76299432,0.71053744,0.6587612,0.60455616,0.53850064,0.42919064,0.36002296,0.31466832,0.28220952,0.25712536,0.23634824,0.21801488,0.20095648,0.18435168,0.16755736,0.1499344,0.13054096,0.10638064,0.08156312,0.05699252,0.03902564,0.0268094,0.01847688,0.01278504,0.00886272,0.00615408,0.00428384,0.00298048,0.00207432,0.00143596,0.00098472,0.000664,0.00044536,0.000292,0.0001812,9.856e-05,3.368e-05,3.68e-06,0.0,0.0,0.0,0.0,0.0,0.0,0.0,0.0
0.6,1/0.2,0.0,0.0015,0.5,0.9999928,0.99999088,0.99998848,0.99998576,0.99998176,0.99997824,0.99997368,0.99996856,0.99996168,0.99995432,0.9999456,0.99993288,0.9999172,0.99989968,0.99988008,0.99985704,0.99982864,0.99979376,0.9997524,0.99970384,0.99964728,0.99957744,0.99949016,0.99938072,0.99925064,0.9990964,0.9989104,0.99869512,0.99842328,0.99810344,0.99771536,0.99723712,0.99666856,0.99599488,0.99518584,0.99420888,0.9930024,0.99157264,0.9898688,0.98780552,0.98530024,0.98228296,0.97863624,0.97427736,0.96893904,0.96250936,0.95463352,0.94493296,0.93381176,0.92053456,0.90238032,0.880312,0.8513488,0.81019208,0.76120824,0.70576552,0.63656152,0.54912384,0.46598168,0.3836832,0.29449672,0.2030378,0.13915976,0.0955824,0.06576104,0.04530976,0.03126184,0.02159456,0.01494104,0.01035432,0.00719016,0.00500664,0.00349912,0.00246096,0.00175776,0.00127288,0.00091736,0.0006416,0.00043168,0.00027808,0.00017064,9.824e-05,5.176e-05,2.288e-05,8e-06,3.12e-06,2.4e-07,0.0,0.0,0.0,0.0,0.0,0.0,0.0,0.0,0.0,0.0,0.0,0.0,0.0
0.6,1/0.2,45.0,0.0015,0.5,0.99998664,0.99998356,0.99998012,0.9999758,0.99997144,0.99996568,0.9999586,0.99995044,0.99993992,0.99992796,0.99991356,0.99989608,0.99987516,0.99984988,0.99981856,0.99978176,0.99973708,0.99968432,0.99961748,0.99953668,0.99944016,0.9993296,0.99919088,0.99902544,0.99882888,0.99859312,0.99829996,0.99794624,0.997522,0.99700832,0.99638044,0.995642,0.99476208,0.99370084,0.992408,0.99084748,0.98894904,0.98669228,0.98396828,0.98069584,0.97672504,0.97192432,0.9661136,0.95911824,0.95055152,0.94009104,0.92731288,0.91137808,0.89128796,0.86602156,0.83868408,0.81008192,0.78010164,0.74869016,0.71575884,0.6807936,0.6433214,0.6025136,0.53558384,0.42649764,0.2946778,0.20164336,0.13846924,0.09537044,0.06585704,0.04558124,0.03162172,0.02199368,0.015337,0.01073116,0.00753492,0.00531268,0.00376084,0.00266748,0.00189464,0.0013436,0.00094884,0.0006632,0.00045312,0.00029636,0.00018456,0.00011564,6.96e-05,3.212e-05,6.16e-06,5.2e-07,0.0,0.0,0.0,0.0,0.0,0.0,0.0,0.0,0.0,0.0,0.0,0.0,0.0,0.0
0.6,1/0.2,90.0,0.0015,0.5,0.99999356,0.99999208,0.99999052,0.99998872,0.99998636,0.99998412,0.99998112,0.99997752,0.99997276,0.99996672,0.99995984,0.9999526,0.99994208,0.9999308,0.99991552,0.99989856,0.999878,0.99985428,0.99982716,0.9997942,0.9997502,0.999699,0.99963588,0.99956364,0.99947648,0.99936792,0.99924052,0.99908292,0.99889404,0.99867004,0.9984032,0.99807596,0.9976852,0.99720844,0.99663188,0.9959454,0.99510472,0.99410156,0.99289764,0.99143424,0.9896636,0.98753224,0.98494248,0.98179156,0.97796316,0.97329572,0.96746116,0.96017784,0.9510042,0.9384606,0.9180006,0.87924088,0.84949124,0.8112648,0.76496104,0.711631,0.64375152,0.55657824,0.47318548,0.38906044,0.29523124,0.20454464,0.14064452,0.09696272,0.06698724,0.04635596,0.03212584,0.02229156,0.015483,0.01076552,0.00750068,0.00523412,0.00365776,0.00256392,0.00179876,0.00126352,0.00088764,0.00062444,0.00043676,0.00030284,0.0002074,0.00013408,4.96e-05,1.012e-05,1.24e-06,0.0,0.0,0.0,0.0,0.0,0.0,0.0,0.0,0.0,0.0,0.0,0.0,0.0,0.0,0.0
0.6,1/0.2,135.0,0.0015,0.5,0.99998612,0.99998276,0.99997956,0.999976,0.99997172,0.999967,0.99996092,0.99995456,0.99994508,0.99993384,0.99992032,0.99990432,0.99988596,0.99986216,0.9998334,0.99979964,0.99975976,0.99970964,0.99965052,0.99957892,0.9994902,0.99938596,0.9992624,0.9991128,0.99892952,0.99870988,0.998446,0.9981322,0.99775292,0.99729144,0.99673944,0.9960862,0.99528684,0.99432824,0.993158,0.99176564,0.99007892,0.98802432,0.98555916,0.98257844,0.97901484,0.97472312,0.96948532,0.96314956,0.9554104,0.94595604,0.93426592,0.91974648,0.90121852,0.87745788,0.85112964,0.822996,0.79303304,0.76075928,0.72553348,0.68626592,0.64280484,0.59484736,0.52835592,0.42597008,0.2950152,0.20095344,0.13763112,0.09458292,0.06517032,0.0449972,0.0311306,0.02157692,0.01498448,0.01042516,0.00726548,0.00507272,0.00354444,0.00247416,0.00172736,0.00120544,0.00084044,0.00058124,0.00039224,0.00025976,0.0001708,0.00010832,6.344e-05,2.352e-05,6.4e-06,2.8e-07,0.0,0.0,0.0,0.0,0.0,0.0,0.0,0.0,0.0,0.0,0.0,0.0,0.0,0.0
0.6,1/0.2,180.0,0.0015,0.5,0.99999064,0.9999896,0.99998672,0.99998424,0.99998128,0.99997776,0.99997344,0.99996856,0.9999616,0.9999548,0.99994432,0.99993384,0.99991936,0.99990232,0.99987904,0.9998568,0.99982776,0.99979592,0.99975664,0.99970384,0.99964232,0.99957248,0.99948512,0.99938128,0.99925944,0.99909272,0.99891608,0.998702,0.99843616,0.99810488,0.99772976,0.99725984,0.99669352,0.9960192,0.99521192,0.99423792,0.99306392,0.99166512,0.98997152,0.98793248,0.98547464,0.98250232,0.97889824,0.97456056,0.96933384,0.96300712,0.95531192,0.9460056,0.93436808,0.92075048,0.90371488,0.88196784,0.85384944,0.81440872,0.7666788,0.7126128,0.64484432,0.5571428,0.47370392,0.38966592,0.29390492,0.20257952,0.13882664,0.09534916,0.06559376,0.04518196,0.03116144,0.02152552,0.01488916,0.01032024,0.00717092,0.004996,0.00349064,0.00244336,0.00170976,0.00119384,0.00082936,0.0005712,0.00039576,0.00026544,0.00016888,0.00010216,5.744e-05,2.832e-05,1.304e-05,4.8e-06,8e-07,0.0,0.0,0.0,0.0,0.0,0.0,0.0,0.0,0.0,0.0,0.0,0.0,0.0
1.0,0.2,0.0,0.0015,0.5,0.99999224,0.99999072,0.9999892,0.9999872,0.99998456,0.99998072,0.99997608,0.99997104,0.99996488,0.99995872,0.99994944,0.9999384,0.99992504,0.99990984,0.999892,0.99986976,0.99983896,0.99980696,0.99976832,0.99972112,0.99966368,0.99959368,0.99950808,0.99940848,0.9992892,0.99913872,0.99896832,0.99875944,0.99850072,0.99819816,0.99783016,0.99738288,0.9968416,0.99619128,0.99539928,0.9944664,0.99334368,0.99197968,0.99032744,0.98837636,0.9859616,0.98309824,0.97959856,0.9753744,0.97029464,0.964058,0.95627696,0.94711944,0.93604432,0.92124584,0.9033884,0.88259224,0.85699856,0.82381056,0.77691384,0.71415184,0.6292848,0.544944,0.4616216,0.36321932,0.2658724,0.18892408,0.13772144,0.10264872,0.07770412,0.05701952,0.0411526,0.03014288,0.02264068,0.01751004,0.01388016,0.01120148,0.00909064,0.00736744,0.00591412,0.0046376,0.0034344,0.00229512,0.00146992,0.00090304,0.0005232,0.00028072,0.00013472,5.648e-05,1.896e-05,6.08e-06,1.52e-06,0.0,0.0,0.0,0.0,0.0,0.0,0.0,0.0,0.0,0.0,0.0,0.0,0.0
1.0,0.2,45.0,0.0015,0.5,0.99999064,0.9999894,0.99998716,0.99998436,0.99998124,0.99997752,0.99997244,0.99996624,0.999959,0.99995084,0.99993948,0.99992672,0.99991252,0.999896,0.99987272,0.99984684,0.99981636,0.99977984,0.9997338,0.99967872,0.99961192,0.99953268,0.9994358,0.99931896,0.99918496,0.99901484,0.9988156,0.99856976,0.99825852,0.997868,0.99737048,0.99674792,0.99599244,0.99498816,0.99375956,0.99222956,0.99034672,0.98806592,0.98530224,0.98196496,0.977913,0.97296212,0.96712084,0.96008664,0.95145232,0.9411042,0.92825308,0.912193,0.89240324,0.87112108,0.84843396,0.8241762,0.79818348,0.7704374,0.74163492,0.71121548,0.6784868,0.64231096,0.59797276,0.4933816,0.37090924,0.27466772,0.20554544,0.15928624,0.12571,0.10107668,0.08514568,0.0725708,0.06132764,0.0517056,0.04315212,0.0358408,0.03026528,0.02555296,0.02139252,0.01757832,0.01423652,0.0113284,0.00883776,0.00678148,0.0051352,0.00387696,0.00288844,0.00199012,0.00113916,0.0003904,5.088e-05,1.176e-05,1.2e-07,0.0,0.0,0.0,0.0,0.0,0.0,0.0,0.0,0.0,0.0,0.0
1.0,0.2,90.0,0.0015,0.5,0.99999548,0.99999432,0.99999336,0.99999216,0.9999906,0.99998864,0.99998576,0.9999828,0.99997956,0.99997608,0.99997132,0.9999652,0.99995952,0.99995056,0.99994104,0.99992936,0.99991452,0.9998964,0.99987496,0.99985076,0.99982096,0.99978452,0.99974112,0.99968728,0.9996248,0.99954648,0.99945172,0.99933768,0.999202,0.99904396,0.99885152,0.9986188,0.99834548,0.99800932,0.99760376,0.99710488,0.99650132,0.99577636,0.9949238,0.99390288,0.99264712,0.99112628,0.98929,0.9870574,0.9843776,0.98104328,0.97687656,0.9716328,0.9656816,0.95862716,0.9501036,0.93959524,0.92625072,0.90852584,0.87653232,0.82470592,0.73866832,0.64873324,0.56016984,0.47144076,0.3699378,0.27265004,0.20419292,0.1568942,0.12239676,0.10115404,0.08786804,0.0746254,0.0628818,0.05274388,0.04378488,0.03654952,0.03087208,0.02612216,0.02193344,0.01813532,0.0147784,0.01184768,0.00928164,0.00711372,0.00534644,0.0040402,0.00301336,0.00209868,0.00125768,0.00053712,0.0001478,2.128e-05,4.72e-06,0.0,0.0,0.0,0.0,0.0,0.0,0.0,0.0,0.0,0.0,0.0
1.0,0.2,135.0,0.0015,0.5,0.9999842,0.99998116,0.99997688,0.99997204,0.99996616,0.99995892,0.99995036,0.99994036,0.99992736,0.99991104,0.99989296,0.99987272,0.99984704,0.99981668,0.9997792,0.99973448,0.9996796,0.99961388,0.99953608,0.99943732,0.99932256,0.99918564,0.99901428,0.99881368,0.99857168,0.99827964,0.99792608,0.99750224,0.99698944,0.99636396,0.99562,0.99472968,0.99364168,0.99232884,0.990748,0.9888566,0.98659048,0.98384888,0.980575,0.97655264,0.9716946,0.96582268,0.95867188,0.949851,0.939082,0.92577876,0.90899428,0.889104,0.86655524,0.84076236,0.809966,0.77890348,0.75912832,0.73771008,0.71325704,0.68660624,0.6567644,0.62215628,0.57773056,0.46265356,0.3342708,0.24456664,0.183856,0.1404474,0.10862604,0.08629188,0.07098248,0.05793532,0.04663676,0.037394,0.02993336,0.02426396,0.01962472,0.01567072,0.01235296,0.00954072,0.00728576,0.00547984,0.00422824,0.0031234,0.00221576,0.0014646,0.00089228,0.0003622,5.144e-05,1.456e-05,2.56e-06,0.0,0.0,0.0,0.0,0.0,0.0,0.0,0.0,0.0,0.0,0.0,0.0,0.0
1.0,0.2,180.0,0.0015,0.5,0.99999272,0.99999032,0.99998824,0.99998536,0.99998224,0.999978,0.99997368,0.9999676,0.99996008,0.99995144,0.99994096,0.99992648,0.99991256,0.99989472,0.99987072,0.9998472,0.9998164,0.99977904,0.99973608,0.99967968,0.99961416,0.99953512,0.99944,0.99932144,0.99918296,0.99901544,0.99881664,0.99857808,0.99829456,0.99794928,0.99754008,0.99702736,0.99641688,0.99567944,0.9947924,0.99371024,0.99239304,0.99079888,0.98887672,0.98655992,0.98375784,0.98042552,0.97645448,0.97169456,0.96606136,0.95971712,0.9523208,0.94333432,0.93160376,0.91787352,0.90129944,0.88076736,0.8547924,0.82064648,0.77236256,0.7047868,0.61644264,0.53093976,0.44535824,0.3529604,0.274871,0.2072396,0.15423116,0.11580924,0.08500948,0.05926076,0.04363904,0.03273408,0.02486984,0.01907156,0.01468104,0.01135464,0.00875644,0.00666276,0.00493232,0.00341032,0.0020144,0.00123564,0.00078032,0.0004888,0.00030256,0.00018572,0.00011072,6.296e-05,3.224e-05,1.44e-05,5.2e-06,1.92e-06,1.6e-07,0.0,0.0,0.0,0.0,0.0,0.0,0.0,0.0,0.0,0.0,0.0
1.0,0.6,0.0,0.0015,0.5,0.99998944,0.9999868,0.99998504,0.99998272,0.99997952,0.99997528,0.99997056,0.99996512,0.99995912,0.99994952,0.99993928,0.99992544,0.99990616,0.99988912,0.99986544,0.99983816,0.99980488,0.99976592,0.9997176,0.99965688,0.99958608,0.99950232,0.9993992,0.99927488,0.999126,0.99894776,0.998736,0.99847016,0.99815552,0.99777704,0.99731464,0.99676152,0.99610912,0.99530008,0.99433808,0.99316784,0.99175752,0.99004616,0.98801288,0.98551888,0.98248176,0.9787904,0.97430552,0.96896352,0.96252024,0.95476808,0.94534112,0.93389568,0.91977952,0.90195584,0.87785296,0.84530824,0.81307096,0.78136248,0.75014728,0.7186192,0.6850032,0.64538392,0.60482376,0.55942624,0.48692904,0.39630024,0.33631776,0.29526608,0.26424576,0.23938528,0.20253452,0.17392216,0.1530852,0.13276464,0.11032256,0.09525276,0.0831836,0.06704404,0.05315792,0.0431238,0.03527528,0.02928228,0.02379468,0.01955932,0.01611732,0.0134372,0.01126464,0.0094856,0.00799512,0.00663768,0.00532832,0.0041548,0.00303896,0.00204976,0.00090304,3.68e-05,0.0,0.0,0.0,0.0,0.0,0.0,0.0,0.0
1.0,0.6,45.0,0.0015,0.5,0.99999416,0.99999288,0.99999148,0.99998964,0.99998796,0.9999856,0.9999824,0.99997856,0.99997352,0.99996912,0.99996328,0.99995604,0.99994784,0.99993724,0.99992556,0.99991096,0.99989232,0.9998704,0.99984476,0.99981348,0.99977552,0.99973104,0.99967496,0.99961184,0.9995328,0.99943752,0.99932484,0.99919152,0.9990234,0.99882064,0.99858112,0.99829092,0.99794092,0.99752016,0.99702768,0.996419,0.995687,0.99481388,0.99374668,0.99243772,0.99090344,0.98905076,0.98685072,0.98420592,0.98099408,0.97715332,0.97253348,0.96691264,0.960086,0.95112436,0.93186368,0.90716052,0.87649576,0.83770476,0.79898788,0.76216104,0.72832472,0.69484384,0.6599734,0.62319848,0.58254208,0.53022496,0.5015912,0.47575,0.44743512,0.41831276,0.3880122,0.35690204,0.32363412,0.27648716,0.23523384,0.1973992,0.1526918,0.11652024,0.0918152,0.07414176,0.06111328,0.05159724,0.04418332,0.0378094,0.03195332,0.026607,0.0219824,0.0180896,0.01461816,0.01162076,0.00911604,0.00689352,0.00507564,0.0038712,0.00283404,0.00188644,0.00111452,0.00065464,0.0002772,3.6e-05,4.2e-06,0.0,0.0,0.0
1.0,0.6,90.0,0.0015,0.5,0.99999332,0.99999208,0.99999068,0.99998836,0.99998536,0.99998224,0.99997908,0.99997508,0.99997032,0.99996356,0.99995744,0.99994884,0.99993852,0.9999236,0.99990748,0.9998864,0.99986448,0.99983672,0.9998024,0.99976208,0.99971244,0.99965684,0.99958524,0.99949932,0.99939884,0.99927492,0.99912476,0.99895096,0.99873192,0.99846684,0.99815052,0.99778012,0.9973376,0.99678224,0.99612196,0.99532956,0.9943576,0.99320112,0.99180628,0.9901106,0.98807192,0.9855866,0.98255508,0.97884972,0.97422848,0.96862944,0.96171992,0.95306236,0.94206836,0.92723208,0.91006708,0.89137052,0.87089908,0.84758748,0.81996844,0.79029496,0.75924,0.726148,0.6889254,0.63801684,0.53184476,0.46080872,0.41131724,0.37506968,0.34285752,0.31545224,0.29022912,0.2651452,0.23992892,0.21507892,0.18888996,0.15842948,0.13041012,0.10186816,0.07736932,0.05957132,0.04702944,0.03823136,0.0307998,0.02452904,0.0196624,0.01563488,0.01225952,0.00950004,0.00720364,0.00533336,0.00401944,0.0028372,0.00185972,0.0010686,0.00052356,0.00011068,1.632e-05,1.4e-06,0.0,0.0,0.0,0.0,0.0,0.0
1.0,0.6,135.0,0.0015,0.5,0.9999904,0.99998888,0.99998632,0.99998308,0.9999796,0.99997532,0.9999706,0.999965,0.999958,0.99995028,0.9999414,0.99992968,0.99991444,0.9998976,0.99987812,0.999854,0.99982388,0.99978744,0.99974444,0.999692,0.99963108,0.99955624,0.99946664,0.9993538,0.99921904,0.99905724,0.998869,0.99863668,0.99835796,0.99802028,0.99761396,0.9971238,0.9965452,0.9958488,0.99501332,0.99398196,0.99273924,0.99127108,0.98947568,0.98730904,0.98472872,0.98161332,0.97783748,0.97327776,0.9677512,0.9610784,0.95302724,0.94321772,0.93127128,0.91658648,0.89834948,0.87543112,0.84837616,0.81810904,0.78240184,0.74539476,0.70739544,0.66629504,0.6189092,0.57539236,0.53859984,0.49587912,0.4631518,0.43334988,0.40175192,0.3737518,0.34603292,0.3179662,0.28711168,0.24243692,0.20246188,0.16517716,0.11995116,0.08483404,0.06099828,0.04443328,0.03243756,0.02358556,0.01725116,0.01272248,0.00928716,0.00677756,0.00487844,0.00341212,0.00227416,0.00147096,0.00080496,0.00034796,0.00020176,0.00011124,4.896e-05,1.076e-05,0.0,0.0,0.0,0.0,0.0,0.0,0.0,0.0
1.0,0.6,180.0,0.0015,0.5,0.99999088,0.99998912,0.99998712,0.99998496,0.99998256,0.99997864,0.99997328,0.99996784,0.999962,0.99995448,0.99994504,0.99993432,0.99991952,0.9999016,0.99988136,0.99985696,0.99982504,0.9997908,0.99975128,0.99969928,0.99963752,0.99956592,0.99947088,0.99936568,0.99923504,0.999082,0.99890104,0.99867896,0.99840856,0.998082,0.99768968,0.99721416,0.99663856,0.99595128,0.995124,0.99412472,0.99290944,0.99145552,0.98971688,0.98759168,0.98505744,0.98198912,0.9783012,0.9737564,0.96827136,0.96146848,0.95305176,0.94248296,0.92936272,0.91333848,0.89322568,0.86733256,0.83010552,0.78951456,0.7482628,0.70817896,0.66785888,0.62543632,0.57750584,0.51334448,0.39896176,0.3315504,0.2900612,0.2615068,0.2383092,0.2185332,0.19765424,0.17482044,0.16422864,0.15156224,0.13750576,0.12487192,0.11036524,0.08756468,0.06334672,0.04685232,0.03407776,0.02451564,0.0174014,0.01199904,0.00806708,0.00570668,0.00403576,0.00285052,0.0020054,0.00140672,0.00097672,0.00066976,0.00045052,0.00029392,0.00018152,9.392e-05,6.48e-06,1.52e-06,0.0,0.0,0.0,0.0,0.0,0.0
1.0,1.0,0.0,0.0015,0.5,0.99999856,0.99999832,0.99999816,0.99999784,0.99999744,0.99999664,0.99999616,0.99999496,0.99999368,0.99999224,0.99999048,0.99998912,0.99998716,0.99998468,0.99998236,0.999979,0.99997524,0.99997016,0.99996384,0.99995616,0.9999454,0.99993364,0.9999208,0.9999042,0.99988432,0.999863,0.99983256,0.99979824,0.99975724,0.99971104,0.99965352,0.99958064,0.999497,0.9993958,0.99927836,0.9991366,0.99896788,0.9987594,0.99850956,0.99820204,0.99781872,0.99737076,0.99685248,0.99619772,0.99542448,0.99447376,0.99334808,0.99200504,0.9903594,0.98838892,0.98599948,0.98312252,0.97966732,0.97548944,0.9704334,0.9643214,0.95689444,0.94785756,0.93682204,0.92324184,0.90638276,0.8857794,0.86012248,0.830888,0.7785318,0.71425868,0.63861948,0.56188652,0.50347824,0.45188564,0.40150736,0.3583956,0.31985648,0.28502832,0.2532612,0.2237296,0.19534924,0.17774752,0.16275872,0.14811772,0.1342996,0.12216924,0.1100436,0.10004132,0.09107864,0.08189352,0.07259596,0.06371544,0.05468416,0.04778288,0.04166024,0.03592144,0.03067632,0.02606768,0.0211508,0.01621512,0.01164744,0.00676424,0.0027504,0.00146384
1.0,1.0,45.0,0.0015,0.5,0.99999424,0.9999934,0.99999252,0.9999904,0.99998856,0.99998596,0.99998304,0.99998008,0.99997616,0.999972,0.99996536,0.99995948,0.99995072,0.99994048,0.99992928,0.99991432,0.99989788,0.99987572,0.99985108,0.99981984,0.99978296,0.9997404,0.99968916,0.9996258,0.99954736,0.99945376,0.99934368,0.99920944,0.99905192,0.99886464,0.99863684,0.998368,0.99803416,0.99763356,0.99715596,0.99656824,0.99585488,0.99500468,0.9939872,0.99276128,0.99129208,0.9895118,0.98737252,0.98480152,0.98171092,0.97796324,0.97350716,0.96816556,0.96193296,0.9550064,0.94775524,0.93885928,0.92773372,0.9139592,0.89856512,0.88163896,0.86314936,0.8431428,0.82158416,0.79841792,0.77339968,0.74534524,0.71679528,0.68838024,0.6600914,0.632301,0.605278,0.57904872,0.55403316,0.52913272,0.5061978,0.4803532,0.45220804,0.42375112,0.395832,0.36867292,0.34149256,0.31235428,0.28407956,0.25638392,0.22857924,0.20038484,0.17388496,0.14982024,0.1296372,0.11218844,0.09697808,0.08424188,0.07410164,0.06463196,0.05482752,0.04622308,0.03822944,0.03041612,0.02282644,0.01192832,0.00620148,0.00391572,0.0020656,0.001137
1.0,1.0,90.0,0.0015,0.5,0.99999924,0.99999908,0.99999888,0.9999986,0.99999828,0.99999792,0.9999976,0.99999728,0.99999652,0.9999958,0.99999472,0.99999384,0.99999256,0.99999116,0.99998936,0.99998736,0.99998488,0.9999826,0.99997924,0.99997452,0.99996864,0.99996196,0.99995408,0.99994388,0.9999338,0.99991904,0.99990272,0.99988216,0.99985596,0.9998276,0.99979336,0.99975172,0.99970104,0.99964064,0.99956756,0.99947996,0.999373,0.99924544,0.99908912,0.998904,0.998674,0.99840488,0.99807736,0.99768416,0.99721452,0.99664568,0.99595308,0.99512112,0.99412264,0.99292176,0.99146228,0.98970836,0.98757312,0.98500264,0.98186872,0.97804252,0.97334196,0.96755132,0.9603232,0.94875168,0.92772004,0.89851088,0.85972788,0.80996092,0.7512448,0.68780984,0.62781384,0.5739008,0.52521688,0.48041612,0.43872244,0.40023904,0.36568168,0.3341748,0.30539464,0.27910248,0.25452124,0.22935772,0.20602568,0.1840982,0.16366092,0.14473212,0.12699812,0.11089364,0.09560612,0.08122556,0.06922552,0.05966876,0.0528274,0.04755924,0.04283372,0.03813892,0.03240036,0.0258972,0.01891,0.00850396,0.0041032,0.00261544,0.00141372,0.00087904
1.0,1.0,135.0,0.0015,0.5,0.99999568,0.99999532,0.99999428,0.99999316,0.99999184,0.99999004,0.99998784,0.99998488,0.99998116,0.99997828,0.99997412,0.99996928,0.99996256,0.99995408,0.99994404,0.999932,0.99991848,0.99990184,0.99988128,0.99985824,0.99982928,0.99979408,0.99975324,0.9997024,0.9996398,0.9995632,0.99947104,0.99936108,0.9992298,0.99906984,0.99887672,0.99865036,0.99837272,0.99804292,0.99764412,0.99716568,0.99658016,0.99588796,0.99504752,0.99402904,0.99281144,0.99134236,0.9895638,0.98741476,0.9848088,0.9816976,0.97794744,0.9733846,0.9678254,0.96106224,0.95273572,0.94246764,0.93054616,0.91712732,0.90211456,0.88544728,0.86717952,0.84729864,0.82584324,0.80292976,0.77863688,0.75319912,0.72663272,0.69903244,0.67044048,0.64095564,0.61297312,0.58994456,0.5663706,0.54029708,0.51005548,0.47710044,0.44416604,0.41123788,0.3793652,0.34889344,0.31930096,0.29002892,0.26150356,0.2336474,0.20674584,0.1797524,0.15473592,0.13265688,0.114492,0.0989372,0.08592096,0.07506704,0.0668574,0.05900488,0.050566,0.04290632,0.03576128,0.02865316,0.02138576,0.0101522,0.00514244,0.00333236,0.00183472,0.00100788
1.0,1.0,180.0,0.0015,0.5,0.99999752,0.99999712,0.99999672,0.99999608,0.99999568,0.99999512,0.99999416,0.9999932,0.99999208,0.99998976,0.9999876,0.99998456,0.99998088,0.99997704,0.99997208,0.99996624,0.99995904,0.99994904,0.99994008,0.99992872,0.99991616,0.99989952,0.99987776,0.9998512,0.99982088,0.9997876,0.9997428,0.99968928,0.99962336,0.99954576,0.99945632,0.99934592,0.99921016,0.99904856,0.9988532,0.99862328,0.99833336,0.9979924,0.99758048,0.99709192,0.99648928,0.99577504,0.99491816,0.99387248,0.99260496,0.99110008,0.989294,0.98710992,0.98449328,0.98131104,0.97750552,0.97289872,0.96725424,0.9605476,0.9525552,0.94274736,0.93072064,0.91583696,0.89851568,0.87812064,0.85356688,0.8236208,0.78668064,0.74085648,0.6880688,0.6312664,0.57673376,0.52643872,0.48020048,0.43786784,0.39754712,0.36071168,0.3277628,0.29771704,0.26921448,0.24222408,0.21733024,0.19409552,0.1713988,0.15716856,0.14568216,0.13523432,0.12505416,0.11595388,0.1068392,0.0964524,0.08499656,0.07281568,0.0612692,0.05177192,0.04311992,0.03598672,0.03094804,0.02565576,0.01953468,0.0107912,0.00610904,0.00438584,0.0028472,0.00219168
1.0,1/0.6,0.0,0.0015,0.5,0.99999092,0.99998888,0.99998696,0.99998416,0.99998032,0.9999756,0.99997052,0.99996492,0.99995912,0.99994984,0.99993904,0.99992844,0.9999148,0.99989804,0.9998774,0.99985156,0.99982104,0.99978548,0.9997444,0.99969568,0.9996364,0.99956176,0.99947552,0.99936544,0.999242,0.9990874,0.99889688,0.99866456,0.99839224,0.99805964,0.99766264,0.99718432,0.99660944,0.99591548,0.99507268,0.994082,0.99287428,0.99140012,0.9896498,0.98751756,0.98495088,0.98184424,0.97812108,0.97358812,0.96803692,0.96122144,0.95296488,0.94224412,0.92994288,0.91551428,0.89896736,0.87933064,0.85557204,0.82607872,0.78726152,0.73297252,0.65084088,0.51224828,0.42190416,0.36356368,0.32361332,0.29408312,0.26771864,0.24329936,0.22018924,0.1981784,0.17830912,0.16082396,0.14541892,0.12975312,0.10892172,0.08918324,0.0786602,0.06962508,0.06087644,0.05267372,0.045192,0.03817464,0.03017684,0.02474356,0.01957856,0.01548712,0.0120392,0.0093332,0.00713464,0.0052188,0.00397384,0.00300024,0.00204536,0.0012332,0.00051336,7.2e-07,0.0,0.0,0.0,0.0,0.0,0.0,0.0,0.0
1.0,1/0.6,45.0,0.0015,0.5,0.99998512,0.9999826,0.99997928,0.99997508,0.99997,0.99996352,0.99995612,0.99994828,0.99993756,0.99992404,0.99990776,0.99988832,0.99986496,0.99983564,0.9998026,0.99976224,0.99971692,0.99965916,0.99958896,0.99950628,0.99940792,0.99928608,0.99914224,0.9989636,0.9987484,0.99849288,0.99818352,0.99780504,0.99734592,0.9967946,0.99612292,0.995315,0.99435088,0.99322524,0.99186068,0.99023788,0.98822492,0.985783,0.9829484,0.97948752,0.975473,0.9706544,0.9650954,0.95923124,0.9528062,0.94493408,0.93527808,0.92350616,0.90978624,0.8942076,0.87673052,0.85711248,0.83514916,0.81071692,0.78342892,0.7528806,0.71804312,0.6752392,0.62580252,0.58290044,0.55416492,0.52811484,0.50136636,0.47278576,0.44450112,0.4165384,0.38660476,0.3561512,0.32550116,0.28650908,0.23799252,0.18937608,0.14316396,0.11143748,0.08895752,0.0725926,0.06035216,0.05109396,0.04438244,0.03775572,0.03200428,0.02696664,0.02227692,0.01782856,0.01441688,0.01142084,0.008933,0.00668064,0.00491256,0.00358576,0.0025404,0.00161332,0.00094336,0.00052884,0.0001618,2.596e-05,1.32e-06,0.0,0.0,0.0
1.0,1/0.6,90.0,0.0015,0.5,0.9999958,0.99999536,0.99999412,0.9999926,0.99999096,0.99998848,0.99998588,0.99998224,0.99997792,0.99997332,0.99996776,0.99996232,0.99995488,0.99994524,0.99993432,0.99992188,0.99990604,0.9998868,0.99986336,0.99983652,0.9998026,0.99976288,0.9997156,0.99966028,0.9995892,0.9995076,0.99940432,0.99928552,0.99913756,0.99895692,0.99874128,0.99848556,0.99817616,0.99780116,0.99735196,0.9968184,0.99616916,0.99538868,0.99444932,0.99330884,0.991943,0.9903012,0.98829916,0.98588664,0.98298788,0.97949288,0.97524068,0.97009152,0.96381792,0.95615496,0.94668,0.93478508,0.91949456,0.89864428,0.86940364,0.82777496,0.78321176,0.71665516,0.61713584,0.54338436,0.48704136,0.4412042,0.40108912,0.36493412,0.33582692,0.31213312,0.2871846,0.26252912,0.237901,0.21346848,0.18794876,0.15815584,0.12770668,0.09745596,0.07439004,0.05846508,0.04771216,0.03926308,0.0315774,0.02525588,0.01989112,0.01567876,0.01229236,0.00950344,0.00720376,0.00531032,0.00392356,0.00274304,0.0017614,0.0010172,0.0004804,9.276e-05,1.756e-05,2.24e-06,0.0,0.0,0.0,0.0,0.0,0.0
1.0,1/0.6,135.0,0.0015,0.5,0.99998748,0.99998508,0.99998224,0.99997808,0.9999742,0.99996904,0.99996248,0.9999548,0.99994496,0.99993272,0.99991936,0.99990252,0.99988256,0.99985796,0.99982912,0.99979276,0.99974984,0.999697,0.99963536,0.99956296,0.99947788,0.99936848,0.99924032,0.9990852,0.99889532,0.99866804,0.99839648,0.99807204,0.99767916,0.997205,0.99663412,0.99594316,0.99512152,0.99412164,0.99290572,0.99144252,0.98968628,0.98757584,0.98502124,0.98196268,0.9782544,0.97376448,0.96831316,0.9617852,0.95402988,0.94494588,0.93428912,0.92200176,0.90770496,0.89118464,0.8721906,0.85025232,0.82499056,0.79567108,0.76026936,0.7163144,0.67413816,0.62768528,0.58197916,0.53545136,0.5020736,0.47846372,0.45776764,0.43685256,0.4125442,0.3832546,0.35311432,0.32463096,0.29451732,0.25434964,0.20727908,0.1608728,0.11535164,0.08376644,0.06073732,0.04439696,0.03246824,0.0236524,0.0176122,0.01296228,0.00947056,0.00685912,0.0048412,0.00336904,0.0022296,0.00145208,0.00078916,0.00035504,0.00020632,0.00011332,4.92e-05,1.084e-05,0.0,0.0,0.0,0.0,0.0,0.0,0.0,0.0
1.0,1/0.6,180.0,0.0015,0.5,0.9999944,0.99999328,0.99999176,0.99998952,0.99998744,0.99998424,0.99998048,0.99997592,0.99997144,0.99996544,0.99995712,0.99994624,0.99993608,0.99992224,0.9999064,0.99988904,0.99986656,0.9998396,0.99980592,0.99976584,0.99972112,0.99966416,0.99959584,0.99951136,0.99940888,0.99928672,0.99914072,0.99896536,0.99875688,0.9985124,0.99821296,0.99784056,0.99740256,0.99687368,0.99624168,0.99548592,0.99457512,0.99350984,0.9922152,0.99069392,0.98885616,0.9866148,0.98379872,0.98038288,0.97645872,0.97196064,0.9662592,0.95897048,0.95016256,0.93951816,0.92631848,0.91004344,0.88954608,0.86246904,0.8257756,0.7762348,0.69943096,0.60640512,0.49227816,0.41068848,0.35373432,0.31228384,0.28082392,0.25642472,0.2381996,0.21968624,0.20010048,0.1767824,0.1645312,0.15204408,0.13886576,0.12269696,0.10429096,0.08883976,0.0764544,0.05823284,0.041314,0.02915264,0.02031196,0.01385456,0.00916224,0.00634,0.00440304,0.0030632,0.00213232,0.00148176,0.00102252,0.00069656,0.00046712,0.0003028,0.00018656,9.656e-05,6.48e-06,1.44e-06,0.0,0.0,0.0,0.0,0.0,0.0
1.0,1/0.2,0.0,0.0015,0.5,0.99999404,0.99999284,0.99999112,0.99998904,0.99998728,0.99998524,0.99998184,0.9999776,0.99997328,0.99996792,0.99996188,0.99995232,0.99994312,0.99993192,0.99991876,0.9999006,0.99988208,0.99985768,0.99982736,0.99979264,0.99974832,0.99970036,0.99963484,0.9995566,0.99946948,0.99936464,0.99923824,0.99908108,0.99889596,0.99866812,0.99838964,0.99806208,0.99766336,0.99717876,0.99659712,0.9958856,0.99503912,0.99404208,0.99286372,0.99151196,0.989912,0.98791216,0.98542612,0.98259732,0.97929588,0.97487676,0.96929768,0.96255516,0.95432672,0.94398116,0.93092212,0.914026,0.8913652,0.86008976,0.81372348,0.74150268,0.6488886,0.55431688,0.46089692,0.36277396,0.26462676,0.18622196,0.13729292,0.1085774,0.09329416,0.08180408,0.07105416,0.06150472,0.05324628,0.04619052,0.03991452,0.03428948,0.02925592,0.02459692,0.02005332,0.01527396,0.0092778,0.00529808,0.00280272,0.001326,0.00075256,0.00039008,0.00017176,5.68e-05,1.904e-05,6.08e-06,1.52e-06,0.0,0.0,0.0,0.0,0.0,0.0,0.0,0.0,0.0,0.0,0.0,0.0,0.0
1.0,1/0.2,45.0,0.0015,0.5,0.9999748,0.99996952,0.99996364,0.99995572,0.99994672,0.99993544,0.99992352,0.99990744,0.99988908,0.99986744,0.99984088,0.99980888,0.9997698,0.99972208,0.999666,0.99959708,0.99951704,0.99941884,0.99930252,0.99915888,0.9989924,0.99878216,0.99853664,0.99824024,0.99787324,0.99742844,0.99689856,0.99625596,0.9954978,0.99458484,0.99348404,0.99214064,0.99053304,0.98858288,0.98621328,0.98334916,0.97991212,0.97575092,0.97077708,0.96479796,0.95752596,0.94874136,0.93800828,0.92521632,0.91016092,0.89261372,0.87470184,0.85926984,0.84216344,0.82306808,0.8019334,0.77861132,0.7533208,0.72553344,0.69414072,0.66223244,0.62874588,0.5927368,0.5531718,0.46397896,0.35098352,0.27091436,0.2127766,0.16695028,0.12906032,0.10259316,0.08728592,0.07601996,0.06584004,0.05691544,0.04915516,0.04229116,0.0361842,0.03099176,0.02636108,0.02205452,0.01825404,0.0141182,0.01086872,0.00831292,0.00616684,0.00435492,0.00296264,0.00182292,0.00093332,0.00023368,8.048e-05,3.044e-05,9.88e-06,2.04e-06,0.0,0.0,0.0,0.0,0.0,0.0,0.0,0.0,0.0,0.0
1.0,1/0.2,90.0,0.0015,0.5,0.99999652,0.99999544,0.99999464,0.99999336,0.99999192,0.99998988,0.99998788,0.9999856,0.99998268,0.999979,0.99997476,0.99996928,0.9999638,0.99995612,0.99994712,0.99993692,0.99992376,0.99990908,0.99988864,0.9998644,0.99983644,0.99980316,0.99975988,0.99971172,0.99965332,0.99958312,0.99949928,0.9993954,0.99927028,0.99911752,0.99893372,0.99871184,0.99844732,0.99812452,0.99773732,0.9972768,0.99672912,0.9960696,0.99525928,0.99428312,0.99312336,0.99171488,0.99001256,0.98794808,0.98545488,0.98243,0.97873884,0.97425376,0.96876396,0.96196304,0.9534316,0.94222152,0.92795088,0.9097674,0.88327896,0.82207176,0.73534132,0.64759496,0.55894516,0.46967044,0.36883152,0.27032264,0.19732944,0.15549828,0.12834808,0.10948748,0.09590712,0.08069964,0.06694076,0.05654036,0.0481482,0.04130436,0.03558608,0.03059248,0.02592444,0.0217184,0.01745924,0.01346344,0.010492,0.00807976,0.00603448,0.00431648,0.00299784,0.00195408,0.00104456,0.00050196,0.000172,4.672e-05,1.668e-05,4.16e-06,0.0,0.0,0.0,0.0,0.0,0.0,0.0,0.0,0.0,0.0
1.0,1/0.2,135.0,0.0015,0.5,0.99997728,0.99997312,0.99996732,0.99996036,0.9999522,0.9999422,0.99993068,0.9999152,0.9998982,0.99987984,0.99985488,0.99982516,0.99978816,0.99974704,0.99969512,0.9996322,0.99955728,0.99946544,0.99935692,0.99922308,0.99906476,0.99886684,0.99863708,0.99835104,0.99801,0.99759436,0.99710528,0.99650532,0.99577548,0.99491132,0.99386456,0.9926168,0.9910916,0.98925128,0.98702348,0.98437564,0.98115096,0.97730392,0.97271264,0.96725488,0.96073896,0.95311308,0.9442558,0.9338328,0.9217766,0.90774268,0.89147308,0.87244336,0.8496256,0.82494728,0.80864852,0.79072396,0.77126976,0.75022576,0.72768208,0.70336224,0.67404512,0.64060844,0.59295292,0.48904868,0.36946404,0.28809808,0.21611052,0.160811,0.12442616,0.10002944,0.08563784,0.07324412,0.05738272,0.04638884,0.03802724,0.03148852,0.02609048,0.0214212,0.01706844,0.0128352,0.00970436,0.00722996,0.00521016,0.00349176,0.00221728,0.00152656,0.00094684,0.00041288,0.0001238,3.872e-05,1.272e-05,2.88e-06,0.0,0.0,0.0,0.0,0.0,0.0,0.0,0.0,0.0,0.0,0.0,0.0
1.0,1/0.2,180.0,0.0015,0.5,0.99999064,0.99998832,0.99998552,0.99998184,0.99997856,0.99997448,0.99996936,0.99996232,0.99995512,0.99994584,0.99993624,0.99992264,0.9999064,0.99988496,0.99986232,0.9998312,0.9997992,0.99975672,0.99970928,0.99964936,0.9995792,0.99949048,0.9993876,0.99925984,0.99910744,0.99892592,0.9987036,0.9984372,0.99810784,0.99770624,0.99723296,0.99664384,0.99594312,0.9950864,0.994036,0.992738,0.99115264,0.98918992,0.98682096,0.9840268,0.980746,0.97687832,0.9722628,0.96701552,0.96099528,0.95410472,0.94600144,0.93655952,0.92539096,0.91209216,0.89603744,0.87646008,0.85178112,0.8193432,0.77279096,0.70061832,0.61755016,0.53727032,0.45660632,0.36746656,0.2908392,0.23129128,0.19267392,0.17464656,0.16229236,0.12767772,0.09316152,0.0699126,0.05540132,0.04471232,0.03623848,0.0290878,0.02206272,0.01515296,0.00954632,0.00564184,0.00347488,0.00202268,0.00119604,0.00068356,0.0003814,0.00020112,0.00011408,6.248e-05,3.176e-05,1.44e-05,5.12e-06,1.92e-06,1.6e-07,0.0,0.0,0.0,0.0,0.0,0.0,0.0,0.0,0.0,0.0,0.0
1/0.6,0.2,0.0,0.0015,0.5,0.99998696,0.9999844,0.99998088,0.99997704,0.9999708,0.99996504,0.99995784,0.99994904,0.9999384,0.99992576,0.99990912,0.99989296,0.99986888,0.99984,0.99980584,0.99976744,0.9997216,0.99966208,0.99959648,0.99951408,0.99941128,0.99929024,0.99914224,0.99896144,0.9987496,0.99848832,0.99818208,0.99781824,0.99737848,0.99684776,0.9962048,0.99543664,0.99450848,0.99336392,0.99201952,0.99041072,0.98843672,0.98606368,0.98316584,0.97976728,0.97575808,0.9709628,0.96529944,0.95853416,0.95080424,0.94164656,0.93095312,0.9185272,0.90430072,0.88777176,0.86883632,0.8471584,0.82247408,0.79428448,0.7620632,0.7242516,0.68117792,0.62724992,0.54897364,0.43003292,0.32921724,0.24071048,0.15814428,0.10411428,0.0695882,0.0470024,0.0319836,0.02188628,0.0150388,0.0103732,0.00717904,0.00498472,0.00347564,0.00243868,0.00173544,0.00125408,0.0009028,0.00063164,0.00042576,0.00027488,0.00016904,9.752e-05,5.176e-05,2.272e-05,7.84e-06,3.12e-06,2.4e-07,0.0,0.0,0.0,0.0,0.0,0.0,0.0,0.0,0.0,0.0,0.0,0.0,0.0
1/0.6,0.2,45.0,0.0015,0.5,0.99999308,0.99999168,0.99999024,0.99998856,0.99998608,0.9999834,0.99998044,0.99997572,0.99997072,0.99996532,0.99995852,0.99995036,0.9999408,0.99992872,0.9999142,0.99989528,0.99987396,0.99984732,0.999817,0.99977628,0.99973192,0.99967876,0.99961576,0.99953644,0.99943896,0.99932224,0.9991838,0.99902024,0.9988228,0.9985718,0.99827868,0.99792792,0.99750416,0.99699812,0.99638396,0.99564176,0.99475652,0.99367908,0.99238216,0.9908346,0.98895616,0.98669296,0.98395588,0.98064564,0.97665276,0.97182048,0.96596008,0.95883928,0.95009432,0.9393386,0.92593268,0.90922104,0.88782356,0.85984544,0.82161796,0.7633872,0.67980648,0.58464592,0.4980384,0.42348328,0.35775188,0.24378812,0.15758204,0.10424156,0.070056,0.04762292,0.03264612,0.02252452,0.0156262,0.01089452,0.00763268,0.00537292,0.00379724,0.00269228,0.0019108,0.0013538,0.00095576,0.00066708,0.00045432,0.00029712,0.00018532,0.00011616,7.1e-05,3.268e-05,6.2e-06,5.2e-07,0.0,0.0,0.0,0.0,0.0,0.0,0.0,0.0,0.0,0.0,0.0,0.0,0.0,0.0
1/0.6,0.2,90.0,0.0015,0.5,0.99998492,0.99998156,0.99997736,0.99997296,0.999967,0.9999602,0.99995228,0.99994328,0.99993172,0.99991764,0.99990036,0.99988012,0.99985408,0.99982504,0.99978968,0.999746,0.99969428,0.99962976,0.99954996,0.9994596,0.99935084,0.99921808,0.9990606,0.99886696,0.99863792,0.9983594,0.99802936,0.99762548,0.99714776,0.9965742,0.99588748,0.9950602,0.99405812,0.99286324,0.99141376,0.98965784,0.98755244,0.98502,0.98199136,0.97843324,0.97420452,0.96917372,0.96321856,0.95627392,0.94809544,0.9383844,0.92721976,0.91415544,0.89903404,0.8815288,0.86159212,0.83914508,0.8148196,0.7882326,0.75665864,0.70926348,0.6649666,0.61844544,0.54739284,0.43064172,0.33219384,0.24621492,0.1614492,0.1067298,0.0716542,0.04862716,0.03325388,0.02286656,0.01578676,0.01092876,0.0075914,0.00528996,0.00369516,0.00258944,0.00181588,0.00127564,0.00089576,0.00062912,0.00044064,0.00030596,0.00020932,0.00013564,4.988e-05,1.032e-05,1.24e-06,0.0,0.0,0.0,0.0,0.0,0.0,0.0,0.0,0.0,0.0,0.0,0.0,0.0,0.0,0.0
1/0.6,0.2,135.0,0.0015,0.5,0.99999324,0.99999144,0.99998988,0.9999882,0.99998556,0.99998244,0.99997928,0.99997464,0.99997052,0.99996412,0.99995748,0.99994844,0.99993768,0.99992452,0.99990872,0.99988956,0.99986656,0.99983932,0.99980684,0.9997672,0.99971984,0.99966056,0.99959176,0.99950632,0.99940184,0.9992796,0.99912856,0.99895092,0.9987388,0.99848012,0.9981748,0.99780332,0.99735304,0.9968192,0.99616484,0.995384,0.99443568,0.99329636,0.99191996,0.99026824,0.98827472,0.98587996,0.98298888,0.9794912,0.97527344,0.97016516,0.96400884,0.95655972,0.94748068,0.9364008,0.92274128,0.905913,0.88465708,0.85699276,0.81915496,0.7614152,0.67981836,0.58857028,0.51016132,0.4392108,0.36804464,0.24751336,0.15940572,0.10500112,0.0702408,0.04751472,0.03239832,0.02222892,0.01532484,0.01060708,0.00736436,0.00512664,0.00357504,0.00249204,0.00173652,0.00120968,0.00084324,0.00058344,0.00039468,0.00026152,0.00017188,0.00010972,6.416e-05,2.364e-05,6.72e-06,3.2e-07,0.0,0.0,0.0,0.0,0.0,0.0,0.0,0.0,0.0,0.0,0.0,0.0,0.0,0.0
1/0.6,0.2,180.0,0.0015,0.5,0.99998184,0.9999788,0.99997536,0.99997144,0.99996664,0.99995888,0.99994952,0.99993944,0.99992808,0.9999128,0.99989464,0.99987456,0.9998512,0.9998232,0.99978696,0.9997448,0.99969432,0.999632,0.9995564,0.99946384,0.99935476,0.99922232,0.99906952,0.99888552,0.9986616,0.99838912,0.99806584,0.99767128,0.99720856,0.99664888,0.99598336,0.99513712,0.99412472,0.99292096,0.9915192,0.98981032,0.98776944,0.9853152,0.98232928,0.9786784,0.9744988,0.96949472,0.96358008,0.95662792,0.94849144,0.9390132,0.92800072,0.91507816,0.90028208,0.88315032,0.8636232,0.84118832,0.8157,0.78661136,0.7533716,0.71485696,0.67006864,0.61530456,0.5403564,0.42433276,0.32749348,0.24372052,0.15994608,0.10530532,0.07036808,0.0475186,0.03233204,0.02211704,0.01520268,0.01049032,0.00726908,0.00505448,0.0035286,0.00246864,0.0017302,0.00120944,0.00084056,0.00057948,0.00040152,0.00026832,0.00017088,0.00010416,5.84e-05,2.936e-05,1.32e-05,5.04e-06,1.04e-06,0.0,0.0,0.0,0.0,0.0,0.0,0.0,0.0,0.0,0.0,0.0,0.0,0.0
1/0.6,0.6,0.0,0.0015,0.5,0.99998832,0.99998664,0.99998392,0.99998096,0.9999768,0.99997168,0.99996704,0.99995944,0.99995208,0.99994216,0.9999308,0.99991592,0.99989984,0.99987808,0.9998536,0.99982232,0.99978408,0.99974176,0.99968776,0.99962144,0.99954416,0.99944832,0.99934208,0.99920216,0.99904048,0.99883872,0.99860424,0.99831872,0.99796808,0.99756296,0.9970608,0.99646344,0.995738,0.99486744,0.99382768,0.99257616,0.9910496,0.98923216,0.98701112,0.9843544,0.9811512,0.97723216,0.97250344,0.96682448,0.95983192,0.95122024,0.94066816,0.92745168,0.91061832,0.8887952,0.86155384,0.83543288,0.80799808,0.77884776,0.7507392,0.72206904,0.6918444,0.6595044,0.62324928,0.58185472,0.5307824,0.4435852,0.33104488,0.27900392,0.24693552,0.2233092,0.20365816,0.18583096,0.16853488,0.1509084,0.13208712,0.10988528,0.08473964,0.05828096,0.03965132,0.02720724,0.01879008,0.01304944,0.00911568,0.00640232,0.00452424,0.00321344,0.0022898,0.00163296,0.00115752,0.00080096,0.00048352,0.00019024,5.864e-05,2.76e-05,1.008e-05,9.6e-07,0.0,0.0,0.0,0.0,0.0,0.0,0.0,0.0
1/0.6,0.6,45.0,0.0015,0.5,0.99999116,0.99998944,0.99998712,0.99998452,0.9999816,0.99997796,0.99997428,0.99996912,0.99996268,0.9999558,0.99994672,0.99993664,0.99992428,0.99990844,0.99988836,0.99986704,0.99983972,0.99980848,0.99977088,0.99972436,0.99967116,0.99960272,0.99952044,0.99942512,0.99930744,0.99916264,0.99899452,0.9987854,0.99853596,0.99823764,0.9978754,0.99744004,0.99691548,0.99627256,0.99550184,0.99458452,0.99347892,0.99213784,0.99053988,0.9886198,0.98629116,0.98348336,0.9800676,0.97593828,0.97093676,0.96536116,0.95888168,0.95134516,0.94255412,0.93226836,0.92015268,0.90579196,0.88856796,0.86736988,0.84201808,0.81088964,0.77054196,0.71625548,0.6625578,0.60865336,0.54681688,0.47834944,0.4116864,0.36636868,0.33707256,0.31362104,0.29203376,0.2699474,0.24524388,0.2074492,0.1680574,0.1324272,0.09011356,0.0607846,0.04151456,0.028579,0.01977912,0.01374428,0.00959852,0.00672108,0.00471384,0.00330332,0.00230804,0.0015994,0.0010922,0.00072532,0.00046096,0.00026752,0.00011376,5.768e-05,3.128e-05,1.372e-05,1.64e-06,0.0,0.0,0.0,0.0,0.0,0.0,0.0
1/0.6,0.6,90.0,0.0015,0.5,0.9999886,0.99998628,0.99998372,0.99998036,0.99997604,0.99997116,0.9999652,0.9999584,0.99994884,0.99993832,0.99992556,0.99991056,0.99989236,0.9998704,0.99984296,0.99980988,0.99976972,0.99972112,0.9996622,0.99959188,0.99951248,0.99941448,0.99929704,0.99915344,0.9989778,0.99877208,0.99851812,0.9982072,0.99784668,0.99740892,0.9968876,0.9962464,0.99547728,0.99454204,0.99343196,0.99207616,0.99044936,0.98848936,0.98610648,0.98326152,0.97982312,0.97569064,0.97065576,0.96454476,0.95707752,0.94794236,0.9366594,0.9226148,0.90477752,0.88288076,0.85958148,0.83600536,0.81073784,0.78366556,0.756222,0.72414596,0.67579696,0.64568,0.61525136,0.58068864,0.53604208,0.45162468,0.33777,0.28551168,0.25319976,0.22922212,0.20905764,0.19057324,0.17255016,0.1540654,0.13405336,0.10922924,0.08497488,0.06007988,0.0409352,0.02810556,0.01939624,0.01343432,0.00932776,0.00648452,0.00450976,0.00313376,0.0021708,0.00149236,0.00100936,0.00067056,0.00042788,0.00025132,0.00012156,3.252e-05,7.44e-06,8e-08,0.0,0.0,0.0,0.0,0.0,0.0,0.0,0.0
1/0.6,0.6,135.0,0.0015,0.5,0.99998812,0.99998532,0.99998204,0.9999792,0.9999746,0.99996872,0.99996236,0.9999546,0.999945,0.99993408,0.99992188,0.99990608,0.99988792,0.99986532,0.99983844,0.99980464,0.99976492,0.99971792,0.99965812,0.99959188,0.99950836,0.99941276,0.99928956,0.9991414,0.99896888,0.99875856,0.9985014,0.99819696,0.99782352,0.99738876,0.99684372,0.99619708,0.99542588,0.99448252,0.993363,0.9919732,0.99028696,0.98826664,0.98587632,0.98308756,0.97986604,0.97610556,0.97170504,0.96655468,0.96056092,0.95359096,0.9454696,0.93602232,0.92499912,0.91238952,0.897826,0.88098464,0.86152572,0.83888728,0.81202148,0.77941592,0.73775328,0.68450988,0.63449852,0.58650244,0.5374512,0.48169156,0.4051502,0.35880852,0.32963432,0.30676972,0.28589032,0.26465216,0.24090412,0.20465468,0.16570224,0.1302362,0.08787808,0.05892104,0.03999128,0.02736192,0.01881836,0.01299328,0.008997,0.006244,0.00433928,0.00302328,0.00210412,0.00146124,0.001006,0.00068148,0.0004444,0.0002682,0.0001364,4.376e-05,1e-05,0.0,0.0,0.0,0.0,0.0,0.0,0.0,0.0,0.0
1/0.6,0.6,180.0,0.0015,0.5,0.99998712,0.99998432,0.99998104,0.99997696,0.99997184,0.99996672,0.99996064,0.999952,0.99994232,0.99993224,0.9999184,0.99990224,0.99988376,0.99986208,0.99983328,0.99980064,0.99975944,0.99971032,0.99965304,0.99958112,0.99950064,0.99939984,0.9992788,0.99912896,0.9989532,0.99873656,0.99847136,0.9981648,0.99778608,0.99733696,0.99680096,0.99613872,0.99536168,0.99438584,0.99324608,0.9918632,0.9901908,0.98817552,0.98573728,0.98280656,0.97929696,0.97502512,0.9698676,0.9635888,0.95593136,0.94650776,0.934994,0.92049064,0.90213248,0.87955808,0.85733568,0.83360992,0.80781568,0.78044392,0.75337984,0.72516168,0.69494568,0.66248984,0.62604688,0.5838788,0.53125216,0.4379048,0.32715976,0.27679848,0.24591056,0.22305232,0.20380456,0.18609,0.16872088,0.15081656,0.13137152,0.10755592,0.0829954,0.05754352,0.03899148,0.02661024,0.01824868,0.01259208,0.00871324,0.00604512,0.00420432,0.00292504,0.00203504,0.00140736,0.00096636,0.000652,0.0004372,0.00028736,0.00017872,9.752e-05,3.328e-05,3.68e-06,0.0,0.0,0.0,0.0,0.0,0.0,0.0,0.0
1/0.6,1.0,0.0,0.0015,0.5,0.99999832,0.99999808,0.99999728,0.9999968,0.9999956,0.99999456,0.99999392,0.99999208,0.99999008,0.99998888,0.99998632,0.99998352,0.99998064,0.99997672,0.99997208,0.9999668,0.99996024,0.999952,0.99994128,0.99993036,0.99991636,0.99989812,0.99987796,0.99985584,0.99982452,0.99978948,0.99974772,0.99969388,0.99963556,0.99955776,0.99946732,0.99935692,0.99923052,0.9990666,0.99887648,0.99864592,0.99836676,0.99803656,0.99763632,0.9971526,0.99657092,0.99586756,0.99501916,0.99400348,0.99277364,0.99129912,0.98951236,0.98736076,0.98478196,0.98165916,0.97790792,0.97337852,0.96792784,0.96134248,0.95338932,0.94375788,0.93211988,0.9180548,0.90088952,0.88000904,0.8543884,0.822936,0.78427064,0.74071232,0.6927958,0.63965504,0.58241768,0.5298534,0.48215584,0.43857344,0.39841264,0.36043632,0.32779036,0.29886104,0.27291276,0.24948324,0.22821716,0.20879488,0.19084004,0.16952048,0.15051004,0.13394736,0.118527,0.10430996,0.09137312,0.0786138,0.06713832,0.05783688,0.05103232,0.04640488,0.04204808,0.03758292,0.03163832,0.02510496,0.01775588,0.00551536,0.003851,0.0024346,0.00116436,0.00082424
1/0.6,1.0,45.0,0.0015,0.5,0.99999748,0.99999696,0.99999664,0.99999604,0.9999952,0.99999452,0.999993,0.99999144,0.99999016,0.99998788,0.9999852,0.9999818,0.99997768,0.99997228,0.99996688,0.99996096,0.9999516,0.99994124,0.99993064,0.99991704,0.99989972,0.99987984,0.99985388,0.99982476,0.99979008,0.99974692,0.9996962,0.99963112,0.99955716,0.99946452,0.99935592,0.99922096,0.99906164,0.9988672,0.9986364,0.99835964,0.99802056,0.9976194,0.9971322,0.99654912,0.99584564,0.99499916,0.99397736,0.99274452,0.99125872,0.9894528,0.98728052,0.98466008,0.981498,0.97766496,0.9730002,0.967307,0.96031144,0.95160724,0.9406998,0.92669608,0.90806816,0.88314048,0.8564078,0.82876072,0.80012716,0.77046556,0.73965948,0.70773852,0.67487136,0.64118332,0.60682252,0.572374,0.53830488,0.50407912,0.47083548,0.43908192,0.40937924,0.38141352,0.35471004,0.32924308,0.3050496,0.27963232,0.25422956,0.22800544,0.20207436,0.17617384,0.15218204,0.13055484,0.11276,0.0978994,0.0854684,0.07507872,0.066972,0.0590818,0.05061756,0.04295304,0.0357988,0.02865432,0.02130656,0.01190924,0.00528476,0.0034184,0.00184076,0.0010358
1/0.6,1.0,90.0,0.0015,0.5,0.99999788,0.99999752,0.99999708,0.99999668,0.99999612,0.99999528,0.9999938,0.99999288,0.9999916,0.99999016,0.99998832,0.99998624,0.9999828,0.9999788,0.99997436,0.99996828,0.99996136,0.99995448,0.99994496,0.9999338,0.99992096,0.99990344,0.99988204,0.99985868,0.99982908,0.9997926,0.99975032,0.99969856,0.99963984,0.9995622,0.99947184,0.99936748,0.99923644,0.99908152,0.99889416,0.99866728,0.998397,0.99806696,0.99767156,0.99719308,0.9966182,0.99592532,0.99509244,0.99408476,0.9928786,0.9914256,0.9896724,0.98755748,0.98502016,0.98195384,0.97826,0.97380764,0.96842788,0.96191672,0.95399016,0.94414168,0.93078968,0.913171,0.89370928,0.87229068,0.84779184,0.81863856,0.78266936,0.74038172,0.69290768,0.63953528,0.58231344,0.52991644,0.48210028,0.43781564,0.3978612,0.3615338,0.32827112,0.29918604,0.27322508,0.2498506,0.22786464,0.20466796,0.184015,0.16486372,0.14754316,0.13161752,0.11630288,0.102283,0.08897304,0.07678224,0.06604016,0.05712596,0.05092512,0.04634972,0.04209188,0.03783424,0.03253532,0.0261526,0.01944592,0.0105336,0.00427316,0.0027418,0.00144968,0.00087916
1/0.6,1.0,135.0,0.0015,0.5,0.99999732,0.99999688,0.99999592,0.99999512,0.99999416,0.99999284,0.9999918,0.99999036,0.99998844,0.99998624,0.99998348,0.99997996,0.99997564,0.9999704,0.99996444,0.99995648,0.99994696,0.99993676,0.999925,0.99990856,0.99988916,0.9998676,0.9998398,0.99980532,0.99976668,0.99972076,0.9996614,0.9995934,0.99951,0.99941004,0.99928988,0.99914632,0.99897188,0.99876216,0.998513,0.99820712,0.99783864,0.99739632,0.9968602,0.99621964,0.99544544,0.9945122,0.99339524,0.99204348,0.99041772,0.98846368,0.9861016,0.98323324,0.97975316,0.97554416,0.97043468,0.96423064,0.9566056,0.9472062,0.93540736,0.92033812,0.90051452,0.87491992,0.84805472,0.8204202,0.79200568,0.76285284,0.73293568,0.70229216,0.67091436,0.63876852,0.60590204,0.57261432,0.5393556,0.50637732,0.4736404,0.44047636,0.4103788,0.38221064,0.35554856,0.33030192,0.3051032,0.2788322,0.25312968,0.22738908,0.20214924,0.17646512,0.15222028,0.13026536,0.11238872,0.09757852,0.08523112,0.07491172,0.06685852,0.05896192,0.0505184,0.04287868,0.0357826,0.02870244,0.02139772,0.0120058,0.00529044,0.00343292,0.00185336,0.00103272
1/0.6,1.0,180.0,0.0015,0.5,0.99999784,0.99999728,0.99999648,0.99999608,0.99999568,0.99999496,0.99999392,0.99999256,0.99999056,0.99998824,0.99998608,0.99998368,0.99998016,0.99997592,0.99997064,0.99996552,0.99995888,0.99995,0.99993976,0.99992968,0.9999156,0.99989912,0.99987904,0.99985688,0.9998276,0.99979288,0.99974952,0.99969672,0.99963672,0.99956376,0.99947416,0.99936264,0.99923336,0.9990792,0.99888968,0.99866232,0.99839232,0.99806552,0.99766624,0.9971876,0.99661872,0.9959288,0.99509592,0.99408656,0.99287936,0.99142304,0.98967048,0.987558,0.98501424,0.98194008,0.97824944,0.97379296,0.96841032,0.96192496,0.95409288,0.94461416,0.93314808,0.91924408,0.90235072,0.88174856,0.85646416,0.82536984,0.78695232,0.74275664,0.69415376,0.64033368,0.58298216,0.53056096,0.48292848,0.43936592,0.39914264,0.36110304,0.32856624,0.29972816,0.27390504,0.25065128,0.22938636,0.20657804,0.185342,0.1659276,0.14830224,0.13222568,0.11692736,0.10293216,0.08982144,0.07740876,0.06641168,0.05736296,0.05084064,0.04623576,0.04189896,0.03748384,0.03178008,0.02524356,0.01781556,0.00587968,0.00409784,0.0026152,0.00130488,0.00090328
1/0.6,1/0.6,0.0,0.0015,0.5,0.99999312,0.99999104,0.9999892,0.99998688,0.99998448,0.99998104,0.99997744,0.99997248,0.99996544,0.99995688,0.9999484,0.99993912,0.99992688,0.99991152,0.99989408,0.99987192,0.99984656,0.99981656,0.99977496,0.99973112,0.99967848,0.99961392,0.9995348,0.99943328,0.99932088,0.99918448,0.99901904,0.99882264,0.99857864,0.99829264,0.99795016,0.99752608,0.9970188,0.99640984,0.99567192,0.9947836,0.9937264,0.9924476,0.990888,0.98902912,0.98679264,0.98409176,0.98083992,0.976934,0.9722076,0.96647152,0.95955928,0.95120688,0.94106328,0.92873,0.91361392,0.8949576,0.87155256,0.84121128,0.79859176,0.72572192,0.65439768,0.58058584,0.48974752,0.40665792,0.3502916,0.31000368,0.27960432,0.25537384,0.23495248,0.21679432,0.19985696,0.1833836,0.16663856,0.1487988,0.12845656,0.10282352,0.0801752,0.058072,0.03973044,0.02735104,0.01892888,0.01316544,0.00920408,0.00646788,0.00457072,0.00324712,0.00231576,0.00165296,0.00117248,0.00081144,0.00049136,0.00019688,5.76e-05,2.744e-05,1e-05,8.8e-07,0.0,0.0,0.0,0.0,0.0,0.0,0.0,0.0
1/0.6,1/0.6,45.0,0.0015,0.5,0.9999934,0.99999228,0.99999044,0.999988,0.99998476,0.99998188,0.999978,0.99997248,0.99996632,0.99995912,0.9999498,0.99993948,0.99992832,0.99991396,0.9998944,0.99987304,0.99984856,0.99981688,0.99978184,0.99973668,0.999683,0.99961748,0.99953648,0.99944016,0.99932696,0.99918916,0.99902352,0.99882088,0.99857944,0.99828508,0.99793824,0.99751676,0.99700856,0.99639448,0.99565564,0.99476704,0.99370744,0.99241452,0.99087176,0.9890118,0.98676048,0.98405652,0.98080076,0.97685132,0.97208356,0.96632404,0.95935112,0.95090076,0.94060584,0.92797176,0.91242828,0.89296472,0.86808344,0.83501896,0.7961642,0.7529788,0.70270608,0.63803616,0.5514368,0.48275712,0.43382228,0.3983528,0.37054696,0.34723664,0.32640536,0.3066242,0.28694452,0.26611896,0.24221644,0.2056136,0.16694392,0.12972116,0.08735056,0.0595578,0.04092832,0.02828772,0.01962808,0.01366688,0.00955788,0.00669768,0.00470108,0.00329604,0.00230356,0.00159644,0.00109016,0.00072452,0.00045972,0.00026616,0.00011112,5.784e-05,3.148e-05,1.38e-05,1.68e-06,0.0,0.0,0.0,0.0,0.0,0.0,0.0
1/0.6,1/0.6,90.0,0.0015,0.5,0.99999244,0.99999084,0.99998912,0.99998692,0.99998452,0.9999816,0.99997788,0.99997296,0.99996716,0.99995972,0.99995212,0.99994148,0.99993036,0.99991696,0.99990016,0.99987976,0.9998558,0.99982608,0.99978844,0.99974616,0.99969316,0.99963208,0.99955468,0.99946576,0.99935464,0.99922408,0.99906768,0.99887988,0.99864748,0.99837324,0.9980408,0.99763856,0.99715316,0.99656716,0.99586912,0.9950316,0.99400996,0.9927772,0.99129292,0.98950748,0.98735368,0.98476348,0.9816062,0.977782,0.97315484,0.96751972,0.96060248,0.95203156,0.94122084,0.92711264,0.90742576,0.87813664,0.8551268,0.8276702,0.79132296,0.72619168,0.65682952,0.58539628,0.49697648,0.41457096,0.35824924,0.31763036,0.28674848,0.26196288,0.240958,0.22221508,0.20470964,0.18767948,0.17050436,0.15251648,0.13277176,0.10810852,0.08380424,0.05889784,0.04037952,0.02783256,0.01925464,0.01335916,0.00928464,0.00646016,0.00449752,0.00312648,0.00216488,0.00148928,0.00100696,0.00066968,0.00042692,0.00025048,0.00012048,3.208e-05,7.24e-06,8e-08,0.0,0.0,0.0,0.0,0.0,0.0,0.0,0.0
1/0.6,1/0.6,135.0,0.0015,0.5,0.9999906,0.99998904,0.99998692,0.99998488,0.99998248,0.99997836,0.99997312,0.99996768,0.99996092,0.99995264,0.99994284,0.99993148,0.99991944,0.99990452,0.99988484,0.99986012,0.99983152,0.99979664,0.99975672,0.99970744,0.99964744,0.99957424,0.9994894,0.99938376,0.99925672,0.99910816,0.99892716,0.99870524,0.99843416,0.99811184,0.99772456,0.99726204,0.99671104,0.996034,0.99522544,0.99424892,0.99307248,0.991647,0.98993388,0.98788268,0.98540208,0.9823928,0.9787854,0.9744266,0.96918644,0.96284852,0.95518056,0.94585968,0.93454588,0.92071328,0.90372268,0.88254916,0.85570124,0.82094424,0.78166656,0.73842644,0.68941464,0.62870288,0.5625488,0.48931332,0.4345594,0.39557044,0.36608716,0.34221236,0.32141364,0.30197052,0.28254812,0.26190004,0.23822284,0.20143592,0.16335068,0.12718124,0.08538024,0.05784528,0.03950968,0.02713708,0.0187084,0.0129374,0.00896696,0.00622928,0.0043314,0.00301828,0.00210148,0.00145908,0.0010058,0.00068112,0.000444,0.0002678,0.00013548,4.34e-05,9.64e-06,0.0,0.0,0.0,0.0,0.0,0.0,0.0,0.0,0.0
1/0.6,1/0.6,180.0,0.0015,0.5,0.99999336,0.99999224,0.9999904,0.99998776,0.99998592,0.99998216,0.99997832,0.9999732,0.99996712,0.99996024,0.99995256,0.99994232,0.99993024,0.99991624,0.99989968,0.99987816,0.99985208,0.99982152,0.99978872,0.99974576,0.99969248,0.99962736,0.99955192,0.99946288,0.99934688,0.9992196,0.99905944,0.99885952,0.9986304,0.99835408,0.99801488,0.99761472,0.99711976,0.996534,0.99582808,0.99496336,0.99393216,0.99269976,0.99119288,0.98939776,0.98722688,0.98460712,0.98146568,0.97766256,0.97307648,0.96755048,0.96085752,0.9527764,0.94297952,0.93105384,0.916498,0.89855616,0.87594872,0.8477852,0.80965648,0.74256888,0.66648832,0.58666184,0.48704736,0.40479768,0.34901024,0.30910608,0.27901448,0.25500968,0.23474544,0.21669016,0.19978296,0.18325536,0.16647784,0.14877312,0.1290304,0.10442432,0.08129088,0.05761772,0.03927124,0.02689584,0.018496,0.01277908,0.00885248,0.00614408,0.0042734,0.00297432,0.0020684,0.00143368,0.00098192,0.00066344,0.00044512,0.00029192,0.00018176,9.872e-05,3.384e-05,3.68e-06,0.0,0.0,0.0,0.0,0.0,0.0,0.0,0.0
1/0.6,1/0.2,0.0,0.0015,0.5,0.99999232,0.9999908,0.99998832,0.99998568,0.99998232,0.99997696,0.99997312,0.99996592,0.99996,0.99995024,0.99993912,0.999926,0.9999128,0.99989328,0.9998692,0.99984304,0.99981328,0.99977416,0.99972424,0.99966752,0.99959664,0.99951808,0.99941952,0.99929712,0.99915928,0.99898624,0.99878696,0.99854368,0.9982448,0.99788488,0.99744888,0.99692472,0.99628496,0.99552192,0.99459816,0.99347992,0.99214104,0.9905408,0.98857288,0.98622144,0.9833984,0.98004536,0.97589488,0.97096952,0.96490144,0.9574952,0.94848488,0.93738528,0.92334832,0.90496848,0.8810244,0.85406104,0.82312576,0.79008432,0.75170856,0.70805032,0.65653504,0.5905336,0.4886294,0.38972488,0.30434112,0.22449512,0.14899676,0.0998008,0.0674912,0.04594984,0.03144416,0.02159888,0.01488264,0.01028304,0.00712696,0.00495408,0.00345656,0.00242704,0.00172744,0.001248,0.0008984,0.00062816,0.00042408,0.00027344,0.00016824,9.688e-05,5.152e-05,2.256e-05,7.84e-06,3.04e-06,2.4e-07,0.0,0.0,0.0,0.0,0.0,0.0,0.0,0.0,0.0,0.0,0.0,0.0,0.0
1/0.6,1/0.2,45.0,0.0015,0.5,0.9999914,0.99998972,0.99998756,0.99998492,0.99998216,0.99997816,0.99997324,0.99996764,0.99996084,0.99995236,0.9999418,0.9999306,0.9999168,0.9999012,0.99988244,0.99985908,0.99983108,0.999796,0.99975564,0.99970432,0.99964244,0.99957112,0.99948236,0.99937168,0.99924256,0.99908904,0.9989034,0.99868156,0.99841448,0.99808952,0.9977056,0.99723168,0.99666312,0.9959782,0.99515328,0.99415508,0.99296684,0.991518,0.989761,0.98766988,0.98513788,0.98209304,0.97841692,0.97395352,0.96856148,0.9620096,0.95402668,0.94428024,0.93219524,0.91711188,0.89791276,0.87267724,0.83764908,0.792125,0.74588588,0.69713036,0.6396876,0.55452332,0.47395732,0.4046026,0.33951752,0.22609788,0.1498058,0.10073568,0.06845628,0.04687248,0.03229104,0.0223552,0.01554252,0.0108538,0.00761132,0.0053622,0.00379088,0.00268912,0.00190756,0.00135188,0.00095496,0.00066616,0.0004538,0.00029708,0.00018504,0.00011592,7.064e-05,3.248e-05,6.16e-06,5.2e-07,0.0,0.0,0.0,0.0,0.0,0.0,0.0,0.0,0.0,0.0,0.0,0.0,0.0,0.0
1/0.6,1/0.2,90.0,0.0015,0.5,0.99998932,0.99998736,0.9999848,0.99998212,0.9999784,0.99997324,0.99996772,0.99996168,0.99995284,0.9999422,0.9999306,0.9999158,0.99989804,0.99987604,0.9998514,0.99981892,0.9997832,0.99974072,0.99969112,0.99962864,0.999553,0.99945924,0.9993492,0.99921288,0.99905236,0.99885668,0.99862272,0.9983458,0.99802212,0.99761952,0.99713516,0.99654472,0.99583796,0.99498364,0.99394656,0.99270136,0.99120692,0.98941492,0.98724988,0.98467756,0.98156064,0.97787564,0.97342248,0.96816388,0.96190576,0.9544528,0.94554668,0.9345824,0.920794,0.9023368,0.87888976,0.85139508,0.81495596,0.77619524,0.73875408,0.69902432,0.65159852,0.586547,0.4895878,0.3917962,0.30776872,0.2295116,0.15263888,0.1026254,0.06969696,0.04767068,0.03277744,0.02262464,0.015658,0.01085968,0.00755732,0.005267,0.00368344,0.00258128,0.00181096,0.00127292,0.00089344,0.00062804,0.00043956,0.0003054,0.00020904,0.00013532,4.964e-05,1.028e-05,1.24e-06,0.0,0.0,0.0,0.0,0.0,0.0,0.0,0.0,0.0,0.0,0.0,0.0,0.0,0.0,0.0
1/0.6,1/0.2,135.0,0.0015,0.5,0.99998976,0.99998788,0.99998544,0.99998256,0.9999788,0.99997468,0.9999698,0.99996404,0.99995644,0.99994776,0.99993744,0.99992364,0.99990868,0.99989108,0.99986656,0.99984004,0.99980768,0.99976916,0.99972204,0.99966356,0.99959352,0.99951144,0.99941264,0.9992924,0.99914508,0.9989686,0.99875868,0.99850576,0.99820184,0.9978364,0.99739416,0.99685408,0.99621108,0.99543316,0.99450712,0.99339832,0.99204864,0.99041968,0.98846284,0.98611124,0.98325496,0.9798212,0.97570968,0.97069844,0.9646498,0.95736284,0.94850624,0.9377296,0.92452588,0.90821372,0.88774028,0.8614164,0.82572812,0.78170176,0.73948112,0.69714592,0.64704948,0.56793484,0.49021848,0.41893072,0.34459516,0.2276272,0.1503848,0.10077216,0.06821392,0.04651328,0.03189588,0.02197068,0.01518648,0.010532,0.0073228,0.00510284,0.00356152,0.00248328,0.00173148,0.00120676,0.00084108,0.0005822,0.00039352,0.00026056,0.00017152,0.00010932,6.388e-05,2.356e-05,6.64e-06,3.2e-07,0.0,0.0,0.0,0.0,0.0,0.0,0.0,0.0,0.0,0.0,0.0,0.0,0.0,0.0
1/0.6,1/0.2,180.0,0.0015,0.5,0.99998904,0.99998648,0.9999852,0.99998232,0.99997872,0.99997416,0.99996864,0.99996296,0.9999564,0.99994832,0.99993776,0.99992304,0.99990824,0.99988944,0.9998648,0.99983848,0.99980784,0.99976504,0.99971744,0.99966016,0.99958816,0.9995032,0.99939968,0.99927432,0.99912848,0.99895184,0.9987332,0.99847224,0.99815816,0.99778824,0.99733472,0.99679032,0.99613472,0.99533784,0.99439208,0.9932488,0.9919048,0.99025416,0.9882736,0.9858684,0.9829776,0.97944712,0.97518984,0.97008328,0.96383544,0.9562416,0.94687944,0.9352744,0.9206096,0.90093464,0.8760736,0.84823368,0.81699104,0.78207184,0.74266512,0.69767056,0.64472568,0.57726888,0.48132152,0.38579272,0.30322524,0.22743344,0.15151436,0.10146076,0.06859024,0.04668396,0.03193748,0.02193056,0.01511328,0.0104472,0.00724416,0.0050428,0.00352312,0.00246704,0.00172696,0.00120824,0.00083872,0.0005784,0.00040104,0.00026784,0.00017064,0.00010384,5.816e-05,2.92e-05,1.312e-05,4.96e-06,1.04e-06,0.0,0.0,0.0,0.0,0.0,0.0,0.0,0.0,0.0,0.0,0.0,0.0,0.0
1/0.2,0.2,0.0,0.0015,0.5,0.99998616,0.99998384,0.9999808,0.99997592,0.99997072,0.99996328,0.99995536,0.99994608,0.99993392,0.99991864,0.999904,0.99988528,0.99986168,0.99983384,0.99979736,0.99975528,0.99970672,0.9996488,0.99957752,0.99949088,0.99938592,0.99925744,0.99910104,0.99891568,0.99870408,0.99844024,0.99811984,0.99773328,0.99727208,0.99672176,0.99606352,0.99525536,0.99426568,0.99307624,0.99163368,0.98990456,0.98783984,0.985334,0.98237856,0.97887768,0.97470288,0.9697616,0.96387152,0.95710704,0.94906392,0.93963432,0.92874048,0.91593552,0.90130864,0.88441552,0.86503416,0.84291296,0.81765496,0.78892128,0.75598256,0.71817016,0.67352688,0.61913592,0.54315948,0.4261024,0.32802136,0.24282952,0.15881788,0.10448908,0.06977728,0.04708504,0.03200064,0.0218592,0.01499004,0.01030824,0.00710584,0.00490848,0.00339744,0.00235512,0.00163424,0.00113376,0.000786,0.00054136,0.00037016,0.00024752,0.00016168,0.00010032,5.84e-05,3.08e-05,1.384e-05,4e-06,0.0,0.0,0.0,0.0,0.0,0.0,0.0,0.0,0.0,0.0,0.0,0.0,0.0,0.0
1/0.2,0.2,45.0,0.0015,0.5,0.99999316,0.99999172,0.99999036,0.99998836,0.999986,0.99998268,0.9999788,0.99997448,0.99996928,0.99996232,0.99995476,0.99994592,0.9999342,0.99992108,0.999905,0.99988528,0.9998628,0.99983672,0.9998038,0.99976584,0.99971756,0.9996588,0.999588,0.99950412,0.9994052,0.99928112,0.99913768,0.99895892,0.99874576,0.99849196,0.9981928,0.99782148,0.99737476,0.99683952,0.99619232,0.99541256,0.99447476,0.99334292,0.99197692,0.99033712,0.98835448,0.98598048,0.98311032,0.9796262,0.97545812,0.9704,0.9642646,0.95685328,0.94780328,0.93675644,0.92309292,0.90620244,0.8848106,0.85680008,0.81842448,0.75987352,0.67702176,0.5853664,0.50600856,0.43479608,0.36584752,0.24684792,0.15887356,0.1045362,0.06980976,0.04710196,0.0320108,0.0218654,0.0149926,0.01030896,0.00710712,0.0049102,0.0033988,0.00235616,0.0016358,0.00113628,0.00078772,0.00054316,0.0003708,0.00024856,0.00016104,9.964e-05,5.768e-05,3.092e-05,1.492e-05,3.16e-06,0.0,0.0,0.0,0.0,0.0,0.0,0.0,0.0,0.0,0.0,0.0,0.0,0.0,0.0
1/0.2,0.2,90.0,0.0015,0.5,0.99998444,0.99998208,0.99997872,0.99997488,0.99996944,0.9999624,0.99995568,0.99994636,0.99993544,0.999922,0.99990512,0.99988472,0.99986136,0.99983292,0.99979728,0.99975572,0.99970628,0.99964612,0.99957588,0.99948812,0.99938368,0.99925288,0.99909892,0.99891004,0.99868756,0.99842184,0.99810252,0.99771452,0.9972446,0.99667492,0.99599824,0.99517656,0.99419112,0.99298696,0.99154484,0.9898308,0.98773,0.98523256,0.98223208,0.97867888,0.97451472,0.96951572,0.96366932,0.95680596,0.9487148,0.93927072,0.92823076,0.9154652,0.90069028,0.88372444,0.864257,0.84197908,0.816662,0.78775008,0.75477916,0.71695988,0.67231124,0.61818636,0.54295912,0.42654108,0.32860704,0.24336,0.15911732,0.104686,0.06991536,0.0471754,0.03206156,0.0219018,0.01501764,0.01032812,0.00711884,0.00491752,0.00340344,0.00236024,0.00163844,0.001137,0.00078808,0.0005432,0.00037116,0.00024872,0.00016196,0.00010044,5.848e-05,3.072e-05,1.396e-05,4.56e-06,0.0,0.0,0.0,0.0,0.0,0.0,0.0,0.0,0.0,0.0,0.0,0.0,0.0,0.0
1/0.2,0.2,135.0,0.0015,0.5,0.9999938,0.99999248,0.99999104,0.99998928,0.99998684,0.9999844,0.99998072,0.99997648,0.99997004,0.9999636,0.99995592,0.99994784,0.99993652,0.99992464,0.9999082,0.99988804,0.99986676,0.99984024,0.99980804,0.99976888,0.9997212,0.99966324,0.99959464,0.99951016,0.999413,0.99929088,0.99914632,0.9989678,0.99875836,0.99850572,0.99820056,0.99783608,0.99739604,0.99685808,0.99621656,0.99544604,0.9945088,0.99338812,0.99202808,0.99039832,0.98842368,0.98604944,0.98319436,0.97975368,0.97559084,0.9705496,0.9644618,0.95705648,0.9480834,0.93707352,0.92348388,0.90670944,0.88537272,0.85752512,0.81936756,0.76116048,0.67856364,0.58669984,0.50708728,0.435634,0.36651824,0.24755828,0.15932776,0.10482348,0.07000424,0.047234,0.03209872,0.0219262,0.0150344,0.01033848,0.00712512,0.0049222,0.00340576,0.00236136,0.00163952,0.00113776,0.00078916,0.0005442,0.00037164,0.00024884,0.00016168,0.00010008,5.792e-05,3.092e-05,1.504e-05,2.72e-06,0.0,0.0,0.0,0.0,0.0,0.0,0.0,0.0,0.0,0.0,0.0,0.0,0.0,0.0
1/0.2,0.2,180.0,0.0015,0.5,0.99998568,0.99998296,0.99997808,0.99997352,0.99996832,0.9999628,0.99995552,0.99994664,0.99993592,0.99992512,0.99990848,0.9998868,0.99986232,0.99983064,0.99979424,0.99975704,0.99970392,0.999642,0.99956784,0.99947752,0.9993756,0.99925112,0.99909232,0.99890592,0.99868248,0.99840952,0.99808864,0.9976984,0.99723312,0.99668648,0.99602568,0.9952124,0.99422632,0.99301236,0.9915668,0.98986192,0.98778544,0.98527208,0.98226832,0.9787724,0.974546,0.96967216,0.96385808,0.95703008,0.94897344,0.93949736,0.92855888,0.91584672,0.90107728,0.88416256,0.86471336,0.84253616,0.81726192,0.78843552,0.75548712,0.71759576,0.67308688,0.61885744,0.5434366,0.42685764,0.32882716,0.24365004,0.15942956,0.10489704,0.070053,0.0472674,0.03212152,0.02194408,0.01504744,0.01034784,0.00713316,0.0049288,0.00341036,0.00236416,0.0016414,0.00113952,0.00078992,0.0005442,0.000372,0.00024976,0.0001622,0.00010096,5.888e-05,3.04e-05,1.392e-05,4.32e-06,0.0,0.0,0.0,0.0,0.0,0.0,0.0,0.0,0.0,0.0,0.0,0.0,0.0,0.0
1/0.2,0.6,0.0,0.0015,0.5,0.9999888,0.99998664,0.99998288,0.99997936,0.99997448,0.9999696,0.999964,0.99995704,0.99994744,0.9999368,0.99992304,0.99990824,0.9998896,0.99986544,0.9998372,0.99980432,0.99976488,0.99971752,0.99966176,0.99959288,0.99950784,0.99940584,0.99928304,0.9991404,0.99896016,0.99874784,0.99849248,0.9981796,0.99781472,0.99736416,0.99681752,0.99618024,0.99539896,0.99444424,0.99330136,0.99194152,0.99029384,0.9882736,0.9858692,0.98299496,0.97949184,0.97524184,0.97008368,0.9638352,0.95626048,0.94697864,0.93547096,0.921152,0.90296792,0.88036976,0.85809392,0.83443096,0.80861728,0.78142664,0.75441072,0.72626888,0.69615576,0.66361416,0.627054,0.58468792,0.53164048,0.43546016,0.32608248,0.27627592,0.2456712,0.22297968,0.2038456,0.1862056,0.1688912,0.15102784,0.13155384,0.10732864,0.08313828,0.05818736,0.03943028,0.02693008,0.01848916,0.01274824,0.0088174,0.00611812,0.00425408,0.00296372,0.00206668,0.0014358,0.00099048,0.00067224,0.00043912,0.00026912,0.00014024,4.648e-05,1.08e-05,0.0,0.0,0.0,0.0,0.0,0.0,0.0,0.0,0.0
1/0.2,0.6,45.0,0.0015,0.5,0.99998844,0.9999862,0.99998296,0.99997916,0.99997476,0.99997052,0.99996388,0.99995544,0.99994724,0.99993608,0.99992416,0.99990756,0.99988936,0.99986636,0.99983948,0.99980712,0.99976736,0.9997198,0.99965984,0.99959028,0.9995112,0.99941072,0.99928976,0.99914252,0.9989624,0.9987464,0.99848796,0.99818156,0.99780856,0.99736068,0.99681824,0.99615768,0.99538076,0.99443412,0.99328416,0.99191668,0.99021116,0.9882018,0.985785,0.98296208,0.97954864,0.97561148,0.97108388,0.96583484,0.95976732,0.95271956,0.94451432,0.93502908,0.92403556,0.91140544,0.89691124,0.88023732,0.8609572,0.83855756,0.81203208,0.77975136,0.73834172,0.6853462,0.63540092,0.5872848,0.53832856,0.48447792,0.41101164,0.36145564,0.33049668,0.30663644,0.28522996,0.26375196,0.23993956,0.20379168,0.16480884,0.129284,0.08696232,0.058233,0.03944632,0.0269196,0.01847564,0.01273648,0.0088094,0.00610924,0.00424924,0.00296204,0.00206432,0.00143488,0.00098912,0.00067,0.00043828,0.00026716,0.00013912,4.864e-05,1.272e-05,0.0,0.0,0.0,0.0,0.0,0.0,0.0,0.0,0.0
1/0.2,0.6,90.0,0.0015,0.5,0.99998748,0.99998544,0.99998256,0.99997956,0.99997648,0.99997152,0.99996532,0.99995804,0.999949,0.9999386,0.99992512,0.99990924,0.99989048,0.99986736,0.9998388,0.99980524,0.99976588,0.9997164,0.99965892,0.99958984,0.9995068,0.99940512,0.99928692,0.99913944,0.9989644,0.99874844,0.99849212,0.99818184,0.997809,0.99735516,0.99680844,0.99615228,0.99537256,0.99442868,0.99329392,0.99192196,0.99027788,0.988282,0.98586384,0.98294856,0.97944108,0.97519732,0.97004108,0.963797,0.95619436,0.94688984,0.93536492,0.92102952,0.9028044,0.88014876,0.85779352,0.83406408,0.80820824,0.78069172,0.7534844,0.72514932,0.69442236,0.6626442,0.6258426,0.58357648,0.5307932,0.43625156,0.32647132,0.27651644,0.24582876,0.22308556,0.20389984,0.18621964,0.16886664,0.15096184,0.13143156,0.10710516,0.08300768,0.0582234,0.03945524,0.02693528,0.01848024,0.01272832,0.00880128,0.00610852,0.00425032,0.00296236,0.00206464,0.00143552,0.00098992,0.00067016,0.00043824,0.00026608,0.00013716,4.696e-05,1.312e-05,1.24e-06,0.0,0.0,0.0,0.0,0.0,0.0,0.0,0.0
1/0.2,0.6,135.0,0.0015,0.5,0.9999874,0.99998488,0.99998192,0.99997844,0.99997428,0.99996916,0.9999636,0.99995676,0.99994716,0.99993576,0.99992284,0.99990808,0.9998876,0.99986348,0.99983684,0.99980388,0.99976528,0.99971664,0.99965964,0.99958924,0.999505,0.99940448,0.9992866,0.99914396,0.99896724,0.99875656,0.99850432,0.99819736,0.997826,0.99738564,0.9968572,0.99621872,0.9954396,0.9944954,0.9933588,0.99199456,0.99035808,0.98836012,0.98592088,0.98296576,0.97957796,0.9756704,0.97116172,0.96591344,0.95979708,0.95272288,0.9445336,0.93510288,0.92415948,0.91155268,0.89707072,0.88045268,0.86122668,0.83885216,0.81237872,0.78013896,0.73877032,0.68569416,0.63562428,0.58741712,0.53833348,0.48432564,0.41064772,0.3612742,0.33040828,0.30660272,0.28522848,0.26377028,0.2399784,0.20387824,0.16488944,0.12935464,0.08697744,0.05823876,0.0394524,0.02693844,0.01849108,0.01274432,0.00881428,0.00611388,0.00425352,0.00296436,0.00206608,0.00143628,0.00099048,0.00067084,0.00043924,0.00026748,0.00013904,4.756e-05,1.232e-05,0.0,0.0,0.0,0.0,0.0,0.0,0.0,0.0,0.0
1/0.2,0.6,180.0,0.0015,0.5,0.9999884,0.99998576,0.99998288,0.99997968,0.99997568,0.99997136,0.99996512,0.99995768,0.999948,0.99993568,0.99992344,0.99991048,0.99989096,0.99986816,0.9998392,0.99980712,0.99976752,0.9997184,0.99965776,0.99959032,0.99950976,0.99940984,0.99928472,0.99913904,0.99896584,0.99875784,0.99850112,0.99819328,0.997822,0.99737576,0.9968372,0.996184,0.99538848,0.99444704,0.99330176,0.99191896,0.99027536,0.9882708,0.98586384,0.98299048,0.9795012,0.9752392,0.97010024,0.96390896,0.95633584,0.947008,0.93554088,0.92124408,0.90306104,0.88037392,0.85815048,0.8344392,0.80867232,0.78127488,0.75418664,0.72599216,0.69579592,0.66323024,0.62666872,0.58432144,0.53131248,0.43536216,0.32611208,0.27633088,0.24573072,0.2230396,0.20388792,0.18623664,0.16891224,0.15103688,0.13154168,0.107289,0.08310668,0.0581806,0.0394388,0.02692796,0.01848112,0.01273812,0.0088076,0.00611152,0.00425116,0.00296204,0.00206572,0.001435,0.00098824,0.00067024,0.00043968,0.00026848,0.00014104,4.864e-05,1.16e-05,3.2e-07,0.0,0.0,0.0,0.0,0.0,0.0,0.0,0.0
1/0.2,1.0,0.0,0.0015,0.5,0.9999984,0.99999776,0.99999728,0.99999648,0.99999576,0.99999488,0.99999352,0.99999216,0.99999144,0.99998952,0.99998704,0.99998496,0.99998184,0.99997776,0.99997304,0.99996728,0.99995976,0.99995288,0.99994424,0.99993248,0.99992064,0.99990448,0.99988192,0.99985768,0.99982944,0.99979624,0.99975296,0.99970032,0.99964008,0.99956712,0.9994772,0.9993708,0.99924088,0.99908568,0.9989004,0.9986772,0.99840256,0.99807752,0.99768576,0.99721248,0.99664504,0.99595456,0.995128,0.99413232,0.99293312,0.99148688,0.98974168,0.98763968,0.98511416,0.98206984,0.97838648,0.97395544,0.96861424,0.96216848,0.95439016,0.94498256,0.9335964,0.91968328,0.9029704,0.88243656,0.85725208,0.82624848,0.78792232,0.74353304,0.69469736,0.64056512,0.58301368,0.53051568,0.48280904,0.43917288,0.39887064,0.36078808,0.32823224,0.299392,0.27356488,0.25031096,0.22867084,0.20617656,0.1850422,0.16554036,0.14784816,0.1317524,0.11643064,0.10238508,0.08919368,0.07691532,0.0660696,0.05713988,0.05088392,0.04629996,0.04199916,0.0376756,0.03226,0.02588224,0.0190894,0.00949988,0.0041826,0.00267712,0.00138964,0.00087408
1/0.2,1.0,45.0,0.0015,0.5,0.99999732,0.9999966,0.99999588,0.99999544,0.99999452,0.99999352,0.99999196,0.99999024,0.99998796,0.99998568,0.9999826,0.9999788,0.9999742,0.99996976,0.99996408,0.99995724,0.99994836,0.99993704,0.99992492,0.9999084,0.99988936,0.9998684,0.99984256,0.9998114,0.99977176,0.99972448,0.99966916,0.9995994,0.9995166,0.99941572,0.99929636,0.99914972,0.99897836,0.99877036,0.9985186,0.9982142,0.99784956,0.99740624,0.99687512,0.99623044,0.99545028,0.99451796,0.99338832,0.99203796,0.99041512,0.98846584,0.98610672,0.98324444,0.97977864,0.97556992,0.970471,0.9642524,0.95663892,0.94722812,0.93545416,0.92036876,0.900501,0.87490212,0.84798908,0.82023352,0.7915844,0.76210772,0.73179188,0.70074288,0.66905536,0.63687296,0.60433016,0.57159084,0.5388562,0.50618636,0.47352636,0.44040332,0.4105624,0.38253036,0.35593688,0.33060876,0.30624964,0.27907032,0.25279604,0.22726352,0.20207208,0.17639276,0.15217716,0.13048148,0.11267264,0.0978106,0.08538364,0.0749842,0.06681708,0.0588516,0.05042276,0.04278296,0.03564324,0.02850788,0.02110524,0.01118076,0.0052468,0.00340248,0.0018188,0.00104604
1/0.2,1.0,90.0,0.0015,0.5,0.99999876,0.99999844,0.99999784,0.99999724,0.99999676,0.99999616,0.99999496,0.99999344,0.9999918,0.99999028,0.99998796,0.99998464,0.99998168,0.99997792,0.99997304,0.999967,0.999961,0.99995256,0.99994304,0.99993236,0.99991856,0.99990124,0.99988176,0.99985668,0.99982828,0.99979336,0.99975288,0.99969768,0.99963768,0.99956416,0.99947536,0.99936744,0.9992374,0.99908464,0.99889532,0.99866912,0.99839484,0.99806908,0.9976736,0.99719616,0.9966224,0.99593396,0.99509788,0.9940986,0.99289948,0.99144372,0.98969252,0.98758148,0.98502556,0.98195852,0.97827436,0.9738258,0.9684544,0.9619836,0.95415488,0.94469868,0.93326492,0.91929048,0.90253432,0.88188744,0.85666048,0.8255972,0.78722568,0.7428242,0.69402572,0.63996232,0.58250996,0.53010256,0.48246264,0.43887292,0.3985608,0.36054472,0.32808536,0.29929308,0.27348688,0.25024764,0.22906504,0.20609328,0.18483504,0.1653606,0.14770548,0.131635,0.1163182,0.10229624,0.08908288,0.07683264,0.06603668,0.05711908,0.050898,0.0463046,0.04201684,0.03771388,0.0323382,0.02597024,0.0192064,0.0098824,0.00420936,0.00269412,0.00140864,0.0008754
1/0.2,1.0,135.0,0.0015,0.5,0.99999716,0.99999672,0.99999612,0.99999524,0.99999396,0.99999288,0.9999912,0.9999898,0.99998804,0.99998524,0.99998112,0.99997812,0.99997392,0.99996936,0.99996264,0.99995512,0.99994716,0.99993664,0.99992336,0.99990772,0.99988916,0.99986664,0.99984092,0.99980692,0.9997678,0.99971904,0.99966028,0.9995918,0.99951068,0.99940744,0.99928936,0.99914644,0.99897032,0.99876104,0.99851048,0.99820904,0.9978424,0.99739736,0.99686516,0.9962262,0.9954632,0.99454428,0.99343156,0.99209072,0.99046156,0.98848796,0.98611112,0.9832536,0.97980184,0.97563484,0.97055076,0.96435392,0.95674944,0.94736324,0.93554264,0.92050284,0.90065136,0.87504224,0.84811732,0.82033092,0.79166944,0.76213688,0.73182984,0.70076864,0.66906708,0.63688052,0.60432292,0.57159828,0.53884284,0.50616536,0.47352428,0.44039228,0.4105478,0.38251404,0.3559212,0.33059656,0.3060616,0.27908912,0.2528382,0.22728596,0.20208732,0.17639992,0.15218144,0.13047652,0.1126696,0.09780312,0.08537904,0.07498344,0.06681156,0.0588512,0.05042136,0.04278084,0.03564004,0.02850924,0.02110796,0.0111848,0.00524484,0.00340208,0.00181916,0.00104616
1/0.2,1.0,180.0,0.0015,0.5,0.99999784,0.99999744,0.9999968,0.9999964,0.99999552,0.9999948,0.99999376,0.99999256,0.99999104,0.99998896,0.99998704,0.99998368,0.9999804,0.99997696,0.99997288,0.99996704,0.99995912,0.99995216,0.9999428,0.99993272,0.99991816,0.9999012,0.9998812,0.99985816,0.99982696,0.99979112,0.9997512,0.99970016,0.99964304,0.9995672,0.99947648,0.99936992,0.99923864,0.99908672,0.998898,0.99867312,0.99840232,0.99807312,0.99767784,0.99720376,0.99663032,0.99594408,0.99511232,0.99411408,0.99291456,0.99146032,0.98971888,0.98761928,0.98508456,0.9820328,0.9783584,0.97391648,0.96855996,0.96211008,0.9543204,0.94488192,0.93346992,0.91960016,0.90282032,0.8822492,0.85704992,0.82601096,0.78763248,0.7432944,0.69444816,0.64033176,0.58283024,0.5303554,0.48267264,0.43905904,0.3987592,0.3606988,0.32817368,0.29934752,0.27352968,0.2502788,0.2289076,0.206146,0.1849726,0.16549396,0.14781992,0.13172892,0.11641484,0.10237712,0.0891784,0.07690428,0.06606544,0.05713552,0.05087944,0.04629132,0.04199516,0.03767516,0.03226384,0.02588248,0.01909008,0.00949908,0.00418632,0.00267936,0.00139108,0.00087612
1/0.2,1/0.6,0.0,0.0015,0.5,0.999992,0.99999072,0.99998864,0.99998696,0.99998448,0.99998152,0.99997824,0.99997456,0.99996824,0.99996136,0.99995368,0.99994424,0.999934,0.99991872,0.99990056,0.99988056,0.99985608,0.99982384,0.99979008,0.999744,0.99969144,0.99962424,0.99954848,0.99946456,0.99935248,0.99921568,0.99905952,0.998866,0.9986364,0.9983556,0.9980216,0.99762472,0.99713672,0.9965452,0.99583672,0.99498952,0.99396376,0.99272416,0.99124048,0.98944368,0.98728544,0.98467544,0.98153968,0.97775024,0.9731876,0.96766424,0.96100056,0.95293768,0.94317208,0.93130344,0.91679624,0.89895168,0.876508,0.84843416,0.8105776,0.74445976,0.66811576,0.58807736,0.48805816,0.40552136,0.34958456,0.30962496,0.2794892,0.25545504,0.23518056,0.21712064,0.20021952,0.1837164,0.16698584,0.14937864,0.12987032,0.10533896,0.08164612,0.05737408,0.03910672,0.02681596,0.01845556,0.01274364,0.00882492,0.00612844,0.00426424,0.002973,0.0020744,0.001441,0.00099324,0.00067468,0.00044128,0.00027016,0.0001412,4.624e-05,1.072e-05,0.0,0.0,0.0,0.0,0.0,0.0,0.0,0.0,0.0
1/0.2,1/0.6,45.0,0.0015,0.5,0.99999056,0.99998864,0.99998636,0.99998324,0.9999796,0.99997656,0.9999718,0.9999674,0.99996064,0.99995256,0.99994316,0.999932,0.99991908,0.99990304,0.99988532,0.9998634,0.99983608,0.99980288,0.99976352,0.99971412,0.99965412,0.99958636,0.99950216,0.99940172,0.99928052,0.99913252,0.998951,0.998736,0.9984746,0.99816612,0.99779184,0.99734172,0.9967976,0.99613984,0.99535704,0.99440836,0.99325972,0.99187376,0.99020356,0.9881974,0.98578048,0.9828604,0.97934988,0.97511856,0.97000268,0.9638364,0.95634632,0.94726132,0.93622524,0.9227128,0.90606944,0.88529512,0.85880352,0.82444168,0.78552752,0.74235264,0.69268156,0.62958292,0.56355108,0.4893088,0.4342504,0.3948998,0.36507144,0.340913,0.31993868,0.30041964,0.28100188,0.2604134,0.23680596,0.20000076,0.16217408,0.12631936,0.08474068,0.05734396,0.0390836,0.02677148,0.01842476,0.01272292,0.008808,0.00611416,0.0042554,0.00296728,0.00206876,0.00143836,0.00099172,0.00067224,0.00043968,0.00026796,0.00013924,4.84e-05,1.264e-05,0.0,0.0,0.0,0.0,0.0,0.0,0.0,0.0,0.0
1/0.2,1/0.6,90.0,0.0015,0.5,0.9999936,0.99999236,0.99999024,0.99998796,0.9999854,0.999982,0.9999784,0.9999738,0.9999682,0.9999612,0.99995264,0.9999434,0.99993144,0.99991768,0.99989968,0.99987844,0.99985152,0.99982248,0.99978496,0.9997438,0.9996912,0.99962852,0.99955288,0.99946004,0.999346,0.99921644,0.99905692,0.99886452,0.99863296,0.99835044,0.99801552,0.99760696,0.99711452,0.99651876,0.99580608,0.99495148,0.99391728,0.992677,0.99117668,0.98936488,0.98719392,0.98457384,0.98141812,0.9776136,0.97303008,0.96748836,0.9607938,0.9526822,0.942864,0.93090268,0.9163076,0.89821572,0.87528424,0.84814572,0.8094116,0.74183356,0.66597024,0.58631464,0.48659264,0.40455088,0.34892356,0.30915852,0.27915688,0.25521908,0.23500712,0.21699048,0.20012128,0.18364728,0.1669404,0.14936492,0.12990384,0.10544776,0.08164892,0.05728732,0.03905684,0.02676476,0.0184114,0.01270312,0.00879656,0.00610944,0.00425416,0.00296656,0.00206832,0.00143892,0.00099108,0.00067208,0.00043904,0.00026664,0.00013712,4.644e-05,1.296e-05,1.24e-06,0.0,0.0,0.0,0.0,0.0,0.0,0.0,0.0
1/0.2,1/0.6,135.0,0.0015,0.5,0.99999148,0.99999016,0.99998804,0.9999858,0.99998308,0.9999794,0.99997476,0.99996916,0.999963,0.9999558,0.99994664,0.99993504,0.99992288,0.9999066,0.99988676,0.99986364,0.99983668,0.9998034,0.99976412,0.99971624,0.99965472,0.99958772,0.999506,0.99940484,0.99928672,0.99913692,0.99895432,0.99874016,0.99848496,0.99817016,0.99779784,0.99734348,0.99680216,0.99615148,0.99536452,0.99441888,0.9932744,0.99189296,0.990225,0.9882254,0.985803,0.98288192,0.97938156,0.97515684,0.9700442,0.96386428,0.95639444,0.94733208,0.93631088,0.92283,0.90618472,0.88544204,0.85900768,0.82463284,0.78568204,0.74240784,0.69267764,0.62955044,0.56339364,0.489048,0.43410692,0.39483144,0.36504516,0.34091892,0.31996764,0.30046004,0.28105208,0.26046932,0.2368614,0.20005608,0.16222504,0.12637992,0.08477356,0.05735232,0.03908916,0.02679504,0.01843732,0.01272852,0.0088132,0.00611976,0.00426008,0.00296944,0.00206992,0.00143964,0.00099304,0.000673,0.00044092,0.0002684,0.00013936,4.724e-05,1.224e-05,0.0,0.0,0.0,0.0,0.0,0.0,0.0,0.0,0.0
1/0.2,1/0.6,180.0,0.0015,0.5,0.99999216,0.99999128,0.99998872,0.9999868,0.9999848,0.9999812,0.99997792,0.9999724,0.99996728,0.99996024,0.99995272,0.9999416,0.99992968,0.99991512,0.99989808,0.9998768,0.99984976,0.9998212,0.99978784,0.9997424,0.9996916,0.99963,0.99955288,0.99945904,0.99934872,0.99921128,0.999052,0.99885912,0.99862208,0.99834896,0.99801112,0.99760632,0.9971144,0.99652632,0.99582784,0.99496456,0.99394168,0.99270512,0.99121984,0.98941792,0.98724712,0.98464408,0.98148856,0.97767792,0.97310096,0.9675748,0.9609004,0.9528488,0.94308016,0.93114792,0.9166004,0.89871224,0.8761336,0.84802592,0.80995112,0.74310448,0.66705696,0.58717952,0.48727216,0.40499248,0.34924672,0.30940032,0.27934032,0.25536296,0.23512296,0.21708104,0.20019448,0.18370552,0.16698464,0.14938472,0.12988696,0.10537736,0.08166428,0.0573556,0.03911204,0.0268116,0.01844912,0.01273532,0.00881668,0.00612024,0.00426232,0.0029718,0.00207196,0.0014384,0.00099216,0.0006726,0.00044128,0.0002698,0.00014136,4.864e-05,1.152e-05,3.2e-07,0.0,0.0,0.0,0.0,0.0,0.0,0.0,0.0
1/0.2,1/0.2,0.0,0.0015,0.5,0.99998904,0.99998672,0.999984,0.99998,0.99997672,0.99997328,0.99996728,0.9999604,0.99995312,0.99994416,0.99993456,0.99992176,0.99990296,0.99988568,0.99986432,0.99983824,0.99980592,0.9997636,0.99971464,0.99965464,0.99958512,0.99950304,0.9994048,0.99928368,0.99914216,0.99897624,0.9987664,0.9985124,0.99820224,0.997828,0.99738192,0.99683984,0.99620024,0.99541056,0.99446432,0.99335288,0.99200232,0.99034,0.98836256,0.985936,0.98308488,0.979582,0.97535408,0.9702544,0.9641292,0.95656704,0.94727752,0.93577016,0.9212736,0.90178744,0.87734192,0.84984344,0.81896216,0.78458072,0.74548952,0.70096656,0.64852128,0.581694,0.48424648,0.38697344,0.30364588,0.22635584,0.15007912,0.10045712,0.06787264,0.04616464,0.0315498,0.02163272,0.01487036,0.01024468,0.0070704,0.00488996,0.00338488,0.00234804,0.00163004,0.00113136,0.00078416,0.00054044,0.00036884,0.0002472,0.00016072,9.996e-05,5.808e-05,3.072e-05,1.384e-05,4e-06,0.0,0.0,0.0,0.0,0.0,0.0,0.0,0.0,0.0,0.0,0.0,0.0,0.0,0.0
1/0.2,1/0.2,45.0,0.0015,0.5,0.99998996,0.99998804,0.9999854,0.99998268,0.99997836,0.99997412,0.99996864,0.99996204,0.99995552,0.99994796,0.99993652,0.99992532,0.99991124,0.999893,0.99987284,0.999845,0.99981436,0.9997766,0.99972992,0.99967488,0.99961136,0.99953228,0.99943928,0.99932408,0.99919032,0.9990274,0.99882964,0.99858628,0.99830156,0.99795488,0.99753268,0.9970152,0.99640412,0.99567656,0.99478892,0.99371584,0.99241808,0.9908738,0.98901024,0.9867574,0.98404868,0.98076756,0.9768194,0.97206392,0.9662826,0.95926588,0.95073984,0.94030588,0.92749876,0.91153632,0.89139088,0.8651344,0.82925968,0.78428472,0.74037872,0.69556496,0.64295284,0.56335944,0.48592472,0.4157078,0.34366012,0.22752064,0.1501878,0.10051212,0.06791364,0.04619088,0.03156148,0.02163888,0.01487552,0.01024764,0.0070724,0.00489012,0.00338716,0.00234972,0.00163132,0.00113312,0.00078508,0.00054196,0.0003696,0.000248,0.00016044,9.928e-05,5.752e-05,3.076e-05,1.488e-05,3.16e-06,0.0,0.0,0.0,0.0,0.0,0.0,0.0,0.0,0.0,0.0,0.0,0.0,0.0,0.0
1/0.2,1/0.2,90.0,0.0015,0.5,0.99999004,0.99998752,0.99998492,0.99998168,0.99997844,0.99997356,0.999968,0.99996224,0.99995492,0.99994588,0.99993484,0.99992128,0.99990524,0.99988664,0.9998626,0.9998344,0.9998018,0.99976036,0.99970948,0.99965052,0.9995808,0.99949268,0.99938836,0.99926408,0.99911536,0.99893908,0.9987282,0.99847476,0.9981584,0.99778052,0.99732948,0.99679124,0.99613176,0.99534788,0.99439536,0.9932552,0.99190324,0.99025456,0.98826688,0.9858586,0.98293848,0.97943188,0.97520076,0.9700864,0.96378168,0.95620952,0.94688208,0.935298,0.92066596,0.90105488,0.87650044,0.84897972,0.81850812,0.78333744,0.7444068,0.69999912,0.64781608,0.58149328,0.4848266,0.38758952,0.30425424,0.226855,0.15039292,0.10065656,0.06801372,0.04625772,0.0316102,0.02167384,0.01490048,0.010265,0.00708512,0.00489792,0.00339244,0.00235328,0.00163364,0.00113408,0.00078568,0.000542,0.0003704,0.0002482,0.0001614,0.00010008,5.816e-05,3.06e-05,1.384e-05,4.48e-06,0.0,0.0,0.0,0.0,0.0,0.0,0.0,0.0,0.0,0.0,0.0,0.0,0.0,0.0
1/0.2,1/0.2,135.0,0.0015,0.5,0.99999044,0.99998836,0.99998592,0.99998348,0.9999802,0.99997552,0.99997052,0.99996488,0.99995772,0.99994976,0.9999394,0.99992716,0.99991196,0.999894,0.99987256,0.99984756,0.99981772,0.99978052,0.99973536,0.99967988,0.99961216,0.99953384,0.99944188,0.99932664,0.9991884,0.99901708,0.99881948,0.99857788,0.99828896,0.99794088,0.99752236,0.99702236,0.99641676,0.99569304,0.99481088,0.993742,0.99246476,0.99092644,0.98908908,0.98686284,0.98415272,0.98090144,0.97695676,0.9722064,0.96646012,0.95948172,0.95102192,0.94063384,0.92789888,0.91204684,0.89198124,0.86587016,0.83022428,0.78534556,0.74148432,0.69665904,0.64423896,0.56457656,0.48691492,0.41642708,0.34436224,0.22812144,0.1505864,0.10078548,0.06809712,0.04631344,0.03164692,0.02169872,0.0149154,0.01027544,0.00709096,0.00490188,0.00339412,0.0023542,0.00163504,0.0011356,0.000787,0.00054264,0.00037068,0.00024844,0.00016128,9.988e-05,5.78e-05,3.096e-05,1.5e-05,2.68e-06,0.0,0.0,0.0,0.0,0.0,0.0,0.0,0.0,0.0,0.0,0.0,0.0,0.0,0.0
1/0.2,1/0.2,180.0,0.0015,0.5,0.9999884,0.99998632,0.9999836,0.99998104,0.99997768,0.999972,0.99996648,0.9999592,0.99995024,0.99993896,0.99992696,0.99991464,0.99989904,0.99987936,0.99985536,0.9998268,0.99979304,0.99975152,0.9997028,0.9996432,0.99957072,0.99948416,0.99937936,0.99925824,0.99911496,0.99893368,0.9987164,0.99846464,0.99816016,0.99778576,0.99734464,0.99681888,0.996166,0.99540192,0.99445408,0.99333,0.99195672,0.9902728,0.98829488,0.98591584,0.98301672,0.97952536,0.97533152,0.97025872,0.96397936,0.95641112,0.94711656,0.9355608,0.92111312,0.90167964,0.877056,0.84947504,0.81860752,0.7841396,0.74508328,0.70065288,0.64836688,0.58189704,0.48513996,0.3878214,0.30447152,0.22717872,0.15069596,0.10086492,0.06814632,0.04635208,0.03167324,0.021718,0.01492948,0.01028512,0.00709948,0.00490744,0.0033992,0.00235724,0.00163576,0.00113652,0.000788,0.00054256,0.000371,0.00024904,0.00016192,0.00010096,5.872e-05,3e-05,1.392e-05,4.32e-06,0.0,0.0,0.0,0.0,0.0,0.0,0.0,0.0,0.0,0.0,0.0,0.0,0.0,0.0
