s1,s2,alpha,source_radius,LD_coeff,1.0e-08,1.2e-08,1.5e-08,1.7e-08,2.1e-08,2.5e-08,3.1e-08,3.7e-08,4.4e-08,5.3e-08,6.4e-08,7.7e-08,9.3e-08,1.1e-07,1.4e-07,1.6e-07,2.0e-07,2.4e-07,2.8e-07,3.4e-07,4.1e-07,5.0e-07,6.0e-07,7.2e-07,8.7e-07,1.0e-06,1.3e-06,1.5e-06,1.8e-06,2.2e-06,2.7e-06,3.2e-06,3.9e-06,4.6e-06,5.6e-06,6.7e-06,8.1e-06,9.8e-06,1.2e-05,1.4e-05,1.7e-05,2.1e-05,2.5e-05,3.0e-05,3.6e-05,4.3e-05,5.2e-05,6.3e-05,7.6e-05,9.1e-05,1.1e-04,1.3e-04,1.6e-04,1.9e-04,2.3e-04,2.8e-04,3.4e-04,4.0e-04,4.9e-04,5.9e-04,7.1e-04,8.5e-04,1.0e-03,1.2e-03,1.5e-03,1.8e-03,2.2e-03,2.6e-03,3.1e-03,3.8e-03,4.5e-03,5.5e-03,6.6e-03,7.9e-03,9.5e-03,1.1e-02,1.4e-02,1.7e-02,2.0e-02,2.4e-02,2.9e-02,3.5e-02,4.2e-02,5.1e-02,6.1e-02,7.4e-02,8.9e-02,1.1e-01,1.3e-01,1.6e-01,1.9e-01,2.3e-01,2.7e-01,3.3e-01,3.9e-01,4.8e-01,5.7e-01,6.9e-01,8.3e-01,1.0e+00
0.2,0.2,0.0,0.0005,0.5,0.99999136,0.9999892,0.99998672,0.999984,0.99998128,0.99997768,0.99997248,0.99996664,0.99995864,0.9999492,0.99993888,0.99992768,0.9999136,0.99989664,0.99987608,0.99985216,0.99982352,0.9997852,0.99974024,0.99968752,0.99962104,0.99954376,0.9994508,0.99934064,0.99920912,0.99904944,0.99885464,0.99862104,0.99833496,0.997994,0.99758896,0.99710272,0.99651656,0.9958012,0.99494,0.993904,0.99262088,0.99111112,0.9892708,0.98710176,0.98462176,0.98186416,0.97881328,0.97544784,0.97153296,0.96643408,0.95921048,0.94958568,0.93822768,0.92477064,0.90834336,0.88817088,0.86268968,0.82980584,0.78405792,0.70957472,0.62423736,0.542757,0.46335888,0.38204864,0.28805844,0.19868056,0.13675496,0.09415716,0.06486264,0.0446922,0.0307952,0.02123096,0.01463748,0.0100946,0.00696144,0.00480384,0.00331644,0.00228984,0.0015822,0.00109492,0.00075788,0.00052428,0.00036396,0.0002518,0.00017528,0.00012184,8.424e-05,5.808e-05,4e-05,2.704e-05,1.784e-05,1.128e-05,6.4e-06,3.2e-06,7.2e-07,0.0,0.0,0.0,0.0,0.0,0.0,0.0,0.0,0.0
0.2,0.2,45.0,0.0005,0.5,0.99998064,0.99997736,0.99997328,0.99996856,0.99996212,0.99995408,0.99994436,0.99993296,0.99992108,0.9999064,0.99988776,0.99986452,0.99983584,0.9998034,0.99976192,0.9997136,0.99965604,0.99958612,0.99950392,0.99940304,0.99927944,0.99913468,0.99896024,0.99874612,0.99849064,0.99818488,0.99780772,0.99736252,0.99681864,0.99616528,0.99537532,0.9944316,0.99328684,0.99190984,0.9902392,0.988235,0.9857888,0.98282392,0.9793364,0.97509836,0.96995188,0.96364472,0.95600968,0.94673404,0.93547268,0.92268492,0.90795684,0.89151464,0.87318904,0.85270572,0.83008076,0.8053936,0.77796388,0.74850536,0.71618376,0.6806494,0.64104672,0.5971028,0.53904388,0.4205596,0.28892128,0.19868904,0.13675448,0.09417504,0.06487272,0.04469108,0.03079328,0.02122208,0.01462912,0.01008308,0.00695264,0.00479452,0.00330708,0.00228212,0.00157628,0.0010896,0.00075392,0.00052184,0.00036252,0.00025164,0.000175,0.00012184,8.5e-05,5.868e-05,4.024e-05,2.712e-05,1.776e-05,1.128e-05,6.64e-06,3.4e-06,1.24e-06,0.0,0.0,0.0,0.0,0.0,0.0,0.0,0.0,0.0
0.2,0.2,90.0,0.0005,0.5,0.99999136,0.99998956,0.999987,0.99998436,0.99998096,0.99997636,0.999972,0.9999652,0.99995828,0.9999504,0.99993972,0.99992724,0.99991308,0.99989604,0.99987668,0.99985048,0.99982116,0.99978388,0.99973936,0.99968436,0.99962096,0.999546,0.99945444,0.99934064,0.99920368,0.99903968,0.99884596,0.99861152,0.99832128,0.99797756,0.99756508,0.9970674,0.99647016,0.99573824,0.9948558,0.99379328,0.99250768,0.99096264,0.98912672,0.98697324,0.98457816,0.98191796,0.9789642,0.97562804,0.97176068,0.96665612,0.95917308,0.9495092,0.93808792,0.92456844,0.90801528,0.88762368,0.86201708,0.82888224,0.78298384,0.70847288,0.6233836,0.54224496,0.46298804,0.38201164,0.28844148,0.19904624,0.13698332,0.09431604,0.06497264,0.04476368,0.03085128,0.02126552,0.01465952,0.01010824,0.00697108,0.0048084,0.00331824,0.0022908,0.00158232,0.00109376,0.00075676,0.00052444,0.0003632,0.00025248,0.00017508,0.00012192,8.452e-05,5.808e-05,3.992e-05,2.7e-05,1.76e-05,1.116e-05,6.48e-06,3.24e-06,1.16e-06,2.4e-07,0.0,0.0,0.0,0.0,0.0,0.0,0.0,0.0
0.2,0.2,135.0,0.0005,0.5,0.9999828,0.99997972,0.99997492,0.99997008,0.99996432,0.99995676,0.99994676,0.99993552,0.99992404,0.99990988,0.99989064,0.9998668,0.99983864,0.99980596,0.99976768,0.99971984,0.99966344,0.99959684,0.99951396,0.999415,0.99929528,0.99914984,0.99897388,0.99875744,0.99850132,0.99819396,0.99782532,0.99738512,0.99685528,0.99620172,0.99541148,0.99446264,0.9933056,0.99192488,0.99025976,0.98820328,0.98577988,0.98290408,0.9794638,0.97520048,0.97000348,0.96388632,0.956253,0.94688092,0.93567668,0.92290904,0.90824656,0.89176672,0.87340112,0.85293644,0.83038584,0.80557496,0.77827888,0.74866968,0.7164584,0.68095012,0.64129588,0.5973866,0.53956892,0.42183256,0.28981172,0.19933024,0.1371624,0.09447316,0.0650648,0.04482732,0.030892,0.02129128,0.01467608,0.01011908,0.00697696,0.00481156,0.00331824,0.0022908,0.0015814,0.00109288,0.0007554,0.0005236,0.0003626,0.000252,0.00017552,0.00012204,8.468e-05,5.828e-05,4.048e-05,2.696e-05,1.752e-05,1.116e-05,6.68e-06,3.64e-06,8e-07,0.0,0.0,0.0,0.0,0.0,0.0,0.0,0.0,0.0
0.2,0.2,180.0,0.0005,0.5,0.99999048,0.9999884,0.99998608,0.9999832,0.99997912,0.99997544,0.99997056,0.99996416,0.99995696,0.99994784,0.9999376,0.99992576,0.99991,0.99989048,0.99987104,0.99984584,0.9998156,0.99977672,0.9997296,0.99967664,0.99961136,0.99952936,0.9994328,0.99931912,0.999184,0.99902336,0.99881912,0.99858216,0.99829304,0.99793832,0.99751536,0.99701352,0.99641608,0.99569192,0.9948304,0.9937836,0.99252568,0.9909724,0.9890992,0.9869344,0.98454776,0.98188368,0.97892496,0.97567448,0.97185008,0.96682104,0.95941728,0.94979792,0.93836224,0.92486112,0.90840088,0.8880872,0.86268608,0.8296476,0.78398816,0.7096448,0.62442896,0.54322552,0.4638216,0.38272788,0.2890372,0.1995206,0.13728712,0.09455128,0.06513272,0.04487164,0.0309254,0.02131408,0.01469292,0.01013168,0.00698892,0.00481988,0.0033266,0.0022964,0.00158676,0.00109688,0.00075948,0.00052624,0.00036496,0.00025256,0.00017632,0.00012256,8.464e-05,5.848e-05,4e-05,2.68e-05,1.776e-05,1.128e-05,6.64e-06,3.04e-06,1.36e-06,1.6e-07,0.0,0.0,0.0,0.0,0.0,0.0,0.0,0.0
0.2,0.6,0.0,0.0005,0.5,0.9999912,0.99998968,0.9999884,0.99998584,0.99998304,0.99997936,0.99997504,0.99996976,0.9999632,0.99995472,0.99994384,0.99993304,0.99991848,0.9999012,0.99987968,0.99985664,0.99982592,0.99978784,0.99974456,0.99968936,0.999626,0.99955456,0.99946528,0.99934968,0.9992132,0.99905672,0.99886264,0.9986268,0.99835168,0.99801928,0.9976136,0.99713384,0.99655176,0.9958564,0.99500712,0.99396088,0.9927144,0.99122456,0.98941976,0.98728032,0.98470928,0.98157432,0.97778784,0.97309032,0.96757528,0.96086848,0.95248952,0.942184,0.92901632,0.91223384,0.89226864,0.869276,0.83578608,0.78945292,0.7444016,0.7005008,0.65668612,0.61092248,0.55930272,0.48253208,0.37957352,0.32275552,0.285724,0.25861472,0.23688104,0.2180932,0.2008004,0.18408072,0.16719952,0.14947632,0.129722,0.10536204,0.08276656,0.05890324,0.03958048,0.02684448,0.01831192,0.01254184,0.00861376,0.00592868,0.0040916,0.0028294,0.00195972,0.00135976,0.00094704,0.0006596,0.00046092,0.00032216,0.00022648,0.00015904,0.00010992,7.528e-05,5.072e-05,3.224e-05,1.752e-05,8e-07,0.0,0.0,0.0,0.0
0.2,0.6,45.0,0.0005,0.5,0.99999036,0.99998744,0.99998484,0.9999814,0.99997828,0.99997368,0.99996708,0.9999604,0.99995196,0.99994204,0.99993016,0.99991864,0.99990208,0.99988204,0.99985804,0.99983152,0.99979672,0.99975444,0.99970516,0.9996436,0.99957004,0.9994814,0.99937452,0.99924428,0.99908992,0.99890292,0.99867832,0.9984108,0.99809128,0.99770532,0.9972364,0.9966764,0.9960124,0.99520344,0.99423736,0.99304164,0.99159996,0.98988116,0.98779888,0.98528476,0.9822512,0.9785786,0.97421072,0.96895572,0.96254328,0.95476592,0.94542756,0.93398784,0.91997076,0.90275636,0.88142096,0.85554532,0.82611992,0.79264548,0.75280296,0.7051554,0.65915956,0.614277,0.56947948,0.52262132,0.46456988,0.40855112,0.3715146,0.34416332,0.32168012,0.3013716,0.28144408,0.26038568,0.235722,0.19659644,0.1618626,0.12965268,0.089196,0.05897412,0.03962352,0.02687256,0.01833112,0.01255516,0.00862272,0.0059332,0.00408936,0.00282328,0.00195424,0.00135468,0.0009404,0.00065496,0.00045648,0.000319,0.00022264,0.00015488,0.00010812,7.416e-05,4.916e-05,3.076e-05,1.632e-05,4.44e-06,6e-07,0.0,0.0,0.0
0.2,0.6,90.0,0.0005,0.5,0.99999072,0.99998916,0.99998704,0.99998448,0.99998128,0.99997748,0.99997272,0.99996676,0.9999606,0.99995292,0.99994336,0.99993048,0.9999156,0.9998986,0.9998766,0.99985124,0.99982232,0.99978608,0.9997428,0.99968908,0.99962324,0.9995474,0.9994548,0.99934712,0.99921408,0.99905808,0.9988642,0.99863636,0.99835872,0.99802052,0.99761496,0.9971216,0.9965306,0.99581476,0.99496364,0.99392824,0.99268964,0.99120168,0.98939192,0.98721324,0.98463648,0.98150044,0.97765256,0.97299812,0.96738956,0.96053876,0.95209964,0.94171388,0.9284578,0.91174364,0.89315576,0.87060276,0.83688628,0.79055444,0.74511972,0.70084476,0.65683104,0.61106808,0.55990512,0.48659808,0.38174888,0.32387916,0.28630584,0.25887656,0.23696792,0.21807496,0.2007208,0.1839602,0.16707428,0.14934068,0.12958524,0.10523888,0.08275568,0.0591188,0.03968872,0.0269014,0.01834428,0.0125622,0.00862956,0.00594052,0.00409604,0.0028288,0.00195548,0.00135304,0.0009394,0.00065216,0.00045428,0.00031768,0.00022196,0.00015564,0.00010748,7.36e-05,4.904e-05,2.98e-05,1.508e-05,3.44e-06,7.2e-07,0.0,0.0,0.0
0.2,0.6,135.0,0.0005,0.5,0.99998976,0.99998768,0.99998528,0.99998192,0.9999784,0.9999738,0.99996824,0.99996164,0.9999544,0.99994548,0.99993388,0.99992048,0.99990344,0.99988232,0.99986084,0.9998312,0.99979852,0.99975556,0.99970524,0.99964592,0.99957216,0.9994826,0.999378,0.99924868,0.99909924,0.99891472,0.99869188,0.99842636,0.99809784,0.99770096,0.99722412,0.99665928,0.99596888,0.99514284,0.99415892,0.99297664,0.99158384,0.989907,0.9878646,0.9853758,0.98239148,0.97873076,0.97432732,0.96908248,0.962707,0.95504456,0.94567436,0.93432576,0.92036048,0.9032996,0.88206256,0.85627876,0.82689956,0.79352568,0.75409064,0.70636356,0.66026392,0.61527648,0.57035368,0.52346448,0.4655988,0.40902236,0.37180688,0.34433252,0.32177792,0.3014398,0.28152184,0.26047348,0.235884,0.19686652,0.16211948,0.12993552,0.0895462,0.05919532,0.0397534,0.02694516,0.01838136,0.01258664,0.00864444,0.00595044,0.00410284,0.0028362,0.00196264,0.00136036,0.00094568,0.0006584,0.0004596,0.00032168,0.00022496,0.00015748,0.0001096,7.488e-05,4.964e-05,3.084e-05,1.616e-05,2.76e-06,0.0,0.0,0.0,0.0
0.2,0.6,180.0,0.0005,0.5,0.99999048,0.9999884,0.99998608,0.99998376,0.99998008,0.99997632,0.99997112,0.99996648,0.99995888,0.99995264,0.99994288,0.99993152,0.99991808,0.99990216,0.99988352,0.99985952,0.99983168,0.99979592,0.9997536,0.99970544,0.99964024,0.99956384,0.999474,0.99936448,0.99923744,0.999074,0.99887488,0.99864448,0.99836688,0.9980372,0.99763496,0.99715584,0.99657144,0.99588776,0.99505968,0.99403176,0.9927848,0.99127368,0.98953008,0.9873816,0.98476112,0.98160784,0.977834,0.97332536,0.96772584,0.96099924,0.95263544,0.94244104,0.92934568,0.91257528,0.89315544,0.87050448,0.8368068,0.79035872,0.74523776,0.70118584,0.65724624,0.61147104,0.56014744,0.48591032,0.38124544,0.32357144,0.28611424,0.25876,0.23691,0.21806288,0.20074808,0.18402104,0.1671656,0.1494736,0.12979256,0.1055008,0.08293332,0.05918948,0.03975092,0.02694276,0.01837316,0.01257332,0.0086352,0.00594556,0.00410176,0.00283348,0.00196144,0.00135892,0.00094312,0.0006578,0.00045748,0.00032,0.00022312,0.00015768,0.00010784,7.448e-05,4.968e-05,3.176e-05,1.792e-05,4.64e-06,0.0,0.0,0.0,0.0
0.2,1.0,0.0,0.0005,0.5,0.9999984,0.999998,0.9999976,0.99999696,0.999996,0.99999576,0.99999472,0.99999384,0.99999216,0.99999024,0.99998792,0.99998568,0.99998384,0.99997912,0.999974,0.9999676,0.99996024,0.99995136,0.99994192,0.99992944,0.99991608,0.9999008,0.99988056,0.99985816,0.99982912,0.9997928,0.99974856,0.99969568,0.9996356,0.99956032,0.99947272,0.99936488,0.99923424,0.9990792,0.99889104,0.9986568,0.99838152,0.99805936,0.99766,0.99718664,0.99661944,0.99593416,0.99509336,0.99408024,0.99283448,0.99137496,0.98960536,0.98747776,0.98489552,0.98180216,0.9780288,0.97348616,0.96794248,0.96161208,0.9541384,0.94470368,0.9331228,0.9191432,0.90214,0.88144848,0.85619464,0.82527064,0.78730552,0.74053696,0.68615552,0.62855048,0.57429184,0.52446456,0.47863704,0.4363544,0.39716144,0.35976112,0.32714504,0.29832168,0.27251232,0.24928264,0.227656,0.20545736,0.184633,0.1653216,0.147816,0.13195612,0.11747008,0.10401028,0.09088504,0.078429,0.0676118,0.05841232,0.05132852,0.04679048,0.04287176,0.03898052,0.03413052,0.02801872,0.02143452,0.0114724,0.00523124,0.00416348,0.00323284,0.00240184
0.2,1.0,45.0,0.0005,0.5,0.99999596,0.9999952,0.99999436,0.999993,0.9999912,0.99998964,0.99998728,0.9999836,0.99998052,0.99997636,0.99997156,0.99996632,0.9999594,0.99995116,0.99994152,0.99992944,0.99991484,0.99989788,0.99987804,0.99985,0.99982004,0.999786,0.99973976,0.99968284,0.99961676,0.99953964,0.99944192,0.99932932,0.99918732,0.99902436,0.99882116,0.99857208,0.998283,0.99793328,0.99751536,0.99700964,0.99639848,0.995664,0.99477976,0.99370448,0.99241192,0.99085584,0.98897228,0.98671812,0.98398316,0.98067916,0.97670844,0.9718664,0.96597248,0.95878776,0.95001788,0.93957596,0.92769432,0.9142622,0.89923092,0.88253932,0.8641712,0.84405384,0.82229372,0.79892368,0.77401384,0.74772352,0.72007456,0.69129128,0.66149664,0.63081084,0.59966168,0.56805196,0.53613952,0.50421544,0.47226044,0.43950432,0.40959228,0.38155004,0.35494548,0.32961772,0.30514212,0.27826144,0.25225116,0.22688416,0.20180604,0.17644216,0.15331384,0.13220228,0.11448088,0.09931528,0.086665,0.07602708,0.06706236,0.05937588,0.05120796,0.0438388,0.0369848,0.03018192,0.02302952,0.01285688,0.00607256,0.00476932,0.00366512,0.00271652
0.2,1.0,90.0,0.0005,0.5,0.99999796,0.99999756,0.9999972,0.99999672,0.99999604,0.99999512,0.99999408,0.99999264,0.9999912,0.99998932,0.99998676,0.99998404,0.99998084,0.99997716,0.99997276,0.9999674,0.9999596,0.99995188,0.9999426,0.99993068,0.99991576,0.99989892,0.99987848,0.999853,0.9998228,0.99978468,0.99974392,0.99969512,0.99963336,0.99955648,0.99946784,0.99936248,0.99923248,0.9990774,0.9988936,0.99866316,0.99838784,0.99806112,0.99767364,0.9971998,0.99663224,0.99592396,0.9950622,0.99403692,0.9928058,0.9913214,0.9895296,0.98738092,0.98480028,0.98166056,0.9778678,0.97326304,0.96772792,0.96144768,0.95391456,0.94443536,0.93283504,0.91879724,0.901747,0.88101032,0.8557058,0.82473124,0.78671724,0.73999336,0.68559,0.6280268,0.57377488,0.5239938,0.47815988,0.43583472,0.39649096,0.358995,0.32675412,0.29808424,0.27235724,0.24917808,0.22783396,0.20512268,0.18411688,0.16485216,0.14741344,0.13161868,0.11718212,0.10376892,0.09068052,0.07821688,0.06737832,0.05819412,0.05113012,0.0466124,0.04269844,0.0388138,0.0339592,0.02787508,0.02136188,0.01180372,0.00523132,0.00416096,0.00322676,0.00239784
0.2,1.0,135.0,0.0005,0.5,0.99999556,0.9999946,0.99999352,0.99999256,0.99999096,0.99998948,0.99998716,0.99998452,0.99998192,0.9999774,0.9999718,0.99996556,0.99995876,0.99994948,0.9999394,0.99992704,0.99991144,0.99989348,0.99987044,0.99984632,0.99981472,0.9997782,0.99973448,0.99968204,0.99961912,0.99953716,0.99944544,0.99933096,0.99919124,0.99902368,0.99882636,0.9985884,0.99830012,0.9979444,0.99751552,0.99701368,0.99640268,0.99566908,0.99477944,0.99370932,0.99240692,0.99085344,0.98900308,0.98675652,0.98402044,0.9807094,0.97674768,0.97190816,0.96602592,0.95886784,0.95008364,0.93965004,0.92775652,0.91431324,0.89928832,0.88257724,0.86419124,0.84408264,0.82232996,0.79892916,0.7740516,0.7477082,0.72004088,0.691237,0.6614296,0.63068268,0.59957552,0.56788892,0.5359582,0.50395956,0.47184848,0.43905672,0.4093824,0.38143004,0.354881,0.329588,0.30483292,0.27807652,0.25204256,0.22669324,0.20170912,0.17632232,0.15306068,0.13196872,0.11425124,0.09908248,0.08644064,0.07579844,0.06682056,0.0590802,0.05094104,0.04360552,0.03677616,0.03001604,0.02288584,0.01278252,0.00605152,0.0047502,0.0036562,0.00270884
0.2,1.0,180.0,0.0005,0.5,0.99999864,0.99999816,0.99999752,0.99999696,0.99999608,0.99999536,0.9999944,0.99999304,0.9999916,0.99998928,0.99998744,0.99998512,0.99998208,0.99997872,0.99997392,0.99996816,0.99996072,0.9999532,0.999944,0.99993248,0.99991776,0.9998988,0.99987912,0.99985688,0.99982696,0.9997916,0.99974944,0.9996952,0.99963664,0.99955976,0.99947104,0.99936424,0.99924056,0.99909016,0.99890336,0.998678,0.99840968,0.99808896,0.99767432,0.9971912,0.99661088,0.9959192,0.99506904,0.99405296,0.99282872,0.99135272,0.98957312,0.98741288,0.98484248,0.98173392,0.9779408,0.97336064,0.96779272,0.96147792,0.9540212,0.9445284,0.93292912,0.91886112,0.90183136,0.88109312,0.85580176,0.82481856,0.7867976,0.74005952,0.6856812,0.62807576,0.57383392,0.52401656,0.47815256,0.43581568,0.39639744,0.35891712,0.3267312,0.2980864,0.27237496,0.24921128,0.2276412,0.2050976,0.1841436,0.16487312,0.14743312,0.13164756,0.11719556,0.10380348,0.09076304,0.07825692,0.06735904,0.05815612,0.05107296,0.04653776,0.04262176,0.03871996,0.03381324,0.02773388,0.02119472,0.01136264,0.00519796,0.00413468,0.00320572,0.00238128
0.2,1/0.6,0.0,0.0005,0.5,0.99999104,0.99998936,0.9999872,0.99998496,0.99998176,0.99997832,0.99997328,0.99996884,0.99996296,0.99995656,0.99994528,0.99993168,0.99991792,0.99990136,0.999884,0.99986004,0.99983132,0.99979984,0.9997582,0.99970872,0.99965272,0.99957816,0.99949488,0.99939144,0.99926336,0.99910992,0.99892896,0.99871056,0.99844208,0.99811752,0.9977304,0.99726472,0.99669,0.99600144,0.99518024,0.99417408,0.99297008,0.99153904,0.98980688,0.98768128,0.98513776,0.9821,0.97846276,0.97403696,0.96868204,0.96239392,0.95524992,0.9470488,0.93675824,0.92240572,0.9037572,0.88121152,0.85309032,0.81660776,0.7641744,0.71125616,0.65927352,0.60516192,0.54017784,0.43208456,0.36193144,0.31590208,0.28303208,0.25769792,0.2367404,0.21830728,0.20119824,0.18457584,0.16780168,0.15024872,0.13102712,0.10710648,0.08165336,0.05659112,0.03870276,0.0265454,0.01824444,0.01255632,0.00865452,0.00597124,0.00412432,0.00285544,0.00197928,0.00137528,0.00095584,0.00066688,0.00046656,0.00032616,0.00022904,0.0001608,0.00011088,7.608e-05,5.136e-05,3.248e-05,1.752e-05,8e-07,0.0,0.0,0.0,0.0
0.2,1/0.6,45.0,0.0005,0.5,0.99998856,0.9999858,0.999983,0.99997984,0.99997516,0.99996964,0.99996396,0.99995612,0.99994672,0.99993648,0.99992384,0.99990852,0.99989008,0.9998666,0.99983828,0.99980436,0.99976484,0.99971904,0.99966012,0.9995906,0.999507,0.9994104,0.99928928,0.99914608,0.99896868,0.99876016,0.99851252,0.99820824,0.9978462,0.9974076,0.99687976,0.9962562,0.99550144,0.99460308,0.99352348,0.99223876,0.99065924,0.98873488,0.98643792,0.98367916,0.980335,0.97633128,0.97142996,0.96548816,0.95835504,0.94973944,0.93925084,0.92633088,0.91065444,0.89245148,0.87176336,0.84823344,0.82141488,0.79049756,0.75479084,0.7106882,0.65956612,0.61053336,0.56158176,0.50878768,0.44529988,0.40016164,0.36777264,0.34253708,0.321112,0.30145084,0.28209104,0.26176616,0.2389166,0.2071758,0.1646746,0.1227218,0.08296316,0.05646544,0.03861516,0.02648804,0.01820708,0.01253284,0.0086348,0.00595572,0.00411224,0.00284252,0.00196844,0.00136488,0.00094876,0.00066008,0.00046104,0.00032204,0.00022484,0.00015616,0.0001092,7.488e-05,4.972e-05,3.128e-05,1.66e-05,4.44e-06,6e-07,0.0,0.0,0.0
0.2,1/0.6,90.0,0.0005,0.5,0.99999168,0.99999012,0.99998792,0.99998524,0.9999824,0.99997912,0.99997492,0.99996936,0.99996152,0.99995328,0.99994396,0.99993268,0.9999182,0.99990156,0.99988028,0.99985732,0.99982864,0.99979168,0.99974728,0.99969548,0.99963496,0.99955892,0.9994694,0.99935608,0.99922684,0.99907028,0.99888612,0.99866068,0.99838988,0.99806044,0.9976736,0.99720088,0.99663952,0.99595872,0.99514508,0.99416964,0.99298016,0.99154572,0.98983836,0.98778668,0.98529088,0.98227496,0.97859648,0.9741814,0.96876172,0.96229892,0.95478644,0.94638336,0.93671332,0.92379724,0.90524088,0.88233504,0.85411344,0.8175184,0.76511516,0.71214052,0.6600802,0.60581616,0.5402516,0.43133784,0.36135756,0.31547304,0.28267512,0.25738452,0.23647704,0.21807608,0.20099168,0.18439752,0.16765256,0.1501246,0.13093556,0.1071252,0.08156172,0.05641404,0.038556,0.02643504,0.0181596,0.01249904,0.00861508,0.00594588,0.00410532,0.00283928,0.0019638,0.00136052,0.00094376,0.0006566,0.00045712,0.0003198,0.00022324,0.00015664,0.00010832,7.404e-05,4.944e-05,3.012e-05,1.512e-05,3.44e-06,7.2e-07,0.0,0.0,0.0
0.2,1/0.6,135.0,0.0005,0.5,0.99998908,0.99998668,0.9999836,0.99998004,0.99997576,0.99997096,0.9999654,0.9999586,0.99995008,0.99993896,0.99992724,0.9999114,0.99989296,0.99987272,0.99984632,0.99981356,0.99977436,0.99972844,0.99967108,0.99960248,0.99952072,0.99942288,0.99930296,0.99915688,0.99898448,0.99877984,0.99853096,0.99822756,0.9978668,0.99742936,0.99691284,0.99628868,0.99555196,0.9946514,0.99357204,0.99226432,0.99067732,0.98875356,0.9864286,0.9836246,0.98026084,0.97626304,0.97138716,0.96547764,0.95832708,0.94968864,0.93912848,0.9262892,0.91057152,0.89240132,0.87173708,0.8482212,0.8214262,0.79061616,0.75489624,0.7108368,0.65960144,0.6105,0.56170404,0.50898924,0.44564184,0.40043884,0.3679956,0.3427306,0.3212754,0.3015998,0.28221836,0.261873,0.2390012,0.2071928,0.164676,0.12269552,0.08295356,0.05647476,0.03860932,0.02647144,0.01819316,0.01252324,0.00863128,0.00595324,0.00411268,0.00284484,0.00197088,0.00136684,0.00095028,0.00066168,0.00046164,0.00032344,0.0002262,0.00015856,0.0001102,7.536e-05,5.016e-05,3.112e-05,1.628e-05,2.72e-06,0.0,0.0,0.0,0.0
0.2,1/0.6,180.0,0.0005,0.5,0.99999232,0.99999096,0.99998856,0.99998488,0.99998216,0.99997928,0.99997592,0.9999708,0.99996408,0.99995584,0.99994632,0.99993576,0.99992232,0.99990552,0.99988496,0.99986088,0.99983416,0.99980016,0.99975688,0.99971024,0.99965288,0.9995784,0.99949168,0.99938792,0.9992568,0.9991084,0.99892848,0.99871224,0.99844064,0.99812264,0.99773848,0.99727448,0.99671456,0.99603272,0.99521976,0.99422072,0.99301832,0.99158,0.98987256,0.98780368,0.98524232,0.98214072,0.97846952,0.973942,0.96850616,0.96201968,0.95473088,0.94650184,0.93652736,0.92257464,0.90378872,0.88115616,0.85299936,0.81644376,0.763988,0.71113464,0.659126,0.60500848,0.53976432,0.43138072,0.36142576,0.3155848,0.28281592,0.25752,0.23660904,0.21820712,0.20110248,0.18449184,0.16773352,0.1501864,0.13095688,0.10705152,0.08157736,0.0564984,0.03863072,0.02648772,0.0181974,0.01251672,0.00862708,0.0059524,0.00411232,0.00284572,0.00196984,0.00136628,0.00094892,0.0006616,0.00046088,0.0003216,0.00022464,0.00015856,0.00010848,7.488e-05,5.024e-05,3.192e-05,1.808e-05,4.8e-06,0.0,0.0,0.0,0.0
0.2,1/0.2,0.0,0.0005,0.5,0.99999248,0.9999908,0.99998808,0.99998568,0.99998264,0.999978,0.99997256,0.99996752,0.99996048,0.99995168,0.99994112,0.99992864,0.99991504,0.99989888,0.99987856,0.99985208,0.9998244,0.99978808,0.99974656,0.99969296,0.99962776,0.99955376,0.99946576,0.9993528,0.99921536,0.9990536,0.99885048,0.99861648,0.99833696,0.99801088,0.99761664,0.9971464,0.99659216,0.99591512,0.99511184,0.99412992,0.99295952,0.99153344,0.98980888,0.98768112,0.98509616,0.98209888,0.9784728,0.9739992,0.96866024,0.96207536,0.95407456,0.94400144,0.9331792,0.9220144,0.90457296,0.88204808,0.85347864,0.81355048,0.76497624,0.71027888,0.64147856,0.5538958,0.4704546,0.3864506,0.29272036,0.20203036,0.13845384,0.09502312,0.0653152,0.04492808,0.03093604,0.02131,0.01468372,0.01012316,0.00698056,0.004817,0.00332324,0.0022948,0.00158652,0.00109608,0.00075872,0.00052512,0.00036468,0.00025264,0.0001758,0.000122,8.464e-05,5.824e-05,4.008e-05,2.728e-05,1.784e-05,1.128e-05,6.48e-06,3.2e-06,7.2e-07,0.0,0.0,0.0,0.0,0.0,0.0,0.0,0.0,0.0
0.2,1/0.2,45.0,0.0005,0.5,0.99998696,0.99998452,0.99998152,0.9999776,0.99997304,0.99996804,0.9999622,0.99995468,0.99994496,0.999934,0.9999188,0.99990096,0.99988016,0.99985484,0.99982368,0.99978772,0.9997454,0.99969412,0.99963256,0.99955968,0.9994694,0.99936272,0.99923096,0.99907424,0.99888456,0.99865084,0.998375,0.998047,0.99765112,0.99718488,0.99662492,0.99594036,0.99511492,0.99410364,0.9928712,0.99139672,0.98964556,0.9875442,0.98498588,0.98195908,0.97826744,0.9737854,0.96831616,0.96167188,0.9538304,0.9439428,0.93191368,0.91679024,0.8977966,0.87352596,0.84675104,0.81846652,0.7884946,0.75640332,0.72200092,0.68468768,0.64462636,0.59870116,0.53193592,0.42742076,0.29547684,0.20187808,0.13833648,0.09494412,0.0652558,0.04490068,0.03090664,0.0212862,0.01466576,0.01010556,0.006965,0.00480272,0.00331216,0.00228508,0.00157808,0.00109092,0.0007548,0.00052236,0.00036272,0.00025192,0.00017524,0.00012192,8.504e-05,5.884e-05,4.036e-05,2.712e-05,1.772e-05,1.136e-05,6.64e-06,3.4e-06,1.24e-06,0.0,0.0,0.0,0.0,0.0,0.0,0.0,0.0,0.0
0.2,1/0.2,90.0,0.0005,0.5,0.99999052,0.99998884,0.99998672,0.99998436,0.9999816,0.99997676,0.99997132,0.9999652,0.999959,0.9999498,0.99994124,0.9999302,0.99991604,0.99989884,0.9998796,0.99985444,0.99982492,0.99978636,0.99974276,0.99968932,0.9996274,0.9995512,0.9994572,0.99935184,0.99921988,0.99905912,0.99886992,0.99863728,0.99836108,0.99802832,0.9976302,0.99716048,0.99659316,0.9959168,0.99510324,0.994126,0.99294204,0.99151008,0.98977428,0.98765468,0.98513984,0.9821282,0.97847388,0.9740388,0.96868796,0.9621492,0.95416068,0.94424836,0.93319192,0.92228548,0.90544116,0.88284212,0.85427488,0.81442552,0.76580828,0.71083704,0.641617,0.55388992,0.47033552,0.38626476,0.292512,0.2018958,0.1383274,0.09495328,0.0652636,0.04490476,0.03091312,0.0212928,0.01467156,0.0101124,0.00697156,0.00480876,0.00331836,0.00229068,0.00158152,0.00109304,0.00075644,0.00052376,0.00036284,0.00025244,0.000175,0.0001216,8.452e-05,5.824e-05,3.996e-05,2.7e-05,1.76e-05,1.12e-05,6.48e-06,3.24e-06,1.16e-06,2e-07,0.0,0.0,0.0,0.0,0.0,0.0,0.0,0.0
0.2,1/0.2,135.0,0.0005,0.5,0.99998804,0.99998536,0.9999828,0.99997936,0.99997484,0.99996856,0.99996248,0.99995364,0.99994376,0.9999322,0.99991872,0.99990096,0.99988132,0.99985652,0.99982816,0.99979376,0.99975264,0.99970084,0.99963988,0.99956468,0.9994748,0.99936496,0.99923512,0.99907788,0.99888696,0.99865768,0.99838944,0.99806344,0.997674,0.99719476,0.99663168,0.9959436,0.99508956,0.99406356,0.99282344,0.9913514,0.98962128,0.98753184,0.98495772,0.98188436,0.97818492,0.97374908,0.96823984,0.96153896,0.95356664,0.94365848,0.93154932,0.91649232,0.89736924,0.87295744,0.84642932,0.8180142,0.78798544,0.75589764,0.72149976,0.68413372,0.64428056,0.59848468,0.53184632,0.42726708,0.29556812,0.20188944,0.13831744,0.0949504,0.0652662,0.04490356,0.03091232,0.0212884,0.01466752,0.0101092,0.00696936,0.00480552,0.00331496,0.00228744,0.00157928,0.00109164,0.00075448,0.00052268,0.00036224,0.00025152,0.00017516,0.00012172,8.46e-05,5.82e-05,4.04e-05,2.692e-05,1.748e-05,1.116e-05,6.64e-06,3.64e-06,7.2e-07,0.0,0.0,0.0,0.0,0.0,0.0,0.0,0.0,0.0
0.2,1/0.2,180.0,0.0005,0.5,0.99999008,0.99998832,0.99998608,0.99998368,0.9999804,0.99997688,0.99997248,0.99996812,0.9999614,0.99995328,0.99994472,0.99993244,0.99991812,0.9999008,0.99987608,0.99984676,0.9998168,0.99978148,0.9997392,0.99968696,0.99962208,0.99954904,0.99946332,0.9993548,0.99922888,0.99907136,0.99887792,0.99865544,0.9983816,0.9980488,0.99764676,0.99717556,0.99660792,0.99592292,0.99511388,0.99415132,0.9929536,0.99151488,0.98977424,0.9876748,0.98519144,0.98217352,0.978456,0.9739948,0.96864048,0.96205312,0.95400344,0.94398216,0.9330666,0.92221536,0.90522592,0.8825744,0.85396736,0.81417624,0.76570376,0.71081552,0.64191292,0.55415408,0.47054004,0.38646656,0.29271796,0.20198264,0.13837316,0.09500604,0.06528844,0.04491864,0.03092672,0.02130312,0.0146772,0.0101164,0.00697524,0.0048118,0.00331972,0.00229176,0.00158312,0.00109404,0.00075684,0.0005246,0.00036448,0.00025216,0.00017584,0.00012228,8.44e-05,5.832e-05,3.992e-05,2.672e-05,1.776e-05,1.12e-05,6.56e-06,3.04e-06,1.28e-06,1.6e-07,0.0,0.0,0.0,0.0,0.0,0.0,0.0,0.0
0.6,0.2,0.0,0.0005,0.5,0.9999904,0.99998928,0.9999876,0.99998552,0.9999836,0.99998008,0.99997584,0.99997048,0.999964,0.99995552,0.99994632,0.99993568,0.99992168,0.99990456,0.99988288,0.99986,0.9998312,0.99979656,0.99975248,0.9997052,0.99964472,0.99957184,0.999482,0.99937488,0.99924424,0.99908472,0.99889928,0.998668,0.99839848,0.99808376,0.99769136,0.99721312,0.99665,0.9959596,0.99513632,0.99414312,0.99293456,0.99144688,0.9896664,0.98754648,0.98494488,0.98186728,0.97836984,0.97438744,0.9700484,0.96526808,0.95922552,0.95046208,0.93905112,0.925524,0.90913832,0.8890336,0.86380368,0.83113168,0.78603824,0.71247392,0.62704904,0.5454536,0.4660448,0.38497184,0.28817748,0.19830228,0.13652268,0.09407824,0.06484328,0.04471296,0.0308544,0.0212972,0.01471216,0.01016976,0.00703236,0.00486256,0.00335176,0.00227928,0.00160568,0.0011572,0.00085048,0.00063224,0.00047344,0.00035576,0.0002532,0.00017984,0.00013448,9.84e-05,6.848e-05,4.488e-05,2.76e-05,1.48e-05,7.68e-06,3.2e-06,1.12e-06,0.0,0.0,0.0,0.0,0.0,0.0,0.0,0.0,0.0
0.6,0.2,45.0,0.0005,0.5,0.99998348,0.99998,0.99997612,0.99997148,0.99996524,0.99995824,0.99995072,0.99994092,0.99992756,0.99991216,0.99989276,0.99986972,0.99984272,0.99981164,0.99977404,0.99972596,0.9996706,0.99960172,0.9995166,0.99941544,0.9992972,0.99915504,0.99898552,0.99878228,0.99854116,0.99824392,0.99788144,0.99744164,0.99691948,0.99628292,0.99553256,0.99463028,0.99353868,0.99222496,0.99063684,0.98870836,0.98638824,0.9835712,0.9801686,0.9760804,0.97116116,0.96517352,0.95782244,0.948829,0.9378736,0.92527368,0.91080536,0.8946404,0.87650508,0.85628232,0.83386288,0.80905608,0.78183016,0.75171244,0.71880884,0.68286808,0.64252164,0.59440896,0.53263684,0.41667456,0.28648568,0.19731256,0.13616528,0.09411148,0.06514756,0.04518136,0.03138904,0.02185144,0.01525276,0.01068008,0.00750668,0.00529688,0.00375676,0.00268264,0.00192752,0.00139528,0.00101496,0.00074476,0.00055028,0.00040404,0.00029708,0.00022564,0.0001736,0.00013288,9.36e-05,6.824e-05,4.788e-05,3.144e-05,1.572e-05,5.8e-06,1.92e-06,8e-08,0.0,0.0,0.0,0.0,0.0,0.0,0.0,0.0
0.6,0.2,90.0,0.0005,0.5,0.99998996,0.99998764,0.99998508,0.99998164,0.99997796,0.9999742,0.99996952,0.99996348,0.99995564,0.99994628,0.99993436,0.99992036,0.9999026,0.99988144,0.99985592,0.99982708,0.99979256,0.99975112,0.99969884,0.99963556,0.99956228,0.9994718,0.99936604,0.99923144,0.99907412,0.99888408,0.99866004,0.99837916,0.99804948,0.9976376,0.99715404,0.99656732,0.99585604,0.99500492,0.99397096,0.99272816,0.99120364,0.98929764,0.98683948,0.98370148,0.97949196,0.97313284,0.963315,0.95474164,0.94768144,0.94077848,0.93328516,0.92495044,0.915511,0.90437216,0.89084892,0.87393096,0.85205112,0.82263124,0.78011076,0.7087186,0.62519412,0.54490396,0.46605908,0.38515128,0.29168216,0.2022376,0.13973156,0.09664884,0.06695764,0.04645508,0.03228028,0.02246304,0.01565776,0.01093004,0.00763504,0.00532804,0.0037306,0.00263156,0.00186716,0.00133404,0.00095784,0.0006962,0.00051548,0.00038536,0.00029428,0.0002262,0.00017652,0.00013412,9.908e-05,7.144e-05,4.484e-05,2.192e-05,9.92e-06,3.68e-06,9.6e-07,0.0,0.0,0.0,0.0,0.0,0.0,0.0,0.0,0.0
0.6,0.2,135.0,0.0005,0.5,0.99998232,0.99997856,0.99997444,0.99996944,0.99996228,0.99995476,0.99994556,0.99993488,0.99992248,0.99990556,0.99988648,0.99986284,0.99983512,0.99980104,0.99976188,0.9997166,0.9996588,0.9995866,0.99950436,0.99940308,0.9992794,0.99913004,0.99895548,0.99874352,0.99848984,0.99817852,0.99781224,0.99736324,0.99681804,0.99616112,0.9953578,0.99439748,0.99323664,0.9918414,0.99014584,0.98811224,0.98569168,0.98275676,0.97920072,0.97490188,0.96981572,0.96353196,0.95588212,0.94653516,0.935283,0.92258696,0.90793164,0.89160492,0.8733262,0.85297924,0.83069632,0.8061926,0.7794884,0.75032844,0.7189002,0.68425088,0.64527648,0.59979452,0.539946,0.42245576,0.28959012,0.19893932,0.13690056,0.0943164,0.0650796,0.044956,0.03110064,0.02154784,0.01495372,0.01039504,0.0072426,0.00505572,0.00353488,0.00246696,0.00173368,0.00122936,0.00087784,0.00063084,0.00045308,0.00033084,0.00024444,0.000179,0.0001298,9.528e-05,7.036e-05,4.868e-05,2.84e-05,1.424e-05,6.64e-06,3e-06,1.04e-06,4e-07,2.4e-07,4e-08,0.0,0.0,0.0,0.0,0.0,0.0
0.6,0.2,180.0,0.0005,0.5,0.9999888,0.9999864,0.99998392,0.99998,0.99997656,0.99997256,0.99996776,0.99996144,0.99995336,0.99994648,0.99993472,0.99992328,0.99990872,0.99989032,0.99986832,0.99984464,0.99981336,0.99977512,0.99972744,0.99967072,0.99960096,0.99951744,0.99941872,0.9993048,0.99916648,0.99898936,0.9987764,0.99852064,0.99821424,0.99784544,0.9974156,0.99688344,0.99624896,0.99549832,0.99458672,0.99351144,0.99224984,0.99076576,0.98901352,0.98703472,0.9848276,0.98241264,0.97971928,0.97654872,0.9724864,0.9667584,0.95879608,0.94924376,0.9379636,0.92445176,0.90800296,0.88769016,0.86218824,0.82906248,0.78321216,0.70882568,0.62393344,0.54310256,0.46439392,0.38425456,0.290516,0.20057204,0.1380566,0.0950962,0.06552956,0.04517044,0.03116052,0.02150624,0.01485576,0.0102762,0.00711824,0.00494368,0.0034416,0.00240408,0.00168208,0.00118448,0.0008536,0.00062136,0.00043224,0.0003032,0.0002132,0.00015608,0.00011584,8.16e-05,5.272e-05,3.504e-05,2.264e-05,1.368e-05,8.08e-06,3.36e-06,1.52e-06,6.4e-07,2.4e-07,0.0,0.0,0.0,0.0,0.0,0.0,0.0
0.6,0.6,0.0,0.0005,0.5,0.99999096,0.99998896,0.99998648,0.99998408,0.99998016,0.99997584,0.99997232,0.99996648,0.99995968,0.9999504,0.99993944,0.99992736,0.99991256,0.99989488,0.99987496,0.99984848,0.9998176,0.99977968,0.9997328,0.99967624,0.99961048,0.9995268,0.99942784,0.99931336,0.99917856,0.99900416,0.99880608,0.99856872,0.99828272,0.99793656,0.9975112,0.99700072,0.9963832,0.99565208,0.99477264,0.99370128,0.99244864,0.99092024,0.98909608,0.98686264,0.98410896,0.98075336,0.97676424,0.9719688,0.96608176,0.9590464,0.95031232,0.93939512,0.9255376,0.90814464,0.88626816,0.85916912,0.82166768,0.77736504,0.73407984,0.69200144,0.65028472,0.60701352,0.55911544,0.49519792,0.38991992,0.33021304,0.29140448,0.2631724,0.24074224,0.221508,0.20399808,0.18723656,0.17044256,0.15282688,0.13332688,0.10915784,0.08474064,0.05784796,0.03911092,0.0266776,0.01831084,0.01263304,0.00875416,0.00609092,0.00425308,0.00298384,0.00210352,0.00148912,0.0010612,0.00076808,0.00056832,0.00042912,0.00032568,0.00024872,0.0001896,0.00013624,8.56e-05,4.488e-05,2.336e-05,9.12e-06,3.36e-06,3.2e-07,0.0,0.0
0.6,0.6,45.0,0.0005,0.5,0.99999012,0.99998788,0.99998536,0.99998244,0.99997876,0.9999744,0.9999692,0.99996268,0.9999544,0.9999454,0.99993428,0.99992204,0.99990688,0.99988844,0.99986772,0.99983964,0.99980588,0.99976656,0.99971776,0.9996578,0.99958956,0.99950736,0.99941072,0.99929132,0.9991436,0.99896948,0.9987588,0.99850564,0.99819972,0.99783332,0.99739812,0.99687776,0.99623336,0.99547536,0.99457752,0.99348016,0.99218432,0.99060972,0.98866248,0.986353,0.98353236,0.98018276,0.976158,0.97119056,0.96523328,0.95806256,0.94934824,0.93875688,0.92578688,0.90977448,0.88985132,0.864893,0.83618376,0.80370692,0.7648188,0.72174348,0.67331228,0.6027422,0.55011472,0.50716192,0.46231228,0.4109504,0.37567676,0.34926852,0.32702608,0.3065524,0.2864138,0.26506168,0.23977328,0.199862,0.16489988,0.13275488,0.09292992,0.06195564,0.04203312,0.02883252,0.01993676,0.01386912,0.0096994,0.0068136,0.00480844,0.0034092,0.0024272,0.0017374,0.00124656,0.00089948,0.00064928,0.00047332,0.0003454,0.0002524,0.000185,0.00013112,8.888e-05,5.556e-05,2.976e-05,1.76e-05,1.008e-05,3.04e-06,0.0,0.0
0.6,0.6,90.0,0.0005,0.5,0.99999012,0.99998792,0.99998576,0.9999824,0.99997884,0.9999742,0.99996828,0.99996148,0.99995268,0.99994372,0.99993128,0.99991776,0.99990128,0.99988164,0.9998604,0.9998316,0.99979832,0.99975768,0.99970944,0.99965212,0.99958172,0.99949444,0.99939484,0.99927128,0.99912224,0.99893988,0.99872,0.99845544,0.99814592,0.99776352,0.997305,0.9967504,0.99606964,0.99524732,0.99426484,0.99308776,0.99168212,0.98996836,0.9878616,0.98531508,0.98223212,0.97846752,0.97369176,0.96724696,0.96016108,0.95210396,0.94276756,0.931921,0.9192114,0.90366224,0.88443732,0.86077588,0.8279346,0.782796,0.73979932,0.69891444,0.65918212,0.61863296,0.5724698,0.50337472,0.39584276,0.33529656,0.29575324,0.2668446,0.24371496,0.22380256,0.20561252,0.18814984,0.17066908,0.15242032,0.13216568,0.10742052,0.08477092,0.061183,0.04138712,0.02829424,0.01948492,0.01349536,0.00939268,0.00656256,0.00460464,0.00324372,0.00229592,0.001629,0.00116136,0.00082936,0.00059056,0.00042468,0.00030116,0.00020848,0.00014024,8.952e-05,4.772e-05,2.276e-05,1.096e-05,3.6e-06,1.2e-07,0.0,0.0,0.0
0.6,0.6,135.0,0.0005,0.5,0.99998932,0.99998696,0.9999844,0.99998148,0.9999774,0.99997236,0.9999668,0.99996052,0.99995276,0.99994356,0.99993152,0.99991824,0.9999012,0.99988244,0.99985768,0.99983048,0.99979564,0.99975096,0.99969744,0.999636,0.9995642,0.99947492,0.9993644,0.99923516,0.9990798,0.99888668,0.99866216,0.99838856,0.99805944,0.99766208,0.99718116,0.9965894,0.9958906,0.995042,0.9940344,0.99281936,0.99135788,0.98957876,0.98745168,0.98486536,0.98175344,0.97803768,0.97355696,0.96813548,0.96156592,0.953586,0.94389592,0.93231516,0.91789704,0.90038612,0.87848524,0.8519136,0.82212,0.78839228,0.74944552,0.7031214,0.65761528,0.61313008,0.56854764,0.52130668,0.46008456,0.40539224,0.36962052,0.34335716,0.32168608,0.30194232,0.28235484,0.26147152,0.23688524,0.19778448,0.16306008,0.13092052,0.09064236,0.06005632,0.0404396,0.02749484,0.01882648,0.01296464,0.0089602,0.0062132,0.0043168,0.00300984,0.002105,0.0014778,0.00103936,0.00073168,0.00051532,0.00036184,0.00025404,0.00017456,0.00012136,8.336e-05,5.672e-05,3.78e-05,2.024e-05,1.148e-05,5.04e-06,8.8e-07,2.4e-07,0.0
0.6,0.6,180.0,0.0005,0.5,0.99999192,0.9999904,0.99998776,0.99998544,0.99998224,0.99997816,0.99997272,0.99996648,0.99995912,0.99995256,0.99994304,0.99993072,0.99991632,0.99990088,0.99988016,0.99985624,0.9998272,0.99978968,0.99974696,0.99969384,0.99962856,0.9995528,0.99945872,0.9993452,0.99921384,0.99906176,0.9988668,0.9986388,0.99835936,0.99801536,0.99761048,0.99711016,0.99652136,0.995804,0.9949492,0.99392808,0.9927076,0.99126872,0.9894932,0.98732096,0.98468368,0.9815864,0.97783208,0.97324184,0.96764912,0.96083904,0.95257192,0.94227936,0.92911752,0.91226104,0.89313504,0.87044304,0.83685864,0.7903264,0.74503424,0.70089824,0.6569498,0.61126648,0.56015744,0.48731616,0.38225712,0.32427608,0.28655,0.25907392,0.23710704,0.21819552,0.20084456,0.18410272,0.16724912,0.14959168,0.13011112,0.1060056,0.0831728,0.05887672,0.03954844,0.02682168,0.01830132,0.01253584,0.00861216,0.00592792,0.00408856,0.00282832,0.00195976,0.00136208,0.00094792,0.00065744,0.00045808,0.00032672,0.00023808,0.0001628,0.00012016,8.984e-05,6.832e-05,5.008e-05,3.584e-05,2.32e-05,1.048e-05,8e-08,0.0,0.0
0.6,1.0,0.0,0.0005,0.5,0.99999824,0.99999792,0.99999752,0.99999688,0.99999632,0.99999536,0.99999448,0.99999264,0.9999916,0.99999,0.99998792,0.99998472,0.99998216,0.9999792,0.99997408,0.99996808,0.99996152,0.99995448,0.99994504,0.99993384,0.99992064,0.99990296,0.99988128,0.99985616,0.999826,0.99978984,0.99975016,0.99969568,0.99963536,0.99955984,0.9994684,0.99935664,0.99922288,0.9990644,0.99886464,0.99863008,0.99835096,0.99801992,0.99761424,0.99713552,0.99657232,0.99588032,0.99504496,0.99402784,0.99280344,0.99134952,0.98957768,0.9874248,0.98483504,0.98174912,0.97797376,0.97342616,0.96788288,0.96128856,0.95376952,0.94450408,0.93294728,0.91887488,0.90188296,0.8812312,0.85601536,0.8252536,0.7874924,0.74110912,0.68802544,0.63140176,0.57701104,0.52713304,0.48127888,0.4390756,0.40014816,0.36411264,0.33009504,0.3001736,0.27367,0.249868,0.22834832,0.20879944,0.19092136,0.17116496,0.15177008,0.13519912,0.12032256,0.10662872,0.09337616,0.08066704,0.06947164,0.06012152,0.05279556,0.04798476,0.04398236,0.0399284,0.03459072,0.02817084,0.02076052,0.00641332,0.00513048,0.00403272,0.00310224,0.00229504
0.6,1.0,45.0,0.0005,0.5,0.9999962,0.99999544,0.99999424,0.99999288,0.99999172,0.99998976,0.9999878,0.99998552,0.99998224,0.999979,0.99997452,0.99996936,0.99996308,0.99995572,0.99994644,0.99993568,0.99992248,0.9999064,0.99988704,0.99986312,0.9998328,0.9997984,0.999757,0.999706,0.99964728,0.99957384,0.9994856,0.99938032,0.99925228,0.99909508,0.99890732,0.99868324,0.99841504,0.99808764,0.9977004,0.9972182,0.99663748,0.99595608,0.99512468,0.99411436,0.99289116,0.991431,0.98968128,0.98757964,0.98503352,0.98194444,0.97819256,0.97370276,0.96817008,0.96144864,0.95317992,0.94310804,0.93143236,0.91829324,0.903532,0.88709308,0.86894604,0.84908588,0.82740332,0.8039192,0.77851868,0.75116036,0.72193824,0.69154908,0.66070388,0.6295358,0.59814404,0.5665186,0.5345242,0.50168064,0.4702416,0.43937392,0.40951348,0.38145636,0.35462644,0.32891244,0.304474,0.27905328,0.25379992,0.2276574,0.20198428,0.17654308,0.15354936,0.13244656,0.11469628,0.0995442,0.08687376,0.07622288,0.06727112,0.05971544,0.0514772,0.04405476,0.03715732,0.03034336,0.02326372,0.0137692,0.00625716,0.00485792,0.00372284,0.0027518
0.6,1.0,90.0,0.0005,0.5,0.9999984,0.9999982,0.99999772,0.99999724,0.99999632,0.99999528,0.99999448,0.99999352,0.99999188,0.99998996,0.99998808,0.99998592,0.99998308,0.9999792,0.99997528,0.9999706,0.99996408,0.99995648,0.99994736,0.99993596,0.99992132,0.99990428,0.99988388,0.99985932,0.99982916,0.999794,0.99975128,0.99969992,0.99963776,0.99956304,0.99947136,0.99936168,0.99923376,0.99907968,0.99889336,0.998662,0.9983888,0.99804648,0.9976352,0.99713524,0.99653892,0.99582464,0.99496952,0.99392712,0.99265984,0.9911504,0.98932684,0.98712316,0.98446828,0.98126548,0.9774448,0.97296832,0.96773268,0.96115224,0.95290996,0.94280048,0.9305926,0.91593652,0.8985444,0.87802308,0.8534872,0.82332276,0.78574888,0.73913348,0.68481284,0.62735056,0.57314764,0.52333344,0.47733936,0.43430592,0.39515512,0.35945736,0.32652668,0.29765004,0.27183168,0.24851992,0.22640424,0.20356616,0.18317704,0.16426964,0.1472426,0.13163284,0.11716632,0.10371996,0.09058592,0.07814792,0.06728404,0.05810748,0.05105448,0.0465528,0.042629,0.03873464,0.03391948,0.02786772,0.02143676,0.01242756,0.00536196,0.00419504,0.0032438,0.00241384
0.6,1.0,135.0,0.0005,0.5,0.99999516,0.99999436,0.99999304,0.99999136,0.99998988,0.99998788,0.99998568,0.99998272,0.99997928,0.99997548,0.99997132,0.99996576,0.99995924,0.99995056,0.9999394,0.99992704,0.99991204,0.99989368,0.99987292,0.99984484,0.99981088,0.99977268,0.99972716,0.9996706,0.99960244,0.99952396,0.99942856,0.99931468,0.99917484,0.99900344,0.99880092,0.99856404,0.99826824,0.9979128,0.99748496,0.99696964,0.99635144,0.995605,0.9947,0.9936268,0.99234388,0.99077548,0.98885976,0.98656328,0.98378964,0.98043824,0.9764104,0.97151688,0.96556988,0.95830084,0.94940392,0.9388522,0.92678432,0.91318232,0.8979934,0.88113752,0.86259068,0.84242688,0.82060192,0.797304,0.77258472,0.74660412,0.71942272,0.69112816,0.66182008,0.63150276,0.60055572,0.56892212,0.53685604,0.50466176,0.47218556,0.439316,0.40944064,0.38130348,0.35461708,0.3293072,0.30368892,0.27758256,0.25195296,0.2264382,0.20147292,0.17608356,0.15267012,0.13143164,0.11370088,0.09860596,0.08602064,0.07545404,0.066573,0.05889348,0.05079112,0.0434844,0.0366986,0.0299916,0.0229554,0.01348356,0.00610736,0.0047542,0.00366088,0.00271436
0.6,1.0,180.0,0.0005,0.5,0.99999848,0.99999816,0.99999768,0.9999972,0.99999656,0.99999592,0.99999456,0.99999376,0.99999288,0.99999136,0.99998952,0.99998688,0.99998368,0.99997904,0.99997408,0.9999696,0.99996368,0.99995656,0.9999464,0.99993464,0.99992088,0.99990384,0.99988504,0.99986256,0.99983464,0.99980224,0.9997632,0.99971328,0.99965352,0.99958168,0.9994932,0.99938568,0.99926144,0.99910176,0.99891184,0.99868216,0.99840824,0.99806592,0.99765864,0.9971664,0.99657768,0.99588344,0.99504424,0.99404432,0.99280184,0.9913056,0.98950088,0.98734632,0.98476392,0.98164528,0.97784728,0.97320952,0.9676408,0.96127656,0.95378584,0.9442896,0.93265032,0.91856024,0.90143288,0.88060824,0.8552264,0.82413184,0.78605016,0.73919264,0.68489696,0.62744536,0.57325288,0.52346072,0.4776148,0.43527672,0.3957372,0.3584328,0.3264456,0.29792936,0.27231792,0.24924192,0.2278828,0.2051624,0.18420456,0.16508784,0.14778408,0.132086,0.1177364,0.1044102,0.09159296,0.07892988,0.06781712,0.058511,0.05123008,0.04645328,0.0425124,0.03854092,0.03336096,0.027128,0.02010184,0.00680092,0.00521264,0.00414192,0.00319864,0.00235136
0.6,1/0.6,0.0,0.0005,0.5,0.99999144,0.99998944,0.99998712,0.99998496,0.99998208,0.99997872,0.9999744,0.99996928,0.99996224,0.99995472,0.99994496,0.99993424,0.9999232,0.9999076,0.99988872,0.99986424,0.99983712,0.9998048,0.99976672,0.99972256,0.99966528,0.99960152,0.99952088,0.999422,0.99930584,0.99915568,0.99898032,0.9987696,0.9985156,0.99820848,0.99783096,0.99738744,0.99683952,0.99619432,0.99541512,0.99447296,0.99332568,0.9919628,0.99033624,0.98837432,0.98604296,0.98323608,0.97991088,0.97605016,0.9715376,0.96609632,0.9594864,0.95103552,0.94017832,0.9264628,0.909484,0.88836536,0.86237536,0.82932872,0.78266544,0.7266164,0.67148712,0.6140988,0.543956,0.43262152,0.3616912,0.31570312,0.28305608,0.25798712,0.23736328,0.21926224,0.20247384,0.18617536,0.16969088,0.15221168,0.13245376,0.106462,0.08174892,0.05788304,0.03971576,0.02734748,0.0188956,0.01309016,0.00909444,0.00633516,0.00443008,0.00311064,0.0021916,0.00155104,0.0011044,0.00079612,0.00058832,0.0004412,0.00033424,0.00025504,0.00019488,0.00014072,9.08e-05,4.592e-05,2.384e-05,9.12e-06,3.44e-06,3.2e-07,0.0,0.0
0.6,1/0.6,45.0,0.0005,0.5,0.99998888,0.99998612,0.99998328,0.99997992,0.99997544,0.99996996,0.99996384,0.99995636,0.99994656,0.99993464,0.99992148,0.99990404,0.99988452,0.99986144,0.99983496,0.99980184,0.99976144,0.999712,0.9996524,0.99958216,0.9994976,0.9993942,0.99926808,0.99911424,0.99893348,0.9987164,0.9984468,0.9981302,0.99775716,0.99728588,0.9967334,0.99607624,0.99527612,0.99432276,0.99316732,0.9917764,0.99009172,0.98801784,0.98553792,0.98254432,0.97899308,0.97470728,0.96953908,0.96322248,0.95565632,0.94631488,0.93509752,0.92131828,0.90473292,0.88312468,0.85162992,0.81416456,0.77866936,0.74290736,0.70642068,0.66865216,0.6264738,0.5850358,0.54337104,0.4976082,0.44426824,0.40165164,0.3707678,0.34628744,0.32517696,0.30555156,0.28606864,0.26576248,0.24298156,0.21212352,0.16898004,0.12574064,0.08563876,0.05881876,0.04062888,0.02819236,0.01964008,0.01373248,0.0096376,0.00678556,0.00479704,0.00340452,0.00242712,0.00173752,0.00124784,0.00090076,0.00065088,0.00047436,0.00034628,0.00025336,0.00018564,0.00013132,8.904e-05,5.584e-05,3.008e-05,1.788e-05,1.024e-05,3.04e-06,0.0,0.0
0.6,1/0.6,90.0,0.0005,0.5,0.99999256,0.99999116,0.9999896,0.99998816,0.999986,0.9999834,0.99997972,0.9999752,0.99997052,0.99996488,0.99995788,0.99994876,0.99993716,0.99992392,0.99990732,0.99988764,0.99986584,0.999839,0.99980516,0.99976368,0.99971728,0.99966216,0.99959384,0.99950928,0.9994096,0.99929048,0.99914784,0.99897276,0.99875832,0.99849544,0.9981904,0.99781796,0.99736716,0.99683632,0.9961792,0.99539148,0.9944414,0.99329584,0.99192872,0.99026928,0.9882806,0.9858408,0.98289312,0.97938476,0.97515264,0.9699178,0.96356928,0.95567748,0.94566816,0.93283416,0.91659564,0.8951616,0.86454412,0.83021276,0.78493156,0.73197608,0.68042636,0.6234068,0.5510094,0.43854624,0.36856076,0.32241532,0.28922024,0.26342268,0.24195396,0.22300272,0.20537368,0.18828312,0.17110736,0.153211,0.13369828,0.10970964,0.08359528,0.05802124,0.03996292,0.02763628,0.01917568,0.0133468,0.00932012,0.00652892,0.00458756,0.00323636,0.00229152,0.00162724,0.00116096,0.000829,0.00058996,0.00042444,0.00030148,0.0002084,0.0001404,8.956e-05,4.772e-05,2.264e-05,1.088e-05,3.6e-06,1.2e-07,0.0,0.0,0.0
0.6,1/0.6,135.0,0.0005,0.5,0.99998904,0.99998684,0.99998444,0.99998124,0.99997644,0.99997236,0.99996584,0.99995816,0.99994852,0.99993616,0.99992372,0.99990784,0.99988828,0.99986684,0.99984036,0.99980832,0.99976932,0.99971996,0.99966172,0.999592,0.99950836,0.9994094,0.99928944,0.99914524,0.99897152,0.99875924,0.99850824,0.99820364,0.99783244,0.99738368,0.99685868,0.99622312,0.99546844,0.99456892,0.99347916,0.99215752,0.99056536,0.98862384,0.98631272,0.98353368,0.98019344,0.97608136,0.97111164,0.96520604,0.95795564,0.94921992,0.93859752,0.92561804,0.90968124,0.89132084,0.87040008,0.84649372,0.81918448,0.7877816,0.751649,0.70624876,0.6546446,0.6051806,0.55689756,0.5070962,0.44900016,0.40291488,0.37011088,0.34472724,0.3232416,0.3035044,0.28401896,0.263543,0.24051064,0.20866532,0.1658278,0.12332232,0.08356036,0.05702984,0.03909364,0.02688728,0.01855172,0.0128402,0.00890612,0.0061874,0.00430516,0.00300408,0.00210364,0.00147684,0.001039,0.00073188,0.00051608,0.00036248,0.00025424,0.00017496,0.00012164,8.332e-05,5.688e-05,3.784e-05,2.024e-05,1.156e-05,5.04e-06,8.8e-07,2.4e-07,0.0
0.6,1/0.6,180.0,0.0005,0.5,0.99999016,0.99998888,0.99998728,0.99998512,0.9999816,0.99997744,0.9999732,0.99996664,0.99995936,0.99995224,0.99994112,0.99992856,0.99991392,0.99989592,0.99987232,0.99984816,0.9998204,0.99978264,0.99973712,0.99968576,0.99962384,0.99954896,0.99945832,0.99934784,0.99921208,0.99905192,0.9988584,0.99863472,0.99835104,0.99801384,0.99762336,0.99715616,0.99659112,0.99592088,0.99510824,0.99412432,0.99294128,0.99150112,0.98980144,0.98771776,0.98519288,0.98213248,0.97839424,0.9739072,0.96847496,0.96198272,0.95450048,0.94605896,0.9360844,0.92247936,0.9035052,0.88075272,0.85246376,0.8155556,0.76310752,0.71061576,0.65881504,0.6045256,0.53848992,0.42930088,0.3600908,0.31467224,0.28221256,0.257104,0.2363092,0.217958,0.2008952,0.18428136,0.16748912,0.14986056,0.13048808,0.10618928,0.08136232,0.05682848,0.0388686,0.02666616,0.01833136,0.01262268,0.00870012,0.00600336,0.00414712,0.00287384,0.0019924,0.00138376,0.00096328,0.0006684,0.0004668,0.00033248,0.00024104,0.00016456,0.00012152,9.064e-05,6.896e-05,5.04e-05,3.608e-05,2.328e-05,1.064e-05,8e-08,0.0,0.0
0.6,1/0.2,0.0,0.0005,0.5,0.99999008,0.99998792,0.999986,0.99998352,0.99998056,0.9999768,0.99997328,0.9999684,0.99996152,0.99995416,0.99994632,0.99993424,0.99992088,0.99990504,0.99988384,0.99985944,0.99982904,0.99979432,0.99975352,0.9997004,0.9996352,0.99956136,0.99947568,0.99937064,0.9992492,0.999096,0.9989036,0.99868024,0.99841856,0.99807104,0.99767368,0.99719744,0.996616,0.99592488,0.99511096,0.99411056,0.99287552,0.99137032,0.9895908,0.98751144,0.98496,0.98184072,0.97810968,0.97366008,0.96814952,0.96146696,0.95321048,0.9437488,0.93415272,0.92176688,0.90344152,0.88083392,0.8516516,0.8102884,0.76124328,0.70573224,0.6364928,0.54907752,0.46586352,0.38354192,0.29435508,0.20293756,0.1390672,0.09549268,0.06566228,0.04520816,0.03115952,0.02149508,0.01483768,0.01024952,0.00708548,0.00489448,0.00336616,0.00229464,0.00162144,0.00116784,0.00085816,0.0006388,0.00047944,0.00035976,0.00025944,0.00018104,0.00013576,9.928e-05,6.912e-05,4.544e-05,2.792e-05,1.512e-05,7.84e-06,3.36e-06,1.12e-06,0.0,0.0,0.0,0.0,0.0,0.0,0.0,0.0,0.0
0.6,1/0.2,45.0,0.0005,0.5,0.9999864,0.99998388,0.99998028,0.99997628,0.99997108,0.99996488,0.9999576,0.99994976,0.99993932,0.99992652,0.99991196,0.99989192,0.999868,0.99984088,0.99981036,0.99977172,0.99972292,0.99967068,0.99960204,0.99952176,0.99942424,0.99930508,0.99916536,0.99899348,0.99878844,0.99853888,0.99824876,0.99789816,0.99747464,0.99696452,0.99636296,0.99562308,0.9947306,0.9936494,0.99234836,0.99080144,0.98894964,0.9866982,0.98397376,0.98065016,0.97670292,0.97194012,0.96616364,0.95906536,0.95051048,0.94004884,0.9272504,0.91132004,0.89126188,0.86609516,0.83874112,0.80998288,0.78006396,0.7485692,0.71554164,0.6802816,0.64309204,0.6022978,0.53541532,0.4265988,0.29470292,0.20160008,0.13839696,0.09531224,0.06581364,0.0455446,0.03159308,0.02197028,0.01531912,0.0107182,0.00752732,0.005312,0.0037674,0.00268696,0.00193096,0.001398,0.00101608,0.0007464,0.0005518,0.00040532,0.0002984,0.0002266,0.00017432,0.00013372,9.456e-05,6.892e-05,4.828e-05,3.18e-05,1.652e-05,5.96e-06,1.96e-06,8e-08,0.0,0.0,0.0,0.0,0.0,0.0,0.0,0.0
0.6,1/0.2,90.0,0.0005,0.5,0.99999424,0.99999284,0.99999172,0.99998988,0.99998696,0.99998396,0.99997996,0.99997668,0.999972,0.99996696,0.99996052,0.99995252,0.9999426,0.99993012,0.99991492,0.99989896,0.99987876,0.9998542,0.9998244,0.9997884,0.9997462,0.99969608,0.99963196,0.99955512,0.99946372,0.99935612,0.99922556,0.99906856,0.99887904,0.99865316,0.9983808,0.99805284,0.99765644,0.99717036,0.99658664,0.99587188,0.99501872,0.99400328,0.99275456,0.99126216,0.98949296,0.98728344,0.9846468,0.98139568,0.97748624,0.97270964,0.966678,0.95903372,0.94965108,0.93802476,0.91822604,0.88042392,0.85030404,0.8118756,0.76526528,0.7118414,0.64375984,0.5567428,0.47326308,0.3890248,0.2952744,0.20482316,0.1408638,0.09715224,0.0671556,0.04652984,0.03229848,0.0224662,0.01565508,0.01092508,0.00763496,0.0053272,0.00372688,0.00262788,0.00186316,0.00133136,0.0009566,0.00069512,0.00051552,0.00038516,0.00029376,0.00022632,0.00017676,0.00013416,9.94e-05,7.164e-05,4.488e-05,2.18e-05,9.96e-06,3.68e-06,1e-06,0.0,0.0,0.0,0.0,0.0,0.0,0.0,0.0,0.0
0.6,1/0.2,135.0,0.0005,0.5,0.99998816,0.99998548,0.99998284,0.99997944,0.99997528,0.99997024,0.9999644,0.99995704,0.99994772,0.99993656,0.99992332,0.99990716,0.999889,0.99986472,0.99983628,0.99980252,0.99976172,0.99971312,0.99965336,0.99958376,0.99949968,0.9993996,0.99927676,0.99912516,0.99894832,0.99873276,0.99847196,0.9981642,0.99779188,0.99733468,0.99678552,0.99611608,0.99530504,0.99431896,0.9931348,0.99172084,0.99003444,0.98799848,0.98553364,0.98256504,0.97905452,0.97473988,0.96944116,0.96308036,0.95541796,0.94589444,0.93427304,0.91963424,0.90115884,0.8775376,0.85111296,0.82293016,0.79297644,0.76056192,0.72516572,0.68559816,0.64284476,0.59478908,0.52813752,0.4260544,0.29503216,0.20089296,0.13752596,0.094464,0.06504988,0.04488244,0.0310284,0.0214848,0.01491112,0.0103662,0.0072224,0.00504116,0.00352572,0.00246024,0.00172984,0.00122852,0.00087652,0.00063048,0.00045352,0.00033068,0.0002438,0.000179,0.00012924,9.524e-05,7.032e-05,4.852e-05,2.824e-05,1.404e-05,6.6e-06,2.96e-06,1.04e-06,4e-07,2.4e-07,4e-08,0.0,0.0,0.0,0.0,0.0,0.0
0.6,1/0.2,180.0,0.0005,0.5,0.99999152,0.99999,0.99998712,0.99998424,0.99998144,0.999978,0.99997408,0.9999684,0.99995968,0.99995168,0.99994272,0.99993016,0.99991688,0.99989864,0.99987704,0.99985328,0.99982392,0.9997872,0.99974704,0.99969272,0.99963296,0.99955744,0.99946792,0.9993548,0.9992264,0.9990708,0.9988788,0.99865136,0.99838184,0.99805464,0.99765592,0.99719104,0.9966316,0.99596264,0.99514816,0.99414688,0.99294168,0.99150288,0.9897932,0.98773768,0.98527544,0.98224528,0.97853832,0.97412976,0.96885824,0.9623892,0.95433896,0.9445656,0.93269808,0.92125896,0.90557048,0.88267208,0.85419328,0.81458112,0.76674712,0.71260064,0.64465144,0.55710208,0.47361632,0.38943636,0.29382516,0.20249656,0.13874428,0.09525476,0.06548764,0.04507424,0.03106308,0.02142144,0.01479064,0.01022828,0.0070844,0.00491912,0.0034248,0.002392,0.00167456,0.00117696,0.00084888,0.00061672,0.000428,0.00030152,0.00021144,0.0001552,0.00011464,8.048e-05,5.208e-05,3.48e-05,2.24e-05,1.328e-05,8e-06,3.36e-06,1.36e-06,6.4e-07,1.6e-07,0.0,0.0,0.0,0.0,0.0,0.0,0.0
1.0,0.2,0.0,0.0005,0.5,0.99999224,0.99999088,0.99998936,0.99998648,0.99998328,0.99997976,0.99997568,0.99997096,0.99996464,0.99995632,0.99994896,0.99993648,0.99992312,0.99990856,0.99989008,0.99986768,0.99984032,0.9998088,0.9997664,0.99971744,0.99965592,0.999584,0.99950208,0.99939892,0.999277,0.99913428,0.99895336,0.99873392,0.99846768,0.99815244,0.997773,0.99731352,0.99676944,0.99610504,0.99528348,0.99430956,0.99313872,0.99172752,0.99003432,0.98797304,0.98545864,0.98241168,0.97866996,0.9741572,0.96873792,0.962183,0.95455464,0.94579884,0.93572108,0.92313316,0.90563144,0.88403244,0.85743568,0.82349012,0.77826492,0.7141914,0.63118184,0.545946,0.46232784,0.36552156,0.26817088,0.19063876,0.13793396,0.10208948,0.07744928,0.05842248,0.044425,0.03512976,0.0283574,0.02327624,0.01937124,0.01621996,0.01362216,0.01146656,0.00940248,0.00707732,0.00508832,0.00373392,0.0029052,0.00232992,0.0018868,0.00153056,0.00121656,0.00093036,0.00065344,0.00044544,0.00026632,0.00014864,7.4e-05,3.144e-05,8.4e-06,0.0,0.0,0.0,0.0,0.0,0.0,0.0,0.0,0.0
1.0,0.2,45.0,0.0005,0.5,0.99998784,0.99998524,0.99998216,0.9999782,0.99997428,0.99996932,0.9999636,0.99995596,0.99994744,0.9999362,0.99992296,0.99990784,0.99988904,0.99986796,0.99984212,0.99981028,0.99977008,0.99972108,0.9996672,0.9995974,0.99951512,0.99941644,0.99930104,0.99915888,0.998986,0.998779,0.99853332,0.99823492,0.99786424,0.99742452,0.9968992,0.9962532,0.99548256,0.99454608,0.99340212,0.99200764,0.9902872,0.98813712,0.98549692,0.98219216,0.97808808,0.9730948,0.967089,0.95984876,0.95114684,0.94066956,0.9276598,0.91184228,0.89255376,0.87137076,0.84803116,0.82344836,0.79727756,0.76921012,0.7398828,0.70908532,0.67587552,0.63959616,0.59472828,0.49147768,0.36728604,0.2696416,0.19875684,0.1518316,0.11792304,0.0930194,0.07622984,0.0642364,0.0538936,0.04539516,0.03857432,0.03304988,0.02849832,0.02467984,0.02141396,0.01850284,0.01592652,0.01365408,0.01157268,0.0096838,0.00819792,0.006892,0.00574792,0.0047414,0.00384364,0.00304704,0.0023412,0.00173248,0.00129256,0.00097676,0.00072188,0.00048228,0.00025356,8.744e-05,2.068e-05,4e-07,0.0,0.0,0.0,0.0
1.0,0.2,90.0,0.0005,0.5,0.99999588,0.9999948,0.9999936,0.99999256,0.999991,0.99998908,0.99998672,0.99998384,0.99998004,0.99997628,0.99997128,0.99996496,0.99995828,0.9999496,0.99993776,0.9999252,0.9999098,0.99989308,0.99987072,0.99984608,0.9998146,0.9997762,0.99973056,0.9996734,0.99960628,0.9995242,0.99942824,0.99931712,0.9991754,0.99900868,0.99880232,0.99856376,0.99828,0.99793192,0.99750692,0.99700188,0.99637992,0.99563984,0.99473868,0.99367428,0.9923656,0.99078836,0.98888044,0.98658208,0.9837968,0.9804288,0.97631972,0.97136104,0.96537424,0.95813196,0.94941312,0.93864696,0.92504192,0.90680524,0.87462,0.8216896,0.73632232,0.64518412,0.55589828,0.46597284,0.3639746,0.26675116,0.19730192,0.14932968,0.11378336,0.09092772,0.07751248,0.06508172,0.05455476,0.04604824,0.0392368,0.0337072,0.029136,0.0252752,0.02191308,0.01888628,0.01614916,0.01372792,0.01168204,0.00994312,0.00844916,0.00713124,0.0059588,0.00493072,0.00400332,0.00319808,0.002478,0.00181612,0.00138108,0.00104444,0.00077932,0.0005416,0.00032964,0.00019096,9.856e-05,1.612e-05,1.2e-07,0.0,0.0,0.0
1.0,0.2,135.0,0.0005,0.5,0.99998332,0.9999794,0.99997508,0.99997032,0.9999646,0.99995704,0.99994884,0.99993896,0.9999262,0.99990952,0.99989096,0.99986904,0.99984284,0.99981024,0.999771,0.99972376,0.999668,0.99960016,0.9995158,0.99942036,0.99930424,0.99916284,0.99899544,0.9987908,0.99854032,0.99824084,0.99788288,0.99745068,0.99693188,0.99630588,0.99554676,0.99463368,0.99353376,0.9922022,0.99060416,0.98867052,0.98636136,0.98356196,0.98018468,0.97607456,0.97110972,0.96515096,0.95792896,0.9491204,0.93842492,0.92513156,0.90862108,0.88916088,0.86651024,0.84029464,0.80865968,0.77865124,0.75806176,0.73623984,0.71124912,0.68404268,0.65345972,0.61851272,0.57359136,0.45929876,0.32885528,0.23824036,0.17730856,0.13363488,0.10168716,0.0788696,0.06354564,0.05186556,0.04243624,0.03508752,0.0292996,0.02462896,0.02084856,0.01766776,0.01502968,0.01272584,0.01070396,0.00886212,0.00730028,0.00603972,0.00495104,0.0039844,0.00314936,0.00244908,0.00187624,0.00135884,0.00102452,0.00076972,0.00054912,0.00038328,0.00026024,0.00014688,4.16e-05,1.84e-06,4e-08,0.0,0.0,0.0,0.0,0.0
1.0,0.2,180.0,0.0005,0.5,0.99998992,0.99998792,0.99998536,0.99998184,0.99997848,0.99997464,0.99997,0.9999628,0.99995592,0.99994672,0.99993688,0.99992312,0.99990744,0.99988816,0.99986576,0.9998368,0.99980192,0.99976152,0.99971112,0.9996556,0.99958592,0.99950344,0.99940136,0.99928496,0.99914208,0.99896912,0.99875824,0.998504,0.99820088,0.99782728,0.9973872,0.99686528,0.99622688,0.99546888,0.99454168,0.99343288,0.99207608,0.99043864,0.98847992,0.98614064,0.98335672,0.9800328,0.9761544,0.97175912,0.96675032,0.9610484,0.95433056,0.94586464,0.93456536,0.92033784,0.90333616,0.88308,0.85728952,0.82308712,0.77605368,0.70850976,0.62287276,0.537086,0.45227512,0.36065916,0.28321584,0.21507336,0.16191476,0.12243536,0.09075388,0.06431976,0.04844792,0.03720344,0.0288544,0.02246984,0.01744696,0.01376468,0.0108688,0.00860592,0.00663364,0.00499112,0.00378892,0.00286376,0.00221668,0.0017292,0.00134584,0.0010224,0.00072344,0.00045864,0.00025848,0.0001328,7.688e-05,4.248e-05,2.136e-05,8.08e-06,1.92e-06,7.2e-07,3.2e-07,0.0,0.0,0.0,0.0,0.0,0.0,0.0
1.0,0.6,0.0,0.0005,0.5,0.99999088,0.99998864,0.9999868,0.9999824,0.9999792,0.9999752,0.99996976,0.99996288,0.99995536,0.99994504,0.99993512,0.99992232,0.99990768,0.99988728,0.99986112,0.99983272,0.99980008,0.99975544,0.99970424,0.9996436,0.99957072,0.99948288,0.99938056,0.99925768,0.9991112,0.99892736,0.99870824,0.99844392,0.99812712,0.99773912,0.99726704,0.99670672,0.99602728,0.99521392,0.99422584,0.99306008,0.99164432,0.98994136,0.98787512,0.98538136,0.98236192,0.97868968,0.974256,0.96889832,0.9624024,0.95462536,0.94513264,0.9337372,0.9195108,0.90121328,0.87642472,0.84486248,0.81264304,0.78196992,0.75066304,0.71907936,0.6849872,0.6449676,0.60418992,0.55838648,0.48506696,0.39539008,0.33476848,0.29356992,0.26249076,0.23689372,0.2004164,0.17079756,0.14997508,0.13001056,0.10739112,0.09117672,0.07968352,0.06380056,0.050776,0.04187444,0.03509464,0.02975328,0.0254204,0.02180668,0.01863248,0.01587604,0.01334728,0.01091944,0.00899224,0.0076164,0.00637368,0.005338,0.00451096,0.00381952,0.00320592,0.00261128,0.00200176,0.00149872,0.00107968,0.00067064,0.0001844,0.0,0.0,0.0
1.0,0.6,45.0,0.0005,0.5,0.99999412,0.99999312,0.999992,0.99999056,0.99998888,0.99998692,0.99998444,0.99998116,0.99997676,0.99997132,0.99996604,0.9999582,0.99994996,0.99994096,0.99992812,0.99991288,0.99989564,0.99987364,0.99984592,0.99981364,0.99977524,0.99972892,0.99967452,0.99961204,0.99953756,0.99944392,0.99932532,0.99918464,0.99901772,0.99881524,0.99857264,0.99828312,0.99792796,0.9975068,0.9969918,0.99637144,0.99563048,0.99474048,0.99366248,0.99236228,0.9908064,0.9889516,0.98670268,0.98403008,0.98081132,0.97693952,0.972285,0.96671404,0.9596074,0.94938716,0.931274,0.90658364,0.87608052,0.83829368,0.79919276,0.76188896,0.72783884,0.6942616,0.6591666,0.62201656,0.5806494,0.5287652,0.49913396,0.47274164,0.4437546,0.413526,0.38168652,0.35031184,0.31644112,0.26922704,0.22796456,0.19029404,0.14587344,0.1099446,0.08571524,0.06865092,0.0561608,0.04702916,0.04013384,0.0346378,0.02982856,0.0256782,0.02213208,0.01899564,0.01623624,0.013889,0.01185376,0.0100656,0.00855716,0.00720956,0.0059882,0.00490612,0.00377256,0.00286132,0.00223368,0.0017116,0.00125148,0.000854,0.00071544,0.00059108
1.0,0.6,90.0,0.0005,0.5,0.99999408,0.99999228,0.99999036,0.99998812,0.99998604,0.99998256,0.99997832,0.99997444,0.99996968,0.9999638,0.9999564,0.99994776,0.99993716,0.99992324,0.99990548,0.99988636,0.99986244,0.99983324,0.999799,0.99976056,0.99971096,0.9996554,0.9995858,0.99950092,0.9993988,0.99927544,0.99912848,0.99894788,0.99873184,0.99847104,0.99815856,0.9977818,0.99732556,0.99677632,0.99610868,0.99530264,0.99433692,0.99315376,0.99174952,0.99002396,0.9879636,0.98544916,0.98237412,0.97863764,0.97410488,0.96848708,0.9615008,0.95278748,0.94168796,0.92757696,0.91019556,0.8915668,0.8710062,0.84715784,0.81970636,0.78989492,0.75863928,0.72529568,0.68779928,0.63584776,0.53073336,0.4589812,0.40870096,0.37084284,0.33819152,0.30904748,0.28347796,0.25823124,0.23282388,0.2076584,0.18147604,0.15140024,0.12384952,0.09589596,0.07219676,0.05547884,0.04411468,0.03632196,0.03013356,0.0248942,0.02073668,0.01733476,0.01452044,0.0120434,0.00991168,0.00830788,0.00693136,0.00574476,0.00467888,0.00375164,0.0028584,0.00214952,0.0016584,0.00126668,0.00092564,0.00064964,0.00050652,0.00039276,0.00028112,0.000168
1.0,0.6,135.0,0.0005,0.5,0.99999072,0.9999888,0.99998712,0.9999844,0.99998136,0.99997756,0.99997272,0.99996676,0.99996036,0.99995176,0.99994264,0.99993032,0.99991664,0.99989836,0.9998784,0.99985488,0.99982352,0.99978912,0.99974376,0.99969132,0.9996302,0.9995516,0.9994602,0.99934652,0.99921492,0.99905592,0.99886484,0.99862988,0.99834964,0.99801352,0.99760992,0.99711912,0.99651876,0.99581004,0.99494584,0.9939102,0.9926594,0.99117248,0.9893918,0.98723288,0.98465612,0.9815184,0.97770528,0.9731476,0.96762432,0.96097324,0.95284476,0.94299192,0.93094808,0.91622956,0.89792352,0.87494688,0.84790312,0.8176002,0.78217596,0.74497328,0.70666124,0.6658196,0.61774148,0.57276084,0.53463048,0.49203956,0.45890256,0.42858176,0.39576412,0.36769412,0.33999028,0.31212872,0.2813386,0.23694016,0.1974318,0.16114652,0.11727164,0.08355512,0.06105404,0.04551496,0.03437828,0.0263048,0.02053332,0.01619616,0.01277196,0.00997412,0.00786664,0.00620612,0.0048918,0.0038288,0.00297184,0.00228404,0.00169972,0.00129936,0.0009826,0.00072808,0.000542,0.00040916,0.00027912,0.00014148,3.336e-05,1.688e-05,3.28e-06,5.6e-07
1.0,0.6,180.0,0.0005,0.5,0.99999144,0.99998952,0.99998704,0.999984,0.9999812,0.99997768,0.999972,0.99996688,0.99996112,0.99995256,0.99994408,0.99993296,0.99991848,0.9999024,0.99988304,0.99985632,0.99982616,0.99978712,0.9997468,0.999698,0.99963856,0.99956488,0.9994712,0.99935992,0.99923576,0.99908168,0.99889416,0.99866888,0.99839832,0.99807328,0.99769296,0.99721536,0.99663904,0.99593744,0.99510104,0.99408096,0.99285024,0.99135576,0.98957944,0.98744832,0.98487928,0.98174504,0.9779528,0.9734116,0.96787376,0.9610136,0.95251664,0.94177584,0.92845608,0.9119884,0.89165912,0.86572984,0.83080616,0.79034256,0.74839616,0.70832416,0.66771528,0.62487744,0.5766044,0.511596,0.39818168,0.33000888,0.28804632,0.259192,0.23590728,0.21614264,0.195914,0.17297488,0.16387784,0.15491544,0.14582928,0.1362238,0.12189628,0.0975224,0.06882408,0.05107912,0.03773292,0.02765916,0.01999144,0.01417592,0.01018776,0.00734352,0.00531276,0.00385284,0.00275168,0.0019,0.00125796,0.00080712,0.0005344,0.0003668,0.00025384,0.0001776,0.00012456,8.848e-05,6.288e-05,4.296e-05,2.664e-05,1.288e-05,0.0,0.0
1.0,1.0,0.0,0.0005,0.5,0.99999896,0.99999856,0.99999832,0.999998,0.9999976,0.99999712,0.9999964,0.99999568,0.99999472,0.99999408,0.99999296,0.99999156,0.99998968,0.9999868,0.9999832,0.99997972,0.999977,0.99997256,0.99996584,0.99995832,0.9999504,0.99993936,0.99992688,0.99991052,0.99989132,0.99986872,0.99984144,0.99980772,0.99976936,0.999721,0.99966544,0.99959968,0.99951732,0.99941536,0.99929792,0.99915228,0.9989784,0.99877348,0.9985228,0.99822336,0.99785976,0.99743824,0.99690544,0.99626972,0.99548608,0.99453136,0.99339368,0.99204464,0.99038304,0.98837728,0.98599044,0.983086,0.97960612,0.97540672,0.97035876,0.96422284,0.95678588,0.9477412,0.93666636,0.9230648,0.90609088,0.8851904,0.85935712,0.82933296,0.77725332,0.712895,0.63692516,0.55997624,0.50135652,0.44947844,0.39829708,0.35452796,0.31546364,0.28016332,0.2479464,0.21788608,0.18814144,0.16996072,0.15521684,0.14092212,0.12771464,0.11663268,0.10683232,0.0980242,0.08895728,0.07910952,0.06994672,0.06137888,0.05412856,0.04776352,0.04204656,0.03639736,0.031718,0.02729496,0.02296208,0.0190228,0.01534224,0.01199416,0.00602384,0.00356248
1.0,1.0,45.0,0.0005,0.5,0.99999416,0.99999344,0.99999216,0.9999906,0.99998868,0.99998736,0.99998472,0.99998112,0.99997676,0.99997268,0.99996724,0.99996072,0.999953,0.99994316,0.99993036,0.99991632,0.99989896,0.9998794,0.99985508,0.99982316,0.99978604,0.99974372,0.99969408,0.9996324,0.99955792,0.99946808,0.999354,0.99922432,0.99906792,0.99888044,0.99865312,0.99838024,0.99804764,0.99764844,0.9971676,0.99658548,0.99589184,0.9950672,0.9940482,0.9928326,0.99135776,0.98958372,0.98743836,0.98485136,0.98169876,0.9779628,0.97355464,0.96821392,0.96201252,0.95527432,0.94775668,0.9388132,0.92769684,0.91401432,0.89859164,0.88169,0.86314304,0.8431382,0.82148416,0.79818,0.77306084,0.74493852,0.71622216,0.68763676,0.65888228,0.63066932,0.60316668,0.5765246,0.55135408,0.52653852,0.5029216,0.47660996,0.44809796,0.4194822,0.39172308,0.36483152,0.337997,0.30919568,0.28125052,0.2539792,0.22662004,0.19905796,0.17367004,0.15072456,0.13112376,0.11405004,0.099423,0.08709528,0.0766436,0.06770604,0.05821796,0.04962512,0.04173084,0.0339238,0.02592608,0.01470832,0.00825912,0.0062468,0.00487976,0.00380108
1.0,1.0,90.0,0.0005,0.5,0.99999928,0.99999916,0.999999,0.9999988,0.9999986,0.99999824,0.99999788,0.9999974,0.99999672,0.99999608,0.99999528,0.99999444,0.999993,0.99999144,0.99998956,0.99998764,0.99998472,0.99998108,0.9999768,0.99997188,0.99996664,0.99995916,0.999951,0.9999416,0.99993036,0.99991752,0.99990124,0.99987956,0.99985652,0.9998268,0.99979204,0.99974904,0.9997006,0.99963684,0.99956036,0.99946984,0.99936132,0.99923764,0.99908648,0.99889788,0.99867308,0.9984044,0.99807564,0.99767956,0.99720856,0.99663132,0.99594356,0.99511152,0.99410456,0.99289804,0.99143488,0.98966512,0.98752736,0.98491752,0.98175688,0.97789176,0.97316208,0.96731996,0.95997668,0.94812208,0.92689316,0.8975018,0.85813448,0.80747576,0.74850296,0.68472212,0.62417504,0.56944468,0.52035932,0.47535928,0.43346564,0.39500632,0.36060964,0.32939188,0.30101288,0.27524416,0.25124752,0.22683564,0.2042696,0.18314508,0.16363216,0.14569328,0.12920504,0.1140176,0.09929068,0.08528892,0.07353892,0.06352392,0.05557732,0.05019376,0.04540912,0.04071952,0.03540848,0.0289386,0.02170764,0.0108568,0.00572992,0.00457664,0.00355576,0.00262716
1.0,1.0,135.0,0.0005,0.5,0.99999628,0.99999532,0.9999944,0.99999332,0.99999168,0.99998944,0.99998736,0.99998508,0.99998116,0.99997732,0.99997304,0.99996736,0.99996044,0.99995252,0.99994276,0.9999314,0.99991776,0.99990096,0.99987868,0.999854,0.9998256,0.9997896,0.99974884,0.99969568,0.99963484,0.99955864,0.99946788,0.99935944,0.99923452,0.99908116,0.99889152,0.99866164,0.99839,0.99805548,0.99764872,0.997167,0.99659692,0.99590052,0.99506368,0.99404328,0.99281924,0.99134448,0.9895792,0.98743176,0.9848244,0.98169512,0.97790676,0.97337572,0.9678318,0.9610544,0.95275376,0.94255356,0.93065008,0.91722896,0.90222372,0.88556508,0.86725592,0.84739288,0.82593496,0.80304548,0.77878588,0.75340444,0.72685984,0.69930172,0.67076944,0.64134012,0.61270908,0.58877368,0.5652672,0.53902972,0.50837116,0.47524048,0.44273496,0.41031168,0.37913972,0.34985264,0.32141668,0.29293828,0.2647998,0.23720072,0.21022044,0.18314712,0.15834288,0.13605208,0.1176664,0.1019296,0.08872156,0.07757604,0.06816748,0.06014956,0.05169448,0.04412048,0.03712576,0.03035516,0.02324268,0.0117852,0.0060094,0.0046584,0.00359364,0.0026608
1.0,1.0,180.0,0.0005,0.5,0.99999792,0.99999736,0.99999672,0.99999592,0.9999952,0.99999456,0.99999368,0.99999264,0.99999136,0.9999896,0.99998692,0.9999842,0.99998048,0.99997648,0.99997248,0.99996624,0.99996032,0.99995152,0.99994072,0.99992864,0.99991528,0.99989976,0.99987928,0.99985376,0.99982296,0.99978912,0.99974424,0.99968888,0.99962672,0.99955232,0.99945912,0.99934136,0.99920704,0.99905136,0.99886336,0.9986352,0.9983548,0.9980088,0.99759536,0.99710912,0.99652808,0.99581064,0.9949436,0.9938888,0.99260136,0.99107368,0.98924892,0.98704464,0.98439736,0.98119024,0.9772712,0.9726064,0.9669032,0.96010848,0.95228208,0.94279568,0.93075632,0.9157624,0.89825672,0.87783712,0.8532116,0.8232124,0.7862104,0.74020064,0.68717872,0.63035632,0.57553584,0.52485536,0.47819184,0.43548152,0.3949416,0.3580232,0.32539048,0.29606448,0.26933512,0.24459192,0.22107288,0.19837792,0.17567348,0.16129392,0.14957552,0.13905164,0.12937796,0.11996536,0.10975832,0.09794748,0.08617892,0.07412244,0.06329136,0.05370252,0.04487804,0.03723512,0.03173912,0.02666368,0.02087292,0.01195508,0.0068168,0.00560248,0.00450956,0.00351704
1.0,1/0.6,0.0,0.0005,0.5,0.99999024,0.9999888,0.99998536,0.99998184,0.9999784,0.99997464,0.99996896,0.99996168,0.99995504,0.99994736,0.99993804,0.99992348,0.99990756,0.99989008,0.9998698,0.99984328,0.9998096,0.99977156,0.99972344,0.99966732,0.9995992,0.99952064,0.99942552,0.99930696,0.99916828,0.99899968,0.99879812,0.99856208,0.99826072,0.99790768,0.99747452,0.9969694,0.9963542,0.9956168,0.9947308,0.99365204,0.99237444,0.99082808,0.98892944,0.98666092,0.98395636,0.9807034,0.9767898,0.97213016,0.96656856,0.9598666,0.95209828,0.94294536,0.9314338,0.91691092,0.89947696,0.87933572,0.85509284,0.82524572,0.78619676,0.73120152,0.64651824,0.51118064,0.4201348,0.36149884,0.3202984,0.29030536,0.26349408,0.23860608,0.2149466,0.19225656,0.17149348,0.15358816,0.13788888,0.12193248,0.10028016,0.07970504,0.06824404,0.05962196,0.05151604,0.04423028,0.03797084,0.03272496,0.02833292,0.02454528,0.0213948,0.018741,0.01646052,0.01440436,0.01214992,0.01016648,0.00852048,0.006866,0.00549584,0.00436648,0.00349176,0.00268568,0.00194504,0.00130592,0.0008044,0.00044152,0.00010944,0.0,0.0,0.0
1.0,1/0.6,45.0,0.0005,0.5,0.999986,0.99998308,0.9999788,0.99997428,0.99996896,0.99996248,0.99995436,0.99994588,0.99993472,0.9999212,0.99990544,0.99988544,0.99986244,0.99983348,0.9997988,0.99975804,0.99970736,0.99964668,0.99957464,0.99948892,0.99938484,0.99926128,0.9991156,0.99893456,0.99871016,0.9984502,0.99812884,0.99774496,0.99727964,0.9967204,0.99605704,0.995257,0.99428924,0.99313628,0.99175096,0.99010072,0.9881362,0.98579324,0.98298296,0.97964176,0.97567,0.97105056,0.96573816,0.95979992,0.95287084,0.94471624,0.93513736,0.92341612,0.90985708,0.89432732,0.87666792,0.8569736,0.8349798,0.81051876,0.78306892,0.752357,0.71722984,0.67446172,0.6248324,0.58203736,0.5524978,0.52616112,0.49894896,0.47003508,0.44108608,0.41245528,0.3815824,0.35034472,0.31874928,0.27962744,0.23108456,0.18252948,0.13632412,0.10459136,0.08225956,0.0661082,0.05419036,0.04533216,0.039237,0.03388916,0.02928384,0.02538484,0.02200932,0.01893764,0.01624952,0.0140564,0.01212004,0.01028816,0.00860404,0.00720372,0.0059382,0.0048124,0.00369336,0.0028438,0.00224004,0.0017154,0.00124568,0.00085936,0.00068388,0.00054244
1.0,1/0.6,90.0,0.0005,0.5,0.99999508,0.99999412,0.99999296,0.9999918,0.9999898,0.99998784,0.99998536,0.99998172,0.99997848,0.99997424,0.999969,0.99996248,0.99995472,0.99994552,0.9999348,0.9999226,0.99990756,0.99988828,0.99986568,0.99983692,0.99980448,0.99976544,0.99971948,0.9996606,0.9995922,0.999506,0.9994058,0.99928628,0.99913772,0.998961,0.9987444,0.99849204,0.99818096,0.99780156,0.99734576,0.99680552,0.99615668,0.99536404,0.99442448,0.99328552,0.99190192,0.99025072,0.98825376,0.98582568,0.98291424,0.97937388,0.97511844,0.9699318,0.96364608,0.95592312,0.94641508,0.93447952,0.91912948,0.89823264,0.86877652,0.82766828,0.78253688,0.71597296,0.61681428,0.54257996,0.48576008,0.43972764,0.39935348,0.36219176,0.33123476,0.30648792,0.28147704,0.2567612,0.23184632,0.2072292,0.18167324,0.15202404,0.12177632,0.09201976,0.06953352,0.05413692,0.04389032,0.03643228,0.030032,0.02496112,0.02084648,0.0174652,0.01473336,0.01245796,0.01050776,0.00867812,0.007073,0.00580324,0.00471204,0.00376476,0.00286072,0.00218064,0.00168804,0.00128696,0.00092708,0.00061736,0.00049664,0.000384,0.00027292,0.00015844
1.0,1/0.6,135.0,0.0005,0.5,0.99998704,0.99998396,0.99998048,0.9999772,0.9999728,0.99996756,0.99996112,0.9999526,0.9999432,0.99993116,0.99991688,0.99989904,0.99987736,0.99985328,0.99982572,0.99978956,0.9997452,0.99969196,0.99963072,0.99955444,0.99946436,0.99935832,0.99922516,0.99906708,0.99887752,0.99864612,0.99837676,0.99804876,0.99765592,0.99717548,0.99659404,0.9958954,0.99505676,0.99404184,0.99283932,0.99138656,0.98962288,0.98750004,0.98491792,0.981801,0.97801272,0.97347968,0.96800376,0.96149252,0.95370968,0.94459672,0.93400548,0.92154084,0.90712496,0.89051308,0.87131096,0.84924508,0.82392684,0.79428436,0.75856548,0.71450372,0.67188904,0.62521636,0.57910748,0.53236228,0.49838328,0.47389408,0.4520184,0.4308424,0.40631868,0.37678916,0.3465742,0.31802412,0.28801996,0.24809788,0.20185636,0.1565856,0.11200052,0.08153076,0.06029556,0.0453096,0.03454048,0.02674524,0.02096888,0.01669732,0.01341612,0.01072892,0.0085332,0.0066118,0.00514804,0.00402016,0.00310496,0.0023884,0.00178484,0.00135132,0.00099804,0.00071996,0.00054092,0.00040924,0.00027912,0.00014028,3.452e-05,1.724e-05,3.24e-06,5.6e-07
1.0,1/0.6,180.0,0.0005,0.5,0.99999224,0.99999072,0.9999892,0.99998704,0.99998416,0.9999816,0.9999776,0.99997304,0.99996816,0.9999628,0.99995624,0.99994888,0.99993856,0.99992584,0.99991096,0.9998928,0.9998712,0.99984624,0.99981432,0.99977648,0.99972888,0.99967352,0.9996068,0.9995256,0.99943224,0.99931592,0.99917592,0.9990092,0.99880288,0.99855224,0.99826552,0.99791184,0.99749488,0.99697616,0.99635392,0.99561072,0.99472176,0.99362936,0.99236032,0.99082728,0.98900408,0.98684816,0.98427024,0.98122904,0.97756888,0.97309064,0.9675152,0.96055784,0.95182688,0.94075936,0.92706328,0.91062504,0.88997312,0.86274248,0.82592416,0.77637376,0.69955424,0.60554888,0.49407856,0.4106868,0.3536984,0.31218976,0.28082048,0.25631232,0.23803232,0.22027168,0.20158248,0.17831032,0.16717552,0.156008,0.14439772,0.12981292,0.11260236,0.0984924,0.085453,0.06560896,0.0483742,0.0357786,0.02638192,0.01919552,0.01338272,0.00896564,0.00613192,0.00428328,0.00301884,0.00206788,0.00135464,0.00085664,0.00055228,0.00037624,0.00025944,0.00018096,0.00012656,8.952e-05,6.352e-05,4.328e-05,2.704e-05,1.288e-05,0.0,0.0
1.0,1/0.2,0.0,0.0005,0.5,0.99999456,0.9999936,0.99999248,0.99999128,0.9999888,0.99998608,0.99998284,0.99997924,0.99997492,0.9999694,0.99996356,0.99995628,0.999946,0.99993344,0.99992076,0.99990476,0.99988504,0.99985944,0.9998268,0.99979148,0.99975048,0.99969716,0.9996344,0.9995562,0.9994646,0.99936056,0.999232,0.99906528,0.99887276,0.99864,0.99835556,0.99802372,0.99762304,0.9971474,0.99658344,0.99589884,0.99507172,0.99410032,0.9929578,0.99161548,0.99003876,0.98820472,0.986088,0.98352056,0.980396,0.97638464,0.97116912,0.96440908,0.95544496,0.94469572,0.93147104,0.9140034,0.89115924,0.85938728,0.81135692,0.74072632,0.64807916,0.55322244,0.45964916,0.36031004,0.2609006,0.18096124,0.1303728,0.09991692,0.082974,0.0716104,0.06105588,0.05180832,0.04407464,0.03776804,0.03253488,0.02810736,0.0244786,0.02145964,0.01890236,0.01671868,0.01482984,0.01315112,0.01162908,0.01022776,0.00891008,0.00760488,0.00604888,0.00455384,0.00297152,0.00163072,0.00091784,0.00039152,0.00015136,6.936e-05,2.088e-05,1.6e-06,0.0,0.0,0.0,0.0,0.0,0.0,0.0,0.0
1.0,1/0.2,45.0,0.0005,0.5,0.99997504,0.99996916,0.99996236,0.99995492,0.99994584,0.99993544,0.99992204,0.99990728,0.99988808,0.99986348,0.99983776,0.99980432,0.9997654,0.999716,0.9996588,0.99958972,0.99950916,0.99940872,0.999285,0.99913808,0.99896708,0.99876164,0.99851112,0.998206,0.99783104,0.9973942,0.99685656,0.9962068,0.9954216,0.9944708,0.99334368,0.99198136,0.99034232,0.98837944,0.98600596,0.98319196,0.97978452,0.97566528,0.97068064,0.96464408,0.95734636,0.9484814,0.93786216,0.92510124,0.91031604,0.89371536,0.8766258,0.85963432,0.84186192,0.82250124,0.80135424,0.77772552,0.7519654,0.72364004,0.69235568,0.6595212,0.625488,0.58947096,0.54915736,0.46006948,0.34670792,0.2657062,0.20668424,0.16070012,0.1224432,0.0954238,0.07899256,0.0679666,0.05819376,0.04986068,0.04289904,0.0370906,0.03218456,0.02802968,0.02447732,0.02133108,0.01863868,0.01631224,0.0142638,0.01241684,0.01072392,0.00914516,0.0076618,0.00635396,0.00524688,0.00406848,0.00304276,0.00222968,0.00167724,0.00120876,0.00081876,0.00048956,0.00021508,9.06e-05,3.208e-05,5.8e-06,1.6e-06,0.0,0.0,0.0
1.0,1/0.2,90.0,0.0005,0.5,0.99999624,0.99999568,0.99999472,0.99999356,0.99999192,0.9999898,0.99998744,0.99998456,0.99998128,0.9999774,0.99997264,0.99996904,0.9999626,0.999954,0.99994472,0.99993308,0.99991932,0.99990276,0.9998824,0.99985768,0.99982836,0.99979072,0.99974876,0.9996968,0.99963232,0.99955852,0.99946912,0.99935808,0.9992286,0.9990744,0.9988912,0.99866268,0.99839596,0.99806596,0.99767488,0.99720728,0.99663104,0.99594656,0.99511736,0.99410892,0.99288916,0.99141996,0.9896522,0.987513,0.98495328,0.98184576,0.97811348,0.97352424,0.96789432,0.96096208,0.95225768,0.94099332,0.92657932,0.90800004,0.88024016,0.81955316,0.7328496,0.64464824,0.55524844,0.46508056,0.36387016,0.26559888,0.19203164,0.14984912,0.1223194,0.10268044,0.08857064,0.07362672,0.0605288,0.05090376,0.04327032,0.0370224,0.03198556,0.02778212,0.02418724,0.02106836,0.01833316,0.01597424,0.0138942,0.0120368,0.01039828,0.008907,0.00743312,0.00620632,0.0050542,0.00386032,0.00293372,0.0021716,0.00166116,0.00121628,0.00084128,0.00052688,0.00029548,0.00019008,9.708e-05,2.172e-05,2.76e-06,3.2e-07,0.0,0.0
1.0,1/0.2,135.0,0.0005,0.5,0.99997764,0.99997356,0.99996852,0.99996124,0.99995236,0.9999426,0.99993124,0.99991596,0.99989752,0.99987644,0.99985236,0.99982112,0.9997852,0.99974024,0.9996856,0.99962128,0.99954164,0.99944752,0.99933644,0.99919916,0.99903816,0.99884652,0.998614,0.99832852,0.99798684,0.99757312,0.9970874,0.996482,0.99576652,0.99490764,0.9938654,0.99261316,0.991115,0.98932712,0.98718748,0.98460324,0.98150776,0.97776496,0.973288,0.96790948,0.96153204,0.953969,0.94509872,0.93460004,0.92227036,0.90815184,0.891576,0.87211812,0.8489752,0.82621252,0.80835936,0.790228,0.77079124,0.74952164,0.72690936,0.70237108,0.67218864,0.63850132,0.59062032,0.48696572,0.36654712,0.28277184,0.2121434,0.15621888,0.11994784,0.09480572,0.07982492,0.0680936,0.0530638,0.04342908,0.0362118,0.03056564,0.02604812,0.0223098,0.01919816,0.01658824,0.01434144,0.0124088,0.01068744,0.00905676,0.00752324,0.00620804,0.00498104,0.00390108,0.00283752,0.00202884,0.0014522,0.00097976,0.00063684,0.00040332,0.00027028,0.00015088,5.16e-05,6.92e-06,1.04e-06,0.0,0.0,0.0,0.0,0.0
1.0,1/0.2,180.0,0.0005,0.5,0.9999916,0.99999016,0.99998736,0.99998496,0.99998224,0.99997912,0.99997512,0.99996896,0.9999632,0.9999556,0.99994624,0.99993496,0.99992216,0.99990608,0.99988488,0.99986096,0.99983224,0.99979792,0.99975784,0.99970784,0.99964688,0.99957576,0.9994888,0.99938616,0.9992592,0.99910424,0.99891864,0.99870104,0.99843192,0.99810864,0.99772976,0.99726368,0.99669936,0.99602656,0.99518288,0.99417856,0.99294056,0.99144712,0.98959408,0.98727248,0.98438576,0.98073064,0.97621408,0.97075944,0.96421992,0.95662808,0.94776632,0.93778488,0.92632648,0.91255344,0.89647448,0.87620288,0.85177216,0.8188624,0.77046152,0.70138224,0.61746336,0.53652632,0.45575384,0.366554,0.28960456,0.22969304,0.18894776,0.16912164,0.1559568,0.1215188,0.08725504,0.0637644,0.04973744,0.03990488,0.03267828,0.02723544,0.02296532,0.0195654,0.01681732,0.01457692,0.0126718,0.01086256,0.00935704,0.00796392,0.00650192,0.00474696,0.00286524,0.00153832,0.00066728,0.00034136,0.000186,9.288e-05,4.288e-05,1.32e-05,1.92e-06,7.2e-07,3.2e-07,0.0,0.0,0.0,0.0,0.0,0.0,0.0
1/0.6,0.2,0.0,0.0005,0.5,0.99998544,0.9999824,0.99997768,0.9999732,0.99996784,0.99996136,0.99995376,0.99994536,0.9999336,0.99991808,0.99990104,0.99988216,0.99985904,0.99983024,0.99979432,0.99975288,0.99969976,0.99963536,0.99956224,0.99947296,0.99936432,0.99923336,0.99907984,0.99889296,0.99866504,0.99839264,0.99806488,0.99767088,0.99721104,0.99664064,0.99595256,0.99515816,0.99422224,0.99310536,0.9918096,0.9902932,0.9884264,0.98612032,0.98327304,0.97991,0.97593248,0.97105872,0.96508272,0.95875288,0.9508468,0.94153808,0.93109144,0.91856104,0.90420152,0.88778948,0.86880576,0.84707816,0.8223324,0.79407584,0.76146064,0.72315068,0.68185208,0.62722772,0.5488472,0.43006108,0.32914024,0.2405154,0.15810292,0.10403884,0.069494,0.04690164,0.03188768,0.0217866,0.01494236,0.01027712,0.00708104,0.00488204,0.0033572,0.0022754,0.0016016,0.00115408,0.00084892,0.00063224,0.00047576,0.00035664,0.00025464,0.00017976,0.00013472,9.888e-05,6.864e-05,4.496e-05,2.76e-05,1.48e-05,7.76e-06,3.28e-06,1.12e-06,0.0,0.0,0.0,0.0,0.0,0.0,0.0,0.0,0.0
1/0.6,0.2,45.0,0.0005,0.5,0.9999938,0.99999268,0.99999136,0.9999894,0.99998688,0.99998464,0.99998096,0.999977,0.99997232,0.99996652,0.99995932,0.99995028,0.99994064,0.9999284,0.9999126,0.99989536,0.99987492,0.99984824,0.99981616,0.99977644,0.99972812,0.99967668,0.99961064,0.99953084,0.99943248,0.99931388,0.99917344,0.99900012,0.9987972,0.99854552,0.99824268,0.99788972,0.99746536,0.99695572,0.99635148,0.9956096,0.9947202,0.9936624,0.99237864,0.99082696,0.98894636,0.98668076,0.9839144,0.98055244,0.97650968,0.97168816,0.96581532,0.9586392,0.94974704,0.93879716,0.92548636,0.90896556,0.88790216,0.86006644,0.82174684,0.76345984,0.67969704,0.58468084,0.49804784,0.42313812,0.35782492,0.24383832,0.15754436,0.10420656,0.0700316,0.04759076,0.03261916,0.0225092,0.01561412,0.01088892,0.00763164,0.0053772,0.00380904,0.00271712,0.001952,0.00141228,0.00102744,0.00075376,0.00055668,0.0004092,0.00030172,0.00022828,0.00017612,0.00013488,9.544e-05,6.964e-05,4.88e-05,3.232e-05,1.648e-05,6.08e-06,2e-06,8e-08,0.0,0.0,0.0,0.0,0.0,0.0,0.0,0.0
1/0.6,0.2,90.0,0.0005,0.5,0.99998492,0.99998168,0.99997796,0.9999726,0.99996636,0.99996072,0.9999532,0.99994368,0.99993248,0.9999198,0.99990424,0.99988504,0.99986212,0.9998338,0.99980028,0.99975856,0.99970936,0.9996498,0.9995746,0.99948792,0.99938536,0.99926044,0.9991094,0.99892528,0.99870636,0.99844832,0.998136,0.99775532,0.9972894,0.99671812,0.99602544,0.99518816,0.99418164,0.9929542,0.99147212,0.98968896,0.98758332,0.98503952,0.98204684,0.97843192,0.97414724,0.96923684,0.96346824,0.9563122,0.94811432,0.93831032,0.92729864,0.91416316,0.89912,0.88159276,0.86159596,0.83906624,0.81469748,0.78786764,0.75552512,0.71053816,0.66549624,0.6186048,0.54733684,0.43083852,0.33238712,0.24626152,0.1616778,0.10690396,0.07181452,0.04878924,0.03341852,0.02303344,0.01594772,0.01108328,0.0077172,0.00537836,0.00376696,0.00265744,0.0018868,0.00134848,0.00096916,0.00070408,0.00052132,0.00039016,0.00029752,0.0002292,0.00017884,0.00013592,0.00010064,7.264e-05,4.544e-05,2.252e-05,1.016e-05,3.8e-06,1.04e-06,0.0,0.0,0.0,0.0,0.0,0.0,0.0,0.0,0.0
1/0.6,0.2,135.0,0.0005,0.5,0.99999284,0.99999128,0.99998944,0.99998732,0.99998464,0.99998204,0.9999784,0.99997368,0.99996836,0.9999628,0.99995592,0.9999486,0.9999382,0.99992604,0.99990956,0.99989072,0.99986876,0.99984012,0.99980708,0.99976516,0.99971736,0.99966,0.99959308,0.99951156,0.9994128,0.9992934,0.99914836,0.99897096,0.99875532,0.99849532,0.99818084,0.99780064,0.99733692,0.99678312,0.99611768,0.99532448,0.994382,0.9932514,0.99189776,0.99027708,0.98830432,0.98586304,0.98288816,0.97946076,0.97521392,0.97003076,0.9639052,0.95636628,0.94728172,0.9361824,0.92235664,0.90543584,0.88454128,0.85713728,0.8193458,0.761443,0.67959448,0.58856856,0.51001352,0.43877932,0.36806968,0.24747248,0.15928352,0.10486532,0.07012308,0.04740652,0.032303,0.02214604,0.01525768,0.01055352,0.0073274,0.00510304,0.00356388,0.00248856,0.00174088,0.00123444,0.00088048,0.00063292,0.00045432,0.00033256,0.00024608,0.00018104,0.00013104,9.616e-05,7.092e-05,4.912e-05,2.856e-05,1.416e-05,6.72e-06,2.96e-06,1.04e-06,4e-07,2.4e-07,4e-08,0.0,0.0,0.0,0.0,0.0,0.0
1/0.6,0.2,180.0,0.0005,0.5,0.99998528,0.99998216,0.99997776,0.99997248,0.99996728,0.99996064,0.9999528,0.99994272,0.9999308,0.99991672,0.99990064,0.9998824,0.99985904,0.99983048,0.99979664,0.99975264,0.99970136,0.99964224,0.99957256,0.99948624,0.99937792,0.99925384,0.99909936,0.9989152,0.99868448,0.99841904,0.99809,0.99770312,0.99722648,0.99665624,0.99596944,0.99512568,0.99409976,0.99286176,0.99137664,0.98965312,0.98769152,0.98543112,0.98258616,0.97885544,0.9744732,0.969494,0.96356936,0.95674352,0.948576,0.93913552,0.9278796,0.9151052,0.90021696,0.88312192,0.86349456,0.84104544,0.81557792,0.78634692,0.75261508,0.71560188,0.670511,0.61527212,0.53999648,0.42432596,0.32741744,0.2434832,0.15989856,0.10521476,0.07026668,0.04741092,0.03222676,0.02201752,0.0151012,0.01039368,0.0071766,0.00497172,0.0034552,0.00241072,0.00168408,0.0011914,0.00086024,0.00062408,0.00042948,0.00030576,0.00021552,0.00015672,0.00011616,8.128e-05,5.28e-05,3.48e-05,2.28e-05,1.368e-05,8.08e-06,3.52e-06,1.52e-06,6.4e-07,2.4e-07,0.0,0.0,0.0,0.0,0.0,0.0,0.0
1/0.6,0.6,0.0,0.0005,0.5,0.99998704,0.9999844,0.99998232,0.99997976,0.99997616,0.99997032,0.9999644,0.99995776,0.99994816,0.99993776,0.99992376,0.9999088,0.99989184,0.99987072,0.99984616,0.99981416,0.99977696,0.99973448,0.99968024,0.99961488,0.99954224,0.99945032,0.99933784,0.99920416,0.99904464,0.99884336,0.99861072,0.99831376,0.99796376,0.99753768,0.99704008,0.99642984,0.99568752,0.99480496,0.99376672,0.99251968,0.99103248,0.98922288,0.98702104,0.98435072,0.98108384,0.97726392,0.97252248,0.96673504,0.9598148,0.95121288,0.94063712,0.9274328,0.91056408,0.88871704,0.8615428,0.83546496,0.80790392,0.7788172,0.7507176,0.72191824,0.69125104,0.65995776,0.62354768,0.58186936,0.5307352,0.44362272,0.33103992,0.2789344,0.24682424,0.22314928,0.20344552,0.1855572,0.16822632,0.15058832,0.1317588,0.10958404,0.08444924,0.05802412,0.03939156,0.02695292,0.01853832,0.01280896,0.00888452,0.00618624,0.00432556,0.00303572,0.00214032,0.001515,0.00107964,0.00077976,0.000577,0.000436,0.00033112,0.00025288,0.00019288,0.00013832,8.72e-05,4.56e-05,2.368e-05,9.2e-06,3.52e-06,3.2e-07,0.0,0.0
1/0.6,0.6,45.0,0.0005,0.5,0.99999232,0.99999068,0.99998824,0.99998592,0.99998304,0.99997948,0.99997488,0.99997028,0.99996428,0.99995744,0.99994952,0.99993832,0.9999248,0.99991056,0.99989188,0.9998686,0.99984228,0.99981072,0.99977288,0.99972684,0.99967072,0.99960288,0.99952268,0.99942468,0.99930952,0.99916716,0.99899652,0.99879348,0.99854132,0.99823584,0.9978754,0.99744044,0.99691988,0.99628596,0.99552676,0.99461448,0.99351572,0.9921886,0.99062072,0.98870468,0.98641368,0.98356692,0.98018132,0.976068,0.97117676,0.96563768,0.95923972,0.951774,0.94310044,0.93267884,0.92052252,0.906037,0.88875788,0.8674998,0.84211176,0.81096416,0.77062544,0.71630852,0.66262292,0.60875952,0.54694232,0.47829232,0.41201384,0.36652804,0.33715812,0.31356408,0.29197068,0.26987136,0.24515632,0.20742176,0.1680282,0.13241948,0.09017144,0.06085464,0.04159528,0.02867048,0.01988912,0.01386816,0.00971436,0.00683204,0.00482692,0.00342476,0.00244068,0.00174708,0.00125552,0.00090624,0.00065512,0.0004782,0.00034912,0.00025572,0.00018748,0.00013312,9.076e-05,5.7e-05,3.076e-05,1.824e-05,1.02e-05,3.08e-06,0.0,0.0
1/0.6,0.6,90.0,0.0005,0.5,0.99998788,0.99998524,0.99998212,0.99997856,0.99997496,0.99997008,0.99996396,0.99995712,0.99994788,0.99993744,0.99992432,0.9999102,0.99989332,0.99987308,0.99984696,0.99981624,0.9997778,0.99973052,0.99967324,0.99960736,0.99952564,0.9994284,0.99930864,0.99916384,0.9989914,0.99878364,0.99853224,0.99823388,0.99787808,0.9974352,0.99689776,0.99625064,0.99545852,0.99452712,0.9934,0.99205308,0.9904152,0.98844864,0.9860846,0.983232,0.97976308,0.97563812,0.97065104,0.96453796,0.95706672,0.94791572,0.93665952,0.9225548,0.904681,0.88285172,0.85959676,0.835987,0.81065248,0.78346864,0.75581284,0.72367212,0.67657272,0.64611516,0.6154666,0.58087628,0.5362094,0.45179208,0.33794,0.28564376,0.25329968,0.22928116,0.20907664,0.1905688,0.17252508,0.15403052,0.13395256,0.10912268,0.08487008,0.06002476,0.04089904,0.02809032,0.01940532,0.01346956,0.00938668,0.00656672,0.00461136,0.00325048,0.00230028,0.00163424,0.00116576,0.00083216,0.00059312,0.0004268,0.00030372,0.00020972,0.00014148,9.016e-05,4.828e-05,2.296e-05,1.104e-05,3.6e-06,1.2e-07,0.0,0.0,0.0
1/0.6,0.6,135.0,0.0005,0.5,0.99998888,0.99998616,0.99998292,0.99997928,0.99997528,0.99997048,0.99996484,0.99995652,0.99994872,0.99993792,0.99992516,0.99991008,0.99989216,0.9998684,0.99984052,0.99980904,0.99977032,0.99972396,0.9996682,0.99960012,0.99951608,0.99941396,0.99929644,0.99915236,0.9989774,0.99877256,0.9985236,0.99821924,0.9978614,0.99742764,0.996898,0.99625812,0.99548856,0.99457432,0.99345444,0.9921154,0.99049744,0.98856216,0.9862348,0.9834736,0.98029148,0.97654124,0.97213816,0.96706112,0.96115324,0.9542134,0.94610312,0.9366026,0.9255724,0.91283676,0.89818076,0.88120792,0.86168232,0.83897188,0.8120692,0.77937396,0.73770668,0.68447404,0.63442132,0.5864184,0.53732904,0.48136404,0.40527208,0.35871484,0.32951784,0.30666016,0.28578828,0.26455316,0.24081656,0.20460888,0.16566724,0.13022028,0.08791932,0.0589494,0.03997936,0.02730684,0.01875364,0.012941,0.00895884,0.0062172,0.00432228,0.00301544,0.00211152,0.0014822,0.00104248,0.00073412,0.00051716,0.00036332,0.0002544,0.0001752,0.00012144,8.352e-05,5.672e-05,3.792e-05,2.028e-05,1.152e-05,5.04e-06,8.8e-07,2.4e-07,0.0
1/0.6,0.6,180.0,0.0005,0.5,0.9999888,0.99998704,0.9999844,0.9999808,0.99997624,0.9999716,0.9999668,0.99996016,0.99995136,0.99994096,0.99992704,0.99991224,0.99989608,0.99987344,0.99984568,0.9998144,0.99977408,0.99972672,0.99966656,0.99959648,0.99951232,0.99941744,0.99929128,0.99915472,0.99898376,0.99876504,0.9985028,0.99818768,0.99780984,0.99736048,0.9968168,0.9961712,0.99538264,0.99443784,0.9932936,0.99188704,0.99017672,0.98815096,0.9857112,0.9827596,0.97926552,0.9750208,0.9698548,0.9636268,0.95589688,0.94654696,0.93488824,0.92040336,0.90208952,0.8796448,0.85740088,0.83359776,0.80779464,0.78043392,0.75329576,0.72495024,0.69367496,0.66365176,0.62618232,0.58383312,0.53121288,0.43800488,0.32718376,0.27679728,0.24588888,0.22300616,0.20374624,0.18602632,0.16865592,0.1507528,0.13131576,0.10734632,0.08280144,0.05738692,0.03884804,0.02647436,0.01811976,0.01243828,0.00855512,0.00589752,0.00406832,0.00281564,0.00195412,0.00135752,0.00094492,0.00065632,0.0004578,0.00032736,0.00023848,0.00016268,0.00012024,8.992e-05,6.84e-05,5.008e-05,3.584e-05,2.32e-05,1.056e-05,8e-08,0.0,0.0
1/0.6,1.0,0.0,0.0005,0.5,0.99999864,0.99999816,0.99999768,0.99999696,0.99999664,0.9999952,0.99999424,0.99999296,0.99999152,0.99999,0.99998784,0.99998504,0.99998144,0.9999776,0.9999732,0.99996688,0.99995944,0.9999512,0.99994144,0.99992952,0.99991512,0.99989784,0.99987704,0.99985112,0.9998228,0.99978608,0.99974584,0.99969408,0.99963008,0.99955424,0.99946628,0.99935764,0.99922044,0.99906076,0.99887572,0.99864108,0.9983668,0.9980318,0.9976354,0.99714524,0.9965688,0.99585864,0.99501276,0.99399608,0.99277568,0.99128032,0.98949384,0.98735292,0.98474916,0.98163232,0.97788712,0.97334664,0.96787572,0.9613106,0.95333048,0.94366592,0.93199616,0.917688,0.9008244,0.88006868,0.85428008,0.8227792,0.78412824,0.74056412,0.69258628,0.6393866,0.58218328,0.52957864,0.48186216,0.43825056,0.39804692,0.35977404,0.32701008,0.29800812,0.27201852,0.2485984,0.22737584,0.20805032,0.1900998,0.16890412,0.15008568,0.13380604,0.11915608,0.10571776,0.09303564,0.08017136,0.06860188,0.05914792,0.05173756,0.04684052,0.04282928,0.03872672,0.033235,0.02697484,0.01981668,0.0062272,0.00496776,0.00389752,0.0029832,0.00219452
1/0.6,1.0,45.0,0.0005,0.5,0.9999974,0.9999968,0.9999962,0.99999564,0.9999946,0.99999372,0.99999284,0.9999914,0.99999004,0.99998804,0.99998456,0.99998192,0.99997744,0.99997276,0.999967,0.99996008,0.9999522,0.9999436,0.99993248,0.99991848,0.99990212,0.99988188,0.99985948,0.99983124,0.99979472,0.99974888,0.99969448,0.99963172,0.99955268,0.99946208,0.99935368,0.99921984,0.99906192,0.99886752,0.99863936,0.99835928,0.99802352,0.99762112,0.99712644,0.99653576,0.99582468,0.9949878,0.99396872,0.99274804,0.99126432,0.98944376,0.98727364,0.98463972,0.98149464,0.97764176,0.97298212,0.96728144,0.9602972,0.95157232,0.9406644,0.92662376,0.9080062,0.88313184,0.85636248,0.82870344,0.80006448,0.77038864,0.73956248,0.70762892,0.67470704,0.64103456,0.60666988,0.57215856,0.53810224,0.50367044,0.47038176,0.43844992,0.40863612,0.38061324,0.35388604,0.32838756,0.30415972,0.2787246,0.25342932,0.22743164,0.20171956,0.17623288,0.15303292,0.13191732,0.11418272,0.09902424,0.08636592,0.07570436,0.06672628,0.05898288,0.05081544,0.04346028,0.03662736,0.02989396,0.02286336,0.01346032,0.00620916,0.00481904,0.00369732,0.00272428
1/0.6,1.0,90.0,0.0005,0.5,0.99999792,0.9999976,0.99999708,0.99999664,0.99999596,0.99999548,0.99999436,0.99999316,0.99999196,0.99999024,0.99998788,0.99998568,0.9999824,0.9999788,0.99997408,0.99996904,0.99996292,0.99995424,0.99994488,0.9999332,0.99991896,0.99990028,0.9998794,0.99985436,0.99982524,0.9997894,0.99974476,0.99969248,0.99963,0.99955392,0.99946252,0.9993564,0.99922512,0.99906688,0.9988842,0.99865828,0.99838256,0.99806028,0.99766148,0.99718712,0.99660244,0.99591448,0.99508564,0.99408488,0.99287748,0.99140744,0.98965652,0.98754528,0.9849944,0.98192708,0.978228,0.97376844,0.96838312,0.96185188,0.95388196,0.94391308,0.93029776,0.91312016,0.89384252,0.87226684,0.84767708,0.81848468,0.78249276,0.74023772,0.69268568,0.63926516,0.58203608,0.52955512,0.48168956,0.4373452,0.39733868,0.36088028,0.32748372,0.29829432,0.27224832,0.24881172,0.22684136,0.2037852,0.18328052,0.16432552,0.147201,0.13157312,0.1171106,0.10365568,0.09054212,0.07809152,0.06717596,0.05799768,0.05094868,0.04644904,0.04251316,0.03860428,0.0337336,0.02770148,0.02129028,0.01232536,0.00534192,0.00417948,0.00322972,0.00240036
1/0.6,1.0,135.0,0.0005,0.5,0.99999788,0.99999732,0.99999676,0.9999958,0.99999444,0.99999376,0.9999924,0.99999096,0.999989,0.99998656,0.99998388,0.99998056,0.99997664,0.99997104,0.99996384,0.99995612,0.99994792,0.9999374,0.9999248,0.9999106,0.9998926,0.99986988,0.99984156,0.99980824,0.9997702,0.99972168,0.99966292,0.9995972,0.99951368,0.99941384,0.9992934,0.99914996,0.99898012,0.99876916,0.99852064,0.99821524,0.99784876,0.99739944,0.99686532,0.99622116,0.99544832,0.99450836,0.99337168,0.99202888,0.99041924,0.98847104,0.98609928,0.98321088,0.97973492,0.97552228,0.97040824,0.96419724,0.95657948,0.9471594,0.93534792,0.92029072,0.90042476,0.8749064,0.84798852,0.82034796,0.7919184,0.76273508,0.73280216,0.70215076,0.670719,0.63860408,0.60570052,0.57232816,0.53908664,0.5060694,0.47328448,0.43982512,0.4095974,0.38134484,0.35461376,0.32930044,0.30400596,0.27781024,0.2521786,0.2265992,0.20157328,0.1761994,0.15280296,0.13148528,0.11372276,0.09859592,0.08599064,0.07540944,0.06651172,0.05878692,0.05069756,0.04340032,0.0366226,0.02993924,0.0229166,0.01349912,0.00611012,0.00475848,0.00366704,0.00271996
1/0.6,1.0,180.0,0.0005,0.5,0.99999848,0.99999792,0.9999972,0.99999696,0.99999624,0.99999496,0.99999368,0.9999924,0.99999088,0.99998928,0.99998736,0.99998392,0.9999812,0.99997608,0.99997256,0.99996696,0.9999612,0.99995456,0.99994384,0.99993344,0.99991928,0.99990128,0.99988096,0.99985928,0.99983184,0.99979608,0.99975344,0.99970008,0.99963712,0.9995628,0.99947608,0.9993672,0.99924264,0.99907968,0.99889016,0.99866688,0.99839928,0.99806704,0.99767168,0.99719496,0.99661432,0.99592168,0.995084,0.99407584,0.99287864,0.99143088,0.98965128,0.9875324,0.9849904,0.98192696,0.97821752,0.97377552,0.96836936,0.961884,0.95403216,0.94453496,0.93299392,0.91878616,0.90246984,0.8817744,0.85637064,0.82521512,0.78679928,0.74261736,0.6939496,0.64009216,0.58277528,0.53029448,0.48264232,0.4390504,0.39878168,0.36042864,0.32775976,0.2988472,0.27297024,0.24970384,0.22840056,0.2055904,0.18444652,0.1651782,0.14775324,0.1319788,0.11756444,0.104188,0.0912914,0.07862884,0.0675226,0.05826896,0.05103816,0.04632788,0.04237108,0.0383616,0.03306292,0.02682696,0.01973332,0.00677976,0.00518232,0.00411364,0.00317704,0.00233472
1/0.6,1/0.6,0.0,0.0005,0.5,0.99999312,0.99999056,0.9999892,0.99998688,0.99998304,0.99997992,0.99997504,0.99997088,0.99996584,0.99995864,0.99995008,0.99993896,0.99992704,0.999914,0.9998968,0.99987424,0.9998488,0.99981824,0.99978136,0.99973448,0.99967712,0.99961624,0.9995348,0.9994384,0.99932552,0.99918712,0.999024,0.99883272,0.99858512,0.99828504,0.99793,0.9975152,0.99699584,0.99638848,0.99567008,0.99478552,0.99371984,0.9924296,0.99089368,0.98901064,0.98679992,0.98409128,0.98082376,0.97692328,0.97215192,0.9664368,0.95954752,0.95113776,0.9409556,0.92859008,0.91340496,0.89457336,0.87081064,0.84022912,0.79931288,0.7262828,0.65456472,0.58065432,0.48981728,0.40665328,0.35028416,0.30998184,0.27954544,0.25528712,0.23483752,0.21664112,0.1996596,0.18312456,0.166338,0.14847392,0.1281224,0.10251272,0.07986904,0.0577994,0.03946488,0.02708716,0.0186728,0.01291808,0.00896632,0.00624488,0.00436688,0.00306752,0.00216268,0.00153152,0.00109152,0.00078752,0.00058424,0.00043912,0.00033336,0.000254,0.00019392,0.00013904,8.776e-05,4.528e-05,2.328e-05,8.96e-06,3.36e-06,3.2e-07,0.0,0.0
1/0.6,1/0.6,45.0,0.0005,0.5,0.9999926,0.99999128,0.99998956,0.99998752,0.99998436,0.9999812,0.999978,0.99997332,0.99996704,0.99996036,0.9999518,0.99994116,0.99992932,0.9999156,0.99989692,0.99987592,0.99984964,0.99981792,0.99977844,0.9997324,0.99967544,0.99960944,0.99953212,0.99943464,0.99931444,0.9991744,0.99900448,0.9988016,0.99855684,0.99826092,0.9979108,0.9974924,0.99698232,0.9963682,0.99562296,0.99473316,0.99368028,0.99241652,0.99089588,0.98903464,0.9867778,0.9840794,0.98077268,0.97685656,0.97209476,0.966298,0.95934412,0.95089932,0.94058812,0.92793832,0.91240608,0.89290484,0.86799468,0.83503736,0.7961178,0.75282732,0.70229788,0.63774072,0.55133716,0.48324624,0.43408508,0.39847112,0.37061188,0.3472952,0.32643948,0.30664592,0.28683008,0.26600696,0.24210924,0.20555936,0.16689932,0.1296532,0.08738916,0.05961332,0.0409996,0.02837008,0.01972936,0.01378044,0.0096632,0.00680404,0.0048086,0.0034132,0.00243384,0.00174308,0.0012526,0.00090496,0.00065412,0.0004772,0.00034876,0.00025524,0.0001876,0.00013272,9.056e-05,5.672e-05,3.064e-05,1.824e-05,1.02e-05,3.08e-06,0.0,0.0
1/0.6,1/0.6,90.0,0.0005,0.5,0.9999922,0.9999908,0.99998892,0.9999872,0.99998516,0.999982,0.99997808,0.99997364,0.99996868,0.99996156,0.99995344,0.9999436,0.9999318,0.99991788,0.99990044,0.99988044,0.99985328,0.99982212,0.99978744,0.999746,0.99969156,0.9996284,0.9995536,0.99946172,0.99934912,0.99921668,0.99905404,0.9988632,0.998629,0.99834704,0.99801008,0.99760452,0.99711228,0.9965196,0.99580476,0.9949464,0.99392924,0.99269256,0.99120476,0.98941232,0.98721076,0.98454708,0.98140816,0.97757688,0.97287128,0.96721192,0.96024456,0.95158104,0.94076656,0.92671556,0.9075398,0.87896752,0.85586092,0.82832964,0.79166224,0.726528,0.65704808,0.5856598,0.49728628,0.4148074,0.35844584,0.31781132,0.28688964,0.26207328,0.24104048,0.2222682,0.20472968,0.18766864,0.17046756,0.15247144,0.13268216,0.10800532,0.08369184,0.05882988,0.0403342,0.02780792,0.01925852,0.01338956,0.009342,0.00654096,0.00459448,0.00324024,0.00229528,0.00162976,0.00116344,0.00083088,0.00059204,0.00042584,0.00030328,0.0002092,0.00014116,8.988e-05,4.788e-05,2.276e-05,1.084e-05,3.6e-06,1.2e-07,0.0,0.0,0.0
1/0.6,1/0.6,135.0,0.0005,0.5,0.99999208,0.99999056,0.99998832,0.99998552,0.99998276,0.99997856,0.99997408,0.99996884,0.9999626,0.99995528,0.9999456,0.9999332,0.99992024,0.99990396,0.99988292,0.99985892,0.99982996,0.99979648,0.99975372,0.99970656,0.99964872,0.99957596,0.99948684,0.9993834,0.99925968,0.99910652,0.99892456,0.99869596,0.998431,0.99810624,0.99772144,0.99725116,0.99668804,0.99600276,0.99520148,0.99423556,0.99308324,0.99167048,0.9899524,0.98785964,0.9853878,0.98244672,0.97874616,0.97441396,0.96917704,0.96283248,0.95515176,0.94585664,0.9345362,0.92066308,0.90368872,0.88246552,0.85563388,0.82095112,0.78157988,0.73826652,0.68900052,0.6282176,0.56264364,0.48960144,0.43456624,0.39550416,0.36599944,0.34212524,0.32133324,0.30188448,0.28246452,0.26181456,0.2381386,0.2013936,0.16331668,0.12716564,0.08542316,0.05787972,0.03949284,0.02707988,0.01864524,0.01288648,0.00892908,0.00620068,0.0043136,0.00301004,0.002107,0.00147932,0.00104088,0.00073344,0.00051648,0.00036308,0.00025392,0.0001752,0.00012164,8.36e-05,5.684e-05,3.792e-05,2.028e-05,1.148e-05,5.04e-06,8.8e-07,2.4e-07,0.0
1/0.6,1/0.6,180.0,0.0005,0.5,0.99999216,0.99999072,0.99998864,0.99998584,0.99998392,0.99998112,0.99997744,0.99997288,0.99996848,0.99996208,0.99995368,0.9999448,0.99993088,0.99991696,0.99990024,0.99988112,0.99985744,0.99982736,0.9997896,0.9997452,0.99969744,0.99963464,0.9995564,0.99946624,0.99935744,0.9992248,0.9990676,0.99887528,0.99864832,0.99837008,0.9980376,0.99762912,0.99714192,0.99654272,0.99583032,0.99497864,0.99393704,0.992674,0.99118824,0.98940472,0.98719976,0.98457368,0.9814388,0.97761872,0.97302184,0.96744696,0.96078208,0.95269096,0.94281136,0.93085432,0.9161312,0.89779504,0.87445544,0.84882816,0.81039272,0.74289344,0.66656424,0.58668008,0.48714216,0.40486968,0.34903544,0.30911384,0.27902008,0.25497912,0.2346996,0.21663328,0.19971896,0.18318768,0.16640768,0.14870016,0.12898008,0.10420344,0.0810878,0.05744908,0.03911904,0.02675596,0.01835244,0.012617,0.00869004,0.00599248,0.00413792,0.00286392,0.00198776,0.00138224,0.00096136,0.00066704,0.00046544,0.00033248,0.00024192,0.00016416,0.0001216,9.064e-05,6.896e-05,5.04e-05,3.608e-05,2.328e-05,1.064e-05,8e-08,0.0,0.0
1/0.6,1/0.2,0.0,0.0005,0.5,0.99998968,0.99998696,0.99998448,0.99998144,0.99997736,0.99997408,0.99996944,0.99996136,0.9999532,0.99994304,0.99993032,0.99991968,0.99990336,0.99988464,0.99986232,0.99983184,0.99979768,0.99975696,0.99970648,0.9996516,0.99958008,0.999496,0.9993984,0.99927624,0.99913072,0.9989564,0.99874432,0.99849832,0.998192,0.99782656,0.99739256,0.996878,0.99623728,0.99547256,0.99454864,0.99344552,0.99210848,0.990476,0.98856944,0.98625256,0.98333832,0.97999568,0.97584024,0.97086736,0.9648296,0.95743232,0.94827488,0.93717936,0.92313184,0.90449872,0.88052376,0.85318568,0.82191368,0.79172384,0.7522596,0.70816712,0.65642928,0.59031828,0.48854308,0.38962984,0.30424476,0.22422916,0.14894764,0.09970764,0.06738784,0.04584764,0.03134432,0.02150128,0.0147872,0.01018896,0.00703104,0.00485368,0.00334152,0.0022668,0.00159328,0.00114952,0.00084484,0.00062976,0.00047216,0.00035472,0.0002516,0.0001788,0.0001344,9.848e-05,6.84e-05,4.472e-05,2.752e-05,1.48e-05,7.68e-06,3.12e-06,1.12e-06,0.0,0.0,0.0,0.0,0.0,0.0,0.0,0.0,0.0
1/0.6,1/0.2,45.0,0.0005,0.5,0.99999008,0.99998836,0.9999864,0.99998352,0.99998004,0.99997536,0.99997072,0.99996572,0.99995912,0.99995136,0.99994128,0.99993036,0.99991736,0.99990096,0.99987884,0.99985484,0.9998248,0.99978736,0.9997456,0.9996938,0.99963004,0.99955836,0.99946536,0.99935536,0.99922568,0.99906792,0.9988796,0.99865036,0.9983712,0.99804244,0.99765132,0.9971744,0.99659788,0.99592784,0.99512516,0.99416396,0.99296644,0.99146972,0.98970612,0.98764528,0.98513872,0.98214824,0.97834492,0.97384556,0.96864132,0.9620252,0.95397776,0.94417772,0.93212556,0.91702964,0.89778292,0.872399,0.83721472,0.79170296,0.7458234,0.69731488,0.6398158,0.55451064,0.47370292,0.40464932,0.3395274,0.22604652,0.14976552,0.10070956,0.06842252,0.04684916,0.03226956,0.02233952,0.01553476,0.01084712,0.00761244,0.0053662,0.00380304,0.00271376,0.00195024,0.00141144,0.00102696,0.00075384,0.00055656,0.00040944,0.00030152,0.00022872,0.00017628,0.00013492,9.52e-05,6.956e-05,4.864e-05,3.22e-05,1.62e-05,6.04e-06,1.96e-06,8e-08,0.0,0.0,0.0,0.0,0.0,0.0,0.0,0.0
1/0.6,1/0.2,90.0,0.0005,0.5,0.99998816,0.99998568,0.99998268,0.99997952,0.99997576,0.99997124,0.99996628,0.99995944,0.99995124,0.99994224,0.99993036,0.9999148,0.99989856,0.99987844,0.99985252,0.9998226,0.99978568,0.99973856,0.9996864,0.99962296,0.99954852,0.99945832,0.99934756,0.99921692,0.99905292,0.9988602,0.99862692,0.99834536,0.9980014,0.99759488,0.99710404,0.99651508,0.9957978,0.99495072,0.9939282,0.99270128,0.9912144,0.98939768,0.98721084,0.98461196,0.98149756,0.9777734,0.97330704,0.96802724,0.96177072,0.954241,0.94523916,0.93419576,0.9201796,0.90148564,0.87805468,0.851232,0.81476244,0.7773234,0.73921528,0.6992222,0.65169972,0.58647056,0.48941036,0.39193952,0.30795488,0.2295002,0.15285392,0.1028196,0.06986032,0.047839,0.03294416,0.02278712,0.01581964,0.01101352,0.00767944,0.005357,0.00375376,0.002648,0.00188068,0.00134472,0.00096692,0.0007028,0.00052048,0.00039012,0.00029764,0.00022888,0.00017876,0.0001358,0.0001004,7.256e-05,4.536e-05,2.24e-05,1.02e-05,3.8e-06,1.04e-06,0.0,0.0,0.0,0.0,0.0,0.0,0.0,0.0,0.0
1/0.6,1/0.2,135.0,0.0005,0.5,0.9999896,0.99998796,0.99998568,0.9999826,0.99997928,0.99997536,0.99997072,0.99996444,0.99995768,0.99994816,0.99993824,0.99992568,0.99991072,0.99989236,0.99987204,0.99984584,0.99981456,0.99977804,0.99973508,0.99968148,0.9996122,0.99953616,0.99944124,0.99932764,0.99918924,0.9990226,0.99882204,0.99857768,0.99828668,0.99793032,0.99750232,0.99697052,0.99631616,0.99552508,0.9945672,0.9934112,0.99201132,0.99038568,0.98847412,0.98608396,0.98316616,0.97965548,0.97569228,0.97082804,0.96456968,0.957381,0.94845652,0.93768252,0.9244534,0.90809848,0.88758584,0.8612736,0.82544004,0.78127532,0.73918412,0.69719716,0.6471232,0.56799552,0.49001356,0.41887796,0.34460776,0.22752248,0.15027472,0.10063736,0.06808272,0.04640432,0.0317994,0.02188596,0.01511628,0.0104774,0.00728392,0.00507792,0.003548,0.00247708,0.00173628,0.00123052,0.00087824,0.00063148,0.00045344,0.000332,0.00024548,0.00018076,0.00013048,9.612e-05,7.084e-05,4.908e-05,2.868e-05,1.416e-05,6.72e-06,2.96e-06,1.04e-06,4e-07,2.4e-07,4e-08,0.0,0.0,0.0,0.0,0.0,0.0
1/0.6,1/0.2,180.0,0.0005,0.5,0.99999112,0.99998896,0.99998656,0.99998376,0.9999812,0.99997768,0.99997264,0.99996752,0.99996056,0.99995304,0.99994344,0.99993096,0.99991728,0.99990064,0.99987792,0.99985184,0.99982072,0.99978248,0.99973456,0.99968104,0.99961256,0.99953144,0.9994388,0.99932448,0.99918984,0.99901888,0.99881,0.99856752,0.99825768,0.99789096,0.99743896,0.99688872,0.9962116,0.99539432,0.99440984,0.99324312,0.9918796,0.9902236,0.98826592,0.98581928,0.98291216,0.979358,0.97508976,0.97000416,0.96375496,0.95599688,0.94669888,0.93501528,0.9202888,0.90038224,0.87543912,0.84669864,0.81694208,0.78323216,0.74305096,0.69774264,0.64464336,0.57717984,0.48116168,0.38572064,0.30314228,0.22722424,0.15146212,0.10134828,0.06848324,0.04658148,0.0318322,0.02182968,0.01501064,0.01034984,0.00715392,0.0049592,0.00344928,0.00240504,0.0016804,0.00118992,0.00085976,0.00062496,0.00043016,0.00030504,0.00021544,0.0001564,0.000116,8.192e-05,5.28e-05,3.48e-05,2.272e-05,1.36e-05,8.08e-06,3.44e-06,1.44e-06,6.4e-07,2.4e-07,0.0,0.0,0.0,0.0,0.0,0.0,0.0
1/0.2,0.2,0.0,0.0005,0.5,0.99998344,0.99997984,0.9999756,0.99997032,0.99996464,0.99995688,0.99995056,0.99994056,0.9999284,0.99991504,0.99989968,0.9998792,0.99985472,0.99982776,0.99978928,0.99974424,0.99968912,0.99962736,0.99954976,0.99945832,0.9993488,0.99921864,0.99906304,0.99887336,0.99863808,0.99836,0.99803656,0.99764168,0.99717976,0.99662104,0.99596216,0.9951844,0.99427112,0.99317256,0.99183712,0.99016912,0.98801832,0.98541712,0.98234648,0.97888768,0.97476928,0.96966728,0.96400104,0.957212,0.94908936,0.93961744,0.92891256,0.91589728,0.90135328,0.88444112,0.86496016,0.84280048,0.81752752,0.7887716,0.75535584,0.7173268,0.67402064,0.61912536,0.54296764,0.42605432,0.32797576,0.24263172,0.15877008,0.104394,0.06968848,0.04699204,0.03191012,0.0217748,0.01490832,0.01022976,0.0070324,0.00484152,0.00333644,0.00230216,0.00158872,0.00109832,0.00075968,0.00052624,0.00036496,0.00025288,0.00017568,0.000122,8.44e-05,5.84e-05,4.008e-05,2.72e-05,1.784e-05,1.128e-05,6.48e-06,3.2e-06,7.2e-07,0.0,0.0,0.0,0.0,0.0,0.0,0.0,0.0,0.0
1/0.2,0.2,45.0,0.0005,0.5,0.99999288,0.99999164,0.99999016,0.99998808,0.99998608,0.99998336,0.99998004,0.99997616,0.99997052,0.99996432,0.99995656,0.99994752,0.99993716,0.9999244,0.9999086,0.99988908,0.99986672,0.99983856,0.99980568,0.99976412,0.99971612,0.99965596,0.99958444,0.99950016,0.99939856,0.9992746,0.9991272,0.99894856,0.99873524,0.99848,0.99816228,0.99779288,0.9973516,0.9968222,0.99618756,0.99541052,0.99447176,0.99336124,0.99199956,0.990326,0.98832936,0.98590224,0.98303872,0.97959644,0.97535492,0.97027624,0.96411388,0.95663456,0.94766216,0.9364524,0.92264164,0.90588852,0.88479416,0.85697428,0.81860496,0.75992376,0.67690864,0.58540128,0.50593876,0.43444296,0.36588436,0.24684668,0.15880904,0.10442864,0.06970652,0.04699492,0.03191152,0.02177,0.01490016,0.01022176,0.00702388,0.004833,0.00332884,0.0022944,0.00158332,0.00109316,0.00075668,0.00052356,0.0003632,0.00025256,0.00017604,0.00012212,8.492e-05,5.92e-05,4.028e-05,2.716e-05,1.784e-05,1.132e-05,6.68e-06,3.44e-06,1.24e-06,0.0,0.0,0.0,0.0,0.0,0.0,0.0,0.0,0.0
1/0.2,0.2,90.0,0.0005,0.5,0.99998352,0.99997984,0.99997588,0.99997172,0.9999656,0.99995916,0.99995048,0.99994072,0.99992924,0.99991392,0.99989624,0.99987536,0.99985144,0.9998208,0.99978584,0.99974332,0.99968964,0.99962888,0.9995532,0.99946644,0.99935876,0.99922856,0.9990674,0.99887772,0.9986508,0.99837864,0.99804928,0.99765504,0.99717896,0.99661508,0.99594508,0.9951502,0.99420944,0.99306676,0.99166692,0.98994984,0.98783452,0.98526324,0.98221368,0.97869996,0.97453376,0.96945396,0.96383804,0.95686244,0.94873444,0.93919548,0.92836052,0.91544416,0.9006892,0.883643,0.8641718,0.84177044,0.81647724,0.78741108,0.75389584,0.71632376,0.67301552,0.61827204,0.54277972,0.42646428,0.32855132,0.24317112,0.15907656,0.10459788,0.06982056,0.04708072,0.03196976,0.02181024,0.01493052,0.01024544,0.00704164,0.0048466,0.00333988,0.00230344,0.00158924,0.00109804,0.00075948,0.00052552,0.000364,0.0002528,0.0001752,0.00012196,8.48e-05,5.852e-05,3.984e-05,2.7e-05,1.776e-05,1.128e-05,6.48e-06,3.24e-06,1.16e-06,2.4e-07,0.0,0.0,0.0,0.0,0.0,0.0,0.0,0.0
1/0.2,0.2,135.0,0.0005,0.5,0.99999368,0.99999236,0.99999088,0.99998912,0.999986,0.999983,0.9999798,0.99997488,0.99996948,0.99996372,0.99995552,0.99994592,0.9999344,0.99992244,0.99990672,0.999889,0.99986536,0.99983844,0.99980576,0.9997658,0.99971432,0.99965624,0.99958568,0.99950216,0.99940016,0.99928028,0.99913312,0.9989554,0.99873808,0.99848316,0.99817248,0.99779976,0.99735628,0.99682272,0.99617996,0.99541108,0.99449268,0.99339136,0.99205644,0.99041368,0.98842,0.98601904,0.98313984,0.97973384,0.97553968,0.97045812,0.96432732,0.95686496,0.94798076,0.93683936,0.92304432,0.90640964,0.88535172,0.85762444,0.81943752,0.76116052,0.67836164,0.58669488,0.50699804,0.43523896,0.36655796,0.24762464,0.159247,0.10472912,0.069913,0.04713872,0.03200752,0.02183504,0.01494716,0.01025412,0.00704668,0.00484912,0.00333932,0.00230216,0.00158832,0.00109644,0.00075848,0.00052496,0.000364,0.0002528,0.00017528,0.00012192,8.508e-05,5.828e-05,4.056e-05,2.704e-05,1.764e-05,1.116e-05,6.68e-06,3.68e-06,8.8e-07,0.0,0.0,0.0,0.0,0.0,0.0,0.0,0.0,0.0
1/0.2,0.2,180.0,0.0005,0.5,0.99998504,0.99998184,0.99997816,0.99997328,0.99996824,0.99996048,0.9999524,0.99994232,0.99993008,0.99991624,0.9999004,0.9998812,0.999856,0.99982416,0.99978912,0.99974168,0.99969016,0.99962816,0.99955072,0.99945936,0.99934896,0.9992136,0.99905712,0.99886688,0.99863944,0.99836144,0.9980312,0.9976288,0.99715656,0.99659488,0.99592256,0.9951364,0.9941936,0.99307064,0.99171792,0.990084,0.988018,0.9853744,0.98224816,0.97874144,0.97469064,0.96963128,0.96390784,0.9571572,0.94896088,0.93949984,0.92867664,0.915796,0.90108664,0.88412288,0.86462812,0.84244188,0.81715308,0.78824416,0.75481556,0.7170712,0.67356732,0.6188034,0.54323336,0.42680508,0.32873812,0.24342388,0.15940484,0.10482876,0.0699746,0.04717244,0.03203428,0.02185564,0.01496168,0.01026648,0.00705768,0.00485776,0.0033464,0.00230876,0.00159352,0.00110084,0.00076156,0.00052756,0.00036576,0.00025364,0.00017604,0.0001228,8.504e-05,5.872e-05,4.016e-05,2.68e-05,1.792e-05,1.128e-05,6.64e-06,3.12e-06,1.36e-06,2.4e-07,0.0,0.0,0.0,0.0,0.0,0.0,0.0,0.0
1/0.2,0.6,0.0,0.0005,0.5,0.99998736,0.99998536,0.99998192,0.99997784,0.9999732,0.99996824,0.9999624,0.99995496,0.99994552,0.9999348,0.99992184,0.99990832,0.9998892,0.99986552,0.99983952,0.99980736,0.99976744,0.9997216,0.99966464,0.99959512,0.99951072,0.999408,0.99928784,0.99914256,0.99897136,0.99875832,0.99849416,0.99818192,0.99779848,0.99735752,0.99681208,0.99616944,0.995376,0.99442736,0.99327808,0.9919128,0.99026424,0.98828368,0.9859,0.98299896,0.97945744,0.97524696,0.97006296,0.9638492,0.95621184,0.94689952,0.93539552,0.92112328,0.90290704,0.88046712,0.85813352,0.83445528,0.80862072,0.78141544,0.75436016,0.72604816,0.69507688,0.66477464,0.6271456,0.58472424,0.53156632,0.43557136,0.32610464,0.27625064,0.24562328,0.22290424,0.20375776,0.18610328,0.16878008,0.1509072,0.13142344,0.10722848,0.08304756,0.0581196,0.0393256,0.0267862,0.01832852,0.01257868,0.008648,0.0059598,0.00411564,0.00284492,0.0019716,0.00136884,0.00095228,0.00066376,0.00046392,0.0003246,0.00022792,0.00016016,0.0001104,7.568e-05,5.112e-05,3.232e-05,1.752e-05,8e-07,0.0,0.0,0.0,0.0
1/0.2,0.6,45.0,0.0005,0.5,0.99998644,0.999984,0.99998088,0.99997764,0.99997384,0.9999686,0.99996268,0.9999556,0.99994696,0.99993772,0.99992468,0.9999104,0.99989156,0.99986708,0.99983868,0.99980472,0.99976436,0.99971828,0.99966068,0.99958944,0.99950452,0.99940724,0.99928224,0.99913392,0.9989584,0.99874556,0.99849376,0.99819148,0.99782492,0.99738216,0.99685216,0.99620628,0.99543144,0.99450384,0.9933734,0.99200444,0.99036056,0.98840348,0.98602772,0.98318492,0.97986648,0.97599284,0.97146744,0.96626436,0.96025804,0.95327688,0.94513104,0.93563024,0.92466052,0.91187936,0.89723332,0.88049696,0.86114988,0.83865236,0.81210932,0.77980652,0.73831168,0.68537344,0.63538644,0.58723444,0.53827324,0.48432124,0.41117552,0.36147896,0.33043188,0.30653076,0.28510672,0.26361692,0.23978496,0.20367172,0.16468684,0.1291722,0.08686052,0.05809356,0.03930636,0.02677796,0.01832176,0.01257208,0.00864516,0.0059552,0.00410588,0.0028372,0.0019636,0.00136088,0.0009452,0.00065828,0.00045896,0.00032052,0.00022388,0.00015556,0.0001086,7.452e-05,4.96e-05,3.116e-05,1.652e-05,4.48e-06,6e-07,0.0,0.0,0.0
1/0.2,0.6,90.0,0.0005,0.5,0.99998688,0.999984,0.99998116,0.99997776,0.99997328,0.99996796,0.9999624,0.9999554,0.9999466,0.99993536,0.99992232,0.99990724,0.9998882,0.99986432,0.99983556,0.99980328,0.99976348,0.9997158,0.99965824,0.99958628,0.99950228,0.99939972,0.99927928,0.99913424,0.99895676,0.99874628,0.998492,0.99818068,0.99781092,0.99736204,0.99683348,0.99619252,0.995418,0.99448656,0.99335956,0.99198496,0.99029008,0.98823912,0.98579844,0.98291276,0.97942356,0.975194,0.97004232,0.96381092,0.95616484,0.9468844,0.93527,0.92097804,0.90272828,0.8802702,0.85784416,0.83404128,0.80817036,0.7806234,0.75329484,0.72463724,0.6929964,0.66375608,0.6261554,0.58362104,0.53078532,0.43635084,0.32648432,0.27649604,0.2457748,0.22301156,0.2038112,0.18611344,0.16875076,0.1508374,0.13130092,0.107,0.0829056,0.05810992,0.03929048,0.02675768,0.01830012,0.0125572,0.00863856,0.00595248,0.0041058,0.0028354,0.00196192,0.00135708,0.00094232,0.00065516,0.00045596,0.00031892,0.00022272,0.0001562,0.00010792,7.404e-05,4.912e-05,2.996e-05,1.512e-05,3.48e-06,7.2e-07,0.0,0.0,0.0
1/0.2,0.6,135.0,0.0005,0.5,0.9999882,0.99998576,0.99998248,0.99997928,0.99997528,0.99997036,0.99996364,0.99995628,0.99994776,0.99993668,0.9999234,0.9999082,0.99989092,0.99986916,0.99984264,0.99980836,0.99976916,0.99972056,0.999665,0.9995958,0.99951196,0.99941216,0.999293,0.99914892,0.99897544,0.99876968,0.99851724,0.99821904,0.99785676,0.99741168,0.99687844,0.99623448,0.99546724,0.99454648,0.99341584,0.99207104,0.99043044,0.9884498,0.98608776,0.98324296,0.9798818,0.97597088,0.97150196,0.96631488,0.96031476,0.95340204,0.94527732,0.93578556,0.92487864,0.91216272,0.89749896,0.8807992,0.86147292,0.83897888,0.81246544,0.78019148,0.73875048,0.68571236,0.63560384,0.58739056,0.53825072,0.48417736,0.4108148,0.36128764,0.33033828,0.30650232,0.28510732,0.26363084,0.23982776,0.20375456,0.1647748,0.12924716,0.08692096,0.0581398,0.03932468,0.0267784,0.0183198,0.01257232,0.0086466,0.00595608,0.00411016,0.00284116,0.00196776,0.0013642,0.00094792,0.0006602,0.00046044,0.00032244,0.00022556,0.00015792,0.00010984,7.508e-05,4.992e-05,3.104e-05,1.636e-05,2.84e-06,0.0,0.0,0.0,0.0
1/0.2,0.6,180.0,0.0005,0.5,0.9999892,0.9999868,0.99998408,0.9999812,0.99997728,0.99997144,0.99996536,0.99995768,0.99994864,0.99993872,0.99992464,0.99990928,0.99989008,0.99986616,0.99983736,0.99980352,0.99976384,0.99971776,0.99965976,0.9995872,0.99950336,0.99940464,0.99927824,0.99912912,0.99895296,0.9987408,0.99847504,0.99816208,0.99778096,0.99733336,0.99679848,0.99615192,0.99536568,0.99442608,0.99328016,0.99189392,0.99022104,0.98821184,0.9858224,0.98294416,0.97948272,0.97524744,0.97014104,0.96383792,0.95633336,0.94697424,0.93550608,0.92116128,0.90298096,0.88053896,0.85815568,0.83445088,0.80870112,0.78128784,0.75411848,0.72575064,0.694646,0.66434392,0.62678568,0.58430976,0.53130632,0.43548992,0.32613192,0.27631248,0.24568064,0.22296872,0.20379672,0.18613624,0.16879632,0.15091304,0.13141768,0.10719408,0.08301696,0.05811848,0.0393148,0.02676876,0.0183064,0.01255644,0.0086332,0.00595076,0.00410896,0.00283968,0.00196456,0.00136312,0.00094516,0.00065932,0.0004588,0.00032104,0.00022352,0.00015788,0.00010824,7.48e-05,5.016e-05,3.192e-05,1.808e-05,4.88e-06,0.0,0.0,0.0,0.0
1/0.2,1.0,0.0,0.0005,0.5,0.99999768,0.99999752,0.99999712,0.9999964,0.99999576,0.99999536,0.99999456,0.9999936,0.99999224,0.99999064,0.9999888,0.99998616,0.99998328,0.99997992,0.9999752,0.99996976,0.99996384,0.99995616,0.99994552,0.99993448,0.99992,0.99990384,0.99988368,0.99985968,0.99982968,0.99979528,0.9997504,0.99969904,0.99963592,0.9995664,0.99947648,0.99937,0.9992432,0.99908656,0.99889816,0.99867848,0.99840104,0.99808056,0.99768744,0.99721016,0.9966304,0.99595096,0.9951284,0.99412968,0.99291304,0.99146696,0.989734,0.98764328,0.98509424,0.9820348,0.97836992,0.97391992,0.96858672,0.96210968,0.9543176,0.94489768,0.93344264,0.91931136,0.90306096,0.88244512,0.85715688,0.8261248,0.78775616,0.74334832,0.6944704,0.6403288,0.5827852,0.53027064,0.48252976,0.4388592,0.39851296,0.36010832,0.32743272,0.29850504,0.27263224,0.24936648,0.22767732,0.20521464,0.18415244,0.16480004,0.14730264,0.131491,0.1170576,0.10366228,0.09068108,0.07813548,0.06715532,0.05797472,0.05090312,0.0463694,0.04244616,0.03852368,0.03354148,0.02748796,0.02098356,0.01120092,0.00515952,0.00410272,0.00317792,0.00235792
1/0.2,1.0,45.0,0.0005,0.5,0.99999732,0.9999968,0.99999628,0.99999552,0.99999484,0.99999336,0.99999216,0.99999056,0.99998856,0.9999862,0.9999834,0.99998024,0.99997624,0.99997068,0.99996468,0.99995772,0.99994988,0.99994084,0.99992728,0.99991076,0.99989144,0.99986888,0.99984052,0.99980932,0.99976864,0.99972324,0.99966564,0.9995962,0.999513,0.99941544,0.99929896,0.99915132,0.99897228,0.99876192,0.9985066,0.99820124,0.99783628,0.99739496,0.99685872,0.99622088,0.99543728,0.99449864,0.993374,0.99201348,0.9903968,0.98845924,0.98610692,0.98325252,0.97975004,0.97555912,0.97046144,0.96423052,0.95661244,0.9471882,0.9354134,0.9203044,0.90041528,0.87487672,0.84793396,0.82017796,0.79149948,0.76199908,0.73165976,0.70059472,0.66885404,0.63670392,0.60411232,0.57128184,0.5385962,0.50587824,0.47315272,0.43970888,0.40974744,0.3816302,0.35497904,0.3296338,0.30520968,0.27806484,0.25187184,0.22648596,0.20150336,0.1761336,0.15281136,0.13170816,0.11398628,0.09881272,0.08615916,0.07550552,0.06651568,0.05867928,0.05057988,0.04327492,0.03648656,0.02977108,0.02267476,0.01263864,0.0060372,0.00473712,0.00364028,0.00269412
1/0.2,1.0,90.0,0.0005,0.5,0.99999824,0.999998,0.99999772,0.99999684,0.99999648,0.99999564,0.99999448,0.99999316,0.9999914,0.99998912,0.999987,0.99998452,0.99998124,0.99997776,0.99997324,0.99996744,0.99996012,0.99995296,0.99994364,0.99993092,0.99991624,0.9998974,0.99987596,0.99985232,0.99982228,0.9997886,0.99974592,0.99969288,0.99962924,0.99955392,0.9994612,0.99935264,0.9992246,0.99907044,0.9988866,0.99865892,0.99838204,0.9980544,0.99766188,0.99718768,0.99662716,0.99593272,0.99510416,0.99409964,0.9928816,0.9914284,0.98968188,0.98757032,0.98501132,0.98193596,0.97824884,0.973797,0.9684112,0.96193528,0.95405452,0.94460392,0.93304704,0.91885556,0.90259556,0.88189748,0.85658424,0.82545484,0.78705176,0.742645,0.6938118,0.63972132,0.58228536,0.52984068,0.48217712,0.43855496,0.39817924,0.35985152,0.32727804,0.29840524,0.27255416,0.24930428,0.22806212,0.20512384,0.18395236,0.16461884,0.14716716,0.13137092,0.11695224,0.10355972,0.09055944,0.07804896,0.06710688,0.05793936,0.05088024,0.04636144,0.04244552,0.03853276,0.033591,0.02754696,0.02107472,0.0116156,0.0051906,0.00412304,0.00319572,0.00237364
1/0.2,1.0,135.0,0.0005,0.5,0.99999732,0.99999692,0.99999636,0.99999584,0.99999472,0.99999332,0.99999188,0.9999902,0.99998832,0.99998608,0.99998336,0.99997924,0.99997488,0.99996996,0.9999634,0.9999572,0.99994892,0.999939,0.99992676,0.9999116,0.99989444,0.99987264,0.99984404,0.99981168,0.99977136,0.99972524,0.9996704,0.99959948,0.9995186,0.9994214,0.99930248,0.999162,0.99898852,0.9987782,0.9985262,0.99823352,0.99786092,0.99741292,0.99687456,0.99623256,0.9954684,0.99454092,0.99344096,0.99210904,0.99046548,0.98848668,0.98611532,0.98322288,0.97978464,0.97560536,0.97053052,0.96431944,0.95671784,0.94732924,0.93549936,0.92042976,0.90058216,0.87501712,0.84806112,0.82024684,0.79158016,0.76204264,0.73169232,0.70062072,0.66885156,0.63672692,0.60411508,0.57128092,0.538579,0.50586124,0.47316348,0.43970424,0.40972716,0.38161228,0.35496716,0.329624,0.30502532,0.27808164,0.251913,0.22650908,0.2015214,0.17614828,0.15280896,0.13170456,0.11398256,0.0988092,0.0861592,0.07550012,0.06651464,0.05867676,0.05057752,0.04327584,0.03648856,0.02977432,0.02267644,0.01264032,0.00603456,0.0047382,0.00363944,0.00269324
1/0.2,1.0,180.0,0.0005,0.5,0.99999776,0.99999736,0.99999704,0.9999964,0.99999568,0.99999424,0.9999932,0.999992,0.99999064,0.99998888,0.99998696,0.99998424,0.99998152,0.99997744,0.99997224,0.99996736,0.99996088,0.99995344,0.99994512,0.99993416,0.99992008,0.99990272,0.99988448,0.99986008,0.99983224,0.99979696,0.99975488,0.99970192,0.99964312,0.99956824,0.999478,0.99937472,0.99924568,0.99908656,0.99890088,0.99867136,0.99839368,0.99807576,0.99768352,0.99721128,0.99663072,0.99594336,0.99510944,0.99410736,0.99289704,0.99144264,0.98969672,0.98762208,0.98506224,0.9820164,0.97833112,0.97387872,0.96852768,0.96207312,0.95422432,0.94480504,0.93331024,0.91916192,0.9029168,0.8822672,0.8569532,0.82586088,0.78747128,0.74312496,0.69424376,0.64009176,0.5826016,0.53011648,0.48239968,0.43874456,0.39840568,0.36002312,0.32737104,0.29845952,0.27259488,0.24933344,0.22790196,0.20517832,0.18408868,0.16475144,0.14727588,0.13147268,0.1170416,0.10364828,0.09065876,0.07812392,0.06715128,0.05796668,0.050894,0.04636056,0.04243692,0.0385168,0.03354052,0.027486,0.02097844,0.01120144,0.00516364,0.00410648,0.0031808,0.00236048
1/0.2,1/0.6,0.0,0.0005,0.5,0.99999408,0.9999928,0.99999112,0.99998912,0.99998776,0.99998472,0.99998112,0.99997648,0.99997232,0.99996584,0.99995808,0.99995024,0.9999392,0.99992768,0.99991032,0.99988728,0.99986288,0.99983368,0.99979688,0.99975624,0.99970544,0.99964464,0.99956528,0.9994728,0.99936448,0.999232,0.99906848,0.9988772,0.99864224,0.99835784,0.9980244,0.9976208,0.9971324,0.99653984,0.99583624,0.99496128,0.99394864,0.99271432,0.99122792,0.98940816,0.98724872,0.98465016,0.98151704,0.97772096,0.97315816,0.96765024,0.96088216,0.9527916,0.9430516,0.9311028,0.91650104,0.89838784,0.87535904,0.84903472,0.81134192,0.74482872,0.66823128,0.58811928,0.488146,0.40555872,0.3496412,0.30960056,0.2794724,0.25540792,0.2351248,0.21703808,0.20012312,0.18360904,0.16686536,0.14925544,0.1297424,0.10523316,0.08154728,0.05730092,0.03900424,0.026668,0.01828964,0.01257088,0.00865684,0.00596784,0.00412284,0.00285116,0.001976,0.00137292,0.0009536,0.00066512,0.00046532,0.00032544,0.00022852,0.00016056,0.00011056,7.608e-05,5.136e-05,3.248e-05,1.752e-05,8e-07,0.0,0.0,0.0,0.0
1/0.2,1/0.6,45.0,0.0005,0.5,0.99999064,0.9999894,0.99998756,0.99998524,0.99998216,0.999979,0.99997496,0.99996964,0.99996348,0.99995692,0.99994844,0.99993676,0.99992268,0.999907,0.9998868,0.9998636,0.99983756,0.99980364,0.99976376,0.99971484,0.9996554,0.99958632,0.99950436,0.99940464,0.99927748,0.99912944,0.9989496,0.99872996,0.99846292,0.9981456,0.99775828,0.99730268,0.99675528,0.99609964,0.99531372,0.99438936,0.993269,0.99191224,0.99025448,0.9882296,0.985776,0.98287036,0.97935956,0.97512284,0.96998204,0.9638248,0.95632924,0.94723996,0.93622784,0.92269336,0.90607748,0.88525636,0.858834,0.82448088,0.78548304,0.74224908,0.692353,0.62953096,0.56344372,0.48961676,0.43440688,0.39492116,0.3650276,0.34083844,0.319845,0.30030692,0.28087636,0.26026876,0.23664296,0.1998766,0.16205144,0.12620204,0.08464184,0.05720276,0.0389386,0.02662764,0.01826492,0.0125534,0.00864176,0.00595624,0.004109,0.00284016,0.0019666,0.00136372,0.00094732,0.00065972,0.00046008,0.00032124,0.00022468,0.00015592,0.00010904,7.46e-05,4.964e-05,3.12e-05,1.652e-05,4.48e-06,6e-07,0.0,0.0,0.0
1/0.2,1/0.6,90.0,0.0005,0.5,0.99999244,0.9999906,0.99998852,0.99998564,0.99998344,0.99997996,0.99997588,0.99997092,0.9999652,0.99995896,0.9999506,0.99994108,0.99992976,0.99991592,0.99989848,0.99987716,0.99985312,0.9998228,0.99978388,0.99974188,0.99968892,0.9996244,0.99954592,0.99945504,0.99934368,0.9992072,0.99904928,0.9988566,0.99862224,0.99834024,0.99799564,0.99758164,0.99708188,0.99647744,0.9957732,0.99490716,0.99387448,0.9926156,0.9911344,0.98931,0.98712404,0.9845314,0.98136088,0.97749728,0.972912,0.96735564,0.96061524,0.95239452,0.9425354,0.93043504,0.91557292,0.8970336,0.8739952,0.84899316,0.8103548,0.74243308,0.66616208,0.58640624,0.4866736,0.4045798,0.34895204,0.3091512,0.27912428,0.25517568,0.23493956,0.21690632,0.20002824,0.1835352,0.16681716,0.1492374,0.12977104,0.10534392,0.08154908,0.05717196,0.03888924,0.0265844,0.01822804,0.01252764,0.00862604,0.00594804,0.00410668,0.00283804,0.00196256,0.00135968,0.00094208,0.00065604,0.00045616,0.00031932,0.00022296,0.00015652,0.00010816,7.4e-05,4.928e-05,3.008e-05,1.512e-05,3.44e-06,7.2e-07,0.0,0.0,0.0
1/0.2,1/0.6,135.0,0.0005,0.5,0.99999172,0.99999036,0.99998828,0.9999858,0.99998308,0.99997924,0.99997416,0.99996944,0.99996332,0.99995624,0.9999474,0.99993616,0.99992256,0.99990584,0.99988528,0.9998612,0.99983296,0.99980044,0.99976104,0.99971192,0.99965316,0.99958484,0.99949828,0.99939632,0.99927252,0.9991256,0.99894684,0.998728,0.99846368,0.99815848,0.9977908,0.99734412,0.99680136,0.99614964,0.99535596,0.9944122,0.99327516,0.99191724,0.99025532,0.9882152,0.9857766,0.98293392,0.97940728,0.97514044,0.97002012,0.96386204,0.9564166,0.94729212,0.9363276,0.92284248,0.90617696,0.8854288,0.85907804,0.82464248,0.78557808,0.74226936,0.69227932,0.62944548,0.56340384,0.48936032,0.4342434,0.39485248,0.36500388,0.34084928,0.3198806,0.30035456,0.28092204,0.26032512,0.23670312,0.19992924,0.16209532,0.12625544,0.0847068,0.05725244,0.03896232,0.02662776,0.01826396,0.01255416,0.00864336,0.00595784,0.0041148,0.00284564,0.00197052,0.00136652,0.00094988,0.00066136,0.00046132,0.00032308,0.00022604,0.00015868,0.00011028,7.536e-05,5.02e-05,3.112e-05,1.632e-05,2.8e-06,0.0,0.0,0.0,0.0
1/0.2,1/0.6,180.0,0.0005,0.5,0.999994,0.99999232,0.99999016,0.99998808,0.9999848,0.99998264,0.99997824,0.99997344,0.999968,0.99996168,0.99995352,0.99994416,0.99993168,0.99991824,0.99990152,0.9998824,0.99985536,0.99982552,0.99978664,0.999744,0.99968912,0.99962648,0.99955552,0.99946136,0.99935008,0.9992228,0.99906312,0.99887232,0.9986364,0.99836208,0.99802152,0.99760672,0.9971068,0.9965072,0.995796,0.99493416,0.99390224,0.99265888,0.99116552,0.98936736,0.9872348,0.98460304,0.98146928,0.97766856,0.97303016,0.96754016,0.96080944,0.95270744,0.94290704,0.93090416,0.91620792,0.8980632,0.87493808,0.84889456,0.81062128,0.74343824,0.66714692,0.5873,0.48737096,0.40501304,0.34926472,0.30939928,0.27931952,0.25532344,0.2350644,0.21700432,0.2000988,0.18359768,0.16686288,0.14926056,0.12975984,0.10527324,0.0815722,0.05728884,0.03898904,0.02665,0.01826412,0.01254852,0.00864024,0.00595972,0.0041144,0.00284376,0.00197004,0.00136416,0.00094908,0.00066124,0.00046044,0.0003216,0.00022424,0.00015848,0.0001084,7.496e-05,5.032e-05,3.2e-05,1.816e-05,4.8e-06,0.0,0.0,0.0,0.0
1/0.2,1/0.2,0.0,0.0005,0.5,0.99998944,0.99998744,0.99998552,0.99998216,0.9999784,0.99997496,0.99997,0.99996264,0.99995504,0.999946,0.99993472,0.99992072,0.9999044,0.9998848,0.99986032,0.99983072,0.99979704,0.99975624,0.9997092,0.99965336,0.99958584,0.99950504,0.99940072,0.99927216,0.9991236,0.99894592,0.99873048,0.99847424,0.9981628,0.99779424,0.99734488,0.99681656,0.99619664,0.99543208,0.99451712,0.99337992,0.99197152,0.99025816,0.988258,0.98598272,0.98307216,0.97949736,0.97530808,0.97015032,0.96404496,0.95644184,0.9471112,0.93558472,0.9210032,0.90134976,0.87682652,0.84883972,0.81778296,0.78598168,0.74583648,0.70104924,0.64841404,0.58151852,0.48385276,0.38691308,0.30359792,0.22605456,0.1500356,0.10036304,0.06779944,0.04608084,0.031461,0.02154696,0.01479064,0.0101658,0.0069972,0.00482164,0.0033244,0.00229528,0.00158476,0.00109548,0.00075772,0.00052516,0.00036436,0.00025196,0.00017584,0.00012184,8.424e-05,5.84e-05,4.008e-05,2.72e-05,1.784e-05,1.128e-05,6.4e-06,3.2e-06,7.2e-07,0.0,0.0,0.0,0.0,0.0,0.0,0.0,0.0,0.0
1/0.2,1/0.2,45.0,0.0005,0.5,0.99999068,0.99998892,0.999987,0.99998392,0.99998072,0.99997656,0.99997192,0.9999656,0.99995912,0.999951,0.9999414,0.99992984,0.9999154,0.99989684,0.99987656,0.99985156,0.99982012,0.99978204,0.99973384,0.99967988,0.9996132,0.99953616,0.99943736,0.99932504,0.99919016,0.99902584,0.99882476,0.99858344,0.9982936,0.99794676,0.99752092,0.99700452,0.99637836,0.99561632,0.9947054,0.99360932,0.99230876,0.99074484,0.98887272,0.98663144,0.9840178,0.9808854,0.97683044,0.97186468,0.96637068,0.95922936,0.95071464,0.94014784,0.9274318,0.91142336,0.89115932,0.86486796,0.82882636,0.78377976,0.74024136,0.69565604,0.64299784,0.5633388,0.48572916,0.41566556,0.34359216,0.22748204,0.1501024,0.10041616,0.06780716,0.04609128,0.03146148,0.02154276,0.01478408,0.01016092,0.00699072,0.0048128,0.00331688,0.00228788,0.00157896,0.00109032,0.00075456,0.00052296,0.00036236,0.00025176,0.00017544,0.00012192,8.492e-05,5.9e-05,4.024e-05,2.716e-05,1.772e-05,1.132e-05,6.64e-06,3.4e-06,1.24e-06,0.0,0.0,0.0,0.0,0.0,0.0,0.0,0.0,0.0
1/0.2,1/0.2,90.0,0.0005,0.5,0.99998972,0.99998776,0.999985,0.99998216,0.99997856,0.99997424,0.99996944,0.9999626,0.99995452,0.9999454,0.99993456,0.99992112,0.99990436,0.99988508,0.99986296,0.99983596,0.99980464,0.99976248,0.99971384,0.99965552,0.99958464,0.99950176,0.99939772,0.99927496,0.99912892,0.99895384,0.99873612,0.99847424,0.99816608,0.99778364,0.99732924,0.99676912,0.99611892,0.9953394,0.99439336,0.99325908,0.99189288,0.99023356,0.98821868,0.98581668,0.98286248,0.97931464,0.97509816,0.969912,0.96367376,0.956032,0.94662892,0.93494916,0.92020392,0.90048588,0.87571252,0.8474938,0.81690432,0.78491524,0.74500684,0.7001536,0.64779692,0.58138912,0.48446672,0.38749528,0.30416824,0.22659456,0.15034476,0.10056304,0.06792292,0.0461626,0.03151676,0.02158456,0.01481456,0.01018288,0.0070084,0.00482732,0.00332736,0.00229572,0.0015844,0.00109516,0.00075752,0.00052468,0.00036332,0.00025236,0.0001748,0.00012172,8.46e-05,5.832e-05,3.98e-05,2.692e-05,1.764e-05,1.124e-05,6.48e-06,3.24e-06,1.16e-06,2.4e-07,0.0,0.0,0.0,0.0,0.0,0.0,0.0,0.0
1/0.2,1/0.2,135.0,0.0005,0.5,0.99999124,0.99998936,0.99998732,0.99998484,0.99998176,0.9999778,0.99997332,0.99996772,0.99996108,0.99995292,0.9999426,0.99993152,0.9999176,0.99990156,0.9998822,0.99985604,0.99982692,0.99979096,0.9997462,0.99969436,0.99962908,0.99955332,0.99946452,0.99935388,0.99922164,0.99905796,0.99886156,0.99862244,0.99833188,0.9979806,0.99754752,0.99701424,0.99637596,0.99559796,0.994678,0.99359132,0.99231436,0.99080752,0.98900864,0.98676616,0.98408592,0.98100664,0.97698476,0.9720442,0.96651532,0.95946188,0.95100756,0.94052372,0.92780492,0.91193524,0.89178236,0.86570688,0.82985884,0.78488204,0.74136012,0.69670572,0.64421172,0.56449724,0.48668028,0.4164106,0.34433652,0.22808396,0.15050192,0.10068724,0.0679874,0.04621696,0.03154956,0.02160732,0.01482844,0.01019096,0.00701208,0.0048292,0.00332828,0.0022948,0.00158388,0.00109376,0.00075632,0.00052352,0.00036316,0.00025236,0.00017504,0.00012184,8.484e-05,5.824e-05,4.048e-05,2.696e-05,1.752e-05,1.116e-05,6.68e-06,3.68e-06,8e-07,0.0,0.0,0.0,0.0,0.0,0.0,0.0,0.0,0.0
1/0.2,1/0.2,180.0,0.0005,0.5,0.99999024,0.9999884,0.99998528,0.99998168,0.999978,0.9999732,0.99996792,0.9999616,0.99995408,0.9999452,0.99993304,0.99991792,0.9999,0.99988112,0.99985672,0.9998292,0.9997956,0.99975664,0.99970872,0.99965416,0.9995852,0.99949952,0.99940112,0.99927768,0.99913176,0.99895392,0.9987428,0.99847808,0.99816792,0.99779896,0.99734464,0.99681816,0.99616984,0.99539296,0.99446336,0.99332424,0.9919492,0.99023976,0.98821952,0.98587048,0.98300936,0.979476,0.97523104,0.97014136,0.96396336,0.95626248,0.94693512,0.93536488,0.92083056,0.90120704,0.876568,0.84845152,0.81766576,0.78542176,0.74541692,0.70067448,0.64827024,0.58171436,0.48473008,0.38777424,0.30433964,0.22686876,0.15065224,0.10081164,0.06806004,0.04626172,0.0315812,0.02162988,0.01484656,0.0102056,0.00702248,0.00483844,0.003335,0.00230136,0.00158936,0.00109844,0.0007602,0.00052608,0.00036524,0.00025336,0.00017564,0.0001224,8.492e-05,5.872e-05,4.008e-05,2.68e-05,1.784e-05,1.128e-05,6.64e-06,3.04e-06,1.36e-06,1.6e-07,0.0,0.0,0.0,0.0,0.0,0.0,0.0,0.0
