s1,s2,alpha,source_radius,LD_coeff,1.0e-08,1.2e-08,1.5e-08,1.7e-08,2.1e-08,2.5e-08,3.1e-08,3.7e-08,4.4e-08,5.3e-08,6.4e-08,7.7e-08,9.3e-08,1.1e-07,1.4e-07,1.6e-07,2.0e-07,2.4e-07,2.8e-07,3.4e-07,4.1e-07,5.0e-07,6.0e-07,7.2e-07,8.7e-07,1.0e-06,1.3e-06,1.5e-06,1.8e-06,2.2e-06,2.7e-06,3.2e-06,3.9e-06,4.6e-06,5.6e-06,6.7e-06,8.1e-06,9.8e-06,1.2e-05,1.4e-05,1.7e-05,2.1e-05,2.5e-05,3.0e-05,3.6e-05,4.3e-05,5.2e-05,6.3e-05,7.6e-05,9.1e-05,1.1e-04,1.3e-04,1.6e-04,1.9e-04,2.3e-04,2.8e-04,3.4e-04,4.0e-04,4.9e-04,5.9e-04,7.1e-04,8.5e-04,1.0e-03,1.2e-03,1.5e-03,1.8e-03,2.2e-03,2.6e-03,3.1e-03,3.8e-03,4.5e-03,5.5e-03,6.6e-03,7.9e-03,9.5e-03,1.1e-02,1.4e-02,1.7e-02,2.0e-02,2.4e-02,2.9e-02,3.5e-02,4.2e-02,5.1e-02,6.1e-02,7.4e-02,8.9e-02,1.1e-01,1.3e-01,1.6e-01,1.9e-01,2.3e-01,2.7e-01,3.3e-01,3.9e-01,4.8e-01,5.7e-01,6.9e-01,8.3e-01,1.0e+00
0.2,0.2,0.0,0.05,0.5,0.99999304,0.99999076,0.99998932,0.9999874,0.99998472,0.99998232,0.99997872,0.9999736,0.999969,0.999963,0.99995384,0.99994456,0.99993328,0.999919,0.9998998,0.99987936,0.99985752,0.99983152,0.9998018,0.99976412,0.99971612,0.99966032,0.99959224,0.99949832,0.99938836,0.99926856,0.99912632,0.99894196,0.9987296,0.99846732,0.99815616,0.99777168,0.99730984,0.99676828,0.9961148,0.9953126,0.994362,0.99319616,0.99182984,0.99016772,0.98813672,0.98569928,0.98276792,0.97923432,0.9749838,0.96984944,0.96365104,0.95616216,0.94709828,0.93610136,0.92271548,0.90632988,0.8860978,0.86074108,0.82808176,0.78337388,0.70552196,0.59120768,0.49185748,0.40191296,0.31552104,0.21154036,0.12359824,0.06961108,0.03604928,0.01626272,0.0059412,0.00160232,0.00028708,0.0,0.0,0.0,0.0,0.0,0.0,0.0,0.0,0.0,0.0,0.0,0.0,0.0,0.0,0.0,0.0,0.0,0.0,0.0,0.0,0.0,0.0,0.0,0.0,0.0,0.0,0.0,0.0,0.0,0.0,0.0
0.2,0.2,45.0,0.05,0.5,0.99998272,0.99997912,0.9999752,0.9999696,0.99996368,0.99995672,0.99994748,0.99993708,0.99992468,0.99990868,0.99989024,0.99986724,0.9998404,0.99980724,0.999767,0.99971904,0.99966144,0.9995936,0.99951316,0.99941708,0.9992916,0.99914764,0.99897316,0.99876096,0.9985144,0.99820724,0.9978378,0.99739624,0.9968656,0.99622552,0.99545156,0.9945232,0.99339496,0.99204808,0.99041992,0.98845188,0.98608328,0.98321944,0.979745,0.97554964,0.97044784,0.96421728,0.95655648,0.94702936,0.93560496,0.92289908,0.908795,0.8931728,0.87593152,0.85697732,0.83621844,0.81343132,0.78847064,0.76086324,0.7301672,0.69604324,0.65799968,0.61528236,0.56643444,0.50457516,0.35292732,0.20407268,0.12072812,0.06875072,0.03588864,0.01625196,0.00593836,0.00161072,0.00033036,0.0,0.0,0.0,0.0,0.0,0.0,0.0,0.0,0.0,0.0,0.0,0.0,0.0,0.0,0.0,0.0,0.0,0.0,0.0,0.0,0.0,0.0,0.0,0.0,0.0,0.0,0.0,0.0,0.0,0.0,0.0
0.2,0.2,90.0,0.05,0.5,0.9999934,0.999992,0.99999056,0.99998852,0.99998632,0.9999836,0.99998012,0.9999762,0.9999716,0.99996516,0.99995844,0.9999494,0.99993952,0.99992724,0.99991256,0.9998936,0.99987268,0.99984616,0.99980828,0.99976364,0.9997114,0.99964496,0.9995784,0.99949744,0.99939884,0.99927252,0.99911168,0.99894224,0.998728,0.99846464,0.99814532,0.99778056,0.99732372,0.99677548,0.99610356,0.99531092,0.99434448,0.99320496,0.99179828,0.99012972,0.98810656,0.98566544,0.98274276,0.97920908,0.97494172,0.96979748,0.96358684,0.95608012,0.9469986,0.93598368,0.92256932,0.90615208,0.88587616,0.86046304,0.82772684,0.78289564,0.70489844,0.59094048,0.4918422,0.40207828,0.315872,0.21238172,0.12403788,0.0698572,0.03618148,0.01633348,0.00596924,0.0016134,0.000296,0.0,0.0,0.0,0.0,0.0,0.0,0.0,0.0,0.0,0.0,0.0,0.0,0.0,0.0,0.0,0.0,0.0,0.0,0.0,0.0,0.0,0.0,0.0,0.0,0.0,0.0,0.0,0.0,0.0,0.0,0.0
0.2,0.2,135.0,0.05,0.5,0.9999818,0.9999778,0.99997344,0.99996812,0.99996212,0.99995464,0.9999462,0.99993468,0.99992132,0.9999058,0.99988712,0.99986652,0.999839,0.99980564,0.99976756,0.99972036,0.99966428,0.99959652,0.9995152,0.99941688,0.99929884,0.99915496,0.99897792,0.99877232,0.99852316,0.99821956,0.99785332,0.99741768,0.99688844,0.99624788,0.99547932,0.9945556,0.99344328,0.99210484,0.99048416,0.98853516,0.98617488,0.98333016,0.9798884,0.97571736,0.97065372,0.96446296,0.95686088,0.94741788,0.935976,0.92323396,0.9090952,0.89345208,0.87618652,0.85721724,0.83644624,0.81364688,0.7886838,0.76108488,0.73040496,0.69629668,0.65827888,0.61559336,0.56680164,0.50520348,0.3546518,0.20495024,0.1212516,0.06908408,0.03608996,0.016365,0.00599428,0.0016278,0.00033504,0.0,0.0,0.0,0.0,0.0,0.0,0.0,0.0,0.0,0.0,0.0,0.0,0.0,0.0,0.0,0.0,0.0,0.0,0.0,0.0,0.0,0.0,0.0,0.0,0.0,0.0,0.0,0.0,0.0,0.0,0.0
0.2,0.2,180.0,0.05,0.5,0.99999368,0.99999252,0.99999076,0.9999892,0.99998672,0.99998368,0.99998028,0.99997664,0.99997148,0.99996536,0.99995832,0.99995052,0.99993928,0.99992768,0.99991316,0.99988944,0.99986544,0.99983676,0.99980268,0.99976236,0.99971328,0.99965352,0.99957432,0.99949712,0.99940328,0.99927348,0.99912228,0.99894444,0.99872864,0.99846744,0.99815448,0.9977774,0.99732924,0.99677476,0.9961172,0.99532952,0.99436,0.9932134,0.99180496,0.990143,0.9881316,0.98571384,0.98277696,0.97925416,0.97499748,0.96986596,0.96367052,0.95618872,0.94712996,0.936137,0.922758,0.90638724,0.88616552,0.86082932,0.82819776,0.78355672,0.70620176,0.59191048,0.49261336,0.40270728,0.31646368,0.2129548,0.1244018,0.07010052,0.0363362,0.01642344,0.00601428,0.0016278,0.00029504,0.0,0.0,0.0,0.0,0.0,0.0,0.0,0.0,0.0,0.0,0.0,0.0,0.0,0.0,0.0,0.0,0.0,0.0,0.0,0.0,0.0,0.0,0.0,0.0,0.0,0.0,0.0,0.0,0.0,0.0,0.0
0.2,0.6,0.0,0.05,0.5,0.99998732,0.99998572,0.9999832,0.99998132,0.99997768,0.99997416,0.99996856,0.99996088,0.99995268,0.99994172,0.99992996,0.99991696,0.99990144,0.99988192,0.9998594,0.99983076,0.999797,0.99975584,0.99970528,0.9996432,0.99957044,0.9994808,0.9993758,0.99924368,0.99908684,0.9989024,0.99867788,0.9984124,0.9980884,0.99769384,0.99721784,0.99664812,0.99596436,0.99514244,0.99414988,0.992947,0.9915084,0.98976812,0.98767472,0.98515028,0.98210508,0.97842656,0.9739846,0.96860872,0.96210728,0.9541932,0.944524,0.93264408,0.91785576,0.89926572,0.87672692,0.84895844,0.81260276,0.75898996,0.73787348,0.7133746,0.68383036,0.64657672,0.59515328,0.48911148,0.46799224,0.4457764,0.42108136,0.39374668,0.36349512,0.33017668,0.29363024,0.25344324,0.20832288,0.15351512,0.07722492,0.01781552,0.0047878,0.00088572,0.0,0.0,0.0,0.0,0.0,0.0,0.0,0.0,0.0,0.0,0.0,0.0,0.0,0.0,0.0,0.0,0.0,0.0,0.0,0.0,0.0,0.0,0.0,0.0,0.0,0.0
0.2,0.6,45.0,0.05,0.5,0.9999898,0.99998768,0.99998536,0.99998224,0.99997884,0.99997388,0.99996792,0.99996092,0.99995324,0.9999428,0.99992928,0.99991512,0.99989788,0.99987636,0.99985244,0.9998242,0.9997874,0.99974504,0.99969296,0.99963268,0.99956008,0.9994716,0.9993622,0.99923276,0.99907864,0.9988906,0.99866148,0.99838848,0.99805428,0.99766076,0.99718232,0.99660028,0.99591088,0.99507724,0.99406584,0.99285232,0.99139028,0.9896244,0.98750536,0.98494264,0.98186028,0.97813376,0.97364328,0.96820816,0.96164352,0.95367092,0.94396336,0.93209672,0.91745332,0.8990758,0.8754554,0.84496192,0.80883724,0.76756716,0.74280572,0.71667808,0.68812524,0.6556248,0.61537984,0.5704786,0.55455212,0.53624552,0.51527576,0.491355,0.46417996,0.43340888,0.39844912,0.35798376,0.30793568,0.21204056,0.1213402,0.02009836,0.00477736,0.0009256,0.0,0.0,0.0,0.0,0.0,0.0,0.0,0.0,0.0,0.0,0.0,0.0,0.0,0.0,0.0,0.0,0.0,0.0,0.0,0.0,0.0,0.0,0.0,0.0,0.0,0.0
0.2,0.6,90.0,0.05,0.5,0.99999016,0.99998816,0.99998592,0.99998256,0.9999786,0.9999736,0.99996836,0.99996176,0.99995456,0.99994612,0.99993436,0.99992088,0.9999042,0.99988292,0.99985944,0.9998312,0.99979548,0.99975336,0.9997032,0.99964164,0.999569,0.99947932,0.99937056,0.99924432,0.99908868,0.99890816,0.99868328,0.99841464,0.99809056,0.99769852,0.99722544,0.99666312,0.99598096,0.99515784,0.99416668,0.99297044,0.99153664,0.98979972,0.98771248,0.98519264,0.9821586,0.97848992,0.9740606,0.968706,0.96221584,0.95432792,0.94469832,0.9328488,0.91810872,0.89963344,0.87729224,0.84977312,0.81398112,0.75754452,0.73668732,0.71252908,0.68334504,0.64659064,0.59616068,0.49504004,0.46785244,0.4456648,0.42100392,0.39369568,0.36346612,0.3301692,0.29365068,0.25348696,0.20839356,0.15360552,0.07751632,0.01782416,0.00477408,0.00091384,0.0,0.0,0.0,0.0,0.0,0.0,0.0,0.0,0.0,0.0,0.0,0.0,0.0,0.0,0.0,0.0,0.0,0.0,0.0,0.0,0.0,0.0,0.0,0.0,0.0,0.0
0.2,0.6,135.0,0.05,0.5,0.99998968,0.99998756,0.99998484,0.99998164,0.99997844,0.99997416,0.99996876,0.9999626,0.99995484,0.99994576,0.99993292,0.99991888,0.9999014,0.9998826,0.99985932,0.9998288,0.9997948,0.99975212,0.9997006,0.9996386,0.99956604,0.99947712,0.99936836,0.99923852,0.99908316,0.99889512,0.9986698,0.99839464,0.99807024,0.9976728,0.99719764,0.99662416,0.99593704,0.99510368,0.99410112,0.99289324,0.9914426,0.98969016,0.98757988,0.98503508,0.98196392,0.97826608,0.9737972,0.96840096,0.96186528,0.95394764,0.94430676,0.93251476,0.91796776,0.899723,0.8762688,0.84596284,0.81009088,0.76825308,0.74344096,0.71725964,0.68869496,0.65622404,0.61608968,0.57040488,0.55449652,0.53621104,0.51526012,0.4913614,0.46421284,0.43346592,0.398542,0.35812728,0.3081662,0.21277048,0.12171144,0.0203888,0.00480252,0.00093184,0.0,0.0,0.0,0.0,0.0,0.0,0.0,0.0,0.0,0.0,0.0,0.0,0.0,0.0,0.0,0.0,0.0,0.0,0.0,0.0,0.0,0.0,0.0,0.0,0.0,0.0
0.2,0.6,180.0,0.05,0.5,0.99998924,0.99998672,0.99998404,0.9999802,0.99997648,0.99997232,0.99996668,0.99996068,0.9999532,0.99994292,0.99993148,0.999917,0.99990092,0.99988236,0.99985964,0.9998308,0.99979768,0.99975716,0.99970788,0.99964768,0.9995714,0.99948848,0.99937804,0.999243,0.99909784,0.99890852,0.99868844,0.99842036,0.99809484,0.99770808,0.99723312,0.99667128,0.99598564,0.99517492,0.99418004,0.9929936,0.99155572,0.989832,0.98774708,0.98523388,0.9822062,0.97855304,0.9741392,0.96879856,0.96232744,0.95446288,0.94487068,0.93305984,0.91837668,0.89989736,0.8774872,0.84988648,0.8139572,0.75841176,0.73744728,0.7131584,0.68386732,0.646973,0.59627388,0.49350976,0.46786112,0.4456858,0.4210418,0.39375156,0.36354032,0.3302606,0.29376944,0.25363172,0.20858176,0.15391164,0.07765488,0.01790064,0.00481268,0.00089244,0.0,0.0,0.0,0.0,0.0,0.0,0.0,0.0,0.0,0.0,0.0,0.0,0.0,0.0,0.0,0.0,0.0,0.0,0.0,0.0,0.0,0.0,0.0,0.0,0.0,0.0
0.2,1.0,0.0,0.05,0.5,0.99999812,0.99999772,0.99999744,0.99999732,0.99999712,0.99999652,0.99999568,0.99999484,0.99999376,0.99999328,0.99999176,0.99999016,0.9999888,0.99998584,0.99998352,0.99997948,0.99997616,0.99997084,0.99996552,0.9999582,0.99994936,0.99993812,0.99992536,0.99990928,0.99989136,0.99986976,0.999845,0.99981088,0.99977244,0.9997238,0.9996656,0.9995978,0.999514,0.9994146,0.99929576,0.99915496,0.99898168,0.99877336,0.99852228,0.99821772,0.99785996,0.9974182,0.99688516,0.99624232,0.99546324,0.99452532,0.99340216,0.99205236,0.99044144,0.98849004,0.98612496,0.98328624,0.97987008,0.97572956,0.9707542,0.96473448,0.95746052,0.9486542,0.93795336,0.9249332,0.90902352,0.88950604,0.8654502,0.83560008,0.79810688,0.74927644,0.6887526,0.62158076,0.558675,0.49988572,0.44410272,0.38882876,0.33062748,0.26761488,0.13167316,0.04480432,0.0143004,0.00165608,0.0,0.0,0.0,0.0,0.0,0.0,0.0,0.0,0.0,0.0,0.0,0.0,0.0,0.0,0.0,0.0,0.0,0.0,0.0,0.0,0.0,0.0
0.2,1.0,45.0,0.05,0.5,0.9999968,0.99999616,0.99999552,0.99999484,0.9999934,0.99999244,0.9999908,0.999989,0.99998648,0.99998372,0.9999806,0.99997688,0.99997172,0.99996568,0.9999586,0.99994992,0.9999394,0.99992708,0.99991204,0.99989268,0.99987052,0.999843,0.99981164,0.99977364,0.99972924,0.99967352,0.99960384,0.9995256,0.99942924,0.99931104,0.99917112,0.99900176,0.99879312,0.99854556,0.99824484,0.99788548,0.99745336,0.9969356,0.99631008,0.99555824,0.99464428,0.99354604,0.9922212,0.99062404,0.98869224,0.98635524,0.98351948,0.9800762,0.9758662,0.97068724,0.96423788,0.95605336,0.94544352,0.93340868,0.92031292,0.90609776,0.89071036,0.87406996,0.85612728,0.83685312,0.81622484,0.7943132,0.77083784,0.74543268,0.71797192,0.68830032,0.65630492,0.6219182,0.585178,0.5463396,0.50611028,0.4648236,0.41745144,0.36649868,0.29368416,0.21298716,0.16145092,0.105007,0.06274564,0.03152932,0.01214632,0.00254088,3.612e-05,0.0,0.0,0.0,0.0,0.0,0.0,0.0,0.0,0.0,0.0,0.0,0.0,0.0,0.0,0.0,0.0,0.0
0.2,1.0,90.0,0.05,0.5,0.99999876,0.99999848,0.9999982,0.99999768,0.99999728,0.99999668,0.99999624,0.99999552,0.99999456,0.99999356,0.99999236,0.99999068,0.99998824,0.99998528,0.99998244,0.9999786,0.99997464,0.9999692,0.99996312,0.99995524,0.9999468,0.99993596,0.99992396,0.99990864,0.99989004,0.99986832,0.99984192,0.9998092,0.99977016,0.99972276,0.9996658,0.9995982,0.99951296,0.99941464,0.99929368,0.999148,0.99897584,0.99876584,0.99851416,0.99820764,0.99783784,0.99739048,0.99685316,0.99621116,0.99544004,0.99450632,0.99338056,0.9920222,0.990397,0.98842872,0.98606788,0.98320872,0.97976864,0.97562076,0.97061064,0.9645672,0.95726208,0.94840964,0.93767784,0.92460012,0.90863268,0.8890528,0.86493952,0.83504328,0.79752036,0.74874672,0.68821544,0.62114072,0.55837948,0.49972884,0.44407332,0.3890058,0.33092324,0.26798876,0.132513,0.04455992,0.01397612,0.0015158,0.0,0.0,0.0,0.0,0.0,0.0,0.0,0.0,0.0,0.0,0.0,0.0,0.0,0.0,0.0,0.0,0.0,0.0,0.0,0.0,0.0,0.0
0.2,1.0,135.0,0.05,0.5,0.99999708,0.99999652,0.99999572,0.99999456,0.99999352,0.99999228,0.9999904,0.99998816,0.99998548,0.99998272,0.9999798,0.99997544,0.99997024,0.9999648,0.99995776,0.9999486,0.99993872,0.99992724,0.99991192,0.99989288,0.99986992,0.99984336,0.99981192,0.99977428,0.99972868,0.99967352,0.9996062,0.999525,0.9994284,0.99930948,0.99916988,0.99899788,0.99879164,0.99854396,0.9982476,0.99788848,0.99745536,0.99693768,0.9963118,0.995559,0.9946476,0.99355128,0.99223088,0.99063104,0.98870252,0.98637064,0.98354232,0.98009688,0.97589196,0.9707198,0.96427688,0.95610344,0.94549932,0.9334374,0.92032,0.90607596,0.89066,0.87399188,0.85602536,0.83672096,0.81607212,0.79414168,0.77064644,0.74523748,0.71776764,0.6881158,0.65615148,0.62181124,0.58515272,0.54641968,0.50629528,0.4651346,0.41789368,0.36714136,0.2946878,0.21307544,0.16126012,0.10451716,0.0627824,0.03152896,0.01212804,0.00251384,2.964e-05,0.0,0.0,0.0,0.0,0.0,0.0,0.0,0.0,0.0,0.0,0.0,0.0,0.0,0.0,0.0,0.0,0.0
0.2,1.0,180.0,0.05,0.5,0.9999984,0.99999804,0.99999784,0.99999756,0.99999736,0.99999712,0.99999628,0.9999956,0.99999472,0.99999344,0.99999144,0.99998992,0.99998796,0.99998612,0.99998332,0.99997988,0.99997572,0.99997064,0.9999638,0.99995728,0.99994852,0.99993844,0.99992604,0.99990992,0.99989188,0.99986928,0.99984224,0.99981128,0.99976976,0.99972328,0.9996648,0.99959508,0.99951248,0.9994108,0.99928612,0.99914148,0.99896588,0.99875752,0.99850244,0.99819928,0.9978314,0.99739192,0.99685956,0.99621876,0.9954368,0.99449324,0.99337444,0.99202736,0.99040344,0.98844964,0.98605864,0.98320372,0.97978108,0.97561848,0.97061536,0.96457328,0.95726452,0.948417,0.93768448,0.9246142,0.90865204,0.88905736,0.86493112,0.83502188,0.79748604,0.74868936,0.68820532,0.62116688,0.5584526,0.49986408,0.4442694,0.3892554,0.33123032,0.26842364,0.13347136,0.04439824,0.01369088,0.00136808,0.0,0.0,0.0,0.0,0.0,0.0,0.0,0.0,0.0,0.0,0.0,0.0,0.0,0.0,0.0,0.0,0.0,0.0,0.0,0.0,0.0,0.0
0.2,1/0.6,0.0,0.05,0.5,0.99998952,0.99998728,0.99998408,0.99998144,0.99997768,0.99997208,0.99996712,0.99996064,0.9999512,0.99994116,0.99993048,0.99991576,0.99990184,0.9998828,0.99985928,0.99983192,0.99980024,0.99976232,0.99971472,0.9996574,0.99958788,0.99949848,0.99940208,0.99928324,0.9991424,0.99896264,0.99875232,0.99850316,0.99819504,0.99781188,0.99734676,0.99680832,0.99616712,0.99538008,0.99445336,0.99330168,0.99192928,0.99028532,0.98828212,0.98589868,0.98300124,0.979524,0.97531168,0.97023164,0.9640562,0.95660856,0.94753152,0.93640784,0.92263032,0.90537788,0.884363,0.8592336,0.82851952,0.78912992,0.7259346,0.69793708,0.666825,0.62537428,0.55856872,0.4888956,0.46906896,0.44688252,0.42218276,0.3947888,0.36454084,0.33122016,0.29467568,0.2545406,0.20964144,0.15608328,0.0695278,0.01745488,0.00475856,0.00087908,0.0,0.0,0.0,0.0,0.0,0.0,0.0,0.0,0.0,0.0,0.0,0.0,0.0,0.0,0.0,0.0,0.0,0.0,0.0,0.0,0.0,0.0,0.0,0.0,0.0,0.0
0.2,1/0.6,45.0,0.05,0.5,0.99998844,0.99998592,0.99998292,0.99997912,0.99997464,0.99996988,0.99996348,0.99995628,0.99994712,0.99993524,0.99992316,0.99990656,0.99988784,0.99986424,0.99983656,0.99980532,0.99976492,0.99971744,0.99966008,0.9995902,0.99950696,0.99940408,0.99927804,0.99912856,0.9989474,0.998729,0.99847256,0.99816384,0.99779148,0.99733972,0.99678636,0.99613528,0.99534716,0.99439192,0.99324648,0.99187168,0.99020224,0.98819508,0.98577372,0.98285668,0.97933256,0.97508816,0.96993708,0.9637204,0.95614932,0.94694832,0.93563384,0.92161576,0.90402864,0.8835538,0.86051892,0.83465868,0.80472516,0.76848624,0.7209932,0.69711328,0.6697458,0.63652568,0.59076244,0.57058236,0.554776,0.53657756,0.5157102,0.49189284,0.46484232,0.43423828,0.39957172,0.35973928,0.31177388,0.24403728,0.101612,0.0174266,0.0047436,0.00092212,0.0,0.0,0.0,0.0,0.0,0.0,0.0,0.0,0.0,0.0,0.0,0.0,0.0,0.0,0.0,0.0,0.0,0.0,0.0,0.0,0.0,0.0,0.0,0.0,0.0,0.0
0.2,1/0.6,90.0,0.05,0.5,0.99999092,0.99998892,0.99998592,0.9999828,0.99997944,0.99997452,0.99996904,0.99996276,0.99995552,0.99994644,0.99993616,0.99992312,0.99990828,0.99989024,0.99986772,0.99984076,0.99980844,0.99976756,0.99971892,0.99966408,0.99959632,0.99951548,0.99941744,0.99929248,0.99914824,0.99897208,0.99874888,0.99849472,0.99818992,0.99782152,0.99738528,0.99685356,0.996199,0.9954276,0.99448532,0.99335924,0.99199152,0.99037284,0.9884006,0.98602364,0.983139,0.9796978,0.97552112,0.97048692,0.96439036,0.95699484,0.948014,0.93701716,0.92347244,0.90652088,0.88517928,0.85981724,0.82891056,0.78930272,0.72555704,0.69865496,0.66739672,0.62568236,0.55802424,0.48870328,0.46889176,0.44673044,0.4220486,0.3946724,0.36443068,0.33111852,0.29459152,0.25446392,0.209572,0.15602244,0.06910744,0.017411,0.00473288,0.00090452,0.0,0.0,0.0,0.0,0.0,0.0,0.0,0.0,0.0,0.0,0.0,0.0,0.0,0.0,0.0,0.0,0.0,0.0,0.0,0.0,0.0,0.0,0.0,0.0,0.0,0.0
0.2,1/0.6,135.0,0.05,0.5,0.99998772,0.99998548,0.99998216,0.99997876,0.99997468,0.99996952,0.99996336,0.999956,0.99994712,0.99993656,0.99992312,0.99990716,0.99988728,0.9998646,0.99983796,0.9998038,0.99976224,0.99971404,0.99965544,0.99958636,0.99950132,0.99939988,0.99927708,0.99912668,0.99894828,0.99873224,0.99847112,0.99815792,0.9977844,0.99732824,0.99677988,0.99612284,0.99533208,0.99437772,0.9932246,0.99183868,0.99017308,0.98815644,0.98572832,0.9828048,0.97927364,0.97500688,0.96984712,0.96360912,0.95602016,0.94676856,0.93542772,0.92134108,0.90371312,0.88317888,0.8603224,0.83453268,0.8046676,0.76853076,0.72069236,0.69687712,0.66956668,0.63642952,0.590815,0.57059432,0.5547868,0.53658856,0.51571592,0.49189788,0.46484572,0.43423448,0.39956308,0.3597258,0.31175288,0.24399276,0.10148728,0.01741688,0.00474164,0.00091908,0.0,0.0,0.0,0.0,0.0,0.0,0.0,0.0,0.0,0.0,0.0,0.0,0.0,0.0,0.0,0.0,0.0,0.0,0.0,0.0,0.0,0.0,0.0,0.0,0.0,0.0
0.2,1/0.6,180.0,0.05,0.5,0.99999104,0.99998872,0.99998648,0.99998288,0.99997968,0.99997524,0.99997028,0.99996412,0.99995668,0.99994788,0.9999378,0.99992468,0.99990996,0.99989244,0.99986924,0.99984396,0.99981004,0.99976844,0.99972164,0.99966148,0.99959348,0.99951188,0.99941196,0.99928884,0.9991402,0.9989598,0.9987362,0.99848456,0.99817492,0.99780948,0.99736824,0.9968286,0.99617812,0.995393,0.99444324,0.99331708,0.99194772,0.990311,0.98832064,0.98593236,0.98303208,0.9795594,0.97535772,0.97028296,0.9641586,0.95671472,0.94764888,0.93655376,0.9228676,0.90558472,0.88447612,0.85924528,0.82841892,0.78886544,0.7252046,0.69815588,0.66694012,0.62531284,0.55792384,0.48885892,0.46903108,0.44684512,0.42214512,0.39475624,0.36449884,0.33117524,0.29463864,0.25450172,0.2095986,0.1560326,0.06944492,0.0174408,0.00475412,0.00087664,0.0,0.0,0.0,0.0,0.0,0.0,0.0,0.0,0.0,0.0,0.0,0.0,0.0,0.0,0.0,0.0,0.0,0.0,0.0,0.0,0.0,0.0,0.0,0.0,0.0,0.0
0.2,1/0.2,0.0,0.05,0.5,0.99999328,0.99999156,0.99998912,0.99998708,0.99998512,0.99998216,0.99997888,0.99997432,0.99997,0.99996312,0.99995552,0.99994576,0.9999362,0.99992324,0.99990688,0.99988676,0.99986252,0.99983348,0.99979768,0.99975716,0.99970572,0.99964648,0.99957124,0.999488,0.99938496,0.99925612,0.99910348,0.99892068,0.99870096,0.99843188,0.99811452,0.9977292,0.99726664,0.99670752,0.99603052,0.995218,0.99423916,0.99306436,0.99164064,0.98993288,0.98787088,0.98539184,0.98240184,0.97879264,0.97444348,0.96919224,0.96285176,0.95518596,0.9458838,0.9345878,0.92079024,0.90381528,0.88266924,0.8556808,0.81907984,0.76034992,0.69280988,0.61208576,0.50340672,0.40871232,0.3181942,0.2170392,0.126509,0.07100784,0.03674784,0.01660228,0.00608396,0.0016466,0.00029828,0.0,0.0,0.0,0.0,0.0,0.0,0.0,0.0,0.0,0.0,0.0,0.0,0.0,0.0,0.0,0.0,0.0,0.0,0.0,0.0,0.0,0.0,0.0,0.0,0.0,0.0,0.0,0.0,0.0,0.0,0.0
0.2,1/0.2,45.0,0.05,0.5,0.999988,0.99998572,0.99998236,0.99997928,0.99997504,0.99997012,0.99996448,0.99995728,0.99994912,0.99993776,0.99992584,0.99990916,0.99989184,0.99986968,0.99984256,0.99981004,0.99977164,0.99972364,0.99966352,0.99959456,0.99951244,0.99941352,0.99929628,0.999153,0.99897588,0.99876808,0.998518,0.9982114,0.99784768,0.99740752,0.99687524,0.99623856,0.99546928,0.99453928,0.99342068,0.99207572,0.99045604,0.98849684,0.98614064,0.9832908,0.97985572,0.975699,0.97066372,0.96454824,0.95709576,0.94795128,0.93660032,0.92225136,0.90359092,0.87880296,0.85258664,0.82554144,0.7971484,0.767065,0.73493276,0.69972356,0.66078148,0.6172596,0.56751204,0.49728296,0.36356784,0.21024272,0.12329892,0.06999724,0.03651968,0.0165574,0.00606916,0.00165284,0.00033636,0.0,0.0,0.0,0.0,0.0,0.0,0.0,0.0,0.0,0.0,0.0,0.0,0.0,0.0,0.0,0.0,0.0,0.0,0.0,0.0,0.0,0.0,0.0,0.0,0.0,0.0,0.0,0.0,0.0,0.0,0.0
0.2,1/0.2,90.0,0.05,0.5,0.99999332,0.99999232,0.99999064,0.99998876,0.99998612,0.99998312,0.99997848,0.99997368,0.99996808,0.9999608,0.9999528,0.9999434,0.99993224,0.99991924,0.99990268,0.9998812,0.9998562,0.99982936,0.99979728,0.99975608,0.9997078,0.9996492,0.99957592,0.99948812,0.9993814,0.99925456,0.99910788,0.99892076,0.99870028,0.99843516,0.9981164,0.99772704,0.99726432,0.99670244,0.99603228,0.99522168,0.99424652,0.99306612,0.99165268,0.98994084,0.98788416,0.985401,0.98240688,0.97881024,0.97445728,0.96920976,0.96287084,0.95521264,0.94592876,0.9346352,0.920853,0.90389232,0.88276752,0.85582844,0.81932236,0.76073376,0.69301244,0.61176252,0.503021,0.40840132,0.31789488,0.21684764,0.12645564,0.07097404,0.03672176,0.01658472,0.00607264,0.00164524,0.00030112,0.0,0.0,0.0,0.0,0.0,0.0,0.0,0.0,0.0,0.0,0.0,0.0,0.0,0.0,0.0,0.0,0.0,0.0,0.0,0.0,0.0,0.0,0.0,0.0,0.0,0.0,0.0,0.0,0.0,0.0,0.0
0.2,1/0.2,135.0,0.05,0.5,0.99998908,0.99998616,0.9999828,0.99997952,0.99997544,0.99996972,0.99996356,0.99995612,0.99994684,0.99993628,0.99992384,0.99990812,0.99988916,0.99986556,0.99983848,0.99980588,0.99976676,0.99972028,0.9996638,0.99959576,0.999514,0.99941224,0.99929136,0.99914576,0.99897396,0.9987628,0.99850904,0.9982052,0.99783744,0.99739648,0.99686224,0.99622112,0.995447,0.99451876,0.99339684,0.99204488,0.99041304,0.98845148,0.98608024,0.9832252,0.97977056,0.97559924,0.97054416,0.96440308,0.95691472,0.94772824,0.93632604,0.92191704,0.9031486,0.87832124,0.8521836,0.82520324,0.79685692,0.76681764,0.73471584,0.69953448,0.66061468,0.61711204,0.56738296,0.49717164,0.36355664,0.21028832,0.1233164,0.07000136,0.03652124,0.01655788,0.00607064,0.0016532,0.00033516,0.0,0.0,0.0,0.0,0.0,0.0,0.0,0.0,0.0,0.0,0.0,0.0,0.0,0.0,0.0,0.0,0.0,0.0,0.0,0.0,0.0,0.0,0.0,0.0,0.0,0.0,0.0,0.0,0.0,0.0,0.0
0.2,1/0.2,180.0,0.05,0.5,0.99999288,0.99999176,0.9999906,0.99998844,0.99998648,0.99998268,0.99997932,0.99997548,0.99996976,0.99996364,0.99995544,0.99994656,0.9999346,0.9999214,0.99990404,0.9998844,0.99986172,0.99983312,0.99979836,0.9997556,0.99970704,0.99964656,0.99957352,0.99948956,0.99938136,0.99925624,0.99910496,0.9989234,0.99869996,0.9984358,0.998117,0.99773092,0.99726728,0.9967088,0.99603452,0.99522244,0.99424632,0.99306936,0.99165064,0.989943,0.98788548,0.98540476,0.98241528,0.97881056,0.97446412,0.96922336,0.96288608,0.95521956,0.94593376,0.93464632,0.92086596,0.90391488,0.88278876,0.855847,0.81934104,0.76073208,0.69307148,0.61207644,0.50330032,0.40859612,0.31806632,0.21694016,0.12648036,0.0709962,0.03673984,0.0165984,0.00607992,0.00164608,0.00029756,0.0,0.0,0.0,0.0,0.0,0.0,0.0,0.0,0.0,0.0,0.0,0.0,0.0,0.0,0.0,0.0,0.0,0.0,0.0,0.0,0.0,0.0,0.0,0.0,0.0,0.0,0.0,0.0,0.0,0.0,0.0
0.6,0.2,0.0,0.05,0.5,0.9999932,0.99999168,0.99999008,0.99998816,0.999986,0.99998208,0.99997856,0.99997424,0.99996872,0.9999628,0.99995544,0.99994584,0.9999352,0.99992152,0.9999044,0.9998852,0.99986336,0.99983656,0.99980352,0.99976352,0.99970648,0.99964848,0.99958232,0.99950296,0.99940784,0.99928896,0.99912168,0.99894592,0.99873792,0.99848376,0.99815272,0.99779848,0.99733984,0.99679864,0.99613464,0.99534736,0.99438728,0.99324704,0.99186216,0.99020464,0.9881952,0.98577352,0.98286696,0.97936632,0.9751248,0.9700228,0.9638608,0.956414,0.94740816,0.93647872,0.92317976,0.90691216,0.88682864,0.86169268,0.82938232,0.78533068,0.70961276,0.59445776,0.49426968,0.40321048,0.31548488,0.2095204,0.12273272,0.06922084,0.03587584,0.01618788,0.00588776,0.00152336,0.000191,0.0,0.0,0.0,0.0,0.0,0.0,0.0,0.0,0.0,0.0,0.0,0.0,0.0,0.0,0.0,0.0,0.0,0.0,0.0,0.0,0.0,0.0,0.0,0.0,0.0,0.0,0.0,0.0,0.0,0.0,0.0
0.6,0.2,45.0,0.05,0.5,0.99998176,0.99997684,0.99997224,0.99996692,0.99996092,0.9999542,0.99994532,0.99993492,0.9999226,0.99990796,0.9998898,0.99986708,0.99984088,0.99981072,0.99977176,0.99972644,0.99967048,0.99960552,0.99952412,0.99942584,0.99930952,0.999169,0.99899084,0.998791,0.99854492,0.99824452,0.9978846,0.99745516,0.9969312,0.9963014,0.99554124,0.99463132,0.99353652,0.99221872,0.99062328,0.98870056,0.98637332,0.98356836,0.98017956,0.97606576,0.9710756,0.96497892,0.9574816,0.94816344,0.93678308,0.92404308,0.90988856,0.89418624,0.87683516,0.85774584,0.83682724,0.81394372,0.78887344,0.7611234,0.73026236,0.69595052,0.65771084,0.61480764,0.56579132,0.50337592,0.35314352,0.20368956,0.1203892,0.06845656,0.03566452,0.01618672,0.00617328,0.00162192,0.0,0.0,0.0,0.0,0.0,0.0,0.0,0.0,0.0,0.0,0.0,0.0,0.0,0.0,0.0,0.0,0.0,0.0,0.0,0.0,0.0,0.0,0.0,0.0,0.0,0.0,0.0,0.0,0.0,0.0,0.0,0.0
0.6,0.2,90.0,0.05,0.5,0.99999292,0.99999128,0.99998924,0.99998728,0.99998496,0.99998148,0.9999776,0.9999728,0.99996656,0.99995976,0.9999518,0.99994196,0.99992952,0.99991244,0.99989724,0.99987828,0.99985528,0.99982808,0.99979516,0.99975604,0.99970852,0.99965144,0.99958364,0.99949032,0.9993744,0.99925456,0.9991116,0.99892216,0.99870208,0.99843968,0.99811924,0.9977282,0.99726724,0.99671008,0.99603632,0.99523396,0.99426356,0.9930776,0.9916724,0.98996424,0.9879122,0.98544008,0.98245108,0.97885872,0.9745216,0.96929092,0.96297184,0.95533552,0.94608944,0.93486412,0.92118516,0.90443712,0.88375256,0.85787568,0.82471544,0.77968944,0.702722,0.58968736,0.49117548,0.40178316,0.31583092,0.2130612,0.124346,0.07004784,0.03635528,0.01654308,0.00613324,0.00132172,7.024e-05,0.0,0.0,0.0,0.0,0.0,0.0,0.0,0.0,0.0,0.0,0.0,0.0,0.0,0.0,0.0,0.0,0.0,0.0,0.0,0.0,0.0,0.0,0.0,0.0,0.0,0.0,0.0,0.0,0.0,0.0,0.0
0.6,0.2,135.0,0.05,0.5,0.9999838,0.99998048,0.99997656,0.99997204,0.99996484,0.99995756,0.99994852,0.9999382,0.99992656,0.99991204,0.99989488,0.99987216,0.9998464,0.99981592,0.9997748,0.99972692,0.99967052,0.99960216,0.99952024,0.9994216,0.99930068,0.99916264,0.9989952,0.99878604,0.99853788,0.9982386,0.99787824,0.9974402,0.99692344,0.99629572,0.9955338,0.99461952,0.993522,0.99219172,0.99059416,0.98866108,0.98632684,0.98351876,0.98011556,0.97599548,0.97098432,0.96487336,0.9573624,0.94802644,0.93674832,0.9241832,0.91023256,0.8947702,0.87769036,0.85888596,0.83823112,0.81549344,0.79052272,0.7629182,0.73214956,0.69788652,0.65966656,0.61678672,0.5678202,0.5059728,0.3558738,0.2056488,0.12170348,0.069384,0.03630032,0.0165604,0.00634916,0.00168396,0.0,0.0,0.0,0.0,0.0,0.0,0.0,0.0,0.0,0.0,0.0,0.0,0.0,0.0,0.0,0.0,0.0,0.0,0.0,0.0,0.0,0.0,0.0,0.0,0.0,0.0,0.0,0.0,0.0,0.0,0.0,0.0
0.6,0.2,180.0,0.05,0.5,0.99999296,0.9999908,0.99998928,0.99998752,0.99998472,0.99998152,0.99997864,0.99997352,0.9999684,0.99996128,0.99995384,0.99994424,0.99993328,0.99991896,0.99990136,0.99987732,0.9998554,0.9998278,0.99979652,0.9997598,0.99971372,0.99965884,0.99958808,0.99949904,0.99939288,0.999271,0.99913004,0.9989428,0.99872512,0.99846968,0.99815828,0.997769,0.99731944,0.99676476,0.99611564,0.99531904,0.99436568,0.99320592,0.99182632,0.99018096,0.98813848,0.985708,0.98277876,0.97925072,0.97499516,0.96986552,0.96367556,0.95618524,0.94712828,0.93613924,0.92275652,0.90638016,0.88615844,0.86081624,0.82817992,0.78354228,0.70621532,0.59260748,0.49369364,0.4038464,0.31779056,0.21465392,0.12543508,0.07075424,0.03673728,0.0166398,0.00608784,0.00159136,0.00021076,0.0,0.0,0.0,0.0,0.0,0.0,0.0,0.0,0.0,0.0,0.0,0.0,0.0,0.0,0.0,0.0,0.0,0.0,0.0,0.0,0.0,0.0,0.0,0.0,0.0,0.0,0.0,0.0,0.0,0.0,0.0
0.6,0.6,0.0,0.05,0.5,0.99998928,0.99998732,0.99998516,0.99998124,0.9999778,0.99997316,0.99996732,0.99996036,0.99995156,0.9999418,0.99993028,0.99991844,0.99990116,0.99988096,0.99985536,0.99982648,0.9997892,0.99974512,0.99968824,0.99961892,0.9995424,0.999458,0.9993476,0.99921576,0.99905416,0.99885656,0.99862496,0.99834856,0.99800808,0.99759628,0.99710312,0.99651408,0.99580064,0.9949412,0.99391288,0.99266504,0.99116132,0.98934996,0.98716748,0.9845378,0.98136984,0.97753636,0.97289872,0.96729236,0.9604784,0.95219168,0.94202756,0.92946132,0.91367784,0.89389864,0.86981612,0.839249,0.7914032,0.76896824,0.74945336,0.7260176,0.69727996,0.660345,0.60859208,0.5215252,0.46908292,0.44658544,0.4216884,0.39420716,0.36382656,0.33038776,0.29373188,0.25342028,0.20812964,0.15289964,0.07695248,0.01825796,0.00483,0.00073356,0.0,0.0,0.0,0.0,0.0,0.0,0.0,0.0,0.0,0.0,0.0,0.0,0.0,0.0,0.0,0.0,0.0,0.0,0.0,0.0,0.0,0.0,0.0,0.0,0.0,0.0
0.6,0.6,45.0,0.05,0.5,0.9999888,0.99998668,0.99998384,0.9999802,0.99997652,0.99997244,0.99996672,0.99996008,0.99995124,0.99994208,0.99992908,0.99991376,0.99989724,0.9998782,0.99985368,0.99982208,0.9997838,0.9997402,0.99968768,0.999623,0.99954852,0.99945596,0.99934484,0.999213,0.99905244,0.9988604,0.99862848,0.99834384,0.9980022,0.99759684,0.99710696,0.99651504,0.99580072,0.99494232,0.99390728,0.99265716,0.99115412,0.98934528,0.9871622,0.98453044,0.98135592,0.97751716,0.9728874,0.96727556,0.96047676,0.95224884,0.94227288,0.93015404,0.91519088,0.89670228,0.87322408,0.84240504,0.80759856,0.77617044,0.73912364,0.7066788,0.67811864,0.64587772,0.60661528,0.57172576,0.55440424,0.53611712,0.51515528,0.49123404,0.46406448,0.43329156,0.39833444,0.35787616,0.30779964,0.21122588,0.12149668,0.02079324,0.00497884,0.00054212,0.0,0.0,0.0,0.0,0.0,0.0,0.0,0.0,0.0,0.0,0.0,0.0,0.0,0.0,0.0,0.0,0.0,0.0,0.0,0.0,0.0,0.0,0.0,0.0,0.0,0.0
0.6,0.6,90.0,0.05,0.5,0.99998952,0.99998728,0.99998472,0.99998092,0.99997724,0.99997228,0.99996608,0.9999602,0.99995152,0.99994232,0.99993092,0.99991776,0.999901,0.9998804,0.99985644,0.99982668,0.9997924,0.9997498,0.9996988,0.99963692,0.99956012,0.99947324,0.9993668,0.99923808,0.9990868,0.9988956,0.9986678,0.99839936,0.99807328,0.99767756,0.99719364,0.99662096,0.995934,0.99509908,0.99409916,0.9928912,0.99143756,0.98968216,0.9875714,0.98502204,0.98195272,0.97823904,0.97374964,0.9683304,0.9617418,0.953739,0.9439418,0.93184524,0.9167274,0.8981808,0.87568432,0.84735848,0.80478116,0.7772848,0.73965792,0.71102308,0.68232936,0.64642764,0.59834148,0.51896948,0.46777912,0.44558336,0.42091216,0.39360968,0.36338124,0.33009104,0.29356976,0.25339984,0.20828276,0.15336076,0.07797076,0.01814472,0.00495872,0.00046388,0.0,0.0,0.0,0.0,0.0,0.0,0.0,0.0,0.0,0.0,0.0,0.0,0.0,0.0,0.0,0.0,0.0,0.0,0.0,0.0,0.0,0.0,0.0,0.0,0.0,0.0
0.6,0.6,135.0,0.05,0.5,0.999989,0.9999868,0.99998392,0.99998036,0.9999766,0.9999714,0.99996676,0.9999614,0.9999538,0.99994484,0.99993224,0.99991848,0.99990248,0.99988208,0.99985972,0.99983208,0.99979872,0.99975712,0.99970784,0.99965064,0.9995758,0.999491,0.99938532,0.99925984,0.9991038,0.99892092,0.99869844,0.99843656,0.99811496,0.9977324,0.99726584,0.99670652,0.99603492,0.99522256,0.99424056,0.99306828,0.9916512,0.98993924,0.98787916,0.9853962,0.98240232,0.97879064,0.97442584,0.96915464,0.9627756,0.95503084,0.94560272,0.93404304,0.9197488,0.90179904,0.87871112,0.84849636,0.8125564,0.77236724,0.74738204,0.72026584,0.69095504,0.65758172,0.6158504,0.57043536,0.55452332,0.53624448,0.51530368,0.49141308,0.46427484,0.4335388,0.39861592,0.3581816,0.30813708,0.211863,0.12214064,0.02110576,0.00516832,0.00050652,0.0,0.0,0.0,0.0,0.0,0.0,0.0,0.0,0.0,0.0,0.0,0.0,0.0,0.0,0.0,0.0,0.0,0.0,0.0,0.0,0.0,0.0,0.0,0.0,0.0,0.0
0.6,0.6,180.0,0.05,0.5,0.9999896,0.99998752,0.99998528,0.99998264,0.9999782,0.99997396,0.99996908,0.99996244,0.9999562,0.99994692,0.99993628,0.99992052,0.99990372,0.99988388,0.99986204,0.99983316,0.99979836,0.99975452,0.99970516,0.99964808,0.99957628,0.9994862,0.99937768,0.99924484,0.99909144,0.99890752,0.99868232,0.99840976,0.99808652,0.997701,0.99723108,0.99666044,0.99597472,0.99515852,0.99416256,0.99296736,0.99153144,0.98980344,0.98771188,0.98519324,0.9821546,0.97848868,0.97406456,0.96870628,0.96222172,0.95432632,0.94469752,0.93285752,0.91811364,0.89961688,0.877223,0.84963248,0.81371508,0.75814208,0.73720348,0.71299844,0.68380628,0.64708044,0.59676228,0.49642808,0.46805668,0.44588492,0.42124172,0.39396904,0.36378752,0.33054772,0.29410252,0.25404332,0.20913728,0.15495808,0.07775644,0.01795812,0.00480236,0.0007368,0.0,0.0,0.0,0.0,0.0,0.0,0.0,0.0,0.0,0.0,0.0,0.0,0.0,0.0,0.0,0.0,0.0,0.0,0.0,0.0,0.0,0.0,0.0,0.0,0.0,0.0
0.6,1.0,0.0,0.05,0.5,0.99999888,0.99999848,0.99999824,0.99999736,0.99999688,0.99999624,0.9999956,0.99999464,0.99999384,0.99999288,0.99999152,0.99998968,0.99998732,0.99998516,0.99998132,0.99997796,0.9999744,0.99996968,0.99996312,0.99995592,0.99994808,0.99993848,0.99992536,0.99991016,0.99989208,0.99986796,0.99984144,0.9998116,0.99977272,0.99972604,0.99967128,0.99960228,0.9995232,0.99942464,0.99930408,0.99916392,0.99899392,0.99878908,0.99853884,0.99823584,0.9978818,0.99744208,0.99691016,0.99627604,0.9955068,0.994576,0.99345984,0.9921292,0.99052836,0.988595,0.98626072,0.983434,0.98003896,0.97594992,0.971006,0.96503964,0.9578342,0.94910436,0.93850392,0.92563748,0.9099328,0.89068232,0.86698928,0.83753068,0.80037192,0.75145936,0.69312832,0.6271762,0.56308812,0.50321752,0.44655584,0.38970364,0.33154128,0.2683042,0.13058344,0.0471878,0.01499552,0.00132968,0.0,0.0,0.0,0.0,0.0,0.0,0.0,0.0,0.0,0.0,0.0,0.0,0.0,0.0,0.0,0.0,0.0,0.0,0.0,0.0,0.0,0.0
0.6,1.0,45.0,0.05,0.5,0.99999732,0.99999672,0.9999962,0.99999544,0.99999416,0.99999288,0.99999136,0.99998892,0.99998684,0.999984,0.9999812,0.99997788,0.99997304,0.9999678,0.99996048,0.99995216,0.99994312,0.999931,0.9999164,0.99989964,0.9998782,0.99985356,0.99982212,0.9997854,0.99974136,0.9996896,0.99962588,0.99954828,0.99945572,0.99934632,0.9992122,0.9990524,0.99885616,0.9986232,0.99834376,0.99800348,0.99759204,0.99710192,0.99650996,0.9957936,0.99493172,0.99389416,0.99264384,0.99113552,0.9893088,0.98710476,0.98442928,0.98117236,0.97720444,0.97233048,0.96627052,0.95862292,0.9486572,0.93625068,0.92272544,0.90803352,0.89209484,0.87484408,0.85623812,0.83632952,0.81519588,0.79289768,0.76914228,0.74360948,0.71616196,0.6866032,0.65477864,0.62057608,0.58400864,0.54531276,0.50518396,0.46426352,0.41683824,0.36513696,0.29284412,0.21278316,0.16136612,0.10613172,0.06245592,0.03133084,0.0120318,0.00249616,3.352e-05,0.0,0.0,0.0,0.0,0.0,0.0,0.0,0.0,0.0,0.0,0.0,0.0,0.0,0.0,0.0,0.0,0.0
0.6,1.0,90.0,0.05,0.5,0.99999872,0.99999836,0.9999982,0.99999772,0.99999732,0.9999968,0.99999608,0.99999532,0.99999428,0.99999308,0.9999918,0.99999024,0.9999884,0.99998624,0.99998288,0.9999794,0.99997444,0.99996936,0.9999628,0.99995548,0.99994572,0.9999348,0.99992192,0.99990612,0.9998868,0.99986552,0.99983804,0.99980684,0.99976664,0.9997186,0.99966136,0.99959296,0.999511,0.9994134,0.99929008,0.9991442,0.99896696,0.99875912,0.9985032,0.99819744,0.99782468,0.99738412,0.9968468,0.99619472,0.99541472,0.99447172,0.99333736,0.99197128,0.99033768,0.98836612,0.98598456,0.98310544,0.97964364,0.97547388,0.97043516,0.96435708,0.95700184,0.94810852,0.9373204,0.92418908,0.90816204,0.88853032,0.86439712,0.83453204,0.79707516,0.74825212,0.68791788,0.6208426,0.55809496,0.49950064,0.4438814,0.38890076,0.33096932,0.26815096,0.13269336,0.04438624,0.01390532,0.00147408,0.0,0.0,0.0,0.0,0.0,0.0,0.0,0.0,0.0,0.0,0.0,0.0,0.0,0.0,0.0,0.0,0.0,0.0,0.0,0.0,0.0,0.0
0.6,1.0,135.0,0.05,0.5,0.99999732,0.99999688,0.99999592,0.99999528,0.99999416,0.99999316,0.99999148,0.99998964,0.99998728,0.99998444,0.99998072,0.99997628,0.99997092,0.99996456,0.99995796,0.99994936,0.99993968,0.99992612,0.99991252,0.999894,0.9998738,0.99984924,0.9998174,0.99977912,0.99973376,0.99967832,0.99961412,0.99953356,0.99943956,0.99932308,0.9991836,0.9990136,0.99881224,0.99857084,0.99827664,0.99792644,0.99750004,0.99698776,0.99637388,0.99563064,0.99473688,0.99366088,0.99235816,0.99078544,0.98888684,0.98658996,0.98380412,0.98041736,0.97627948,0.97118336,0.96483372,0.95677812,0.94624852,0.93410436,0.92092528,0.90663976,0.891183,0.87447916,0.856489,0.83716912,0.81648904,0.79451524,0.77098036,0.74550884,0.7179732,0.6882584,0.65625548,0.62190692,0.58527644,0.54661148,0.50655924,0.46548504,0.41832328,0.36783384,0.29571036,0.2128278,0.16084684,0.10362404,0.06271324,0.03149992,0.01212292,0.00252432,3.28e-05,0.0,0.0,0.0,0.0,0.0,0.0,0.0,0.0,0.0,0.0,0.0,0.0,0.0,0.0,0.0,0.0,0.0
0.6,1.0,180.0,0.05,0.5,0.99999892,0.99999884,0.99999836,0.99999796,0.9999974,0.99999652,0.99999572,0.999995,0.99999428,0.99999372,0.99999196,0.9999906,0.99998876,0.9999866,0.99998364,0.99997972,0.99997492,0.999969,0.99996276,0.9999562,0.99994612,0.99993588,0.9999238,0.99990692,0.99988916,0.99986476,0.9998378,0.99980676,0.99976732,0.99971908,0.9996616,0.9995898,0.9995054,0.99940452,0.99928404,0.99913772,0.99896616,0.99875532,0.99849884,0.9981938,0.99782556,0.99737996,0.99684724,0.9961972,0.99541948,0.9944718,0.99334584,0.99198892,0.99035396,0.98838576,0.985995,0.98312544,0.97968528,0.975503,0.97048308,0.96440724,0.95706676,0.94818484,0.93740496,0.92428224,0.90825292,0.88860608,0.8644208,0.83443644,0.79681776,0.74774744,0.6876724,0.62094224,0.55835316,0.49990828,0.4444638,0.38964556,0.33179464,0.26929304,0.13661608,0.04425544,0.01350336,0.00131704,0.0,0.0,0.0,0.0,0.0,0.0,0.0,0.0,0.0,0.0,0.0,0.0,0.0,0.0,0.0,0.0,0.0,0.0,0.0,0.0,0.0,0.0
0.6,1/0.6,0.0,0.05,0.5,0.99998904,0.99998672,0.99998448,0.999982,0.99997868,0.99997552,0.99997008,0.99996408,0.99995688,0.99994844,0.99993628,0.99992404,0.99990796,0.99989012,0.99986436,0.99983624,0.99980592,0.99976848,0.99972736,0.99967352,0.99960892,0.99953152,0.99944256,0.9993284,0.99919912,0.99904312,0.99884376,0.99861656,0.99833696,0.99798204,0.99756376,0.99707484,0.99648336,0.99574104,0.99488696,0.99383888,0.99258608,0.99106184,0.98922792,0.987033,0.98437832,0.98116244,0.97727556,0.97262056,0.96698804,0.96015408,0.9518676,0.94176972,0.9294148,0.91411176,0.8949138,0.87132944,0.8420804,0.80661792,0.75992364,0.69283064,0.66180672,0.61982228,0.54880888,0.49009952,0.47028332,0.4480652,0.42326036,0.39573368,0.36535668,0.3318924,0.29520892,0.25497076,0.21004684,0.1566326,0.06942504,0.01767536,0.0047738,0.00072916,0.0,0.0,0.0,0.0,0.0,0.0,0.0,0.0,0.0,0.0,0.0,0.0,0.0,0.0,0.0,0.0,0.0,0.0,0.0,0.0,0.0,0.0,0.0,0.0,0.0,0.0
0.6,1/0.6,45.0,0.05,0.5,0.99998676,0.99998448,0.99998084,0.99997704,0.99997212,0.999966,0.99995892,0.99994948,0.99993948,0.9999264,0.9999116,0.99989424,0.99987244,0.99984632,0.9998132,0.99977396,0.999728,0.99967172,0.99960384,0.99952168,0.99942404,0.99930988,0.99917248,0.99900376,0.998802,0.998561,0.99826312,0.99790616,0.99747728,0.99695888,0.99634368,0.99559056,0.99468772,0.99360276,0.992294,0.99071304,0.98881404,0.9865244,0.98377132,0.98045024,0.97644528,0.9716124,0.96579152,0.95874464,0.95022712,0.939893,0.92727888,0.91183272,0.893801,0.8733966,0.84996156,0.82139876,0.79578068,0.76977348,0.73755764,0.70057288,0.67182192,0.63894488,0.60120856,0.57063748,0.55476904,0.5365298,0.51562684,0.49178748,0.46472364,0.43410676,0.39942808,0.35957704,0.3115776,0.24391868,0.10067112,0.017499,0.0049984,0.00054864,0.0,0.0,0.0,0.0,0.0,0.0,0.0,0.0,0.0,0.0,0.0,0.0,0.0,0.0,0.0,0.0,0.0,0.0,0.0,0.0,0.0,0.0,0.0,0.0,0.0,0.0
0.6,1/0.6,90.0,0.05,0.5,0.99999036,0.99998836,0.99998552,0.99998236,0.9999796,0.99997564,0.99997048,0.99996476,0.99995744,0.99994792,0.99993576,0.99992288,0.99990644,0.99988888,0.99986584,0.99983728,0.99980356,0.99976356,0.99971612,0.9996612,0.99959168,0.99950976,0.9994106,0.99929188,0.99915228,0.9989802,0.99877064,0.99852472,0.99822184,0.99785032,0.99740484,0.99688524,0.99625028,0.99547176,0.99455448,0.99343496,0.99210008,0.99047888,0.9885264,0.98618124,0.98335512,0.97992996,0.97580532,0.97083736,0.964801,0.95751828,0.94865512,0.937834,0.92454516,0.90801388,0.88691476,0.86114264,0.82984588,0.78902548,0.7482346,0.70323436,0.6686388,0.62576624,0.55476764,0.48839764,0.46862376,0.44648976,0.42183816,0.39449416,0.3642752,0.3309886,0.29447712,0.25437356,0.20951408,0.15603636,0.06765996,0.01761908,0.00492728,0.000449,0.0,0.0,0.0,0.0,0.0,0.0,0.0,0.0,0.0,0.0,0.0,0.0,0.0,0.0,0.0,0.0,0.0,0.0,0.0,0.0,0.0,0.0,0.0,0.0,0.0,0.0
0.6,1/0.6,135.0,0.05,0.5,0.99998796,0.99998576,0.99998248,0.99997864,0.99997452,0.99996944,0.99996244,0.99995508,0.9999456,0.99993448,0.99992124,0.99990488,0.99988616,0.99986288,0.99983296,0.99979744,0.99975636,0.99970584,0.99964708,0.99957524,0.99948968,0.99938636,0.99925988,0.99910392,0.99891924,0.99869484,0.99843364,0.9981152,0.99773404,0.99727452,0.9967056,0.99603336,0.99522332,0.99424384,0.9930688,0.99165148,0.98994432,0.98787852,0.98539704,0.9824008,0.97878024,0.97441952,0.96912796,0.96273,0.95495408,0.94544764,0.9337584,0.91912912,0.9009724,0.88059744,0.85778044,0.83190072,0.80180856,0.7651002,0.71760824,0.69447248,0.66792696,0.63581888,0.59204944,0.57069004,0.55487908,0.536679,0.51580416,0.49197864,0.46492036,0.43430736,0.39963088,0.35978716,0.3118158,0.24415892,0.09979812,0.0175078,0.00507508,0.00049916,0.0,0.0,0.0,0.0,0.0,0.0,0.0,0.0,0.0,0.0,0.0,0.0,0.0,0.0,0.0,0.0,0.0,0.0,0.0,0.0,0.0,0.0,0.0,0.0,0.0,0.0
0.6,1/0.6,180.0,0.05,0.5,0.99999016,0.9999874,0.99998552,0.99998232,0.99997808,0.99997328,0.999968,0.99996104,0.999954,0.99994584,0.99993568,0.99992152,0.9999072,0.99988672,0.99986304,0.99983348,0.999801,0.99976016,0.99971568,0.99966056,0.99959152,0.99950928,0.99940616,0.9992794,0.999129,0.99895228,0.99873916,0.9984774,0.9981732,0.99780008,0.99735696,0.99681696,0.9961548,0.99537632,0.99441484,0.99328696,0.99190912,0.99025308,0.98826724,0.98585552,0.98295056,0.97946468,0.97524256,0.970144,0.9639636,0.95648348,0.94737736,0.9362374,0.92249068,0.90512696,0.88384744,0.85851076,0.82752344,0.7876236,0.723487,0.69839648,0.6668968,0.62474416,0.5555314,0.48916316,0.46931228,0.44709444,0.42237592,0.39496364,0.36469852,0.3313674,0.29481816,0.25467048,0.2097566,0.15615996,0.07141304,0.01753104,0.00472936,0.00072108,0.0,0.0,0.0,0.0,0.0,0.0,0.0,0.0,0.0,0.0,0.0,0.0,0.0,0.0,0.0,0.0,0.0,0.0,0.0,0.0,0.0,0.0,0.0,0.0,0.0,0.0
0.6,1/0.2,0.0,0.05,0.5,0.9999924,0.9999908,0.99998904,0.99998552,0.9999822,0.99997892,0.99997488,0.99997112,0.99996488,0.99995864,0.9999504,0.99994152,0.99993088,0.99991728,0.9999008,0.99988048,0.99985712,0.99982892,0.9997948,0.9997532,0.99970352,0.99964584,0.99957368,0.99948508,0.99937632,0.99925048,0.99910096,0.99891104,0.9986918,0.99842776,0.998104,0.99771376,0.99724456,0.996683,0.99600704,0.99518956,0.99420984,0.99302048,0.99159676,0.98987652,0.98780476,0.98530772,0.98229868,0.97866748,0.9742916,0.9690068,0.9626244,0.95491436,0.94556272,0.93417404,0.92026584,0.90312492,0.88172564,0.85428844,0.81659516,0.75564676,0.68786048,0.6078516,0.5017908,0.40909384,0.31966256,0.218718,0.1274248,0.07144008,0.03697836,0.016727,0.00612172,0.00160424,0.0002134,0.0,0.0,0.0,0.0,0.0,0.0,0.0,0.0,0.0,0.0,0.0,0.0,0.0,0.0,0.0,0.0,0.0,0.0,0.0,0.0,0.0,0.0,0.0,0.0,0.0,0.0,0.0,0.0,0.0,0.0,0.0
0.6,1/0.2,45.0,0.05,0.5,0.99998892,0.99998612,0.99998356,0.99998012,0.99997564,0.9999702,0.99996356,0.99995764,0.99994872,0.99993848,0.99992588,0.9999112,0.99989184,0.99986912,0.99984404,0.99981164,0.99977372,0.99972648,0.99966604,0.9995992,0.99951744,0.99942052,0.99930284,0.99916204,0.99898584,0.99878072,0.99853336,0.99823148,0.99787128,0.99743496,0.9969098,0.99627736,0.99551628,0.99459656,0.99349112,0.99215764,0.99055504,0.9886194,0.98628436,0.98346316,0.98006256,0.97594364,0.97095532,0.96488696,0.95748224,0.94836952,0.93704004,0.92270248,0.90400808,0.87940168,0.85360588,0.82703764,0.79910948,0.76937532,0.73742932,0.70228548,0.66316088,0.61926924,0.5691298,0.49699452,0.36351296,0.2096432,0.1231006,0.06994656,0.0365004,0.01660716,0.00635308,0.00162672,4.64e-06,0.0,0.0,0.0,0.0,0.0,0.0,0.0,0.0,0.0,0.0,0.0,0.0,0.0,0.0,0.0,0.0,0.0,0.0,0.0,0.0,0.0,0.0,0.0,0.0,0.0,0.0,0.0,0.0,0.0,0.0,0.0
0.6,1/0.2,90.0,0.05,0.5,0.99999284,0.9999914,0.99998924,0.99998736,0.9999848,0.99998216,0.9999786,0.99997464,0.9999682,0.9999624,0.999955,0.99994492,0.99993416,0.99991972,0.9999032,0.9998836,0.99986036,0.9998318,0.99979632,0.99975408,0.99970492,0.99964308,0.99957012,0.9994836,0.9993778,0.99924784,0.99909636,0.99891252,0.99868788,0.99842204,0.99809988,0.99771132,0.99724164,0.99667696,0.99599664,0.99517884,0.99419196,0.99300512,0.99157208,0.98984952,0.98777144,0.9852694,0.98225032,0.97861624,0.97422956,0.9689422,0.96255316,0.95482644,0.945476,0.93411796,0.92027488,0.90328532,0.8821748,0.85531796,0.8189978,0.76039736,0.69220632,0.61063972,0.5023468,0.40794568,0.3174358,0.2168124,0.12661296,0.07109296,0.03687268,0.01679116,0.00622896,0.0013708,7.824e-05,0.0,0.0,0.0,0.0,0.0,0.0,0.0,0.0,0.0,0.0,0.0,0.0,0.0,0.0,0.0,0.0,0.0,0.0,0.0,0.0,0.0,0.0,0.0,0.0,0.0,0.0,0.0,0.0,0.0,0.0,0.0
0.6,1/0.2,135.0,0.05,0.5,0.99998636,0.99998368,0.99998072,0.9999768,0.99997324,0.99996808,0.999962,0.99995444,0.999945,0.99993468,0.99992164,0.99990628,0.99988808,0.99986536,0.999838,0.99980492,0.9997652,0.99971864,0.99966244,0.9995924,0.99950844,0.9994094,0.9992832,0.99913784,0.99896372,0.9987504,0.99849428,0.99818732,0.99781628,0.99736772,0.9968298,0.99618116,0.99540076,0.99446388,0.99332868,0.99196576,0.99031676,0.98833452,0.9859426,0.98305824,0.97957172,0.97535832,0.9702582,0.96406984,0.95652568,0.94728236,0.93582896,0.92140452,0.9026716,0.87793092,0.85169112,0.82459016,0.79613428,0.76602564,0.73388916,0.6987378,0.659902,0.61648584,0.56676128,0.49618408,0.3638384,0.21111888,0.12364464,0.07012524,0.03658032,0.01666492,0.00634964,0.00169492,8.8e-07,0.0,0.0,0.0,0.0,0.0,0.0,0.0,0.0,0.0,0.0,0.0,0.0,0.0,0.0,0.0,0.0,0.0,0.0,0.0,0.0,0.0,0.0,0.0,0.0,0.0,0.0,0.0,0.0,0.0,0.0,0.0
0.6,1/0.2,180.0,0.05,0.5,0.99999368,0.99999184,0.99999056,0.99998896,0.999986,0.99998344,0.99997924,0.99997564,0.99996908,0.99996204,0.99995468,0.99994636,0.99993548,0.9999234,0.99990724,0.99988724,0.99986492,0.9998362,0.99979968,0.99975688,0.99970648,0.999646,0.99957276,0.99948848,0.999387,0.99925928,0.99910292,0.99892516,0.99870536,0.9984394,0.99812016,0.99774108,0.99727492,0.99671764,0.99604264,0.99523276,0.99425676,0.9930858,0.991667,0.98996324,0.98790936,0.98543504,0.98245592,0.97885604,0.97452276,0.96928692,0.96296756,0.9553248,0.9460384,0.93479352,0.9210492,0.90414764,0.88309888,0.85627048,0.81999216,0.76218496,0.69531008,0.61531124,0.50559952,0.40979252,0.31858744,0.21717676,0.12660976,0.0711342,0.036841,0.01664384,0.00607052,0.0015786,0.00020604,0.0,0.0,0.0,0.0,0.0,0.0,0.0,0.0,0.0,0.0,0.0,0.0,0.0,0.0,0.0,0.0,0.0,0.0,0.0,0.0,0.0,0.0,0.0,0.0,0.0,0.0,0.0,0.0,0.0,0.0,0.0
1.0,0.2,0.0,0.05,0.5,0.99999432,0.99999292,0.99999088,0.99998812,0.99998584,0.99998264,0.99997924,0.9999748,0.9999696,0.99996144,0.99995428,0.9999452,0.99993396,0.99991984,0.99990492,0.9998854,0.9998614,0.9998324,0.9997942,0.99974848,0.99969244,0.99962996,0.99955828,0.99947124,0.9993686,0.99923624,0.99907276,0.99889104,0.99865752,0.99838976,0.99805504,0.99766088,0.99718676,0.99660716,0.99590764,0.9950796,0.99407428,0.99285356,0.99140404,0.98962056,0.98750508,0.98496332,0.98187524,0.97816796,0.97368764,0.96829048,0.961775,0.95390368,0.94437476,0.93282356,0.9187662,0.90157528,0.8803592,0.85376988,0.81934044,0.77128436,0.69453628,0.58813564,0.49353872,0.3975772,0.3072584,0.20539836,0.12050836,0.06812284,0.03536748,0.0159346,0.00576404,0.001458,0.00016972,0.0,0.0,0.0,0.0,0.0,0.0,0.0,0.0,0.0,0.0,0.0,0.0,0.0,0.0,0.0,0.0,0.0,0.0,0.0,0.0,0.0,0.0,0.0,0.0,0.0,0.0,0.0,0.0,0.0,0.0,0.0
1.0,0.2,45.0,0.05,0.5,0.99999136,0.99998928,0.99998736,0.99998432,0.99998084,0.99997752,0.99997296,0.99996624,0.99995908,0.999951,0.99994064,0.999929,0.999916,0.99989904,0.99987796,0.99985352,0.99982496,0.99978696,0.9997448,0.99969196,0.99962724,0.99954984,0.99946048,0.99935352,0.999221,0.99906348,0.99886736,0.99864172,0.99836092,0.99802564,0.99761692,0.99713496,0.99654744,0.99584068,0.9949894,0.99396108,0.99272396,0.99122568,0.98941908,0.98722812,0.9845784,0.98135752,0.97742192,0.97258776,0.96656176,0.95886028,0.94809624,0.93442876,0.91465032,0.89123344,0.8671706,0.84264056,0.81536872,0.78583984,0.75386484,0.71780916,0.6756178,0.62595668,0.56858332,0.49986336,0.35064516,0.21097796,0.12539844,0.06693864,0.0313866,0.0136204,0.00492244,0.00107504,0.0,0.0,0.0,0.0,0.0,0.0,0.0,0.0,0.0,0.0,0.0,0.0,0.0,0.0,0.0,0.0,0.0,0.0,0.0,0.0,0.0,0.0,0.0,0.0,0.0,0.0,0.0,0.0,0.0,0.0,0.0,0.0
1.0,0.2,90.0,0.05,0.5,0.99999044,0.9999886,0.99998636,0.9999836,0.99998092,0.99997664,0.99997184,0.9999672,0.9999602,0.99995236,0.99994216,0.99993108,0.99991692,0.9998988,0.99987932,0.99985348,0.99982348,0.99978892,0.99974392,0.99969072,0.99961636,0.99953956,0.99944624,0.99933544,0.99920508,0.99904556,0.99884016,0.99860608,0.99832848,0.99797476,0.99757016,0.99707028,0.99646604,0.99574656,0.99488348,0.9938238,0.99257152,0.9910546,0.98923424,0.98705284,0.98442924,0.9812388,0.97739072,0.97267676,0.96696256,0.96012772,0.95200052,0.94233276,0.93089896,0.9174788,0.90195196,0.88371928,0.86162184,0.83430372,0.80194436,0.762049,0.7046224,0.61378396,0.50939924,0.41258708,0.32541692,0.22474844,0.13210304,0.07319576,0.03660296,0.01335032,0.00163432,5.04e-05,0.0,0.0,0.0,0.0,0.0,0.0,0.0,0.0,0.0,0.0,0.0,0.0,0.0,0.0,0.0,0.0,0.0,0.0,0.0,0.0,0.0,0.0,0.0,0.0,0.0,0.0,0.0,0.0,0.0,0.0,0.0,0.0
1.0,0.2,135.0,0.05,0.5,0.9999818,0.9999774,0.99997244,0.99996712,0.99996088,0.99995284,0.99994296,0.99993016,0.99991632,0.9998982,0.99987816,0.999854,0.99982436,0.99978824,0.99974268,0.99969112,0.9996262,0.99955276,0.99946036,0.99934832,0.9992164,0.99905612,0.99886556,0.99863276,0.99835304,0.99801448,0.99761136,0.99712092,0.99653328,0.99582576,0.99496844,0.99393868,0.99270224,0.99120976,0.98940604,0.98722872,0.9845928,0.98138116,0.97740444,0.97236104,0.96664164,0.95942024,0.95117988,0.9418022,0.93073068,0.9175826,0.90281156,0.88904712,0.87514764,0.86015616,0.8435344,0.82475224,0.80335328,0.7789204,0.75098336,0.71752084,0.67763584,0.6254108,0.57365148,0.50995148,0.3480842,0.20526788,0.12139872,0.0661754,0.03366984,0.01495284,0.00528216,0.00118144,8e-08,0.0,0.0,0.0,0.0,0.0,0.0,0.0,0.0,0.0,0.0,0.0,0.0,0.0,0.0,0.0,0.0,0.0,0.0,0.0,0.0,0.0,0.0,0.0,0.0,0.0,0.0,0.0,0.0,0.0,0.0,0.0
1.0,0.2,180.0,0.05,0.5,0.9999938,0.99999232,0.99999092,0.99998932,0.99998764,0.99998528,0.999982,0.99997868,0.99997388,0.9999678,0.99996008,0.99995128,0.99994252,0.99992696,0.99991076,0.9998856,0.99985768,0.99982932,0.99979492,0.99975376,0.99970344,0.99964344,0.99956096,0.99947484,0.99937736,0.99924216,0.99909008,0.9989028,0.99868072,0.99840364,0.99808644,0.99768432,0.99721476,0.99664588,0.99596212,0.9951316,0.99413096,0.99293864,0.99148872,0.98974688,0.98765188,0.98513064,0.98208664,0.97841248,0.97399428,0.96865348,0.96220844,0.95441164,0.94498612,0.93354752,0.91962176,0.90257492,0.88152272,0.8551378,0.82111096,0.77383448,0.69465072,0.58043552,0.47634808,0.39433396,0.3124276,0.21727936,0.12644068,0.07123504,0.03704736,0.01681532,0.00616584,0.0015916,0.00020072,0.0,0.0,0.0,0.0,0.0,0.0,0.0,0.0,0.0,0.0,0.0,0.0,0.0,0.0,0.0,0.0,0.0,0.0,0.0,0.0,0.0,0.0,0.0,0.0,0.0,0.0,0.0,0.0,0.0,0.0,0.0
1.0,0.6,0.0,0.05,0.5,0.99998768,0.99998528,0.99998228,0.99997796,0.99997172,0.99996412,0.999956,0.99994476,0.99993576,0.99992168,0.999909,0.99989236,0.99987468,0.99985132,0.9998238,0.99979216,0.99975144,0.99970216,0.99964728,0.99957576,0.99949532,0.99939568,0.99927592,0.99913096,0.99895904,0.99874284,0.998487,0.9981822,0.99780548,0.997328,0.99679228,0.99615356,0.9953802,0.99439432,0.99327212,0.99188308,0.9902414,0.9882524,0.98587136,0.9830348,0.9796456,0.97557612,0.97073744,0.96499532,0.95811888,0.94990968,0.94011176,0.92833548,0.91404196,0.89618156,0.87128412,0.84329476,0.82710268,0.81089856,0.79402496,0.7752242,0.75357328,0.72834892,0.69713344,0.65373104,0.57956952,0.48297944,0.44323884,0.40117156,0.36165896,0.320098,0.2795744,0.24453944,0.20374248,0.14495792,0.08212748,0.02073188,0.00506748,0.000769,1.304e-05,0.0,0.0,0.0,0.0,0.0,0.0,0.0,0.0,0.0,0.0,0.0,0.0,0.0,0.0,0.0,0.0,0.0,0.0,0.0,0.0,0.0,0.0,0.0,0.0,0.0
1.0,0.6,45.0,0.05,0.5,0.9999928,0.99999156,0.9999898,0.99998776,0.99998532,0.9999826,0.99997888,0.99997436,0.99996876,0.99996228,0.99995452,0.99994624,0.99993476,0.99992228,0.99990696,0.99988868,0.99986636,0.9998408,0.9998066,0.99976604,0.99971968,0.99966164,0.99959104,0.99950672,0.99940512,0.99928288,0.99913564,0.99896088,0.9987506,0.99849556,0.99818812,0.99781236,0.9973664,0.99682812,0.99618056,0.99539768,0.99446032,0.99332548,0.99196012,0.9903154,0.98833336,0.98593928,0.98305668,0.9795768,0.975375,0.97029756,0.96416348,0.95677984,0.94803544,0.93880964,0.9284786,0.91608156,0.90095164,0.87922204,0.84211376,0.80101528,0.75943048,0.7185728,0.67371816,0.61400664,0.58460628,0.55702244,0.52866592,0.49949168,0.46866468,0.43554456,0.39862808,0.35626208,0.30526688,0.2010226,0.10477032,0.02905464,0.00434672,0.00032156,0.0,0.0,0.0,0.0,0.0,0.0,0.0,0.0,0.0,0.0,0.0,0.0,0.0,0.0,0.0,0.0,0.0,0.0,0.0,0.0,0.0,0.0,0.0,0.0,0.0,0.0
1.0,0.6,90.0,0.05,0.5,0.99998644,0.99998396,0.9999802,0.99997616,0.99997136,0.99996532,0.99995796,0.99995104,0.99994088,0.99992836,0.99991336,0.99989688,0.9998756,0.9998504,0.99982028,0.9997836,0.99973984,0.99968508,0.99962292,0.99954392,0.99944964,0.99933488,0.99919976,0.99903692,0.99883924,0.99860068,0.99831284,0.99797028,0.9975516,0.99704692,0.99644896,0.99572292,0.99485132,0.99380224,0.99252744,0.9910032,0.98916992,0.986954,0.98427996,0.98106956,0.97722604,0.97271004,0.96745056,0.96152912,0.95471536,0.9465648,0.93678352,0.92505992,0.9109604,0.89440088,0.87787292,0.85530236,0.82989924,0.8029508,0.77399992,0.74104244,0.70217872,0.6540966,0.60226168,0.55464036,0.50724916,0.46842748,0.43485496,0.3965218,0.3659446,0.33231584,0.2954496,0.25484208,0.20932476,0.15442336,0.07860916,0.01642832,0.0017262,0.0,0.0,0.0,0.0,0.0,0.0,0.0,0.0,0.0,0.0,0.0,0.0,0.0,0.0,0.0,0.0,0.0,0.0,0.0,0.0,0.0,0.0,0.0,0.0,0.0,0.0,0.0
1.0,0.6,135.0,0.05,0.5,0.99998928,0.99998764,0.9999854,0.9999822,0.99997876,0.9999742,0.99996848,0.99996252,0.9999552,0.99994732,0.99993548,0.99992252,0.99990744,0.99988588,0.99986376,0.99983716,0.99980384,0.99976464,0.99971716,0.99965944,0.99959072,0.99951112,0.99941308,0.99929136,0.9991466,0.99897244,0.99876048,0.99850528,0.99820284,0.99783892,0.99738836,0.9968572,0.9962188,0.99544496,0.9945076,0.9933902,0.99203264,0.99040184,0.98843624,0.98605952,0.98319796,0.97973704,0.97554192,0.9704578,0.9642842,0.95675616,0.94752612,0.93607076,0.92160632,0.90273412,0.87575788,0.83974692,0.80608472,0.78009852,0.75370612,0.72680144,0.70041128,0.67006472,0.63196828,0.57331364,0.55577404,0.53733632,0.516264,0.49225172,0.46498224,0.43405752,0.39831652,0.35682548,0.30518028,0.20842992,0.11807608,0.01926976,0.0042246,0.00027872,0.0,0.0,0.0,0.0,0.0,0.0,0.0,0.0,0.0,0.0,0.0,0.0,0.0,0.0,0.0,0.0,0.0,0.0,0.0,0.0,0.0,0.0,0.0,0.0,0.0,0.0
1.0,0.6,180.0,0.05,0.5,0.99998912,0.9999874,0.99998576,0.9999824,0.99997852,0.99997296,0.9999668,0.99996168,0.99995208,0.99994212,0.999929,0.99991276,0.99989704,0.99987604,0.99985152,0.9998216,0.99978484,0.99974308,0.99969276,0.9996326,0.9995592,0.99946888,0.999365,0.99923512,0.99907884,0.9988976,0.9986734,0.9984032,0.99808192,0.99768692,0.9972074,0.99664164,0.99595456,0.99510748,0.99411716,0.99291124,0.99146276,0.98971688,0.98760888,0.98506936,0.98201388,0.9783018,0.97382992,0.96841032,0.96183824,0.95384572,0.94402088,0.931836,0.91681756,0.89885084,0.87708928,0.84996936,0.81236804,0.76416028,0.73830168,0.71471628,0.68719484,0.65328548,0.60834784,0.53533804,0.46530864,0.44332788,0.4188524,0.39174116,0.36178572,0.32875928,0.29272204,0.25391172,0.21031404,0.15722964,0.07614488,0.01775392,0.0047424,0.00069016,0.0,0.0,0.0,0.0,0.0,0.0,0.0,0.0,0.0,0.0,0.0,0.0,0.0,0.0,0.0,0.0,0.0,0.0,0.0,0.0,0.0,0.0,0.0,0.0,0.0,0.0
1.0,1.0,0.0,0.05,0.5,0.99999916,0.99999908,0.99999864,0.99999836,0.99999804,0.99999764,0.99999708,0.99999628,0.99999556,0.99999484,0.99999416,0.9999932,0.999992,0.99999044,0.99998864,0.99998624,0.99998312,0.99997892,0.99997456,0.99996884,0.9999634,0.99995596,0.99994628,0.99993508,0.9999224,0.99990888,0.99988872,0.99986844,0.9998426,0.99981308,0.99977632,0.99973168,0.9996788,0.99961124,0.99953132,0.99943672,0.99932456,0.99918588,0.99901832,0.99882304,0.9985782,0.998295,0.99794464,0.9975182,0.99701668,0.99640872,0.99566176,0.99478136,0.99371196,0.99243336,0.99087672,0.98900708,0.9867538,0.9840376,0.98075372,0.97678056,0.97199116,0.96616012,0.95897156,0.95004716,0.93898232,0.92531448,0.907906,0.88482168,0.85397992,0.82128876,0.78696056,0.73138732,0.6516872,0.57033456,0.47851832,0.38756764,0.30639856,0.20824652,0.15846312,0.12772752,0.05042552,0.01064908,0.00314344,0.0,0.0,0.0,0.0,0.0,0.0,0.0,0.0,0.0,0.0,0.0,0.0,0.0,0.0,0.0,0.0,0.0,0.0,0.0,0.0,0.0
1.0,1.0,45.0,0.05,0.5,0.99999776,0.9999976,0.9999972,0.99999676,0.9999962,0.99999504,0.99999408,0.99999288,0.9999918,0.9999896,0.99998744,0.99998496,0.9999812,0.99997832,0.99997364,0.9999678,0.9999612,0.99995268,0.99994328,0.99993232,0.999918,0.9999022,0.99988208,0.9998574,0.99982964,0.99979392,0.99975228,0.99970084,0.9996412,0.99956936,0.99948136,0.99937412,0.99924392,0.99909124,0.99890452,0.9986786,0.99841112,0.9980848,0.99769228,0.9972236,0.99665616,0.99597588,0.9951526,0.99416088,0.99296504,0.99152672,0.98978612,0.98767936,0.98515236,0.98207892,0.97834448,0.9738058,0.9682432,0.96108132,0.94857172,0.93031492,0.91058396,0.88962088,0.86627956,0.84287016,0.82129368,0.79861096,0.7713386,0.74078324,0.71101568,0.68120992,0.64948552,0.61571236,0.57981316,0.54183924,0.50190024,0.460611,0.41295632,0.35831204,0.288629,0.21106108,0.16133124,0.10753724,0.06244884,0.03167128,0.01197188,0.00244056,2.668e-05,0.0,0.0,0.0,0.0,0.0,0.0,0.0,0.0,0.0,0.0,0.0,0.0,0.0,0.0,0.0,0.0,0.0
1.0,1.0,90.0,0.05,0.5,0.99999872,0.99999848,0.99999816,0.99999792,0.99999744,0.99999672,0.99999592,0.99999496,0.99999376,0.99999272,0.99999084,0.99998884,0.9999868,0.99998452,0.99998104,0.9999768,0.99997244,0.999967,0.99996064,0.99995276,0.99994448,0.999935,0.99992324,0.99990748,0.99989028,0.99986556,0.99983548,0.99980264,0.9997646,0.99971472,0.9996574,0.99958848,0.99950612,0.99940308,0.99928312,0.99913764,0.99896136,0.998749,0.9984966,0.99818388,0.9978158,0.99736928,0.99683084,0.99618564,0.99540452,0.99446944,0.9933396,0.99197528,0.99032996,0.98835128,0.98596728,0.98309376,0.97962356,0.9754434,0.97037844,0.96426576,0.95685144,0.94770404,0.93612452,0.92230964,0.9059794,0.8869174,0.86449176,0.83649116,0.7987544,0.7505908,0.6896304,0.62229792,0.55905576,0.50009012,0.44384856,0.3871196,0.328012,0.26407436,0.13097968,0.04247248,0.0133426,0.00173012,0.0,0.0,0.0,0.0,0.0,0.0,0.0,0.0,0.0,0.0,0.0,0.0,0.0,0.0,0.0,0.0,0.0,0.0,0.0,0.0,0.0,0.0
1.0,1.0,135.0,0.05,0.5,0.99999656,0.9999958,0.99999504,0.99999372,0.99999276,0.99999132,0.99998984,0.99998812,0.99998628,0.99998352,0.99998004,0.99997656,0.99997104,0.99996356,0.99995612,0.99994688,0.99993672,0.99992316,0.99990836,0.99988992,0.99986472,0.99983736,0.9998038,0.99976324,0.9997172,0.999659,0.99958728,0.99950116,0.99939924,0.99927064,0.99912104,0.99894232,0.99872508,0.99846696,0.9981538,0.997783,0.997322,0.99677216,0.99611372,0.99531864,0.99436004,0.99319768,0.99180316,0.9901134,0.98807596,0.98560288,0.98261736,0.97896924,0.97449304,0.96896504,0.96206828,0.95329732,0.9418386,0.92815508,0.913912,0.89872332,0.8835496,0.86750292,0.85065748,0.8335014,0.81686284,0.79740144,0.77317828,0.74658364,0.71769476,0.68752076,0.65542532,0.62114268,0.58465016,0.546141,0.50623884,0.46507084,0.417577,0.3668374,0.28845124,0.20895236,0.158227,0.10048232,0.0624322,0.03155504,0.01218524,0.00257856,4.324e-05,0.0,0.0,0.0,0.0,0.0,0.0,0.0,0.0,0.0,0.0,0.0,0.0,0.0,0.0,0.0,0.0,0.0
1.0,1.0,180.0,0.05,0.5,0.99999908,0.99999908,0.99999884,0.99999868,0.99999824,0.99999764,0.99999696,0.99999648,0.9999956,0.99999464,0.99999312,0.99999212,0.99999004,0.999987,0.99998428,0.99998068,0.99997568,0.99997008,0.99996328,0.99995668,0.99994872,0.99993864,0.99992596,0.99990864,0.99989088,0.99986952,0.99984304,0.99980972,0.9997694,0.99972152,0.9996632,0.99959704,0.99951444,0.99941344,0.9992944,0.99914668,0.9989764,0.99876524,0.99851268,0.9982092,0.99784316,0.99739984,0.99686924,0.99622656,0.99544672,0.99450772,0.99338076,0.99202728,0.99040104,0.98844688,0.9860704,0.9832234,0.97978992,0.97563412,0.97063208,0.96459296,0.95728088,0.9484306,0.93769592,0.92463768,0.9086774,0.88908904,0.86494896,0.83495164,0.7971376,0.74744852,0.68807484,0.62157816,0.55835456,0.49933652,0.44325044,0.38769748,0.32999256,0.26879592,0.14949784,0.04566796,0.01358704,0.00036256,0.0,0.0,0.0,0.0,0.0,0.0,0.0,0.0,0.0,0.0,0.0,0.0,0.0,0.0,0.0,0.0,0.0,0.0,0.0,0.0,0.0,0.0
1.0,1/0.6,0.0,0.05,0.5,0.99998924,0.99998736,0.99998508,0.9999814,0.9999776,0.9999728,0.9999666,0.9999606,0.99995248,0.99994404,0.99993232,0.99991876,0.99990212,0.99988204,0.99985872,0.99983048,0.99979612,0.9997516,0.99970152,0.99963892,0.99956364,0.99947412,0.99937076,0.9992404,0.99908256,0.99889356,0.99866632,0.99839344,0.99806444,0.99767412,0.99719868,0.9966206,0.99592552,0.9951042,0.99410796,0.99291056,0.99147828,0.989769,0.98771524,0.985277,0.98237924,0.9789498,0.9748874,0.97009652,0.96445636,0.95778656,0.94989624,0.9405594,0.92940828,0.91600544,0.89979824,0.87971428,0.85425152,0.82251664,0.77912196,0.71686632,0.63569216,0.5777716,0.558649,0.53847652,0.51677532,0.49171088,0.4620498,0.42521284,0.38121452,0.3350522,0.2851566,0.25096228,0.20876816,0.15645572,0.06907592,0.01895772,0.00512896,0.00078436,5.16e-06,0.0,0.0,0.0,0.0,0.0,0.0,0.0,0.0,0.0,0.0,0.0,0.0,0.0,0.0,0.0,0.0,0.0,0.0,0.0,0.0,0.0,0.0,0.0,0.0,0.0
1.0,1/0.6,45.0,0.05,0.5,0.9999918,0.99999064,0.99998888,0.99998696,0.99998484,0.99998176,0.99997936,0.99997504,0.99997136,0.9999656,0.99995796,0.99994844,0.99993804,0.99992528,0.99991048,0.999892,0.99986932,0.99984208,0.99981104,0.99977236,0.99972552,0.99966804,0.99960124,0.99952144,0.9994246,0.99930764,0.99916388,0.998997,0.99878944,0.9985406,0.99824104,0.99787856,0.99744832,0.99692588,0.9962966,0.99553392,0.99462836,0.99352464,0.99219988,0.99060244,0.98868688,0.98636216,0.98356336,0.98018332,0.97610432,0.97117928,0.965198,0.957928,0.9484152,0.93234736,0.91251824,0.88992708,0.86406688,0.83438404,0.8004072,0.76102444,0.71627988,0.6767654,0.64746668,0.61888968,0.58872564,0.55836972,0.5297122,0.50050912,0.46917464,0.43538144,0.39836196,0.356204,0.30666928,0.24210204,0.11257344,0.01699568,0.00399956,0.00031524,0.0,0.0,0.0,0.0,0.0,0.0,0.0,0.0,0.0,0.0,0.0,0.0,0.0,0.0,0.0,0.0,0.0,0.0,0.0,0.0,0.0,0.0,0.0,0.0,0.0,0.0
1.0,1/0.6,90.0,0.05,0.5,0.99998916,0.999987,0.99998428,0.9999814,0.99997744,0.99997224,0.99996504,0.99995876,0.99995024,0.9999412,0.9999294,0.9999148,0.99989688,0.99987784,0.9998522,0.99982248,0.99978672,0.99973976,0.9996856,0.99962172,0.99954532,0.9994504,0.99933508,0.99919936,0.99904048,0.99884476,0.9986068,0.99832336,0.99797548,0.99756544,0.99706544,0.99646488,0.99574724,0.9948666,0.99381916,0.9925556,0.99102092,0.98917852,0.98693252,0.9842542,0.98102396,0.97712396,0.97240296,0.96676324,0.95998484,0.95177168,0.94177484,0.92946192,0.91383532,0.89433604,0.86997592,0.84308292,0.80954004,0.773588,0.73213008,0.6853146,0.64201956,0.59684188,0.5578742,0.52692056,0.4984164,0.4634408,0.4266496,0.39637684,0.36600888,0.33248252,0.29580456,0.25539048,0.21012964,0.1564046,0.07401136,0.01558272,0.00153844,0.0,0.0,0.0,0.0,0.0,0.0,0.0,0.0,0.0,0.0,0.0,0.0,0.0,0.0,0.0,0.0,0.0,0.0,0.0,0.0,0.0,0.0,0.0,0.0,0.0,0.0,0.0
1.0,1/0.6,135.0,0.05,0.5,0.99998272,0.99997952,0.99997548,0.99997104,0.9999656,0.99995876,0.9999506,0.99993984,0.99992828,0.99991312,0.99989468,0.99987188,0.99984544,0.99981508,0.99977704,0.99973184,0.99967492,0.99960828,0.99952628,0.99942964,0.99931444,0.99917412,0.99900388,0.99879892,0.99855392,0.99825824,0.9978998,0.99747152,0.99695336,0.9963296,0.99557476,0.99466968,0.99357872,0.99226408,0.99068192,0.98876784,0.98648052,0.98373596,0.9804326,0.97647056,0.97172028,0.96601096,0.95920516,0.95119248,0.94176112,0.93066356,0.91756532,0.90197296,0.8835716,0.86318752,0.8419224,0.8200454,0.79658736,0.76939396,0.7372296,0.69591384,0.64843704,0.59856648,0.58493272,0.57083356,0.5547856,0.53641332,0.51540708,0.4914784,0.46435352,0.4336162,0.39856464,0.35809996,0.3094084,0.23731888,0.0871936,0.01564244,0.00407368,0.000276,0.0,0.0,0.0,0.0,0.0,0.0,0.0,0.0,0.0,0.0,0.0,0.0,0.0,0.0,0.0,0.0,0.0,0.0,0.0,0.0,0.0,0.0,0.0,0.0,0.0,0.0
1.0,1/0.6,180.0,0.05,0.5,0.99999244,0.99999056,0.99998828,0.99998584,0.99998268,0.99997992,0.99997544,0.9999706,0.99996416,0.99995612,0.99994792,0.99993612,0.99992384,0.9999068,0.99988752,0.9998652,0.9998348,0.99980108,0.99975804,0.99970568,0.99964836,0.99957888,0.99949716,0.99939872,0.99927664,0.99912944,0.9989542,0.99874424,0.99848556,0.99816976,0.9977896,0.99734588,0.9968072,0.99614852,0.99536352,0.99440548,0.99327956,0.99188752,0.99023176,0.98823928,0.98583544,0.98292248,0.97941648,0.97519776,0.97008512,0.96392384,0.9564526,0.94737216,0.936313,0.92283308,0.9063296,0.88596284,0.86052408,0.82783936,0.7858982,0.73301976,0.65169488,0.57516924,0.50281152,0.48345852,0.46382548,0.44167772,0.41762072,0.39082336,0.36122372,0.32820536,0.29193544,0.25242716,0.20913632,0.15496856,0.07739808,0.0179174,0.0047346,0.00069292,0.0,0.0,0.0,0.0,0.0,0.0,0.0,0.0,0.0,0.0,0.0,0.0,0.0,0.0,0.0,0.0,0.0,0.0,0.0,0.0,0.0,0.0,0.0,0.0,0.0,0.0
1.0,1/0.2,0.0,0.05,0.5,0.99999444,0.99999384,0.99999228,0.99999024,0.99998836,0.99998636,0.99998344,0.9999798,0.99997484,0.99996904,0.99996208,0.99995532,0.99994664,0.99993604,0.99992304,0.9999076,0.99989064,0.99986672,0.99983868,0.9998044,0.99975624,0.99970004,0.99963556,0.99956764,0.9994882,0.99938872,0.99925168,0.99909752,0.99892288,0.99869292,0.99843412,0.9981076,0.99772308,0.997251,0.99669396,0.99601188,0.9952022,0.99421648,0.9930212,0.99158832,0.9898544,0.9877924,0.98529112,0.98229212,0.97868112,0.97431444,0.96904896,0.96268788,0.95499244,0.94565312,0.9342848,0.92034424,0.90306108,0.88116996,0.85235932,0.8111846,0.73637716,0.62894676,0.5451626,0.47494408,0.36019088,0.2232058,0.12920564,0.07353204,0.03846108,0.01745284,0.00635872,0.00166164,0.0001934,0.0,0.0,0.0,0.0,0.0,0.0,0.0,0.0,0.0,0.0,0.0,0.0,0.0,0.0,0.0,0.0,0.0,0.0,0.0,0.0,0.0,0.0,0.0,0.0,0.0,0.0,0.0,0.0,0.0,0.0,0.0
1.0,1/0.2,45.0,0.05,0.5,0.99999032,0.99998808,0.999986,0.99998324,0.99998008,0.99997624,0.99997112,0.99996516,0.99995768,0.99994944,0.99993888,0.9999254,0.99990912,0.99988984,0.99986792,0.99984036,0.99980848,0.99976896,0.99972104,0.999664,0.9995966,0.99951244,0.9994138,0.99929344,0.99914916,0.99897392,0.99876248,0.99851196,0.99820596,0.997838,0.9973946,0.9968634,0.99621892,0.99544388,0.9945082,0.99338032,0.99201984,0.99038188,0.988401,0.98600256,0.98295144,0.9785646,0.972668,0.96483236,0.95497796,0.94351564,0.930599,0.91607892,0.89973264,0.88095556,0.85772316,0.82600712,0.80031184,0.7748526,0.74702408,0.71285928,0.67249824,0.62484736,0.56678224,0.50238332,0.37288116,0.23648784,0.1535682,0.0795044,0.03463656,0.01486184,0.00536904,0.00127488,0.0,0.0,0.0,0.0,0.0,0.0,0.0,0.0,0.0,0.0,0.0,0.0,0.0,0.0,0.0,0.0,0.0,0.0,0.0,0.0,0.0,0.0,0.0,0.0,0.0,0.0,0.0,0.0,0.0,0.0,0.0,0.0
1.0,1/0.2,90.0,0.05,0.5,0.99999092,0.99998876,0.99998608,0.9999828,0.99997956,0.9999766,0.99997,0.99996344,0.999956,0.99994848,0.99993904,0.99992592,0.99991148,0.99989484,0.99987464,0.99984996,0.9998202,0.99978336,0.99973684,0.99967916,0.99961544,0.99953916,0.9994396,0.99932436,0.99918476,0.99901996,0.99882056,0.99858192,0.99828988,0.99794296,0.9975172,0.99701564,0.99640016,0.99566816,0.99478324,0.99371524,0.99243348,0.9908894,0.98902808,0.98679612,0.98410844,0.98088552,0.97701488,0.97240648,0.96694368,0.96034344,0.95226032,0.94270836,0.93143176,0.91802396,0.90211624,0.88316904,0.86025908,0.83363868,0.80201592,0.76166792,0.70010324,0.60561912,0.5067168,0.409536,0.32188728,0.22822776,0.13559996,0.07355888,0.03650172,0.01325288,0.00159992,5.42e-05,0.0,0.0,0.0,0.0,0.0,0.0,0.0,0.0,0.0,0.0,0.0,0.0,0.0,0.0,0.0,0.0,0.0,0.0,0.0,0.0,0.0,0.0,0.0,0.0,0.0,0.0,0.0,0.0,0.0,0.0,0.0,0.0
1.0,1/0.2,135.0,0.05,0.5,0.99997648,0.99997176,0.99996576,0.99995856,0.99994964,0.99993928,0.99992756,0.99991208,0.99989492,0.99987308,0.99984712,0.99981624,0.99977804,0.99973284,0.99967936,0.99961252,0.99953364,0.99943732,0.99932328,0.99918284,0.99901592,0.99881704,0.99857768,0.99828768,0.9979394,0.99752116,0.99702004,0.99641436,0.99569216,0.99482656,0.99378108,0.99253932,0.99105168,0.98927288,0.9871554,0.98463364,0.98164396,0.97811372,0.97395568,0.96913872,0.96385692,0.95788768,0.95099248,0.94304568,0.9339064,0.92340816,0.91127668,0.8965704,0.88069092,0.863681,0.84529436,0.82564212,0.8041176,0.77980076,0.75231344,0.7208306,0.6808454,0.62815088,0.57383428,0.5014594,0.33070668,0.18411508,0.11185996,0.06260092,0.032022,0.01420516,0.00497812,0.00106664,3.2e-07,0.0,0.0,0.0,0.0,0.0,0.0,0.0,0.0,0.0,0.0,0.0,0.0,0.0,0.0,0.0,0.0,0.0,0.0,0.0,0.0,0.0,0.0,0.0,0.0,0.0,0.0,0.0,0.0,0.0,0.0,0.0
1.0,1/0.2,180.0,0.05,0.5,0.99999008,0.99998764,0.99998452,0.99998104,0.99997772,0.99997296,0.99996752,0.999961,0.99995436,0.99994636,0.9999362,0.99992428,0.99990996,0.99989276,0.99987436,0.99985284,0.99982984,0.99979928,0.99976348,0.99972,0.9996674,0.99960704,0.9995266,0.99940464,0.999273,0.99914092,0.99898268,0.99874116,0.99850556,0.99818216,0.9978356,0.997382,0.9968424,0.99620104,0.9954324,0.99448164,0.99334664,0.99200128,0.9903596,0.98837388,0.98599488,0.98313044,0.97967396,0.97552124,0.9704998,0.96445264,0.9571514,0.94831208,0.93765452,0.92474132,0.90906864,0.8899504,0.8664358,0.83666908,0.79839564,0.74839508,0.66440104,0.5489342,0.43730664,0.370973,0.29721464,0.21166208,0.12440148,0.06907948,0.035656,0.01609536,0.0058704,0.00149476,0.00018744,2.4e-07,0.0,0.0,0.0,0.0,0.0,0.0,0.0,0.0,0.0,0.0,0.0,0.0,0.0,0.0,0.0,0.0,0.0,0.0,0.0,0.0,0.0,0.0,0.0,0.0,0.0,0.0,0.0,0.0,0.0,0.0
1/0.6,0.2,0.0,0.05,0.5,0.99999052,0.99998904,0.99998672,0.9999842,0.9999802,0.9999758,0.99997144,0.99996656,0.99995856,0.99995156,0.9999424,0.99993028,0.99991504,0.9998976,0.99987672,0.99985176,0.99982084,0.99978528,0.99973872,0.999685,0.99962312,0.99954864,0.9994538,0.99934228,0.99920828,0.99904472,0.99884904,0.9986158,0.99833236,0.99799056,0.99758044,0.9970854,0.99649196,0.99577336,0.99490892,0.99387044,0.99261044,0.99110312,0.98928096,0.98707624,0.98441676,0.98120504,0.97731796,0.97260264,0.96685772,0.95984028,0.95117224,0.940306,0.92621512,0.90688716,0.8846342,0.85974992,0.83197184,0.8009734,0.76634656,0.72754452,0.68383048,0.63406188,0.57306492,0.4780414,0.34022472,0.24296772,0.15912432,0.0845048,0.0428558,0.01930824,0.0071262,0.0019058,0.000273,3.96e-06,0.0,0.0,0.0,0.0,0.0,0.0,0.0,0.0,0.0,0.0,0.0,0.0,0.0,0.0,0.0,0.0,0.0,0.0,0.0,0.0,0.0,0.0,0.0,0.0,0.0,0.0,0.0,0.0,0.0,0.0
1/0.6,0.2,45.0,0.05,0.5,0.9999922,0.99999084,0.99998864,0.9999866,0.99998448,0.99998172,0.99997824,0.99997312,0.99996812,0.99996164,0.99995436,0.99994456,0.99993356,0.9999206,0.99990476,0.99988492,0.9998612,0.9998328,0.9998012,0.99976032,0.9997108,0.99965368,0.99958192,0.99949508,0.99939376,0.99926816,0.99911708,0.99893704,0.9987206,0.99846012,0.99814364,0.99776472,0.99730732,0.99675552,0.99609444,0.99529368,0.9943312,0.9931718,0.99177548,0.99009256,0.98806416,0.98562048,0.98267184,0.97912712,0.97484524,0.96967456,0.96344104,0.95589072,0.94674544,0.93563516,0.92207968,0.9054182,0.88462892,0.85776684,0.82116504,0.76421648,0.69450244,0.63307416,0.53504368,0.44468752,0.37024544,0.29242732,0.15562704,0.08329744,0.04268176,0.0195824,0.00743764,0.00208048,0.00013604,0.0,0.0,0.0,0.0,0.0,0.0,0.0,0.0,0.0,0.0,0.0,0.0,0.0,0.0,0.0,0.0,0.0,0.0,0.0,0.0,0.0,0.0,0.0,0.0,0.0,0.0,0.0,0.0,0.0,0.0,0.0
1/0.6,0.2,90.0,0.05,0.5,0.99999092,0.9999882,0.99998544,0.9999822,0.99997828,0.99997316,0.99996852,0.99996256,0.99995616,0.9999476,0.9999378,0.99992532,0.99991128,0.9998928,0.99986968,0.99984344,0.99981344,0.9997792,0.99973288,0.9996758,0.99961184,0.99953152,0.99943432,0.99931684,0.99917748,0.99901276,0.99881028,0.99856432,0.9982742,0.99791868,0.99749332,0.99698068,0.9963662,0.99562172,0.99472496,0.99364328,0.99234312,0.99077444,0.98887724,0.98659668,0.98383528,0.98049736,0.97645372,0.97153892,0.965539,0.95817756,0.94903376,0.93746144,0.9220108,0.902016,0.87957504,0.8544862,0.82651888,0.79538836,0.76074164,0.72210464,0.67888412,0.62985756,0.5703778,0.48066772,0.3448456,0.2466232,0.16090612,0.08534792,0.04341812,0.0197782,0.00741352,0.00187636,0.00017416,2.6e-06,0.0,0.0,0.0,0.0,0.0,0.0,0.0,0.0,0.0,0.0,0.0,0.0,0.0,0.0,0.0,0.0,0.0,0.0,0.0,0.0,0.0,0.0,0.0,0.0,0.0,0.0,0.0,0.0,0.0,0.0
1/0.6,0.2,135.0,0.05,0.5,0.99999356,0.99999208,0.99999048,0.99998888,0.99998656,0.99998364,0.99998064,0.99997692,0.99997188,0.99996584,0.9999584,0.99994992,0.99994,0.99992752,0.99991176,0.99989328,0.99987036,0.99984328,0.99981104,0.99977108,0.99972372,0.99966724,0.99960124,0.99951976,0.9994188,0.99929688,0.99915864,0.99898472,0.9987796,0.99852308,0.99822832,0.99786176,0.997429,0.99689996,0.9962644,0.9954988,0.9945816,0.9934706,0.99213852,0.99052584,0.98858784,0.98625196,0.983435,0.98003964,0.97594724,0.97100488,0.96503072,0.95780704,0.94904468,0.93838728,0.92535952,0.90930968,0.88924664,0.86318708,0.82728068,0.77077348,0.7026152,0.64114268,0.54279392,0.44984312,0.37341772,0.2945868,0.15600368,0.08399964,0.0432142,0.01979472,0.00757848,0.00197116,0.00013288,0.0,0.0,0.0,0.0,0.0,0.0,0.0,0.0,0.0,0.0,0.0,0.0,0.0,0.0,0.0,0.0,0.0,0.0,0.0,0.0,0.0,0.0,0.0,0.0,0.0,0.0,0.0,0.0,0.0,0.0,0.0
1/0.6,0.2,180.0,0.05,0.5,0.99999036,0.99998844,0.99998628,0.999984,0.99998064,0.9999772,0.99997252,0.99996644,0.99996056,0.9999518,0.99994096,0.99992888,0.99991396,0.99989516,0.99987304,0.99984788,0.99981588,0.99977764,0.99973236,0.99967756,0.99961172,0.99953236,0.99943796,0.99932252,0.99918472,0.999018,0.9988172,0.99857272,0.99828436,0.99793264,0.99750756,0.99699852,0.99638612,0.99564664,0.99476272,0.9936858,0.992388,0.99082232,0.98894684,0.98668164,0.98393852,0.98062392,0.97661408,0.97174192,0.96580588,0.9585288,0.94952284,0.93815504,0.92313764,0.90292076,0.8801778,0.85479736,0.8265582,0.79518204,0.76036628,0.72164996,0.67846928,0.6295394,0.56981748,0.4785016,0.3445814,0.24726332,0.16320828,0.08658364,0.04405296,0.020039,0.007539,0.00208884,0.0003298,8.92e-06,0.0,0.0,0.0,0.0,0.0,0.0,0.0,0.0,0.0,0.0,0.0,0.0,0.0,0.0,0.0,0.0,0.0,0.0,0.0,0.0,0.0,0.0,0.0,0.0,0.0,0.0,0.0,0.0,0.0,0.0
1/0.6,0.6,0.0,0.05,0.5,0.9999982,0.9999978,0.99999744,0.99999676,0.99999596,0.99999496,0.99999368,0.9999928,0.99999168,0.99998976,0.99998748,0.9999854,0.99998288,0.9999782,0.99997396,0.99996896,0.99996352,0.99995684,0.99994632,0.99993612,0.999923,0.99990592,0.99988952,0.99986772,0.99984264,0.99981284,0.99977784,0.99973392,0.999679,0.9996092,0.99952592,0.99943076,0.99931884,0.9991724,0.9990058,0.9988008,0.99855884,0.9982594,0.99790152,0.99747372,0.99696632,0.99633808,0.9955934,0.9946882,0.99360732,0.99229376,0.9907192,0.98882528,0.98653488,0.9753002,0.9467096,0.92227424,0.89623592,0.86770084,0.83950552,0.81044556,0.77933288,0.74492312,0.70546596,0.6576732,0.59117396,0.45945832,0.424572,0.39639448,0.365775,0.33231908,0.29577812,0.25568312,0.2108072,0.15716136,0.07351536,0.01777776,0.00481352,0.0007356,0.0,0.0,0.0,0.0,0.0,0.0,0.0,0.0,0.0,0.0,0.0,0.0,0.0,0.0,0.0,0.0,0.0,0.0,0.0,0.0,0.0,0.0,0.0,0.0,0.0,0.0
1/0.6,0.6,45.0,0.05,0.5,0.9999928,0.99999052,0.99998856,0.99998652,0.99998404,0.99998036,0.99997588,0.99997104,0.9999648,0.99995756,0.9999484,0.99993568,0.99992088,0.99990268,0.99988272,0.99986088,0.99983436,0.99980128,0.99975448,0.9997056,0.99964848,0.99957308,0.99949072,0.99939008,0.9992632,0.99911336,0.99893316,0.99871068,0.99844556,0.99812824,0.99774848,0.99728208,0.99671904,0.99603744,0.99520944,0.99420108,0.99295964,0.99139468,0.98935424,0.98689984,0.98567864,0.98426832,0.98261636,0.9806802,0.97840812,0.97574456,0.9726366,0.96898848,0.964726,0.95971848,0.94840312,0.93479364,0.91935956,0.90116704,0.87885364,0.85068232,0.81241864,0.75577348,0.70159028,0.65086904,0.59530432,0.540056,0.51870568,0.4945024,0.46713864,0.43626548,0.4013654,0.36132624,0.31307068,0.24259468,0.11190068,0.01795444,0.00507856,0.00060096,0.0,0.0,0.0,0.0,0.0,0.0,0.0,0.0,0.0,0.0,0.0,0.0,0.0,0.0,0.0,0.0,0.0,0.0,0.0,0.0,0.0,0.0,0.0,0.0,0.0,0.0
1/0.6,0.6,90.0,0.05,0.5,0.9999984,0.99999816,0.99999764,0.99999676,0.99999628,0.9999952,0.99999468,0.99999356,0.99999228,0.9999908,0.99998888,0.9999862,0.99998328,0.9999804,0.99997584,0.99997084,0.99996476,0.99995692,0.99994808,0.99993728,0.99992368,0.99990664,0.9998904,0.99986972,0.999846,0.99981644,0.99978136,0.99973868,0.99968496,0.99961692,0.99953684,0.99944516,0.9993366,0.99919596,0.99903428,0.99883208,0.99859512,0.99830436,0.9979578,0.99753832,0.99704284,0.99592136,0.99346096,0.9903198,0.98626656,0.98088688,0.97447268,0.9681362,0.96121188,0.95341016,0.93412196,0.90880412,0.88401268,0.85690212,0.8295908,0.80103404,0.76998528,0.73479824,0.69284936,0.64391556,0.57953284,0.46771104,0.42669828,0.39823632,0.36722472,0.3333648,0.29641104,0.25596228,0.21084712,0.15718456,0.07424812,0.01803452,0.00507868,0.00049016,0.0,0.0,0.0,0.0,0.0,0.0,0.0,0.0,0.0,0.0,0.0,0.0,0.0,0.0,0.0,0.0,0.0,0.0,0.0,0.0,0.0,0.0,0.0,0.0,0.0,0.0
1/0.6,0.6,135.0,0.05,0.5,0.99999876,0.99999864,0.9999982,0.99999768,0.99999712,0.9999962,0.99999556,0.99999468,0.99999356,0.99999224,0.99999096,0.99998884,0.9999868,0.9999846,0.99998128,0.99997748,0.99997276,0.999968,0.99996152,0.99995428,0.99994568,0.99993492,0.99992092,0.99990256,0.999883,0.99985504,0.99982676,0.99979032,0.99974816,0.99969632,0.9996282,0.99955408,0.9994648,0.999351,0.99922104,0.99906948,0.99887568,0.99864012,0.99836944,0.99803192,0.99762712,0.99714264,0.99656008,0.99585352,0.99500908,0.99398976,0.9927548,0.99127544,0.98056476,0.9678858,0.95514704,0.94133892,0.92580944,0.90783504,0.8861096,0.85848484,0.82071888,0.76561808,0.71209304,0.6598804,0.6020854,0.54006176,0.518668,0.49445928,0.46710628,0.43626056,0.40139352,0.36138756,0.31316652,0.24305456,0.11314312,0.01801812,0.00521976,0.00053644,0.0,0.0,0.0,0.0,0.0,0.0,0.0,0.0,0.0,0.0,0.0,0.0,0.0,0.0,0.0,0.0,0.0,0.0,0.0,0.0,0.0,0.0,0.0,0.0,0.0,0.0
1/0.6,0.6,180.0,0.05,0.5,0.9999984,0.99999816,0.99999752,0.99999732,0.99999672,0.99999644,0.99999532,0.99999416,0.99999288,0.99999148,0.99998924,0.99998648,0.99998392,0.99998076,0.99997728,0.9999724,0.99996664,0.99996088,0.99995212,0.99994304,0.99993164,0.99991672,0.9998998,0.9998752,0.99984896,0.99981824,0.99978544,0.99973816,0.99968072,0.99961948,0.99954508,0.99944376,0.9993224,0.99918744,0.99902172,0.99882324,0.99858904,0.99830172,0.99794776,0.9975308,0.99702648,0.99641416,0.99567616,0.99480428,0.9937352,0.9924506,0.99090464,0.98228604,0.96046536,0.94246616,0.92415152,0.9041544,0.88130076,0.8559042,0.82985192,0.80210704,0.77163804,0.7370266,0.69530868,0.64638152,0.58179388,0.45236668,0.4264136,0.39804996,0.36715152,0.3333672,0.29649228,0.256121,0.21110056,0.15762776,0.07278112,0.01807384,0.00492388,0.00077696,0.0,0.0,0.0,0.0,0.0,0.0,0.0,0.0,0.0,0.0,0.0,0.0,0.0,0.0,0.0,0.0,0.0,0.0,0.0,0.0,0.0,0.0,0.0,0.0,0.0,0.0
1/0.6,1.0,0.0,0.05,0.5,0.99999856,0.99999832,0.99999824,0.99999824,0.99999816,0.99999764,0.999997,0.99999612,0.99999508,0.99999412,0.99999304,0.99999124,0.9999892,0.99998676,0.9999844,0.99998196,0.99997664,0.99997212,0.9999658,0.99995796,0.99994924,0.99993932,0.99992752,0.99991056,0.99989028,0.99986932,0.9998462,0.99981256,0.99977288,0.99972748,0.99966864,0.99959964,0.99951668,0.99942116,0.99930124,0.99915908,0.99898636,0.99877868,0.99852988,0.99822976,0.9978632,0.99742964,0.99689952,0.99627036,0.99550684,0.99457172,0.9934618,0.99212188,0.99051388,0.9885716,0.98623996,0.98341476,0.9800144,0.97592776,0.97098116,0.96501992,0.95780856,0.94908964,0.93851204,0.92565968,0.90998552,0.89070656,0.86672464,0.83642348,0.79669516,0.74841,0.6962848,0.63632096,0.57006472,0.50932076,0.45217472,0.39428476,0.33607224,0.27359364,0.13887516,0.0450108,0.01379544,0.00121496,0.0,0.0,0.0,0.0,0.0,0.0,0.0,0.0,0.0,0.0,0.0,0.0,0.0,0.0,0.0,0.0,0.0,0.0,0.0,0.0,0.0,0.0
1/0.6,1.0,45.0,0.05,0.5,0.9999978,0.99999736,0.99999672,0.9999964,0.99999608,0.9999956,0.99999456,0.99999372,0.99999212,0.99999036,0.99998844,0.99998628,0.99998364,0.99998084,0.99997648,0.99997088,0.99996444,0.99995672,0.99994864,0.999938,0.99992576,0.9999106,0.99989148,0.99987008,0.9998434,0.99981204,0.99977284,0.999725,0.9996682,0.99959992,0.99951808,0.99942092,0.99930324,0.99916068,0.99899024,0.9987824,0.99853328,0.99823788,0.99787776,0.99744344,0.99692196,0.99629268,0.99553868,0.99462796,0.99352804,0.99220216,0.99059772,0.9886556,0.98630636,0.98347652,0.98002672,0.97581384,0.9706524,0.9642492,0.95621432,0.94590176,0.93208956,0.9119252,0.88566936,0.85995556,0.83417076,0.80801088,0.78136148,0.7539686,0.72508852,0.69444636,0.66182532,0.627044,0.59004348,0.55091468,0.51029052,0.46745156,0.41941472,0.36732592,0.29743672,0.21505148,0.16229924,0.10721684,0.06260488,0.03127836,0.01192232,0.00237888,1.396e-05,0.0,0.0,0.0,0.0,0.0,0.0,0.0,0.0,0.0,0.0,0.0,0.0,0.0,0.0,0.0,0.0,0.0
1/0.6,1.0,90.0,0.05,0.5,0.99999852,0.99999828,0.99999788,0.9999974,0.99999712,0.99999644,0.99999584,0.99999532,0.99999424,0.99999316,0.99999148,0.99998916,0.99998644,0.99998408,0.99998108,0.99997824,0.9999732,0.99996828,0.99996184,0.99995464,0.99994608,0.9999366,0.99992288,0.99990828,0.99989,0.99986792,0.99983916,0.99980716,0.9997702,0.9997194,0.9996632,0.99959596,0.99951104,0.9994134,0.9992948,0.9991474,0.9989722,0.99876252,0.99851064,0.9982046,0.99783528,0.997394,0.99686092,0.99621808,0.99544684,0.99451528,0.99339172,0.9920404,0.99041276,0.98845,0.98608836,0.98324656,0.97980976,0.97566724,0.97067548,0.96464948,0.95736864,0.94855704,0.9378846,0.92490708,0.90909204,0.88973276,0.86574548,0.83567276,0.79702672,0.74777744,0.69441848,0.6327196,0.56699608,0.50659584,0.4497118,0.39247332,0.33381888,0.27082516,0.14631116,0.04607396,0.01523652,0.002204,0.0,0.0,0.0,0.0,0.0,0.0,0.0,0.0,0.0,0.0,0.0,0.0,0.0,0.0,0.0,0.0,0.0,0.0,0.0,0.0,0.0,0.0
1/0.6,1.0,135.0,0.05,0.5,0.99999848,0.99999824,0.99999788,0.9999974,0.99999676,0.99999588,0.99999484,0.99999368,0.99999228,0.99999052,0.9999884,0.99998544,0.99998224,0.99997856,0.99997476,0.99997008,0.99996384,0.999957,0.99994836,0.9999382,0.99992592,0.99991032,0.99989108,0.99986812,0.99984128,0.99980904,0.99977,0.99972608,0.99966972,0.99960224,0.9995194,0.99942084,0.9992996,0.99915576,0.99898388,0.9987776,0.99852644,0.998224,0.99786252,0.99742568,0.99690216,0.99626888,0.99550492,0.99458368,0.9934762,0.99213716,0.99052152,0.98856532,0.98619912,0.98332592,0.97983796,0.97557408,0.9703182,0.96380776,0.9555928,0.94500388,0.93074056,0.90969528,0.88422344,0.85935092,0.8343878,0.80891768,0.78271248,0.75563712,0.726849,0.6961244,0.66332624,0.62835328,0.59117388,0.55190708,0.51119072,0.46785252,0.42013632,0.36906972,0.29941552,0.2147232,0.16196292,0.105587,0.06278672,0.0314824,0.01208056,0.00246136,2.112e-05,0.0,0.0,0.0,0.0,0.0,0.0,0.0,0.0,0.0,0.0,0.0,0.0,0.0,0.0,0.0,0.0,0.0
1/0.6,1.0,180.0,0.05,0.5,0.99999852,0.99999844,0.99999836,0.99999816,0.99999736,0.9999968,0.99999608,0.99999516,0.999994,0.99999304,0.99999176,0.99999028,0.99998852,0.99998584,0.99998292,0.99998048,0.99997612,0.9999708,0.99996376,0.99995524,0.99994552,0.9999364,0.99992392,0.99990824,0.99989112,0.999868,0.99984168,0.9998116,0.9997726,0.99972296,0.99966764,0.99959812,0.99951796,0.99942076,0.99930208,0.999156,0.99898408,0.9987746,0.99852488,0.99822388,0.9978624,0.99742548,0.9969038,0.996272,0.99550872,0.99459204,0.99348824,0.99216024,0.9905498,0.98861364,0.98628232,0.98347436,0.98008772,0.9760068,0.97108004,0.96513616,0.95795372,0.94925624,0.9387144,0.92589216,0.91024348,0.89103512,0.8671788,0.83712268,0.79826308,0.7487894,0.6952818,0.63366552,0.56781744,0.50732356,0.45042136,0.39300808,0.33434312,0.2714176,0.15292872,0.04590268,0.01511424,0.00226464,0.0,0.0,0.0,0.0,0.0,0.0,0.0,0.0,0.0,0.0,0.0,0.0,0.0,0.0,0.0,0.0,0.0,0.0,0.0,0.0,0.0,0.0
1/0.6,1/0.6,0.0,0.05,0.5,0.9999912,0.99998944,0.99998672,0.99998488,0.99998128,0.9999776,0.99997232,0.99996672,0.99996088,0.99995248,0.99994424,0.99993376,0.99991824,0.99990028,0.99988172,0.99985748,0.99982452,0.99979116,0.99974864,0.99969824,0.99963768,0.99956332,0.99947268,0.99936464,0.99923256,0.9990798,0.9988932,0.99866416,0.99838848,0.99805808,0.99766688,0.99718588,0.99660956,0.99592124,0.99508044,0.9940766,0.99286732,0.99140376,0.98964728,0.98752848,0.98497868,0.98189712,0.97818604,0.97370748,0.96830608,0.96177328,0.9538704,0.9442822,0.93261364,0.91834332,0.90073432,0.8787338,0.85061276,0.81296204,0.75532684,0.69461844,0.65716468,0.6053062,0.53120064,0.48646208,0.4667712,0.44478996,0.4203382,0.39320124,0.36310232,0.3299178,0.29345632,0.25331648,0.2082176,0.1535548,0.07528452,0.01767008,0.00472984,0.00071852,0.0,0.0,0.0,0.0,0.0,0.0,0.0,0.0,0.0,0.0,0.0,0.0,0.0,0.0,0.0,0.0,0.0,0.0,0.0,0.0,0.0,0.0,0.0,0.0,0.0,0.0
1/0.6,1/0.6,45.0,0.05,0.5,0.99999024,0.99998812,0.99998588,0.99998248,0.9999794,0.99997544,0.99997172,0.9999656,0.999959,0.99995068,0.99994276,0.99993112,0.99991748,0.99990084,0.999879,0.99985532,0.99982516,0.99979,0.99974444,0.9996928,0.99962904,0.99955616,0.99946288,0.9993518,0.99921812,0.99905336,0.998861,0.99862964,0.99835292,0.998017,0.99760816,0.99712072,0.9965296,0.99582336,0.99496672,0.99393872,0.99269976,0.99120576,0.98940076,0.98722896,0.98460684,0.98145104,0.97762724,0.97300232,0.96735088,0.96055432,0.95230524,0.94239832,0.93051844,0.91609492,0.89835832,0.87609676,0.84723408,0.80763788,0.76315648,0.72087104,0.67276448,0.62738372,0.59439256,0.56970124,0.55392644,0.53575064,0.51488864,0.49105452,0.4639528,0.43324,0.39834932,0.3580314,0.30864096,0.2305226,0.11630788,0.01870124,0.00510692,0.0006224,0.0,0.0,0.0,0.0,0.0,0.0,0.0,0.0,0.0,0.0,0.0,0.0,0.0,0.0,0.0,0.0,0.0,0.0,0.0,0.0,0.0,0.0,0.0,0.0,0.0,0.0
1/0.6,1/0.6,90.0,0.05,0.5,0.99999116,0.9999888,0.99998644,0.99998396,0.99998108,0.99997632,0.99997192,0.99996668,0.99996,0.99995132,0.99994164,0.99993012,0.99991688,0.99989916,0.99987804,0.99985308,0.99982372,0.99978856,0.999744,0.99969356,0.99963304,0.99955512,0.999461,0.99935368,0.99922088,0.99906216,0.99887292,0.99864476,0.9983672,0.99803232,0.9976254,0.99713916,0.99656052,0.99585484,0.99500592,0.99398544,0.9927534,0.99126828,0.98947964,0.98732824,0.98473752,0.98160804,0.97783568,0.97328532,0.96778992,0.96114868,0.95310212,0.94333768,0.931438,0.91684756,0.89877704,0.8759922,0.84654688,0.80787364,0.75534032,0.68464144,0.640053,0.58430712,0.5212242,0.4864284,0.46698028,0.44514936,0.42078316,0.3936854,0.36361392,0.33043812,0.2940044,0.25390728,0.20890804,0.15456344,0.07610456,0.01832392,0.0050726,0.00049976,4e-07,0.0,0.0,0.0,0.0,0.0,0.0,0.0,0.0,0.0,0.0,0.0,0.0,0.0,0.0,0.0,0.0,0.0,0.0,0.0,0.0,0.0,0.0,0.0,0.0,0.0
1/0.6,1/0.6,135.0,0.05,0.5,0.99999136,0.99998964,0.99998736,0.99998448,0.99998168,0.99997804,0.99997376,0.99996812,0.9999624,0.99995408,0.99994512,0.99993448,0.99992224,0.99990536,0.99988584,0.99986132,0.9998328,0.99979772,0.99975684,0.99970832,0.99964536,0.9995758,0.99949172,0.99938752,0.99926172,0.9991124,0.99893,0.99871016,0.99844124,0.9981284,0.9977462,0.99728644,0.99672736,0.99606192,0.995256,0.99428096,0.99311068,0.99170328,0.99000552,0.98796204,0.98549676,0.982522,0.97893776,0.97460548,0.96937096,0.96302744,0.95532428,0.94593808,0.934436,0.92023924,0.90251028,0.87996144,0.850314,0.80919884,0.76150504,0.71943112,0.68417492,0.64249888,0.58364012,0.569959,0.55417,0.53598908,0.51513204,0.49130776,0.46421896,0.43352552,0.39866268,0.35839404,0.30911316,0.2308458,0.11701236,0.01825744,0.005188,0.00052964,0.0,0.0,0.0,0.0,0.0,0.0,0.0,0.0,0.0,0.0,0.0,0.0,0.0,0.0,0.0,0.0,0.0,0.0,0.0,0.0,0.0,0.0,0.0,0.0,0.0,0.0
1/0.6,1/0.6,180.0,0.05,0.5,0.99999088,0.99998872,0.99998656,0.99998472,0.99998192,0.99997816,0.99997392,0.99996856,0.99996168,0.9999538,0.99994452,0.999933,0.99991932,0.99990276,0.99988428,0.99985924,0.9998306,0.99979732,0.99975364,0.99970384,0.99963832,0.99956676,0.99947908,0.99937348,0.99924452,0.9990854,0.9988962,0.99867136,0.99840084,0.99807836,0.99768264,0.99720796,0.99663352,0.99595252,0.99511796,0.99412444,0.9929214,0.99147468,0.98972976,0.98763152,0.9850888,0.98204096,0.97836196,0.973922,0.96855908,0.96208832,0.95425236,0.94475272,0.933196,0.91908276,0.90169668,0.88001976,0.85223332,0.81610556,0.76593056,0.68085604,0.64245464,0.58901488,0.50352064,0.48630784,0.4668786,0.4450758,0.42073796,0.393672,0.36361792,0.33045132,0.29399992,0.25384744,0.20870324,0.15377668,0.07721452,0.01852376,0.00492448,0.00077388,0.0,0.0,0.0,0.0,0.0,0.0,0.0,0.0,0.0,0.0,0.0,0.0,0.0,0.0,0.0,0.0,0.0,0.0,0.0,0.0,0.0,0.0,0.0,0.0,0.0,0.0
1/0.6,1/0.2,0.0,0.05,0.5,0.99999296,0.99999168,0.99998968,0.99998792,0.9999856,0.99998264,0.99997832,0.99997424,0.99996728,0.99995964,0.99995108,0.99994196,0.99992836,0.99991284,0.99989748,0.99987832,0.99985176,0.99982144,0.9997854,0.99974172,0.99968416,0.99962076,0.99954416,0.99945388,0.99934164,0.99920648,0.99904144,0.99884844,0.99861176,0.99832416,0.99798728,0.99757352,0.99707328,0.99647608,0.99575656,0.9948852,0.99384416,0.99257676,0.991063,0.9892352,0.98702788,0.98436964,0.98116616,0.97729772,0.97262292,0.96697332,0.9601296,0.95181264,0.94166072,0.92917544,0.91360324,0.89364228,0.86609132,0.82472236,0.78043264,0.73285496,0.68049824,0.62075672,0.54425732,0.42515864,0.3143226,0.22746372,0.14339188,0.077594,0.03954148,0.01776204,0.006497,0.0017068,0.00022912,9.6e-07,0.0,0.0,0.0,0.0,0.0,0.0,0.0,0.0,0.0,0.0,0.0,0.0,0.0,0.0,0.0,0.0,0.0,0.0,0.0,0.0,0.0,0.0,0.0,0.0,0.0,0.0,0.0,0.0,0.0,0.0
1/0.6,1/0.2,45.0,0.05,0.5,0.99999128,0.99998964,0.99998772,0.99998516,0.9999822,0.99997852,0.99997424,0.99996864,0.99996232,0.99995416,0.99994412,0.99993304,0.99991976,0.99990092,0.99988152,0.99985648,0.9998272,0.99979196,0.99974996,0.999698,0.99963576,0.99956204,0.99947208,0.99936492,0.99923372,0.999076,0.99888928,0.99866092,0.99838716,0.99805688,0.9976588,0.99718056,0.99660388,0.99591088,0.99507496,0.99406568,0.99285276,0.99139128,0.98962824,0.98750588,0.98494916,0.98186344,0.97814272,0.97364292,0.96820392,0.96160556,0.9535732,0.94374488,0.93161552,0.91650484,0.89732908,0.87220872,0.83689944,0.79088964,0.74796788,0.70618148,0.66328288,0.6160236,0.53827696,0.4382086,0.35897988,0.26670812,0.14121532,0.07700248,0.0396142,0.01806964,0.00682296,0.00184,7.892e-05,0.0,0.0,0.0,0.0,0.0,0.0,0.0,0.0,0.0,0.0,0.0,0.0,0.0,0.0,0.0,0.0,0.0,0.0,0.0,0.0,0.0,0.0,0.0,0.0,0.0,0.0,0.0,0.0,0.0,0.0,0.0
1/0.6,1/0.2,90.0,0.05,0.5,0.9999932,0.99999168,0.99998944,0.99998708,0.99998436,0.9999812,0.99997732,0.99997228,0.99996688,0.999959,0.999951,0.999941,0.99992872,0.9999136,0.99989612,0.999875,0.99984936,0.9998188,0.99978004,0.99973424,0.99968132,0.99961544,0.99953776,0.99944328,0.99932988,0.99919348,0.99902652,0.99882884,0.99859004,0.99830036,0.99795176,0.99753468,0.9970296,0.99642312,0.99569212,0.99480944,0.99374636,0.9924694,0.990928,0.98907024,0.98683228,0.98413484,0.98088096,0.976951,0.97220664,0.96646832,0.95951272,0.95105336,0.94070752,0.92792888,0.91185132,0.89085768,0.86017364,0.81792144,0.77350104,0.7260374,0.67430548,0.61621808,0.54282392,0.42785944,0.31875384,0.23059448,0.14553504,0.07866472,0.04022196,0.0182874,0.00682196,0.0016316,0.00013184,9.2e-07,0.0,0.0,0.0,0.0,0.0,0.0,0.0,0.0,0.0,0.0,0.0,0.0,0.0,0.0,0.0,0.0,0.0,0.0,0.0,0.0,0.0,0.0,0.0,0.0,0.0,0.0,0.0,0.0,0.0,0.0
1/0.6,1/0.2,135.0,0.05,0.5,0.99999048,0.9999888,0.9999864,0.99998372,0.99997956,0.99997548,0.99997076,0.99996524,0.99995968,0.99995212,0.9999438,0.99993328,0.99992008,0.99990456,0.99988648,0.99986284,0.99983724,0.9998018,0.9997586,0.99971164,0.99965568,0.99958328,0.99949516,0.9993934,0.99927008,0.99912016,0.99893744,0.9987228,0.9984616,0.99814788,0.9977726,0.99731496,0.9967664,0.99610196,0.99530396,0.99434632,0.99318976,0.99179596,0.99011588,0.9880926,0.98565124,0.98270772,0.97915884,0.97487128,0.96968948,0.96339972,0.95573812,0.94634188,0.9347086,0.92013452,0.90150744,0.87686252,0.84182796,0.79658668,0.75476744,0.71334184,0.67027616,0.62266364,0.54443108,0.44257392,0.3618194,0.26581276,0.14123544,0.07748804,0.04003284,0.01826544,0.00699116,0.00175356,7.832e-05,0.0,0.0,0.0,0.0,0.0,0.0,0.0,0.0,0.0,0.0,0.0,0.0,0.0,0.0,0.0,0.0,0.0,0.0,0.0,0.0,0.0,0.0,0.0,0.0,0.0,0.0,0.0,0.0,0.0,0.0,0.0
1/0.6,1/0.2,180.0,0.05,0.5,0.99999216,0.99999032,0.999988,0.99998592,0.9999832,0.99998056,0.99997696,0.99997224,0.9999664,0.99996024,0.99995276,0.99994412,0.9999326,0.99991868,0.99990036,0.99987512,0.99984792,0.99981752,0.9997794,0.99973556,0.99968032,0.99961268,0.99953696,0.9994446,0.9993258,0.99919156,0.99902484,0.998827,0.9985862,0.99829196,0.99794292,0.99752692,0.99702108,0.9964082,0.99567516,0.99478828,0.99372484,0.99243956,0.99089224,0.98902812,0.98677964,0.984069,0.98080216,0.97685516,0.97208968,0.96632492,0.95933244,0.95082856,0.94042864,0.92760248,0.91153496,0.8907038,0.8604716,0.81764988,0.77274948,0.7248916,0.6728588,0.61438424,0.53982476,0.42648388,0.31864872,0.23134304,0.14825808,0.07990376,0.0408038,0.01847172,0.00686076,0.00185964,0.00027604,5.8e-06,0.0,0.0,0.0,0.0,0.0,0.0,0.0,0.0,0.0,0.0,0.0,0.0,0.0,0.0,0.0,0.0,0.0,0.0,0.0,0.0,0.0,0.0,0.0,0.0,0.0,0.0,0.0,0.0,0.0,0.0
1/0.2,0.2,0.0,0.05,0.5,0.99999088,0.99998872,0.99998612,0.99998364,0.99998036,0.99997588,0.99997148,0.9999642,0.99995684,0.99994876,0.99993828,0.99992592,0.99991168,0.99989296,0.9998726,0.99984776,0.99981504,0.99977832,0.99973332,0.9996796,0.9996138,0.9995356,0.99943968,0.999326,0.99918452,0.99901872,0.99881992,0.99858168,0.99828576,0.99793968,0.99751336,0.9970102,0.99639784,0.99565896,0.99477064,0.9937046,0.99241028,0.99085288,0.98897852,0.98671108,0.98398176,0.98068004,0.97668016,0.9718226,0.96590256,0.95864816,0.9496644,0.938335,0.92335316,0.90331756,0.88079056,0.85562384,0.82758176,0.79639136,0.7616868,0.72297604,0.67966688,0.6304604,0.57030988,0.47803236,0.34300312,0.2455496,0.16084392,0.0851902,0.04323248,0.01956496,0.00731028,0.00205052,0.00038076,2.124e-05,0.0,0.0,0.0,0.0,0.0,0.0,0.0,0.0,0.0,0.0,0.0,0.0,0.0,0.0,0.0,0.0,0.0,0.0,0.0,0.0,0.0,0.0,0.0,0.0,0.0,0.0,0.0,0.0,0.0,0.0
1/0.2,0.2,45.0,0.05,0.5,0.99999344,0.99999208,0.99999076,0.9999888,0.99998632,0.99998348,0.99998024,0.99997676,0.99997104,0.99996524,0.99995856,0.99994928,0.99993824,0.99992316,0.99990604,0.99988748,0.99986492,0.99983788,0.99980588,0.99976692,0.999721,0.99966312,0.99959188,0.99950472,0.99940616,0.99928488,0.9991376,0.99896156,0.99874944,0.99849552,0.99818584,0.99781428,0.99736776,0.99683376,0.99618244,0.99540176,0.99446048,0.99332692,0.99196224,0.99031776,0.98833696,0.98594968,0.98307308,0.97959864,0.97541512,0.97036276,0.96425756,0.95686888,0.94791112,0.93701808,0.9236992,0.90730188,0.88681792,0.86022548,0.82377284,0.76665552,0.69862344,0.63718532,0.53816216,0.44675316,0.37144544,0.2936524,0.15569884,0.08355752,0.04285184,0.01951764,0.00731444,0.00206612,0.00037896,0.0,0.0,0.0,0.0,0.0,0.0,0.0,0.0,0.0,0.0,0.0,0.0,0.0,0.0,0.0,0.0,0.0,0.0,0.0,0.0,0.0,0.0,0.0,0.0,0.0,0.0,0.0,0.0,0.0,0.0,0.0
1/0.2,0.2,90.0,0.05,0.5,0.99999108,0.99998912,0.99998624,0.99998304,0.99998036,0.99997644,0.99997168,0.9999664,0.99995848,0.99995032,0.99993968,0.99992768,0.99991196,0.99989436,0.99987392,0.999847,0.99981536,0.99977796,0.99973168,0.99967792,0.99961208,0.9995342,0.99943728,0.99932292,0.99918436,0.9990174,0.99881716,0.99857344,0.9982828,0.99793168,0.99750744,0.99699784,0.99638664,0.99564528,0.99475316,0.99368064,0.99238616,0.99082824,0.98894004,0.98667216,0.98393344,0.9806162,0.97659876,0.9717266,0.96578568,0.95850472,0.949487,0.93811304,0.9230292,0.9029792,0.88045856,0.85530536,0.82728608,0.7961158,0.761458,0.72280308,0.67957816,0.63050236,0.570597,0.47944608,0.3440764,0.24627396,0.16127012,0.08542284,0.04336656,0.01963872,0.00735036,0.0020652,0.00039032,2.468e-05,0.0,0.0,0.0,0.0,0.0,0.0,0.0,0.0,0.0,0.0,0.0,0.0,0.0,0.0,0.0,0.0,0.0,0.0,0.0,0.0,0.0,0.0,0.0,0.0,0.0,0.0,0.0,0.0,0.0,0.0
1/0.2,0.2,135.0,0.05,0.5,0.99999324,0.99999172,0.99999008,0.99998788,0.99998532,0.99998228,0.99997828,0.99997388,0.99996764,0.99996224,0.9999538,0.9999446,0.99993344,0.9999196,0.99990304,0.99988484,0.99986332,0.99983576,0.99980456,0.99976628,0.99972032,0.99966492,0.99959664,0.99950836,0.99940348,0.99928504,0.99914264,0.99896596,0.99875228,0.99849968,0.99819176,0.99781876,0.997377,0.99683932,0.9961968,0.99541312,0.99447592,0.99334788,0.99198428,0.9903456,0.98837108,0.98598896,0.98311696,0.97966124,0.97548448,0.97044844,0.96436172,0.95699468,0.94806544,0.93720284,0.9239246,0.9075758,0.8871632,0.86067052,0.82437804,0.76761896,0.69945528,0.6380796,0.53936908,0.44762484,0.37211132,0.29439784,0.1562636,0.08389408,0.04305868,0.01963304,0.00737048,0.00208372,0.0003864,0.0,0.0,0.0,0.0,0.0,0.0,0.0,0.0,0.0,0.0,0.0,0.0,0.0,0.0,0.0,0.0,0.0,0.0,0.0,0.0,0.0,0.0,0.0,0.0,0.0,0.0,0.0,0.0,0.0,0.0,0.0
1/0.2,0.2,180.0,0.05,0.5,0.9999912,0.99998948,0.99998724,0.99998472,0.99998116,0.99997752,0.99997264,0.99996692,0.99995988,0.99995156,0.99994212,0.99992892,0.99991444,0.999897,0.99987352,0.99984832,0.9998168,0.99977908,0.99973248,0.99967876,0.99961556,0.99953448,0.99944152,0.99932496,0.9991868,0.99902132,0.99882092,0.99858032,0.99828764,0.99794064,0.99751832,0.99701088,0.99639908,0.9956624,0.99477076,0.99370728,0.99240684,0.99086068,0.98899064,0.98673104,0.98399596,0.98069576,0.97669752,0.97184632,0.96593512,0.9586874,0.9497186,0.93840768,0.92347732,0.903454,0.88092004,0.8557544,0.82772476,0.7965492,0.76186356,0.72321692,0.6799598,0.63086568,0.57093828,0.47977796,0.34435116,0.24654684,0.16177372,0.08571772,0.04354236,0.01974028,0.00739904,0.0020824,0.0003904,2.412e-05,0.0,0.0,0.0,0.0,0.0,0.0,0.0,0.0,0.0,0.0,0.0,0.0,0.0,0.0,0.0,0.0,0.0,0.0,0.0,0.0,0.0,0.0,0.0,0.0,0.0,0.0,0.0,0.0,0.0,0.0
1/0.2,0.6,0.0,0.05,0.5,0.99999836,0.99999812,0.99999784,0.99999756,0.99999696,0.99999636,0.99999548,0.99999428,0.99999312,0.99999152,0.99999016,0.99998764,0.99998544,0.99998244,0.99997892,0.99997344,0.99996588,0.99995888,0.99994996,0.99993904,0.99992568,0.99991236,0.99989392,0.99987372,0.99984428,0.99981176,0.99977444,0.99972832,0.99967704,0.99961064,0.99953432,0.99944084,0.99932456,0.99919324,0.9990258,0.9988192,0.9985778,0.99828988,0.99794652,0.99751956,0.99700968,0.99640664,0.99565988,0.99478276,0.99371172,0.99242428,0.99087484,0.98346136,0.96134144,0.94313464,0.92469572,0.90460452,0.88168724,0.856369,0.8303784,0.8026914,0.77226736,0.73772644,0.69601532,0.64669248,0.58144648,0.45213032,0.42616588,0.39779216,0.36686908,0.33308596,0.296188,0.25579732,0.210751,0.15719856,0.0735216,0.01783312,0.00488752,0.00091648,0.0,0.0,0.0,0.0,0.0,0.0,0.0,0.0,0.0,0.0,0.0,0.0,0.0,0.0,0.0,0.0,0.0,0.0,0.0,0.0,0.0,0.0,0.0,0.0,0.0,0.0
1/0.2,0.6,45.0,0.05,0.5,0.9999984,0.99999796,0.9999976,0.99999716,0.99999668,0.999996,0.99999512,0.99999444,0.99999352,0.999992,0.99999064,0.99998884,0.9999866,0.99998404,0.99998104,0.99997752,0.99997296,0.99996752,0.99996096,0.99995224,0.9999428,0.99993076,0.999916,0.99989944,0.99988052,0.99985836,0.99982732,0.99979184,0.99975036,0.99969464,0.99963408,0.9995554,0.99946276,0.99935616,0.99922632,0.99906848,0.99887412,0.99864428,0.99836956,0.99803248,0.99763712,0.99714808,0.99656256,0.99586144,0.99501628,0.9939994,0.99277012,0.99029164,0.97891708,0.96612844,0.95317868,0.93908504,0.92324004,0.90487764,0.88261004,0.85434892,0.81580996,0.76053992,0.7075256,0.65698292,0.60139944,0.5399088,0.51852472,0.4943162,0.46695936,0.43610684,0.40123084,0.36122348,0.31302456,0.24319224,0.11210548,0.01781812,0.00488424,0.00095604,0.0,0.0,0.0,0.0,0.0,0.0,0.0,0.0,0.0,0.0,0.0,0.0,0.0,0.0,0.0,0.0,0.0,0.0,0.0,0.0,0.0,0.0,0.0,0.0,0.0,0.0
1/0.2,0.6,90.0,0.05,0.5,0.999998,0.99999768,0.99999736,0.99999656,0.99999584,0.99999516,0.999994,0.99999268,0.9999912,0.99998968,0.99998784,0.99998524,0.99998248,0.9999798,0.99997624,0.99997148,0.99996568,0.9999582,0.9999488,0.99993808,0.99992632,0.99991084,0.99989304,0.99987056,0.99984172,0.99981304,0.99977612,0.99973148,0.9996768,0.99961268,0.99953392,0.9994398,0.99932784,0.99919248,0.99903072,0.998827,0.99858212,0.998292,0.99794908,0.9975256,0.99702416,0.99641256,0.99568212,0.99478796,0.9937252,0.99244296,0.99089844,0.98275148,0.96090976,0.94280568,0.92447452,0.90451136,0.88176048,0.85621396,0.83001072,0.8021508,0.77157704,0.73683196,0.6950206,0.64599644,0.581124,0.45243168,0.42642212,0.39801584,0.3670602,0.33323996,0.29631932,0.25590136,0.21082796,0.15723852,0.0737288,0.01784604,0.00488456,0.00094368,0.0,0.0,0.0,0.0,0.0,0.0,0.0,0.0,0.0,0.0,0.0,0.0,0.0,0.0,0.0,0.0,0.0,0.0,0.0,0.0,0.0,0.0,0.0,0.0,0.0,0.0
1/0.2,0.6,135.0,0.05,0.5,0.99999824,0.99999804,0.99999776,0.99999712,0.99999636,0.99999604,0.9999956,0.99999444,0.99999344,0.9999926,0.99999088,0.99998876,0.99998672,0.99998408,0.99998088,0.99997764,0.99997324,0.99996756,0.99996084,0.99995272,0.99994232,0.99993132,0.9999166,0.99989912,0.99987676,0.99985268,0.99982252,0.99978844,0.99974524,0.9996964,0.99963096,0.99955628,0.99946904,0.99935708,0.99922296,0.99906556,0.99887808,0.99864812,0.99836716,0.99803828,0.99762784,0.99715188,0.996569,0.99586352,0.99501812,0.99399888,0.99276884,0.99128676,0.97951008,0.96669268,0.95370588,0.93960836,0.92373916,0.90538016,0.88313708,0.85492468,0.81646412,0.76114664,0.7079684,0.65722044,0.60144764,0.53999112,0.51860472,0.49439708,0.46704108,0.43619084,0.4013232,0.36131616,0.31312572,0.24333084,0.11227656,0.01786792,0.0049002,0.00095964,0.0,0.0,0.0,0.0,0.0,0.0,0.0,0.0,0.0,0.0,0.0,0.0,0.0,0.0,0.0,0.0,0.0,0.0,0.0,0.0,0.0,0.0,0.0,0.0,0.0,0.0
1/0.2,0.6,180.0,0.05,0.5,0.9999984,0.99999804,0.99999756,0.999997,0.99999616,0.99999548,0.9999946,0.99999376,0.9999926,0.99999108,0.99998916,0.99998668,0.9999846,0.99998152,0.99997756,0.99997292,0.99996712,0.99996088,0.99995216,0.99994048,0.9999288,0.99991432,0.999899,0.99987844,0.99984972,0.99982168,0.99978364,0.9997354,0.9996812,0.99961328,0.99953312,0.99943796,0.99932704,0.99918904,0.99902156,0.99882316,0.99858756,0.99829336,0.99794488,0.99752072,0.99701532,0.99640276,0.99567456,0.99478372,0.99371624,0.99243144,0.99088016,0.983756,0.96161588,0.94335204,0.92492752,0.90486984,0.88199624,0.85652276,0.83042324,0.80262696,0.77211352,0.73747256,0.69567196,0.64643136,0.58126544,0.45237436,0.42638564,0.39799704,0.36705248,0.3332592,0.29635004,0.2559524,0.21090144,0.15735476,0.07373092,0.01791024,0.0049136,0.00092428,0.0,0.0,0.0,0.0,0.0,0.0,0.0,0.0,0.0,0.0,0.0,0.0,0.0,0.0,0.0,0.0,0.0,0.0,0.0,0.0,0.0,0.0,0.0,0.0,0.0,0.0
1/0.2,1.0,0.0,0.05,0.5,0.99999896,0.9999988,0.99999844,0.999998,0.99999748,0.99999696,0.99999604,0.99999544,0.99999384,0.99999308,0.99999232,0.99999092,0.99998848,0.99998592,0.9999832,0.9999798,0.999975,0.99997056,0.99996396,0.99995656,0.99994944,0.99993988,0.9999258,0.99991032,0.99989236,0.99987004,0.99984004,0.99980848,0.999771,0.99972456,0.99966912,0.99960232,0.99951756,0.99942084,0.9993062,0.99915932,0.99899088,0.9987836,0.9985346,0.9982348,0.99787256,0.99743652,0.996913,0.99627824,0.99552028,0.99461196,0.99351304,0.99218704,0.99058664,0.98866088,0.98633328,0.98353564,0.98016348,0.97609992,0.97118884,0.96527688,0.95811152,0.94945112,0.93894744,0.92616712,0.91056552,0.89141172,0.86760592,0.83760372,0.79883208,0.74922668,0.69540176,0.63326544,0.5674542,0.50700976,0.45009304,0.39267388,0.33399168,0.27099408,0.148775,0.04579516,0.01489664,0.00208296,0.0,0.0,0.0,0.0,0.0,0.0,0.0,0.0,0.0,0.0,0.0,0.0,0.0,0.0,0.0,0.0,0.0,0.0,0.0,0.0,0.0,0.0
1/0.2,1.0,45.0,0.05,0.5,0.99999856,0.99999828,0.99999788,0.99999716,0.9999966,0.99999576,0.99999472,0.99999352,0.99999148,0.99998928,0.9999876,0.99998556,0.99998288,0.99997928,0.99997496,0.99996948,0.99996312,0.99995604,0.99994708,0.99993688,0.99992324,0.99990804,0.99989032,0.99986816,0.99983956,0.99980704,0.99976536,0.99971964,0.9996622,0.99959348,0.99951256,0.99941004,0.99928872,0.99914512,0.99896788,0.99876032,0.99850364,0.99819728,0.99782564,0.99738204,0.99684388,0.996199,0.9954232,0.99448712,0.99335848,0.99199544,0.990346,0.98835924,0.98595324,0.9830346,0.97947728,0.97513476,0.9697928,0.96316128,0.95480176,0.94401856,0.9294998,0.90806336,0.88272692,0.85792744,0.83301436,0.80763984,0.78158328,0.75468128,0.72609232,0.69557104,0.66294316,0.62809724,0.59099444,0.55176752,0.51107008,0.46780284,0.42005916,0.36876132,0.29887272,0.21480128,0.16223252,0.10604128,0.06269292,0.0313814,0.01199848,0.00241092,1.512e-05,0.0,0.0,0.0,0.0,0.0,0.0,0.0,0.0,0.0,0.0,0.0,0.0,0.0,0.0,0.0,0.0,0.0
1/0.2,1.0,90.0,0.05,0.5,0.9999988,0.99999852,0.99999824,0.9999978,0.99999736,0.99999696,0.99999624,0.99999576,0.99999468,0.99999352,0.99999204,0.9999904,0.999988,0.99998616,0.99998392,0.99998032,0.99997596,0.99997116,0.99996536,0.99995844,0.99994944,0.9999394,0.99992628,0.99990956,0.99989184,0.99986876,0.99984316,0.99980932,0.99976984,0.99972492,0.99966984,0.99960176,0.99951984,0.999423,0.9993016,0.99915792,0.998985,0.9987808,0.99852924,0.99822936,0.99786456,0.99743044,0.99690276,0.9962678,0.99550804,0.99459452,0.99349268,0.9921628,0.99056184,0.9886308,0.98629768,0.9834918,0.9801074,0.97603928,0.97110756,0.965184,0.95799684,0.94931308,0.93878276,0.92596956,0.91032712,0.8911276,0.86728432,0.8372448,0.79846264,0.7488254,0.69500336,0.63288576,0.56716424,0.5067784,0.44990824,0.39254816,0.33387764,0.2708444,0.14935392,0.04588184,0.01510096,0.00213468,0.0,0.0,0.0,0.0,0.0,0.0,0.0,0.0,0.0,0.0,0.0,0.0,0.0,0.0,0.0,0.0,0.0,0.0,0.0,0.0,0.0,0.0
1/0.2,1.0,135.0,0.05,0.5,0.99999804,0.99999772,0.99999708,0.99999648,0.99999588,0.99999512,0.99999428,0.99999296,0.99999176,0.99999012,0.99998776,0.99998544,0.99998268,0.99997912,0.99997588,0.9999706,0.9999636,0.999956,0.99994568,0.99993568,0.99992188,0.99990656,0.99988824,0.99986628,0.99983808,0.9998048,0.9997644,0.99971556,0.99966012,0.9995906,0.99950756,0.99940704,0.9992852,0.99914024,0.99896228,0.99875032,0.99849524,0.99819052,0.99782076,0.99737896,0.99684168,0.99619908,0.99542804,0.99449044,0.993369,0.99201108,0.99037092,0.98837624,0.98597124,0.98305836,0.979517,0.97517344,0.969843,0.96321744,0.95487348,0.94411684,0.92961728,0.90821904,0.88284656,0.85801684,0.83309284,0.80769048,0.781628,0.75471764,0.72612176,0.69559236,0.66296804,0.62811796,0.59102184,0.55179608,0.51110464,0.46782792,0.4201048,0.36883564,0.29895424,0.214813,0.16221332,0.10599124,0.06269656,0.03138308,0.01199812,0.00240496,1.404e-05,0.0,0.0,0.0,0.0,0.0,0.0,0.0,0.0,0.0,0.0,0.0,0.0,0.0,0.0,0.0,0.0,0.0
1/0.2,1.0,180.0,0.05,0.5,0.99999808,0.99999776,0.99999748,0.99999724,0.99999692,0.99999636,0.99999588,0.99999536,0.9999938,0.99999296,0.99999152,0.99998972,0.99998784,0.99998588,0.9999834,0.9999794,0.99997484,0.99997096,0.99996392,0.9999576,0.99994836,0.99993808,0.99992572,0.99991024,0.99989192,0.99987096,0.9998448,0.99981304,0.99977272,0.999725,0.99966856,0.99959816,0.99951856,0.99941892,0.99930132,0.9991608,0.99899032,0.99878208,0.998531,0.99823476,0.99787104,0.99743224,0.99690868,0.99627416,0.99551424,0.99460804,0.9935052,0.9921818,0.99057492,0.98864844,0.98632128,0.98351732,0.98014348,0.9760788,0.97115592,0.96524204,0.95806516,0.9493984,0.93888684,0.92609244,0.91047556,0.89130424,0.86747956,0.8374622,0.79867964,0.74906,0.6952282,0.63309836,0.5673332,0.5069228,0.45003872,0.39265256,0.333975,0.27098152,0.14979812,0.04582092,0.0149404,0.00210576,0.0,0.0,0.0,0.0,0.0,0.0,0.0,0.0,0.0,0.0,0.0,0.0,0.0,0.0,0.0,0.0,0.0,0.0,0.0,0.0,0.0,0.0
1/0.2,1/0.6,0.0,0.05,0.5,0.99998992,0.9999882,0.99998572,0.99998284,0.99997984,0.99997512,0.99997,0.99996388,0.99995776,0.99995032,0.99994128,0.99992944,0.99991604,0.99990028,0.99988072,0.99985628,0.9998258,0.99979096,0.9997492,0.9997032,0.99964108,0.99956668,0.9994772,0.99937256,0.99924892,0.99908676,0.99889928,0.99867868,0.99841212,0.99808808,0.99769232,0.99721792,0.99665164,0.9959652,0.99514116,0.99414792,0.992951,0.99150656,0.98976608,0.98767488,0.98515612,0.98210912,0.9784404,0.97402104,0.96868016,0.96223392,0.95443256,0.94497112,0.93347392,0.91942796,0.90214216,0.88062144,0.8532302,0.81706144,0.76726284,0.68142368,0.64273772,0.58929108,0.5034948,0.48624952,0.46679732,0.44496008,0.42058548,0.3934738,0.36339328,0.33020132,0.29373384,0.25359744,0.20851324,0.15388348,0.07618352,0.01813888,0.0048828,0.00090868,0.0,0.0,0.0,0.0,0.0,0.0,0.0,0.0,0.0,0.0,0.0,0.0,0.0,0.0,0.0,0.0,0.0,0.0,0.0,0.0,0.0,0.0,0.0,0.0,0.0,0.0
1/0.2,1/0.6,45.0,0.05,0.5,0.9999912,0.99998924,0.999987,0.99998412,0.99998132,0.99997772,0.99997316,0.99996736,0.9999608,0.99995304,0.99994396,0.99993276,0.99991888,0.9999032,0.999882,0.9998588,0.99982936,0.99979356,0.99975224,0.99970192,0.99963856,0.99956368,0.99947452,0.99936724,0.99923828,0.9990824,0.99889236,0.99866788,0.9983976,0.99806988,0.99767316,0.99719684,0.99662256,0.99593176,0.99509712,0.9940986,0.99289084,0.9914358,0.9896808,0.98757156,0.985022,0.98195332,0.97824768,0.97378004,0.96837732,0.96184144,0.95390628,0.94422968,0.932376,0.91774348,0.89946708,0.87618956,0.84526296,0.80374268,0.75600496,0.71489576,0.68041112,0.640023,0.5834062,0.5697384,0.55395052,0.53577304,0.5149126,0.49108088,0.46398352,0.433273,0.39838476,0.35806864,0.30866124,0.22922872,0.1170188,0.01818612,0.00488688,0.0009506,0.0,0.0,0.0,0.0,0.0,0.0,0.0,0.0,0.0,0.0,0.0,0.0,0.0,0.0,0.0,0.0,0.0,0.0,0.0,0.0,0.0,0.0,0.0,0.0,0.0,0.0
1/0.2,1/0.6,90.0,0.05,0.5,0.99999132,0.99998976,0.99998816,0.99998564,0.99998268,0.99997924,0.99997428,0.99996764,0.99995984,0.99995228,0.99994312,0.99993144,0.9999166,0.9999,0.99988208,0.99985632,0.99982744,0.99979396,0.99975144,0.99969784,0.99963664,0.99956332,0.99947552,0.99937056,0.99923916,0.99908312,0.99889996,0.99867032,0.99840116,0.99806976,0.9976776,0.99720184,0.99662844,0.9959426,0.99511476,0.99411176,0.99290468,0.9914576,0.98970848,0.98760316,0.9850622,0.98200712,0.9783174,0.97386652,0.96849908,0.96200496,0.95415216,0.94463836,0.93306124,0.91890896,0.9014768,0.879727,0.85174916,0.81569164,0.76534868,0.6805426,0.64206732,0.58838916,0.50360196,0.48635908,0.46690916,0.44507212,0.42070028,0.39359208,0.36351268,0.33032588,0.29386492,0.25373444,0.20867436,0.15411044,0.076214,0.01817412,0.00488476,0.00094108,0.0,0.0,0.0,0.0,0.0,0.0,0.0,0.0,0.0,0.0,0.0,0.0,0.0,0.0,0.0,0.0,0.0,0.0,0.0,0.0,0.0,0.0,0.0,0.0,0.0,0.0
1/0.2,1/0.6,135.0,0.05,0.5,0.99999144,0.99999016,0.999988,0.99998532,0.99998252,0.99997848,0.99997364,0.99996828,0.99996092,0.99995296,0.99994376,0.99993188,0.999917,0.99989944,0.99988108,0.99985664,0.99982748,0.99979332,0.99975116,0.9996998,0.99963792,0.99956392,0.99947496,0.99936872,0.99923936,0.99908364,0.998899,0.99866936,0.998397,0.99807132,0.99767884,0.9972012,0.99663044,0.9959388,0.9951112,0.99410972,0.99290416,0.9914552,0.98970488,0.98759848,0.9850588,0.98199432,0.9782988,0.97383808,0.9684516,0.96192852,0.95400848,0.94435636,0.93252716,0.91792952,0.89969924,0.87648864,0.8457864,0.80408704,0.75617864,0.71529748,0.68068956,0.64016748,0.58349156,0.5698174,0.5540324,0.53585668,0.51499988,0.49116828,0.464077,0.4333692,0.39848904,0.35818004,0.30879728,0.22948688,0.11720456,0.01822668,0.00489812,0.0009554,0.0,0.0,0.0,0.0,0.0,0.0,0.0,0.0,0.0,0.0,0.0,0.0,0.0,0.0,0.0,0.0,0.0,0.0,0.0,0.0,0.0,0.0,0.0,0.0,0.0,0.0
1/0.2,1/0.6,180.0,0.05,0.5,0.99999096,0.99998928,0.99998688,0.99998384,0.99998044,0.99997676,0.99997268,0.99996688,0.99996124,0.99995376,0.99994484,0.9999354,0.9999218,0.9999052,0.99988156,0.99985748,0.99982896,0.99979228,0.9997516,0.9997044,0.99963988,0.99956564,0.99947864,0.99937072,0.99924464,0.99908852,0.99889704,0.9986766,0.9983996,0.99807792,0.99768644,0.9972118,0.99663892,0.99595104,0.99512884,0.99412724,0.99292636,0.99148152,0.9897358,0.98763976,0.98510136,0.98205672,0.978379,0.973941,0.96858488,0.96211876,0.95428836,0.94480024,0.9332602,0.91915684,0.9018014,0.8801644,0.85255736,0.81632112,0.76619768,0.68106692,0.64239304,0.58886556,0.50364172,0.48639028,0.46694456,0.445105,0.42073052,0.3936282,0.36354364,0.33034564,0.29389244,0.25376232,0.2086924,0.15409056,0.07641064,0.01823712,0.0049126,0.00091684,0.0,0.0,0.0,0.0,0.0,0.0,0.0,0.0,0.0,0.0,0.0,0.0,0.0,0.0,0.0,0.0,0.0,0.0,0.0,0.0,0.0,0.0,0.0,0.0,0.0,0.0
1/0.2,1/0.2,0.0,0.05,0.5,0.99999312,0.9999918,0.99999068,0.99998852,0.99998584,0.99998228,0.99997752,0.99997296,0.99996636,0.99995884,0.99995048,0.99993996,0.99992768,0.99991152,0.9998966,0.99987528,0.99985004,0.99981748,0.99978108,0.99973444,0.99968256,0.99961392,0.99953728,0.99944292,0.99933092,0.99919132,0.99902752,0.9988296,0.9985882,0.99829948,0.997952,0.99753216,0.9970288,0.99642196,0.99568712,0.99480432,0.99374192,0.99246196,0.99092032,0.98906016,0.98682032,0.98411796,0.98086092,0.9769272,0.97217596,0.96642864,0.95946492,0.95099064,0.94063292,0.92786916,0.91188992,0.89122816,0.86158156,0.81916884,0.77460328,0.72695236,0.67488712,0.61603388,0.54093888,0.42579572,0.31698584,0.229597,0.1454582,0.0784752,0.0399978,0.01803224,0.00667108,0.00183844,0.00033928,1.164e-05,0.0,0.0,0.0,0.0,0.0,0.0,0.0,0.0,0.0,0.0,0.0,0.0,0.0,0.0,0.0,0.0,0.0,0.0,0.0,0.0,0.0,0.0,0.0,0.0,0.0,0.0,0.0,0.0,0.0,0.0
1/0.2,1/0.2,45.0,0.05,0.5,0.99999144,0.99998988,0.99998792,0.99998512,0.99998196,0.9999784,0.99997384,0.99996852,0.9999614,0.9999522,0.99994268,0.999932,0.99991792,0.999902,0.9998822,0.99985808,0.9998294,0.99979508,0.99975304,0.99970452,0.99964404,0.99956948,0.99948036,0.99937452,0.99924688,0.99909316,0.99890692,0.99868516,0.99841424,0.99809068,0.99770204,0.99723156,0.996663,0.99598068,0.99515784,0.99416724,0.99297676,0.99153816,0.98980712,0.9877218,0.98520068,0.98216928,0.97851068,0.97409512,0.96875328,0.96228356,0.9543902,0.94471356,0.93275404,0.91781152,0.8987934,0.87376472,0.838363,0.79320624,0.75146976,0.71014604,0.66716144,0.61956628,0.54017476,0.43969716,0.35993508,0.26646088,0.14100724,0.07710308,0.0397078,0.01800688,0.00667272,0.0018578,0.00035492,0.0,0.0,0.0,0.0,0.0,0.0,0.0,0.0,0.0,0.0,0.0,0.0,0.0,0.0,0.0,0.0,0.0,0.0,0.0,0.0,0.0,0.0,0.0,0.0,0.0,0.0,0.0,0.0,0.0,0.0,0.0
1/0.2,1/0.2,90.0,0.05,0.5,0.99999244,0.99999096,0.99998944,0.99998704,0.99998488,0.99998168,0.999978,0.9999736,0.99996772,0.99996084,0.99995156,0.99994196,0.99992928,0.99991632,0.9998984,0.99987776,0.99984864,0.99981604,0.99977912,0.99973464,0.99968268,0.99961504,0.99953476,0.99944288,0.99932928,0.99919012,0.99902548,0.9988256,0.99858696,0.99829316,0.9979484,0.99752952,0.99702472,0.99641576,0.99568192,0.99479744,0.99373448,0.99245172,0.99090736,0.98904716,0.98680052,0.98409748,0.98083216,0.97689804,0.9721388,0.96638336,0.95940372,0.95091968,0.94054504,0.92775528,0.911745,0.89102752,0.86122784,0.818857,0.77435008,0.72679012,0.6748592,0.61622048,0.54165604,0.42686336,0.31796664,0.23027884,0.14586256,0.07870732,0.0401374,0.01811092,0.00670532,0.00185808,0.00034676,1.344e-05,0.0,0.0,0.0,0.0,0.0,0.0,0.0,0.0,0.0,0.0,0.0,0.0,0.0,0.0,0.0,0.0,0.0,0.0,0.0,0.0,0.0,0.0,0.0,0.0,0.0,0.0,0.0,0.0,0.0,0.0
1/0.2,1/0.2,135.0,0.05,0.5,0.99999048,0.99998864,0.99998652,0.99998432,0.99998164,0.99997804,0.9999732,0.99996716,0.99995996,0.99995292,0.99994348,0.99993192,0.99991912,0.99990196,0.99988216,0.99985924,0.999829,0.99979636,0.99975304,0.9997038,0.99964384,0.99957112,0.99948004,0.99937508,0.99924996,0.9990986,0.99891036,0.99868976,0.99842032,0.99809784,0.99770892,0.99724116,0.99667632,0.99599552,0.99517476,0.99418948,0.99300236,0.99156984,0.98984324,0.9877646,0.98525732,0.98223676,0.97859108,0.97419012,0.968869,0.96242368,0.95456116,0.94492256,0.93300972,0.91813288,0.89920324,0.8743056,0.83914404,0.7939634,0.75216904,0.71080676,0.66781412,0.62024452,0.54146372,0.4406086,0.36062544,0.26743596,0.14151468,0.077419,0.03990552,0.01811592,0.00672576,0.00187728,0.00036016,0.0,0.0,0.0,0.0,0.0,0.0,0.0,0.0,0.0,0.0,0.0,0.0,0.0,0.0,0.0,0.0,0.0,0.0,0.0,0.0,0.0,0.0,0.0,0.0,0.0,0.0,0.0,0.0,0.0,0.0,0.0
1/0.2,1/0.2,180.0,0.05,0.5,0.99999192,0.99999084,0.9999882,0.99998604,0.99998212,0.99997852,0.99997444,0.99996936,0.99996384,0.99995748,0.99994992,0.99994116,0.99993036,0.99991376,0.99989584,0.999873,0.99984904,0.99981976,0.99977864,0.99973596,0.99968124,0.9996178,0.99953996,0.99944404,0.99933072,0.99919092,0.99902828,0.99882712,0.99858912,0.99830108,0.99795084,0.99753164,0.9970314,0.99642364,0.9956906,0.99480928,0.99374544,0.992465,0.990925,0.98906608,0.98682752,0.98412784,0.98087548,0.97693904,0.97219372,0.96644884,0.95948836,0.95102032,0.94066884,0.92791264,0.91194576,0.89131076,0.86176004,0.81936044,0.77482,0.72722776,0.67525812,0.6165634,0.54192556,0.42713644,0.3182492,0.23057536,0.14635864,0.07898884,0.04030512,0.01820264,0.00674912,0.00187,0.00034648,1.308e-05,0.0,0.0,0.0,0.0,0.0,0.0,0.0,0.0,0.0,0.0,0.0,0.0,0.0,0.0,0.0,0.0,0.0,0.0,0.0,0.0,0.0,0.0,0.0,0.0,0.0,0.0,0.0,0.0,0.0,0.0
